time_s,macro_strain,force_N_per_1mm_b,W_path_N_mm,KE_IE_ratio,ALLWK,ALLIE,ALLSE,ALLKE,ALLAE,ALLVD,ALLDMD,ALLDC,ETOTAL,ITO:ALLIE,ITO:ALLSE,ITO:ALLKE,ITO:ALLAE,ITO:ALLVD,ITO:ALLDMD,PDMS:ALLIE,PDMS:ALLSE,PDMS:ALLKE,PDMS:ALLAE,PDMS:ALLVD,PDMS:ALLDMD,PDMS:ALLDC
2.8317503165453672e-05,0.01245907333213836,-0.0012104249721123228,1.0288638733712445e-06,0.009476415450432214,1.0289012379871565e-06,9.679512231741683e-07,7.163254878150838e-08,9.172707926552448e-09,1.1866170979146773e-07,4.1264033967536307e-08,7.77657021444611e-07,0.0,-1.0513222292729552e-08,7.783139039929665e-07,5.3669485522434e-10,1.0497518410090834e-09,1.2021422746144594e-10,3.193472863927127e-08,7.77657021444611e-07,1.8963734760291118e-07,7.10958545369067e-08,8.093573811152055e-09,1.1854149306600448e-07,9.329305328265036e-09,0.0,0.0
2.8320004275883548e-05,0.012460882135201246,0.0013032351781490092,1.028865552125094e-06,0.015626471550081004,1.0288982821293757e-06,9.620850960345706e-07,6.581433353858301e-08,1.5033995381941168e-08,1.1861001070201382e-07,4.1264804906404606e-08,7.776607731102558e-07,0.0,-1.0514328963040498e-08,7.784664717291889e-07,6.854422585078623e-10,1.7478977154539166e-09,1.202413169032468e-10,3.1935190492049514e-08,7.776607731102558e-07,1.836186527270911e-07,6.512889427767732e-08,1.3298763867908292e-08,1.1848976555484114e-07,9.329614414355092e-09,0.0,0.0
2.832250356732402e-05,0.012462690938264132,0.002825190956378121,1.0289402272234644e-06,0.007516233240105759,1.0289846841260442e-06,9.699139127405942e-07,7.360429066238794e-08,7.290099190981891e-09,1.186427098787135e-07,4.1265344918883784e-08,7.776669690429117e-07,0.0,-1.0515281978484836e-08,7.807079214217083e-07,2.920715225229742e-09,1.1572902358647497e-10,1.20256610225411e-10,3.193535746959242e-08,7.776669690429117e-07,1.8920603395145008e-07,7.068357632533662e-08,7.182829442342609e-09,1.1852245052068611e-07,9.329986561112946e-09,0.0,0.0
2.8325002858764492e-05,0.01246450119651854,0.0004018400997224947,1.0289986448195298e-06,0.014913429806427863,1.0290485761288437e-06,9.629063697502716e-07,6.654270379158334e-08,1.4360236555432948e-08,1.1870520921775096e-07,4.1265874273221925e-08,7.776584425300825e-07,0.0,-1.0516076898170468e-08,7.778145914016932e-07,3.590069561076881e-11,2.042327862383786e-09,1.2026420137534188e-10,3.193565589754144e-08,7.776584425300825e-07,1.8509174992686894e-07,6.650680006714538e-08,1.2290302109363438e-08,1.1858494985972357e-07,9.330219263858908e-09,0.0,0.0
2.8327503969194368e-05,0.012466309999581426,-0.0012664680363674852,1.0289830054029292e-06,0.011041123928829728,1.029025156640273e-06,9.665692459748243e-07,7.021476733370946e-08,1.067201083060354e-08,1.1869732219338403e-07,4.1266670081085977e-08,7.776571351314487e-07,0.0,-1.0517295478962296e-08,7.78698790782073e-07,9.213943497066168e-10,5.555733650908223e-10,1.2026966922373816e-10,3.1936014721622996e-08,7.776571351314487e-07,1.8787042677104182e-07,6.929337104111255e-08,1.0152706231281172e-08,1.1857705572992927e-07,9.330653583106141e-09,0.0,0.0
2.833000326063484e-05,0.012468118802644312,2.5794835613268674e-05,1.0289605640680736e-06,0.010056951299732927,1.0289962801834918e-06,9.674813554738648e-07,7.115220057585248e-08,9.72991287540026e-09,1.1867113869357127e-07,4.12670182470265e-08,7.776580446261505e-07,0.0,-1.0517973159096528e-08,7.785770890222921e-07,7.987552286259358e-10,9.779141940668978e-10,1.202693777901942e-10,3.193614617202911e-08,7.776580446261505e-07,1.889043090841369e-07,7.035344395944776e-08,8.721981359371966e-09,1.1855086512468915e-07,9.330872963175807e-09,0.0,0.0
2.833250255207531e-05,0.012469927605707198,0.0012610110713833222,1.0289838398527328e-06,0.014804569331922627,1.0290228829035186e-06,9.629793567000888e-07,6.665239027370262e-08,1.4256494651476714e-08,1.1866607962929265e-07,4.1267920636300914e-08,7.776609436405124e-07,0.0,-1.0519048743162784e-08,7.785001798765734e-07,7.189879802638188e-10,1.8096122378352675e-09,1.2027741302933492e-10,3.193661868294839e-08,7.776609436405124e-07,1.8447920524522488e-07,6.593339918481433e-08,1.2460532161640003e-08,1.1854580606041054e-07,9.331301953352522e-09,0.0,0.0
2.8335003662505187e-05,0.012471736408770084,0.0018145949044183207,1.0290394715078254e-06,0.008579069639781308,1.0290814316249453e-06,9.689800890555489e-07,7.263763990295047e-08,8.312947663569048e-09,1.1867564353451598e-07,4.126837893636548e-08,7.776668553560739e-07,0.0,-1.0519970672362433e-08,7.806689268363698e-07,2.881782146246792e-09,1.070764796273771e-10,1.2027870366360105e-10,3.1936792765918653e-08,7.776668553560739e-07,1.8831123327345267e-07,6.97558633078188e-08,8.212585278499773e-09,1.1855536996563387e-07,9.331586170446826e-09,0.0,0.0
2.833750295394566e-05,0.01247354521183297,0.0012919806279839685,1.0290956633412063e-06,0.01255689828027666,1.029141117214749e-06,9.652309245211654e-07,6.886040893050449e-08,1.2120306536189673e-08,1.1871144778297094e-07,4.1269046846537094e-08,7.776591246511089e-07,0.0,-1.0520741611230733e-08,7.78062542394764e-07,2.83140733081666e-10,2.249415986810277e-09,1.2029172102856478e-10,3.193712316829078e-08,7.776591246511089e-07,1.8716842475896556e-07,6.857726475573145e-08,9.853973637063973e-09,1.1859116000323411e-07,9.331921901889473e-09,0.0,0.0
2.834000224538613e-05,0.012475354014895856,-0.0008187668147363603,1.0291042228471544e-06,0.011269384748818926,1.0291529406458721e-06,9.664697699918179e-07,7.006367752637743e-08,1.0891519686140327e-08,1.1874855232463233e-07,4.126983199626011e-08,7.776575330353808e-07,0.0,-1.0521795879014917e-08,7.789790856804757e-07,1.2012629779789563e-09,6.792718609816006e-10,1.2030872131862935e-10,3.1937531730363844e-08,7.776575330353808e-07,1.8749065588963276e-07,6.886241266101933e-08,1.0231819835837541e-08,1.1862825033404079e-07,9.332300265896265e-09,0.0,0.0
2.8342503355816007e-05,0.012477162817958742,-0.001186755306612941,1.0290679469015965e-06,0.00979453983267999,1.029105192174029e-06,9.678328751761e-07,7.145595759538992e-08,9.479477647289514e-09,1.187199174523812e-07,4.127021568933742e-08,7.776569646011922e-07,0.0,-1.0522610338625782e-08,7.782772399878013e-07,4.999262670501992e-10,1.1166486624247796e-09,1.2031471652296233e-10,3.193765962805628e-08,7.776569646011922e-07,1.8955563518829877e-07,7.095603393736383e-08,8.349656077655254e-09,1.1859960125093494e-07,9.332557837637978e-09,0.0,0.0
2.834500264725648e-05,0.012478971621021628,0.0015832532951751688,1.0290751187693579e-06,0.012730653901142516,1.0291065564160817e-06,9.650264019001042e-07,6.869843360846062e-08,1.2285417128055087e-08,1.1866695359685764e-07,4.12711571584623e-08,7.776610004839313e-07,0.0,-1.052353315600385e-08,7.78587320837687e-07,8.059942713245505e-10,1.88659754485343e-09,1.2031974028214876e-10,3.193816411339867e-08,7.776610004839313e-07,1.8643906685156253e-07,6.789244366700586e-08,1.0400987626724145e-08,1.1854663028998402e-07,9.332993045063631e-09,0.0,0.0
2.834750193869695e-05,0.012480778968892992,0.002853644775440922,1.0291553089521918e-06,0.010496959294909203,1.0292013712387416e-06,9.672520491221803e-07,7.088067377480911e-08,1.0153205387553044e-08,1.1870348970433042e-07,4.127157282596272e-08,7.776678785376134e-07,0.0,-1.0524534133082852e-08,7.809211979292741e-07,3.133006742928046e-09,1.7134642316118942e-10,1.2031456386729644e-10,3.193833819636893e-08,7.776678785376134e-07,1.8633083698205155e-07,6.774767058459474e-08,9.985702043024958e-09,1.1858317350288416e-07,9.33323551777221e-09,0.0,0.0
2.8350003049126826e-05,0.012482587771955878,0.00034467887441014256,1.0292131603283313e-06,0.012561313657768618,1.0292642400600016e-06,9.653406323195668e-07,6.891250592389042e-08,1.2125946469154769e-08,1.1877011729666265e-07,4.127234376483102e-08,7.776579877827317e-07,0.0,-1.0525337934552681e-08,7.776888537591731e-07,-8.945736512666613e-11,2.4303321577434644e-09,1.203222799173176e-10,3.193869702045049e-08,7.776579877827317e-07,1.87651764349539e-07,6.900196325432262e-08,9.684516300012547e-09,1.1864979398978903e-07,9.33364763255895e-09,0.0,0.0
2.8352502340567298e-05,0.01248439511982724,-0.0014103729683792032,1.0291938995288086e-06,0.01172141422668366,1.029235477290058e-06,9.661118838266702e-07,6.969429477976519e-08,1.1324197579654083e-08,1.1876049654802046e-07,4.127302588585735e-08,7.776571351314487e-07,0.0,-1.0526397531407383e-08,7.790093263793096e-07,1.2318494002627745e-09,4.937372177771238e-10,1.2034008511907501e-10,3.1939094924382516e-08,7.776571351314487e-07,1.8710260007992474e-07,6.846244104963262e-08,1.0844644293683814e-08,1.1864015903029212e-07,9.333929185117995e-09,0.0,0.0
2.835500163200777e-05,0.012486203922890127,2.7121011964226227e-05,1.0291688792250536e-06,0.011027302519164887,1.0292055776517373e-06,9.667442100180779e-07,7.036262417159378e-08,1.0660580862520419e-08,1.1872369753973544e-07,4.1273519713058704e-08,7.776578740958939e-07,0.0,-1.052723597183558e-08,7.783600040056626e-07,5.817874515479105e-10,1.505347846375571e-09,1.2036142915672343e-10,3.1939244138357026e-08,7.776578740958939e-07,1.883841775907058e-07,6.978083888498077e-08,9.14278697194959e-09,1.1860333160029768e-07,9.334274686523258e-09,0.0,0.0
2.8357502742437646e-05,0.01248801127076149,0.0016399666849391537,1.0291990092990574e-06,0.013273535634783904,1.0292374099662993e-06,9.64630771704833e-07,6.825436571489263e-08,1.2804060922633198e-08,1.187141194236574e-07,4.1274436313187834e-08,7.776622510391462e-07,0.0,-1.0528168559176265e-08,7.790042104716122e-07,1.2215811695526213e-09,1.6912167222216112e-09,1.2037490448868482e-10,3.193979836169092e-08,7.776622510391462e-07,1.8562653281151142e-07,6.703277932729179e-08,1.1119353438004964e-08,1.1859374637879228e-07,9.334637951496916e-09,0.0,0.0
2.8360002033878118e-05,0.012489820073824376,0.0018916082713493765,1.0292628885350348e-06,0.00989092768369671,1.0293066452504718e-06,9.679289405539748e-07,7.152743108918003e-08,9.573715153976536e-09,1.1873468253043029e-07,4.12748271116925e-08,7.776668553560739e-07,0.0,-1.0529173088968946e-08,7.804929964549956e-07,2.705799140301224e-09,4.1822953433801047e-10,1.2038132990443984e-10,3.1939929812097034e-08,7.776668553560739e-07,1.8743592988812452e-07,6.882163461341406e-08,9.159180969220415e-09,1.1861430238013781e-07,9.334896411417049e-09,0.0,0.0
2.836250132531859e-05,0.012491627421695739,0.0007376841710078352,1.0293104089960236e-06,0.012266429422488666,1.0293582590747974e-06,9.657069313107058e-07,6.926605067292257e-08,1.1845775915730883e-08,1.1878289285505161e-07,4.1275679762975415e-08,7.776579309393128e-07,0.0,-1.0529952909621443e-08,7.777546784382139e-07,-2.364336677829204e-11,2.665413445512854e-09,1.2039168273414447e-10,3.1940398770302636e-08,7.776579309393128e-07,1.879521960290731e-07,6.928969042974131e-08,9.17125220212256e-09,1.1866250559933178e-07,9.335282769029618e-09,0.0,0.0
2.8365002435748465e-05,0.012493434769567102,-0.0011721526693451167,1.0293025566388672e-06,0.011278439960339368,1.0293474588252138e-06,9.666380265116459e-07,7.018054759555525e-08,1.0902168945392532e-08,1.1880008798925701e-07,4.127624819716402e-08,7.77657419348543e-07,0.0,-1.0530979643874616e-08,7.79497611347324e-07,1.719756226314928e-09,2.010762112369946e-10,1.2039755303838717e-10,3.194073272538844e-08,7.77657419348543e-07,1.8714048621859547e-07,6.846079259048565e-08,1.0712838616200315e-08,1.1867969362810982e-07,9.335516359954e-09,0.0,0.0
2.8367501727188937e-05,0.012495242117438465,-0.0005876805609545954,1.0292707503304399e-06,0.010207693679740297,1.0293064178767963e-06,9.67620508163236e-07,7.121229117501571e-08,9.87717374556496e-09,1.1875118133275464e-07,4.127684505306206e-08,7.77657021444611e-07,0.0,-1.0531847394190663e-08,7.776776556056575e-07,-9.981524634605776e-11,2.1958523888088166e-09,1.2040642094479637e-10,3.1940963651777565e-08,7.77657021444611e-07,1.8994288097928802e-07,7.131210821853529e-08,7.67369190413092e-09,1.1863077276075273e-07,9.335884953998175e-09,0.0,0.0
2.837000101862941e-05,0.012497049465309829,0.002197598465399686,1.0292998471474166e-06,0.012485344363934172,1.0293341574652004e-06,9.654695531935431e-07,6.908231853230973e-08,1.2054219844515046e-08,1.1872270277990538e-07,4.1277662177208185e-08,7.776645816193195e-07,0.0,-1.0532710703614612e-08,7.7983412438698e-07,2.049130864989479e-09,1.020426076969727e-09,1.2041842523125013e-10,3.1941500111543064e-08,7.776645816193195e-07,1.8563547143912729e-07,6.703319144207853e-08,1.103462921037135e-08,1.1860228710247611e-07,9.33616384202196e-09,0.0,0.0
2.8372502129059285e-05,0.012498856813181192,0.002388973931061411,1.0293827424659925e-06,0.010403955314162213,1.0294307912772638e-06,9.675526371211163e-07,7.110968169854459e-08,1.00663744007079e-08,1.1877762773337963e-07,4.127806718656757e-08,7.776652637403458e-07,0.0,-1.0533790728572967e-08,7.799779382366978e-07,2.192210635243441e-09,9.90220350161053e-10,1.2043252506366287e-10,3.194159603481239e-08,7.776652637403458e-07,1.8757467046270904e-07,6.891747261761338e-08,9.07946340333865e-09,1.1865719784509565e-07,9.336469375398337e-09,0.0,0.0
2.8375001420499757e-05,0.012500664161052555,-0.00041004119267418204,1.0294185086647155e-06,0.011686493011001954,1.0294696721757646e-06,9.663627906775218e-07,6.987115597212323e-08,1.1293391999345204e-08,1.1883450667937723e-07,4.127893049599152e-08,7.776570782880299e-07,0.0,-1.0534578542831241e-08,7.776197890052572e-07,-1.5776194239869312e-10,2.1131738581203763e-09,1.2045099639923507e-10,3.194211117829582e-08,7.776570782880299e-07,1.8874297325055522e-07,7.002891777574405e-08,9.175498583147146e-09,1.1871405547481118e-07,9.3368193176957e-09,0.0,0.0
2.837750071194023e-05,0.012502471508923918,-0.0014306506315895362,1.0293852409602112e-06,0.011668317252550573,1.0294228331986233e-06,9.663323226050125e-07,6.986918066331782e-08,1.1275472111549334e-08,1.1880609918080154e-07,4.127937103248769e-08,7.776570782880299e-07,0.0,-1.0535670114109053e-08,7.790893050696468e-07,1.3117664732220646e-09,1.279681360877305e-10,1.2047010611304643e-10,3.1942299472120794e-08,7.776570782880299e-07,1.8724304595707508e-07,6.855741219169431e-08,1.114989967021529e-08,1.1868562665995341e-07,9.337069784010055e-09,0.0,0.0
2.8380001822370104e-05,0.012504278856795281,0.0007729503005440286,1.0293733540272782e-06,0.010796508623760099,1.0294079402228817e-06,9.671493899077177e-07,7.073078478470052e-08,1.0441836728602993e-08,1.1876061023485818e-07,4.128004604808666e-08,7.776579877827317e-07,0.0,-1.0536616912304453e-08,7.77820389430417e-07,4.189109822916315e-11,2.0854009630255632e-09,1.2048340103376631e-10,3.194260145278349e-08,7.776579877827317e-07,1.8932902889901015e-07,7.06888911850001e-08,8.358128411600774e-09,1.186401306085827e-07,9.337447259838427e-09,0.0,0.0
2.8382501113810576e-05,0.012506086204666644,0.00221264281963629,1.0294273140809834e-06,0.011593727208429647,1.029469103741576e-06,9.664461231295718e-07,7.000191004635781e-08,1.1204712713208664e-08,1.1877936856308224e-07,4.128067132569413e-08,7.776648658364138e-07,0.0,-1.053757170410563e-08,7.799625905136054e-07,2.177265923108962e-09,4.803625830440694e-10,1.2049147790627046e-10,3.1942981593147124e-08,7.776648658364138e-07,1.8648351840511168e-07,6.782464367915964e-08,1.0721122656320858e-08,1.186588818313794e-07,9.337688844368586e-09,0.0,0.0
2.838500040525105e-05,0.012507892097346485,0.001125426990050915,1.0294875960393245e-06,0.01159327492953598,1.0295336778654018e-06,9.665088782639941e-07,7.00256919117237e-08,1.1205003147551906e-08,1.1882131190077416e-07,4.128110475676294e-08,7.77661909978633e-07,0.0,-1.053867126898922e-08,7.788615903336904e-07,1.0791755267192116e-09,1.2193613896371858e-09,1.205096716860865e-10,3.194308817455749e-08,7.77661909978633e-07,1.8764731635201315e-07,6.894651960465126e-08,9.98587168510312e-09,1.1870080385278925e-07,9.338013917670196e-09,0.0,0.0
2.8387501515680924e-05,0.012509699445217848,-8.165408822505271e-05,1.0295064606466476e-06,0.011354798833783415,1.029551981446275e-06,9.667533049650956e-07,7.025585802011847e-08,1.0977289299773929e-08,1.1884000628015201e-07,4.128180464135767e-08,7.77657419348543e-07,0.0,-1.0539594086367288e-08,7.778712642902974e-07,9.332731115696546e-11,1.3136048915285414e-09,1.2053195941330586e-10,3.1943510947485265e-08,7.77657419348543e-07,1.8888199804223404e-07,7.016252823177638e-08,9.66712132566272e-09,1.1871947691588502e-07,9.338291917515562e-09,0.0,0.0
2.8390000807121396e-05,0.012511505337897688,-0.00044379002712524596,1.0294969716898319e-06,0.010981776888637844,1.0295385663994239e-06,9.670952749729622e-07,7.060596374230954e-08,1.0620424539808937e-08,1.1883182082783605e-07,4.1282163465439226e-08,7.776575330353808e-07,0.0,-1.0540659012292508e-08,7.78596700001799e-07,8.186200051163439e-10,2.901236750840752e-10,1.2054597597899175e-10,3.194360687075459e-08,7.776575330353808e-07,1.8849861760372733e-07,6.978734035101297e-08,1.0326763444368225e-08,1.1871127725271435e-07,9.338557482863052e-09,0.0,0.0
2.8392500098561868e-05,0.012513312685769051,0.00015766133095151957,1.0294918003489322e-06,0.012383361930726805,1.029530722007621e-06,9.657470627644216e-07,6.928338791567512e-08,1.1959195411748169e-08,1.1880570127686951e-07,4.128276387405094e-08,7.776580446261505e-07,0.0,-1.0541619133164204e-08,7.776241659485095e-07,-1.5442659651032642e-10,1.4383566560027816e-09,1.2056465548138107e-10,3.1943894640562576e-08,7.776580446261505e-07,1.8812295365933096e-07,6.943781727386522e-08,1.0517778648022613e-08,1.1868513638546574e-07,9.338869233488367e-09,0.0,0.0
2.8395001208991744e-05,0.012515118578448892,0.0017306968646906284,1.0295259020713564e-06,0.011488157094130905,1.029565055432613e-06,9.666343885328388e-07,7.016742387122576e-08,1.1104847708054422e-08,1.1880371175720938e-07,4.12831901996924e-08,7.776632742206857e-07,0.0,-1.0542671624591549e-08,7.793283316459565e-07,1.5444786560792068e-09,1.716338876578405e-10,1.2057578546720293e-10,3.194409003981491e-08,7.776632742206857e-07,1.8730608530859172e-07,6.862294554821347e-08,1.0942733830177076e-08,1.186831326549509e-07,9.33910015987749e-09,0.0,0.0
2.8397500500432216e-05,0.012516924471128732,0.0016897345136894781,1.0295876713912374e-06,0.01070447389786555,1.0296337222825969e-06,9.674503189671668e-07,7.094618581504619e-08,1.0356046686865739e-08,1.1884394268690812e-07,4.1283641394329607e-08,7.776602046760672e-07,0.0,-1.0543679707097908e-08,7.784108788655431e-07,6.301007493547672e-10,9.568218439781617e-10,1.2058680443072234e-10,3.1944217937507347e-08,7.776602046760672e-07,1.8903944010162377e-07,7.031608362240149e-08,9.388954502753677e-09,1.1872335647922228e-07,9.339426121357519e-09,0.0,0.0
2.8399999791872688e-05,0.012518731819000095,-0.0004993805145323826,1.0296091852289028e-06,0.013015551742308179,1.029658960760571e-06,9.652667358750477e-07,6.873128910456217e-08,1.2563479145910605e-08,1.1887830453360948e-07,4.1284121010676245e-08,7.776570782880299e-07,0.0,-1.0544678907820071e-08,7.777133532727021e-07,-6.4355680506889e-11,6.450337486363367e-10,1.206114097485056e-10,3.194447373289222e-08,7.776570782880299e-07,1.8755333996978152e-07,6.879564296013996e-08,1.1925204823626245e-08,1.187576899042142e-07,9.339644613248765e-09,0.0,0.0
2.8402500902302563e-05,0.012520537711679935,-0.0009521072889260851,1.0295829729169114e-06,0.009107399590701287,1.029620989356772e-06,9.689659918876714e-07,7.245910893516339e-08,8.824760477921245e-09,1.1884992545674322e-07,4.1284479834757803e-08,7.776569646011922e-07,0.0,-1.0545786466309437e-08,7.778228905408469e-07,4.531773567517661e-11,2.9316252203592796e-10,1.2063228194136855e-10,3.194454123445212e-08,7.776569646011922e-07,1.9114308713596984e-07,7.241379762490396e-08,8.536042983564585e-09,1.1872928951106587e-07,9.339942153019365e-09,0.0,0.0
2.8405005650711246e-05,0.012522347969934344,0.0012265667436166527,1.029587941341845e-06,0.012117705770160877,1.0296229220330133e-06,9.66084598985617e-07,6.960912912745698e-08,1.1706728919591569e-08,1.1881623862564084e-07,4.1284980767386514e-08,7.776592383379466e-07,0.0,-1.0546678197442816e-08,7.779716497680056e-07,1.9180917965044841e-10,7.93889898265121e-10,1.2063974819120915e-10,3.194476860812756e-08,7.776592383379466e-07,1.8811292079590203e-07,6.941731811593854e-08,1.0898851598994952e-08,1.1869559557453613e-07,9.340212159258954e-09,0.0,0.0
2.8407504942151718e-05,0.012524153862614185,0.001962061618293376,1.02964552454802e-06,0.012449055482157894,1.0296923846908612e-06,9.658353974373313e-07,6.931971086032718e-08,1.2023738449329358e-08,1.1885348527584938e-07,4.128533959146807e-08,7.776621941957274e-07,0.0,-1.0547877238309411e-08,7.789443543515517e-07,1.1615018946642408e-09,1.7017770526095433e-10,1.2065416721274147e-10,3.194486808411057e-08,7.776621941957274e-07,1.8689104308577953e-07,6.815820796646221e-08,1.1866385207781605e-08,1.1873282801388996e-07,9.340471507357506e-09,0.0,0.0
2.8410006052581593e-05,0.012525959755294025,0.00022951005422933157,1.0296851019804274e-06,0.009506925832032283,1.0297322887709015e-06,9.686883686299552e-07,7.213758834723194e-08,9.209248474917331e-09,1.1889218853866623e-07,4.128579433881896e-08,7.776586130603391e-07,0.0,-1.0548850681857402e-08,7.778300528116233e-07,5.075791523201367e-11,6.801030294489863e-10,1.2067602472853878e-10,3.194501019265772e-08,7.776586130603391e-07,1.9085834424004133e-07,7.208682717418924e-08,8.523716843455986e-09,1.1877150996042474e-07,9.340783257982821e-09,0.0,0.0
2.8412505344022065e-05,0.012527765647973865,-0.0003240878098997868,1.029683394007661e-06,0.01398986526869695,1.029724330692261e-06,9.643964631322888e-07,6.785983686086183e-08,1.3491776584828585e-08,1.1887937745314048e-07,4.128618158460995e-08,7.776572488182865e-07,0.0,-1.0549861428899021e-08,7.776596362418786e-07,-1.1832673729728072e-10,4.152842236759824e-10,1.206970356992798e-10,3.194517717020062e-08,7.776572488182865e-07,1.8673684110126487e-07,6.797816354264796e-08,1.3069610282911981e-08,1.1875867755861691e-07,9.341005302587746e-09,0.0,0.0
2.8415004635462537e-05,0.012529571540653706,0.0006435403433115994,1.0296891629775774e-06,0.010470151394019576,1.0297302424078225e-06,9.677598882262828e-07,7.122670098169692e-08,1.0132592542788643e-08,1.188750502478797e-07,4.1286604357537726e-08,7.776581583129882e-07,0.0,-1.0551097773259244e-08,7.780590749462135e-07,2.8017368980393087e-10,2.287584427440592e-10,1.207064448394135e-10,3.1945255329901556e-08,7.776581583129882e-07,1.8970087012348813e-07,7.094652687555936e-08,9.918649901408116e-09,1.1875434324792877e-07,9.34135080399301e-09,0.0,0.0
2.8417505745892413e-05,0.012531375978142023,0.000623824611612811,1.029712031785938e-06,0.011576641744654163,1.0297543440174195e-06,9.667238600741257e-07,7.017927572405824e-08,1.1191415794087334e-08,1.1888563733464252e-07,4.128703068317918e-08,7.776590109642711e-07,0.0,-1.0551980622608426e-08,7.777528026053915e-07,-2.6913207773482384e-11,5.67914715254858e-10,1.2071900423737958e-10,3.194542586015814e-08,7.776590109642711e-07,1.8897111431215308e-07,7.020619108288884e-08,1.0609460865396159e-08,1.1876491612383688e-07,9.341604823021044e-09,0.0,0.0
2.8420005037332885e-05,0.012533181870821863,0.0007311561093068519,1.0297365012835903e-06,0.012424381567513815,1.0297775361323147e-06,9.659357829150395e-07,6.939003327488535e-08,1.2001154736651642e-08,1.188851044275907e-07,4.128740016540178e-08,7.776606594234181e-07,0.0,-1.055318232801028e-08,7.783131650285213e-07,5.317976614627185e-10,8.622724062545828e-11,1.207339367370608e-10,3.194548980900436e-08,7.776606594234181e-07,1.876226036756634e-07,6.885823466973306e-08,1.1924023546328044e-08,1.1876436900593035e-07,9.34191213275426e-09,0.0,0.0
2.8422504328773357e-05,0.012534987763501704,0.0012106393910280566,1.0297715680263883e-06,0.009910966344016945,1.029813347486197e-06,9.683737971499795e-07,7.181268557587828e-08,9.597520111981339e-09,1.1890225692923195e-07,4.128784425461163e-08,7.776588972774334e-07,0.0,-1.0554212614977132e-08,7.779077009217872e-07,1.2804973748004045e-10,4.637824846387417e-10,1.2075550281931413e-10,3.194562125941047e-08,7.776588972774334e-07,1.9046613886075647e-07,7.168463156403959e-08,9.13452424811112e-09,1.1878150019128952e-07,9.342223883379575e-09,0.0,0.0
2.8425005439203233e-05,0.012536792200990021,0.00019999067714898677,1.02979702196416e-06,0.012032369593364749,1.0298429060640046e-06,9.663717719377019e-07,6.978218181075135e-08,1.1627742324549217e-08,1.1893192208844994e-07,4.128815334070168e-08,7.776577035656373e-07,0.0,-1.055522336201875e-08,7.777476298542751e-07,-3.081700866713888e-11,2.177978492001742e-10,1.2076693811646777e-10,3.1945702971825085e-08,7.776577035656373e-07,1.8862415629428142e-07,6.981300515462863e-08,1.1403893829253775e-08,1.1881115113965279e-07,9.342449480698178e-09,0.0,0.0
2.8427504730643705e-05,0.012538598093669862,-0.00035928072131241606,1.0297941453569127e-06,0.01131872167217989,1.0298351753590396e-06,9.670445706433384e-07,7.046624261874967e-08,1.0945708339704652e-08,1.1892095841403716e-07,4.128858321905682e-08,7.776573625051242e-07,0.0,-1.0556356677682288e-08,7.775277026667027e-07,-2.5042112827833307e-10,1.9444090781917112e-10,1.2077049083014657e-10,3.194577757881234e-08,7.776573625051242e-07,1.8951685376578098e-07,7.071666630054096e-08,1.0754447110628007e-08,1.1880018746524001e-07,9.342806528422898e-09,0.0,0.0
2.8430004022084177e-05,0.012540402531158179,0.00105333205130409,1.0298066690792992e-06,0.012107628371688902,1.0298424513166538e-06,9.662966249379679e-07,6.974028821105094e-08,1.169956043156617e-08,1.1889711259982505e-07,4.128893493771102e-08,7.776592383379466e-07,0.0,-1.0557334562122378e-08,7.778739927744027e-07,9.398853223485659e-11,2.994695325053698e-10,1.2077683297917474e-10,3.1945880607509025e-08,7.776592383379466e-07,1.8842263216356514e-07,6.964629761796459e-08,1.1397563781656572e-08,1.1877633454560055e-07,9.343055218380414e-09,0.0,0.0
2.8432505132514052e-05,0.01254220842383802,0.0016039620183416758,1.0298546569583849e-06,0.011419214841261379,1.0298991810486768e-06,9.670089866631315e-07,7.04214926372515e-08,1.1042483372136758e-08,1.1892704065985527e-07,4.1289304419933615e-08,7.776604888931615e-07,0.0,-1.0558427021578609e-08,7.783150977047626e-07,5.338314790215293e-10,9.226983760379781e-11,1.2078701927542568e-10,3.194591968735949e-08,7.776604888931615e-07,1.8869391738007835e-07,6.988766187987494e-08,1.0953452367346017e-08,1.188062555002034e-07,9.343382956217283e-09,0.0,0.0
2.8435004423954524e-05,0.012544012861326337,0.00024015755360234925,1.0298879329432704e-06,0.011100459446754125,1.029934196594695e-06,9.673470913185156e-07,7.072639363059352e-08,1.0737997158116741e-08,1.1896290175172908e-07,4.128968100758357e-08,7.776578172524751e-07,0.0,-1.055943243954971e-08,7.775081485306146e-07,-2.7047400430468826e-10,2.9532931655751327e-10,1.207927230462147e-10,3.194601205791514e-08,7.776578172524751e-07,1.8983897120961046e-07,7.099686882838796e-08,1.0443055309394822e-08,1.1884210948664986e-07,9.343671614203686e-09,0.0,0.0
2.8437503715394996e-05,0.012545817298814654,-0.00012323621040977173,1.0298900427158188e-06,0.011154139869493063,1.0299282848791336e-06,9.67288542597089e-07,7.068815932598227e-08,1.078927169828603e-08,1.1894299944970044e-07,4.1289951013823156e-08,7.77657419348543e-07,0.0,-1.05604689437655e-08,7.774788741699012e-07,-2.9934940637410534e-10,9.685145047066968e-11,1.2080560163330034e-10,3.194604403233825e-08,7.77657419348543e-07,1.8980969684889715e-07,7.0987510980558e-08,1.0691330487588857e-08,1.188221929737665e-07,9.343907869663326e-09,0.0,0.0
2.844000482582487e-05,0.012547621736302972,0.0009479853229277246,1.0299049247979897e-06,0.011357271957886788,1.0299449968442786e-06,9.671093721408397e-07,7.051947648051282e-08,1.0983724152424656e-08,1.1893136786511604e-07,4.129031694333207e-08,7.776585562169203e-07,0.0,-1.056153475786914e-08,7.777722998980607e-07,-7.103234667127367e-12,1.4493721500752343e-10,1.2082887468345405e-10,3.194609732304343e-08,7.776585562169203e-07,1.893371148753431e-07,7.052658190787042e-08,1.08389990316482e-08,1.1881053296747268e-07,9.34422139664548e-09,0.0,0.0
2.8442504117265344e-05,0.01254942617379129,0.0009036338090646356,1.0299383361077481e-06,0.011094485316368375,1.0299819450665382e-06,9.673959766587359e-07,7.077824193402193e-08,1.0732760458154189e-08,1.1895886586898996e-07,4.1290579844144304e-08,7.776588972774334e-07,0.0,-1.0562583696582806e-08,7.778043027428794e-07,2.455309393301075e-11,1.1286395429355167e-10,1.2084205858187147e-10,3.194613285018022e-08,7.776588972774334e-07,1.8959171654842066e-07,7.075369268250142e-08,1.0621937107657686e-08,1.1883802386591924e-07,9.344445217607245e-09,0.0,0.0
2.8445003408705816e-05,0.012551230611279607,0.00019221094546595374,1.0299581099413127e-06,0.010847102302486342,1.0300005897079245e-06,9.676498393673683e-07,7.102111965195945e-08,1.049619680060232e-08,1.1897053298071114e-07,4.129091735194379e-08,7.776582151564071e-07,0.0,-1.056363529983173e-08,7.776057486807986e-07,-1.7331983070967283e-10,1.1475882050193675e-10,1.2085414613505208e-10,3.194616127188965e-08,7.776582151564071e-07,1.9004411910827912e-07,7.119444234149341e-08,1.0378448322967415e-08,1.188496767667857e-07,9.344757856410979e-09,0.0,0.0
2.844750451913569e-05,0.012553035048767924,0.0005344407715012212,1.0299712219173032e-06,0.012144694718728465,1.0300125268258853e-06,9.664197477832204e-07,6.979515632110633e-08,1.1736872806977772e-08,1.1896689500190405e-07,4.12911838054697e-08,7.776577035656373e-07,0.0,-1.0564709107541148e-08,7.775607855364797e-07,-2.1778148728834879e-10,8.037998044940764e-11,1.208769057070569e-10,3.194619679902644e-08,7.776577035656373e-07,1.88858948035886e-07,7.00129376696168e-08,1.1655613363359407e-08,1.1884601747169654e-07,9.344985230086422e-09,0.0,0.0
2.8450003810576163e-05,0.012554839486256242,0.0007020984524181983,1.0299935344946174e-06,0.01083329485795006,1.0300356052539428e-06,9.676950867287815e-07,7.106095978315352e-08,1.0483326207122445e-08,1.1897619600631515e-07,4.129144315356825e-08,7.776578740958939e-07,0.0,-1.056580067881896e-08,7.776185952934611e-07,-1.601862115174768e-10,8.133902579254837e-11,1.2089423906402885e-10,3.1946211009881154e-08,7.776578740958939e-07,1.900764488027562e-07,7.122114453750328e-08,1.0406110639848976e-08,1.1885530426525293e-07,9.345232143687099e-09,0.0,0.0
2.8452503102016635e-05,0.01255664392374456,0.00040518852323326304,1.0300135147959094e-06,0.01206350582114762,1.0300566373189213e-06,9.665382094681263e-07,6.990011058860546e-08,1.165983931628034e-08,1.1898003293708825e-07,4.1291762897799345e-08,7.776580446261505e-07,0.0,-1.0566843400283688e-08,7.77599836965237e-07,-1.7913011352010955e-10,2.4496137757124004e-11,1.2091176671003012e-10,3.1946235878876905e-08,7.776580446261505e-07,1.8893835829203454e-07,7.007923841229058e-08,1.162613294525272e-08,1.1885911987974396e-07,9.34552701892244e-09,0.0,0.0
2.845500421244651e-05,0.012558448361232877,0.0006932377804495515,1.0300333352119145e-06,0.01245242178805592,1.0300745998392813e-06,9.661832791607594e-07,6.954114439849945e-08,1.2031321716676757e-08,1.1898437435320375e-07,4.129199027147479e-08,7.776578172524751e-07,0.0,-1.0567948294237794e-08,7.775814196975261e-07,-1.9729291811376726e-10,1.0941865469238365e-10,1.2092833678867265e-10,3.19462536424453e-08,7.776578172524751e-07,1.886018878849427e-07,6.973844079993796e-08,1.1931703625123191e-08,1.1886344708500474e-07,9.345736629029489e-09,0.0,0.0
2.8457503503886983e-05,0.012560251343529671,0.0007077090330709357,1.0300585940349499e-06,0.009606665580268578,1.0301009751856327e-06,9.689315447758418e-07,7.227475862237043e-08,9.308201320834542e-09,1.1899892626843211e-07,4.129231356841956e-08,7.776578740958939e-07,0.0,-1.0568922625964206e-08,7.776932307024254e-07,-8.558623948440314e-11,3.522683186818476e-11,1.2095201229467278e-10,3.194627140601369e-08,7.776578740958939e-07,1.912383140734164e-07,7.236034349489273e-08,9.272962842032939e-09,1.1887797768395103e-07,9.346042162405865e-09,0.0,0.0
2.8460002795327455e-05,0.012562055781017989,0.00042197289945833383,1.0300789784392392e-06,0.012311612162371855,1.0301226893716375e-06,9.663627906775218e-07,6.970044097442951e-08,1.1897483886968985e-08,1.1900479535142949e-07,4.129250896767189e-08,7.776575898787996e-07,0.0,-1.0569920938507948e-08,7.775183235025906e-07,-2.6022256571778257e-10,1.0539393663355767e-10,1.2097504942243376e-10,3.1946296275009445e-08,7.776575898787996e-07,1.888444813857859e-07,6.996066304054693e-08,1.1783479081373116e-08,1.1888381834523898e-07,9.346214469019287e-09,0.0,0.0
2.846250390575733e-05,0.012563858763314784,0.0007242669572935512,1.0300996449409353e-06,0.011782537056431315,1.0301398560841335e-06,9.668837037679623e-07,7.02255533724383e-08,1.1392343068905575e-08,1.189998997119801e-07,4.129283581733034e-08,7.776582151564071e-07,0.0,-1.057101339796418e-08,7.777105679451779e-07,-6.864862844846442e-11,5.171420583427455e-11,1.2099139745647136e-10,3.194631759129152e-08,7.776582151564071e-07,1.8917310740107496e-07,7.029419890614008e-08,1.1349506223723438e-08,1.1887890849493488e-07,9.346520002395664e-09,0.0,0.0
2.8465003197197802e-05,0.012565663200803101,0.0010394241599400722,1.0301314696446327e-06,0.010489449947927254,1.0301743031959631e-06,9.681538131189882e-07,7.149033365294599e-08,1.0155400964606542e-08,1.1900471719172856e-07,4.1293095165428895e-08,7.776587835905957e-07,0.0,-1.0571986841512171e-08,7.778662620694377e-07,8.644681498415352e-11,4.498211525483242e-11,1.2100469237719125e-10,3.194633180214623e-08,7.776587835905957e-07,1.9028759368211468e-07,7.140388191828606e-08,1.0106149694877331e-08,1.1888371176382861e-07,9.346762475104242e-09,0.0,0.0
2.8467502488638274e-05,0.012567466183099896,0.0005300863360564456,1.0301597676410218e-06,0.012413637456544373,1.0302060218236875e-06,9.663438049756223e-07,6.965839105532723e-08,1.1995841653344996e-08,1.1902773167093983e-07,4.129336872438216e-08,7.776577035656373e-07,0.0,-1.0573018904835862e-08,7.775574317747669e-07,-2.2125583309939856e-10,1.2838610730092626e-10,1.2100723201236008e-10,3.1946353118428306e-08,7.776577035656373e-07,1.8878637320085545e-07,6.987964695781557e-08,1.1868360516587018e-08,1.1890672624303988e-07,9.347015605953857e-09,0.0,0.0
2.847000359906815e-05,0.01256926916539669,-4.6028767817552635e-05,1.0301684951132835e-06,0.010039204403209979,1.0302102282366832e-06,9.686183375379187e-07,7.192855377979868e-08,9.724157479240603e-09,1.1903253493983357e-07,4.12936813631859e-08,7.776572488182865e-07,0.0,-1.0574008335595408e-08,7.774713139951928e-07,-3.069285936518895e-10,2.03762839934285e-11,1.2101661339691816e-10,3.19463708819967e-08,7.776572488182865e-07,1.9114700933187123e-07,7.223548692536497e-08,9.706996983993577e-09,1.1891151530107891e-07,9.347311369367617e-09,0.0,0.0
2.8472502890508622e-05,0.012571073602885008,0.0005190992204120448,1.0301770313738762e-06,0.01214943576755924,1.0302175041942974e-06,9.666049436418689e-07,6.992628698299086e-08,1.1743704675382105e-08,1.1902087493353974e-07,4.1293866104297194e-08,7.776577604090562e-07,0.0,-1.0574984443678659e-08,7.775832386869297e-07,-1.9557098995814926e-10,9.671242279241099e-11,1.2103058832924063e-10,3.194639219827877e-08,7.776577604090562e-07,1.890217049549392e-07,7.012186387100883e-08,1.1640154617964527e-08,1.1889984108393037e-07,9.347473017840002e-09,0.0,0.0
2.8475002181949094e-05,0.012572876585181803,0.0011013387185323242,1.030206247583046e-06,0.010886293298641443,1.0302485407009954e-06,9.678420838099555e-07,7.11535363961957e-08,1.053621279112349e-08,1.1903000540769426e-07,4.1294192953955644e-08,7.776585562169203e-07,0.0,-1.057604492871178e-08,7.778481290188211e-07,6.852614309327265e-11,6.083265141620942e-11,1.2103483493230982e-10,3.1946413514560845e-08,7.776585562169203e-07,1.8999398321284389e-07,7.1085011654759e-08,1.0484295209778338e-08,1.1890897155808489e-07,9.347781215751638e-09,0.0,0.0
2.847750329237897e-05,0.012574679567478597,0.0005917879288712107,1.030236774356761e-06,0.010676111885537326,1.030280145641882e-06,9.680735502115567e-07,7.137126800671467e-08,1.0335261535487916e-08,1.1904379704219537e-07,4.129437414235326e-08,7.776584993735014e-07,0.0,-1.0576987286015083e-08,7.777226755933953e-07,-5.685631826457538e-11,8.985567151453822e-11,1.2104146851488196e-10,3.194643127812924e-08,7.776584993735014e-07,1.9035087461816147e-07,7.14281256364302e-08,1.0238587755395656e-08,1.1892275608715863e-07,9.347941976045604e-09,0.0,0.0
2.848000258381944e-05,0.012576482549775392,0.0002791780541393507,1.0302524777192457e-06,0.011830792907848529,1.0302956070518121e-06,9.669827250036178e-07,7.027441029094916e-08,1.1440172364984846e-08,1.1905082430985203e-07,4.129468322844332e-08,7.776575330353808e-07,0.0,-1.0578047771048205e-08,7.774843311381119e-07,-2.94235275033472e-10,1.6853841933173186e-10,1.2106093905117632e-10,3.194646325255235e-08,7.776575330353808e-07,1.8949840807636065e-07,7.056864603782742e-08,1.127649085219673e-08,1.1892976203853323e-07,9.34821997589097e-09,0.0,0.0
2.8482501875259914e-05,0.012578285532072186,0.00038260492593700235,1.0302644095492196e-06,0.01009178542200362,1.0303054978066939e-06,9.686560815680423e-07,7.194072537686225e-08,9.775469322903518e-09,1.1905787289379077e-07,4.129491415483244e-08,7.776575330353808e-07,0.0,-1.0578985687459408e-08,7.775981316626712e-07,-1.8047188743430809e-10,3.078680366197517e-11,1.2109876990074042e-10,3.194648101612074e-08,7.776575330353808e-07,1.9105796411622578e-07,7.212119612631795e-08,9.740886319775655e-09,1.1893677509533518e-07,9.348432250533278e-09,0.0,0.0
2.848500298568979e-05,0.012580088514368981,0.0004133793817674425,1.0302787610053728e-06,0.012329218784331466,1.0303202770955977e-06,9.665286597737577e-07,6.981498046343404e-08,1.191654330767733e-08,1.1905557784075427e-07,4.129515218664892e-08,7.776580446261505e-07,0.0,-1.0580003539928384e-08,7.775473704896285e-07,-2.3182075703509497e-10,2.4121118991082824e-10,1.2112315317391875e-10,3.194651654325753e-08,7.776580446261505e-07,1.8898126086241973e-07,7.004680213640313e-08,1.1676557498674356e-08,1.189344587260166e-07,9.34863475521297e-09,0.0,0.0
2.848750227713026e-05,0.012581891496665776,0.0009282117871332041,1.0303029496566434e-06,0.01031552473847595,1.0303439239578438e-06,9.684771384854685e-07,7.17664292437803e-08,9.990349880695248e-09,1.1905135721690385e-07,4.129545061459794e-08,7.776593520247843e-07,0.0,-1.0580975207119536e-08,7.77984155320155e-07,2.0362528330153395e-10,5.7119770718871976e-11,1.2114198533197396e-10,3.1946559175821676e-08,7.776593520247843e-07,1.9049302579787764e-07,7.156280901199352e-08,9.934914224629665e-09,1.1893021678588411e-07,9.348892326954683e-09,0.0,0.0
2.8490001568570733e-05,0.012583693023771048,0.001063972042587763,1.0303388393883225e-06,0.011662675871358231,1.0303807584932656e-06,9.672227179180481e-07,7.049866468378241e-08,1.1280405054492348e-08,1.1906508490255874e-07,4.1295646013850273e-08,7.776590109642711e-07,0.0,-1.0581964637879082e-08,7.778382951073581e-07,5.816648204759467e-11,2.361031092856791e-10,1.2115766723219679e-10,3.1946587597531106e-08,7.776590109642711e-07,1.8938442281069e-07,7.044049965543309e-08,1.1039623437625323e-08,1.1894393026068428e-07,9.349061969032846e-09,0.0,0.0
2.849250267900061e-05,0.012585496006067842,0.00022256981505996976,1.0303620355102568e-06,0.011172506286913516,1.0304074749001302e-06,9.677166872279486e-07,7.09696976741725e-08,1.0811820772005376e-08,1.1908942099125852e-07,4.129598707436344e-08,7.776575330353808e-07,0.0,-1.0583002030273292e-08,7.775392418807314e-07,-2.395113551934003e-10,2.332090076606619e-10,1.211728078986951e-10,3.1946651546377325e-08,7.776575330353808e-07,1.9017744534721714e-07,7.120920741954251e-08,1.0586376220089733e-08,1.18968245033102e-07,9.349334639807694e-09,0.0,0.0
2.849500197044108e-05,0.012587298988364637,-0.00015259054512739567,1.030363297224105e-06,0.010846143613444914,1.030403836921323e-06,9.68024437497661e-07,7.128164014602589e-08,1.0499332070423861e-08,1.1908559116591277e-07,4.12961611573337e-08,7.776571919748676e-07,0.0,-1.0583889320514572e-08,7.775067842885619e-07,-2.7161234372741205e-10,6.738668650863033e-11,1.211933886580141e-10,3.19466728626594e-08,7.776571919748676e-07,1.9051765320909908e-07,7.155325221219755e-08,1.0421254970083282e-08,1.1896440099690153e-07,9.349487406495882e-09,0.0,0.0
2.8497501261881553e-05,0.012589100515469909,0.0006420348474946991,1.0303721146958774e-06,0.012492236416878053,1.0304095212632092e-06,9.66454990702914e-07,6.973051114300688e-08,1.2073184230132483e-08,1.1906596597555108e-07,4.1296441821714325e-08,7.776584993735014e-07,0.0,-1.058499154993342e-08,7.776213806209853e-07,-1.5832204991461651e-10,2.928011999525637e-10,1.212107775261373e-10,3.194673325879194e-08,7.776584993735014e-07,1.8883358166021935e-07,6.988883427538894e-08,1.179030828524219e-08,1.1894475449025776e-07,9.349708562922388e-09,0.0,0.0
2.8500002372311428e-05,0.012590903497766703,0.0012863241311649176,1.0304068826668812e-06,0.009616412559410894,1.0304498800906003e-06,9.692465710031684e-07,7.251033906641169e-08,9.32067489856081e-09,1.1907606278782623e-07,4.1296651431821374e-08,7.776602046760672e-07,0.0,-1.0585898380099934e-08,7.781451927257876e-07,3.6374811496209247e-10,1.7199389482080996e-11,1.2123434200983496e-10,3.1946768785928725e-08,7.776602046760672e-07,1.9110142090994486e-07,7.214659092369402e-08,9.299373715521142e-09,1.1895482998625084e-07,9.34988086953581e-09,0.0,0.0
2.85025016637519e-05,0.012592705024871975,0.000696605381119042,1.0304426056795235e-06,0.012479612546228544,1.0304864872523467e-06,9.665407105785562e-07,6.977963806775733e-08,1.2062053578176801e-08,1.1910252339930594e-07,4.129686814735578e-08,7.776585562169203e-07,0.0,-1.0586903798071035e-08,7.776421853122883e-07,-1.375957264793115e-10,3.0753996571597497e-10,1.21251814144685e-10,3.1946800760351834e-08,7.776585562169203e-07,1.888984968445584e-07,6.991723466853728e-08,1.1751997597286845e-08,1.1898126928144848e-07,9.350066498825527e-09,0.0,0.0
2.8505000955192372e-05,0.012594506551977247,2.1748600109172678e-06,1.0304551943949738e-06,0.010722026404090151,1.0304979696229566e-06,9.68231461229152e-07,7.146438463223603e-08,1.0381403292569757e-08,1.191094511909796e-07,4.1297177233445836e-08,7.776575898787996e-07,0.0,-1.0587934973216306e-08,7.775777248753002e-07,-2.0114220011802075e-10,1.7690875153686392e-10,1.2128301141167697e-10,3.194687181462541e-08,7.776575898787996e-07,1.906536937212877e-07,7.1665525069875e-08,1.0210444933989038e-08,1.1898816865141271e-07,9.350307195177265e-09,0.0,0.0
2.8507502065622248e-05,0.012596309534274042,0.00026364530428346633,1.0304599870854774e-06,0.011685628032680494,1.0305013802280882e-06,9.673115073383087e-07,7.054895689861951e-08,1.1303642466486963e-08,1.1910486108490659e-07,4.129734421098874e-08,7.776577035656373e-07,0.0,-1.0588869336913831e-08,7.776972097417456e-07,-8.180604110785694e-11,9.787969046382017e-11,1.2132080062787765e-10,3.1946886025480126e-08,7.776577035656373e-07,1.8961429759656312e-07,7.063076168378757e-08,1.119764814205837e-08,1.1898354301820291e-07,9.350459073687034e-09,0.0,0.0
2.851000135706272e-05,0.012598111061379313,0.0006988600590518979,1.0304773268804876e-06,0.011568153050127879,1.0305171826985315e-06,9.674381544755306e-07,7.067691143447519e-08,1.1191472637506195e-08,1.1910250918845122e-07,4.129769237692926e-08,7.77658669903758e-07,0.0,-1.0589930710125373e-08,7.776291113259504e-07,-1.5094687999539502e-10,2.948755961629246e-10,1.213477235362248e-10,3.1946949974326344e-08,7.77658669903758e-07,1.8980901472787082e-07,7.082785913326006e-08,1.0905408132089178e-08,1.1898115559461075e-07,9.350741514424499e-09,0.0,0.0
2.8512500648503192e-05,0.012599912588484585,0.0010115544233751939,1.030508140461001e-06,0.010810746625688135,1.0305501518814708e-06,9.681945130068925e-07,7.142924118852534e-08,1.046690556449903e-08,1.1910503161516317e-07,4.1297887776181597e-08,7.776602615194861e-07,0.0,-1.0590850862968182e-08,7.78067033024854e-07,2.853929592649962e-10,1.8196697620931346e-11,1.2136823490660475e-10,3.194698550146313e-08,7.776602615194861e-07,1.9012750840374792e-07,7.11438516987073e-08,1.0440640352271657e-08,1.1898366381046799e-07,9.350902274718464e-09,0.0,0.0
2.8515001758933067e-05,0.012601714115589857,0.0010371008584311916,1.0305450475411964e-06,0.012223529185939691,1.0305883506589453e-06,9.668796110418043e-07,7.00968811884195e-08,1.181868114485951e-08,1.1912378994338724e-07,4.129816488784854e-08,7.776589541208523e-07,0.0,-1.059189180807607e-08,7.777905466355151e-07,1.0208758317864497e-11,2.1178671316679498e-10,1.2138655358651107e-10,3.194701392317256e-08,7.776589541208523e-07,1.8908907861714397e-07,7.008667779473399e-08,1.1614194050935112e-08,1.1900240082240998e-07,9.35115007649756e-09,0.0,0.0
2.851750105037354e-05,0.012603515642695129,0.00027964637361937994,1.0305687690994898e-06,0.009380757434589007,1.0306127933290554e-06,9.6962571660697e-07,7.282698533117582e-08,9.095823649829526e-09,1.1914087139075491e-07,4.129841002509238e-08,7.776578740958939e-07,0.0,-1.0592843935341989e-08,7.77583125000092e-07,-1.96130639507075e-10,1.0217978546611661e-10,1.2140716210140567e-10,3.194705655573671e-08,7.776578740958939e-07,1.9204257739602326e-07,7.302311644252768e-08,8.993346511942946e-09,1.1901946095349558e-07,9.351354357534092e-09,0.0,0.0
2.852000034181401e-05,0.0126053171698004,1.851269987995785e-05,1.0305741405160158e-06,0.01236026954267361,1.0306165449947002e-06,9.667745644037495e-07,6.998254775680834e-08,1.194959420303121e-08,1.1913443387356892e-07,4.129861252977207e-08,7.776575898787996e-07,0.0,-1.0593801391678426e-08,7.774898449497414e-07,-2.8917365724190347e-10,8.605410828366189e-11,1.214191108767082e-10,3.19470743193051e-08,7.776575898787996e-07,1.8928473366486287e-07,7.027172443940799e-08,1.1857730797260047e-08,1.1901301633088224e-07,9.351540875002229e-09,0.0,0.0
2.8522501452243887e-05,0.012607118696905673,0.0008419356122205124,1.030589641725585e-06,0.00979384419119247,1.0306285957994987e-06,9.69242250903335e-07,7.246084265943864e-08,9.49260758886794e-09,1.1912261754787323e-07,4.129891095772109e-08,7.776587835905957e-07,0.0,-1.0594849442213672e-08,7.777443329359812e-07,-3.5900209888195533e-11,1.6971778149521555e-10,1.214340433763894e-10,3.194711695186925e-08,7.776587835905957e-07,1.9149793217820843e-07,7.24967463838766e-08,9.334407025107794e-09,1.1900118579433183e-07,9.351791341316584e-09,0.0,0.0
2.852500074368436e-05,0.012608918768819422,0.0012173947490765613,1.0306267111530302e-06,0.011379591531392595,1.030670546242618e-06,9.677629577709013e-07,7.096790000105102e-08,1.1012747158645197e-08,1.191351088891679e-07,4.12990601716956e-08,7.776599773023918e-07,0.0,-1.0595721633421817e-08,7.78067033024854e-07,2.8560062648175233e-10,4.0872551870796414e-11,1.2144234229349848e-10,3.194713471543764e-08,7.776599773023918e-07,1.8969596737861139e-07,7.06823044538396e-08,1.0954862794676501e-08,1.1901367003019914e-07,9.3519227917227e-09,0.0,0.0
2.852750003512483e-05,0.012610720295924693,0.0005199534366332331,1.0306580099515087e-06,0.011709075765213794,1.0307039701729082e-06,9.674795364844613e-07,7.065654017424094e-08,1.132829119399048e-08,1.1916485220808681e-07,4.129938346864037e-08,7.776581014695694e-07,0.0,-1.0596834520981702e-08,7.775527706144203e-07,-2.2679433331340704e-10,2.2201838978386235e-10,1.2144850403128515e-10,3.194717024257443e-08,7.776581014695694e-07,1.8992673744833155e-07,7.088333120464085e-08,1.112484504517397e-08,1.190434062436907e-07,9.352210561530683e-09,0.0,0.0
2.8530001145554706e-05,0.012612521823029965,0.00012233665300364314,1.030669580981568e-06,0.009284454640045268,1.0307104503226583e-06,9.69809093476215e-07,7.298888959894612e-08,9.004148537883339e-09,1.1916257847133238e-07,4.129956110432431e-08,7.776575898787996e-07,0.0,-1.0597672073231479e-08,7.775058747938601e-07,-2.731772030806212e-10,4.436588249556728e-11,1.2146238181909297e-10,3.194719866428386e-08,7.776575898787996e-07,1.9230317604979064e-07,7.326206485913644e-08,8.944824436696308e-09,1.1904111829608155e-07,9.352362440040451e-09,0.0,0.0
2.853250043699518e-05,0.012614321894943714,0.000631580816725652,1.0306831520381934e-06,0.013580427350165743,1.0307245474905358e-06,9.657112514105393e-07,6.89014996169135e-08,1.3114771491018473e-08,1.1915152242636395e-07,4.12998311105639e-08,7.776582151564071e-07,0.0,-1.0598747657297736e-08,7.776124562042241e-07,-1.6723009088615015e-10,1.3731073222889023e-10,1.2147499672821027e-10,3.1947216427852254e-08,7.776582151564071e-07,1.880987809954604e-07,6.906872584977464e-08,1.2982969366248653e-08,1.1903004804025841e-07,9.352612906354807e-09,0.0,0.0
2.853499972843565e-05,0.012616123422048986,0.0008832855245538562,1.0307104427659402e-06,0.008551164546172163,1.0307528555131285e-06,9.705537422632915e-07,7.373101595931075e-08,8.299364750996574e-09,1.1916368691800017e-07,4.130009756408981e-08,7.7765906780769e-07,0.0,-1.0599680244638421e-08,7.777692871968611e-07,-1.1251437281867283e-11,1.0252650811670705e-10,1.2149328765254097e-10,3.194725550770272e-08,7.7765906780769e-07,1.9278445506643038e-07,7.374226385081784e-08,8.203050683164292e-09,1.1904219121561255e-07,9.35284294456551e-09,0.0,0.0
2.8537500838865526e-05,0.012617923493962735,0.0006987202109320911,1.0307389200068587e-06,0.013105036848712899,1.030780822475208e-06,9.662176125857513e-07,6.938922325616659e-08,1.2662317416811675e-08,1.191692291513391e-07,4.130027875248743e-08,7.776591246511089e-07,0.0,-1.0600608391087007e-08,7.777588848512096e-07,-2.1759174323454644e-11,9.169397185981865e-11,1.2151399331195023e-10,3.194726616584376e-08,7.776591246511089e-07,1.8845869931283232e-07,6.941098007473556e-08,1.2553511119506311e-08,1.190477121326694e-07,9.353014363000511e-09,0.0,0.0
2.854000558727421e-05,0.012619727931451052,0.0006514457075545051,1.0307632829068463e-06,0.010361290384799292,1.030806970447884e-06,9.688659474704764e-07,7.20251449592979e-08,1.0038701425685304e-08,1.1918275788502797e-07,4.1300584285863806e-08,7.776579877827317e-07,0.0,-1.0601735489501607e-08,7.775660719744337e-07,-2.1342978773208898e-10,1.3357101535937943e-10,1.2153250628088585e-10,3.1947298140266867e-08,7.776579877827317e-07,1.9129980444176908e-07,7.223857778626552e-08,9.929417288390141e-09,1.190612195500762e-07,9.35328614559694e-09,0.0,0.0
2.854250487871468e-05,0.012621528003364801,0.0004350543363773607,1.03078284068898e-06,0.009893399207302742,1.0308250466550817e-06,9.693317224446218e-07,7.248284816796513e-08,9.589985694447023e-09,1.191912986087118e-07,4.130074415797935e-08,7.776575898787996e-07,0.0,-1.06025241919383e-08,7.775140034027572e-07,-2.651603658865298e-10,3.9605780460805207e-11,1.2155428052995632e-10,3.19473087984079e-08,7.776575898787996e-07,1.9181774746357405e-07,7.274800850609608e-08,9.527372668571843e-09,1.1906974606290532e-07,9.35343358321461e-09,0.0,0.0
2.8545005989144556e-05,0.012623329530470073,0.00046260447988338144,1.0307990122558676e-06,0.01393434510954999,1.030840053317661e-06,9.654820587456925e-07,6.864513579785125e-08,1.3453360203641296e-08,1.1917880726741714e-07,4.130102482235998e-08,7.776581014695694e-07,0.0,-1.0603673494813393e-08,7.775221888550732e-07,-2.574807866917439e-10,9.239210785327856e-11,1.215766515239025e-10,3.19473265619763e-08,7.776581014695694e-07,1.8795984146890987e-07,6.890261516900864e-08,1.3371712626053522e-08,1.1905722629990123e-07,9.35370003674052e-09,0.0,0.0
2.8547505280585028e-05,0.012625129602383822,0.0009592526808432922,1.0308246067072715e-06,0.008079469968027444,1.0308663149771746e-06,9.711144457469345e-07,7.427204451460057e-08,7.846089999929973e-09,1.1918375975028539e-07,4.130122022161231e-08,7.776586130603391e-07,0.0,-1.060459720036988e-08,7.777233577144216e-07,-5.682417383856553e-11,1.8432002452106744e-11,1.2159880047324378e-10,3.194734077283101e-08,7.776586130603391e-07,1.9339103118909406e-07,7.43288666171793e-08,7.834499271552886e-09,1.190621574664874e-07,9.353881225138139e-09,0.0,0.0
2.85500045720255e-05,0.012626929674297571,0.0007258220658834524,1.030854939264513e-06,0.013290913926612264,1.0308974651707103e-06,9.66149514169956e-07,6.928876672418482e-08,1.2841010033071143e-08,1.1920250386765474e-07,4.1301451148001433e-08,7.776582151564071e-07,0.0,-1.0605496925109037e-08,7.775955737088225e-07,-1.8424423098295506e-10,9.36990623978673e-11,1.216050315999695e-10,3.194734787825837e-08,7.776582151564071e-07,1.8855391203942418e-07,6.947301045556742e-08,1.2724563624999519e-08,1.190808944784294e-07,9.354102381564644e-09,0.0,0.0
2.8552505682455376e-05,0.01262872974621132,0.00023869385508355767,1.0308723012447099e-06,0.011418598078367042,1.030915541377908e-06,9.679544064056245e-07,7.108293686997058e-08,1.1052682324930174e-08,1.192139080785637e-07,4.130168917981791e-08,7.776575898787996e-07,0.0,-1.0606679090585658e-08,7.774530104143196e-07,-3.262272674220412e-10,2.4019302172217927e-11,1.2161317786141268e-10,3.1947365641826764e-08,7.776575898787996e-07,1.9050146704557847e-07,7.140916125081276e-08,1.1055621307320962e-08,1.1909229868933835e-07,9.354325314347989e-09,0.0,0.0
2.8555004973895848e-05,0.01263052981812507,0.0005204317816371873,1.0308859660520865e-06,0.010035898153953952,1.0309255458196276e-06,9.692885214462876e-07,7.242403654572627e-08,9.727680883031553e-09,1.1920667475351365e-07,4.130188102635657e-08,7.776577604090562e-07,0.0,-1.0607469569379191e-08,7.774905270707677e-07,-2.888551342561385e-10,8.171619630958915e-11,1.2163305085355347e-10,3.19473762999678e-08,7.776577604090562e-07,1.9179793753210106e-07,7.271289348409482e-08,9.622866947722741e-09,1.1908504404800624e-07,9.354507390924027e-09,0.0,0.0
2.855750426533632e-05,0.012632328434847295,0.0009767076871385894,1.0309128938529268e-06,0.01461949383982448,1.0309533990948694e-06,9.649356798036024e-07,6.807582764167819e-08,1.4106871226715612e-08,1.1920096198991814e-07,4.1302190112446624e-08,7.776589541208523e-07,0.0,-1.0608645517606874e-08,7.777922519380809e-07,1.1695044238591024e-11,2.284313016520656e-11,1.2165379814632615e-10,3.1947394063536194e-08,7.776589541208523e-07,1.8714344207637623e-07,6.806413210824758e-08,1.4095152600646088e-08,1.1907930996812865e-07,9.35479604891043e-09,0.0,0.0
2.8560005375766195e-05,0.012634128506761044,0.0007554551064616888,1.0309440740288749e-06,0.007752714608027966,1.0309892104487517e-06,9.71545091488224e-07,7.46641362070477e-08,7.53211182313862e-09,1.1922286091703427e-07,4.13023784062716e-08,7.776581583129882e-07,0.0,-1.0609570111341782e-08,7.776105803714017e-07,-1.6921933299052228e-10,1.3240936125313851e-10,1.2166723184492412e-10,3.194740472167723e-08,7.776581583129882e-07,1.9393453953853168e-07,7.483335906499633e-08,7.407521707136766e-09,1.1910118757896271e-07,9.35497190823753e-09,0.0,0.0
2.8562504667206667e-05,0.012635928578674793,3.308599540627344e-05,1.030958268335778e-06,0.01438373190052657,1.0310005791325239e-06,9.652042081143009e-07,6.83109462329412e-08,1.3883238558776156e-08,1.1923602016850054e-07,4.130267328150694e-08,7.776572488182865e-07,0.0,-1.0610454737047803e-08,7.774226560286479e-07,-3.563273287543467e-10,6.040277306107456e-11,1.2169056040622905e-10,3.194743669610034e-08,7.776572488182865e-07,1.877816089290718e-07,6.866727630949754e-08,1.3797142095484105e-08,1.1911433261957427e-07,9.355236585406601e-09,0.0,0.0
2.856500395864714e-05,0.01263772719539702,0.0002191854918973668,1.030962805732934e-06,0.010356710955528417,1.0310025118087651e-06,9.690518254501512e-07,7.216889486016953e-08,1.0036189657114392e-08,1.1922539044917357e-07,4.130287933890031e-08,7.776574761919619e-07,0.0,-1.0611715062225358e-08,7.774640948809974e-07,-3.1509569953236394e-10,9.466473438468626e-11,1.2171189056608966e-10,3.1947447354241376e-08,7.776574761919619e-07,1.9158767372573493e-07,7.24839921417697e-08,9.979808979210247e-09,1.1910368158396523e-07,9.355433761015775e-09,0.0,0.0
2.8567505069077015e-05,0.012639527267310768,0.0011145367265630313,1.030986813691996e-06,0.008446425443375217,1.0310276365999016e-06,9.709114010547637e-07,7.403185264820422e-08,8.200730761132036e-09,1.192210135059213e-07,4.130312092343047e-08,7.776584993735014e-07,0.0,-1.0612374978791195e-08,7.778015742587741e-07,2.1334961575192324e-11,1.2037722207924872e-10,1.217196066161108e-10,3.194748643409184e-08,7.776584993735014e-07,1.9310982679598965e-07,7.40105221552767e-08,8.049740429783014e-09,1.1909929753528559e-07,9.355635377517046e-09,0.0,0.0
2.8570004360517487e-05,0.012641325884032995,0.0009773817254816741,1.0310244392870897e-06,0.014691430771299755,1.0310673133062664e-06,9.649735375205637e-07,6.807783137219303e-08,1.4176841922619587e-08,1.1923667386781744e-07,4.130335540253327e-08,7.776589541208523e-07,0.0,-1.0613598000475122e-08,7.778866120133898e-07,1.0588090126883998e-10,6.422684606377516e-11,1.2172815533340042e-10,3.194750419766024e-08,7.776589541208523e-07,1.8708689708546444e-07,6.797194629371006e-08,1.4124447389463057e-08,1.1911494368632702e-07,9.355852981229873e-09,0.0,0.0
2.857250365195796e-05,0.012643125955946743,0.0003794777276084904,1.031048863733014e-06,0.006788804191272142,1.0310931202184292e-06,9.725723657538765e-07,7.566102055989177e-08,6.60260335294538e-09,1.192538405803134e-07,4.130356145992664e-08,7.776575330353808e-07,0.0,-1.0614527035102128e-08,7.774676191729668e-07,-3.116637226074914e-10,2.942931454086306e-10,1.2174086738703238e-10,3.194754683022438e-08,7.776575330353808e-07,1.9510478921347385e-07,7.597268592007822e-08,6.317044665138383e-09,1.1913209618796827e-07,9.356014629702258e-09,0.0,0.0
2.8575004762387834e-05,0.01264492457266897,0.0002769388516176696,1.0310606701513754e-06,0.014421014461794203,1.0311023288522847e-06,9.652630978962407e-07,6.83480507746026e-08,1.392007309419796e-08,1.1925759224595822e-07,4.13038527824483e-08,7.77657419348543e-07,0.0,-1.0615329948393537e-08,7.776554866723018e-07,-1.2368041313326472e-10,2.4040843968342607e-11,1.2175079000531497e-10,3.194758946278853e-08,7.77657419348543e-07,1.8760758280222944e-07,6.847173494861636e-08,1.3867069270645516e-08,1.1913584785361309e-07,9.356260655124515e-09,0.0,0.0
2.8577504053828306e-05,0.012646723189391196,0.0004065894908360512,1.0310729642064439e-06,0.010257256042576107,1.03111403859657e-06,9.692515732240281e-07,7.233985144239341e-08,9.94186155622856e-09,1.192540253214247e-07,4.130406239255535e-08,7.776576467222185e-07,0.0,-1.0616602708068967e-08,7.774901291668357e-07,-2.8932453655095003e-10,3.484359190064623e-10,1.2176758212856242e-10,3.1947628542638995e-08,7.776576467222185e-07,1.9176144405719242e-07,7.262917733896757e-08,9.631714092961374e-09,1.191322596127975e-07,9.356436514451616e-09,0.0,0.0
2.858000334526878e-05,0.012648523261304945,0.000993485554191098,1.0310981665641007e-06,0.009814860616769155,1.0311397318218951e-06,9.697006362330285e-07,7.27928011201584e-08,9.517476584619544e-09,1.1924829834697448e-07,4.130436792593173e-08,7.776595793984598e-07,0.0,-1.0617205781215944e-08,7.780504347465467e-07,2.6909161010557625e-10,1.533901478056876e-10,1.217819456389435e-10,3.194771025505361e-08,7.776595793984598e-07,1.9165021569733653e-07,7.25237114806987e-08,9.328871009017803e-09,1.191265113220652e-07,9.356658559056541e-09,0.0,0.0
2.8582504455698654e-05,0.012650321878027171,0.0013176858240405345,1.0311397356789888e-06,0.015176421886135614,1.0311820233255276e-06,9.646195167078986e-07,6.769847971099807e-08,1.463947274515931e-08,1.1926132970074832e-07,4.130457043061142e-08,7.776597499287163e-07,0.0,-1.06184030457257e-08,7.781052886457474e-07,3.237842771675048e-10,2.1452516152375978e-10,1.2179551811541955e-10,3.194773157133568e-08,7.776597499287163e-07,1.8651422806215123e-07,6.737469959716691e-08,1.4441255302699574e-08,1.1913952846498432e-07,9.356836194740481e-09,0.0,0.0
2.8585003747139126e-05,0.012652120494749397,0.0005586059293891665,1.0311734829762238e-06,0.007626390680729803,1.0312199947293266e-06,9.718838782646344e-07,7.493848386275204e-08,7.4119661519489455e-09,1.1928763399282616e-07,4.130484398956469e-08,7.776577604090562e-07,0.0,-1.061928944778856e-08,7.775605581628042e-07,-2.1900810331931808e-10,4.196036018644378e-10,1.2181164410485223e-10,3.194782038917765e-08,7.776577604090562e-07,1.9432332010183018e-07,7.515749445019537e-08,7.000708013293888e-09,1.191658256516348e-07,9.357021824030198e-09,0.0,0.0
2.8587503038579598e-05,0.012653919111471623,-0.00020385527512878365,1.0311798635808135e-06,0.013859006315199368,1.0312232916476205e-06,9.659115676186047e-07,6.896215154483798e-08,1.3386574515550365e-08,1.1929232357488218e-07,4.130509978494956e-08,7.776570782880299e-07,0.0,-1.062008792018787e-08,7.775572044010914e-07,-2.2170189295511733e-10,4.4066195137304476e-11,1.2182377329139626e-10,3.1947866574455475e-08,7.776570782880299e-07,1.883543632175133e-07,6.918385508924985e-08,1.3315656133272569e-08,1.191705010228361e-07,9.357234098672507e-09,0.0,0.0
2.8590004149009474e-05,0.01265571772819385,0.00037545963179039243,1.0311829500854685e-06,0.010934764227177606,1.0312204494766775e-06,9.687013289294555e-07,7.177296623694929e-08,1.0592520638397218e-08,1.1927062359973206e-07,4.130530939505661e-08,7.776577035656373e-07,0.0,-1.0621293178303404e-08,7.774692676321138e-07,-3.102678391986302e-10,4.2199535532638777e-10,1.2183375142083008e-10,3.1947919865160657e-08,7.776577035656373e-07,1.9123203287563229e-07,7.208323893337365e-08,1.0205719824796233e-08,1.1914879394225864e-07,9.357391306252794e-09,0.0,0.0
2.8592503440449946e-05,0.012657514889724553,0.001530765282019786,1.0312172080263081e-06,0.009554927860387495,1.0312588756278274e-06,9.700625014374964e-07,7.31364835360182e-08,9.268877221302319e-09,1.1926556453545345e-07,4.130560782300563e-08,7.776604320497427e-07,0.0,-1.0621907797769836e-08,7.783126534377516e-07,5.304160444197237e-10,7.068919755104375e-11,1.2184596387410096e-10,3.194800157757527e-08,7.776604320497427e-07,1.9174979115632595e-07,7.260606338377329e-08,9.168985570795485e-09,1.1914372066712531e-07,9.35760713360878e-09,0.0,0.0
2.8595002731890418e-05,0.012659313506446779,0.0010650744787632505,1.0312638972343278e-06,0.01392054773274774,1.0313099210179644e-06,9.659347597335e-07,6.897527526916747e-08,1.3446340929590406e-08,1.1930042376206984e-07,4.130577835326221e-08,7.7765906780769e-07,0.0,-1.0623069535142804e-08,7.778986059747695e-07,1.1768361285469098e-10,3.1746352768813324e-10,1.2186246456380445e-10,3.19480299992847e-08,7.7765906780769e-07,1.880361537587305e-07,6.885758807584352e-08,1.3143584887131965e-08,1.1917855857745963e-07,9.357748353977513e-09,0.0,0.0
2.8597503842320293e-05,0.012661112123169005,-0.00024042012800862267,1.031278729605381e-06,0.008268132327862205,1.0313229950043024e-06,9.713616009321413e-07,7.438949722882171e-08,8.031346254711025e-09,1.1931476251447748e-07,4.130608388663859e-08,7.776573056617053e-07,0.0,-1.0623947055421468e-08,7.774422670081549e-07,-3.3692024170584034e-10,2.603224302788476e-10,1.218680711900788e-10,3.194812236984035e-08,7.776573056617053e-07,1.939193197131317e-07,7.472641527783708e-08,7.774048960129676e-09,1.1919290443529462e-07,9.357960628619821e-09,0.0,0.0
2.8600003133760765e-05,0.012662909284699708,3.7322777436704646e-05,1.0312750796179267e-06,0.013336401464468984,1.0313151506124996e-06,9.664944400356035e-07,6.953938225251477e-08,1.2889557865491952e-08,1.1929779475394753e-07,4.130629349674564e-08,7.776573056617053e-07,0.0,-1.0624803259418059e-08,7.775586823299818e-07,-2.205093052598528e-10,9.86435655381257e-11,1.2187754971915155e-10,3.194815434426346e-08,7.776573056617053e-07,1.889358003381858e-07,6.975989208513056e-08,1.2772507496094931e-08,1.1917590825305524e-07,9.358138264303761e-09,0.0,0.0
2.8602502425201237e-05,0.012664707901421934,0.0009911841028054091,1.031293578514664e-06,0.010636982979451742,1.0313329994460219e-06,9.690922979643801e-07,7.213930786065248e-08,1.0308218278964887e-08,1.1929442678138003e-07,4.1306542186703155e-08,7.776585562169203e-07,0.0,-1.0625986313073099e-08,7.777134669595398e-07,-6.697366966568197e-11,3.3303634849879415e-10,1.218913164846569e-10,3.1948225398537033e-08,7.776585562169203e-07,1.913788167939856e-07,7.220627651349787e-08,1.000103910797634e-08,1.1917254028048774e-07,9.358315899987701e-09,0.0,0.0
2.8605003535631113e-05,0.012666505062952638,0.0010314558705128984,1.0313299286221691e-06,0.010028829153858968,1.031373358273413e-06,9.69714733400906e-07,7.275002644746564e-08,9.725103389257583e-09,1.1930457333164668e-07,4.130678732394699e-08,7.776601478326484e-07,0.0,-1.0626742152908264e-08,7.781013096064271e-07,3.1925256882558983e-10,3.9659515255197064e-11,1.218989770235268e-10,3.1948275136528537e-08,7.776601478326484e-07,1.916134522161883e-07,7.243077249086127e-08,9.663867039932938e-09,1.1918267261989968e-07,9.358511299240035e-09,0.0,0.0
2.8607502827071585e-05,0.012668303679674864,0.000639301525647451,1.0313599791440843e-06,0.012708783114491915,1.0314033715985715e-06,9.671769021224463e-07,7.019827563681247e-08,1.2291641482420346e-08,1.1932044685636356e-07,4.130697561777197e-08,7.776581583129882e-07,0.0,-1.062781773697452e-08,7.775693688927277e-07,-2.107054114519613e-10,3.9761627323997573e-10,1.2190930209765583e-10,3.194831776909268e-08,7.776581583129882e-07,1.8960751901886397e-07,7.040898708510213e-08,1.1906184482768367e-08,1.191985390391892e-07,9.358658736857706e-09,0.0,0.0
2.8610002118512057e-05,0.012670100841205567,0.0001669227140976559,1.0313744682959723e-06,0.009225415700950913,1.0314165592717472e-06,9.70527025856427e-07,7.354122999458923e-08,8.953515262533074e-09,1.193282344047475e-07,4.130727404572099e-08,7.776575898787996e-07,0.0,-1.0628732560746812e-08,7.776956749694364e-07,-8.379005822511942e-11,1.4516515767226679e-10,1.2192573339842028e-10,3.1948403034220973e-08,7.776575898787996e-07,1.9283132246528112e-07,7.362501719399006e-08,8.807173657032763e-09,1.1920630527129106e-07,9.358869235143175e-09,0.0,0.0
2.8612503228941932e-05,0.01267189800273627,1.1527064562755207e-05,1.031377675326746e-06,0.012301647678611985,1.0314196288163657e-06,9.67579694588494e-07,7.059654194563336e-08,1.1902824503806642e-08,1.1932577592688176e-07,4.1307458786832285e-08,7.776573625051242e-07,0.0,-1.062965537812488e-08,7.775249173391785e-07,-2.543587007686199e-10,2.491480077804198e-10,1.219421091880335e-10,3.1948427903216725e-08,7.776573625051242e-07,1.9005473461675138e-07,7.085090203418076e-08,1.1645751030187057e-08,1.1920382547714325e-07,9.35902910725872e-09,0.0,0.0
2.8615002520382404e-05,0.012673695164266974,0.0007529840701980817,1.0313914148267577e-06,0.010209342374557666,1.0314291785107343e-06,9.69591837929329e-07,7.262117662776291e-08,9.898895036997146e-09,1.1931192034353444e-07,4.130776432020866e-08,7.776587267471768e-07,0.0,-1.0630666125166499e-08,7.777459813951282e-07,-3.4690108424717536e-11,4.1334524691905017e-10,1.219566808652317e-10,3.194853803734077e-08,7.776587267471768e-07,1.918458281124913e-07,7.265586532412271e-08,9.499495412512715e-09,1.1918995568294122e-07,9.359223618332635e-09,0.0,0.0
2.8617501811822876e-05,0.012675492325797677,0.001619031970255369,1.0314340437865388e-06,0.011085672837543118,1.0314747669326607e-06,9.68795461631089e-07,7.182391215110329e-08,1.073974953413881e-08,1.1931024346267805e-07,4.1307963272174675e-08,7.776613415444444e-07,0.0,-1.0631525881876769e-08,7.785563980178267e-07,7.731053575099622e-10,4.3829658652461134e-11,1.2197684529091646e-10,3.194859132804595e-08,7.776613415444444e-07,1.9023907782411698e-07,7.105080612745951e-08,1.0679706896610242e-08,1.1918826459123011e-07,9.359371055950305e-09,0.0,0.0
2.8620002922252752e-05,0.01267728948732838,0.0009441377114922656,1.0314801080860258e-06,0.012044869725501011,1.031527290251688e-06,9.679279173724353e-07,7.092000942066079e-08,1.165856566842649e-08,1.1934960753023915e-07,4.13081941985638e-08,7.776583288432448e-07,0.0,-1.0632552616129942e-08,7.776723123242846e-07,-1.0800361993634766e-10,5.859992491252797e-10,1.2199209697971725e-10,3.194865882960585e-08,7.776583288432448e-07,1.9025563346986019e-07,7.102801191649633e-08,1.1084745565881349e-08,1.1922762155336386e-07,9.35953625713637e-09,0.0,0.0
2.8622502213693224e-05,0.012679086648859084,-0.0004638975201680662,1.0314887387779991e-06,0.009948260977398496,1.031531837725197e-06,9.699407428342965e-07,7.292143777704041e-08,9.649223642327343e-09,1.193621841366621e-07,4.1308492626512816e-08,7.776570782880299e-07,0.0,-1.0633434577300704e-08,7.775719268465764e-07,-2.0714090165352417e-10,1.6812981562530638e-10,1.219955664266692e-10,3.194877251644357e-08,7.776570782880299e-07,1.92368773355156e-07,7.312858230079655e-08,9.475248141654902e-09,1.1924019815978681e-07,9.359720110069247e-09,0.0,0.0
2.8625001505133696e-05,0.012680883810389787,-6.0290548575814285e-05,1.0314793182716792e-06,0.012447646785302987,1.0315173994968063e-06,9.675308092482737e-07,7.05401106415593e-08,1.2043481767420872e-08,1.1933342136671854e-07,4.130868092033779e-08,7.776573056617053e-07,0.0,-1.0634442659807064e-08,7.775772132845304e-07,-2.0209627027423238e-10,2.576899527095833e-10,1.2200990218147467e-10,3.1948800938153e-08,7.776573056617053e-07,1.89953610174598e-07,7.074221031189154e-08,1.1785839859612679e-08,1.1921140696813382e-07,9.359880870363213e-09,0.0,0.0
2.862750261556357e-05,0.01268268097192049,0.0011768213009997197,1.0314993841328403e-06,0.00943939028110485,1.0315391136828111e-06,9.704344847705215e-07,7.344524988184276e-08,9.160309843991854e-09,1.1933036603295477e-07,4.1308940268436345e-08,7.776588404340146e-07,0.0,-1.063537258261249e-08,7.778002668601403e-07,1.9403163104003696e-11,4.522099084081077e-10,1.2203489607731655e-10,3.194891462499072e-08,7.776588404340146e-07,1.9263417527781712e-07,7.342584495972915e-08,8.71634320276371e-09,1.1920833031808797e-07,9.360028307980883e-09,0.0,0.0
2.8630001907004043e-05,0.012684478133451194,0.0011604719187550128,1.0315413890674455e-06,0.011336859462140149,1.0315840199837112e-06,9.686571047495818e-07,7.164636173229155e-08,1.0981529463549577e-08,1.1934990595818817e-07,4.1309149878543394e-08,7.776608299536747e-07,0.0,-1.0636276748243745e-08,7.783644377923338e-07,5.815325443414565e-10,4.507927017782798e-11,1.2205995936209746e-10,3.194897146840958e-08,7.776608299536747e-07,1.9029268116810272e-07,7.106483224106341e-08,1.0925902849123759e-08,1.192278489270393e-07,9.360177521955393e-09,0.0,0.0
2.8632501198444515e-05,0.012686273839790374,0.0008038413283877333,1.0315766623649459e-06,0.010547404270760063,1.0316202860849444e-06,9.694483651401242e-07,7.242800847961917e-08,1.0225163826760308e-08,1.1936202781726024e-07,4.130939146307355e-08,7.776583856866637e-07,0.0,-1.0637312364281115e-08,7.776447432661371e-07,-1.3568814127840056e-10,4.785875029611475e-10,1.2208867250507183e-10,3.194902831182844e-08,7.776583856866637e-07,1.9180365029569657e-07,7.256369372043991e-08,9.756197627552865e-09,1.1923994236440194e-07,9.36036492760195e-09,0.0,0.0
2.863500230887439e-05,0.012688071001321077,0.00036294867994079993,1.0315976314661197e-06,0.010610431647019667,1.0316414318367606e-06,9.694078926258953e-07,7.237698440576423e-08,1.0285836182788444e-08,1.193733822901777e-07,4.130963660031739e-08,7.776574761919619e-07,0.0,-1.0638147251995633e-08,7.776631036904291e-07,-1.165010865555871e-10,1.7757545434093913e-10,1.221193701717027e-10,3.194912068238409e-08,7.776574761919619e-07,1.9174474630290206e-07,7.249348499271946e-08,1.0099414637920745e-08,1.1925126841560996e-07,9.36051414157646e-09,0.0,0.0
2.8637501600314863e-05,0.012689866707660258,-0.00026660857180699216,1.0315993614515485e-06,0.011918983560363566,1.0316424550183e-06,9.681540404926636e-07,7.112289068800237e-08,1.153941209253162e-08,1.1937399335693044e-07,4.130984621042444e-08,7.776571351314487e-07,0.0,-1.0639187308925102e-08,7.774933123982919e-07,-2.85965889856854e-10,1.6400836244656603e-10,1.2215287115147078e-10,3.19491526568072e-08,7.776571351314487e-07,1.906606854618076e-07,7.140885571743638e-08,1.1378499031877709e-08,1.1925183684979856e-07,9.360692665438819e-09,0.0,0.0
2.8640000891755335e-05,0.012691663869190961,0.00043307241539780605,1.031602353075708e-06,0.010638475290559429,1.0316410907762474e-06,9.6937822036125e-07,7.236477017613652e-08,1.0312706244519632e-08,1.1935564714349312e-07,4.1310094900381955e-08,7.776578172524751e-07,0.0,-1.064011190266001e-08,7.77490811287862e-07,-2.8917826466745566e-10,2.910963414759493e-10,1.2217712952455884e-10,3.194921660565342e-08,7.776578172524751e-07,1.9188740907338797e-07,7.265394685873616e-08,1.002230565205764e-08,1.192334622146518e-07,9.360880071085376e-09,0.0,0.0
2.864250200218521e-05,0.012693459575530142,0.0015365275057934724,1.0316377213063493e-06,0.011414162413303333,1.031678038998507e-06,9.68670065049082e-07,7.165283477661433e-08,1.1056557447375326e-08,1.193575087654608e-07,4.131032582677108e-08,7.776596930852975e-07,0.0,-1.0641109327025333e-08,7.781483759572438e-07,3.6650235624158256e-10,4.7034719868888075e-11,1.2219471268171134e-10,3.194927344907228e-08,7.776596930852975e-07,1.9052164645927405e-07,7.128632972808191e-08,1.1008827627279061e-08,1.192353238366195e-07,9.361049713163538e-09,0.0,0.0
2.8645001293625683e-05,0.012695255281869322,0.0009547726896986797,1.0316824577418878e-06,0.010367009758751105,1.0317294254491571e-06,9.69723714661086e-07,7.26721225419169e-08,1.005313521318385e-08,1.1939299326968467e-07,4.13105567531602e-08,7.776585562169203e-07,0.0,-1.0642062342469671e-08,7.777319979140884e-07,-4.8806458874395275e-11,2.534724097280616e-10,1.2220503775584035e-10,3.194930187078171e-08,7.776585562169203e-07,1.9199171674699755e-07,7.272092972243627e-08,9.801546241305914e-09,1.1927079412998864e-07,9.36125399420007e-09,0.0,0.0
2.8647500585066155e-05,0.012697052443400025,1.352755233219316e-06,1.0316996408605694e-06,0.011716921718816088,1.0317426131223328e-06,9.684416681920993e-07,7.138494595437805e-08,1.1347155215446492e-08,1.193993739434518e-07,4.1310808995831394e-08,7.776573056617053e-07,0.0,-1.0643010917021911e-08,7.774008849992242e-07,-3.7862774027175305e-10,1.131985755131737e-10,1.2221745837592835e-10,3.194935160877321e-08,7.776573056617053e-07,1.9104074056031095e-07,7.17635799674099e-08,1.1228958207709638e-08,1.1927716059290105e-07,9.361455610701341e-09,0.0,0.0
2.865000169549603e-05,0.012698848149739206,0.00035812475132657173,1.0317060960209426e-06,0.010582234825548154,1.031745796353789e-06,9.695309017843101e-07,7.249261102515447e-08,1.0259803673307033e-08,1.193807719346296e-07,4.131105768578891e-08,7.776575330353808e-07,0.0,-1.0644075842947132e-08,7.77510422267369e-07,-2.6931498697813083e-10,6.976758060162069e-11,1.2223706769010079e-10,3.194938713591e-08,7.776575330353808e-07,1.920204510952317e-07,7.276192093286227e-08,1.0198894173640838e-08,1.1925853016236942e-07,9.361671438057328e-09,0.0,0.0
2.8652500986936502e-05,0.012700643856078386,0.0006831314894858442,1.031724793925266e-06,0.010516091366613857,1.0317687610950088e-06,9.696159395389259e-07,7.256452505544075e-08,1.0196569810716483e-08,1.1939354749301856e-07,4.131126729589596e-08,7.776578740958939e-07,0.0,-1.064497023861577e-08,7.775450967528741e-07,-2.3503154977788654e-10,1.0854571408369651e-10,1.2225054302206217e-10,3.1949404899478395e-08,7.776578740958939e-07,1.9207085699690651e-07,7.279955838157548e-08,1.0079452827937985e-08,1.192713057207584e-07,9.361864172774403e-09,0.0,0.0
2.8655000278376974e-05,0.012702439562417567,0.0003900901635321861,1.0317440658345228e-06,0.012492951024861733,1.0317860414943425e-06,9.677386287876288e-07,7.067695406703933e-08,1.2089911294310696e-08,1.194035945673022e-07,4.1311547960276584e-08,7.776580446261505e-07,0.0,-1.064603427636257e-08,7.775499284434773e-07,-2.3039817276249153e-10,3.353524055671464e-11,1.222571627268465e-10,3.1949436873901504e-08,7.776580446261505e-07,1.9018868613329687e-07,7.090734754910955e-08,1.205557165206983e-08,1.192813243733326e-07,9.36211108637508e-09,0.0,0.0
2.865750138880685e-05,0.012704235268756747,0.0007150362050092479,1.0317639106587786e-06,0.010750301177814807,1.0318049135094043e-06,9.69424377217365e-07,7.237142085614323e-08,1.0421604024202225e-08,1.1939462751797691e-07,4.131180730837514e-08,7.776583288432448e-07,0.0,-1.0647150716636133e-08,7.776112624924281e-07,-1.6931410440346184e-10,7.511179872521367e-11,1.222612289186742e-10,3.194945108475622e-08,7.776583288432448e-07,1.9181310051408218e-07,7.254072897922015e-08,1.0354579416116394e-08,1.1927237153486203e-07,9.362357111797337e-09,0.0,0.0
2.8660000680247322e-05,0.012706030975095928,0.0008993300348501543,1.0317928999356853e-06,0.01137993355163618,1.031836859510804e-06,9.688512818684103e-07,7.178289962439521e-08,1.1025463209080044e-08,1.1941034472329193e-07,4.131202757662322e-08,7.776579877827317e-07,0.0,-1.0648087744868917e-08,7.776131951686693e-07,-1.6709016115168396e-10,5.357505758474268e-11,1.2226861190178795e-10,3.1949465295610935e-08,7.776579877827317e-07,1.9123807248888625e-07,7.194999085413656e-08,1.0961838547984826e-08,1.1928808874017705e-07,9.362564057369127e-09,0.0,0.0
2.8662499971687794e-05,0.012707825226243585,0.0002955092266346826,1.0318143383528472e-06,0.012074794408845879,1.0318570957679185e-06,9.68204517448612e-07,7.1125903389202e-08,1.1690870493907823e-08,1.194210739186019e-07,4.13123331099996e-08,7.776575330353808e-07,0.0,-1.0649332971013337e-08,7.77430784637545e-07,-3.490470135147916e-10,5.0631776549181495e-11,1.2228693058169426e-10,3.194947950646565e-08,7.776575330353808e-07,1.9077374702192174e-07,7.147495040271679e-08,1.1646773323548132e-08,1.192987895137776e-07,9.362855379890789e-09,0.0,0.0
2.866500108211767e-05,0.012709620932582766,0.00040307693715746495,1.031826882908875e-06,0.009643682577373712,1.031867896017502e-06,9.705454431241378e-07,7.347929908974038e-08,9.359632180405697e-09,1.194086394207261e-07,4.131253561467929e-08,7.776574761919619e-07,0.0,-1.0650353488017572e-08,7.77461025336379e-07,-3.187369534973783e-10,6.723328838109666e-11,1.2230774726340599e-10,3.194948661189301e-08,7.776574761919619e-07,1.9308437515519472e-07,7.379803435014765e-08,9.29908239299948e-09,1.1928634080504708e-07,9.363047226429444e-09,0.0,0.0
2.866750037355814e-05,0.012711416638921946,0.0007145617332271897,1.0318469524173281e-06,0.010983314977921899,1.0318890417693183e-06,9.692790854387567e-07,7.220550202191589e-08,1.0645897496885937e-08,1.1941587274577614e-07,4.131278075192313e-08,7.776576467222185e-07,0.0,-1.0651362458702351e-08,7.775500989737338e-07,-2.2991894499391208e-10,7.026717402380811e-11,1.2233308810394306e-10,3.1949497270034044e-08,7.776576467222185e-07,1.9172897225416818e-07,7.24354265457805e-08,1.0560768259892939e-08,1.1929354570838768e-07,9.363282593710665e-09,0.0,0.0
2.8669999664998613e-05,0.012713210890069604,0.00029674459637640815,1.0318650977927533e-06,0.012054967404838685,1.0319072316633537e-06,9.68269091572438e-07,7.118411105011546e-08,1.1672452338018502e-08,1.1942708511014644e-07,4.1313089838013184e-08,7.776578740958939e-07,0.0,-1.0652586368564698e-08,7.775266794851632e-07,-2.535771870260106e-10,1.0566097302655564e-10,1.2235834567775328e-10,3.1949525691743474e-08,7.776578740958939e-07,1.9074241208727472e-07,7.143768954165353e-08,1.157919182759315e-08,1.1930472965104855e-07,9.36356414626971e-09,0.0,0.0
2.867250077542849e-05,0.012715006596408784,0.0007620831651394822,1.031884111229988e-06,0.009663951538240246,1.0319237162548234e-06,9.705772754386999e-07,7.350272568373839e-08,9.379611753956851e-09,1.1941612854116102e-07,4.13132887899792e-08,7.776584425300825e-07,0.0,-1.0653486093303854e-08,7.777009614073904e-07,-7.98320437533917e-11,1.1512361897114687e-10,1.2238016156018716e-10,3.194954345531187e-08,7.776584425300825e-07,1.9287629982045473e-07,7.358255516010104e-08,9.259828459562414e-09,1.192937446603537e-07,9.363746222845748e-09,0.0,0.0
2.867500552383717e-05,0.01271680521313101,0.001322395222999262,1.0319216030068482e-06,0.012040231888184138,1.0319632792743505e-06,9.683361668066937e-07,7.125363055138223e-08,1.1658991994067947e-08,1.1942371713757893e-07,4.131355524350511e-08,7.776588404340146e-07,0.0,-1.0654587434544283e-08,7.779050292811007e-07,1.2382557479373446e-10,8.230106179896168e-11,1.2238597635327864e-10,3.19495718770213e-08,7.776588404340146e-07,1.9043113752559293e-07,7.112981137424867e-08,1.1572738323195608e-08,1.1930133325677161e-07,9.363981590126969e-09,0.0,0.0
2.8677506634267047e-05,0.012718599464278668,0.0003280328265777843,1.031951215831069e-06,0.011114378047345793,1.0319971579519915e-06,9.692549838291598e-07,7.214728725557507e-08,1.0772666314551316e-08,1.194501493273492e-07,4.131381814431734e-08,7.776575330353808e-07,0.0,-1.0655730520170437e-08,7.774563641760324e-07,-3.235938739187816e-10,2.7366334198752895e-10,1.2239136093494807e-10,3.194961806229912e-08,7.776575330353808e-07,1.917986338639821e-07,7.247088262829493e-08,1.0507506864598781e-08,1.193277654465419e-07,9.364199193839795e-09,0.0,0.0
2.868000592570752e-05,0.012720393715426326,-0.00021146185389753214,1.031953307407084e-06,0.010329045648819122,1.031994088407373e-06,9.700041800897452e-07,7.289968095847144e-08,1.0019217455692342e-08,1.1944746347580804e-07,4.1314063281561175e-08,7.776570782880299e-07,0.0,-1.0656641791229049e-08,7.774601158416772e-07,-3.1937261169012743e-10,8.980487187226771e-11,1.2240432278876057e-10,3.194965003672223e-08,7.776570782880299e-07,1.9254410688063217e-07,7.321904860191353e-08,9.920668730956095e-09,1.19325065384146e-07,9.364412356660523e-09,0.0,0.0
2.868250521714799e-05,0.012722189421765506,0.0006912907628273679,1.0319619237252189e-06,0.012857715955984868,1.0319996590624214e-06,9.67586629485595e-07,7.049862205121826e-08,1.2440954044734553e-08,1.1943026834160264e-07,4.131432262965973e-08,7.776577604090562e-07,0.0,-1.065776622510839e-08,7.776481538712687e-07,-1.3204663751320567e-10,2.1096312197155243e-10,1.224189638548978e-10,3.194969622200006e-08,7.776577604090562e-07,1.8993851824689045e-07,7.063066931323192e-08,1.2231819113139863e-08,1.193078560390859e-07,9.36462640765967e-09,0.0,0.0
2.8685006327577867e-05,0.012723983672913164,0.0011221887896632476,1.031994462102902e-06,0.010119960969278682,1.0320375167793827e-06,9.70245196185715e-07,7.314307737260606e-08,9.818843516029574e-09,1.194432286411029e-07,4.1314592635899317e-08,7.776588972774334e-07,0.0,-1.0658807170216278e-08,7.778493227306171e-07,6.795672358173022e-11,3.0368280112824664e-10,1.22431731419681e-10,3.1949763723559954e-08,7.776588972774334e-07,1.9239591608766204e-07,7.307512106535796e-08,9.522794108818289e-09,1.1932078791687672e-07,9.364831576874622e-09,0.0,0.0
2.868750561901834e-05,0.012725777924060822,0.0008475399448464316,1.0320298039833267e-06,0.010746024655103483,1.0320719638912124e-06,9.696771030576201e-07,7.256346634676447e-08,1.0420174056946507e-08,1.194542562643619e-07,4.131482711500212e-08,7.776594088682032e-07,0.0,-1.0659761962017456e-08,7.780727173667401e-07,2.908063234663416e-10,9.276349827169739e-11,1.224553375367421e-10,3.194980280341042e-08,7.776594088682032e-07,1.9160445674515358e-07,7.227266252129994e-08,1.0318022880539957e-08,1.19331801329281e-07,9.365024311591696e-09,0.0,0.0
2.869000491045881e-05,0.01272757217520848,0.000794546787511452,1.0320592671433675e-06,0.012629063066142872,1.032101067721669e-06,9.67901542026084e-07,7.079049169078644e-08,1.2223689616064348e-08,1.194528493897451e-07,4.131506159410492e-08,7.776581583129882e-07,0.0,-1.0660825999764256e-08,7.776444590490428e-07,-1.3616084648671034e-10,4.4228479212371496e-10,1.224777224084761e-10,3.194986675225664e-08,7.776581583129882e-07,1.9025701192276756e-07,7.092665299524015e-08,1.1783569675571925e-08,1.1933036603295477e-07,9.365196618205118e-09,0.0,0.0
2.8692504201899283e-05,0.012729366426356137,0.00034497468581140556,1.0320797130204804e-06,0.010243836068435017,1.0321252830181038e-06,9.702093848318327e-07,7.307935590006309e-08,9.938665890274478e-09,1.1947254563438037e-07,4.131535646934026e-08,7.776574761919619e-07,0.0,-1.0661864280336886e-08,7.776690154059906e-07,-1.1095376700742676e-10,2.1031608399280088e-10,1.2249090630689352e-10,3.194992714838918e-08,7.776574761919619e-07,1.9254035521498736e-07,7.319030714825203e-08,9.733507333464786e-09,1.1935006227759004e-07,9.36542843277266e-09,0.0,0.0
2.8695005312329158e-05,0.012731159222312272,-0.0001951004729460748,1.032082399959308e-06,0.011902760232529588,1.0321233503418625e-06,9.686157227406511e-07,7.148414482571752e-08,1.1529200705240328e-08,1.1947449252147635e-07,4.1315548315878914e-08,7.776571351314487e-07,0.0,-1.0662824401208582e-08,7.774617643008241e-07,-3.178634022660276e-10,1.9373562476499018e-10,1.2250678249614566e-10,3.194996267552597e-08,7.776571351314487e-07,1.911540010723911e-07,7.180201322398716e-08,1.1325205662160442e-08,1.193519949538313e-07,9.365585640352947e-09,0.0,0.0
2.869750460376963e-05,0.01273295347345993,0.000810025425654004,1.0320934332573293e-06,0.011875111901567582,1.0321311947336653e-06,9.686485782367527e-07,7.15409100848774e-08,1.1502810259855778e-08,1.1944916877837386e-07,4.1315843191114254e-08,7.776585562169203e-07,0.0,-1.0663962157764217e-08,7.777219366289501e-07,-5.911333922359319e-11,3.6045250118021954e-10,1.2252152070679756e-10,3.195003372979954e-08,7.776585562169203e-07,1.9092667002951202e-07,7.160002013506528e-08,1.1152965662120096e-08,1.193266427890194e-07,9.365806796779452e-09,0.0,0.0
2.8700003895210102e-05,0.012734747724607587,0.0017226141754977942,1.0321388751724389e-06,0.009594430203295035,1.0321818990632892e-06,9.708858215162763e-07,7.376174693263238e-08,9.315096249906674e-09,1.194637064827475e-07,4.131605990664866e-08,7.776603752063238e-07,0.0,-1.0664972904805836e-08,7.784205422467494e-07,6.376817962561177e-10,5.181984008562068e-11,1.2253077719126537e-10,3.195007991507737e-08,7.776603752063238e-07,1.9246525084781752e-07,7.312406324899712e-08,9.26155774294557e-09,1.1934118049339304e-07,9.365979103392874e-09,0.0,0.0
2.8702505005639978e-05,0.012736540520563722,0.0006051786734994069,1.032180607748503e-06,0.012439862925279141,1.0322265779905138e-06,9.681999699751032e-07,7.104797106194383e-08,1.2044274910749664e-08,1.1949359191021358e-07,4.131630859660618e-08,7.776584425300825e-07,0.0,-1.0665955230138024e-08,7.776934580761008e-07,-8.750353219788565e-11,3.669408665807339e-10,1.2254798564814706e-10,3.195013320578255e-08,7.776584425300825e-07,1.9050652610985708e-07,7.113547439985268e-08,1.1669328614516417e-08,1.1937103749914968e-07,9.366177167180467e-09,0.0,0.0
2.870500429708045e-05,0.01273833477171138,-0.00010269193002709898,1.0321896236226645e-06,0.010903064353238186,1.0322321486455621e-06,9.696760798760806e-07,7.253262168660513e-08,1.0572440700684638e-08,1.1948620226576168e-07,4.1316578602845766e-08,7.776571919748676e-07,0.0,-1.0667102756656277e-08,7.774909249746997e-07,-2.888284889035475e-10,1.983949254880102e-10,1.225711337982105e-10,3.1950200707342447e-08,7.776571919748676e-07,1.921850838471073e-07,7.282145020326425e-08,1.038527663865807e-08,1.1936363364384306e-07,9.36637611914648e-09,0.0,0.0
2.8707503588520922e-05,0.012740127567667514,0.0004969554666514053,1.0321966919634055e-06,0.010791205572090009,1.0322369234927464e-06,9.697869245428592e-07,7.265160206770815e-08,1.0465170063866935e-08,1.1947764733122312e-07,4.1316788212952815e-08,7.776577035656373e-07,0.0,-1.0668046002137999e-08,7.777640576023259e-07,-1.6211186906756048e-11,7.893481701604088e-11,1.2258688508737237e-10,3.1950236234479235e-08,7.776577035656373e-07,1.9202286694053328e-07,7.266780954751084e-08,1.0378250259179822e-08,1.1935505028759508e-07,9.366548425759902e-09,0.0,0.0
2.8710004698950797e-05,0.012741921818815172,0.0006248428812564988,1.0322168198431372e-06,0.011363452677576746,1.0322594334866153e-06,9.692591902421555e-07,7.21146022897301e-08,1.101413094062309e-08,1.194863301634541e-07,4.131706532461976e-08,7.776582151564071e-07,0.0,-1.066913846159423e-08,7.776384336466435e-07,-1.424114576265012e-10,3.329278797092883e-10,1.2259575299378156e-10,3.195030373603913e-08,7.776582151564071e-07,1.916207423846572e-07,7.22570163702585e-08,1.0686568074902425e-08,1.1936373311982607e-07,9.366764253115889e-09,0.0,0.0
2.871250399039127e-05,0.012743714614771307,0.0008720877989887299,1.0322436567558389e-06,0.010331663544673906,1.0322851267119404e-06,9.702731631477945e-07,7.312999628084071e-08,1.0024535868069506e-08,1.194837011553318e-07,4.131727138201313e-08,7.776595225550409e-07,0.0,-1.0670130556889035e-08,7.780853366057272e-07,3.0324809330295466e-10,5.2515023579724485e-11,1.2261489046316854e-10,3.1950353474030635e-08,7.776595225550409e-07,1.9218782654206734e-07,7.282674374664566e-08,9.969912895257949e-09,1.1936107568999432e-07,9.366921460696176e-09,0.0,0.0
2.871500328183174e-05,0.012745507410727441,0.0013333634358083657,1.0322831959963909e-06,0.011900962435830081,1.0323248034183052e-06,9.688063755675103e-07,7.166281790205176e-08,1.152972828322163e-08,1.194844543306317e-07,4.131753783553904e-08,7.776591246511089e-07,0.0,-1.0671134198503296e-08,7.780075748087256e-07,2.2581390923814837e-10,2.7644153632877533e-10,1.2264317339472086e-10,3.195040676473582e-08,7.776591246511089e-07,1.9079881496963935e-07,7.14370074206272e-08,1.1249814413361037e-08,1.193618146544395e-07,9.367133735338484e-09,0.0,0.0
2.8717504392261617e-05,0.012747300206683576,0.0004967047089019516,1.0323160053840837e-06,0.010939619140686821,1.0323632295694551e-06,9.697644145489903e-07,7.259662027081504e-08,1.0608853351357084e-08,1.1951004807997379e-07,4.1317800736351273e-08,7.776577035656373e-07,0.0,-1.06721893544659e-08,7.776752681820653e-07,-1.0514630138791503e-10,3.1073338346843116e-10,1.2267725724157685e-10,3.195047781900939e-08,7.776577035656373e-07,1.9208913215607026e-07,7.270176638485282e-08,1.0305102549068579e-08,1.1938736577121745e-07,9.36732291734188e-09,0.0,0.0
2.872000368370209e-05,0.012749093002639711,-0.0004000240160406676,1.0323177386716357e-06,0.010433285125339612,1.0323598189643235e-06,9.702458783067414e-07,7.307563976155507e-08,1.0122851890059792e-08,1.1951313183544698e-07,4.131803876816775e-08,7.776570782880299e-07,0.0,-1.0673139705374979e-08,7.775732342452102e-07,-2.0652285437350315e-10,4.892225860531063e-11,1.227092871758373e-10,3.1950531109714575e-08,7.776570782880299e-07,1.926725872181123e-07,7.32821661131311e-08,1.006909844392112e-08,1.1939042110498121e-07,9.367506770274758e-09,0.0,0.0
2.872250297514256e-05,0.012750885798595846,0.0006599259704991312,1.0323223981833653e-06,0.01180776905416958,1.0323583410354331e-06,9.68924950939254e-07,7.178254435302733e-08,1.14408420515133e-08,1.1948438327635813e-07,4.131828745812527e-08,7.776580446261505e-07,0.0,-1.0674189532267064e-08,7.776334882692026e-07,-1.4731622866026584e-10,4.1764047775672e-10,1.227341561715889e-10,3.195059861127447e-08,7.776580446261505e-07,1.912915053026154e-07,7.192986117843247e-08,1.1023717050306914e-08,1.1936164412418293e-07,9.367686182315538e-09,0.0,0.0
2.8725004085572436e-05,0.01275267859455198,0.0018078088895986388,1.0323666396341453e-06,0.010348133644559035,1.0324092727387324e-06,9.70373889686016e-07,7.322245920704518e-08,1.0041558695661479e-08,1.1949083500439883e-07,4.131851838451439e-08,7.776606025799992e-07,0.0,-1.0675220707412336e-08,7.785161528772733e-07,7.32783611567811e-10,1.1881501338351086e-10,1.2275509775339088e-10,3.1950676770975406e-08,7.776606025799992e-07,1.9185775101959734e-07,7.248967648365578e-08,9.925506638808201e-09,1.1936808164136892e-07,9.367841613538985e-09,0.0,0.0
2.872750337701291e-05,0.012754471390508115,0.0008613077747878783,1.032414491449769e-06,0.011393740556587298,1.0324602044420317e-06,9.694199434306938e-07,7.224015519113891e-08,1.104531932583086e-08,1.195203367387876e-07,4.1318774179899265e-08,7.776594088682032e-07,0.0,-1.0676226125383437e-08,7.78069477291865e-07,2.872585780355763e-10,2.855430336623499e-10,1.2277168170982122e-10,3.1950740719821624e-08,7.776594088682032e-07,1.9135046613882878e-07,7.195289697392582e-08,1.0755310420051956e-08,1.1939756916490296e-07,9.368030795542381e-09,0.0,0.0
2.873000266845338e-05,0.01275626418646425,-8.341556949720275e-05,1.0324284374697685e-06,0.011358040072356603,1.0324705499442643e-06,9.694630307421903e-07,7.228691600857928e-08,1.101119995183808e-08,1.1951861722536705e-07,4.131902642257046e-08,7.776574761919619e-07,0.0,-1.0677267070491325e-08,7.775195172143867e-07,-2.6074589709601526e-10,4.634779227075114e-10,1.2278136840571108e-10,3.195083664309095e-08,7.776574761919619e-07,1.9194349931694887e-07,7.254766387632117e-08,1.0551032936234606e-08,1.193958354406277e-07,9.368188003122668e-09,0.0,0.0
2.8732503778883256e-05,0.012758055527228862,0.000290869227384416,1.03243215367171e-06,0.010776632584833936,1.0324732784283697e-06,9.700221426101052e-07,7.284760528136758e-08,1.0453572230062491e-08,1.1951672718168993e-07,4.131931774509212e-08,7.776577604090562e-07,0.0,-1.067826005396455e-08,7.779698876220209e-07,1.8931999024029977e-10,3.623914016093188e-11,1.2278880689997607e-10,3.195092190821924e-08,7.776577604090562e-07,1.9205221235552017e-07,7.26582811694243e-08,1.0416353113384957e-08,1.1939393118609587e-07,9.368394948694458e-09,0.0,0.0
2.8735003070323728e-05,0.012759848323184997,0.0003371316029880389,1.0324434124452014e-06,0.011495097567786569,1.0324845334253041e-06,9.693429774415563e-07,7.216483766114834e-08,1.1142692102339424e-08,1.1952039358220645e-07,4.131956643504964e-08,7.776577604090562e-07,0.0,-1.067926902464933e-08,7.775547032906616e-07,-2.2586237047317326e-10,6.419226261655808e-10,1.2281349548448617e-10,3.1951007173347534e-08,7.776577604090562e-07,1.9178828836174944e-07,7.23906978805644e-08,1.049794207119703e-08,1.1939758337575768e-07,9.368560149880523e-09,0.0,0.0
2.87375023617642e-05,0.012761639663949609,0.0007379539567793358,1.032462670891088e-06,0.01228688391896996,1.0325019275114755e-06,9.686007160780719e-07,7.143440683421431e-08,1.1901084562282449e-08,1.1950587008868752e-07,4.131986131028498e-08,7.776604320497427e-07,0.0,-1.0680296647080922e-08,7.783942237438168e-07,6.109353023475705e-10,1.7414546193972313e-10,1.2284483152935621e-10,3.195113151832629e-08,7.776604320497427e-07,1.9020650654510973e-07,7.082347508458042e-08,1.1726330129135931e-08,1.193830314605293e-07,9.368730680137105e-09,0.0,0.0
2.8740003472194076e-05,0.012763432459905744,0.0016386421619691838,1.0325052784101985e-06,0.010873032744230965,1.0325460380045115e-06,9.69997699939995e-07,7.282517344719963e-08,1.0546816753276289e-08,1.195124923469848e-07,4.132017394908871e-08,7.776599773023918e-07,0.0,-1.0681383777466635e-08,7.783290811858024e-07,5.462408858569745e-10,5.27589638643633e-10,1.2286617556700463e-10,3.19512309943093e-08,7.776599773023918e-07,1.9166854769991915e-07,7.227892950822934e-08,1.00253831902819e-08,1.1938962529711716e-07,9.368945619314673e-09,0.0,0.0
2.8742502763634548e-05,0.012765223800670356,0.00042959085687666043,1.0325423275113722e-06,0.011555221631588281,1.0325900348107098e-06,9.693858373793773e-07,7.217037989448727e-08,1.12014681974415e-08,1.1955762602156028e-07,4.132050079874716e-08,7.776578740958939e-07,0.0,-1.0682235540571128e-08,7.778833719385148e-07,1.0264160354989116e-10,7.28257176785263e-10,1.2289450013192038e-10,3.19513979718522e-08,7.776578740958939e-07,1.9150246544086258e-07,7.206773489087936e-08,1.0466930433494781e-08,1.1943473054998321e-07,9.36910282689496e-09,0.0,0.0
2.874500205507502e-05,0.012767015141434968,-0.0011124175388965707,1.0325300957586655e-06,0.011067475566660986,1.032573209158727e-06,9.698353551357286e-07,7.261743206754545e-08,1.0733629096648656e-08,1.1956097978327307e-07,4.132085962282872e-08,7.776569646011922e-07,0.0,-1.0683320894600001e-08,7.779621569170558e-07,1.8226224696160642e-10,1.4691028948909945e-10,1.2293854823042238e-10,3.1951532974972e-08,7.776569646011922e-07,1.9187321242952748e-07,7.243517075039563e-08,1.0592193788738768e-08,1.1943804167913186e-07,9.369327536035144e-09,0.0,0.0
2.8747503165504895e-05,0.012768807937391102,0.0005835513119146762,1.0325206142663348e-06,0.01118755582059469,1.0325525181542616e-06,9.696984761831118e-07,7.25317548244675e-08,1.0848555831444173e-08,1.1950864120535698e-07,4.132121134148292e-08,7.776581583129882e-07,0.0,-1.0684202855770764e-08,7.776502570777666e-07,-1.3087111949694474e-10,1.2283991601691469e-09,1.2296723361782114e-10,3.195172126879697e-08,7.776581583129882e-07,1.920483043704735e-07,7.266262969096715e-08,9.617605378764438e-09,1.1938567467950634e-07,9.369490960864368e-09,0.0,0.0
2.8750002456945367e-05,0.012770599278155714,0.002580370396481263,1.0325772908856577e-06,0.01102933074963992,1.0326184565201402e-06,9.699142538011074e-07,7.273813906749638e-08,1.0697505103962612e-08,1.1951158285228303e-07,4.13216341144107e-08,7.776645247759006e-07,0.0,-1.0685150542144584e-08,7.798029741934442e-07,2.0154948821016205e-09,8.018305464041475e-11,1.2297429741181531e-10,3.195194153704506e-08,7.776645247759006e-07,1.9011125118595373e-07,7.072264907037606e-08,1.0617740464624603e-08,1.1938860211557767e-07,9.36969168918722e-09,0.0,0.0
2.875250174838584e-05,0.012772390618920326,0.0009466977173807484,1.032640472694577e-06,0.011362943395370317,1.0326917845304706e-06,9.696653933133348e-07,7.242901745030395e-08,1.1018252976668919e-08,1.195768959405541e-07,4.13219858330649e-08,7.776595225550409e-07,0.0,-1.0686132867476772e-08,7.780794817335845e-07,2.969642587391519e-10,1.2422674000589495e-09,1.2298666252075208e-10,3.1952104961874284e-08,7.776595225550409e-07,1.915859684231691e-07,7.213205321932037e-08,9.776137233075133e-09,1.1945391520384874e-07,9.369879983012197e-09,0.0,0.0
2.8755002858815715e-05,0.012774181959684938,-0.0010288951908679067,1.0326390002577268e-06,0.011222037742828575,1.032680984280887e-06,9.697884024717496e-07,7.25496533959813e-08,1.0883002055095403e-08,1.1958182710714027e-07,4.132249031840729e-08,7.776569646011922e-07,0.0,-1.0687006835041757e-08,7.778909889566421e-07,1.1104605429634873e-10,6.892127979440943e-10,1.2300768736928092e-10,3.1952396284395945e-08,7.776569646011922e-07,1.918974277259622e-07,7.24386097772367e-08,1.019432893656358e-08,1.1945881794872548e-07,9.370094034011345e-09,0.0,0.0
2.8757502150256187e-05,0.01277597330044955,9.990408069571188e-05,1.0326223588612706e-06,0.010639502306074997,1.0326591564080445e-06,9.703245495984447e-07,7.31213347648918e-08,1.0323770283093836e-08,1.1954529099966749e-07,4.1322856247916206e-08,7.776579309393128e-07,0.0,-1.0688018470261795e-08,7.783849582665425e-07,6.040207778390538e-10,5.003297220973479e-10,1.230254370598871e-10,3.195255260379781e-08,7.776579309393128e-07,1.9193957712104748e-07,7.251731659607685e-08,9.822630708811175e-09,1.1942225341954327e-07,9.370303644118394e-09,0.0,0.0
2.876000144169666e-05,0.012777764641214162,0.0014493848978389678,1.0326501119063048e-06,0.012112389990586545,1.0326908750357688e-06,9.689423450254253e-07,7.173782279323859e-08,1.1736207561341416e-08,1.1954496415000904e-07,4.132335362783124e-08,7.776595793984598e-07,0.0,-1.068892085953621e-08,7.78177309257444e-07,3.947275561966279e-10,1.5265969599553841e-09,1.230326812651228e-10,3.195286168988787e-08,7.776595793984598e-07,1.907650215571266e-07,7.134309498724178e-08,1.02091943787741e-08,1.1942192656988482e-07,9.37049193794337e-09,0.0,0.0
2.8762502552126534e-05,0.012779554526787251,0.0012476299362749188,1.0326983853857247e-06,0.010011485802232298,1.032741010931204e-06,9.710062158774235e-07,7.378657329581984e-08,9.721214944136136e-09,1.1955476963976253e-07,4.1323783506186373e-08,7.77664808992995e-07,0.0,-1.0689872986802129e-08,7.7986106816752e-07,2.0731714123201073e-09,4.626918639893951e-11,1.2304268715013222e-10,3.1953074852708596e-08,7.77664808992995e-07,1.911451192881941e-07,7.171340143941052e-08,9.679082424440821e-09,1.194317178487836e-07,9.370708653477777e-09,0.0,0.0
2.8765001843567006e-05,0.012781345867551863,0.0009492699990554243,1.032737739349824e-06,0.011535526089922522,1.0327826203138102e-06,9.695829703559866e-07,7.235038879116473e-08,1.1184649650886058e-08,1.1957392587191862e-07,4.132420272640047e-08,7.77658669903758e-07,0.0,-1.069078869875284e-08,7.778156714266515e-07,3.3938362536956035e-11,1.8617853925206873e-09,1.2306138053030935e-10,3.195333064809347e-08,7.77658669903758e-07,1.917673131401898e-07,7.231645327010483e-08,9.317493443461444e-09,1.1945085987008497e-07,9.370873854663841e-09,0.0,0.0
2.8767501135007478e-05,0.012783137208316475,-0.00013635999826866474,1.0327523013380478e-06,0.010970011995166777,1.0327984227842535e-06,9.70139467426634e-07,7.28762756807555e-08,1.0642441594654883e-08,1.196052323848562e-07,4.1324753397020686e-08,7.776579309393128e-07,0.0,-1.069173727330508e-08,7.787737672515505e-07,9.92700477375763e-10,3.530090664227714e-10,1.2309654684461435e-10,3.195364683961088e-08,7.776579309393128e-07,1.913657143859382e-07,7.188357642462506e-08,1.0293079277801098e-08,1.1948213796131313e-07,9.371107445588223e-09,0.0,0.0
2.8770002245437354e-05,0.012784927093889564,-0.0008686298571110029,1.0327343131696153e-06,0.01080850210590155,1.0327751169825206e-06,9.702702072900138e-07,7.302885762783262e-08,1.0487167578787648e-08,1.19584285585006e-07,4.132509445753385e-08,7.77657021444611e-07,0.0,-1.0692710716853071e-08,7.777820769661048e-07,1.8919503550623995e-12,1.3188690139998016e-09,1.2314177455508002e-10,3.19538280280085e-08,7.77657021444611e-07,1.9248811611305428e-07,7.30269675841555e-08,9.168727999053772e-09,1.1946114852889878e-07,9.371267317703769e-09,0.0,0.0
2.8772501536877826e-05,0.012786718434654176,0.0012233861133132962,1.0327406680630476e-06,0.010341441384624195,1.0327751169825206e-06,9.707172239359352e-07,7.352060293897011e-08,1.0038615272378593e-08,1.1953460443692165e-07,4.1325737498709714e-08,7.776620236654708e-07,0.0,-1.069357224992018e-08,7.789531650814752e-07,1.167974605920108e-09,1.2442969987702668e-09,1.2317037667575192e-10,3.195424014279524e-08,7.776620236654708e-07,1.9176407306531473e-07,7.235263410620973e-08,8.795679740103424e-09,1.19411438959105e-07,9.371497355914471e-09,0.0,0.0
2.8775000828318298e-05,0.012788508320227265,0.002692672317253786,1.0328107610279301e-06,0.010922494713674867,1.032853788274224e-06,9.702357601781841e-07,7.300960191969352e-08,1.0597394961564532e-08,1.1956011292113544e-07,4.132609987550495e-08,7.77666002704791e-07,0.0,-1.0694541252576073e-08,7.802794925737544e-07,2.4903186179869863e-09,4.476816695131447e-10,1.2319069375710257e-10,3.1954410673051825e-08,7.77666002704791e-07,1.8995619655015616e-07,7.051928463397417e-08,1.0143604178836085e-08,1.1943691902160936e-07,9.371688314274706e-09,0.0,0.0
2.8777501938748173e-05,0.012790298205800354,0.00025880665564947947,1.032863589124259e-06,0.011523772929895124,1.0329172255296726e-06,9.697201903691166e-07,7.243023958380945e-08,1.1174835279348372e-08,1.1963236090650753e-07,4.132671804768506e-08,7.776576467222185e-07,0.0,-1.0695479168987276e-08,7.776285997351806e-07,-1.5225713745348202e-10,2.2777142394403427e-09,1.2321264841741453e-10,3.195481212969753e-08,7.776576467222185e-07,1.9209163326650014e-07,7.258249468122813e-08,8.903361603529447e-09,1.19509138585272e-07,9.371903253452274e-09,0.0,0.0
2.8780001230188645e-05,0.012792089546564966,-0.001763906404839588,1.0328366276589036e-06,0.010297446650090072,1.0328783446311718e-06,9.70857399806846e-07,7.357880349445622e-08,9.997352279356164e-09,1.1962166013290698e-07,4.1327215427600095e-08,7.776569646011922e-07,0.0,-1.069632737937809e-08,7.790284826114657e-07,1.2483053479783734e-09,3.958553623784056e-11,1.2322923237384487e-10,3.1955092794078155e-08,7.776569646011922e-07,1.9182893140623491e-07,7.233049359456345e-08,9.952183965822314e-09,1.1949843781167147e-07,9.37212174534352e-09,0.0,0.0
2.8782500521629117e-05,0.012793879432138056,0.00031794792410000383,1.032810746656664e-06,0.012363041828375538,1.032842305903614e-06,9.688394584372872e-07,7.162634574342519e-08,1.1977802749640887e-08,1.1955542333907943e-07,4.132767017495098e-08,7.776577035656373e-07,0.0,-1.0697323027386574e-08,7.77754223690863e-07,-2.674184484963149e-11,2.0736887762495826e-09,1.232324797761919e-10,3.1955355694890386e-08,7.776577035656373e-07,1.910852773789884e-07,7.16530905719992e-08,9.905776643392983e-09,1.194321868069892e-07,9.372315368239015e-09,0.0,0.0
2.8785001632058993e-05,0.012795669317711145,0.002519470949688296,1.0328615332077342e-06,0.010338190972059581,1.0329033557354705e-06,9.708401194075122e-07,7.360890208474302e-08,1.0036730557771989e-08,1.195656835761838e-07,4.1328338085122596e-08,7.776654911140213e-07,0.0,-1.0698176566847906e-08,7.800883281561255e-07,2.299627821500394e-09,7.649679778509721e-10,1.2324286036147214e-10,3.19557891259592e-08,7.776654911140213e-07,1.9075172019711317e-07,7.13092731530196e-08,9.27361121227932e-09,1.1944244704409357e-07,9.372546294628137e-09,0.0,0.0
2.8787500923499465e-05,0.012797459203284234,0.001393026832202604,1.0329315624410797e-06,0.012350375314990461,1.0329791848562309e-06,9.689840680948691e-07,7.170067561901305e-08,1.1967316915217907e-08,1.1961964219153742e-07,4.132865782935369e-08,7.776637289680366e-07,0.0,-1.0699134911362762e-08,7.795161991452915e-07,1.729245968640214e-09,9.704045345060308e-10,1.232648011439963e-10,3.195593123450635e-08,7.776637289680366e-07,1.894677978953041e-07,6.99714277629937e-08,1.0989277932083041e-08,1.1949637723773776e-07,9.372729259382595e-09,0.0,0.0
2.8790000214939937e-05,0.012799249088857323,-0.0002289946285409794,1.0329523972855593e-06,0.01111944491398312,1.0329970336897532e-06,9.701795988803497e-07,7.289178682867714e-08,1.0787858606420286e-08,1.1963057033881341e-07,4.132935416123473e-08,7.776573056617053e-07,0.0,-1.0700141217512282e-08,7.776594088682032e-07,-1.211553912749963e-10,1.7948835751013803e-09,1.2328722764909372e-10,3.1956364665575165e-08,7.776573056617053e-07,1.9252023264471063e-07,7.30129414705516e-08,9.007851353715068e-09,1.1950729117415904e-07,9.372988607481147e-09,0.0,0.0
2.8792501325369813e-05,0.012801038974430412,-0.0004368611203320327,1.0329404792295727e-06,0.009689459712027245,1.032982368087687e-06,9.715380429042852e-07,7.425371961744531e-08,9.41367872542287e-09,1.1962647761265544e-07,4.132971298531629e-08,7.776577604090562e-07,0.0,-1.0700968111621023e-08,7.79012850671279e-07,1.2317642461567857e-09,7.546149816128889e-11,1.2331696774836587e-10,3.1956538748545427e-08,7.776577604090562e-07,1.9252512117873266e-07,7.302195825786839e-08,9.32464505609687e-09,1.195031558154369e-07,9.373174236770865e-09,0.0,0.0
2.8795000616810285e-05,0.012802827404811978,0.00011322762755094917,1.0329346912698628e-06,0.012834477859689152,1.0329720225854544e-06,9.685094255473814e-07,7.124006629055657e-08,1.2430312779088126e-08,1.1961165569118748e-07,4.133022457608604e-08,7.776577604090562e-07,0.0,-1.0702034813903083e-08,7.775767016937607e-07,-2.0440919790143397e-10,1.8989385619505583e-09,1.2332708465567777e-10,3.195682296563973e-08,7.776577604090562e-07,1.9093279490789428e-07,7.144447522478004e-08,1.0539577210977313e-08,1.1948831968311424e-07,9.373403386803147e-09,0.0,0.0
2.8797499908250757e-05,0.012804617290385067,0.0017372941220608062,1.032967813491686e-06,0.008149343444271592,1.0330049917683937e-06,9.730416650199913e-07,7.578768190796836e-08,7.92965071383378e-09,1.195883072568904e-07,4.1330764588565216e-08,7.776656616442779e-07,0.0,-1.0702948749496954e-08,7.800155685799837e-07,2.226613338152106e-09,3.6694153271454866e-10,1.2333883914195098e-10,3.19571462625845e-08,7.776656616442779e-07,1.9302603959658882e-07,7.356106834777165e-08,7.568390358869692e-09,1.1946497124881716e-07,9.373615661445456e-09,0.0,0.0
2.8800001018680632e-05,0.012806407175958157,0.002183805878967604,1.0330379966949108e-06,0.012127488588426005,1.0330830946259084e-06,9.692931826066342e-07,7.200552687436357e-08,1.175509201090108e-08,1.1962491441863676e-07,4.133105946380056e-08,7.776627057864971e-07,0.0,-1.0703858244198727e-08,7.792395422256959e-07,1.4535147530025938e-09,1.1270478994518385e-09,1.2334853971562865e-10,3.195727416027694e-08,7.776627057864971e-07,1.9005358353751944e-07,7.055201223238328e-08,1.0608619760432703e-08,1.195015641997088e-07,9.373786191702038e-09,0.0,0.0
2.8802500310121104e-05,0.012808195606339723,-0.0003317200372200402,1.0330711199607974e-06,0.011066778213877743,1.033120838656032e-06,9.703455816634232e-07,7.301044746554908e-08,1.0738599343085298e-08,1.196778498524509e-07,4.133173803211321e-08,7.776572488182865e-07,0.0,-1.0704994224397524e-08,7.778659778523433e-07,8.539410151220395e-11,1.5557093391294075e-09,1.2337091070957484e-10,3.1957696933204716e-08,7.776572488182865e-07,1.924795327568063e-07,7.292505443956543e-08,9.20723763897513e-09,1.195544712118135e-07,9.374041098908492e-09,0.0,0.0
2.8805005058529787e-05,0.01280998985748738,-0.0014866118721954535,1.0330384945196445e-06,0.009175689342701432,1.0330783197787241e-06,9.721205742607708e-07,7.480776531565425e-08,8.919876393065351e-09,1.1965586566020647e-07,4.133202935463487e-08,7.776569646011922e-07,0.0,-1.070577582140686e-08,7.788358402649465e-07,1.0554580542887493e-09,1.4045554996844345e-10,1.233914220799548e-10,3.195782838361083e-08,7.776569646011922e-07,1.932847766283885e-07,7.375231092510148e-08,8.757832681283162e-09,1.1953247280871437e-07,9.374200971024038e-09,0.0,0.0
2.8807506168959662e-05,0.012811778287868947,0.0007987302863627921,1.0330261922363743e-06,0.013684927971513886,1.0330584245821228e-06,9.677750085756998e-07,7.050965677990462e-08,1.3243931284989685e-08,1.196071792719522e-07,4.133255870897301e-08,7.776581583129882e-07,0.0,-1.0706910025248817e-08,7.777600785630057e-07,-2.1476908793061078e-11,2.0676378387207706e-09,1.2341304367335937e-10,3.1958144575128244e-08,7.776581583129882e-07,1.9001490159098466e-07,7.053112938137929e-08,1.1186025439258174e-08,1.1948377220960538e-07,9.374415022023186e-09,0.0,0.0
2.8810005460400134e-05,0.012813566718250513,0.002469128657586972,1.0330846356185547e-06,0.008417291667689139,1.0331262956242426e-06,9.728962595545454e-07,7.561282444612516e-08,8.189151579074405e-09,1.1961604684529448e-07,4.1333077405170116e-08,7.776673101034248e-07,0.0,-1.0707825737199528e-08,7.805933819327038e-07,2.8025952669707976e-09,3.3328884097016953e-10,1.2344202049430208e-10,3.195848563564141e-08,7.776673101034248e-07,1.9230283498927747e-07,7.28102307334666e-08,7.861090445260288e-09,1.1949261136123823e-07,9.374591769528706e-09,0.0,0.0
2.8812504751840606e-05,0.012815356603823602,0.001308134659246174,1.0331522443097202e-06,0.012742241904739106,1.0332007605029503e-06,9.688137652119622e-07,7.148803149448213e-08,1.2344859356971938e-08,1.1966371005200926e-07,4.1333400702114886e-08,7.776620236654708e-07,0.0,-1.0708701481121352e-08,7.7902427619847e-07,1.2387572079219922e-09,1.435229268764715e-09,1.2346218491998684e-10,3.1958613533333846e-08,7.776620236654708e-07,1.8978953164605628e-07,7.024927839438533e-08,1.089091750117177e-08,1.195402461462436e-07,9.3747898333163e-09,0.0,0.0
2.8815005862270482e-05,0.012817145034205168,-0.0005545852643901866,1.033165721016038e-06,0.010955728948862245,1.0332101965104812e-06,9.705333923193393e-07,7.319197692368107e-08,1.0632900782070465e-08,1.1968424473707273e-07,4.133410058670961e-08,7.776571919748676e-07,0.0,-1.0709808151432298e-08,7.780088822073594e-07,2.2821938783224027e-10,1.6542673897390614e-09,1.2348065625555904e-10,3.195910380782152e-08,7.776571919748676e-07,1.9252452432283462e-07,7.296375770238228e-08,9.00485375154858e-09,1.1956076662045234e-07,9.374999443423349e-09,0.0,0.0
2.8817505153710954e-05,0.012818933464586735,-0.0007874465297632582,1.033141719711701e-06,0.00945345529721248,1.0331823432352394e-06,9.719491345094866e-07,7.462125495294458e-08,9.188277694249791e-09,1.1967023283432354e-07,4.133436348752184e-08,7.776576467222185e-07,0.0,-1.0710523135060157e-08,7.79241133841424e-07,1.4599924602620717e-09,2.595131332050471e-10,1.234946173100937e-10,3.195923170551396e-08,7.776576467222185e-07,1.927080006680626e-07,7.316126726664152e-08,8.903328740927918e-09,1.1954674050684844e-07,9.375130893829464e-09,0.0,0.0
2.8820004445151426e-05,0.012820721894968301,0.0005613029952871162,1.0331376752920244e-06,0.01428884631208136,1.0331741577829234e-06,9.673058229964226e-07,7.000471669016406e-08,1.3821684241577259e-08,1.1964297641497978e-07,4.133498876512931e-08,7.776581583129882e-07,0.0,-1.0711667108864731e-08,7.777316568535753e-07,-4.998097075104013e-11,2.4682760280114735e-09,1.235052754511301e-10,3.195963316215966e-08,7.776581583129882e-07,1.895741661428474e-07,7.005469626619742e-08,1.1367645491588974e-08,1.1951946987664996e-07,9.375356491148068e-09,0.0,0.0
2.88225055555813e-05,0.012822510325349867,0.0021120878441021063,1.0331854870260142e-06,0.007372446086475474,1.033224179991521e-06,9.73995383901638e-07,7.669448365277276e-08,7.180728456290808e-09,1.196325314367641e-07,4.133545772333491e-08,7.776683901283832e-07,0.0,-1.071252953011026e-08,7.809878184161789e-07,3.1959235258227636e-09,1.5657253271683658e-10,1.235191254833623e-10,3.1959981328100184e-08,7.776683901283832e-07,1.9300757969631377e-07,7.349856190330684e-08,7.029854920403977e-09,1.1950901068757958e-07,9.375473730699468e-09,0.0,0.0
2.8825004847021773e-05,0.012824298755731434,0.0018746208040791856,1.0332567865347027e-06,0.013627154783655828,1.0333052387068165e-06,9.680641142040258e-07,7.072344487824012e-08,1.3191959524760932e-08,1.196790861968111e-07,4.133586983812165e-08,7.77661512074701e-07,0.0,-1.071335731239742e-08,7.788660241203615e-07,1.0809673156586541e-09,2.0628931896027325e-09,1.2353496003925102e-10,3.196017672735252e-08,7.77661512074701e-07,1.8919803324024542e-07,6.964248200347356e-08,1.110313441188282e-08,1.1955555123677186e-07,9.375695775304393e-09,0.0,0.0
2.8827504138462245e-05,0.012826085730921477,-0.000584104156398535,1.0332798477470201e-06,0.011448730001966318,1.0333292266295757e-06,9.701709586806828e-07,7.278878655370136e-08,1.1107225361683959e-08,1.197247030404469e-07,4.133659103899845e-08,7.77657419348543e-07,0.0,-1.0714499509845155e-08,7.785460525155941e-07,7.650724498375894e-10,1.4030494543959549e-09,1.2356443646055482e-10,3.1960723845259054e-08,7.77657419348543e-07,1.9162486353252461e-07,7.202371676839903e-08,9.737291861711128e-09,1.1960113965869823e-07,9.375866305560976e-09,0.0,0.0
2.883000524889212e-05,0.012827874161303043,-0.0014855858296609625,1.0332428327825052e-06,0.009147467923208856,1.0332822739655967e-06,9.723358971314155e-07,7.498649523540735e-08,8.894411429594129e-09,1.1969228808084154e-07,4.133688236152011e-08,7.776570782880299e-07,0.0,-1.0715160314589411e-08,7.790243330418889e-07,1.2437062490988637e-09,5.550869208725828e-10,1.2357904977111644e-10,3.196083042666942e-08,7.776570782880299e-07,1.933115072461078e-07,7.37427896524423e-08,8.312068366933545e-09,1.1956871048823814e-07,9.376051046672274e-09,0.0,0.0
2.8832504540332593e-05,0.01282966259168461,0.0010932607456066168,1.0332358163215075e-06,0.014302248691822134,1.0332695410397719e-06,9.673799468146171e-07,7.00789826169057e-08,1.3835708578824324e-08,1.1964208113113273e-07,4.1337550271691725e-08,7.776588404340146e-07,0.0,-1.0716322940140799e-08,7.779833595122909e-07,2.0092232044799374e-10,2.418766964495944e-09,1.2359206713608017e-10,3.196129227944766e-08,7.776588404340146e-07,1.893965588806168e-07,6.987806244751482e-08,1.1432891966478564e-08,1.1951848932767462e-07,9.376257992244064e-09,0.0,0.0
2.8835003831773065e-05,0.012831449566874653,0.002798135408855096,1.033305354605334e-06,0.0072244010007670115,1.0333473028367735e-06,9.742537940837792e-07,7.692422343552607e-08,7.038400084979912e-09,1.1966039892286062e-07,4.133800501904261e-08,7.776691290928284e-07,0.0,-1.071711874800485e-08,7.813203524165147e-07,3.5275919962884927e-09,8.44597100591038e-11,1.2360468204519748e-10,3.196159426011036e-08,7.776691290928284e-07,1.9293342745640985e-07,7.339663454786205e-08,6.9550560866105116e-09,1.195367929085478e-07,9.376410758932252e-09,0.0,0.0
2.883750494220294e-05,0.01283323799725622,0.001180082789056236,1.0333765022682306e-06,0.014142396491104816,1.0334274520573672e-06,9.676856507212506e-07,7.030845949884679e-08,1.3685394151252694e-08,1.197162760036008e-07,4.133844555553878e-08,7.776608299536747e-07,0.0,-1.0718011367316649e-08,7.785732805132284e-07,7.887848707532896e-10,2.0377346476863067e-09,1.236276497840194e-10,3.1961786106649015e-08,7.776608299536747e-07,1.8911232757545804e-07,6.951967890245214e-08,1.1627988349971474e-08,1.1959265577843325e-07,9.376658560711348e-09,0.0,0.0
2.8840004233643413e-05,0.012835024972446263,-0.0007989830671302212,1.0333833124257107e-06,0.010124217465180758,1.0334284752389067e-06,9.715342912386404e-07,7.414532632310511e-08,9.836024439380253e-09,1.1973176583524037e-07,4.133910280756936e-08,7.776571351314487e-07,0.0,-1.071910560312972e-08,7.784336162330874e-07,6.528091400781477e-10,1.2802552351587337e-09,1.236551416816667e-10,3.196230125013244e-08,7.776571351314487e-07,1.931006323729889e-07,7.349251518462552e-08,8.587715427665898e-09,1.196081171883634e-07,9.37680155743692e-09,0.0,0.0
2.8842503525083885e-05,0.012836811947636306,-0.0007431261275647749,1.033355755316998e-06,0.009289995217750214,1.033394028127077e-06,9.723021321406122e-07,7.494033127386501e-08,9.032682157794625e-09,1.1970419677709287e-07,4.133945452622356e-08,7.776576467222185e-07,0.0,-1.0719764631517137e-08,7.792326641720138e-07,1.4513530377513462e-09,5.133836133985881e-10,1.2367797064261055e-10,3.196240072611545e-08,7.776576467222185e-07,1.930694963903079e-07,7.348897668180143e-08,8.488482805546482e-09,1.1958051970850647e-07,9.377051135572856e-09,0.0,0.0
2.884500463551376e-05,0.012838600378017873,0.0009213245906619649,1.0333589422724516e-06,0.014962907567445918,1.0333966429243446e-06,9.668685834185453e-07,6.9534181079689e-08,1.4467165243559066e-08,1.1967554769398703e-07,4.134007980383103e-08,7.776587835905957e-07,0.0,-1.0720895282645415e-08,7.779554493936303e-07,1.729164589292509e-10,2.416036481989181e-09,1.2370404700590143e-10,3.1962855473466334e-08,7.776587835905957e-07,1.8891310560320562e-07,6.936126339951443e-08,1.2065859422705216e-08,1.195518422036912e-07,9.377221665829438e-09,0.0,0.0
2.8847503926954232e-05,0.012840387353207916,0.002216667308257314,1.0334150174091509e-06,0.0076165971281453235,1.033454509524745e-06,9.739737834024709e-07,7.662783474415846e-08,7.418365921552095e-09,1.1967775037646788e-07,4.1340577183746063e-08,7.776682195981266e-07,0.0,-1.0721692866866306e-08,7.810760394022509e-07,3.2840743457995814e-09,4.849394150130415e-11,1.237231567197128e-10,3.196315390141535e-08,7.776682195981266e-07,1.9289778663278412e-07,7.334376306289414e-08,7.3741017736495e-09,1.1955403067531734e-07,9.37742239415229e-09,0.0,0.0
2.8850003218394704e-05,0.01284217432839796,0.0015307808023257152,1.0334819833771468e-06,0.013793081607053023,1.0335298838981544e-06,9.681129995442461e-07,7.07325469306852e-08,1.3353261607562672e-08,1.1971978608471545e-07,4.1341017720242235e-08,7.77660716266837e-07,0.0,-1.072256772260971e-08,7.785426987538813e-07,7.582514616188973e-10,2.1949104755947246e-09,1.2373622959582775e-10,3.196337416966344e-08,7.77660716266837e-07,1.89570343422929e-07,6.997429835564617e-08,1.1139392519510238e-08,1.1959603796185547e-07,9.377645326935635e-09,0.0,0.0
2.885250432882458e-05,0.012843961303588003,-0.0007426010082531853,1.03349606795452e-06,0.01078926172943738,1.0335446631870582e-06,9.710029189591296e-07,7.358553943959123e-08,1.0476404632697722e-08,1.197601164903972e-07,4.134168563041385e-08,7.776573056617053e-07,0.0,-1.0723630872178092e-08,7.786663900333224e-07,8.853608957082315e-10,1.0503619085611149e-09,1.2374824776006932e-10,3.196387865500583e-08,7.776573056617053e-07,1.9233655734751665e-07,7.270018187455207e-08,9.452071125792827e-09,1.1963636836753722e-07,9.37780963994328e-09,0.0,0.0
2.8855003620265052e-05,0.012845748278778046,-0.0013328196314572813,1.0334589807025992e-06,0.009405528881934815,1.033495323099487e-06,9.722840559334145e-07,7.49005479860898e-08,9.144845769526455e-09,1.197264793972863e-07,4.1342023138213335e-08,7.77657021444611e-07,0.0,-1.0724371612980121e-08,7.786663331899035e-07,8.855645106109478e-10,8.223525194139825e-10,1.2376251412593575e-10,3.1963974578275156e-08,7.77657021444611e-07,1.9361769432180154e-07,7.401498436365728e-08,8.302208698296454e-09,1.1960271706357162e-07,9.37804767175976e-09,0.0,0.0
2.8857502911705524e-05,0.01284753525396809,0.0012580339798075532,1.0334576443015586e-06,0.013481074780605028,1.0334908893128159e-06,9.683682264949312e-07,7.103437127398138e-08,1.3054644476540034e-08,1.1967362922860048e-07,4.1342676837530234e-08,7.776602046760672e-07,0.0,-1.0725388577270678e-08,7.783573323649762e-07,5.733273300556618e-10,2.232933393742087e-09,1.2377886215997336e-10,3.196447551090387e-08,7.776602046760672e-07,1.9001089412995498e-07,7.046104144592391e-08,1.0831152863488569e-08,1.1954985268403107e-07,9.378199550269528e-09,0.0,0.0
2.88600040221354e-05,0.01284932077396661,0.002746417684230895,1.033529144586851e-06,0.00797186394350845,1.0335714932807605e-06,9.737395885167643e-07,7.636809584710136e-08,7.762519516063549e-09,1.1970266200478363e-07,4.134314224302216e-08,7.776687880323152e-07,0.0,-1.0726274091155119e-08,7.813201818862581e-07,3.527567571381951e-09,4.15187779989612e-11,1.2378680025459943e-10,3.196470288457931e-08,7.776687880323152e-07,1.9241940663050627e-07,7.284052827571941e-08,7.726226769477762e-09,1.1957888546021422e-07,9.378436693907588e-09,0.0,0.0
2.886250331357587e-05,0.012851107749156654,0.0006894282381599837,1.0335905423010524e-06,0.013033893448148093,1.0336399327570689e-06,9.689401849755086e-07,7.151727743348602e-08,1.2629063128599682e-08,1.197636834149307e-07,4.1343618306655117e-08,7.776591814945277e-07,0.0,-1.0727084109873886e-08,7.780146233926644e-07,2.3165541707115267e-10,2.6042308309826012e-09,1.238048691343252e-10,3.196500131252833e-08,7.776591814945277e-07,1.9092550473942538e-07,7.128562629077351e-08,1.0005723360961838e-08,1.1963987844865187e-07,9.378620546840466e-09,0.0,0.0
2.8865002605016343e-05,0.012852894724346697,-0.0012122966051336115,1.0335811987730579e-06,0.010977477111753727,1.0336252671550028e-06,9.70894916463294e-07,7.346345398673293e-08,1.0657976723393858e-08,1.1977428471254825e-07,4.134431819124984e-08,7.776571919748676e-07,0.0,-1.0728100185986023e-08,7.791197162987373e-07,1.3387302377765309e-09,7.53426820931935e-10,1.2384279712840396e-10,3.196549869244336e-08,7.776571919748676e-07,1.917751717428473e-07,7.212472752371468e-08,9.927136446208351e-09,1.1965043711370527e-07,9.378819498806479e-09,0.0,0.0
2.886750371544622e-05,0.012854680244345218,-0.0005232066598499507,1.0335502110151865e-06,0.010156012791246644,1.0335849083276116e-06,9.716433169160155e-07,7.424713288628482e-08,9.86802195512837e-09,1.1973874336490553e-07,4.1344634382767254e-08,7.776574761919619e-07,0.0,-1.0728855137642768e-08,7.786875357851386e-07,9.061770778195921e-10,1.3365640816331847e-09,1.238556757154896e-10,3.1965605273853726e-08,7.776574761919619e-07,1.9295583797429572e-07,7.334095641908789e-08,8.513105775875829e-09,1.1961488155520783e-07,9.379026444378269e-09,0.0,0.0
2.887000300688669e-05,0.012856467219535261,0.0014375050851631599,1.0335665493012098e-06,0.012573763388861672,1.0336025297874585e-06,9.693391120890738e-07,7.196825890787295e-08,1.2188240638977277e-08,1.1970891478085832e-07,4.1345430190631305e-08,7.77661909978633e-07,0.0,-1.0729800159481329e-08,7.788414677634137e-07,1.0556879814771492e-09,2.284702871335753e-09,1.2387493808496686e-10,3.19662127878928e-08,7.77661909978633e-07,1.9049760169309593e-07,7.091257003821738e-08,9.916780285834648e-09,1.195850387603059e-07,9.379215626381665e-09,0.0,0.0
2.8872502298327163e-05,0.012858252739533782,0.0024067542235155504,1.0336351893199612e-06,0.008168035827171316,1.0336769946661661e-06,9.736477295518853e-07,7.624663567185053e-08,7.952789538023808e-09,1.197314247747272e-07,4.134585651627276e-08,7.77669697527017e-07,0.0,-1.0730637711731106e-08,7.815633580321446e-07,3.7697995836083464e-09,1.515092634685189e-10,1.2389320125372194e-10,3.1966408187145134e-08,7.77669697527017e-07,1.9208437151974067e-07,7.24768369764206e-08,7.79959918872919e-09,1.1960753454332007e-07,9.379447440949207e-09,0.0,0.0
2.887500340875704e-05,0.012860038259532303,0.0009418220557640966,1.0336949788190935e-06,0.012904025045197498,1.033742364597856e-06,9.69158463703934e-07,7.171445304265944e-08,1.2506045088400697e-08,1.1978509917298652e-07,4.1346471135739193e-08,7.776588404340146e-07,0.0,-1.0731447730449872e-08,7.779368615956628e-07,1.540944732925098e-10,3.1425806401585987e-09,1.2391536408085102e-10,3.196683096007291e-08,7.776588404340146e-07,1.9122154526485247e-07,7.156035763955515e-08,9.353825269897698e-09,1.1966119473072467e-07,9.379639287487862e-09,0.0,0.0
2.887750270019751e-05,0.012861825234722346,-0.0013097330511974703,1.0336884043408838e-06,0.00939509664802706,1.0337352023270796e-06,9.72518705566472e-07,7.505246202299531e-08,9.136907230811175e-09,1.1980893077634391e-07,4.134723141646646e-08,7.776573056617053e-07,0.0,-1.0732366106935842e-08,7.798149681548239e-07,2.0336829997802397e-09,5.41712896762192e-10,1.2394167636653464e-10,3.196734255084266e-08,7.776573056617053e-07,1.9270376583335747e-07,7.301878213183954e-08,8.611240609468496e-09,1.1968498370151792e-07,9.379887977445378e-09,0.0,0.0
2.8880001991637982e-05,0.012863610754720867,-0.001018886221400922,1.033646826378082e-06,0.011133528409636523,1.0336814284528373e-06,9.707923709356692e-07,7.336933549595415e-08,1.080834444167067e-08,1.1976594294083043e-07,4.1347558266124906e-08,7.776570782880299e-07,0.0,-1.073314237487466e-08,7.784328772686422e-07,6.518813822076197e-10,1.8921257893822485e-09,1.2396135506964612e-10,3.196749176481717e-08,7.776570782880299e-07,1.9235943682360812e-07,7.27174551684584e-08,8.898028980297568e-09,1.1964198165514972e-07,9.380067389486157e-09,0.0,0.0
2.8882503102067858e-05,0.012865396274719387,0.001847901462588064,1.0336616286110041e-06,0.011733138770450619,1.0336942750654998e-06,9.70228029473219e-07,7.284534575546786e-08,1.1383820108790133e-08,1.197189902768514e-07,4.134848552439507e-08,7.776636721246177e-07,0.0,-1.0734016342439645e-08,7.793707936798455e-07,1.5831452815362468e-09,2.179766145360418e-09,1.2397949333831093e-10,3.19681738858435e-08,7.776636721246177e-07,1.9085720737166412e-07,7.12621996967755e-08,9.218161345359022e-09,1.1959501478031598e-07,9.380310750373155e-09,0.0,0.0
2.888500239350833e-05,0.012867181794717908,0.0029580677643161746,1.0337474401526733e-06,0.009935461340757203,1.0337931826143176e-06,9.720517937239492e-07,7.462111284439743e-08,9.657783017757993e-09,1.1976032965321792e-07,4.134885855933135e-08,7.776703228046244e-07,0.0,-1.0734828137515251e-08,7.817773166607367e-07,3.983014806863139e-09,3.3604505289552833e-10,1.2398822246684205e-10,3.19683408633864e-08,7.776703228046244e-07,1.9027444864150311e-07,7.063810159024797e-08,9.311857951388447e-09,1.1963633994582779e-07,9.380519472301785e-09,0.0,0.0
2.8887501684948802e-05,0.012868967314716429,0.0003453131788807573,1.0338064226800414e-06,0.013043742921193046,1.033857188303955e-06,9.691308378023678e-07,7.164352666677587e-08,1.264109350529452e-08,1.198292096660225e-07,4.1349544233071356e-08,7.776581583129882e-07,0.0,-1.0735669242478707e-08,7.777221640026255e-07,-5.998129770645733e-11,3.1403830647036557e-09,1.2399510584959472e-10,3.196881692701936e-08,7.776581583129882e-07,1.914087164323064e-07,7.170350357910138e-08,9.50333234328582e-09,1.1970521995863237e-07,9.380727306051995e-09,0.0,0.0
2.8890002795378678e-05,0.012870752834714949,-0.001653818426751108,1.033783059057159e-06,0.009043175232163775,1.0338258107367437e-06,9.72940483734419e-07,7.546189806362236e-08,8.798471284876541e-09,1.198215358044763e-07,4.13502405649524e-08,7.776570782880299e-07,0.0,-1.0736543210043692e-08,7.796805903126369e-07,1.8994834594110444e-09,2.901385798281808e-10,1.2401650539839437e-10,3.196926101622921e-08,7.776570782880299e-07,1.9325993605434633e-07,7.35624183789696e-08,8.516321869933563e-09,1.1969751767537673e-07,9.380981325080029e-09,0.0,0.0
2.889250208681915e-05,0.012872536899521947,-0.00018048983592100498,1.0337503338089928e-06,0.01199570669804854,1.0337846561014885e-06,9.700601140139042e-07,7.26285520613601e-08,1.1636556607186321e-08,1.197740573388728e-07,4.135058873089292e-08,7.776575330353808e-07,0.0,-1.0737343458799842e-08,7.782576858517132e-07,4.76124806247924e-10,2.0623567298372336e-09,1.2403106319780477e-10,3.196943509919947e-08,7.776575330353808e-07,1.918024565839005e-07,7.215243158498197e-08,9.56067314206166e-09,1.1965002499891852e-07,9.381152743515031e-09,0.0,0.0
2.889500137825962e-05,0.012874322419520468,0.001893519845850733,1.0337809203024007e-06,0.010303409455058832,1.0338180800317787e-06,9.717164175526705e-07,7.429120785218402e-08,1.0011992124248081e-08,1.1976041491834621e-07,4.135146625117159e-08,7.77664808992995e-07,0.0,-1.073820676822379e-08,7.797095804562559e-07,1.9207726520420465e-09,1.6866159580075646e-09,1.2404523241915655e-10,3.19700674822343e-08,7.77664808992995e-07,1.920068086747051e-07,7.237043320174052e-08,8.342309065767495e-09,1.1963636836753722e-07,9.381397880758868e-09,0.0,0.0
2.8897500669700094e-05,0.012876107939518988,0.0021201923198963524,1.033852585935803e-06,0.01000354173910369,1.0338978881918592e-06,9.720828302306472e-07,7.462033835281545e-08,9.724271166078324e-09,1.1979379621607222e-07,4.1351768231834285e-08,7.776687311888963e-07,0.0,-1.0739014122407298e-08,7.810774604877224e-07,3.2847164987970245e-09,5.5454352221318e-10,1.2405231009093853e-10,3.197019182721306e-08,7.776687311888963e-07,1.910053697429248e-07,7.133562718308895e-08,9.154286217949448e-09,1.196697354544085e-07,9.381575516442808e-09,0.0,0.0
2.890000178012997e-05,0.012877892004325986,0.0004839366949108692,1.033899045285085e-06,0.012478734532166962,1.0339471145925927e-06,9.697533869257313e-07,7.225292364410052e-08,1.2101295077115992e-08,1.1984245418261708e-07,4.135252851256155e-08,7.776579877827317e-07,0.0,-1.0739872102760728e-08,7.77777074745245e-07,-5.014577295070488e-12,2.977978752483068e-09,1.2407327942831614e-10,3.197071407612384e-08,7.776579877827317e-07,1.9197631218048627e-07,7.225794007581499e-08,9.13088094023351e-09,1.1971837921009865e-07,9.381817100972967e-09,0.0,0.0
2.890250107157044e-05,0.012879677524324507,-0.0013628841397643754,1.0338833515026806e-06,0.009494747017269272,1.0339283562643686e-06,9.725999916554429e-07,7.509071764388864e-08,9.234590869766635e-09,1.198518333467291e-07,4.135311471031855e-08,7.77657419348543e-07,0.0,-1.0740675016052137e-08,7.799430932209361e-07,2.1615547129982815e-09,1.5241684303557435e-10,1.2409048788519783e-10,3.197107645291908e-08,7.77657419348543e-07,1.9265691264536144e-07,7.292916848200548e-08,9.081822405221374e-09,1.1972774416335596e-07,9.382038257399472e-09,0.0,0.0
2.8905000363010913e-05,0.012881461589131504,-0.000608757504792834,1.03384817613798e-06,0.011983305371457418,1.0338837910239818e-06,9.701628869152046e-07,7.26988034216447e-08,1.1625758133959607e-08,1.1980701231095736e-07,4.135352682510529e-08,7.776571351314487e-07,0.0,-1.0741564970828676e-08,7.779103157190548e-07,1.290748896654037e-10,2.2972892477213236e-09,1.2410619754099628e-10,3.197130027388084e-08,7.776571351314487e-07,1.9225262803956866e-07,7.256972622826652e-08,9.32512023155141e-09,1.196829089167295e-07,9.382225663046029e-09,0.0,0.0
2.890750147344079e-05,0.012883245653938502,0.0021391973957491928,1.0338754801774667e-06,0.009613310237197512,1.0339093705624691e-06,9.724640221975278e-07,7.502514165480534e-08,9.348598339897762e-09,1.1977364522408607e-07,4.135436171281981e-08,7.77665206896927e-07,0.0,-1.0742349232373272e-08,7.799662284924125e-07,2.17685647285748e-09,1.2462642029476e-09,1.2413027550284284e-10,3.1971886471637845e-08,7.77665206896927e-07,1.9249779370511533e-07,7.284828740239391e-08,8.110212945666717e-09,1.1964951340814878e-07,9.382474353003545e-09,0.0,0.0
2.891000076488126e-05,0.0128850297187455,0.0026187239493040693,1.0339603645777283e-06,0.011284151114184276,1.034007823363936e-06,9.709535788715584e-07,7.346248054318494e-08,1.0956386908844706e-08,1.1982412218003446e-07,4.135462106091836e-08,7.776669690429117e-07,0.0,-1.0743252509826107e-08,7.805694508533634e-07,2.778342444997861e-09,8.841397058922951e-10,1.2415475592053582e-10,3.197198950033453e-08,7.776669690429117e-07,1.903840995964856e-07,7.068413765409787e-08,1.0060801969302702e-08,1.1969997615324246e-07,9.382630672405412e-09,0.0,0.0
2.8912500056321733e-05,0.01288681523874402,-0.00011956908139951206,1.0340049874876887e-06,0.011580906389851979,1.0340553444621037e-06,9.707141543913167e-07,7.316766925669071e-08,1.124174975331016e-08,1.1988915105121123e-07,4.135539199978666e-08,7.776573625051242e-07,0.0,-1.0744050094046997e-08,7.777395580887969e-07,-4.2000417033172255e-11,2.461945536325061e-09,1.2419364148197332e-10,3.1972508196531635e-08,7.776573625051242e-07,1.9297462472422922e-07,7.32096694378015e-08,8.788477501298075e-09,1.1976496239185508e-07,9.382883803255027e-09,0.0,0.0
2.8915001166751608e-05,0.012888599303551018,-0.0014381362295614597,1.033977197015439e-06,0.009675759891370943,1.034016008816252e-06,9.725055178932962e-07,7.498515941506412e-08,9.409729884168883e-09,1.1986310255451826e-07,4.1355825430855475e-08,7.776572488182865e-07,0.0,-1.0744940937001957e-08,7.794859016030387e-07,1.7044076150440901e-09,9.97519081225029e-11,1.242193847783568e-10,3.1972749781061793e-08,7.776572488182865e-07,1.9301963050111226e-07,7.328075213308693e-08,9.308753767811595e-09,1.1973888547345268e-07,9.383077426150521e-09,0.0,0.0
2.891750045819208e-05,0.012890383368358016,0.0006472333741704417,1.0339630867959385e-06,0.011777706817796831,1.033997591548541e-06,9.704656349640572e-07,7.299257021031735e-08,1.1429859725353708e-08,1.1981484249190544e-07,4.135631570534315e-08,7.776582151564071e-07,0.0,-1.0745786482857511e-08,7.780013220326509e-07,2.1890221579834446e-10,2.2041017899709914e-09,1.2423122253135688e-10,3.197301978730138e-08,7.776582151564071e-07,1.9246428450969688e-07,7.277366620428438e-08,9.220029184575651e-09,1.1969061119998514e-07,9.383296806220187e-09,0.0,0.0
2.8919999749632552e-05,0.012892167433165014,0.0022473358233414675,1.0340147277863055e-06,0.010528945166904596,1.0340546623410773e-06,9.717198281578021e-07,7.422717374083732e-08,1.0231184788267456e-08,1.198269501401228e-07,4.135700137908316e-08,7.776656616442779e-07,0.0,-1.0746674661277211e-08,7.801866672707547e-07,2.3967683393522066e-09,6.691419640603158e-10,1.242394104261635e-10,3.197346387651123e-08,7.776656616442779e-07,1.9153311825448327e-07,7.183040651170813e-08,9.570700676420074e-09,1.197027188482025e-07,9.383537502571926e-09,0.0,0.0
2.8922500860062428e-05,0.012893950042780489,0.0015072381330254458,1.0340816571826718e-06,0.011450704741450728,1.034127535604057e-06,9.709050345918513e-07,7.337518326266945e-08,1.1117546883099294e-08,1.1986598735802545e-07,4.1357303359745856e-08,7.776638994982932e-07,0.0,-1.0747638334862586e-08,7.795615601935424e-07,1.7734194113216972e-09,1.0309710862799193e-09,1.242440317295035e-10,3.19735526943532e-08,7.776638994982932e-07,1.9134350282001833e-07,7.160176807019525e-08,1.0074469258825047e-08,1.1974174185525044e-07,9.383748889035814e-09,0.0,0.0
2.89250001515029e-05,0.012895734107587487,7.467816308387443e-05,1.0341098795945868e-06,0.011686404904810765,1.0341558436266496e-06,9.707051731311367e-07,7.315073702329755e-08,1.1344053696404899e-08,1.1989682491275744e-07,4.135802456062265e-08,7.776576467222185e-07,0.0,-1.0748555823170136e-08,7.779230486448796e-07,1.4113002433369104e-10,1.6192697183115001e-09,1.242596719963629e-10,3.197397901999466e-08,7.776576467222185e-07,1.9278216711882123e-07,7.300960902512088e-08,9.736080386346657e-09,1.197725651991277e-07,9.384042876092735e-09,0.0,0.0
2.8927499442943372e-05,0.012897518172394484,-0.0008093824759998203,1.0340967719935044e-06,0.010112513680270089,1.0341377674194518e-06,9.721985634314478e-07,7.464772266985165e-08,9.831371272639444e-09,1.198933290424975e-07,4.1358344304853745e-08,7.776575330353808e-07,0.0,-1.0749509726792894e-08,7.789166147631477e-07,1.1347670580974523e-09,1.381725289739677e-10,1.242786984434474e-10,3.1974110470400774e-08,7.776575330353808e-07,1.9328200551171903e-07,7.351295039370598e-08,9.68989599670067e-09,1.1976904090715834e-07,9.384232946274551e-09,0.0,0.0
2.8930000553373247e-05,0.01289930078200996,0.00013451694747331627,1.0340847417757013e-06,0.011290244527762497,1.0341211691411445e-06,9.71048507381056e-07,7.353224873440922e-08,1.0963375096650907e-08,1.1985841297246225e-07,4.1358848790196134e-08,7.776578172524751e-07,0.0,-1.0750406786996791e-08,7.77749335156841e-07,-3.28068718025154e-11,1.6834005300836452e-09,1.2429862694673943e-10,3.197436271307197e-08,7.776578172524751e-07,1.93299172224215e-07,7.356505449251927e-08,9.276225121368498e-09,1.1973411062626838e-07,9.384486077124166e-09,0.0,0.0
2.893250530178193e-05,0.012901089212391526,0.002052950673899989,1.0341238631112288e-06,0.011534787172097865,1.0341613005948602e-06,9.70852056525473e-07,7.333656526498089e-08,1.1198571847614858e-08,1.198506112132236e-07,4.1359324853829094e-08,7.776648658364138e-07,0.0,-1.0751368684225326e-08,7.799699801580573e-07,2.1807766703574316e-09,2.311727614889847e-10,1.2431246310118382e-10,3.1974636272025236e-08,7.776648658364138e-07,1.9088209057827044e-07,7.115578881666806e-08,1.0972017072674589e-08,1.1972630886702973e-07,9.384686805447018e-09,0.0,0.0
2.8935006412211806e-05,0.012902871822007,0.001671132245115503,1.0341902489714314e-06,0.010336250592656509,1.0342371297156205e-06,9.720774869492743e-07,7.451207295616769e-08,1.0047636500587487e-08,1.1990350401447358e-07,4.135962328177811e-08,7.77661909978633e-07,0.0,-1.0752369661304328e-08,7.789078040332242e-07,1.1215769424310906e-09,1.1010330425165193e-09,1.2434089868840204e-10,3.197472153715353e-08,7.77661909978633e-07,1.9316965449434065e-07,7.339049545862508e-08,8.94585738819842e-09,1.1977915903571557e-07,9.384900856446166e-09,0.0,0.0
2.8937505703652278e-05,0.012904655886813998,-0.0004373411661844351,1.0342122606038625e-06,0.011486762744138648,1.0342600944568403e-06,9.709931418910855e-07,7.339585295085271e-08,1.1153567847088652e-08,1.1994001170023694e-07,4.136021658496247e-08,7.776572488182865e-07,0.0,-1.075319566723465e-08,7.779561315146566e-07,1.7451537437374043e-10,9.480594087563077e-10,1.2437116614361088e-10,3.1975055492239335e-08,7.776572488182865e-07,1.9303698195471952e-07,7.322133654952268e-08,1.0201117284225347e-08,1.198156382997695e-07,9.385161092723138e-09,0.0,0.0
2.894000499509275e-05,0.012906438496429473,-0.0007624213966048732,1.0341908735210553e-06,0.01139868497468332,1.0342286032027914e-06,9.71045210462762e-07,7.347765063059342e-08,1.1068638450240087e-08,1.1991038206815574e-07,4.136045816949263e-08,7.776572488182865e-07,0.0,-1.075425970498145e-08,7.784150284351199e-07,6.334292534937447e-10,2.3205530552683484e-10,1.2438622354338236e-10,3.197511944108555e-08,7.776572488182865e-07,1.9263021044935158e-07,7.284422309794536e-08,1.0844540376808709e-08,1.1978599445683358e-07,9.385339616585497e-09,0.0,0.0
2.8942506105522625e-05,0.012908221106044948,0.0009406184101821181,1.0341940500781538e-06,0.00913326207849274,1.0342309906263836e-06,9.732261787576135e-07,7.568656457124234e-08,8.888729752243307e-09,1.1988075243607454e-07,4.1360944891266627e-08,7.776588972774334e-07,0.0,-1.0755113244442782e-08,7.78017636093864e-07,2.343192029297114e-10,1.2535713578287755e-09,1.2441184193967558e-10,3.1975350367474675e-08,7.776588972774334e-07,1.9520858529631369e-07,7.545224178784338e-08,7.632749543518003e-09,1.1975633640304295e-07,9.385595411970371e-09,0.0,0.0
2.8945005396963097e-05,0.012910003715660423,0.001895927180358914,1.0342446146125982e-06,0.012801825906614692,1.034287151924218e-06,9.697552059151349e-07,7.219156827886763e-08,1.2414637318158839e-08,1.1989966708370048e-07,4.1361303715348186e-08,7.776640131851309e-07,0.0,-1.0756003199219322e-08,7.796971317475254e-07,1.9086887625974214e-09,5.876232139767623e-11,1.2442949448576712e-10,3.197551734501758e-08,7.776640131851309e-07,1.900581168001736e-07,7.028287996035942e-08,1.2346192512779908e-08,1.1977523683981417e-07,9.385789034865866e-09,0.0,0.0
2.894750468840357e-05,0.012911786325275898,0.0009999603501820165,1.034296236982171e-06,0.010489797754945126,1.0343417216063244e-06,9.72026555245975e-07,7.443267691087385e-08,1.0196361976966273e-08,1.1993382997843582e-07,4.136164832857503e-08,7.776600341458106e-07,0.0,-1.0757188917409621e-08,7.783480668877019e-07,5.636129341013429e-10,9.745185769460818e-10,1.2443260311023607e-10,3.197560261014587e-08,7.776600341458106e-07,1.9367847414741846e-07,7.386906730744158e-08,9.239307985353662e-09,1.1980939973454952e-07,9.386045718429159e-09,0.0,0.0
2.8950005798833445e-05,0.012913568934891373,-0.00028207299118176987,1.0343090341112609e-06,0.009243833830820258,1.0343547955926624e-06,9.73238229562412e-07,7.562975667951832e-08,8.996452471876637e-09,1.1995116722118837e-07,4.136209597049856e-08,7.776573625051242e-07,0.0,-1.0757929658211651e-08,7.779989914524776e-07,2.1717642961771588e-10,5.080641463095503e-10,1.2445032504526665e-10,3.1975829983821313e-08,7.776573625051242e-07,1.9523930916420795e-07,7.541257929233325e-08,8.477170965193181e-09,1.1982672276644735e-07,9.386265098498825e-09,0.0,0.0
2.8952505090273917e-05,0.012915351544506848,-0.0004512666392031406,1.0342959615284955e-06,0.012498310236926024,1.0343356962039252e-06,9.700898999653873e-07,7.249400368891656e-08,1.2124484527475943e-08,1.1993861903647485e-07,4.1362309133319286e-08,7.776572488182865e-07,0.0,-1.0759046098485214e-08,7.780944315527449e-07,3.1265920408252157e-10,2.579412794467828e-10,1.2447697039785766e-10,3.19758655109581e-08,7.776572488182865e-07,1.9199548262349708e-07,7.218134356890005e-08,1.1866673865768007e-08,1.198141461600244e-07,9.386445398718024e-09,0.0,0.0
2.895500438171439e-05,0.012917134154122323,0.0007819198165250896,1.0343018557838282e-06,0.008885434513572368,1.0343392204958946e-06,9.735658750287257e-07,7.599570039928949e-08,8.650555827216522e-09,1.1991123471943865e-07,4.1362728353533385e-08,7.776589541208523e-07,0.0,-1.0760031088352662e-08,7.780146233926644e-07,2.3119821335182422e-10,7.731724149806496e-10,1.2449234698674871e-10,3.1976032488501005e-08,7.776589541208523e-07,1.9555125163606135e-07,7.576450400392787e-08,7.889100928082371e-09,1.1978674763213348e-07,9.3866967532108e-09,0.0,0.0
2.8957505492144264e-05,0.012918915308546275,0.0017389561505822826,1.0343467564776387e-06,0.010879889348881821,1.0343899248255184e-06,9.71694134932477e-07,7.410774571781076e-08,1.0571924669022792e-08,1.1992412396466534e-07,4.136297349077722e-08,7.776622510391462e-07,0.0,-1.0760881075100315e-08,7.790931135787105e-07,1.3063699011439667e-09,4.659320151922941e-11,1.244981617798402e-10,3.197611064820194e-08,7.776622510391462e-07,1.9260099293205712e-07,7.280137737097903e-08,1.0506500558449261e-08,1.1979962266650546e-07,9.386861066218444e-09,0.0,0.0
2.8960004783584736e-05,0.01292069791816175,0.0007261416500132789,1.034390699548063e-06,0.012143555999598446,1.0344371048631729e-06,9.705261163617251e-07,7.289943937394128e-08,1.1785638243111407e-08,1.199680212948806e-07,4.136334297299982e-08,7.776586130603391e-07,0.0,-1.0762057023327998e-08,7.779534598739701e-07,1.7033913168873482e-10,8.778033300238519e-10,1.245153979922975e-10,3.197620301875759e-08,7.776586130603391e-07,1.9257261385519087e-07,7.272910096389751e-08,1.0921858972778864e-08,1.19843505785866e-07,9.38713995424223e-09,0.0,0.0
2.8962504075025208e-05,0.012922480527777225,-0.00044607573763078,1.0343956920299467e-06,0.008651585785559187,1.0344392649130896e-06,9.738870403452893e-07,7.625286713164314e-08,8.42566727499161e-09,1.1997684623565874e-07,4.136369469165402e-08,7.776573625051242e-07,0.0,-1.0762852831192049e-08,7.781177373544779e-07,3.3584177105971946e-10,2.6684365828089085e-10,1.2453808817536327e-10,3.19763522327321e-08,7.776573625051242e-07,1.9576933141252084e-07,7.591702910758613e-08,8.157012842957556e-09,1.198523023049347e-07,9.387340682565082e-09,0.0,0.0
2.8965005185455084e-05,0.012924261682201177,0.00010365114673960285,1.0343895929191973e-06,0.012763745044693724,1.0344281236029929e-06,9.69920506577182e-07,7.230796938983985e-08,1.2379818059571335e-08,1.199548478325596e-07,4.1363971803320965e-08,7.776576467222185e-07,0.0,-1.0763852920092631e-08,7.780166129123245e-07,2.343900351586825e-10,4.875995718300885e-10,1.245613889810926e-10,3.1976387759868885e-08,7.776576467222185e-07,1.9190386524314818e-07,7.207357555216731e-08,1.1879455641405912e-08,1.1983027548012615e-07,9.38758404345208e-09,0.0,0.0
2.8967504476895556e-05,0.012926042836625129,0.0011653582968886855,1.034412195937043e-06,0.01062494118980775,1.0344507472836995e-06,9.719941544972244e-07,7.438899984890668e-08,1.0327380728369917e-08,1.1994504234280612e-07,4.13644016816761e-08,7.776600909892295e-07,0.0,-1.076489386520052e-08,7.783330602251226e-07,5.484314113957112e-10,5.876544806326933e-10,1.245839681418559e-10,3.1976561842839146e-08,7.776600909892295e-07,1.936610374286829e-07,7.384056743831025e-08,9.758444718954706e-09,1.1982046999037266e-07,9.387840727015373e-09,0.0,0.0
2.8970003768336028e-05,0.012927825446240604,0.0014220556387649491,1.034458319426652e-06,0.010300980109258541,1.0345014516133233e-06,9.72354882833315e-07,7.4729612720148e-08,1.0016208307206398e-08,1.199635306647906e-07,4.136463971349258e-08,7.776617962917953e-07,0.0,-1.0765708324811385e-08,7.788938773956033e-07,1.1074949846090476e-09,1.4580615881332193e-10,1.2460393827851135e-10,3.197660447540329e-08,7.776617962917953e-07,1.9346104807027587e-07,7.362211817962816e-08,9.854134397357939e-09,1.198389298906477e-07,9.388036126267707e-09,0.0,0.0
2.8972504878765903e-05,0.012929606600664556,0.0005904079202386503,1.0344941645103636e-06,0.012066066232666227,1.0345386272092583e-06,9.706942591947154e-07,7.30395370851511e-08,1.1712461223112314e-08,1.1999648563687515e-07,4.1365055380993e-08,7.776582151564071e-07,0.0,-1.0766863844935415e-08,7.77880018176802e-07,9.718716109663461e-11,7.411171121241011e-10,1.2462915421895815e-10,3.1976718162241013e-08,7.776582151564071e-07,1.9281421259620402e-07,7.294234904975383e-08,1.0982541986948036e-08,1.1987185644102283e-07,9.388338995108825e-09,0.0,0.0
2.8975004170206375e-05,0.012931387755088508,-0.0003597432807423834,1.0344982730037945e-06,0.009097910131373623,1.0345405598854995e-06,9.735502999319579e-07,7.588811712366805e-08,8.857273137152788e-09,1.2000469951090054e-07,4.1365332492659945e-08,7.776574761919619e-07,0.0,-1.0767702285363612e-08,7.780971031934314e-07,3.149991656403728e-10,5.6042073759421385e-11,1.246611980310064e-10,3.1976799874655626e-08,7.776574761919619e-07,1.954531541059623e-07,7.557311221262353e-08,8.798776818252918e-09,1.1988004189333878e-07,9.38852906529064e-09,0.0,0.0
2.8977503461646847e-05,0.01293316890951246,0.00020732669357026445,1.0344955582290093e-06,0.012541279657141236,1.034533397614723e-06,9.702310990178376e-07,7.259369994017106e-08,1.2167939544838191e-08,1.1997965998489235e-07,4.1365659342318395e-08,7.776577604090562e-07,0.0,-1.0768702374264194e-08,7.778060080454452e-07,2.352642212988254e-11,5.996318441781057e-10,1.246944214550183e-10,3.1976860270788166e-08,7.776577604090562e-07,1.924251336049565e-07,7.257017387019005e-08,1.1560628898621417e-08,1.1985495973476645e-07,9.388799959708649e-09,0.0,0.0
2.8980004572076723e-05,0.012934950063936412,0.0014918975585747063,1.0345258240369494e-06,0.010272508137450368,1.0345638656872325e-06,9.724387837195536e-07,7.480933561510028e-08,9.989385318931454e-09,1.199679360297523e-07,4.1366018166399954e-08,7.77661512074701e-07,0.0,-1.0769682035061123e-08,7.788113407514174e-07,1.0251479665157603e-09,2.250501451861453e-10,1.247105890778144e-10,3.197699527390796e-08,7.77661512074701e-07,1.9362741454642673e-07,7.378418587222768e-08,9.776099929581505e-09,1.198432357796264e-07,9.389022892491994e-09,0.0,0.0
2.8982503863517195e-05,0.012936731218360364,0.0012788988549795738,1.034575176199848e-06,0.011203436040335262,1.0346203680455801e-06,9.715982969282777e-07,7.393318668391657e-08,1.0885239376534628e-08,1.2000411686585721e-07,4.13662455400754e-08,7.776610004839313e-07,0.0,-1.0770542679949813e-08,7.785967568452179e-07,8.110832006025248e-10,4.3436931829177183e-10,1.2470856292079446e-10,3.197702724833107e-08,7.776610004839313e-07,1.9300151166135038e-07,7.312210215104642e-08,1.0439996422917375e-08,1.198794024048766e-07,9.389218291744328e-09,0.0,0.0
2.8985003154957667e-05,0.012938512372784317,-4.6982272236484324e-05,1.034597118536561e-06,0.011296593713014827,1.034641627484234e-06,9.71528379523079e-07,7.383368227920073e-08,1.0974961384135895e-08,1.2003715710307006e-07,4.136667541843053e-08,7.776575330353808e-07,0.0,-1.0771570302381406e-08,7.778482427056588e-07,6.595272245002448e-11,6.083220038810566e-10,1.2471865207253074e-10,3.1977190673160294e-08,7.776575330353808e-07,1.9368016523912956e-07,7.376772970246748e-08,1.0374151315772906e-08,1.1991244264208945e-07,9.389484745270238e-09,0.0,0.0
2.898750244639814e-05,0.012940293527208269,-0.0002851158346359739,1.0345912033564386e-06,0.010530747041107033,1.0346295766794356e-06,9.722516551846638e-07,7.457435202695706e-08,1.0238536241047314e-08,1.2001974880604394e-07,4.1366902792105975e-08,7.776575898787996e-07,0.0,-1.0772435388162194e-08,7.781925432936987e-07,4.1025338681777157e-10,9.3508520371266e-11,1.247296016471111e-10,3.197723330572444e-08,7.776575898787996e-07,1.9405912610181986e-07,7.416409886218389e-08,1.0141151030040874e-08,1.198950201342086e-07,9.389667710024696e-09,0.0,0.0
2.8990003556828015e-05,0.012942073226440698,0.0008361093089528371,1.0346010093830719e-06,0.011907928296175459,1.0346394674343173e-06,9.709368669064133e-07,7.327798812184483e-08,1.1561846591234826e-08,1.2000000992884452e-07,4.1367290037896964e-08,7.776588972774334e-07,0.0,-1.0773430147992258e-08,7.779988777656399e-07,2.152536898725188e-10,7.246108157943354e-10,1.247404124438134e-10,3.197735409798952e-08,7.776588972774334e-07,1.9293800335162814e-07,7.306273630547366e-08,1.083719158856411e-08,1.1987526704615448e-07,9.389935939907446e-09,0.0,0.0
2.8992502848268487e-05,0.01294385438086465,0.001462256213549562,1.0346419468222546e-06,0.01019992280039045,1.0346826684326516e-06,9.726201142257196e-07,7.494487164194652e-08,9.920650079209281e-09,1.2001322602372966e-07,4.1367581360418626e-08,7.776619668220519e-07,0.0,-1.077437072893872e-08,7.789323035467532e-07,1.145531336455008e-09,4.6078727639065065e-11,1.2475739885609016e-10,3.1977450021258846e-08,7.776619668220519e-07,1.9368779646811163e-07,7.379934174878144e-08,9.878283080411165e-09,1.1988845471933018e-07,9.39012956280294e-09,0.0,0.0
2.899500213970896e-05,0.01294563408009708,0.0009168864337638638,1.0346842884056873e-06,0.011510419830228843,1.034728597915091e-06,9.714041198094492e-07,7.37044629772754e-08,1.118126924382068e-08,1.2004004190657724e-07,4.136786202479925e-08,7.776595793984598e-07,0.0,-1.0775331737988836e-08,7.781488875480136e-07,3.645201640534168e-10,6.568712795917975e-10,1.2477797961540915e-10,3.1977510417391386e-08,7.776595793984598e-07,1.9325520383972616e-07,7.333994744840311e-08,1.0520990301188249e-08,1.1991527060217777e-07,9.390351607407865e-09,0.0,0.0
2.8997503250138834e-05,0.012947415234521031,-1.425379569397478e-05,1.0347003656868522e-06,0.010089931964781316,1.034744968819723e-06,9.727850738272537e-07,7.506576338300874e-08,9.815335211271758e-09,1.200617703034368e-07,4.136818532174402e-08,7.776575898787996e-07,0.0,-1.0776322945105221e-08,7.780163286952302e-07,2.339604621148794e-10,2.2793437970403119e-10,1.2480128042113847e-10,3.1977634762370144e-08,7.776575898787996e-07,1.947687735537329e-07,7.483180297640502e-08,9.592548089187858e-09,1.1993697057732788e-07,9.390550559373878e-09,0.0,0.0
2.9000002541579306e-05,0.01294919493375346,-0.00015644422741777075,1.034697327775445e-06,0.010635234442098665,1.0347362149332184e-06,9.72250404629449e-07,7.454707429133123e-08,1.0340110989659479e-08,1.2004586835701048e-07,4.136839848456475e-08,7.776574761919619e-07,0.0,-1.0777235992520673e-08,7.778689337101241e-07,8.659838124369656e-11,3.3751390571268303e-10,1.2481686517684665e-10,3.197766673679325e-08,7.776574761919619e-07,1.9438152776274364e-07,7.446047334269679e-08,9.998383454501436e-09,1.1992105442004686e-07,9.390732635949917e-09,0.0,0.0
2.9002501833019778e-05,0.01295097463298589,0.0011055680653200284,1.034714219325103e-06,0.010673743122653932,1.0347524721510126e-06,9.722281220092555e-07,7.454764272551984e-08,1.0377313230947038e-08,1.200202746076684e-07,4.13687750722147e-08,7.776601478326484e-07,0.0,-1.077828137852066e-08,7.783330033817037e-07,5.479910969441448e-10,4.2713160786078674e-10,1.248281339405466e-10,3.197779818719937e-08,7.776601478326484e-07,1.9389509020584228e-07,7.399965085141957e-08,9.953598834044897e-09,1.1989544645985006e-07,9.390974220480075e-09,0.0,0.0
2.9005002943449654e-05,0.012952755787409842,0.0016971660140825406,1.0347641403471499e-06,0.010011097289880717,1.0348074965804699e-06,9.729193379826029e-07,7.52128102021743e-08,9.739990147750177e-09,1.2004507254914643e-07,4.136896336603968e-08,7.776614552312822e-07,0.0,-1.0779222847645542e-08,7.788252673890383e-07,1.0389390459053516e-09,1.551852396586284e-10,1.2483140909846924e-10,3.197783371433616e-08,7.776614552312822e-07,1.9409411322612868e-07,7.417386882480059e-08,9.582396209850685e-09,1.199202444013281e-07,9.391126987168263e-09,0.0,0.0
2.9007502234890126e-05,0.012954535486642271,0.000300772675654315,1.0347996976466754e-06,0.011577764588393089,1.0348463774789707e-06,9.714495945445378e-07,7.370805832351834e-08,1.1247214715126574e-08,1.2008341343516804e-07,4.1369332848262275e-08,7.776581583129882e-07,0.0,-1.0780180303981979e-08,7.778472763675381e-07,6.42757722046916e-11,7.261689027870943e-10,1.2484008271584912e-10,3.1977954506601236e-08,7.776581583129882e-07,1.9360236080956383e-07,7.364378262764149e-08,1.0520056825669144e-08,1.19958571076495e-07,9.391378341661039e-09,0.0,0.0
2.9010001526330598e-05,0.0129563151858747,-0.0005899980063490962,1.034794550305685e-06,0.010206548475194616,1.0348371688451152e-06,9.727579026730382e-07,7.501972021373149e-08,9.92850068826101e-09,1.2008092653559288e-07,4.136957443279243e-08,7.776572488182865e-07,0.0,-1.078118572195308e-08,7.781075623825018e-07,3.2547378681080374e-10,4.8350667219976273e-11,1.2485394662586913e-10,3.197802911358849e-08,7.776572488182865e-07,1.9465031186882698e-07,7.469424900818922e-08,9.880652740434925e-09,1.1995606996606512e-07,9.391545319203942e-09,0.0,0.0
2.9012502636760473e-05,0.01295809488510713,0.0004551547060469008,1.0347921505005045e-06,0.01226823705392391,1.0348287560191238e-06,9.70767132457695e-07,7.305720117756209e-08,1.1909601305148954e-08,1.2005179428342672e-07,4.1369894177023525e-08,7.776582151564071e-07,0.0,-1.0782096104833272e-08,7.778668873470451e-07,8.382829846942386e-11,7.189591144651786e-10,1.248661452013522e-10,3.1978107273289424e-08,7.776582151564071e-07,1.929003019540687e-07,7.297337134559712e-08,1.1187403892165548e-08,1.1992693771389895e-07,9.391785127377261e-09,0.0,0.0
2.9015001928200945e-05,0.012959874584339559,0.0016311271049076481,1.0348292800418804e-06,0.010432204012063368,1.03487036540173e-06,9.725710015118239e-07,7.485985520361282e-08,1.0146059103988136e-08,1.2004858263026108e-07,4.137027431738716e-08,7.776625352562405e-07,0.0,-1.078307754198704e-08,7.790144422870071e-07,1.2270464644359436e-09,1.8913430543943122e-10,1.248936926101507e-10,3.1978249381836577e-08,7.776625352562405e-07,1.9355650238139788e-07,7.363281184780135e-08,9.96315741019771e-09,1.1992369763902389e-07,9.392025823729e-09,0.0,0.0
2.9017501219641417e-05,0.012961652828380466,0.0012101448308129426,1.0348798047907633e-06,0.010872623983286823,1.0349264130127267e-06,9.722016329760663e-07,7.4456046661453e-08,1.0570382791286193e-08,1.20084962418332e-07,4.137046616392581e-08,7.776606025799992e-07,0.0,-1.0783980819439876e-08,7.785120033076964e-07,7.264767676318229e-10,5.641006550760608e-10,1.2491634115985306e-10,3.1978288461687043e-08,7.776606025799992e-07,1.9368961545751517e-07,7.37295664521298e-08,1.000098048820064e-08,1.1996004900538537e-07,9.392176814060349e-09,0.0,0.0
2.9020002330071293e-05,0.012963432527612895,-0.00023310829160294588,1.034897193102552e-06,0.011737120057722084,1.0349417607358191e-06,9.713846793601988e-07,7.361901310787289e-08,1.1401258603882525e-08,1.2010818295493664e-07,4.13709209112767e-08,7.776574761919619e-07,0.0,-1.0784889425963229e-08,7.779546535857662e-07,1.722643694357373e-10,6.736923241490445e-10,1.2493302226079805e-10,3.197847675551202e-08,7.776574761919619e-07,1.9342999735272315e-07,7.344674912701521e-08,1.0729724664315654e-08,1.199832553311353e-07,9.39244149122942e-09,0.0,0.0
2.9022501621511765e-05,0.012965212226845324,-0.0004377450883507883,1.0348852539300983e-06,0.009902540343406704,1.034925844578538e-06,9.731323871164932e-07,7.538013591101844e-08,9.636482722896744e-09,1.200947821189402e-07,4.137112341595639e-08,7.776574761919619e-07,0.0,-1.0785853987727023e-08,7.783449404996645e-07,5.625437338174777e-10,1.4045233032167204e-10,1.249512021628263e-10,3.197852649350352e-08,7.776574761919619e-07,1.9478741819511924e-07,7.481759212168981e-08,9.500166875398008e-09,1.1996982607342943e-07,9.392597810631287e-09,0.0,0.0
2.9025000912952237e-05,0.01296699047088623,0.0008505599785336715,1.034892594786283e-06,0.010801570365508275,1.0349298236178583e-06,9.722695040181861e-07,7.453682115965421e-08,1.0502037461890268e-08,1.2007404848191072e-07,4.1371492898178985e-08,7.77658669903758e-07,0.0,-1.0786709303545194e-08,7.780272426316515e-07,2.4359556038966446e-10,9.838347914126189e-10,1.2496573220666107e-10,3.197868636561907e-08,7.77658669903758e-07,1.9424231822995353e-07,7.429322579355357e-08,9.514488752415673e-09,1.1994909243639995e-07,9.392806532559916e-09,0.0,0.0
2.9027502023382112e-05,0.01296877017011866,0.0017550558159871166,1.0349389669105781e-06,0.010271823731769186,1.0349792773922672e-06,9.728271379572107e-07,7.5087505990723e-08,9.992708882577972e-09,1.2007612326669914e-07,4.137183040597847e-08,7.776635015943612e-07,0.0,-1.078764189088588e-08,7.794712928443914e-07,1.6828552995562518e-09,5.5211425709078554e-11,1.24974836035463e-10,3.1978817816025185e-08,7.776635015943612e-07,1.9335580248025508e-07,7.340464946992142e-08,9.939174816508967e-09,1.1995113879947894e-07,9.393011701774867e-09,0.0,0.0
2.9030001314822584e-05,0.012970548414159566,0.001188606777386525,1.0349913124152292e-06,0.010933843132726651,1.0350379398005316e-06,9.722469940243172e-07,7.447295757856409e-08,1.063039611892691e-08,1.2011415151391702e-07,4.1372057779653915e-08,7.776598636155541e-07,0.0,-1.0788573590048145e-08,7.783648356962658e-07,5.800094848851245e-10,9.209426554690481e-10,1.2498042878394955e-10,3.197889597572612e-08,7.776598636155541e-07,1.938821156954873e-07,7.389294864879048e-08,9.707159520644382e-09,1.1998916704669682e-07,9.393163580284636e-09,0.0,0.0
2.9032500606263056e-05,0.012972326658200473,-0.000315469906321475,1.0350068389196079e-06,0.010772416440958337,1.0350510137868696e-06,9.724138863020926e-07,7.461393636276625e-08,1.0475247336216853e-08,1.2014250216907385e-07,4.1372505421577443e-08,7.776573625051242e-07,0.0,-1.0789439564007353e-08,7.781492286085268e-07,3.668297055003933e-10,4.841123613097409e-10,1.24999677275639e-10,3.1979109138546846e-08,7.776573625051242e-07,1.9426461506100168e-07,7.424711157000274e-08,9.994217897713042e-09,1.2001750349099893e-07,9.393398059387437e-09,0.0,0.0
2.9035001716692932e-05,0.012974106357432902,-0.0004104214633620096,1.0349939202364734e-06,0.009980869865185323,1.0350323691454832e-06,9.731562613524147e-07,7.538046276067689e-08,9.712946003048728e-09,1.2011847161375044e-07,4.137269371540242e-08,7.776573625051242e-07,0.0,-1.079039613216537e-08,7.781869157952315e-07,4.0454378735788055e-10,3.75888514758671e-10,1.2502281154791461e-10,3.1979144665683634e-08,7.776573625051242e-07,1.949693739788927e-07,7.497592235949924e-08,9.335374251406847e-09,1.199934445139661e-07,9.393548161540366e-09,0.0,0.0
2.9037501008133404e-05,0.012975884601473808,0.0012452890462898991,1.0350087662195163e-06,0.011652842362600124,1.0350457841923344e-06,9.715599844639655e-07,7.380511135579582e-08,1.1321435344768815e-08,1.2009510896859865e-07,4.1373127146471234e-08,7.776597499287163e-07,0.0,-1.0791274540622453e-08,7.783352202750393e-07,5.504497968544797e-10,9.259000788297556e-10,1.2503827140353252e-10,3.197936138121804e-08,7.776597499287163e-07,1.9322472155636206e-07,7.325466100382982e-08,1.0393751637138848e-08,1.199700676579596e-07,9.393765765253193e-09,0.0,0.0
2.9040000299573876e-05,0.012977662845514715,0.0018661843995615435,1.0350640958106515e-06,0.009373746094761935,1.035105583468976e-06,9.738117796587176e-07,7.603068752359832e-08,9.128264366609073e-09,1.2011726369109965e-07,4.137336517828771e-08,7.776637858114555e-07,0.0,-1.0792244431456766e-08,7.7958662814126e-07,1.7978175614885572e-09,6.28889509912689e-11,1.2504758339915156e-10,3.197944664634633e-08,7.776637858114555e-07,1.9422508046318399e-07,7.423286518815075e-08,9.073762186062595e-09,1.1999220816960587e-07,9.393916755584542e-09,0.0,0.0
2.904250141000375e-05,0.012979441089555621,0.0007733391518279648,1.0351110329809125e-06,0.010999493337021184,1.035157424666977e-06,9.722959930513753e-07,7.448294070400152e-08,1.0694763297180998e-08,1.2015416928079503e-07,4.137367426437777e-08,7.776588404340146e-07,0.0,-1.0793058002889211e-08,7.780541864121915e-07,2.702577883706425e-10,1.1010791167720413e-09,1.2505345370339427e-10,3.197957454403877e-08,7.776588404340146e-07,1.9424180663918378e-07,7.421268577445517e-08,9.579443904783602e-09,1.2002911375930125e-07,9.39409794398216e-09,0.0,0.0
2.9045000701444224e-05,0.012981219333596528,-0.0003458997918491802,1.0351186338958597e-06,0.011581177007965363,1.0351611763326218e-06,9.717391549202148e-07,7.391666656531015e-08,1.1253883158701683e-08,1.2016515427148988e-07,4.1374043746600364e-08,7.776573625051242e-07,0.0,-1.0794108717959716e-08,7.782757620589109e-07,4.933560227016187e-10,2.0052381977109235e-10,1.2507131441630293e-10,3.197974862700903e-08,7.776573625051242e-07,1.9346339286130387e-07,7.342330832216248e-08,1.1066412675120318e-08,1.200400845391414e-07,9.394293343234494e-09,0.0,0.0
2.9047499992884696e-05,0.012982996122445911,-0.0001448500920453455,1.0351099143066444e-06,0.008487679632868254,1.0351474202252575e-06,9.747052445163717e-07,7.690671566251694e-08,8.27298585193148e-09,1.2014106687274761e-07,4.137423204042534e-08,7.77657419348543e-07,0.0,-1.0794970251026825e-08,7.779468091939634e-07,1.6430602711725584e-10,6.563993792951806e-10,1.2508234725761014e-10,3.1979798365000534e-08,7.77657419348543e-07,1.9675839268984419e-07,7.674240976029978e-08,7.613441432852142e-09,1.2001599714039912e-07,9.394434563603227e-09,0.0,0.0
2.905000110331457e-05,0.012984774366486818,0.0012845519360418223,1.0351301809867693e-06,0.012724425220261983,1.035168452290236e-06,9.706469654702232e-07,7.286443803877773e-08,1.235092472740007e-08,1.2012176853204437e-07,4.1374661918780475e-08,7.776608299536747e-07,0.0,-1.0795832672272354e-08,7.786748597027326e-07,8.889595171091003e-10,5.839735917056998e-10,1.251039272176513e-10,3.198000797510758e-08,7.776608299536747e-07,1.9197214840005472e-07,7.197547802206827e-08,1.1756540629903611e-08,1.1999667037798645e-07,9.394654831851312e-09,0.0,0.0
2.9052500394755043e-05,0.012986552610527724,0.0017086431533996915,1.03518340730008e-06,0.010049061120744586,1.0352257504564477e-06,9.732735861689434e-07,7.546290703430714e-08,9.780485754617985e-09,1.2014800176984863e-07,4.1374836001750737e-08,7.776626489430782e-07,0.0,-1.0796903815446512e-08,7.792830274411244e-07,1.4952818983005045e-09,1.9017928898357184e-10,1.2511576497065136e-10,3.198005060767173e-08,7.776626489430782e-07,1.9399051609525486e-07,7.396762669031887e-08,9.6072927391333e-09,1.20022889404936e-07,9.394785394079008e-09,0.0,0.0
2.9054999686195515e-05,0.012988329399377108,0.0004401525013126295,1.0352215868616688e-06,0.010276998585186162,1.0352679282732424e-06,9.730945293995319e-07,7.525190426349582e-08,1.0000491101891384e-08,1.2018455208817613e-07,4.137521969482805e-08,7.776581014695694e-07,0.0,-1.0797719163235797e-08,7.778991744089581e-07,1.1598388915956548e-10,1.0195119193312507e-09,1.2512015035159862e-10,3.198021758521463e-08,7.776581014695694e-07,1.9519535499057383e-07,7.51359223727377e-08,8.965352904510837e-09,1.200594397232635e-07,9.395002109613415e-09,0.0,0.0
2.905750079662539e-05,0.012990107643418014,-0.00041138816044750115,1.035222098361846e-06,0.012237957757859009,1.0352646313549485e-06,9.712048267829232e-07,7.335995633184211e-08,1.188556364439819e-08,1.2018749373510218e-07,4.1375493253781315e-08,7.77657419348543e-07,0.0,-1.0798753002916328e-08,7.784182116665761e-07,6.356571935484112e-10,6.362893545386328e-11,1.2513309832762332e-10,3.198034193019339e-08,7.77657419348543e-07,1.9278665774891124e-07,7.272429769500377e-08,1.1830231905207711e-08,1.200623529484801e-07,9.395153099944764e-09,0.0,0.0
2.9060005545034073e-05,0.012991888797841966,9.639223704760447e-05,1.0352164877980211e-06,0.009052226529626091,1.0352540584790404e-06,9.742593647388276e-07,7.643809851742844e-08,8.819216468225477e-09,1.2016360528832593e-07,4.137577391816194e-08,7.776576467222185e-07,0.0,-1.0799690919327531e-08,7.779023007969954e-07,1.1948013411977598e-10,7.449326711039816e-10,1.2515069536256362e-10,3.198040587903961e-08,7.776576467222185e-07,1.9635707815268688e-07,7.631861365098302e-08,8.077043034404596e-09,1.2003846450170386e-07,9.395365374587072e-09,0.0,0.0
2.906250665546395e-05,0.012993667041882873,0.001259429458475736,1.0352405976165272e-06,0.011616621964116296,1.035280320138554e-06,9.718144156067865e-07,7.400102219889959e-08,1.1289200685382639e-08,1.201521797611349e-07,4.137616116395293e-08,7.776612278576067e-07,0.0,-1.0800528471577309e-08,7.78720846028591e-07,9.344539586564338e-10,4.0980652205035994e-10,1.251719838890608e-10,3.1980594172864585e-08,7.776612278576067e-07,1.9309356957819546e-07,7.306657323624677e-08,1.0868716593392946e-08,1.200270105528034e-07,9.395566102909925e-09,0.0,0.0
2.906500594690442e-05,0.012995443830732256,0.0016169905284951769,1.035291705526117e-06,0.010242199208353578,1.0353345487601473e-06,9.731890031616786e-07,7.534796253594322e-08,9.967595637760951e-09,1.2017913775252964e-07,4.137633524692319e-08,7.77661909978633e-07,0.0,-1.0801613825606182e-08,7.790168297105993e-07,1.229765511645553e-09,2.460169568063719e-10,1.2519174585889914e-10,3.1980626147287694e-08,7.77661909978633e-07,1.9417214502936986e-07,7.411819780145379e-08,9.73873603982156e-09,1.2005395433334343e-07,9.395709987813916e-09,0.0,0.0
2.9067505238344893e-05,0.01299722061958164,0.0005549849548981411,1.0353302969443173e-06,0.00921016650062951,1.0353760444559157e-06,9.742242355059716e-07,7.63575656037574e-08,8.972767417958494e-09,1.2020829842640524e-07,4.13767189400005e-08,7.776583288432448e-07,0.0,-1.0802344796445595e-08,7.779397037666058e-07,1.561575591058073e-10,7.448863748038548e-10,1.2521730874404113e-10,3.198076470312117e-08,7.776583288432448e-07,1.9628448910680163e-07,7.62014096267194e-08,8.210602864267003e-09,1.200830865855096e-07,9.395955125057753e-09,0.0,0.0
2.907000634877477e-05,0.012998997408431023,-0.00040033088638669057,1.0353330448205618e-06,0.01319508694903652,1.0353770676374552e-06,9.703923069537268e-07,7.252546652125602e-08,1.280441086493056e-08,1.2020950634905603e-07,4.1376939208248587e-08,7.776573625051242e-07,0.0,-1.0803394623337681e-08,7.781251838423486e-07,3.4258046399671116e-10,6.341322605907251e-11,1.2525518122696866e-10,3.198084641553578e-08,7.776573625051242e-07,1.9226713732223288e-07,7.218288544663665e-08,1.2746769861848861e-08,1.2008425187559624e-07,9.396093680891227e-09,0.0,0.0
2.907250564021524e-05,0.013000774197280407,0.0001365160806005572,1.0353283573885096e-06,0.008470826954238906,1.0353658126405207e-06,9.749257969815517e-07,7.708133864525735e-08,8.258427719454176e-09,1.201866695055287e-07,4.137724829433864e-08,7.776577604090562e-07,0.0,-1.0804331651570465e-08,7.778108397360484e-07,2.780374021293941e-11,5.538502989566041e-10,1.2528302006931114e-10,3.198090325895464e-08,7.776577604090562e-07,1.971149288237939e-07,7.705353510800705e-08,7.713048866264671e-09,1.2006138661035948e-07,9.396344147205582e-09,0.0,0.0
2.9075004931655712e-05,0.01300255098612979,0.0014808266009769255,1.035357094152932e-06,0.012241855740820764,1.0353965080867056e-06,9.713230610941537e-07,7.34850260641906e-08,1.1890796791647062e-08,1.2017693507004878e-07,4.1377511195150873e-08,7.77661114170769e-07,0.0,-1.080511680129348e-08,7.786683227095637e-07,8.818803465260316e-10,2.2429320900574368e-10,1.2530013138167817e-10,3.198102405121972e-08,7.77661114170769e-07,1.9265478101715416e-07,7.260314305312932e-08,1.1646260844599965e-08,1.2005163796402485e-07,9.396488032109573e-09,0.0,0.0
2.9077506042085588e-05,0.013004327774979174,0.001519279872113144,1.0354103997102155e-06,0.010898122610733346,1.0354560799896717e-06,9.726717280500452e-07,7.479805930188377e-08,1.0600295752283273e-08,1.202129311650424e-07,4.13777243579716e-08,7.77660716266837e-07,0.0,-1.0806314953981655e-08,7.785971547491499e-07,8.111313842817935e-10,2.8366026194603933e-10,1.253074866092163e-10,3.198104536750179e-08,7.77660716266837e-07,1.9407455909004057e-07,7.398693213644947e-08,1.0341600464869316e-08,1.2008763405901846e-07,9.396679878648229e-09,0.0,0.0
2.908000533352606e-05,0.013006104563828558,8.750445706151577e-05,1.03543894887501e-06,0.009452474739139955,1.035483705891238e-06,9.740911082189996e-07,7.619585318252575e-08,9.207571594060937e-09,1.202373454134431e-07,4.1378040549489015e-08,7.776579309393128e-07,0.0,-1.080698197597485e-08,7.777935593367147e-07,1.0338472265780663e-11,4.1175132747817145e-10,1.2531854720609914e-10,3.19811448434848e-08,7.776579309393128e-07,1.9629753467143018e-07,7.618551478572044e-08,8.773371362735816e-09,1.2011203409656446e-07,9.396894817825796e-09,0.0,0.0
2.9082504624966532e-05,0.013007879897486418,-0.00015875146977110954,1.035437684002813e-06,0.013284384067029267,1.0354781352361897e-06,9.704006060928805e-07,7.252074141206322e-08,1.2891174350215806e-08,1.2022232454000914e-07,4.137823594874135e-08,7.776575330353808e-07,0.0,-1.0808175687770927e-08,7.778921826684382e-07,1.0931650723522424e-10,9.724943073052827e-11,1.2533628301891753e-10,3.198118037062159e-08,7.776575330353808e-07,1.9250840921358758e-07,7.241142441216653e-08,1.2807358729105545e-08,1.2009698480142106e-07,9.397054689941342e-09,0.0,0.0
2.9085003916407004e-05,0.013009656686335802,0.0008969742729256769,1.0354508006632631e-06,0.0077591099439914615,1.0354892765462864e-06,9.757309271662962e-07,7.786004374565891e-08,7.570803539636017e-09,1.2021217798974249e-07,4.137853792940405e-08,7.776587267471768e-07,0.0,-1.0809022121804901e-08,7.779996167300851e-07,2.1552856721562819e-10,3.4419708749844347e-10,1.2535750215647568e-10,3.198123366132677e-08,7.776587267471768e-07,1.977313388579205e-07,7.76445148176208e-08,7.229026710575681e-09,1.200868240402997e-07,9.397304268077278e-09,0.0,0.0
2.908750502683688e-05,0.013011432019993663,0.0011308256751260404,1.035486800878255e-06,0.012872434212305944,1.0355291806263267e-06,9.708434163258062e-07,7.296036130810535e-08,1.2497118007104291e-08,1.2022239559428272e-07,4.137873332865638e-08,7.776606025799992e-07,0.0,-1.0809922734722477e-08,7.783675641803711e-07,5.815868897585119e-10,1.7985730960123902e-10,1.2538160787389785e-10,3.198129405745931e-08,7.776606025799992e-07,1.924757953020162e-07,7.237877497345835e-08,1.229885349118831e-08,1.200970132231305e-07,9.397438383018653e-09,0.0,0.0
2.909000431827735e-05,0.013013208808843046,0.0007257382631529197,1.035519788099292e-06,0.010796938782157952,1.0355631729908055e-06,9.728692020871677e-07,7.496603871004481e-08,1.0504009217982002e-08,1.202436834546461e-07,4.13789820186139e-08,7.77659465711622e-07,0.0,-1.0811052497672335e-08,7.781104045534448e-07,3.255728187046003e-10,2.7125612866996107e-10,1.2540041227637744e-10,3.198131892645506e-08,7.77659465711622e-07,1.9475875490115868e-07,7.464046802851954e-08,1.025699880585762e-08,1.2011828687263915e-07,9.397663092158837e-09,0.0,0.0
2.9092503609717824e-05,0.013014984142500907,0.0005743368024972995,1.0355428687695099e-06,0.009989257457768201,1.0355835229347576e-06,9.73666260506434e-07,7.575778937507494e-08,9.726202954141172e-09,1.202503341346528e-07,4.137923781399877e-08,7.776581583129882e-07,0.0,-1.0811771034013873e-08,7.778965027682716e-07,1.129211793515772e-10,3.3485791917087226e-10,1.254166631659004e-10,3.1981397086155994e-08,7.776581583129882e-07,1.95769771949017e-07,7.564486992350794e-08,9.367245645819366e-09,1.2012490913093643e-07,9.397840727842777e-09,0.0,0.0
2.90950047201477e-05,0.013016759476158768,0.0004039819945091949,1.0355602371923944e-06,0.013756246197024374,1.035602963384008e-06,9.700661394163035e-07,7.215497532797599e-08,1.334446864120764e-08,1.2025316209474113e-07,4.137944742410582e-08,7.776579877827317e-07,0.0,-1.0812914119640027e-08,7.779779593874991e-07,1.9451393273861584e-10,1.7395104801032346e-10,1.254268217065757e-10,3.1981421955151745e-08,7.776579877827317e-07,1.9208819423965906e-07,7.196046425406166e-08,1.3187637648570671e-08,1.2012773709102476e-07,9.398028133489333e-09,0.0,0.0
2.909750401158817e-05,0.013018534809816629,0.0003414814997029225,1.0355734716567143e-06,0.007219269975936913,1.0356141046941048e-06,9.763718935573706e-07,7.845972760378572e-08,7.048692296507397e-09,1.2025402895687876e-07,4.137970677220437e-08,7.776582151564071e-07,0.0,-1.081373302014299e-08,7.77801176354842e-07,1.7552790818053943e-11,3.049656083220498e-10,1.2545391114837656e-10,3.198149300942532e-08,7.776582151564071e-07,1.9857074562423804e-07,7.844217719821245e-08,6.743977820633518e-09,1.2012857553145295e-07,9.39821376277905e-09,0.0,0.0
2.9100003303028643e-05,0.013020311598666012,0.0010398816460366334,1.0355980155630573e-06,0.01331673973257523,1.0356354778195964e-06,9.70516794041032e-07,7.261374435074686e-08,1.2924119552337743e-08,1.2024320028558577e-07,4.1379909276884064e-08,7.776598636155541e-07,0.0,-1.081462119856269e-08,7.78206697304995e-07,4.213880078207666e-10,1.7194590196112358e-10,1.2546867711460408e-10,3.198153564198947e-08,7.776598636155541e-07,1.9231008252518222e-07,7.219235698130433e-08,1.2737381815952631e-08,1.2011773264930525e-07,9.398372746716177e-09,0.0,0.0
2.910250441345852e-05,0.013022086932323873,0.0013458927817566746,1.0356403710194744e-06,0.009255880383439666,1.035684249472979e-06,9.744687758939108e-07,7.6540835891592e-08,9.019566427070913e-09,1.2026833928757696e-07,4.138016507226894e-08,7.776595793984598e-07,0.0,-1.0815755402404648e-08,7.78246715071873e-07,4.616564630577358e-10,1.9796655981174638e-10,1.2546662320200852e-10,3.198157827455361e-08,7.776595793984598e-07,1.9622204661118303e-07,7.607917495988659e-08,8.84624729025063e-09,1.2014287165129645e-07,9.398587685893744e-09,0.0,0.0
2.910500370489899e-05,0.013023862265981734,9.381776558614607e-05,1.0356659306853972e-06,0.009499891448524195,1.0357106248193304e-06,9.74258341557288e-07,7.63020935323766e-08,9.255348487613446e-09,1.2029853735384677e-07,4.1380406656799096e-08,7.776577604090562e-07,0.0,-1.081648992595774e-08,7.776951065352478e-07,-8.807455459391988e-11,2.6161200983310096e-10,1.2547193839473891e-10,3.198165288154087e-08,7.776577604090562e-07,1.9656323502204032e-07,7.639016530447407e-08,8.969734288655218e-09,1.2017306971756625e-07,9.398751998901389e-09,0.0,0.0
2.9107502996339463e-05,0.013025636144448072,-0.00017988096798632336,1.0356644040287823e-06,0.013533732806758523,1.035702211993339e-06,9.703712748887483e-07,7.243802713219338e-08,1.3132745557697945e-08,1.20275473136644e-07,4.138065179404293e-08,7.776578172524751e-07,0.0,-1.0817581497235551e-08,7.77715001731849e-07,-6.82891382330908e-11,1.751328249088857e-10,1.2548208305762643e-10,3.19816813032503e-08,7.776578172524751e-07,1.926563015786087e-07,7.250631739452729e-08,1.2967877438541109e-08,1.2014999128950876e-07,9.398972267149475e-09,0.0,0.0
2.9110004106769338e-05,0.013027411478105932,0.001280903793331345,1.0356839508575814e-06,0.008070950986017312,1.035722675624129e-06,9.756488452694612e-07,7.772575827402761e-08,7.87441400973421e-09,1.2026377760321338e-07,4.13809253529962e-08,7.776592383379466e-07,0.0,-1.0818498097364682e-08,7.781594604239217e-07,3.747008814336539e-10,1.8442662674811316e-10,1.2548651007193712e-10,3.198177012109227e-08,7.776592383379466e-07,1.9748935642383003e-07,7.735106066775188e-08,7.694724857287838e-09,1.2013829575607815e-07,9.399157008260772e-09,0.0,0.0
2.911250339820981e-05,0.013029186811763793,0.0010258772744548006,1.035724903918291e-06,0.012920548081951864,1.0357697419749456e-06,9.710230415294063e-07,7.306432792120177e-08,1.2546149896763836e-08,1.2029963158965984e-07,4.138114206853061e-08,7.776591246511089e-07,0.0,-1.0819364959502309e-08,7.779996167300851e-07,2.150165878678223e-10,3.0518776394927727e-10,1.2548447003712937e-10,3.1981805648229056e-08,7.776591246511089e-07,1.9302345322103065e-07,7.28493105839334e-08,1.2223916101561372e-08,1.201741497425246e-07,9.399336420301552e-09,0.0,0.0
2.9115002689650282e-05,0.013030960690230131,-0.00022762496822981149,1.035739063944058e-06,0.010490501989874614,1.035782247527095e-06,9.733691967994673e-07,7.540046453868854e-08,1.0211131495907466e-08,1.2031075868890184e-07,4.138145115462066e-08,7.776579877827317e-07,0.0,-1.0820468965277996e-08,7.777899782013264e-07,6.5044692722227015e-12,1.4733253506094002e-10,1.2549826455821034e-10,3.198188380792999e-08,7.776579877827317e-07,1.9557920438728615e-07,7.539395596722898e-08,1.0086287360877577e-08,1.2018524842005718e-07,9.399568234869093e-09,0.0,0.0
2.9117503800080158e-05,0.013032736023887992,0.000516291835646665,1.0357441887441143e-06,0.009488386797617642,1.0357816790929064e-06,9.74333943304373e-07,7.638937660203737e-08,9.244857324119948e-09,1.2028661444674071e-07,4.138167497558243e-08,7.776579309393128e-07,0.0,-1.0821233686897358e-08,7.77735863266571e-07,-4.7598959496131243e-11,3.0037961007423064e-10,1.2553288963879083e-10,3.198194420406253e-08,7.776579309393128e-07,1.9659806582694728e-07,7.643697585990594e-08,8.926638095374528e-09,1.2016108996704133e-07,9.399733436055158e-09,0.0,0.0
2.912000309152063e-05,0.01303450990235433,0.0011876716232872286,1.0357744149849865e-06,0.013074770748148773,1.0358162398915738e-06,9.70917426457163e-07,7.296257820144092e-08,1.2694522766310001e-08,1.202958657131603e-07,4.138192721825362e-08,7.776590109642711e-07,0.0,-1.0822297724644159e-08,7.781380304550112e-07,3.534624815060283e-10,1.6239298794573642e-10,1.2556662654095163e-10,3.1981986836626675e-08,7.776590109642711e-07,1.9277941021300649e-07,7.260911871753706e-08,1.2539856264481841e-08,1.2017029860089679e-07,9.399938605270108e-09,0.0,0.0
2.9122502382961102e-05,0.01303628523601219,0.00033637580005674295,1.035801471911855e-06,0.00824739538541837,1.0358469353377586e-06,9.75595412455732e-07,7.761739340139684e-08,8.046121102722736e-09,1.2031965468395356e-07,4.138217946092482e-08,7.776583856866637e-07,0.0,-1.0823238305590621e-08,7.778224926369148e-07,3.851153770884075e-11,2.266807991313513e-10,1.2560463780175724e-10,3.198206499632761e-08,7.776583856866637e-07,1.977729340296719e-07,7.757888198511864e-08,7.82423992262693e-09,1.201940591499806e-07,9.40011268824037e-09,0.0,0.0
2.9125003493390977e-05,0.013038059114478528,0.00024289806809463244,1.035811747526263e-06,0.01244204274856949,1.0358509143770789e-06,9.715563464851584e-07,7.358883635788516e-08,1.2088145595612332e-08,1.2030957918796048e-07,4.138238551831819e-08,7.776578740958939e-07,0.0,-1.0824133589437679e-08,7.777114205964608e-07,-7.208148661286273e-11,2.3387899950044755e-10,1.2562849371899887e-10,3.198209341803704e-08,7.776578740958939e-07,1.9384486904527876e-07,7.366092091842802e-08,1.1839807356750498e-08,1.201839552322781e-07,9.40029032392431e-09,0.0,0.0
2.912750278483145e-05,0.013039832992944866,0.0009276319739477401,1.0358325113066208e-06,0.010295256756231316,1.0358734243709478e-06,9.736415904626483e-07,7.567508220063246e-08,1.0023890162358384e-08,1.2030804441565124e-07,4.1382659077271455e-08,7.776584993735014e-07,0.0,-1.0825210949860775e-08,7.780091095810349e-07,2.249370273377238e-10,8.483483360244293e-11,1.2564513318658044e-10,3.198215736688326e-08,7.776584993735014e-07,1.9563255193588702e-07,7.545014568677288e-08,9.956714563941205e-09,1.2018240624911414e-07,9.400501710388198e-09,0.0,0.0
2.913000207627192e-05,0.013041606871411204,0.0005883088860634683,1.035859402255099e-06,0.010329312539101644,1.035904801938159e-06,9.73638861978543e-07,7.565172666090803e-08,1.0057020105591619e-08,1.2032901963721088e-07,4.1382865134664826e-08,7.776581583129882e-07,0.0,-1.0826047613932133e-08,7.777438781886303e-07,-3.9914394706075385e-11,2.6649821238677873e-10,1.2565298801447966e-10,3.198220355216108e-08,7.776581583129882e-07,1.958950122116221e-07,7.569164495180303e-08,9.773947873270572e-09,1.2020336725981906e-07,9.400664247039003e-09,0.0,0.0
2.9132503186701797e-05,0.013043380749877542,0.00022143788801720632,1.0358737661787564e-06,0.01226584474510175,1.035913783198339e-06,9.717838338474394e-07,7.380045019544923e-08,1.1919749631772447e-08,1.2032504059789062e-07,4.138311382462234e-08,7.776583856866637e-07,0.0,-1.0827070795471627e-08,7.778568260619068e-07,7.279950947625125e-11,7.513367011879879e-11,1.2565476437131906e-10,3.198224263201155e-08,7.776583856866637e-07,1.9392703620724205e-07,7.372765509217061e-08,1.185638787148946e-08,1.201993882204988e-07,9.400870304432374e-09,0.0,0.0
2.913500247814227e-05,0.01304515462834388,0.0009418294877860944,1.0358944011282417e-06,0.008590650852064343,1.0359349289501552e-06,9.753447329785558e-07,7.736759499721302e-08,8.378846061418699e-09,1.2031861729155935e-07,4.1383337645584106e-08,7.776585562169203e-07,0.0,-1.0827976737459721e-08,7.779040060995612e-07,1.1980647030007674e-10,2.0552716473165589e-10,1.2566311879957937e-10,3.1982310133571445e-08,7.776585562169203e-07,1.9744074108984933e-07,7.724779038653651e-08,8.172621690505366e-09,1.2019295070331282e-07,9.401025735655821e-09,0.0,0.0
2.913750176958274e-05,0.013046928506810218,0.0007559666336334203,1.0359245179680418e-06,0.01198031373537692,1.0359699444961734e-06,9.721112519400776e-07,7.410431379639704e-08,1.1646197783932166e-08,1.203489432555216e-07,4.138356857197323e-08,7.776579877827317e-07,0.0,-1.0828893337588852e-08,7.778320423312834e-07,4.838571557308491e-11,1.695015794389576e-10,1.2567236140625937e-10,3.1982342107994555e-08,7.776579877827317e-07,1.942792096087942e-07,7.405592583609177e-08,1.1468613614340484e-08,1.2022327666727506e-07,9.401227352157093e-09,0.0,0.0
2.9140002880012617e-05,0.013048702385276556,-0.0001541089234415871,1.0359351941923608e-06,0.009827707704593399,1.0359767657064367e-06,9.741889925862779e-07,7.617753539079786e-08,9.574044668170245e-09,1.203539170546719e-07,4.138382081464442e-08,7.776575898787996e-07,0.0,-1.0829881880169978e-08,7.776436063977599e-07,-1.3965389955572505e-10,8.548785984663354e-11,1.2568286689162989e-10,3.1982398951413415e-08,7.776575898787996e-07,1.9654541461022745e-07,7.631718546008415e-08,9.50025036416946e-09,1.2022823625557066e-07,9.401422751409427e-09,0.0,0.0
2.914250217145309e-05,0.013050476263742894,0.0007339774816316896,1.0359454803558476e-06,0.010979639984676395,1.0359837006035377e-06,9.730847523314878e-07,7.510103472441187e-08,1.0684120255177731e-08,1.2032525376071135e-07,4.138403397746515e-08,7.776584993735014e-07,0.0,-1.0830752295021284e-08,7.778047006468114e-07,2.0531399497203395e-11,2.1225970980864872e-10,1.2569438545551037e-10,3.198244513669124e-08,7.776584993735014e-07,1.9528006589553115e-07,7.508050003934841e-08,1.0458363952636773e-08,1.2019955875075539e-07,9.401588840773911e-09,0.0,0.0
2.914500146289356e-05,0.013052248687017709,0.0014379278378724436,1.0359839757112374e-06,0.010957796688253382,1.0360267879150342e-06,9.731472800922347e-07,7.514123723240118e-08,1.0663550042977477e-08,1.2034665530791244e-07,4.138427556199531e-08,7.776593520247843e-07,0.0,-1.083177281202552e-08,7.781909516779706e-07,4.058939573337028e-10,4.514997056781489e-11,1.257144943700439e-10,3.198248421654171e-08,7.776593520247843e-07,1.949562857817e-07,7.473533969459822e-08,1.0632907887497822e-08,1.2022094608710177e-07,9.401792233632023e-09,0.0,0.0
2.9147502573323436e-05,0.013054022565484047,0.0001522887069484169,1.0360121842200942e-06,0.00911461764747038,1.0360578244217322e-06,9.749544460646575e-07,7.691688352906567e-08,8.886336999580635e-09,1.20379610279997e-07,4.1384495830243395e-08,7.776579309393128e-07,0.0,-1.083259970613426e-08,7.776802704029251e-07,-1.0338831180067842e-10,2.2341090089028626e-10,1.2573904417667592e-10,3.1982551718101604e-08,7.776579309393128e-07,1.97274147240023e-07,7.702027460254612e-08,8.652035532463742e-09,1.202538726374769e-07,9.401944112141791e-09,0.0,0.0
2.9150001864763908e-05,0.013055794988758862,-6.204140710697192e-05,1.0360137837842414e-06,0.01304183129950106,1.0360532769482234e-06,9.711691291158786e-07,7.31496569983392e-08,1.2665823945212651e-08,1.20362045663569e-07,4.1384737414773554e-08,7.77657419348543e-07,0.0,-1.0833600683213263e-08,7.776098414069565e-07,-1.7332933699432118e-10,1.1824509427160734e-10,1.2575851471297028e-10,3.1982580139811034e-08,7.77657419348543e-07,1.9355927349806734e-07,7.332298679330052e-08,1.2547398675621935e-08,1.2023629381019418e-07,9.40215727496252e-09,0.0,0.0
2.915250115620438e-05,0.0130575688672252,0.0010635866609969291,1.0360315499798307e-06,0.00899566010124888,1.0360698752265307e-06,9.750789331519627e-07,7.706959337383523e-08,8.771478654523435e-09,1.2035074803407042e-07,4.138497544659003e-08,7.776585562169203e-07,0.0,-1.0834544816873404e-08,7.77991488121188e-07,2.071844917850285e-10,9.987061871941094e-11,1.2577740238217672e-10,3.198265119408461e-08,7.776585562169203e-07,1.970873739765011e-07,7.68624133229423e-08,8.682853547270497e-09,1.2022496775898617e-07,9.402326028862262e-09,0.0,0.0
2.9155002266634256e-05,0.013059341290500015,0.0008360617010119142,1.0360652197895385e-06,0.011366697429075404,1.0361098929934087e-06,9.72831458057044e-07,7.479437158508517e-08,1.1057880833220679e-08,1.2037818919452548e-07,4.1385202820265476e-08,7.776588972774334e-07,0.0,-1.083538681001528e-08,7.779007091812673e-07,1.1601610644396132e-10,1.8814716451487357e-10,1.2579129404777234e-10,3.1982693826648756e-08,7.776588972774334e-07,1.9493074887577677e-07,7.467836127261762e-08,1.0853005605326871e-08,1.202523947085865e-07,9.40250988179514e-09,0.0,0.0
2.9157501558074728e-05,0.01306111371377483,0.00022338029988278052,1.0360839975861455e-06,0.011263950514991223,1.0361252407165011e-06,9.729441217132262e-07,7.489638420565825e-08,1.0959194440829378e-08,1.2038948682402406e-07,4.138543729936828e-08,7.776582151564071e-07,0.0,-1.0836454400475759e-08,7.777679797982273e-07,-1.604532826049443e-11,7.899087633989055e-11,1.2580522734673139e-10,3.198273290649922e-08,7.776582151564071e-07,1.9517611349328945e-07,7.491242826063171e-08,1.0896563651385804e-08,1.202636923380851e-07,9.402706169225894e-09,0.0,0.0
2.91600008495152e-05,0.013062886137049645,0.0007297481122310323,1.0361008910559608e-06,0.009361712912548812,1.036139224197541e-06,9.747906233315007e-07,7.675746616087054e-08,9.125709965474016e-09,1.2037489227623155e-07,4.1385650462189005e-08,7.776582151564071e-07,0.0,-1.0837255537410329e-08,7.778155577398138e-07,3.152895305946757e-11,1.2913725644381202e-10,1.2581416464207962e-10,3.1982789749918084e-08,7.776582151564071e-07,1.96975008748268e-07,7.67259322742575e-08,8.984724964022917e-09,1.2024906936858315e-07,9.402858935914082e-09,0.0,0.0
2.9162501959945075e-05,0.01306465856032446,0.0008249058811055088,1.0361284461051816e-06,0.012812371056523789,1.0361721933804802e-06,9.715007536215126e-07,7.345401087377468e-08,1.2447228137091315e-08,1.2038842100992042e-07,4.138589915214652e-08,7.776583288432448e-07,0.0,-1.0838325792406067e-08,7.778356803100905e-07,5.149640089352481e-11,1.4038119278136918e-10,1.2581977126835397e-10,3.1982811066200156e-08,7.776583288432448e-07,1.9366511594398617e-07,7.340251073628679e-08,1.2310979791152477e-08,1.2026259810227202e-07,9.403086309589526e-09,0.0,0.0
2.9165001251385547e-05,0.013066430983599275,0.00013028276224424928,1.0361453760910147e-06,0.009149324840620627,1.036186972669384e-06,9.750407343744882e-07,7.697981629917194e-08,8.920964411629484e-09,1.2040277397318278e-07,4.138610520953989e-08,7.776581014695694e-07,0.0,-1.0839214859004187e-08,7.776991424179869e-07,-8.476821328207151e-11,5.1794693534112923e-11,1.2582962449769752e-10,3.198286080419166e-08,7.776581014695694e-07,1.973415351130825e-07,7.706458404754812e-08,8.871272605404101e-09,1.2027695106553438e-07,9.403242628991393e-09,0.0,0.0
2.916750054282602e-05,0.01306820340687409,0.0005397202882715391,1.036157251381024e-06,0.012626925596204024,1.036195499182213e-06,9.716993645270122e-07,7.365078147358872e-08,1.2269575577761316e-08,1.203904673729994e-07,4.138636811035212e-08,7.776581014695694e-07,0.0,-1.0840157216307489e-08,7.776994834785e-07,-8.447702953828795e-11,1.959413326035886e-10,1.2584691622130606e-10,3.1982899884042126e-08,7.776581014695694e-07,1.9399988104851218e-07,7.373525789944324e-08,1.2064431231806338e-08,1.2026461604364158e-07,9.403468226309997e-09,0.0,0.0
2.9170001653255895e-05,0.013069975830148906,0.001186976328237055,1.0361878557537403e-06,0.010283890861253453,1.0362299462940427e-06,9.739857205204316e-07,7.592468875827763e-08,1.0016362850251426e-08,1.204024187018149e-07,4.1386574167745493e-08,7.77658669903758e-07,0.0,-1.084122036587587e-08,7.780264468237874e-07,2.418847622198683e-10,7.53164267064399e-11,1.2589089493086902e-10,3.1982935411178914e-08,7.77658669903758e-07,1.959593305400631e-07,7.568279869474281e-08,9.956597324389804e-09,1.2027653895074764e-07,9.403639644744999e-09,0.0,0.0
2.9172500944696367e-05,0.013071746798232198,0.0005638391256397313,1.036218862136626e-06,0.010173225836569518,1.036261664921767e-06,9.74122826846724e-07,7.604801055549615e-08,9.909971510069226e-09,1.2041631691772636e-07,4.1386837068557725e-08,7.776584993735014e-07,0.0,-1.084198952838733e-08,7.777833843647386e-07,-1.1043580329730962e-12,1.6886443632291304e-10,1.259412851783992e-10,3.1982995807311454e-08,7.776584993735014e-07,1.9633948511454946e-07,7.604911189673658e-08,9.726051963809823e-09,1.2029038032324024e-07,9.403840373067851e-09,0.0,0.0
2.917500023613684e-05,0.013073519221507013,0.0005029701947422693,1.0362377705133182e-06,0.012894917879788644,1.036278035826399e-06,9.71520194070763e-07,7.345723673779503e-08,1.2527673121098815e-08,1.2040436558891088e-07,4.138707865308788e-08,7.776586130603391e-07,0.0,-1.0843075770594623e-08,7.777874770908966e-07,2.8954041855072665e-12,1.464358495573137e-10,1.2598114218498324e-10,3.1983020676307206e-08,7.776586130603391e-07,1.937327311907211e-07,7.345434482886048e-08,1.238785873880488e-08,1.202783863618606e-07,9.404059753137517e-09,0.0,0.0
2.9177501346566714e-05,0.013075291644781828,0.0009360252212067266,1.036263275602994e-06,0.009306872222177525,1.0363050932937767e-06,9.74999579739233e-07,7.692434422779115e-08,9.074196505309828e-09,1.204168285084961e-07,4.1387306026763326e-08,7.776583856866637e-07,0.0,-1.0844011910648987e-08,7.779185011713707e-07,1.3407662480258153e-10,1.219504636162938e-10,1.2600891163838668e-10,3.1983084625153424e-08,7.776583856866637e-07,1.97081092778717e-07,7.679027191898058e-08,8.955614916317245e-09,1.2029082085973641e-07,9.404223177966742e-09,0.0,0.0
2.9180000638007186e-05,0.01307706261286512,0.00020878001877731867,1.0362835497384102e-06,0.011209114851317785,1.0363273759139702e-06,9.731862746775732e-07,7.50899857848708e-08,1.0908556724587015e-08,1.2043857111621037e-07,4.1387572480289236e-08,7.776577035656373e-07,0.0,-1.0844965814271745e-08,7.776388883939944e-07,-1.448334369102966e-10,1.9712324828002892e-10,1.260266890845685e-10,3.198312015229021e-08,7.776577035656373e-07,1.9554735786186939e-07,7.523481571070079e-08,1.0707743136606496e-08,1.2031254925659596e-07,9.404450551642185e-09,0.0,0.0
2.918249992944766e-05,0.013078833580948412,0.00026637243162719315,1.0362919645366538e-06,0.009852653383337072,1.0363312412664527e-06,9.744961744218017e-07,7.641658328338963e-08,9.601373029965998e-09,1.2042119124089368e-07,4.1387782090396286e-08,7.776584425300825e-07,0.0,-1.0845926823321861e-08,7.777808832543087e-07,-3.575787018914034e-12,2.2483592765354388e-10,1.2603836030411486e-10,3.198318410113643e-08,7.776584425300825e-07,1.967153053783477e-07,7.64201573133505e-08,9.380422660854038e-09,1.2029515517042455e-07,9.404599765616695e-09,0.0,0.0
2.9185001039877534e-05,0.013080606004223228,0.0015618812902161716,1.0363243689311425e-06,0.010607379086992058,1.0363628462073393e-06,9.737983646118664e-07,7.572838001124182e-08,1.0329448407730979e-08,1.204095383400272e-07,4.13880982819137e-08,7.776604888931615e-07,0.0,-1.0846890496907236e-08,7.784014428580122e-07,6.149601938787441e-10,1.2514490832504777e-10,1.2604360610790621e-10,3.1983258708123685e-08,7.776604888931615e-07,1.9539692175385426e-07,7.511342658972353e-08,1.0199974198599193e-08,1.2028348805870337e-07,9.404838685611594e-09,0.0,0.0
2.9187500331318006e-05,0.01308237697230652,0.0011333109004127984,1.0363720999246219e-06,0.011426956434685179,1.0364191211920115e-06,9.73063833953347e-07,7.495680165447993e-08,1.111915803875263e-08,1.2044773711750167e-07,4.1388322102875463e-08,7.776592383379466e-07,0.0,-1.0847895026699916e-08,7.780070632179559e-07,2.2175665470580697e-10,4.148840992979075e-10,1.260611753872709e-10,3.198330134068783e-08,7.776592383379466e-07,1.9505671389197232e-07,7.473504837207656e-08,1.070476951525734e-08,1.2032167262532312e-07,9.405018985830793e-09,0.0,0.0
2.9190006898716092e-05,0.01308415230596438,-0.0004691740903108865,1.0363838905689458e-06,0.009875158182294128,1.0364292393205687e-06,9.745676834427286e-07,7.644210597845813e-08,9.624010033348895e-09,1.20468428121967e-07,4.1388673821529665e-08,7.776571351314487e-07,0.0,-1.0848836495824798e-08,7.77658271999826e-07,-1.2498928281257093e-10,2.439332624781798e-10,1.26096480479454e-10,3.198342568566659e-08,7.776571351314487e-07,1.9690942565375735e-07,7.656709044567833e-08,9.383984256317035e-09,1.2034233520807902e-07,9.405247247684656e-09,0.0,0.0
2.9192506190156564e-05,0.013085923274047673,-0.00021353422086889395,1.0363718000226528e-06,0.010860426896688707,1.0364090030634543e-06,9.735965704749105e-07,7.550143266144005e-08,1.0573674380509601e-08,1.2043790320603875e-07,4.13889189587735e-08,7.776572488182865e-07,0.0,-1.0849827702941184e-08,7.777348400850315e-07,-4.850181020699118e-11,2.1134664851540919e-10,1.261300508481611e-10,3.198346121280338e-08,7.776572488182865e-07,1.9586170196816965e-07,7.554993430858303e-08,1.0357601887278634e-08,1.2031176765958662e-07,9.405460410505384e-09,0.0,0.0
2.9195005481597036e-05,0.013087694242130965,0.001143707504079064,1.0363882730946177e-06,0.010937269366014617,1.0364282161390292e-06,9.73540409177076e-07,7.545072122638885e-08,1.064787369386977e-08,1.20430755146117e-07,4.138919962315413e-08,7.776588972774334e-07,0.0,-1.0850794041061818e-08,7.779802331242536e-07,1.9513998750220196e-10,4.932986796823968e-10,1.2617222544530904e-10,3.198356779421374e-08,7.776588972774334e-07,1.9556016184196778e-07,7.52555777694397e-08,1.0155836172032195e-08,1.2030457696710073e-07,9.405631828940386e-09,0.0,0.0
2.9197504773037508e-05,0.013089465210214257,0.0012966188074230445,1.0364314904947225e-06,0.010190320679807354,1.036474486681982e-06,9.743047257870785e-07,7.618859854119364e-08,9.928477595622098e-09,1.2045502728597057e-07,4.138951936738522e-08,7.77661114170769e-07,0.0,-1.0851777254572426e-08,7.786353535266244e-07,8.480183777415107e-10,8.215132740740927e-11,1.2621118039568557e-10,3.198366016476939e-08,7.77661114170769e-07,1.9566940068216354e-07,7.534057999691868e-08,9.851063964561035e-09,1.2032882068524486e-07,9.405860090794249e-09,0.0,0.0
2.9200005883467384e-05,0.013091234723106027,0.0008202879601315327,1.0364689494328811e-06,0.010349668849895268,1.036511662277917e-06,9.741867188495235e-07,7.606065111076532e-08,1.0082509938058593e-08,1.204668222953842e-07,4.138975384648802e-08,7.776592383379466e-07,0.0,-1.0852700071950494e-08,7.779728434798017e-07,1.873617511138903e-10,5.533647429167843e-10,1.262424748071922e-10,3.198370990276089e-08,7.776592383379466e-07,1.9621386115886708e-07,7.587328809677274e-08,9.521809118950841e-09,1.2034057306209434e-07,9.406043943727127e-09,0.0,0.0
2.9202505174907856e-05,0.013093005691189319,0.0004073337836304411,1.0364906902221467e-06,0.011096583425698837,1.036535309140163e-06,9.734891364132636e-07,7.535078339060419e-08,1.0802403416221296e-08,1.2048059261360322e-07,4.139016240856108e-08,7.776577604090562e-07,0.0,-1.0853671739141646e-08,7.779875090818678e-07,2.0352046437022153e-10,3.7713526745974946e-10,1.2626368006696254e-10,3.198386622216276e-08,7.776577604090562e-07,1.9550158469883172e-07,7.514726263480043e-08,1.0431516983544498e-08,1.2035432916945865e-07,9.406294410041482e-09,0.0,0.0
2.9205004466348328e-05,0.013094776659272611,-0.0002786082606758278,1.0364929699100733e-06,0.00919505638112214,1.036535309140163e-06,9.753221092978492e-07,7.717672190210578e-08,8.968141784748695e-09,1.2048825226429472e-07,4.1390389782236525e-08,7.776571351314487e-07,0.0,-1.0854598997411813e-08,7.779016186759691e-07,1.1817916090173242e-10,2.0234675046637562e-10,1.2628487144894507e-10,3.1983912407440585e-08,7.776571351314487e-07,1.974205190435896e-07,7.705854443429416e-08,8.766749104438532e-09,1.2036197460929543e-07,9.40647915115278e-09,0.0,0.0
2.9207505576778203e-05,0.01309654617216438,0.0003026380581157839,1.0364933951204369e-06,0.011467008183458638,1.0365309890403296e-06,9.73125906966743e-07,7.500656806769257e-08,1.1158842738723251e-08,1.2046145059230184e-07,4.139072729003601e-08,7.776579309393128e-07,0.0,-1.085552803203882e-08,7.776416737215186e-07,-1.4255417679631677e-10,6.062020885266861e-10,1.26302857061944e-10,3.198402254156463e-08,7.776579309393128e-07,1.954842616669339e-07,7.514912425676812e-08,1.0540216699439497e-08,1.2033514451559313e-07,9.406706524828223e-09,0.0,0.0
2.9210004868218675e-05,0.013098317140247673,0.0018263769482391723,1.036531099296688e-06,0.011170209151285143,1.0365700973125058e-06,9.734487775858724e-07,7.53278399656665e-08,1.0873626443697049e-08,1.204596316028983e-07,4.1391068350549176e-08,7.776612847010256e-07,0.0,-1.085665246591816e-08,7.787730851305241e-07,9.855121163582226e-10,1.2746390054552137e-10,1.2631001800045283e-10,3.198413267568867e-08,7.776612847010256e-07,1.9467564982278418e-07,7.434233140202196e-08,1.0763349322928661e-08,1.2033332552618958e-07,9.406935674860506e-09,0.0,0.0
2.9212504159659147e-05,0.013100086653139442,0.0014714829202375768,1.0365894553522132e-06,0.008978742054164811,1.0366346714363317e-06,9.756259942150791e-07,7.746778152295519e-08,8.759894143395286e-09,1.2049802933233877e-07,4.1391281513369904e-08,7.776601478326484e-07,0.0,-1.0857457155566408e-08,7.783542059769388e-07,5.677319170338535e-10,3.958555427896471e-10,1.2631516665972953e-10,3.198415754468442e-08,7.776601478326484e-07,1.9727177402728557e-07,7.690005077165551e-08,8.350728997186252e-09,1.2037172325563006e-07,9.407123080507063e-09,0.0,0.0
2.9215005270089023e-05,0.013101856166031212,-7.173054718379035e-05,1.0366142241509073e-06,0.013143058986245803,1.0366595688537927e-06,9.716391105030198e-07,7.346752539660883e-08,1.2770310142684593e-08,1.2051434339355183e-07,4.139167941730193e-08,7.776572488182865e-07,0.0,-1.0858506982458493e-08,7.775533958920278e-07,-2.30199054263025e-10,4.727339075749626e-10,1.2634338020234281e-10,3.198428899509054e-08,7.776572488182865e-07,1.9408572882184671e-07,7.369772703214039e-08,1.2298100315888405e-08,1.2038799468427896e-07,9.407391310389812e-09,0.0,0.0
2.9217504561529495e-05,0.013103625678922981,-0.00022482510636478992,1.0366089765603865e-06,0.009288937423870663,1.0366477454226697e-06,9.753364338394022e-07,7.71829533618984e-08,9.059839101155376e-09,1.2049635245148238e-07,4.1391867711126906e-08,7.776571351314487e-07,0.0,-1.0859531052176408e-08,7.778086228427128e-07,2.5118452456895923e-11,9.719091503823662e-11,1.2637613178156926e-10,3.198433162765468e-08,7.776571351314487e-07,1.9752781099668937e-07,7.715783567618928e-08,8.975575838121586e-09,1.203699753205001e-07,9.407536971650643e-09,0.0,0.0
2.9220003852969967e-05,0.013105396647006273,0.0006297215992621119,1.036616147148046e-06,0.01095394834200479,1.0366547940066084e-06,9.73736064224795e-07,7.559436454585011e-08,1.0666254546265463e-08,1.2048390374275186e-07,4.139215903364857e-08,7.776578172524751e-07,0.0,-1.0860335741824656e-08,7.777495625305164e-07,-3.4656312541958556e-11,4.024403033042745e-10,1.2640129221086482e-10,3.1984388471073544e-08,7.776578172524751e-07,1.9598651590513327e-07,7.562901771507313e-08,1.0242713344155163e-08,1.2035749819006014e-07,9.407770562575024e-09,0.0,0.0
2.9222504963399842e-05,0.013107166159898043,0.001033823513193699,1.0366455837932714e-06,0.01283411368875142,1.0366873084421968e-06,9.719591389512061e-07,7.380367605946958e-08,1.2474234090120717e-08,1.204959119149862e-07,4.139245390888391e-08,7.776595225550409e-07,0.0,-1.0861550769902806e-08,7.781137014717388e-07,3.2778713077163957e-10,1.8082345343284345e-10,1.264349736018744e-10,3.1984473736201835e-08,7.776595225550409e-07,1.938453664251938e-07,7.347588848460873e-08,1.2311715202883988e-08,1.2036947794058506e-07,9.407978396325234e-09,0.0,0.0
2.9225004254840314e-05,0.013108935672789812,0.000972064032403519,1.036681078231985e-06,0.00745992886843336,1.0367218692408642e-06,9.771770237421151e-07,7.901149245981287e-08,7.289671088983596e-09,1.2050605846525286e-07,4.139264930813624e-08,7.776595225550409e-07,0.0,-1.0862452270998801e-08,7.78117282607127e-07,3.312926599718935e-10,1.587205505915179e-10,1.26475149797578e-10,3.198449149977023e-08,7.776595225550409e-07,1.990597837675523e-07,7.868019480383737e-08,7.129849599607496e-09,1.2037958185828757e-07,9.408158696544433e-09,0.0,0.0
2.9227503546280786e-05,0.013110703730490059,0.0007465308245926394,1.0367114639806902e-06,0.012230811550325356,1.0367544973632903e-06,9.72602379079035e-07,7.443132687967591e-08,1.1895716411913781e-08,1.2051313547090103e-07,4.139294418337158e-08,7.776579309393128e-07,0.0,-1.0863395516480523e-08,7.777570090183872e-07,-2.7425105589284904e-11,3.1184174686949007e-10,1.265064025757212e-10,3.1984562554043805e-08,7.776579309393128e-07,1.9484538427150255e-07,7.445875382927625e-08,1.157131102047515e-08,1.203866304422263e-07,9.408379852970938e-09,0.0,0.0
2.9230004656710662e-05,0.013112473243381828,0.0001456810565443334,1.0367272517849488e-06,0.00984095245121087,1.0367706408942468e-06,9.74918748397613e-07,7.673621382764395e-08,9.594129046774924e-09,1.205252573299731e-07,4.139316089890599e-08,7.776573056617053e-07,0.0,-1.0864577681957144e-08,7.777078394610726e-07,-7.600059470647125e-11,9.536160749945566e-11,1.2652302816551497e-10,3.198459808118059e-08,7.776573056617053e-07,1.972109515691045e-07,7.681222058408821e-08,9.518766219684949e-09,1.2039873809044366e-07,9.408562817725397e-09,0.0,0.0
2.9232503948151134e-05,0.013114242756273597,-2.299995413648781e-05,1.0367294226428717e-06,0.009005608089009009,1.0367683671574923e-06,9.757226280271425e-07,7.755092923389384e-08,8.786975591590362e-09,1.2051434339355183e-07,4.1393381167154075e-08,7.776573056617053e-07,0.0,-1.0865378818891713e-08,7.775554422551068e-07,-2.2838622659726582e-10,1.7064676061107065e-10,1.2653546266339077e-10,3.1984626502890023e-08,7.776573056617053e-07,1.9816711471776216e-07,7.777931188002185e-08,8.597860201575713e-09,1.2038780994316767e-07,9.408754664264052e-09,0.0,0.0
2.9235003239591606e-05,0.013116010813973844,0.001005860645282075,1.0367468001870042e-06,0.012592214025257578,1.036785647556826e-06,9.72282236944011e-07,7.411942704038665e-08,1.2243186020555186e-08,1.205041399998663e-07,4.139360498811584e-08,7.77658669903758e-07,0.0,-1.0866549438048878e-08,7.778815529491112e-07,9.630067576704704e-11,1.5607305725584553e-10,1.2653915415494765e-10,3.1984676240881527e-08,7.77658669903758e-07,1.944007408383186e-07,7.402312718340909e-08,1.2095611623408331e-08,1.2037760654948215e-07,9.408928747234313e-09,0.0,0.0
2.923750435002148e-05,0.013117780326865613,0.0013186215321212558,1.0367879321988004e-06,0.008405567604425295,1.036830553857726e-06,9.763622301761643e-07,7.817664027243154e-08,8.2068787321532e-09,1.2052639419835032e-07,4.139384301993232e-08,7.776592383379466e-07,0.0,-1.0867560185090497e-08,7.780915893818019e-07,3.0577715359747515e-10,7.584586431130802e-11,1.2654977066262063e-10,3.198469045173624e-08,7.776592383379466e-07,1.9827071184863598e-07,7.787086531152454e-08,8.132465367793884e-09,1.2039984653711144e-07,9.409152568196077e-09,0.0,0.0
2.9240003641461954e-05,0.01311954838456586,0.0003720874044930156,1.036817824908343e-06,0.012295550419540426,1.0368617040512618e-06,9.726401231091586e-07,7.444025129643705e-08,1.1959145673756666e-08,1.2054165665631444e-07,4.139402420832994e-08,7.776581583129882e-07,0.0,-1.0868506095107477e-08,7.776831125738681e-07,-1.0163522801143188e-10,1.5336432124257726e-10,1.26590904425683e-10,3.198472597887303e-08,7.776581583129882e-07,1.949569394810169e-07,7.454188732936018e-08,1.1794242915641462e-08,1.2041506636251142e-07,9.409299117635328e-09,0.0,0.0
2.9242502932902426e-05,0.01312131789745763,0.00022332756295470705,1.0368283608529515e-06,0.010411710768184,1.0368690936957137e-06,9.744594535732176e-07,7.626536557836516e-08,1.0145789985926967e-08,1.2053659759203583e-07,4.13942480292917e-08,7.776574761919619e-07,0.0,-1.086965450980415e-08,7.775471999593719e-07,-2.368592821877513e-10,1.4354870070398817e-10,1.2663432802373364e-10,3.198475440058246e-08,7.776574761919619e-07,1.969121825595721e-07,7.650222499933079e-08,1.0016385942890338e-08,1.2040995045481395e-07,9.409495405066082e-09,0.0,0.0
2.92450040433323e-05,0.013123085955157876,0.0006944558795828337,1.036844587793779e-06,0.010747837255431474,1.036884896166157e-06,9.741498843141017e-07,7.595604500920672e-08,1.0470004419005363e-08,1.2053588704930007e-07,4.139446474482611e-08,7.776579309393128e-07,0.0,-1.0870546240937529e-08,7.778021995363815e-07,1.7603545357514072e-11,5.2834653319067115e-11,1.2666750981438213e-10,3.198478282229189e-08,7.776579309393128e-07,1.963476563560107e-07,7.593843776021458e-08,1.040479613578782e-08,1.2040921149036876e-07,9.409684587069478e-09,0.0,0.0
2.9247503334772773e-05,0.013124854012858123,0.0005733767829658731,1.0368670038067953e-06,0.01104667560878634,1.0369101346441312e-06,9.73885562416399e-07,7.568122128986943e-08,1.07581978880944e-08,1.2054621834067802e-07,4.139466369679212e-08,7.776581583129882e-07,0.0,-1.0871661793032672e-08,7.776621373523085e-07,-1.2275153116192428e-10,1.8517554156716187e-10,1.2669476578963668e-10,3.1984814796715e-08,7.776581583129882e-07,1.9622349611836398e-07,7.580396754747198e-08,1.0584482623698932e-08,1.20419528570892e-07,9.409848011898703e-09,0.0,0.0
2.9250002626213245e-05,0.01312662207055837,0.0005988542184955925,1.0368877295272812e-06,0.009830095140037895,1.0369283245381666e-06,9.750757499205065e-07,7.687073377837805e-08,9.585087390462377e-09,1.2054631781666103e-07,4.139489817589492e-08,7.776587835905957e-07,0.0,-1.087252510245662e-08,7.778129997859651e-07,2.7520903958522247e-11,4.833844782781149e-11,1.2671995397450786e-10,3.198483966571075e-08,7.776587835905957e-07,1.9726280697796028e-07,7.684320735279471e-08,9.52764978023879e-09,1.2041958541431086e-07,9.410058510184172e-09,0.0,0.0
2.925250373664312e-05,0.013128390128258616,0.0010163780920854348,1.0369162877665253e-06,0.012116495763474384,1.0369569736212725e-06,9.72900124907028e-07,7.4697602769902e-08,1.1788140241719702e-08,1.2054370301939343e-07,4.139509357514726e-08,7.776588404340146e-07,0.0,-1.0873637990016505e-08,7.778748454256856e-07,8.92727905488222e-11,1.440872005042948e-10,1.2673632976412108e-10,3.198487164013386e-08,7.776588404340146e-07,1.95025293692197e-07,7.46083301805811e-08,1.1647771636091875e-08,1.2041697061704326e-07,9.410220158656557e-09,0.0,0.0
2.9255003028083593e-05,0.013130158185958862,0.0006121767106488374,1.0369450815551178e-06,0.009231481536772944,1.0369905112384004e-06,9.757133057064493e-07,7.748989361289205e-08,9.007279366812782e-09,1.2056534615112469e-07,4.139531739610902e-08,7.776580446261505e-07,0.0,-1.0874597222709781e-08,7.776822030791664e-07,-1.0256955007559299e-10,1.6105838884783452e-10,1.267590893361259e-10,3.198489650912961e-08,7.776580446261505e-07,1.980310457838641e-07,7.759246045679902e-08,8.849899479912438e-09,1.2043858532706508e-07,9.41041999880099e-09,0.0,0.0
2.9257502319524065e-05,0.013131926243659109,-0.00011430404881312972,1.0369538842310528e-06,0.011647362636390414,1.0369953997724224e-06,9.733869319461519e-07,7.516052846767707e-08,1.1337390581900308e-08,1.2056867149112804e-07,4.139549858450664e-08,7.776577604090562e-07,0.0,-1.0875550238154119e-08,7.775760764161532e-07,-2.085087519310136e-10,6.633962129631854e-11,1.2679060579223744e-10,3.198493558898008e-08,7.776577604090562e-07,1.9581092658427224e-07,7.536903723348587e-08,1.1262385690713472e-08,1.20441882245359e-07,9.410562995526561e-09,0.0,0.0
2.926000342995394e-05,0.013133694301359355,0.0006700746179518768,1.036963710575396e-06,0.010585693359346516,1.037001652548497e-06,9.744143198986421e-07,7.621247988254254e-08,1.0314851195403207e-08,1.2054319142862369e-07,4.139576148531887e-08,7.77658669903758e-07,0.0,-1.0876624045863537e-08,7.777427413202531e-07,-4.2785990028715304e-11,1.9250279148508298e-10,1.2682370431615908e-10,3.1984974668830546e-08,7.77658669903758e-07,1.9667163542180788e-07,7.625526876609001e-08,1.0130727368107273e-08,1.2041637376114522e-07,9.410785928309906e-09,0.0,0.0
2.9262502721394412e-05,0.01313546090386808,0.0013779511758009733,1.036999891050448e-06,0.01043577172994806,1.0370430345574277e-06,9.745988336362643e-07,7.638294619027874e-08,1.017069095610168e-08,1.2055643594521825e-07,4.139594622643017e-08,7.77659465711622e-07,0.0,-1.087755929773948e-08,7.781072781654075e-07,3.2099298219456784e-10,5.947758952018489e-11,1.268443267088415e-10,3.1985006643253655e-08,7.77659465711622e-07,1.9649155547085684e-07,7.606195850939912e-08,1.0106229630935104e-08,1.2042958985603036e-07,9.410940471354934e-09,0.0,0.0
2.9265002012834884e-05,0.013137228961568326,0.00026951930322564877,1.0370290192791117e-06,0.011264216367240933,1.037073957377288e-06,9.738297421790776e-07,7.558661963003033e-08,1.0969428920759583e-08,1.205849855523411e-07,4.1396162941964576e-08,7.776581583129882e-07,0.0,-1.0878612677345245e-08,7.776241091050906e-07,-1.6095029475859945e-10,2.2961678391997253e-10,1.2686253436644535e-10,3.198505993395884e-08,7.776581583129882e-07,1.9620568991740583e-07,7.574756466510735e-08,1.074182076621355e-08,1.2045811104144377e-07,9.411103008005739e-09,0.0,0.0
2.926750312326476e-05,0.01313899556407705,-8.418047666669537e-05,1.0370322934794714e-06,0.009572310120699604,1.03707236576156e-06,9.754588745636283e-07,7.722978523361235e-08,9.337394857311665e-09,1.2057159892719937e-07,4.139640807920841e-08,7.776575330353808e-07,0.0,-1.0879595890855853e-08,7.775579433655366e-07,-2.2649562780863164e-10,1.338023858377113e-10,1.268848498492403e-10,3.1985091908381946e-08,7.776575330353808e-07,1.979010022523653e-07,7.74562849414906e-08,9.206754469914813e-09,1.2044471020544734e-07,9.411315282648047e-09,0.0,0.0
2.9270002414705232e-05,0.013140763621777296,0.0008675341921655644,1.0370461436251584e-06,0.011283010496838773,1.0370853260610602e-06,9.738206472320599e-07,7.559913939303442e-08,1.0987628584757658e-08,1.2056314346864383e-07,4.139658926760603e-08,7.776583288432448e-07,0.0,-1.0880548906300191e-08,7.778471058372816e-07,6.187823864411968e-11,1.0979448600290098e-10,1.2689606310178903e-10,3.198514164637345e-08,7.776583288432448e-07,1.9597351297306886e-07,7.553725822617707e-08,1.0871143985013987e-08,1.2043624053603708e-07,9.411448509411002e-09,0.0,0.0
2.9272501706145704e-05,0.01314253022428602,0.0008105302687226867,1.0370757883540223e-06,0.009756379404730807,1.0371184089308372e-06,9.75324269347766e-07,7.708511873261159e-08,9.515633614398666e-09,1.2057986964464362e-07,4.1396873484700336e-08,7.776592951813655e-07,0.0,-1.0881600509549116e-08,7.778683652759355e-07,8.216138880356993e-11,2.8185417888515474e-10,1.269066934872498e-10,3.198520559521967e-08,7.776592951813655e-07,1.9745591828268516e-07,7.700295867607565e-08,9.24351795106304e-09,1.2045296671203687e-07,9.411665224945409e-09,0.0,0.0
2.927500281657558e-05,0.013144296826794744,0.000636007275797823,1.0371013429225734e-06,0.011059534851896872,1.0371423968535964e-06,9.740898576637846e-07,7.585155259448584e-08,1.077298072971189e-08,1.2057850540259096e-07,4.139704401495692e-08,7.776598636155541e-07,0.0,-1.0882504675180371e-08,7.78073172114091e-07,2.864036230398881e-10,7.627025400136489e-11,1.269233745881948e-10,3.1985241122356456e-08,7.776598636155541e-07,1.960167281822578e-07,7.556514702855566e-08,1.0682981610443676e-08,1.2045157404827478e-07,9.411802892600463e-09,0.0,0.0
2.927750210801605e-05,0.013146063429303467,0.0009465328930033934,1.037129300116897e-06,0.010983391676482993,1.0371700227551628e-06,9.741891062731156e-07,7.59462608357353e-08,1.0699900521160544e-08,1.2058417553362233e-07,4.1397324679337544e-08,7.776587267471768e-07,0.0,-1.0883622003632354e-08,7.778085091558751e-07,2.287027685288212e-11,3.026015271689886e-10,1.2695397511031103e-10,3.198531928205739e-08,7.776587267471768e-07,1.9638061132809526e-07,7.592338846507118e-08,1.0410785122871857e-08,1.2045722996845143e-07,9.412004509101735e-09,0.0,0.0
2.9280001399456523e-05,0.013147830031812191,0.00027122982747540547,1.0371508131436674e-06,0.009603760630631859,1.0371954886068124e-06,9.755445944392704e-07,7.727890505293544e-08,9.368896769501589e-09,1.2060786502843257e-07,4.1397502315021484e-08,7.776578172524751e-07,0.0,-1.0884471990380007e-08,7.777124437780003e-07,-7.237038052165801e-11,1.4014314708710174e-10,1.2697866369482114e-10,3.1985365467335214e-08,7.776578172524751e-07,1.9783216487212485e-07,7.735127383057261e-08,9.219665031423574e-09,1.2048089104155224e-07,9.41213862404311e-09,0.0,0.0
2.92825025098864e-05,0.013149596634320915,-0.00013938018115933204,1.037153142402827e-06,0.01230500201097142,1.0371933285568957e-06,9.729379826239892e-07,7.467858864629306e-08,1.1972003832738665e-08,1.2060168330663146e-07,4.139774389955164e-08,7.776577604090562e-07,0.0,-1.088556089712256e-08,7.775642529850302e-07,-2.204676025074903e-10,1.5347133286436332e-10,1.2698758711238156e-10,3.198541165261304e-08,7.776577604090562e-07,1.9537375806066848e-07,7.489905584634471e-08,1.1819460965512008e-08,1.204746951088964e-07,9.412330470581765e-09,0.0,0.0
2.928500180132687e-05,0.013151363236829638,0.0010131201150012092,1.0371685779144178e-06,0.009366466471848722,1.0372046972406679e-06,9.757804946275428e-07,7.754331221576649e-08,9.139615286812841e-09,1.2057768117301748e-07,4.1398003247650195e-08,7.776595225550409e-07,0.0,-1.0886603618587287e-08,7.779592010592751e-07,1.7268016183624724e-10,2.3090149237070534e-10,1.2699626072976145e-10,3.1985482706886614e-08,7.776595225550409e-07,1.9782130777912244e-07,7.737062901469471e-08,8.916253513291394e-09,1.2045067876442772e-07,9.412517876228321e-09,0.0,0.0
2.9287501092767343e-05,0.013153129839338362,0.0015830614771239482,1.0372144421235553e-06,0.011538726646739236,1.0372580163675593e-06,9.737366326589836e-07,7.547605918034606e-08,1.1235680830168349e-08,1.2060017695603165e-07,4.139816311976574e-08,7.776603752063238e-07,0.0,-1.0887545975890589e-08,7.783289106555458e-07,5.415164983091358e-10,9.981332427244638e-11,1.2700100693319172e-10,3.19855182340234e-08,7.776603752063238e-07,1.954077220034378e-07,7.493454035056857e-08,1.1123876930696497e-08,1.2047317454744189e-07,9.412646662099178e-09,0.0,0.0
2.929000220319722e-05,0.013154896441847086,0.0003166902826506335,1.037248003185803e-06,0.009785831761796463,1.0372934866609285e-06,9.754605798661942e-07,7.716656114098441e-08,9.545693124834997e-09,1.206362156835894e-07,4.139846510042844e-08,7.776578172524751e-07,0.0,-1.0888702384193039e-08,7.775709036650369e-07,-2.1392966564892646e-10,3.736268239240559e-10,1.2700970830614722e-10,3.1985596393724336e-08,7.776578172524751e-07,1.97889690412012e-07,7.738049134786706e-08,9.189160543598973e-09,1.2050919906414492e-07,9.412868706704103e-09,0.0,0.0
2.929250149463769e-05,0.013156661589164287,-0.0003313846344622645,1.0372477438088462e-06,0.009691487561735372,1.037287120198016e-06,9.755444807524327e-07,7.726584527745217e-08,9.454477201131795e-09,1.2062139376212144e-07,4.1398624972543985e-08,7.776572488182865e-07,0.0,-1.0889581680828542e-08,7.77650484451442e-07,-1.3378362306859515e-10,5.6166155060211054e-11,1.270167721001414e-10,3.19856354735748e-08,7.776572488182865e-07,1.978939963009907e-07,7.739962626374108e-08,9.381832200006102e-09,1.2049437714267697e-07,9.412991275326021e-09,0.0,0.0
2.9295000786078162e-05,0.01315842819167301,0.000776705449754278,1.0372556108575412e-06,0.011837520085361986,1.037294055095117e-06,9.7348083727411e-07,7.522054090713937e-08,1.1523598963947279e-08,1.2060206699970877e-07,4.139888432064254e-08,7.776582151564071e-07,0.0,-1.0890778945338297e-08,7.777566111144552e-07,-2.8631829546155174e-11,3.8379346922745583e-10,1.2703477159092813e-10,3.1985692316993664e-08,7.776582151564071e-07,1.9572419773794536e-07,7.524916867396314e-08,1.1150262935188948e-08,1.2047502195855486e-07,9.413190227292034e-09,0.0,0.0
2.9297501896508038e-05,0.013160193338990211,0.0013266306479764456,1.037292737838242e-06,0.008284301600134523,1.0373338454883196e-06,9.769496500666719e-07,7.867421913942962e-08,8.093345549298192e-09,1.2061472887126e-07,4.139914366874109e-08,7.77660716266837e-07,0.0,-1.0891679558255873e-08,7.784011586409179e-07,6.133777930017459e-10,2.3131294102363142e-10,1.2706148633245817e-10,3.198579179297667e-08,7.77660716266837e-07,1.9854850563660875e-07,7.806083601735736e-08,7.860706752182978e-09,1.204876696192514e-07,9.41334921122916e-09,0.0,0.0
2.930000118794851e-05,0.013161959941498935,0.000930036484944996,1.0373326041764259e-06,0.012505189850102887,1.0373756822446012e-06,9.729171779326862e-07,7.463184914513477e-08,1.2166514018474572e-08,1.2062488963238138e-07,4.13993426207071e-08,7.776604320497427e-07,0.0,-1.0892653001803865e-08,7.782738862260885e-07,4.863372482510897e-10,2.814580790655441e-10,1.2708441243791668e-10,3.198582376739978e-08,7.776604320497427e-07,1.946433201283071e-07,7.414551106421641e-08,1.1875685324014285e-08,1.2049780195866333e-07,9.413520629664163e-09,0.0,0.0
2.9302500479388982e-05,0.013163725088816136,0.00048609575419611417,1.037357600996653e-06,0.00900622491414815,1.0374013754699263e-06,9.763151638253476e-07,7.801677526231288e-08,8.792913952504477e-09,1.2064072052453412e-07,4.139964815408348e-08,7.776576467222185e-07,0.0,-1.0893749013973775e-08,7.776937422931951e-07,-9.099558606617819e-11,6.107939709565358e-10,1.2710968388951471e-10,3.198596587594693e-08,7.776576467222185e-07,1.986213788995883e-07,7.810776736505431e-08,8.199892320703839e-09,1.2051360442910664e-07,9.413684054493388e-09,0.0,0.0
2.9305001589818858e-05,0.013165490236133337,-0.0002537648671758529,1.0373617019790724e-06,0.010638591315996928,1.0374041039540316e-06,9.747399190018768e-07,7.643189547934526e-08,1.0369859637648915e-08,1.2065078180967248e-07,4.1399840000622135e-08,7.776571919748676e-07,0.0,-1.0894527058269432e-08,7.77962497977569e-07,1.7817207431658488e-10,9.145269957988589e-11,1.2713669006458872e-10,3.198602271936579e-08,7.776571919748676e-07,1.967773783917437e-07,7.625372688835341e-08,1.0257257265777753e-08,1.2052365150339028e-07,9.413814616721083e-09,0.0,0.0
2.930750088125933e-05,0.013167255383450538,0.00010896951801303567,1.0373591461278512e-06,0.011227896178863458,1.0373977374911192e-06,9.741640951688169e-07,7.587836847733342e-08,1.0937813321731937e-08,1.206281865506753e-07,4.140014908671219e-08,7.776575330353808e-07,0.0,-1.089571544099499e-08,7.775494168527075e-07,-2.352845140940474e-10,6.763420379307661e-10,1.27162738672304e-10,3.198611864263512e-08,7.776575330353808e-07,1.9661466410525463e-07,7.611365049342567e-08,1.0281726581240491e-08,1.2050101361182897e-07,9.41403310861233e-09,0.0,0.0
2.93100001726998e-05,0.013169020530767739,0.0016757347336344708,1.0373906487870691e-06,0.007816308071094286,1.037428432937304e-06,9.7749114047474e-07,7.921758538032009e-08,7.640371890715869e-09,1.2061244092365087e-07,4.1400404882097064e-08,7.77661114170769e-07,0.0,-1.0896503255253265e-08,7.787207323417533e-07,9.324260252796535e-10,2.410448785017394e-10,1.2718587294457961e-10,3.198626075118227e-08,7.77661114170769e-07,1.9877042234384135e-07,7.828516146446418e-08,7.3892190144420056e-09,1.204852537739498e-07,9.414143242736372e-09,0.0,0.0
2.9312501283129677e-05,0.01317078567808494,0.001550066053625121,1.0374475889231237e-06,0.012832968368180337,1.037493348121643e-06,9.727123142511118e-07,7.440564786520554e-08,1.248278636012401e-08,1.2064592169735988e-07,4.140062515034515e-08,7.776607731102558e-07,0.0,-1.0897540647647475e-08,7.785369007251575e-07,7.488903386310142e-10,4.3717368614082375e-10,1.2721322606434882e-10,3.198629627831906e-08,7.776607731102558e-07,1.9417547036937322e-07,7.365675713799646e-08,1.203933930327139e-08,1.205187061259494e-07,9.41433064838293e-09,0.0,0.0
2.931500057457015e-05,0.01317255082540214,-0.00018692492682315098,1.0374716503721531e-06,0.009105634648259647,1.0375189276601304e-06,9.76329260993225e-07,7.799259549301496e-08,8.890097547009645e-09,1.2067953036876133e-07,4.140094844728992e-08,7.776571351314487e-07,0.0,-1.0898599356323757e-08,7.775585686431441e-07,-2.258047360204074e-10,6.975846567058852e-10,1.2724066245084487e-10,3.198647746671668e-08,7.776571351314487e-07,1.9877069235008094e-07,7.821840597443952e-08,8.209520174773388e-09,1.2055228637564142e-07,9.414471868751662e-09,0.0,0.0
2.931749986601062e-05,0.013174315972719342,-0.0005360684666928517,1.037458888473664e-06,0.010663711570845327,1.0374973271609633e-06,9.748017646415974e-07,7.648645805602428e-08,1.0395004856889045e-08,1.2065831356267154e-07,4.140116161011065e-08,7.77657021444611e-07,0.0,-1.0899394276009389e-08,7.779180464240198e-07,1.3379214403030915e-10,1.0118060556063568e-10,1.272588423528731e-10,3.198653786284922e-08,7.77657021444611e-07,1.9688373242843227e-07,7.6352669964308e-08,1.0271761219371456e-08,1.205310553586969e-07,9.41462463543985e-09,0.0,0.0
2.9320000976440497e-05,0.013176081120036542,0.0008245492019636896,1.0374639805836233e-06,0.01254764750679469,1.03750198832131e-06,9.72991188064043e-07,7.469753171562843e-08,1.2208750455044992e-08,1.2063554777341778e-07,4.140145293263231e-08,7.776581014695694e-07,0.0,-1.0900571112415491e-08,7.777882160553418e-07,2.8170900941842936e-12,8.287830421949138e-10,1.2727006948320962e-10,3.1986662207827976e-08,7.776581014695694e-07,1.952030004304106e-07,7.469471796639482e-08,1.1395218990628564e-08,1.2050827535858843e-07,9.414789836625914e-09,0.0,0.0
2.932250572484918e-05,0.013177849177736789,0.0016040376647740067,1.037506919400728e-06,0.008259919273783703,1.0375491683589644e-06,9.771745226316852e-07,7.886229980158532e-08,8.071382673335847e-09,1.206504265383046e-07,4.140172649158558e-08,7.776618531352142e-07,0.0,-1.0901457514478352e-08,7.789444111949706e-07,1.155272433273069e-09,1.4689768845776996e-10,1.2727982556803852e-10,3.1986811421802486e-08,7.776618531352142e-07,1.982301682801335e-07,7.770702836751298e-08,7.923662614928162e-09,1.2052313991262054e-07,9.414915957961512e-09,0.0,0.0
2.932500501628965e-05,0.01317961432505399,0.0010606166072371082,1.037553954474123e-06,0.012511144418432181,1.0375973715781583e-06,9.73118176261778e-07,7.478696772977855e-08,1.2174822039412447e-08,1.2067140175986424e-07,4.140193254897895e-08,7.776598636155541e-07,0.0,-1.0902425628955825e-08,7.782267630318529e-07,4.3960132756204473e-10,6.661511897654293e-10,1.2729588216853216e-10,3.198686115979399e-08,7.776598636155541e-07,1.9489147007334395e-07,7.43473691500185e-08,1.1497182761388558e-08,1.2054410092332546e-07,9.415072277363379e-09,0.0,0.0
2.9327506126719527e-05,0.013181378017179668,0.00014675223767390833,1.0375752487433686e-06,0.00954964621314591,1.0376203363193781e-06,9.759942258824594e-07,7.764766252194022e-08,9.320399563250703e-09,1.2068917953911296e-07,4.140224874049636e-08,7.776573625051242e-07,0.0,-1.090353762833729e-08,7.778498343213869e-07,6.517732187294456e-11,6.130379537339081e-10,1.2730816401074208e-10,3.198706721718736e-08,7.776573625051242e-07,1.9814436313936312e-07,7.758248443678895e-08,8.728241240874013e-09,1.2056187870257418e-07,9.415180635130582e-09,0.0,0.0
2.933000541816e-05,0.013183141709305346,-0.0004001540684527294,1.0375707795152328e-06,0.008905050141798845,1.037611809806549e-06,9.766083621798316e-07,7.82627864737151e-08,8.696746434111446e-09,1.2068844057466777e-07,4.140246545603077e-08,7.776570782880299e-07,0.0,-1.090433787709344e-08,7.780265605106251e-07,2.4215543459327193e-10,1.795837645257592e-10,1.2732503940071638e-10,3.1987113402465184e-08,7.776570782880299e-07,1.985817448257876e-07,7.80206264039407e-08,8.500440351610905e-09,1.2056111131641956e-07,9.415351165387165e-09,0.0,0.0
2.933250470960047e-05,0.013184906856622547,0.0004297380476758761,1.0375713017160484e-06,0.01223860112866166,1.037607717080391e-06,9.733865908856387e-07,7.507161825515141e-08,1.1912890229837103e-08,1.2065684984463587e-07,4.140275322583875e-08,7.776581583129882e-07,0.0,-1.0905428560192831e-08,7.777012456244847e-07,-8.429406478382973e-11,9.207878348682641e-10,1.2734503729294744e-10,3.198727682729441e-08,7.776581583129882e-07,1.9568541631542757e-07,7.515590993989463e-08,1.0996172861155173e-08,1.2052950637553295e-07,9.415474622187503e-09,0.0,0.0
2.9335005820030347e-05,0.013186670548748225,0.0019116644860759924,1.0376125968481667e-06,0.009066894498335195,1.0376525096944533e-06,9.76489332060737e-07,7.817233438345284e-08,8.853725752544506e-09,1.2065417820394941e-07,4.140304454836041e-08,7.77662762629916e-07,0.0,-1.0906404668276082e-08,7.792403948769788e-07,1.4502656853210283e-09,7.443580474220113e-11,1.2735322518775405e-10,3.198741538312788e-08,7.77662762629916e-07,1.972488945511941e-07,7.672206692177497e-08,8.782888194502902e-09,1.205268347348465e-07,9.41563005341095e-09,0.0,0.0
2.933750511147082e-05,0.013188434240873903,0.0013508222952199889,1.0376701370706297e-06,0.01187764724773791,1.0377157195762265e-06,9.738382686919067e-07,7.548253933009619e-08,1.1566907431870277e-08,1.206958586408291e-07,4.1403247053040104e-08,7.776598067721352e-07,0.0,-1.0907365677326197e-08,7.782748525642091e-07,4.876840042911113e-10,7.694423986848165e-10,1.2736098287113862e-10,3.198747577926042e-08,7.776598067721352e-07,1.955633592842787e-07,7.499485832340724e-08,1.078779021668197e-08,1.2056850096087146e-07,9.415770385601263e-09,0.0,0.0
2.934000440291129e-05,0.013190197932999581,-0.0004168175211924918,1.0376866100392826e-06,0.00966876596272826,1.0377320904808585e-06,9.759835393197136e-07,7.761348541635016e-08,9.436556425157505e-09,1.2071299693161563e-07,4.140358811355327e-08,7.77657021444611e-07,0.0,-1.0908450143176651e-08,7.777456971780339e-07,-3.8716578554254255e-11,5.657602164532705e-10,1.2736987853312343e-10,3.198768538936747e-08,7.77657021444611e-07,1.98237827930825e-07,7.765220289002173e-08,8.885994162710631e-09,1.2058562504080328e-07,9.415903612364218e-09,0.0,0.0
2.9342505513341166e-05,0.01319196162512526,-0.000513332931667998,1.0376702050489886e-06,0.010510550178846256,1.0377088983659633e-06,9.751464631335693e-07,7.679611258026853e-08,1.024932583248983e-08,1.206933291086898e-07,4.140379061823296e-08,7.77657021444611e-07,0.0,-1.0909288583604848e-08,7.779960355946969e-07,2.1160229124461694e-10,1.8241039234645484e-10,1.2737512433691478e-10,3.198772446921794e-08,7.77657021444611e-07,1.971504701714366e-07,7.658451295355917e-08,1.0049742371620596e-08,1.2056595721787744e-07,9.416067037193443e-09,0.0,0.0
2.9345004804781638e-05,0.013193725317250937,0.0008049991160488101,1.037675349142516e-06,0.011728681636345852,1.0377115131632308e-06,9.739735560287954e-07,7.564223380995827e-08,1.14234257608814e-08,1.2067273758020747e-07,4.140409615160934e-08,7.776585562169203e-07,0.0,-1.0910447656442557e-08,7.778128292557085e-07,2.6871033176334436e-11,1.0219614043904812e-09,1.2737609578206133e-10,3.19878985521882e-08,7.776585562169203e-07,1.9616072677308694e-07,7.561536108369182e-08,1.0414648698997553e-08,1.205453656893951e-07,9.416198487599559e-09,0.0,0.0
2.934750409622211e-05,0.013195487554185092,0.0017619727033191257,1.0377205852680062e-06,0.008311917758083992,1.0377617627455038e-06,9.773225428943988e-07,7.898059095623466e-08,8.123424599659756e-09,1.206780950724351e-07,4.140440523769939e-08,7.776638994982932e-07,0.0,-1.0911318959472283e-08,7.794795351401262e-07,1.6882311104637893e-09,7.730312223674929e-11,1.273847277660778e-10,3.198804421344903e-08,7.776638994982932e-07,1.978430645976914e-07,7.729236273235074e-08,8.044148458452582e-09,1.2055070897076803e-07,9.416361024250364e-09,0.0,0.0
2.9350005206651986e-05,0.01319725124631077,0.0012244908563161516,1.0377732572906436e-06,0.012680072677434248,1.0378178103565006e-06,9.731611498864368e-07,7.479356867179376e-08,1.2339754107415501e-08,1.2070738364400313e-07,4.140458997881069e-08,7.776602046760672e-07,0.0,-1.0912268422202942e-08,7.783098681102274e-07,5.222671184412775e-10,9.216133967093754e-10,1.2739766186431467e-10,3.198811171500893e-08,7.776602046760672e-07,1.9485129598706408e-07,7.427130555015538e-08,1.140568617330473e-08,1.2057999754233606e-07,9.416478263801764e-09,0.0,0.0
2.9352504498092458e-05,0.013199013483244926,-0.0002857528836663903,1.0377898000779125e-06,0.009677983960474297,1.0378348633821588e-06,9.760700550032197e-07,7.768409915343e-08,9.446390336620425e-09,1.2072878519120422e-07,4.140501630445215e-08,7.776571919748676e-07,0.0,-1.0913364434372852e-08,7.778675694680715e-07,8.29892474185634e-11,8.222572622784696e-10,1.2741302457541792e-10,3.198837816853484e-08,7.776571919748676e-07,1.982024855351483e-07,7.760111486732058e-08,8.645274718332985e-09,1.2060137066782772e-07,9.41663813591731e-09,0.0,0.0
2.935500378953293e-05,0.013200777175370604,-0.0007496890267528755,1.0377715380704724e-06,0.010374941590235205,1.037811898640939e-06,9.753731546879862e-07,7.699615167666707e-08,1.0119439508571304e-08,1.2071994603957137e-07,4.140521525641816e-08,7.77657021444611e-07,0.0,-1.0914120274208017e-08,7.783146429574117e-07,5.3019000301191e-10,1.8513610089421206e-10,1.2743292532313433e-10,3.19884350119537e-08,7.77657021444611e-07,1.970584833088651e-07,7.64659588980976e-08,9.911804710327488e-09,1.2059251730534015e-07,9.416779356286042e-09,0.0,0.0
2.9357504899962805e-05,0.013202539412304759,0.0005923253756079383,1.037768764950091e-06,0.012369293034464523,1.0378035995017854e-06,9.734419563756092e-07,7.509641619662943e-08,1.2040788810452341e-08,1.2068711896517925e-07,4.140557408049972e-08,7.776584425300825e-07,0.0,-1.0915307768755156e-08,7.776739039400127e-07,-1.1198664218170507e-10,1.3663664644170126e-09,1.2745995925378395e-10,3.1988648174774426e-08,7.776584425300825e-07,1.957680666464512e-07,7.520840483721258e-08,1.0690111906797028e-08,1.205596618092386e-07,9.416926793903713e-09,0.0,0.0
2.9360004191403277e-05,0.013204303104430437,0.0020627555010628296,1.0378155924024432e-06,0.008292795062649846,1.0378555543866241e-06,9.774279305929667e-07,7.908159460612296e-08,8.105609516917411e-09,1.2068106514107058e-07,4.140593290458128e-08,7.77665206896927e-07,0.0,-1.0916141768291254e-08,7.797583521096385e-07,1.965645868295951e-09,1.2697065621125603e-10,1.274914618321077e-10,3.198885067945412e-08,7.77665206896927e-07,1.9766950742905465e-07,7.711594918191622e-08,7.976695748368456e-09,1.2055356535256578e-07,9.41708222512716e-09,0.0,0.0
2.936250348284375e-05,0.013206065341364592,0.0013953804291766403,1.0378765329510391e-06,0.012554580211961307,1.0379235391155817e-06,9.733798833622131e-07,7.499215826101135e-08,1.2220375822380447e-08,1.2072683830410824e-07,4.1406142514688327e-08,7.776608867970936e-07,0.0,-1.0917124093623443e-08,7.784261129017978e-07,6.377143257907392e-10,1.1692621315617657e-09,1.275232697217632e-10,3.198893594458241e-08,7.776608867970936e-07,1.949537704604154e-07,7.435444615566666e-08,1.1039482217256591e-08,1.2059932430474873e-07,9.417206570105918e-09,0.0,0.0
2.9365004593273625e-05,0.013207827578298748,-0.0005645313834129473,1.0378911744797906e-06,0.009519029460222737,1.0379362720414065e-06,9.763178923094529e-07,7.790750800040769e-08,9.293598779436252e-09,1.207532420721691e-07,4.1406625683748643e-08,7.776571351314487e-07,0.0,-1.0918252080216462e-08,7.779713087074924e-07,1.8666206080819592e-10,1.031888463565167e-09,1.2756033729299787e-10,3.1989273452381894e-08,7.776571351314487e-07,1.9834652675854159e-07,7.772084131829615e-08,8.28347079817604e-09,1.2062568544024543e-07,9.41735045500991e-09,0.0,0.0
2.9367503884714097e-05,0.013209589815232903,-0.000674502309644387,1.0378693397704249e-06,0.009845763690466969,1.0379081913924892e-06,9.75973193817481e-07,7.758765008247792e-08,9.609201434557235e-09,1.2072837307641748e-07,4.140681397757362e-08,7.776571919748676e-07,0.0,-1.0918976833806937e-08,7.786512128404866e-07,8.664287065585086e-10,3.0492705582751967e-10,1.2759260314965104e-10,3.198934805936915e-08,7.776571919748676e-07,1.973220093987038e-07,7.672122137591941e-08,9.28199561656129e-09,1.206007880227844e-07,9.41746769456131e-09,0.0,0.0
2.937000317615457e-05,0.013211352052167058,0.0010320670422389322,1.037875640908206e-06,0.012141979795780411,1.0379116019976209e-06,9.737607342685806e-07,7.540502622305212e-08,1.1823383161413403e-08,1.2069666865954787e-07,4.1407272277638185e-08,7.7765906780769e-07,0.0,-1.0920172321959853e-08,7.778651252010604e-07,7.846447103165843e-11,1.8327520612260173e-09,1.27615640277412e-10,3.198965004003185e-08,7.7765906780769e-07,1.9589562327837484e-07,7.532656098874213e-08,1.0005645201260904e-08,1.2056905518420535e-07,9.417622237606338e-09,0.0,0.0
2.9372504286584444e-05,0.013213114289101213,0.002044623951378277,1.0379298594932453e-06,0.008080556414213633,1.0379709465269116e-06,9.777415925782407e-07,7.937029522508965e-08,7.900696097351556e-09,1.2070429988852993e-07,4.140765241800182e-08,7.776670258863305e-07,0.0,-1.0920993886998076e-08,7.80270681843831e-07,2.4760153927161355e-09,8.72684841057847e-11,1.2763981538377323e-10,3.1989895177275685e-08,7.776670258863305e-07,1.9747093915611913e-07,7.689428116464114e-08,7.810688096299145e-09,1.20576657991478e-07,9.417757240726132e-09,0.0,0.0
2.9375003578024916e-05,0.013214876526035368,0.001436003574415156,1.0379911963970453e-06,0.012350073354229413,1.0380377943874919e-06,9.736828587847413e-07,7.527676615382006e-08,1.2025054729747353e-08,1.2074519872840028e-07,4.140796150409187e-08,7.776608867970936e-07,0.0,-1.0921936244301378e-08,7.783645514791715e-07,5.760099619500636e-10,1.7029087029385437e-09,1.2765861978625281e-10,3.1990040838536515e-08,7.776608867970936e-07,1.9531829309471505e-07,7.470075757964878e-08,1.0312130704903666e-08,1.2061754262049362e-07,9.417919777376937e-09,0.0,0.0
2.937750286946539e-05,0.013216637307778,-0.0003463533509935335,1.0380103827592378e-06,0.009429291362022666,1.0380563253420405e-06,9.765169579623034e-07,7.808459656644118e-08,9.207862916582599e-09,1.2077487099304562e-07,4.140852283285312e-08,7.776574761919619e-07,0.0,-1.0922989623907142e-08,7.784685749356868e-07,6.833866805777689e-10,9.012783852568873e-10,1.276802830130208e-10,3.19904458478959e-08,7.776574761919619e-07,1.9804839723747136e-07,7.740121077404183e-08,8.325931943886644e-09,1.2064720067428425e-07,9.418075208600385e-09,0.0,0.0
2.9380003979895264e-05,0.013218399544712156,-0.0009504630764265443,1.0379875297811857e-06,0.009402487769372426,1.0380274488852592e-06,9.765133199834963e-07,7.810333357838317e-08,9.181654547774087e-09,1.2075282995738235e-07,4.140876441738328e-08,7.776571351314487e-07,0.0,-1.0923779214522256e-08,7.784108788655431e-07,6.260477136699194e-10,7.124548728754121e-10,1.276982131148685e-10,3.199052756031051e-08,7.776571351314487e-07,1.9810242690709856e-07,7.747728858475966e-08,8.450860455866405e-09,1.2062514542776626e-07,9.41823774525119e-09,0.0,0.0
2.9382503271335736e-05,0.013220160326454788,0.0010313401766617325,1.0379889538504007e-06,0.011895158996135751,1.038023015098588e-06,9.741017947817454e-07,7.57321885203055e-08,1.158709572735006e-08,1.2070891841631237e-07,4.1409343509712926e-08,7.776606594234181e-07,0.0,-1.0924836146841699e-08,7.781972044540453e-07,4.0882910945505557e-10,1.8956303193817803e-09,1.2771833590718984e-10,3.199093612238357e-08,7.776606594234181e-07,1.959045619059907e-07,7.532336354643121e-08,9.70094404806332e-09,1.2058120546498685e-07,9.418405610972513e-09,0.0,0.0
2.9385002562776208e-05,0.013221922563388944,0.002551064441395884,1.0380520843077109e-06,0.008730964538238942,1.0380929325037869e-06,9.772254543349845e-07,7.883391361929171e-08,8.532120787663189e-09,1.2072243293914653e-07,4.1409670359371376e-08,7.776691290928284e-07,0.0,-1.092569146265987e-08,7.809131830072147e-07,3.1163398528377684e-09,3.274419971277531e-11,1.2773286595102462e-10,3.1991138627063265e-08,7.776691290928284e-07,1.9631227132776985e-07,7.571757265623091e-08,8.500800952049303e-09,1.205947057769663e-07,9.418529955951271e-09,0.0,0.0
2.9387503673206083e-05,0.013223683345131576,0.0010522496237079793,1.038115530803899e-06,0.01067152360579425,1.0381659194536041e-06,9.754199936651275e-07,7.69734711525416e-08,1.0409217487961087e-08,1.2078629652023665e-07,4.14100682633034e-08,7.776602046760672e-07,0.0,-1.0926620497286876e-08,7.780867008477799e-07,2.987379232877174e-10,2.0975281511681487e-09,1.2773772317675736e-10,3.199136244802503e-08,7.776602046760672e-07,1.9733329281734768e-07,7.667473767014599e-08,8.304391840852077e-09,1.206585551472017e-07,9.418705815278372e-09,0.0,0.0
2.9390002964646555e-05,0.013225444126874208,-0.0010647386062073716,1.0381153109001753e-06,0.01014929713129244,1.0381592119301786e-06,9.759161230249447e-07,7.745803287662056e-08,9.904862707799111e-09,1.208011042308499e-07,4.141061182849626e-08,7.77657021444611e-07,0.0,-1.0927605487154324e-08,7.786281912558479e-07,8.433978515576257e-10,6.871639368632998e-10,1.277530720100728e-10,3.199178166823913e-08,7.77657021444611e-07,1.9728798861251562e-07,7.661463286012804e-08,9.226069686008032e-09,1.2067334864696022e-07,9.41883016025713e-09,0.0,0.0
2.9392502256087027e-05,0.01322720490861684,-0.0005248299796409839,1.038087322066729e-06,0.010115012077978448,1.0381232868894585e-06,9.759125987329753e-07,7.749914487931164e-08,9.87136772323538e-09,1.2075601318883855e-07,4.1410860518453774e-08,7.77657419348543e-07,0.0,-1.0928455473901977e-08,7.78519108735054e-07,7.33948291031794e-10,9.658834843051523e-10,1.277660477416731e-10,3.199186338065374e-08,7.77657419348543e-07,1.9739344736535713e-07,7.67651968658356e-08,8.89473650289574e-09,1.2062824339409417e-07,9.418997137800034e-09,0.0,0.0
2.9395003366516903e-05,0.013228965690359473,0.0015601828842628507,1.0381055523716455e-06,0.011470817916472498,1.0381426136518712e-06,9.746219120643218e-07,7.62286589406358e-08,1.1179710490694106e-08,1.207318547358227e-07,4.141152132319803e-08,7.776613983878633e-07,0.0,-1.0929458227337818e-08,7.78540368173708e-07,7.511622435174559e-10,1.961336870692776e-09,1.2777465197011395e-10,3.19923394442867e-08,7.776613983878633e-07,1.9608157231232326e-07,7.547750158209965e-08,9.227717256976575e-09,1.206040707302236e-07,9.419180990732912e-09,0.0,0.0
2.9397502657957375e-05,0.013230726472102106,0.0022250478857014228,1.0381722020239596e-06,0.009301002121938951,1.038213781612285e-06,9.76786623141379e-07,7.836294457774784e-08,9.085094454519549e-09,1.2075469157935004e-07,4.1411862383711195e-08,7.776689585625718e-07,0.0,-1.0930277127840782e-08,7.810126021468022e-07,3.2158773421997466e-09,6.548024622521353e-11,1.2778854363570957e-10,3.1992527738111676e-08,7.776689585625718e-07,1.95773964151158e-07,7.514707078826177e-08,9.01460062152637e-09,1.2062690757375094e-07,9.41933464559952e-09,0.0,0.0
2.9400001949397847e-05,0.013232487253844738,0.0010603208801694963,1.0382300501973672e-06,0.011767262415590922,1.0382772188677336e-06,9.744668432176695e-07,7.600944940122645e-08,1.1466807059434814e-08,1.2079763678229938e-07,4.141231713106208e-08,7.776597499287163e-07,0.0,-1.0931222149679343e-08,7.779936481711047e-07,2.0606878703421927e-10,2.2879038663603524e-09,1.2780435043602267e-10,3.199280484977862e-08,7.776597499287163e-07,1.964732092574195e-07,7.58033777970013e-08,9.176860160664546e-09,1.2066983856584557e-07,9.41951139310504e-09,0.0,0.0
2.9402503059827723e-05,0.01323424803558737,-0.0006778022205571332,1.0382367855160879e-06,0.010016345378692865,1.0382822210885934e-06,9.761596402313444e-07,7.768193199808593e-08,9.777552101297715e-09,1.208204736258267e-07,4.141285359082758e-08,7.776572488182865e-07,0.0,-1.0932143190700572e-08,7.787759273014672e-07,9.90875936857094e-10,5.024212712534393e-10,1.2783826774942497e-10,3.199319920099697e-08,7.776572488182865e-07,1.973836987190225e-07,7.66910588367864e-08,9.282924651188296e-09,1.2069263277680875e-07,9.419652613473772e-09,0.0,0.0
2.9405002351268195e-05,0.013236008817330003,-0.0008872461720637048,1.0382092284297272e-06,0.010748434879032822,1.0382460686741979e-06,9.754157872521318e-07,7.697138215689847e-08,1.0484193069260073e-08,1.2078730549092143e-07,4.141311649163981e-08,7.776570782880299e-07,0.0,-1.093297719023667e-08,7.780897135489795e-07,3.0479435642050134e-10,1.1410530298405774e-09,1.2786471881298667e-10,3.1993298676979975e-08,7.776570782880299e-07,1.9732603107058821e-07,7.666658774496682e-08,9.33145738457597e-09,1.2065943622019404e-07,9.419817814659837e-09,0.0,0.0
2.9407501642708667e-05,0.013237768143881112,0.0014251441896517836,1.0382186918123686e-06,0.011025103747646179,1.0382527761976235e-06,9.751538527780212e-07,7.674837831928016e-08,1.0751172396794573e-08,1.2074389132976648e-07,4.1413727558392566e-08,7.776616257615387e-07,0.0,-1.0933979055494092e-08,7.786634341755416e-07,8.738675894015557e-10,1.5682520837501102e-09,1.2789978798277701e-10,3.1993746318903504e-08,7.776616257615387e-07,1.964904896567532e-07,7.587451023027825e-08,9.197560935092497e-09,1.2061597942647495e-07,9.419981239489061e-09,0.0,0.0
2.9410002753138542e-05,0.013239528925623745,0.002678579801113301,1.0382909494351659e-06,0.00878753766896073,1.0383334938524058e-06,9.773957572178915e-07,7.895494036347372e-08,8.588902034034618e-09,1.2077357780526654e-07,4.141398690649112e-08,7.77667253260006e-07,0.0,-1.0934794403283377e-08,7.806661415088456e-07,2.870968573986943e-09,1.6501139343816362e-10,1.2793507919717229e-10,3.19938813220233e-08,7.77667253260006e-07,1.9672960149819119e-07,7.608397112335297e-08,8.414661856193106e-09,1.2064563748026558e-07,9.420106472646239e-09,0.0,0.0
2.9412502044579014e-05,0.013241288252174854,0.00048375895380603495,1.0383465853005173e-06,0.011984993306507636,1.038396703734179e-06,9.743687314767158e-07,7.58735296813029e-08,1.1677802724818775e-08,1.2083684453045862e-07,4.141444875926936e-08,7.776583856866637e-07,0.0,-1.0935716332483025e-08,7.777074415571406e-07,-7.88934820250553e-11,2.242331209600934e-09,1.2795768611351122e-10,3.199419396082703e-08,7.776583856866637e-07,1.9666130413042993e-07,7.595242124125434e-08,9.43455980007002e-09,1.2070888999460294e-07,9.42025391026391e-09,0.0,0.0
2.9415001336019486e-05,0.013243049033917487,-0.0013928988624618555,1.0383305773309908e-06,0.009652488527651213,1.0383731705587707e-06,9.765949471329805e-07,7.81008822059448e-08,9.426571523363236e-09,1.2083715716926235e-07,4.141493548104336e-08,7.776569646011922e-07,0.0,-1.0936715533205188e-08,7.789037113070663e-07,1.118776959962986e-09,3.451375296670278e-10,1.2797711501644216e-10,3.199453857405388e-08,7.776569646011922e-07,1.9769127845847834e-07,7.698211135220845e-08,9.089037078524598e-09,1.2070917421169725e-07,9.42039868334632e-09,0.0,0.0
2.9417502446449362e-05,0.013244808360468596,-0.00011187408734514293,1.038304103460951e-06,0.011113014044489928,1.0383375865785638e-06,9.751479410624597e-07,7.669984825042775e-08,1.0836832764482551e-08,1.2079068767434364e-07,4.141522325085134e-08,7.776574761919619e-07,0.0,-1.0937576178093877e-08,7.782170996506466e-07,4.3166570318220465e-10,1.3901225726087318e-09,1.2798720416817844e-10,3.1994666471746314e-08,7.776574761919619e-07,1.969308698335226e-07,7.626817932759877e-08,9.433274605896713e-09,1.2066269050592382e-07,9.420556779105027e-09,0.0,0.0
2.9420001737889834e-05,0.013246567687019706,0.0018486205476372364,1.0383346585025523e-06,0.011296939961542534,1.0383732842456084e-06,9.750042408995796e-07,7.656237954734024e-08,1.1014564371691904e-08,1.207795179425375e-07,4.1415866292027204e-08,7.776623078825651e-07,0.0,-1.0938668637550109e-08,7.789961387061339e-07,1.2058255505209559e-09,1.4887953092568296e-09,1.280061334707483e-10,3.1995131877238236e-08,7.776623078825651e-07,1.9600807377173624e-07,7.535655299761856e-08,9.541345491470565e-09,1.2065152077411767e-07,9.420737079324226e-09,0.0,0.0
2.9422501029330306e-05,0.013248327013570815,0.0018644396150717668,1.0383999833558535e-06,0.008697445763069812,1.0384442248323467e-06,9.775860689842375e-07,7.910617938478026e-08,8.502501813723029e-09,1.208135387287257e-07,4.1416161167262544e-08,7.776662869218853e-07,0.0,-1.0939544381471933e-08,7.804169968039787e-07,2.6226740779122792e-09,2.5652524549002464e-10,1.2801902593562176e-10,3.199526688035803e-08,7.776662869218853e-07,1.9716902954769466e-07,7.648350219824351e-08,8.237166504443394e-09,1.2068552734945115e-07,9.420893398726093e-09,0.0,0.0
2.942500213976018e-05,0.013250086340121925,0.0005952424480222263,1.0384432571954624e-06,0.01237488104090174,1.038488221638545e-06,9.740768973642844e-07,7.557056136420215e-08,1.2054085729573671e-08,1.2084817058166664e-07,4.1416658547177576e-08,7.776581583129882e-07,0.0,-1.0940533812231479e-08,7.777120458740683e-07,-7.418182734753032e-11,2.1713995046468426e-09,1.2803232085634164e-10,3.199559373001648e-08,7.776581583129882e-07,1.9636487991192553e-07,7.56447420258155e-08,9.881758522567452e-09,1.2072014499153738e-07,9.421065705339515e-09,0.0,0.0
2.9427501431200653e-05,0.013251845666673034,-0.000506644451298402,1.0384448159235424e-06,0.008845774977986264,1.0384894721937599e-06,9.774840918908012e-07,7.896701958998165e-08,8.646604321427276e-09,1.2085938294603693e-07,4.141714171623789e-08,7.776577035656373e-07,0.0,-1.0941599626335119e-08,7.791447842464549e-07,1.359021339908395e-09,2.388976794165387e-10,1.2805299876017529e-10,3.1995909921533894e-08,7.776577035656373e-07,1.9833932185520098e-07,7.760800002643009e-08,8.418481023397817e-09,1.2073132893419825e-07,9.421231794704e-09,0.0,0.0
2.9430000722641125e-05,0.013253604993224144,-0.0005376381798957858,1.0384264435819432e-06,0.01067542590365559,1.038464915836812e-06,9.756890904100146e-07,7.719156513985581e-08,1.0415896589677232e-08,1.2084042566584685e-07,4.1417457907755306e-08,7.776570782880299e-07,0.0,-1.0942500239252695e-08,7.778949111525435e-07,1.0975798742096643e-10,1.399041771321663e-09,1.2807105376211325e-10,3.199604492465369e-08,7.776570782880299e-07,1.977941650466164e-07,7.708180760346295e-08,9.002055101348105e-09,1.2071235744315345e-07,9.421412094923198e-09,0.0,0.0
2.9432500014081597e-05,0.013255364319775254,0.0011835481286741611,1.0384378072471684e-06,0.010655951932432978,1.0384727602286148e-06,9.757139878274756e-07,7.724830197730626e-08,1.0397161354092077e-08,1.2080347744358733e-07,4.141806542179438e-08,7.776621373523085e-07,0.0,-1.094363977216517e-08,7.789553251313919e-07,1.1650890252568047e-09,1.2705124730061357e-09,1.2810212612901495e-10,3.199647480300882e-08,7.776621373523085e-07,1.967585916418102e-07,7.60832108426257e-08,9.141758461339577e-09,1.206753807991845e-07,9.421590618785558e-09,0.0,0.0
2.9435001124511473e-05,0.013257123646326363,0.0025563951986526945,1.0385036050631225e-06,0.008548672731637955,1.0385458608652698e-06,9.778239018487511e-07,7.932851531222695e-08,8.359096526078247e-09,1.2082873013241624e-07,4.141836740245708e-08,7.776666848258174e-07,0.0,-1.094446844263075e-08,7.805905966051796e-07,2.7957840487147223e-09,2.4539151266544934e-10,1.2812552407925892e-10,3.199660270070126e-08,7.776666848258174e-07,1.9723333366528095e-07,7.653272859897697e-08,8.104200865943767e-09,1.2070060506630398e-07,9.421765589934239e-09,0.0,0.0
2.9437500415951945e-05,0.01325888151768595,0.0008583344409838212,1.038563631617465e-06,0.0121088287577587,1.0386129360995255e-06,9.744492217578227e-07,7.590187323103237e-08,1.1799438759396708e-08,1.2088894152384455e-07,4.141880438623957e-08,7.776583856866637e-07,0.0,-1.0945520934058095e-08,7.778479016451456e-07,6.133026031474031e-11,1.964013396360542e-09,1.2814087291257437e-10,3.1996886917795564e-08,7.776583856866637e-07,1.9660133432353177e-07,7.584053918208156e-08,9.83463976922394e-09,1.2076078803602286e-07,9.421917468444008e-09,0.0,0.0
2.9439999707392417e-05,0.01326064084423706,-0.0013054057279717757,1.0385557661736106e-06,0.009429251651563456,1.0386004305473762e-06,9.770221822691383e-07,7.84730218583718e-08,9.212588025775403e-09,1.2089211054444604e-07,4.1419298213440925e-08,7.77657021444611e-07,0.0,-1.0946421546975671e-08,7.786608762216929e-07,8.75706840375301e-10,2.4319352087687207e-10,1.2815076777528134e-10,3.199718889845826e-08,7.77657021444611e-07,1.9836127762573597e-07,7.759731346368426e-08,8.975053589210802e-09,1.2076395705662435e-07,9.422109314982663e-09,0.0,0.0
2.9442500817822292e-05,0.013262398715596646,-0.00034337665666583916,1.0385267827002892e-06,0.01107128009439757,1.0385614359620376e-06,9.753955509950174e-07,7.689444458947037e-08,1.0798877347895086e-08,1.2084390732525208e-07,4.1419593088676265e-08,7.776571919748676e-07,0.0,-1.0947361239743714e-08,7.779595421197882e-07,1.7419152231745727e-10,1.1209102535048032e-09,1.2816556149708447e-10,3.199728126901391e-08,7.776571919748676e-07,1.9743599466437445e-07,7.672025503779878e-08,9.670216627455375e-09,1.2071573962657567e-07,9.422311819662355e-09,0.0,0.0
2.9445000109262764e-05,0.013264156586956233,0.0018481017177656156,1.0385532338311788e-06,0.01074810207198267,1.0385899713583058e-06,9.7573422408459e-07,7.724555217691886e-08,1.0487291035587987e-08,1.2082679745617497e-07,4.14201402065828e-08,7.77661909978633e-07,0.0,-1.0948313367009632e-08,7.788553375576157e-07,1.0652301263291974e-09,1.035146746097837e-09,1.2818714145712562e-10,3.199764364580915e-08,7.77661909978633e-07,1.9687894337039324e-07,7.618032071832204e-08,9.457625793629632e-09,1.2069861554664385e-07,9.422496560773652e-09,0.0,0.0
2.9447499400703236e-05,0.013265915913507342,0.002022347072770714,1.0386213276643979e-06,0.010489856314151032,1.0386668236606056e-06,9.760584589457721e-07,7.752872477340134e-08,1.0238712988552834e-08,1.2086491096852114e-07,4.142041731824975e-08,7.776648658364138e-07,0.0,-1.0949229967138763e-08,7.798000183356635e-07,2.006969701540129e-09,2.3046460573272753e-10,1.2821312067590185e-10,3.199772891093744e-08,7.776648658364138e-07,1.9625844061010866e-07,7.552175418368279e-08,1.0005829942372202e-08,1.2073668642642588e-07,9.422687519133888e-09,0.0,0.0
2.9450000511133112e-05,0.013267673784866929,0.0004776203766967413,1.038665273876191e-06,0.011344586534995855,1.0387108204668039e-06,9.752757250680588e-07,7.671707891176993e-08,1.106409985851542e-08,1.2090040968359972e-07,4.142082232760913e-08,7.776582151564071e-07,0.0,-1.0950151008159992e-08,7.776984034535417e-07,-8.808406087856824e-11,1.4466202680196716e-09,1.2823866968325603e-10,3.1997952731899204e-08,7.776582151564071e-07,1.9757733582537185e-07,7.680516489472211e-08,9.613744467174001e-09,1.2077217093064974e-07,9.422867819353087e-09,0.0,0.0
2.9452505259541795e-05,0.013269436021801084,-0.0004702059302724715,1.0386654045363044e-06,0.010709628150817035,1.0387074098616722e-06,9.75883722276194e-07,7.73290196320886e-08,1.0451351784013241e-08,1.2089728329556237e-07,4.14212131261138e-08,7.77657419348543e-07,0.0,-1.0951140438919538e-08,7.785113211866701e-07,7.256509837461067e-10,1.450357334231711e-10,1.2825752959688685e-10,3.1998158789292575e-08,7.77657419348543e-07,1.9737240108952392e-07,7.660337075776624e-08,1.0316749232686107e-08,1.2076903033175768e-07,9.423051672285965e-09,0.0,0.0
2.945500636997167e-05,0.013271193893160671,1.0587874925249707e-05,1.038657325042146e-06,0.009111918418853691,1.0386960411779e-06,9.774164482223568e-07,7.888112207865561e-08,8.90613893744785e-09,1.208778712680214e-07,4.1421433394361884e-08,7.776574761919619e-07,0.0,-1.0952047269086052e-08,7.778299391247856e-07,4.4204077898069016e-11,9.637833864317713e-10,1.282824679815775e-10,3.199823694899351e-08,7.776574761919619e-07,1.9958650909757125e-07,7.883691921506397e-08,7.937634549648465e-09,1.2074958988250728e-07,9.423196445368376e-09,0.0,0.0
2.9457505661412142e-05,0.013272950309328735,0.0011871304096544577,1.0386783619597443e-06,0.010834423187831689,1.038715254253475e-06,9.757684438227443e-07,7.724955253252119e-08,1.0571888253707584e-08,1.2085699552244478e-07,4.14219165634222e-08,7.776619668220519e-07,0.0,-1.0952962092858343e-08,7.787338631715102e-07,9.43577438405896e-10,7.802871127005062e-10,1.2831351259290358e-10,3.199852827151517e-08,7.776619668220519e-07,1.9703466591636243e-07,7.630597309571385e-08,9.790335653292459e-09,1.2072868571522122e-07,9.42338918008545e-09,0.0,0.0
2.9460004952852614e-05,0.013274708180688322,0.001880569977871005,1.0387322881862546e-06,0.009692910445438104,1.0387743714090902e-06,9.769289590622066e-07,7.83911886514943e-08,9.469284911745035e-09,1.2087322431852954e-07,4.1422136831670286e-08,7.776645816193195e-07,0.0,-1.095394708272579e-08,7.79554795826698e-07,1.7618945191699709e-09,2.993576775356388e-10,1.283334549739834e-10,3.199859222036139e-08,7.776645816193195e-07,1.9737419165721803e-07,7.662929135676677e-08,9.175461279653518e-09,1.2074490030045126e-07,9.423542834952059e-09,0.0,0.0
2.946250606328249e-05,0.013276466052047908,0.0007420287732118336,1.0387783900985767e-06,0.010104358166428776,1.0388251894255518e-06,9.76580054157239e-07,7.800023382742438e-08,9.867714645395154e-09,1.2092129964003107e-07,4.1422556051884385e-08,7.776585562169203e-07,0.0,-1.0954822826647614e-08,7.778206736475113e-07,3.3797693810289076e-11,1.4114394097930472e-09,1.2835858764770336e-10,3.199882314675051e-08,7.776585562169203e-07,1.9875938050972763e-07,7.796643330948427e-08,8.447694099800174e-09,1.2079294720024336e-07,9.423732016955455e-09,0.0,0.0
2.9465005354722962e-05,0.013278222468215972,-0.0009111015030418557,1.0387754204778141e-06,0.011193965180431486,1.0388184819021262e-06,9.755199243954848e-07,7.693341785852681e-08,1.0919936066500213e-08,1.2092930035123572e-07,4.142289711239755e-08,7.776571919748676e-07,0.0,-1.0955790941125088e-08,7.784250897202583e-07,6.395030061057128e-10,1.417666262160111e-10,1.2838094476386175e-10,3.199900078243445e-08,7.776571919748676e-07,1.970948346752266e-07,7.6293915185488e-08,1.0784302340027807e-08,1.208009194897386e-07,9.4238963299631e-09,0.0,0.0
2.9467504646163434e-05,0.013279980339575559,-0.00017907414461837412,1.0387562565923346e-06,0.008851364608828608,1.0387923339294503e-06,9.777579634828726e-07,7.92141818806158e-08,8.654492233972633e-09,1.208860993529015e-07,4.1423181329491854e-08,7.776576467222185e-07,0.0,-1.0956738627498908e-08,7.77710511101759e-07,-7.5551391531814e-11,1.080840528189242e-09,1.284034129023226e-10,3.199909670570378e-08,7.776576467222185e-07,2.0004742395940411e-07,7.928973388970917e-08,7.575914118262972e-09,1.2075769006969495e-07,9.424087288323335e-09,0.0,0.0
2.947000575659331e-05,0.013281736755743623,0.0017618089482738242,1.0387840560023237e-06,0.010961828646170008,1.0388207556388807e-06,9.75743660092121e-07,7.721121164649958e-08,1.0695934804516583e-08,1.2086945844203e-07,4.1423621865988025e-08,7.776629900035914e-07,0.0,-1.0957535323541379e-08,7.789658411638811e-07,1.174441766060852e-09,5.522227675136548e-10,1.2842557572945168e-10,3.199935605380233e-08,7.776629900035914e-07,1.9677780471738515e-07,7.603676976941642e-08,1.0131812722136146e-08,1.2074103494796873e-07,9.424266700364115e-09,0.0,0.0
2.947250504803378e-05,0.01328349462710321,0.0017038661337720473,1.0388449781120074e-06,0.01123950235352153,1.0388905593572417e-06,9.755434575708932e-07,7.696917236899026e-08,1.0964622987330586e-08,1.2091099677036254e-07,4.142384923966347e-08,7.776633310641046e-07,0.0,-1.0958633112068128e-08,7.790000609020353e-07,1.2082853606543154e-09,5.657933010994043e-10,1.2845664809635338e-10,3.1999398686366476e-08,7.776633310641046e-07,1.9654342509056733e-07,7.576088734140285e-08,1.0412546380678123e-08,1.2078254485459183e-07,9.424452329653832e-09,0.0,0.0
2.9475004339474253e-05,0.013285251043271273,-7.768562062723805e-05,1.0388735406094623e-06,0.008117112128644778,1.0389201179350493e-06,9.785931069927756e-07,7.99841828325043e-08,7.943349977779235e-09,1.2095117085664242e-07,4.1424300434300676e-08,7.776577604090562e-07,0.0,-1.0959399610044329e-08,7.776990287311492e-07,-8.721909999787059e-11,1.1263884269752111e-09,1.2848631880668648e-10,3.199964382361031e-08,7.776577604090562e-07,2.0089409247248113e-07,8.007140195331885e-08,6.811287533992072e-09,1.2082269051916228e-07,9.424656610690363e-09,0.0,0.0
2.947750544990413e-05,0.013287007459439337,-0.0007311606582439123,1.0388593339026454e-06,0.012456933381555782,1.0388980626885314e-06,9.743754390001413e-07,7.57855147526243e-08,1.213772993224893e-08,1.2093269674551266e-07,4.142454557154451e-08,7.776572488182865e-07,0.0,-1.0960353513667087e-08,7.783553996887349e-07,5.696217386663704e-10,1.0956271306872267e-10,1.2851367192645569e-10,3.199973619416596e-08,7.776572488182865e-07,1.9602006773311587e-07,7.52158939576475e-08,1.2022050910331927e-08,1.2080417377546837e-07,9.424810265556971e-09,0.0,0.0
2.94800047413446e-05,0.013288763875607401,0.0007002770712247752,1.0388587914583298e-06,0.008964096942525365,1.0388955615781015e-06,9.777446621228592e-07,7.918767153114459e-08,8.764597936306018e-09,1.208982354228283e-07,4.1424929264621824e-08,7.776587835905957e-07,0.0,-1.0961366925243965e-08,7.778348276588076e-07,4.750571463985054e-11,1.1702528945889412e-09,1.2854012299001738e-10,3.199989251356783e-08,7.776587835905957e-07,1.9990986288576096e-07,7.914017174925903e-08,7.610529983992365e-09,1.207696982419293e-07,9.425034974697155e-09,0.0,0.0
2.9482504032785073e-05,0.013290520291775465,0.0017756978379708244,1.0389022798819521e-06,0.010140548100159241,1.0389428553025937e-06,9.766517905518413e-07,7.808116464502746e-08,9.903784459197595e-09,1.2090691825505928e-07,4.1425277430562346e-08,7.776636721246177e-07,0.0,-1.0962058816232911e-08,7.792646670168324e-07,1.4724155228407199e-09,2.0667466349433283e-10,1.285689332775064e-10,3.200007725467913e-08,7.776636721246177e-07,1.9738709511329944e-07,7.660874956627595e-08,9.676207390896252e-09,1.2077833844159613e-07,9.42520017588322e-09,0.0,0.0
2.948500514321495e-05,0.013292276707943529,0.0011014301530484216,1.0389528142231623e-06,0.01234393525843851,1.0389975386715378e-06,9.745785973791499e-07,7.597527229563639e-08,1.2030135110308038e-08,1.209420759096247e-07,4.14255367786609e-08,7.776612847010256e-07,0.0,-1.0963202790037485e-08,7.784447575431841e-07,6.548587783150595e-10,7.878682706241591e-10,1.286021289459427e-10,3.200013409809799e-08,7.776612847010256e-07,1.9613389667938463e-07,7.53204147940778e-08,1.1257282217513875e-08,1.2081348188530683e-07,9.42540445691975e-09,0.0,0.0
2.948750443465542e-05,0.013294033124111593,6.106978494058168e-05,1.0389732325600269e-06,0.007754876642651243,1.0390177749286522e-06,9.79035576165188e-07,8.04131659037921e-08,7.59230012192802e-09,1.2096478485545958e-07,4.142597376244339e-08,7.776575898787996e-07,0.0,-1.0963935537233738e-08,7.779356110404478e-07,1.494030316129269e-10,7.860462836184468e-10,1.2864931342448926e-10,3.200037212991447e-08,7.776575898787996e-07,2.010998940704667e-07,8.026376008274383e-08,6.803844598834985e-09,1.2083613398772286e-07,9.425599856172084e-09,0.0,0.0
2.9490003726095892e-05,0.013295788085088134,-0.000295719593016823,1.0389691145474636e-06,0.012915864881273074,1.0390094757894985e-06,9.740379027789459e-07,7.542224977896694e-08,1.2580541941531465e-08,1.2095817680801701e-07,4.142620824154619e-08,7.77657419348543e-07,0.0,-1.0964854801898127e-08,7.783226010360522e-07,5.364813038255534e-10,2.2641979957604974e-10,1.286896839092222e-10,3.200042542061965e-08,7.77657419348543e-07,1.957152591103295e-07,7.4885768697186e-08,1.2342284527733227e-08,1.2082948330771615e-07,9.425782820926543e-09,0.0,0.0
2.9492504836525768e-05,0.013297544501256198,0.0005375019049509433,1.038973361251082e-06,0.009203293851974033,1.0390111810920644e-06,9.776213119039312e-07,7.903160792466224e-08,8.997336209404239e-09,1.2093070722585253e-07,4.1426613250905575e-08,7.776590109642711e-07,0.0,-1.0965877095259202e-08,7.778328381391475e-07,4.5075318477749704e-11,1.1544252220829776e-09,1.2872526655716143e-10,3.200062792529934e-08,7.776590109642711e-07,1.9978851639734785e-07,7.898653109350562e-08,7.865891049618767e-09,1.2080198530384223e-07,9.425984437427815e-09,0.0,0.0
2.949500412796624e-05,0.013299300917424262,0.0018601217880096499,1.0390154735012743e-06,0.009257395685172077,1.039055064211425e-06,9.776114211490494e-07,7.901836340806767e-08,9.050135751920152e-09,1.2092912982097914e-07,4.1426940100564025e-08,7.776638994982932e-07,0.0,-1.0966544117252397e-08,7.79433889874781e-07,1.6411879633082549e-09,1.1069930389018268e-10,1.2876644195358722e-10,3.200077358656017e-08,7.776638994982932e-07,1.9817754548512312e-07,7.737718021871842e-08,8.918021876525017e-09,1.208003652664047e-07,9.426167402182273e-09,0.0,0.0
2.9497503419406712e-05,0.013301055878400803,0.001320515876120143,1.039071292451085e-06,0.012295762318226986,1.0391173645984964e-06,9.747373042046092e-07,7.610120178469515e-08,1.198513821520919e-08,1.2097576984615444e-07,4.142722431765833e-08,7.776603183629049e-07,0.0,-1.096766144570438e-08,7.782845727888343e-07,4.954466836792903e-10,1.0145326800881094e-09,1.2881129496378207e-10,3.200086595711582e-08,7.776603183629049e-07,1.964527172049202e-07,7.560575454590435e-08,1.098134649879512e-08,1.2084696265901584e-07,9.426360136899348e-09,0.0,0.0
2.9500004529836588e-05,0.013302810839377344,-0.000507035825702995,1.0390855687085218e-06,0.008260068768983102,1.039131802826887e-06,9.786519967747154e-07,7.99884389834915e-08,8.083732794261778e-09,1.210064084489204e-07,4.142763287973139e-08,7.776571351314487e-07,0.0,-1.0968411956469026e-08,7.779642032801348e-07,1.782143738138231e-10,4.691506627629849e-10,1.288573275859406e-10,3.2001086225363906e-08,7.776571351314487e-07,2.0068777928372583e-07,7.981022775993551e-08,7.616103303575983e-09,1.2087755862921767e-07,9.426543989832226e-09,0.0,0.0
2.950250382127706e-05,0.013304567255545408,-0.0004254394506970627,1.0390691905620038e-06,0.01113862579270593,1.039106109601562e-06,9.758393844094826e-07,7.72099184587205e-08,1.0869509736721739e-08,1.2097231660845864e-07,4.1427853147979476e-08,7.776571351314487e-07,0.0,-1.0969326780241317e-08,7.779226507409476e-07,1.366134427804866e-10,4.668855857481446e-10,1.2890247202967942e-10,3.200112885792805e-08,7.776571351314487e-07,1.979167194576803e-07,7.707330951234326e-08,1.0393415905696202e-08,1.2084340994533704e-07,9.426726066408264e-09,0.0,0.0
2.950500311271753e-05,0.013306322216521949,0.0013698568031071945,1.0390857647179942e-06,0.010683920130239435,1.0391225941930315e-06,9.762934496393427e-07,7.769333620899488e-08,1.0430641239622673e-08,1.209398448054344e-07,4.142826171005254e-08,7.776602046760672e-07,0.0,-1.0970246044905707e-08,7.783670525896014e-07,5.778890144192417e-10,7.980012761699129e-10,1.2893490441978628e-10,3.200134557346246e-08,7.776602046760672e-07,1.979263544171772e-07,7.711544469657383e-08,9.639889775314714e-09,1.2081090972060338e-07,9.42691791294692e-09,0.0,0.0
2.9507504223147407e-05,0.01330807717749849,0.0016660599952911248,1.0391390438730864e-06,0.010508406269522187,1.039184098772239e-06,9.76522869677865e-07,7.788565881128307e-08,1.0261699046054673e-08,1.209746045560678e-07,4.142853171629213e-08,7.776625920996594e-07,0.0,-1.097106760994393e-08,7.791356892994372e-07,1.34414535057914e-09,2.1026949625913005e-10,1.2896111956095524e-10,3.2001416627736035e-08,7.776625920996594e-07,1.9738716616757301e-07,7.654151090719097e-08,1.0045862808283346e-08,1.2084565526038205e-07,9.427117753091352e-09,0.0,0.0
2.951000351458788e-05,0.01330983213847503,0.000202768551882615,1.0391718410848079e-06,0.010800658488478726,1.039216726894665e-06,9.762715080796625e-07,7.759834375065111e-08,1.0544375150800533e-08,1.210151765462797e-07,4.14288550132369e-08,7.776579309393128e-07,0.0,-1.0972004638176713e-08,7.777613859616395e-07,-2.5559644678541105e-11,1.0596314936606177e-09,1.289903323042907e-10,3.200156939442422e-08,7.776579309393128e-07,1.9851009369631356e-07,7.76239019728564e-08,9.490605634709937e-09,1.2088619882888452e-07,9.427286506991095e-09,0.0,0.0
2.951250280602835e-05,0.013311587099451572,-0.00024014859018794965,1.0391711850797227e-06,0.010022373731329425,1.0392114973001298e-06,9.770175211087917e-07,7.83562299488949e-08,9.792034738609345e-09,1.2100390733849054e-07,4.1429224495459493e-08,7.776573625051242e-07,0.0,-1.0972788899721309e-08,7.78290427660977e-07,5.040417527801822e-10,1.854950776314368e-10,1.2900855383968235e-10,3.200171860839873e-08,7.776573625051242e-07,1.9872707923695998e-07,7.785218514300141e-08,9.600498174222594e-09,1.2087490119938593e-07,9.427505887060761e-09,0.0,0.0
2.9515003916458227e-05,0.01331334060523659,0.00047191428051207573,1.0391752491045101e-06,0.011788361669732697,1.039214680531586e-06,9.753141512192087e-07,7.666714196830071e-08,1.14973559561804e-08,1.2098931279069802e-07,4.142947318541701e-08,7.776577035656373e-07,0.0,-1.0973721487061994e-08,7.778911594868987e-07,1.0440804470990273e-10,8.521593430899088e-10,1.2902202917164374e-10,3.200179321538599e-08,7.776577035656373e-07,1.9742302015401947e-07,7.656273481870812e-08,1.0647858594836634e-08,1.208602924407387e-07,9.427679970031022e-09,0.0,0.0
2.95175032078987e-05,0.013315095566213131,0.0009472663474716959,1.039200155170718e-06,0.00943885513756222,1.039239577949047e-06,9.776075557965669e-07,7.896044706967587e-08,9.22749610055007e-09,1.2098607271582296e-07,4.14299101691995e-08,7.776610573273501e-07,0.0,-1.0974549269349154e-08,7.786490527905698e-07,8.589180477969194e-10,4.046447898975458e-10,1.2906180291150093e-10,3.200199927277936e-08,7.776610573273501e-07,1.9895853142770648e-07,7.810152879983434e-08,8.827338859873635e-09,1.208570097332995e-07,9.427908231884885e-09,0.0,0.0
2.952000249933917e-05,0.013316850527189672,0.0013618267599482259,1.0392406788536651e-06,0.010698837823713482,1.0392819831395173e-06,9.764298738446087e-07,7.777256172403213e-08,1.0446664866492483e-08,1.2099624768779904e-07,4.143015530644334e-08,7.776610573273501e-07,0.0,-1.0975367281673698e-08,7.786385936014995e-07,8.484500324534849e-10,5.358168908564664e-10,1.2910458813131243e-10,3.200204901077086e-08,7.776610573273501e-07,1.9779125182139978e-07,7.692410974868835e-08,9.903200037797433e-09,1.2086714207271143e-07,9.428106295672478e-09,0.0,0.0
2.9522503609769046e-05,0.01331860403297469,0.0006750643339579199,1.0392763958568312e-06,0.010772984031441685,1.0393215461590444e-06,9.763961088538053e-07,7.770194088152493e-08,1.0518699689043842e-08,1.2103605229185632e-07,4.143052834137961e-08,7.776580446261505e-07,0.0,-1.0976299869014383e-08,7.780293458381493e-07,2.4213145377594003e-10,7.20275838972384e-10,1.291416418247593e-10,3.200223019916848e-08,7.776580446261505e-07,1.983667203830919e-07,7.745980923345996e-08,9.80579528686576e-09,1.2090690404420457e-07,9.428298142211133e-09,0.0,0.0
2.952500290120952e-05,0.013320358993951231,-0.0006520271560001012,1.0392768001503145e-06,0.00987361714792988,1.0393196134828031e-06,9.772626299309195e-07,7.856096573277682e-08,9.649117060916979e-09,1.2104452196126658e-07,4.143084098018335e-08,7.776570782880299e-07,0.0,-1.0977067255169004e-08,7.780363375786692e-07,2.5005325587912353e-10,1.7863943657658865e-10,1.2917684977242772e-10,3.200231901701045e-08,7.776570782880299e-07,1.9922624971968617e-07,7.831091153320813e-08,9.463046346525061e-09,1.209153452919054e-07,9.428522851351318e-09,0.0,0.0
2.952750219264999e-05,0.01332211249973625,0.0003247858795202285,1.0392710619556004e-06,0.011943680419570963,1.0393064258096274e-06,9.75249122348032e-07,7.659060230480463e-08,1.1648063846791956e-08,1.2100062463105132e-07,4.1431146513559725e-08,7.776579309393128e-07,0.0,-1.0978012277007565e-08,7.77782418026618e-07,-4.726774093660735e-12,8.251479499676861e-10,1.2920214897960136e-10,3.200242915113449e-08,7.776579309393128e-07,1.9746674695397815e-07,7.659532741399744e-08,1.0827882590547233e-08,1.208714195399807e-07,9.428717362425232e-09,0.0,0.0
2.9530001484090462e-05,0.013323866005521268,0.00202503907334306,1.0393122662720866e-06,0.008776344724180356,1.039351104736852e-06,9.783543646335602e-07,7.969721593781287e-08,8.586375166430571e-09,1.2099468449378037e-07,4.1431555075632787e-08,7.776624784128217e-07,0.0,-1.0978818743012653e-08,7.792183964738797e-07,1.4266728909362314e-09,1.498582091752354e-10,1.2923317971313963e-10,3.200258191782268e-08,7.776624784128217e-07,1.9913599658138992e-07,7.827053849496224e-08,8.438873599914132e-09,1.2086545098100032e-07,9.428973157810105e-09,0.0,0.0
2.9532502594520338e-05,0.013325619511306286,0.0011538169990821245,1.039368007697214e-06,0.011308550750171818,1.0394156788606779e-06,9.759673957887571e-07,7.726146122877253e-08,1.1036776825790184e-08,1.2104580093819095e-07,4.1431768238453515e-08,7.776602046760672e-07,0.0,-1.0979674947009244e-08,7.783975206621108e-07,6.080725922785746e-10,7.043272076678875e-10,1.292581458534059e-10,3.200264231395522e-08,7.776602046760672e-07,1.9756993197006523e-07,7.66533858609364e-08,1.0325854837844872e-08,1.2091653900370147e-07,9.429128589033553e-09,0.0,0.0
2.953500188596081e-05,0.013327374472282827,-0.0004341877666806937,1.0393806369094184e-06,0.009588236831504754,1.0394238643129938e-06,9.776372280612122e-07,7.891466680121084e-08,9.373817277946728e-09,1.2106542612855264e-07,4.1432212327663365e-08,7.776571919748676e-07,0.0,-1.0980580000818918e-08,7.778376698297507e-07,5.121339116676005e-11,5.756022880554212e-10,1.2928601245132398e-10,3.200282350235284e-08,7.776571919748676e-07,1.99799586653171e-07,7.886345798624461e-08,8.808863860565452e-09,1.2093613577235374e-07,9.429387937132105e-09,0.0,0.0
2.9537501177401282e-05,0.013329127978067845,-3.0179371489857942e-05,1.0393724942047869e-06,0.00960399082993696,1.039409880831954e-06,9.77607101049216e-07,7.89116398891565e-08,9.388929633757925e-09,1.210378997029693e-07,4.1432450359479844e-08,7.776575898787996e-07,0.0,-1.0981336728832503e-08,7.782090847285872e-07,4.2217182527615194e-10,2.7025054416540684e-10,1.293105483801682e-10,3.200289100391274e-08,7.776575898787996e-07,1.9939804474233824e-07,7.848946381727728e-08,9.108005905034133e-09,1.2090858092506096e-07,9.429557579210268e-09,0.0,0.0
2.9540002287831157e-05,0.01333088002866134,0.0011226757524980258,1.0393916352941142e-06,0.011014110182123496,1.0394313676442835e-06,9.76263550001022e-07,7.757468978297766e-08,1.0752674306502286e-08,1.2102970003979863e-07,4.1432837605270834e-08,7.776591814945277e-07,0.0,-1.098231994234311e-08,7.781259796502127e-07,3.3742583727125464e-10,9.032922188012549e-10,1.2934665838404413e-10,3.2003043770600925e-08,7.776591814945277e-07,1.9813762719422812e-07,7.72372672486199e-08,9.85780523876656e-09,1.2090035284018086e-07,9.429793834669908e-09,0.0,0.0
2.954250157927163e-05,0.013332633534446359,0.0013802613756208615,1.0394355244414512e-06,0.00906917741049387,1.039476842379372e-06,9.781891776583507e-07,7.948678870661752e-08,8.871371193208688e-09,1.2103988922262943e-07,4.1433157349501926e-08,7.776625352562405e-07,0.0,-1.0983097986638768e-08,7.791487632857752e-07,1.3568463019808519e-09,8.077092467084768e-11,1.293897350373996e-10,3.2003161010152326e-08,7.776625352562405e-07,1.990404427942849e-07,7.812993629841003e-08,8.782651050864843e-09,1.209104993904475e-07,9.429999003884859e-09,0.0,0.0
2.95450008707121e-05,0.013334387040231377,0.0009774005024425492,1.0394768661788742e-06,0.012335003661597716,1.0395207254987326e-06,9.750757499205065e-07,7.635446053200212e-08,1.2027562945604586e-08,1.2106200131256628e-07,4.143343801388255e-08,7.776592951813655e-07,0.0,-1.0984003928626862e-08,7.781061981404491e-07,3.17468745736349e-10,9.993146310449674e-10,1.2942304172813834e-10,3.200326403884901e-08,7.776592951813655e-07,1.969695659909121e-07,7.603699003766451e-08,1.1029813506979735e-08,1.2093256884782022e-07,9.43017575139038e-09,0.0,0.0
2.9547501981141977e-05,0.013336140546016395,3.538821665433067e-05,1.0394946254876536e-06,0.008927728731438626,1.0395397112006322e-06,9.7838631063496e-07,7.96341481645868e-08,8.73476757590197e-09,1.210943736396075e-07,4.143384657595561e-08,7.776577035656373e-07,0.0,-1.0984857468088194e-08,7.783533533256559e-07,5.661641155896291e-10,3.2255614845766445e-10,1.294538642948595e-10,3.200345233267399e-08,7.776577035656373e-07,2.000329146767399e-07,7.90679806073058e-08,8.418751029637406e-09,1.2096492696400674e-07,9.430394243281626e-09,0.0,0.0
2.955000127258245e-05,0.01333789259660989,-0.00037331078404490015,1.0394887049133061e-06,0.01165851209640022,1.0395280014563468e-06,9.757327461556997e-07,7.699595272470106e-08,1.137559202391003e-08,1.210795090855754e-07,4.143406329149002e-08,7.776572488182865e-07,0.0,-1.0985605314317581e-08,7.77920433847612e-07,1.3369799711782093e-10,6.52666864997542e-10,1.2948438155024888e-10,3.2003519834233884e-08,7.776572488182865e-07,1.9781228388637828e-07,7.686225700354044e-08,1.0708373743284483e-08,1.209500197774105e-07,9.430542569077716e-09,0.0,0.0
2.955250056402292e-05,0.013339646102394909,0.0012672700515292679,1.0395043805407771e-06,0.010123947861732907,1.0395403933216585e-06,9.772257953954977e-07,7.852694494658863e-08,9.893383001724487e-09,1.2103787128125987e-07,4.143455711869137e-08,7.776610004839313e-07,0.0,-1.0986592080541868e-08,7.786509286233922e-07,8.603522339001302e-10,8.833714870704057e-10,1.2952053318748824e-10,3.200377207690508e-08,7.776610004839313e-07,1.9857495203723374e-07,7.766659138042087e-08,9.03319818945647e-09,1.2090835355138552e-07,9.430785041786294e-09,0.0,0.0
2.9555001674452797e-05,0.013341398152988404,0.0023393861868026278,1.0395675709828063e-06,0.008333088086299473,1.0396105381005327e-06,9.790301191969775e-07,8.030449549778496e-08,8.158344222408687e-09,1.2106141866752296e-07,4.1434784492366816e-08,7.776642405588063e-07,0.0,-1.0987253773464545e-08,7.798215619914117e-07,2.027802814552615e-09,2.110888269735156e-10,1.29550301042336e-10,3.200385734203337e-08,7.776642405588063e-07,1.9920855720556574e-07,7.827669179505392e-08,7.926828082815973e-09,1.2093185830508446e-07,9.430928926690285e-09,0.0,0.0
2.955750096589327e-05,0.0133431502035819,0.0004077845948505243,1.0396157028047905e-06,0.012638320829284488,1.0396649940958014e-06,9.749202263265033e-07,7.613652996951714e-08,1.2321354603272994e-08,1.2112569436339982e-07,4.143522147614931e-08,7.776580446261505e-07,0.0,-1.0988197018946266e-08,7.778721169415803e-07,8.449903277085724e-11,1.5890880833424603e-09,1.295863694128485e-10,3.200410247927721e-08,7.776580446261505e-07,1.9704813780663244e-07,7.605202512195319e-08,1.0742222222859255e-08,1.209961055792519e-07,9.431118996872101e-09,0.0,0.0
2.956000025733374e-05,0.013344902254175395,-0.0011036633525833839,1.0396035106568857e-06,0.007686189280485693,1.039645553646551e-06,9.796908670978155e-07,8.090869130228384e-08,7.530089440876964e-09,1.2112515435092064e-07,4.143560161651294e-08,7.776570782880299e-07,0.0,-1.0989006149486613e-08,7.787043045937025e-07,9.17619757956345e-10,5.723603188623194e-11,1.2961764994656733e-10,3.200429787852954e-08,7.776570782880299e-07,2.009866051366771e-07,7.999106799161382e-08,7.474486807268477e-09,1.2099553714506328e-07,9.431304626161818e-09,0.0,0.0
2.9562501367763616e-05,0.01334665430476889,0.0003912537500362842,1.0395910288802161e-06,0.01222962521407962,1.0396249763289234e-06,9.752720870892517e-07,7.654151801261833e-08,1.1927212106854768e-08,1.2107270208616683e-07,4.1435910702602996e-08,7.776578740958939e-07,0.0,-1.0989803733707504e-08,7.779489692438801e-07,1.614838818220221e-10,1.5390494434441848e-09,1.2961283435419801e-10,3.200445775064509e-08,7.776578740958939e-07,1.9732313205622631e-07,7.638003296506213e-08,1.037478991605667e-08,1.2094309909116419e-07,9.431455616493167e-09,0.0,0.0
2.9565000659204088e-05,0.013348406355362386,0.002155108709692377,1.0396356424388044e-06,0.00962597998705752,1.0396755669717095e-06,9.778357252798742e-07,7.910286115020426e-08,9.412627122173944e-09,1.2106760038932407e-07,4.1436511111214713e-08,7.776653205837647e-07,0.0,-1.0990711452052437e-08,7.800070420671545e-07,2.212147798275055e-09,5.991820373196788e-10,1.296147772444911e-10,3.200480946929929e-08,7.776653205837647e-07,1.9782869742357434e-07,7.689071424010763e-08,8.833793252449595e-09,1.209379831834667e-07,9.431701641915424e-09,0.0,0.0
2.956749995064456e-05,0.013350158405955881,0.0015860487855153815,1.0397011894109028e-06,0.009698064914941507,1.0397477581136627e-06,9.778364074009005e-07,7.905659060725156e-08,9.483120955167124e-09,1.2111640046441607e-07,4.1436738484890157e-08,7.776634447509423e-07,0.0,-1.0991420218431358e-08,7.79471065470716e-07,1.677979644121308e-09,9.703321479648253e-10,1.2962816930972565e-10,3.20048911817139e-08,7.776634447509423e-07,1.9836538456274866e-07,7.73786084096173e-08,8.49115355805452e-09,1.2098678325855872e-07,9.431847303176255e-09,0.0,0.0
2.9570001061074436e-05,0.013351910456549376,-0.00014951394751072655,1.0397263582280578e-06,0.012267739023863748,1.0397715186627465e-06,9.75376110545767e-07,7.657096290358822e-08,1.1965659574286747e-08,1.2114769276649895e-07,4.1437392184207056e-08,7.776574761919619e-07,0.0,-1.0992287080568985e-08,7.780749342600757e-07,2.8779548189028503e-10,1.702082808030525e-09,1.2965314932777972e-10,3.2005324612782715e-08,7.776574761919619e-07,1.9730120470740076e-07,7.628316467389595e-08,1.0281064888317815e-08,1.2101803292807745e-07,9.432066683245921e-09,0.0,0.0
2.9572500352514908e-05,0.013353662507142872,-0.000744415260255038,1.0397106961360676e-06,0.006909278283788848,1.0397518508398207e-06,9.80546246864833e-07,8.175369003993183e-08,6.774866889713849e-09,1.2113495984067413e-07,4.143773324472022e-08,7.776575898787996e-07,0.0,-1.0993035814976793e-08,7.792561405040033e-07,1.4688631422288267e-09,1.6067942809616653e-10,1.2968458251716442e-10,3.200545961590251e-08,7.776575898787996e-07,2.0129010636082967e-07,8.028482767485912e-08,6.609614189301283e-09,1.210052715805432e-07,9.432271852460872e-09,0.0,0.0
2.957499964395538e-05,0.013355413102544844,0.000438538270805644,1.0397053414675545e-06,0.013226048775950435,1.0397408232165617e-06,9.744211411089054e-07,7.566767834532584e-08,1.2887741540623665e-08,1.21095197869181e-07,4.143824838820365e-08,7.776582151564071e-07,0.0,-1.0993750798604651e-08,7.778925237289513e-07,1.0453463789028561e-10,2.1396457938749336e-09,1.2972456442383873e-10,3.200578646556096e-08,7.776582151564071e-07,1.9652861737995408e-07,7.556314329804081e-08,1.0736145306111666e-08,1.2096548118734063e-07,9.432462810821107e-09,0.0,0.0
2.9577500754385255e-05,0.01335716515313834,0.0021634533664496303,1.0397509296774777e-06,0.008954429056927395,1.0397885716884048e-06,9.785923111849115e-07,7.984317562659271e-08,8.762735426159907e-09,1.2108172597891098e-07,4.143880616425122e-08,7.776674806336814e-07,0.0,-1.0994630095240154e-08,7.807267365933512e-07,2.9294893177933545e-09,2.0430596103793164e-10,1.2977201258035365e-10,3.200610620979205e-08,7.776674806336814e-07,1.9786564564583387e-07,7.691368608675475e-08,8.580608223951458e-09,1.2095195245365176e-07,9.432699066280748e-09,0.0,0.0
2.9580000045825727e-05,0.013358915748540312,0.0019245947717223544,1.039822494860215e-06,0.010117378210995304,1.0398699714642134e-06,9.775453690963332e-07,7.874887586467594e-08,9.890196217554603e-09,1.2113450509332324e-07,4.1439111697627595e-08,7.776620236654708e-07,0.0,-1.0995240273814488e-08,7.790917493366578e-07,1.2999166187910305e-09,1.6681510617289064e-09,1.298019330908673e-10,3.200625187105288e-08,7.776620236654708e-07,1.984536766030942e-07,7.744895924588491e-08,8.196331613419261e-09,1.2100470314635459e-07,9.432858938396294e-09,0.0,0.0
2.9582506613223813e-05,0.013360672164708376,-0.0005937873849504172,1.039845869376322e-06,0.012657699846348494,1.0398936183264595e-06,9.751149718795205e-07,7.627533449294788e-08,1.2342712629731523e-08,1.2118239567371347e-07,4.1439818687649677e-08,7.776573056617053e-07,0.0,-1.0996110688665794e-08,7.78441119564377e-07,6.540245567343561e-10,1.21137433417573e-09,1.2982694086449698e-10,3.2006717276544805e-08,7.776573056617053e-07,1.9667388073685288e-07,7.562130832639014e-08,1.11504050437361e-08,1.2105256530503539e-07,9.433103187461711e-09,0.0,0.0
2.9585005904664285e-05,0.013362422760110348,-0.0012258740137873758,1.0398140144675442e-06,0.00758279735884238,1.0398516678833403e-06,9.799836107049487e-07,8.118441741089555e-08,7.431017134962303e-09,1.2114217895486945e-07,4.1440092246602944e-08,7.776570782880299e-07,0.0,-1.0996838994969949e-08,7.788094080751762e-07,1.0224973090444678e-09,5.295153204798453e-10,1.2985400255072221e-10,3.2006802541673096e-08,7.776570782880299e-07,2.0117425947319134e-07,8.016192509785469e-08,6.896040627424327e-09,1.2101233437533665e-07,9.433287040394589e-09,0.0,0.0
2.9587505196104757e-05,0.013364173355512321,0.0013078422304211301,1.0398154493993756e-06,0.013210684622464818,1.0398491667729104e-06,9.745366469360306e-07,7.578627503335156e-08,1.2874296295706245e-08,1.210906219739627e-07,4.144071752421041e-08,7.776596930852975e-07,0.0,-1.0997526445066796e-08,7.783526143612107e-07,5.630235722087207e-10,1.93201743492466e-09,1.29873875542863e-10,3.200721110374616e-08,7.776596930852975e-07,1.9618398994225572e-07,7.522324807496261e-08,1.0932311944600315e-08,1.2096074897272047e-07,9.433506420464255e-09,0.0,0.0
2.9590006306534633e-05,0.013365923950914294,0.0024639772693935136,1.03988147869811e-06,0.009503699734188974,1.039924086398969e-06,9.781880407899735e-07,7.939905088960586e-08,9.296405423242504e-09,1.211215590046777e-07,4.144113319171083e-08,7.776674806336814e-07,0.0,-1.0998446597909606e-08,7.807935276105127e-07,2.996143333433565e-09,6.497562210494578e-11,1.2989576081423593e-10,3.200741716113953e-08,7.776674806336814e-07,1.9739457002287963e-07,7.640290533572625e-08,9.250608279387507e-09,1.2099167179258075e-07,9.433715142392884e-09,0.0,0.0
2.9592505597975105e-05,0.013367674546316266,0.000739290327683606,1.0399375549533774e-06,0.010074841368831878,1.0399863867860404e-06,9.776956630958011e-07,7.885704889076806e-08,9.850128712685091e-09,1.211791555988384e-07,4.144151688478814e-08,7.776595225550409e-07,0.0,-1.0999080757301272e-08,7.782399507050286e-07,4.5053763497726607e-10,1.8766854736895766e-09,1.2990969411319497e-10,3.2007630323960257e-08,7.776595225550409e-07,1.9945575502333668e-07,7.840650795287729e-08,7.955454073282908e-09,1.2104925417588674e-07,9.433887449006306e-09,0.0,0.0
2.9595004889415577e-05,0.013369425141718239,-0.0007435807012717566,1.0399374798462946e-06,0.011993537760638748,1.0399799066362903e-06,9.758341548149474e-07,7.69906165487555e-08,1.170370378389407e-08,1.2118631786961487e-07,4.144213860968193e-08,7.776572488182865e-07,0.0,-1.0999961830293614e-08,7.786977107571147e-07,9.105355358585143e-10,5.888350917970797e-10,1.2994272324817757e-10,3.200799980618285e-08,7.776572488182865e-07,1.971364440578327e-07,7.6080077349161e-08,1.112531933245009e-08,1.2105637381409906e-07,9.434137027142242e-09,0.0,0.0
2.9597505999845453e-05,0.013371175737120211,-0.0002833124414360899,1.0399195031021553e-06,0.008976487257035846,1.039957169268746e-06,9.787283943296643e-07,7.99183723643182e-08,8.785542959799386e-09,1.2115252445710212e-07,4.144238374692577e-08,7.776575330353808e-07,0.0,-1.1000758526336085e-08,7.785540105942346e-07,7.664710532928609e-10,8.464012268838417e-10,1.2997530829395032e-10,3.200807441317011e-08,7.776575330353808e-07,2.001744547897033e-07,7.915190280982642e-08,7.936394652574563e-09,1.2102255197987688e-07,9.434311110112503e-09,0.0,0.0
2.9600005291285925e-05,0.013372926332522184,0.0011314686249606076,1.0399343508853056e-06,0.01250525313147321,1.039973085426027e-06,9.753317726790556e-07,7.653830635945269e-08,1.2196770704520077e-08,1.21132970321014e-07,4.144300191910588e-08,7.776604888931615e-07,0.0,-1.1001492161710758e-08,7.785549200889363e-07,7.643867205864296e-10,1.3413696819952747e-09,1.3000886478486962e-10,3.200845455353374e-08,7.776604888931615e-07,1.9677688101182866e-07,7.577391869517669e-08,1.0850006226803544e-08,1.2100296942207933e-07,9.434546477393724e-09,0.0,0.0
2.9602504582726397e-05,0.013374675472732633,0.0017991835248549748,1.0399856121004864e-06,0.009210486637988822,1.0400267456134316e-06,9.785678685148014e-07,7.974974636226762e-08,9.013086277320781e-09,1.2115295078274357e-07,4.144331100519594e-08,7.776651500535081e-07,0.0,-1.10024318544788e-08,7.800712751304673e-07,2.276069777096268e-09,1.3314681301945797e-10,1.3005226062734465e-10,3.200856824037146e-08,7.776651500535081e-07,1.984965791734794e-07,7.7473679027662e-08,8.893601410875362e-09,1.2102290725124476e-07,9.434743653002897e-09,0.0,0.0
2.9605005693156272e-05,0.013376426068134606,0.0009429217568650561,1.0400336152694654e-06,0.010832239041793318,1.0400802921139984e-06,9.770498081707046e-07,7.81975444397176e-08,1.0583637077843377e-08,1.2119348014039133e-07,4.144374088355107e-08,7.776587835905957e-07,0.0,-1.1003078448368342e-08,7.78130356593465e-07,3.41481287691181e-10,1.5585638335480212e-09,1.301020680077869e-10,3.200880627218794e-08,7.776587835905957e-07,1.9891943736638495e-07,7.785606470633866e-08,9.008574330948704e-09,1.2106337976547366e-07,9.434936387719972e-09,0.0,0.0
2.9607504984596744e-05,0.013378175208345056,-0.0005991466044599214,1.0400396283788897e-06,0.01117090255829889,1.0400851806480205e-06,9.767260280568735e-07,7.785424571693511e-08,1.091091128557764e-08,1.2121454062707926e-07,4.1444202736329316e-08,7.776572488182865e-07,0.0,-1.1004040345596877e-08,7.786389346620126e-07,8.515403937536803e-10,2.129918602600256e-10,1.30153762767371e-10,3.200903364586338e-08,7.776572488182865e-07,1.9808709339486086e-07,7.700270288069078e-08,1.0712835951665056e-08,1.2108438340874272e-07,9.435169090465934e-09,0.0,0.0
2.9610004276037216e-05,0.013379924348555505,-0.0005809404818861719,1.040018987001144e-06,0.00881661623741342,1.0400556220702128e-06,9.789750947675202e-07,8.013891061864342e-08,8.63124771655066e-09,1.211789708577271e-07,4.144449761156466e-08,7.776571919748676e-07,0.0,-1.1004790856361524e-08,7.779693191878323e-07,1.8191463613259629e-10,9.295952896337667e-10,1.301814350762598e-10,3.200912956913271e-08,7.776571919748676e-07,2.010057755796879e-07,7.995699036200676e-08,7.694080039755136e-09,1.2104878521768114e-07,9.435370706967205e-09,0.0,0.0
2.9612503567477688e-05,0.013381674943957478,0.0015385549785875696,1.040035750956492e-06,0.01195094915024125,1.0400717656011693e-06,9.759575050338753e-07,7.714938021763373e-08,1.1663618515456164e-08,1.2114618641589914e-07,4.144504828218487e-08,7.776619668220519e-07,0.0,-1.1005581335155057e-08,7.789606684127648e-07,1.168498853232336e-09,7.149695280261881e-10,1.3019980926731733e-10,3.200941733894069e-08,7.776619668220519e-07,1.9699686504282e-07,7.598087847782153e-08,1.0948807194210985e-08,1.2101598656499846e-07,9.435630943244178e-09,0.0,0.0
2.9615004677907564e-05,0.013383424084167928,0.002153968517853322,1.0401003383697485e-06,0.008065426604159577,1.0401448662378243e-06,9.797905704544974e-07,8.09371201171416e-08,7.902428933448391e-09,1.2118975689645595e-07,4.1445300524856066e-08,7.776637289680366e-07,0.0,-1.1006536126956235e-08,7.796248837621533e-07,1.8309629368218339e-09,2.897412865188187e-10,1.3020233502469836e-10,3.200947773507323e-08,7.776637289680366e-07,2.0016571511405346e-07,7.910615806849819e-08,7.623468967210556e-09,1.2105955704555527e-07,9.435821901604413e-09,0.0,0.0
2.9617503969348036e-05,0.013385173224378377,2.4868152004309252e-05,1.040138449278061e-06,0.011157987208869407,1.040186248246755e-06,9.768338031790336e-07,7.793786238607936e-08,1.0899499081062913e-08,1.2123810222419706e-07,4.144578369391638e-08,7.776578172524751e-07,0.0,-1.1007176503596838e-08,7.778531312396808e-07,6.511042399681699e-11,1.1374113872975045e-09,1.3020108602379565e-10,3.2009712214176034e-08,7.776578172524751e-07,1.9898065772849804e-07,7.787275535520166e-08,9.742244344579376e-09,1.2110790237329638e-07,9.436074144275608e-09,0.0,0.0
2.9620003260788508e-05,0.013386922364588827,-0.0007708406941531187,1.0401254011723673e-06,0.010648100021915996,1.0401652161817765e-06,9.77304466687201e-07,7.84289468924726e-08,1.0406435713150586e-08,1.2121833492528822e-07,4.1446160281566335e-08,7.776571351314487e-07,0.0,-1.1008260969447292e-08,7.78387629907229e-07,6.002880970079616e-10,9.283377538915616e-11,1.3021052291950497e-10,3.200984011186847e-08,7.776571351314487e-07,1.989167799365532e-07,7.782865907302039e-08,1.0334698430369826e-08,1.2108812086353282e-07,9.436318393341026e-09,0.0,0.0
2.9622504371218383e-05,0.013388671504799277,0.0006825436850890765,1.0401238567338771e-06,0.008073542541229146,1.0401596455267281e-06,9.797937536859536e-07,8.094868775287978e-08,7.910406552014138e-09,1.2118687209294876e-07,4.1446487131224785e-08,7.776582151564071e-07,0.0,-1.1008983058502508e-08,7.781609951962309e-07,3.725554031941414e-10,7.855407990753349e-10,1.302278285209013e-10,3.200995735141987e-08,7.776582151564071e-07,2.0163277270057733e-07,8.057612888023868e-08,7.111993216568635e-09,1.2105664382033865e-07,9.436529779804914e-09,0.0,0.0
2.9625003662658855e-05,0.013390420645009726,0.001459194536330699,1.0401613187383106e-06,0.012746135421717784,1.0402031875855755e-06,9.75314833340235e-07,7.645549970902721e-08,1.2431494944564747e-08,1.2119761549911345e-07,4.1446963194857744e-08,7.776616826049576e-07,0.0,-1.1009880118706405e-08,7.788582365719776e-07,1.0662798421989805e-09,4.1014361351621176e-10,1.3026271727945016e-10,3.2010156303385884e-08,7.776616826049576e-07,1.96456568346548e-07,7.538921664718146e-08,1.20178658136183e-08,1.210673445939392e-07,9.4368086678287e-09,0.0,0.0
2.9627502954099327e-05,0.013392168330028653,0.001111175646776985,1.0402062407129317e-06,0.008975482953776787,1.0402490033811773e-06,9.790038575374638e-07,8.011939911511945e-08,8.787032435009223e-09,1.2122330872443854e-07,4.144718701581951e-08,7.776611710141879e-07,0.0,-1.101093083377691e-08,7.787960498717439e-07,1.0045840825867458e-09,3.1495736574349564e-10,1.302997432173214e-10,3.201020248866371e-08,7.776611710141879e-07,2.0020783608742931e-07,7.91148195844471e-08,8.488997949029908e-09,1.2109300939755485e-07,9.436983638977381e-09,0.0,0.0
2.9630004064529203e-05,0.013393917470239103,0.0005373689219574374,1.0402350760688707e-06,0.009746196051584461,1.0402771977169323e-06,9.782834240468219e-07,7.938965040921175e-08,9.534542044775662e-09,1.2123567216804076e-07,4.144763110502936e-08,7.776581014695694e-07,0.0,-1.1011636047442153e-08,7.779942166052933e-07,2.0577949066957757e-10,6.400759366975706e-10,1.303407659580813e-10,3.201037301892029e-08,7.776581014695694e-07,2.0028919323067385e-07,7.918387012750827e-08,8.874986967555287e-09,1.2110533020859293e-07,9.437258974287488e-09,0.0,0.0
2.9632503355969675e-05,0.01339566515525803,-7.509363284485815e-05,1.0402431551848448e-06,0.011732483794422773,1.0402866337244632e-06,9.763706430021557e-07,7.746927366270029e-08,1.1455252746372935e-08,1.2124385762035672e-07,4.1447908216696305e-08,7.776575330353808e-07,0.0,-1.1012752487715716e-08,7.781683848406828e-07,3.80466796956469e-10,1.0148260704001544e-10,1.3036395574150816e-10,3.201043341505283e-08,7.776575330353808e-07,1.98202300794037e-07,7.708880644941019e-08,1.1367865759837059e-08,1.2111348723919946e-07,9.437474801643475e-09,0.0,0.0
2.9635002647410147e-05,0.01339741429546848,0.0001031634238158885,1.0402436461648457e-06,0.00797153711916936,1.040281404129928e-06,9.800073712540325e-07,8.112228755408069e-08,7.812165137011107e-09,1.212271030226475e-07,4.1448235066354755e-08,7.776579877827317e-07,0.0,-1.1013578493646037e-08,7.778727990626066e-07,8.443365451249463e-11,5.399386493465386e-10,1.3038542467924685e-10,3.2010532891035837e-08,7.776579877827317e-07,2.0213457219142583e-07,8.103785376079031e-08,7.268285528994056e-09,1.2109671843063552e-07,9.437701287140499e-09,0.0,0.0
2.9637503757840022e-05,0.013399161980487406,0.0013847939273823329,1.0402696509725605e-06,0.011840808059250403,1.0403072110420908e-06,9.762841273186496e-07,7.741500240854293e-08,1.1559992962872911e-08,1.2120742098886694e-07,4.144860099586367e-08,7.776616826049576e-07,0.0,-1.1014495093775167e-08,7.788082143633801e-07,1.0161308461320573e-09,1.6953609349723564e-10,1.304087809961274e-10,3.201064302515988e-08,7.776616826049576e-07,1.9747588453356002e-07,7.639887655841449e-08,1.138483529672385e-08,1.2107700797514553e-07,9.437956194346953e-09,0.0,0.0
2.9640003049280494e-05,0.013400909665506333,0.0015065269326322017,1.0403201821540801e-06,0.009106594451944967,1.040365532389842e-06,9.789860087039415e-07,8.007851448610381e-08,8.91522855539506e-09,1.212469129541205e-07,4.144880705325704e-08,7.776606025799992e-07,0.0,-1.1015501399924688e-08,7.785756110934017e-07,7.845906702108607e-10,3.5763200734173495e-10,1.3043108260113456e-10,3.201067855229667e-08,7.776606025799992e-07,2.004103976105398e-07,7.92939189864228e-08,8.569069009922714e-09,1.2111647151868965e-07,9.438127612781955e-09,0.0,0.0
2.9642502340720966e-05,0.013402658805716783,-0.0001560001125862076,1.0403438047617425e-06,0.010376338304524755,1.0403887245047372e-06,9.77777403932123e-07,7.884084141096537e-08,1.0145749129719661e-08,1.2127901527492213e-07,4.1449215615330104e-08,7.776575898787996e-07,0.0,-1.1016302536859257e-08,7.778368740218866e-07,4.8784171147175925e-11,4.0430153669390734e-10,1.3047229963092377e-10,3.201081000270278e-08,7.776575898787996e-07,1.9994060096450994e-07,7.879206265215544e-08,9.727077809884577e-09,1.2114854541778186e-07,9.43840738898416e-09,0.0,0.0
2.9645003451150842e-05,0.01340440649073571,-0.0003983597769440239,1.0403341162970023e-06,0.011242224910972268,1.0403730357211316e-06,9.769233884071582e-07,7.801172330346162e-08,1.0982792453262391e-08,1.2125435944199126e-07,4.144943943629187e-08,7.776573625051242e-07,0.0,-1.1017342593788726e-08,7.779582347211544e-07,1.7037633803784757e-10,1.1584386228058463e-10,1.3050310831985712e-10,3.201084197712589e-08,7.776573625051242e-07,1.9896521052942262e-07,7.784134226085371e-08,1.08769109274931e-08,1.2112386116314156e-07,9.438598347344396e-09,0.0,0.0
2.9647502742591314e-05,0.013406154175754637,0.001001981784554573,1.0403446657084003e-06,0.009954623110749372,1.040382699102338e-06,9.781773542272276e-07,7.92781307268342e-08,9.737386896802036e-09,1.2124034753924207e-07,4.1449776944091354e-08,7.776588404340146e-07,0.0,-1.1018205903212674e-08,7.781115982652409e-07,3.2220118240111617e-10,3.884065569170758e-10,1.305297259168725e-10,3.2010927242254184e-08,7.776588404340146e-07,2.00065741751132e-07,7.895592801787643e-08,9.34220878434644e-09,1.2110982083868294e-07,9.438847925480331e-09,0.0,0.0
2.9650002034031786e-05,0.01340790040558204,0.0012022819692495412,1.0403831572195438e-06,0.011116226696023803,1.0404256727269967e-06,9.770948281584424e-07,7.817317282388103e-08,1.0861607613321667e-08,1.2126079695917724e-07,4.1450071819326695e-08,7.776608867970936e-07,0.0,-1.1019205992113257e-08,7.785612297084299e-07,7.697866233336015e-10,1.1752407380605234e-10,1.305614782953768e-10,3.201099474381408e-08,7.776608867970936e-07,1.9853362687172194e-07,7.740338503481325e-08,1.0749841017343442e-08,1.2113024183690868e-07,9.439076187334194e-09,0.0,0.0
2.965250314446166e-05,0.013409648090600967,0.0005757050868506752,1.0404142308329616e-06,0.0092817814579435,1.040458187162585e-06,9.789018804440275e-07,7.99623123270976e-08,9.085953323051399e-09,1.2128035109526536e-07,4.1450306298429496e-08,7.776591814945277e-07,0.0,-1.102008351239192e-08,7.781243311910657e-07,3.3459596204821196e-10,2.9432464798695435e-10,1.305920649397052e-10,3.201103027095087e-08,7.776591814945277e-07,2.0077747819868819e-07,7.962771775282818e-08,8.79225314776022e-09,1.2114975334043265e-07,9.439277803835466e-09,0.0,0.0
2.9655002435902134e-05,0.013411395775619894,0.0003592108670568417,1.0404305702190276e-06,0.010370318521226106,1.0404718295831117e-06,9.778593721421203e-07,7.891475917176649e-08,1.0140713158079961e-08,1.2128681703416078e-07,4.145067222793841e-08,7.776578740958939e-07,0.0,-1.1021027646052062e-08,7.77960053710558e-07,1.7159579313030804e-10,1.96978822142313e-10,1.306268704315272e-10,3.201111198336548e-08,7.776578740958939e-07,1.9989936106412642e-07,7.874316310108043e-08,9.938466050130046e-09,1.2115619085761864e-07,9.43956113275135e-09,0.0,0.0
2.9657501727342606e-05,0.013413142005447298,0.00023712575571256667,1.0404409836270061e-06,0.01067156431586444,1.0404829708932084e-06,9.775778835319215e-07,7.862958284476917e-08,1.0432285257877538e-08,1.2129041238040372e-07,4.1450896048900177e-08,7.776578172524751e-07,0.0,-1.1021961121571167e-08,7.779851785016945e-07,1.9666338002544137e-10,1.392517351428424e-10,1.3065803994294356e-10,3.2011129746933875e-08,7.776578172524751e-07,1.9959266239766293e-07,7.84329188263655e-08,1.0298639274708421e-08,1.2115974357129744e-07,9.439766301966301e-09,0.0,0.0
2.966000283777248e-05,0.013414889690466225,0.0006011867331348827,1.0404556346887854e-06,0.009119420375699808,1.0404961585663841e-06,9.79093215391913e-07,8.014943375656003e-08,8.928762618154451e-09,1.2128499804475723e-07,4.145127263655013e-08,7.776587835905957e-07,0.0,-1.1022881274413976e-08,7.780455462125246e-07,2.5602228670429383e-10,2.716344926767533e-10,1.3070491911015836e-10,3.201120080120745e-08,7.776587835905957e-07,2.0104771181195247e-07,7.989341099801095e-08,8.656613204038877e-09,1.2115430081394152e-07,9.440070058985839e-09,0.0,0.0
2.9662502129212953e-05,0.01341663592029363,0.0013403651898737934,1.0404895386475795e-06,0.010074258215049864,1.0405291277493234e-06,9.781990684132325e-07,7.925803657826691e-08,9.854630000916131e-09,1.212803937278295e-07,4.145150356293925e-08,7.776606594234181e-07,0.0,-1.1023832513501475e-08,7.785876050547813e-07,7.961961645541749e-10,7.183521139042526e-11,1.307303848507857e-10,3.201123988105792e-08,7.776606594234181e-07,1.996115059910153e-07,7.846183791571093e-08,9.782578302974798e-09,1.2114965386444965e-07,9.440264570059753e-09,0.0,0.0
2.9665001420653425e-05,0.013418383605312556,0.001037842791506538,1.040531102232189e-06,0.009315681741854187,1.0405768762211665e-06,9.789804380488931e-07,8.000983342526524e-08,9.119870192364488e-09,1.2131144444538222e-07,4.145181264902931e-08,7.776591814945277e-07,0.0,-1.102473312641905e-08,7.781862336742051e-07,3.963418204744329e-10,3.5246941476607674e-10,1.3074219484821015e-10,3.201128606633574e-08,7.776591814945277e-07,2.0079420437468798e-07,7.961349268725826e-08,8.768224368793653e-09,1.2118070458200236e-07,9.440530135407244e-09,0.0,0.0
2.96675025310833e-05,0.01342012983513996,-0.0001214080487601521,1.0405471052890156e-06,0.010535346353985606,1.0405915418232325e-06,9.77812078417628e-07,7.88204914670132e-08,1.0301588915240245e-08,1.2133416760207183e-07,4.145216081496983e-08,7.77657419348543e-07,0.0,-1.1025663937402896e-08,7.77885702518688e-07,9.750919516271495e-11,1.2832751528080166e-10,1.3076612015439082e-10,3.2011360673323e-08,7.77657419348543e-07,1.9992637589894002e-07,7.872298368738484e-08,1.0166818498191788e-08,1.2120339931698254e-07,9.440802806182091e-09,0.0,0.0
2.9670001822523773e-05,0.013421876064967364,1.706113139743337e-05,1.0405452831520207e-06,0.010435957337317359,1.0405829016235657e-06,9.778984804142965e-07,7.893429199157254e-08,1.0205306821831073e-08,1.2130651327879605e-07,4.145238818864527e-08,7.776577035656373e-07,0.0,-1.1026657809054541e-08,7.778521649015602e-07,6.370130117838713e-11,2.5513433032919863e-10,1.3079018423844957e-10,3.201138198960507e-08,7.776577035656373e-07,2.0004631551273633e-07,7.887059183531164e-08,9.958482927174828e-09,1.2117573078285204e-07,9.441007975397042e-09,0.0,0.0
2.9672501113964245e-05,0.013423622294794768,0.0013742600817749917,1.04056957881804e-06,0.009554102107551471,1.0406095043435926e-06,9.78777961790911e-07,7.982514205195912e-08,9.351344587571475e-09,1.212926292737393e-07,4.145278964529098e-08,7.776601478326484e-07,0.0,-1.1027493584947479e-08,7.784535114296887e-07,6.625534565429803e-10,2.3249999148156064e-10,1.3081558059013787e-10,3.201147080744704e-08,7.776601478326484e-07,2.003243935178034e-07,7.916258937257226e-08,9.110585175164942e-09,1.2116180414523114e-07,9.441319726022357e-09,0.0,0.0
2.967500222439412e-05,0.013425368524622172,0.0012227661844006477,1.0406149288653255e-06,0.012011724605553541,1.040659185491677e-06,9.764488595465082e-07,7.746587726842336e-08,1.1728834792279486e-08,1.2132250049035065e-07,4.145298504454331e-08,7.776604888931615e-07,0.0,-1.1028511437416455e-08,7.785555453665438e-07,7.641999810736877e-10,1.631752233333117e-10,1.3085048322647452e-10,3.201150278187015e-08,7.776604888931615e-07,1.9789332839081908e-07,7.670168145068601e-08,1.1566596569423382e-08,1.2119164694013307e-07,9.441482262673162e-09,0.0,0.0
2.9677501515834592e-05,0.013427114754449576,0.00010014599526897427,1.040638029952397e-06,0.009383691519799784,1.0406818091723835e-06,9.790122703634552e-07,8.001649831612667e-08,9.186749139189487e-09,1.2133770610489591e-07,4.145333676319751e-08,7.776580446261505e-07,0.0,-1.1029439583865042e-08,7.77894285874936e-07,1.0537304362401301e-10,4.3970027618911445e-10,1.3088670425265292e-10,3.2011577388857404e-08,7.776580446261505e-07,2.01117941855955e-07,7.991112482841345e-08,8.755358216205877e-09,1.212068099221142e-07,9.441760262518528e-09,0.0,0.0
2.9680000807275064e-05,0.01342886098427698,0.00011734356543191549,1.0406418278199775e-06,0.010701508731953436,1.0406826049802476e-06,9.777354534890037e-07,7.874591290146782e-08,1.0463244493053026e-08,1.2133178017847968e-07,4.145363874386021e-08,7.776577604090562e-07,0.0,-1.1030286017899016e-08,7.781378599247546e-07,3.491739397620819e-10,9.74011357679494e-11,1.309234248791924e-10,3.201165199584466e-08,7.776577604090562e-07,1.9959760777510382e-07,7.839673799026059e-08,1.0352091628362814e-08,1.2120086978484323e-07,9.441984083480293e-09,0.0,0.0
2.968250191770494e-05,0.013430605758912861,0.0005002085014425006,1.0406526027118038e-06,0.011105255977743114,1.040692268361454e-06,9.773532383405836e-07,7.836547410988715e-08,1.0853757892448357e-08,1.213297480262554e-07,4.145390164467244e-08,7.776581014695694e-07,0.0,-1.103136959557105e-08,7.780153623571096e-07,2.2632466734062717e-10,3.769275724874177e-10,1.3094460238338712e-10,3.201168752298145e-08,7.776581014695694e-07,1.9933794703774765e-07,7.813914493226548e-08,1.049139619624384e-08,1.2119879500005482e-07,9.442212345334156e-09,0.0,0.0
2.9685001209145412e-05,0.013432351988740265,0.0008502879266021335,1.0406761854832483e-06,0.008304749872433164,1.040716711031564e-06,9.800909310797579e-07,8.110770721714289e-08,8.13941003485752e-09,1.2132315418966755e-07,4.1454274679608716e-08,7.776600341458106e-07,0.0,-1.1032176949754557e-08,7.783955311424506e-07,6.045473011084823e-10,2.4021809541530104e-10,1.3095600992496514e-10,3.201179765710549e-08,7.776600341458106e-07,2.016953715155978e-07,8.050316324670348e-08,7.89461296335503e-09,1.2119220116346696e-07,9.442477022503226e-09,0.0,0.0
2.9687500500585884e-05,0.013434096763376147,0.001306964018045198,1.0407138246680106e-06,0.011124015608532167,1.040754682435363e-06,9.773945066626766e-07,7.840279181436927e-08,1.0872551747809212e-08,1.2133121174429107e-07,4.1454459420720013e-08,7.776604888931615e-07,0.0,-1.1033162827800425e-08,7.785757247802394e-07,7.84304843293171e-10,2.034273444140311e-10,1.3096182471805662e-10,3.201182607881492e-08,7.776604888931615e-07,1.9881873924987303e-07,7.761848763720991e-08,1.0663992355830487e-08,1.2120024450723577e-07,9.442632453726674e-09,0.0,0.0
2.969000161101576e-05,0.01343584299320355,0.0007213668936412176,1.040749243987389e-06,0.010094083914329234,1.0407932222733507e-06,9.78427920017566e-07,7.940856505683769e-08,9.876333528779924e-09,1.2136089821979112e-07,4.1454846666511e-08,7.776583856866637e-07,0.0,-1.1034142488597354e-08,7.780902251397492e-07,3.0086405589102583e-10,4.767981565123591e-10,1.309765490509207e-10,3.2011925554797926e-08,7.776583856866637e-07,2.0033762382354325e-07,7.910769994623479e-08,9.407865597665932e-09,1.212299167718811e-07,9.442923776248335e-09,0.0,0.0
2.969250090245623e-05,0.013437587767839432,-0.0002629738271084925,1.0407572419133464e-06,0.009609287570733144,1.0408007256046403e-06,9.78904154180782e-07,7.987494399230854e-08,9.406571521708429e-09,1.2137178373450297e-07,4.145505627661805e-08,7.776573625051242e-07,0.0,-1.10350146798055e-08,7.780412261126912e-07,2.5285867844004883e-10,9.663846112228924e-11,1.310054842385e-10,3.2011985950930466e-08,7.776573625051242e-07,2.0086285701381712e-07,7.96220831489336e-08,9.301833081565292e-09,1.2124077386488352e-07,9.443070325687586e-09,0.0,0.0
2.9695000193896703e-05,0.013439332542475313,0.00022601234803687476,1.0407565970188345e-06,0.01114331139518056,1.0407929948996753e-06,9.774099680726067e-07,7.84070266490744e-08,1.0891583634986546e-08,1.213450815384931e-07,4.145536536270811e-08,7.776578740958939e-07,0.0,-1.103604940766445e-08,7.778548365422466e-07,6.59311008566199e-11,4.922712237842575e-10,1.3105282137271246e-10,3.201204279434933e-08,7.776578740958939e-07,1.9955511731950537e-07,7.834109538862322e-08,1.0405038608496398e-08,1.212140290363095e-07,9.443319903823522e-09,0.0,0.0
2.969750130432658e-05,0.013441077317111194,0.0015920005056582198,1.0407883172459827e-06,0.008513777762032907,1.0408268735773163e-06,9.799908866625628e-07,8.099502935010605e-08,8.343424617862638e-09,1.2133436655403784e-07,4.145566379065713e-08,7.776614552312822e-07,0.0,-1.1036942026976249e-08,7.788332254676789e-07,1.04064679096183e-09,1.5856949087122985e-10,1.3110217078615705e-10,3.201215292847337e-08,7.776614552312822e-07,2.0115763277317456e-07,7.995438267016652e-08,8.18664691593085e-09,1.212032572084354e-07,9.443509974005337e-09,0.0,0.0
2.970000059576705e-05,0.013442822091747075,0.001433220771620114,1.040841100539508e-06,0.010806375157001235,1.0408863317934447e-06,9.778258345249924e-07,7.87934268942081e-08,1.0566752806084878e-08,1.2137198268646898e-07,4.1455876953477855e-08,7.776604320497427e-07,0.0,-1.103788349610113e-08,7.785864681864041e-07,7.948669500379424e-10,3.2710087416454314e-10,1.3113002350628733e-10,3.201217779746912e-08,7.776604320497427e-07,1.9923942318200716e-07,7.799856405199534e-08,1.0230896130281053e-08,1.2124085913001181e-07,9.443697379651894e-09,0.0,0.0
2.9702499887207523e-05,0.013444566866382957,-4.661637426162102e-05,1.040865293661333e-06,0.010118538539157835,1.040909069160989e-06,9.785128440853441e-07,7.945988045321428e-08,9.901119923938495e-09,1.2139540217503964e-07,4.145624643570045e-08,7.776575330353808e-07,0.0,-1.103886138054122e-08,7.778744475217536e-07,8.57547088894961e-11,5.291583837774283e-10,1.311553643468244e-10,3.201230924787524e-08,7.776575330353808e-07,2.0063836814188107e-07,7.937413215586275e-08,9.383104959681532e-09,1.2126425019687304e-07,9.443936299646793e-09,0.0,0.0
2.97050009976374e-05,0.013446311641018838,-0.00030468098632116525,1.040859164314089e-06,0.008806620413609034,1.0408991784061072e-06,9.797744269235409e-07,8.073724444557229e-08,8.628501468876948e-09,1.2137978444570763e-07,4.145644538766646e-08,7.77657419348543e-07,0.0,-1.1039730019035687e-08,7.782722377669415e-07,4.836166467292458e-10,4.252460536480207e-11,1.3117038011323245e-10,3.201236253858042e-08,7.77657419348543e-07,2.015022460000182e-07,8.025362774333189e-08,8.578223464894563e-09,1.2124861825668631e-07,9.444084625442883e-09,0.0,0.0
2.970750028907787e-05,0.013448056415654719,0.000685958893537647,1.0408658167543065e-06,0.011634353247863338,1.0409038395664538e-06,9.770391216079588e-07,7.801401125107077e-08,1.1367218277769098e-08,1.2136683835706208e-07,4.1456825528030095e-08,7.77658271999826e-07,0.0,-1.1040702574405259e-08,7.779844395372493e-07,1.9495148551040842e-10,7.326689810405185e-10,1.311910718948539e-10,3.201245135642239e-08,7.77658271999826e-07,1.9905471049241896e-07,7.781905964066027e-08,1.0635324620977826e-08,1.2123565795718605e-07,9.444373283429286e-09,0.0,0.0
2.9710005037486553e-05,0.013449804100673646,0.001427142793936631,1.0409027471159332e-06,0.008321369137284205,1.0409422657176037e-06,9.802862450669636e-07,8.12599552091342e-08,8.157323705404451e-09,1.2136369775817002e-07,4.145710263969704e-08,7.776626489430782e-07,0.0,-1.1041604075501255e-08,7.79164793129894e-07,1.3709163804165314e-09,2.1721542620145584e-10,1.3122616882021987e-10,3.201260412311058e-08,7.776626489430782e-07,2.011215087804885e-07,7.988904116018603e-08,7.946906244171714e-09,1.2123246051487513e-07,9.444498516586464e-09,0.0,0.0
2.971250614791643e-05,0.013451548875309527,0.0014231577786132377,1.0409524784373693e-06,0.010935549248946675,1.0409966080260347e-06,9.778038929653121e-07,7.876133878426117e-08,1.0692822627333953e-08,1.2138104921177728e-07,4.1457386856791345e-08,7.776615689181199e-07,0.0,-1.1042430969609995e-08,7.7884664051453e-07,1.053821141461242e-09,5.4113752367968e-10,1.312617653459469e-10,3.2012643202961044e-08,7.776615689181199e-07,1.9895729508334625e-07,7.770751153657329e-08,1.0137883421634797e-08,1.2124978354677296e-07,9.44474543018714e-09,0.0,0.0
2.97150054393569e-05,0.013453292194753885,0.00015795712723387645,1.0409800423209606e-06,0.011020959880684217,1.0410259392301668e-06,9.777489822226926e-07,7.867472362477201e-08,1.077573230645612e-08,1.2141659055942e-07,4.145779186615073e-08,7.776577035656373e-07,0.0,-1.1043417735834282e-08,7.780545843161235e-07,2.655917152871723e-10,9.299008785212948e-10,1.3128632903036674e-10,3.201286702392281e-08,7.776577035656373e-07,1.996944263282785e-07,7.840912985557225e-08,9.85795001184897e-09,1.2128529647270625e-07,9.444926618584759e-09,0.0,0.0
2.9717504730797373e-05,0.013455036969389766,-0.0008907115226778339,1.0409672574081257e-06,0.008452049382153328,1.041009113578184e-06,9.802218983168132e-07,8.115345906389848e-08,8.284883890041783e-09,1.2141124727804709e-07,4.1458068977817675e-08,7.776571351314487e-07,0.0,-1.1044266834403516e-08,7.78575895310496e-07,7.874170759869514e-10,6.675499042430033e-11,1.3129651532661768e-10,3.201294873633742e-08,7.776571351314487e-07,2.016460030063172e-07,8.03660427095565e-08,8.215577551595743e-09,1.2127995319133333e-07,9.445119353301834e-09,0.0,0.0
2.972000584122725e-05,0.013456780288834125,0.0004247605306638702,1.0409591343938808e-06,0.011055843633688939,1.0409949027234688e-06,9.7768224804895e-07,7.865443762966606e-08,1.0809102057862674e-08,1.213697657931334e-07,4.1458449118181306e-08,7.776580446261505e-07,0.0,-1.1045123926578526e-08,7.778909321132232e-07,1.0155665891575794e-10,1.1784971887252027e-09,1.313029268645849e-10,3.201310505573929e-08,7.776580446261505e-07,1.9979134435743617e-07,7.855287975644387e-08,9.626816677155148e-09,1.2123845749556494e-07,9.445346726977277e-09,0.0,0.0
2.972250513266772e-05,0.013458523608278483,0.002029130853648198,1.0410019135595268e-06,0.009115409308003027,1.0410412869532593e-06,9.79606966211577e-07,8.057448752651908e-08,8.929518457989616e-09,1.2136830207509774e-07,4.145879728412183e-08,7.776641268719686e-07,0.0,-1.1046068060238667e-08,7.79682579832297e-07,1.887133782574324e-09,2.2779218789015232e-10,1.3130552201090495e-10,3.2013318218560016e-08,7.776641268719686e-07,1.9992434374671575e-07,7.868734996918647e-08,8.710200560813064e-09,1.2123699377752928e-07,9.445481730097072e-09,0.0,0.0
2.9725004424108192e-05,0.013460266927722842,0.0013638782782149361,1.0410610645474714e-06,0.009280649669424289,1.0411084758743527e-06,9.795119240152417e-07,8.043519272860067e-08,9.090507013809201e-09,1.2141468630488816e-07,4.1459106370211884e-08,7.776620236654708e-07,0.0,-1.1046951797766269e-08,7.789370215505187e-07,1.1436617208815392e-09,7.526172463023784e-10,1.3131103149266465e-10,3.20133715092652e-08,7.776620236654708e-07,2.0057490246472298e-07,7.929152445740328e-08,8.329935852202652e-09,1.212833780073197e-07,9.445733084589847e-09,0.0,0.0
2.9727505534538068e-05,0.0134620102471672,-0.0002752827856613571,1.0410800422443634e-06,0.010903908216616768,1.0411253015263355e-06,9.779544143384555e-07,7.885763153581138e-08,1.0663525173981725e-08,1.2143937055952847e-07,4.145951137957127e-08,7.77657419348543e-07,0.0,-1.1047830206223352e-08,7.779457860124239e-07,1.5707082856586396e-10,9.77327330176081e-10,1.3133356902006454e-10,3.201364151550479e-08,7.77657419348543e-07,2.0000859990432218e-07,7.870056606407161e-08,9.689141933222345e-09,1.2130803384025057e-07,9.445868087709641e-09,0.0,0.0
2.973000482597854e-05,0.013463753566611558,-0.0006335931789184235,1.0410641976329478e-06,0.008112626182513643,1.0411040420876816e-06,9.806398111322778e-07,8.156330011388491e-08,7.955564207406951e-09,1.214191200915593e-07,4.145983467651604e-08,7.776573625051242e-07,0.0,-1.1048801873414504e-08,7.786161972944683e-07,8.274812501873896e-10,9.140420365039148e-11,1.3135841026024053e-10,3.201371967520572e-08,7.776573625051242e-07,2.020235854161001e-07,8.073581625467341e-08,7.869977558527808e-09,1.212877691614267e-07,9.446114113131898e-09,0.0,0.0
2.9732504117419012e-05,0.013465496886055917,0.0005851622262903894,1.0410633533267337e-06,0.01085560260723771,1.041101427290414e-06,9.779752190297586e-07,7.892148090604678e-08,1.0616510337513319e-08,1.2139521743392834e-07,4.146015797346081e-08,7.776584993735014e-07,0.0,-1.104958702313752e-08,7.77926572936849e-07,1.3665242548643874e-10,1.1887568707180662e-09,1.3137797794104955e-10,3.201389731088966e-08,7.776584993735014e-07,2.0004867451461905e-07,7.87848293271054e-08,9.41246458552314e-09,1.212638380820863e-07,9.446260662571149e-09,0.0,0.0
2.9735005227848887e-05,0.013467238750308752,0.0017324564859499958,1.0411037230985992e-06,0.010380867500205943,1.0411431503598578e-06,9.78474531621032e-07,7.9410021669446e-08,1.0157414465084003e-08,1.2140063176957483e-07,4.146050969211501e-08,7.776638994982932e-07,0.0,-1.105068125895059e-08,7.795268857080373e-07,1.7315934242034814e-09,1.0812766654266781e-10,1.313976011330098e-10,3.20140749465736e-08,7.776638994982932e-07,1.9894766012384935e-07,7.767842902239863e-08,1.0064580280300106e-08,1.2126922399602336e-07,9.44643563371983e-09,0.0,0.0
2.973750451928936e-05,0.01346898206975311,0.0014714729596798648,1.0411595778236083e-06,0.008429886159539969,1.0412048823127407e-06,9.804276714930893e-07,8.133284978839583e-08,8.264893658349592e-09,1.2143337357883865e-07,4.146077614564092e-08,7.776614552312822e-07,0.0,-1.1051499271275134e-08,7.786900368955685e-07,8.971845488758845e-10,7.928443457316803e-10,1.3141815413675317e-10,3.201413889541982e-08,7.776614552312822e-07,2.017376203866661e-07,8.043566168680627e-08,7.464992179961882e-09,1.2130196580528718e-07,9.446636362042682e-09,0.0,0.0
2.974000381072983e-05,0.013470725389197469,7.495429199533277e-06,1.0411853609671076e-06,0.011837646142639428,1.0412319397801184e-06,9.771512168299523e-07,7.803016899288195e-08,1.1567170332682508e-08,1.2146344374741602e-07,4.14611314170088e-08,7.776576467222185e-07,0.0,-1.1052376791553797e-08,7.78067033024854e-07,2.779887986470442e-10,6.585775258471926e-10,1.314336695035223e-10,3.2014359163667905e-08,7.776576467222185e-07,1.99084198015953e-07,7.775218335837053e-08,1.0903336900014438e-08,1.2133202176300983e-07,9.446771365162476e-09,0.0,0.0
2.9742504921159707e-05,0.013472467253450304,-0.0007311329506745068,1.041172756183801e-06,0.008732028571252928,1.0412123856440303e-06,9.801389069252764e-07,8.10354094937793e-08,8.558600939068128e-09,1.2144629124577477e-07,4.146140852867575e-08,7.776571919748676e-07,0.0,-1.1053508330860495e-08,7.782981583659421e-07,5.095276423006112e-10,1.4762538413926052e-10,1.3143539034921048e-10,3.201440890165941e-08,7.776571919748676e-07,2.018407343484796e-07,8.052587929796573e-08,8.4274160983e-09,1.2131485505051387e-07,9.447000515194759e-09,0.0,0.0
2.974500421260018e-05,0.01347420911770314,0.000670232685034966,1.041171695383844e-06,0.009955853964253686,1.0412082929178723e-06,9.78946218310739e-07,7.987591743585654e-08,9.746245588360125e-09,1.2141140359744895e-07,4.14616678767743e-08,7.776588404340146e-07,0.0,-1.1054198445492602e-08,7.779907491567428e-07,2.004605093031131e-10,8.299917975129745e-10,1.3144542398979553e-10,3.201455456292024e-08,7.776588404340146e-07,2.0095542652143195e-07,7.96754591192439e-08,8.894391001490476e-09,1.2127996740218805e-07,9.447113313854061e-09,0.0,0.0
2.974750350404065e-05,0.013475952437147498,0.001847216535619367,1.0412155825656095e-06,0.011683598479794515,1.0412563824502286e-06,9.77320382844482e-07,7.823005176987863e-08,1.1418618939273983e-08,1.214275329175507e-07,4.146199827914643e-08,7.77662762629916e-07,0.0,-1.1055364623757669e-08,7.792062319822435e-07,1.4120048463794888e-09,6.574225885902507e-11,1.314613418124111e-10,3.201466469704428e-08,7.77662762629916e-07,1.9811412244052917e-07,7.681804703452144e-08,1.1369280628059641e-08,1.212960825114351e-07,9.447330917566887e-09,0.0,0.0
2.9750004614470527e-05,0.013477694301400334,0.0009930498799173293,1.041265056150987e-06,0.008071206576897859,1.0413101563244709e-06,9.808749155126861e-07,8.174836807484098e-08,7.916844069200124e-09,1.2146600170126476e-07,4.1462186572971405e-08,7.776604888931615e-07,0.0,-1.105621993957584e-08,7.784114472997317e-07,6.194538770820657e-10,4.976395406863787e-10,1.3147233302035488e-10,3.2014710882322106e-08,7.776604888931615e-07,2.0246345400209975e-07,8.112891691780533e-08,7.414220792867354e-09,1.2133453708429442e-07,9.447475690649298e-09,0.0,0.0
2.9752503905911e-05,0.01347943616565317,7.509687390694353e-05,1.0412836618174596e-06,0.012309411006756732,1.0413266409159405e-06,9.767833262230852e-07,7.765434872908372e-08,1.2023627427026895e-08,1.2147131656092824e-07,4.1462509869916175e-08,7.776577035656373e-07,0.0,-1.1057159632343883e-08,7.779352131365158e-07,1.4603063203111333e-10,4.2933942512313195e-10,1.314869324531287e-10,3.20148458854419e-08,7.776577035656373e-07,1.9884814150827879e-07,7.75083179860303e-08,1.1584717185542104e-08,1.2133982352224848e-07,9.447666649009534e-09,0.0,0.0
2.975500319735147e-05,0.013481178029906005,2.916420694809574e-05,1.0412854779039568e-06,0.009921330557939456,1.0413253903607256e-06,9.790904869078076e-07,7.997001461035325e-08,9.713880366746253e-09,1.214627616263897e-07,4.146275500716001e-08,7.776577604090562e-07,0.0,-1.1058250315443274e-08,7.782638249409501e-07,4.745865367361546e-10,6.966815319087161e-11,1.3148990229971957e-10,3.201488141257869e-08,7.776577604090562e-07,2.0082670459942165e-07,7.9495421800857e-08,9.66093249843425e-09,1.2133126858770993e-07,9.447875370938164e-09,0.0,0.0
2.9757504307781346e-05,0.01348291989415884,0.0003208883176633037,1.0412915753437492e-06,0.009775968554317803,1.0413315294499625e-06,9.7923657449428e-07,8.012185048755782e-08,9.572985959493963e-09,1.2145638095262257e-07,4.14629752754081e-08,7.776583288432448e-07,0.0,-1.1059039017879968e-08,7.778964459248527e-07,1.066213090039625e-10,5.150129211983767e-10,1.314965220045039e-10,3.201496667770698e-08,7.776583288432448e-07,2.0134012856942718e-07,8.001523355005702e-08,9.043806592501369e-09,1.213248879139428e-07,9.448007709522699e-09,0.0,0.0
2.9760003599221818e-05,0.013484660303220153,0.0011710023792803406,1.0413175403446236e-06,0.01105144665534166,1.0413561994937481e-06,9.780242180568166e-07,7.89127128086875e-08,1.080858247348715e-08,1.2145056871304405e-07,4.1463284361498154e-08,7.776608867970936e-07,0.0,-1.1060134141871458e-08,7.786509854668111e-07,8.585535060667837e-10,1.0796506050292365e-10,1.315085818021089e-10,3.201504839012159e-08,7.776608867970936e-07,1.9937321837915079e-07,7.805416402106857e-08,1.0710705211636196e-08,1.2131906146350957e-07,9.448233306841303e-09,0.0,0.0
2.976250289066229e-05,0.013486402167472988,0.0014306422531744634,1.0413628574624621e-06,0.008672739879276312,1.041404857460293e-06,9.803777629713295e-07,8.124872152848184e-08,8.502561321677149e-09,1.2146834649229277e-07,4.1463454891754736e-08,7.77660716266837e-07,0.0,-1.1061043636573231e-08,7.785837397022988e-07,7.914917055096282e-10,2.336682791703737e-10,1.3151613131867634e-10,3.201508391725838e-08,7.77660716266837e-07,2.0179406590159488e-07,8.045722665883659e-08,8.267675433160093e-09,1.2133682503190357e-07,9.448372750853196e-09,0.0,0.0
2.9765004001092166e-05,0.013488142576534301,0.00027523742786250693,1.041392546747006e-06,0.01046389291495121,1.0414388498247718e-06,9.786724604055053e-07,7.951565095254409e-08,1.0240723824495035e-08,1.214988429865116e-07,4.146374976699008e-08,7.776579309393128e-07,0.0,-1.1061992211125471e-08,7.778787107781682e-07,8.924831707002312e-11,3.611651255841508e-10,1.3153057809578428e-10,3.201516918238667e-08,7.776579309393128e-07,2.0079372120562766e-07,7.942640678493262e-08,9.874905337881046e-09,1.2136730731526768e-07,9.448580584603405e-09,0.0,0.0
2.9767503292532638e-05,0.013489884440787137,-0.0004101691511610994,1.041390196419552e-06,0.01003600644480549,1.0414299822514295e-06,9.790769581741188e-07,7.992630912667664e-08,9.82602266219601e-09,1.214934286508651e-07,4.1463962929810805e-08,7.776572488182865e-07,0.0,-1.106303404441178e-08,7.779129873597412e-07,1.2413668704081005e-10,2.431484874554357e-11,1.3155111722173984e-10,3.201520826223714e-08,7.776572488182865e-07,2.011640418686511e-07,7.9802170205312e-08,9.806311318527605e-09,1.2136187876876647e-07,9.448755555752086e-09,0.0,0.0
2.977000258397311e-05,0.01349162484984845,0.0007352297249099138,1.0413958538032322e-06,0.010147630233745627,1.041432597048697e-06,9.789702062334982e-07,7.984556305018486e-08,9.934227662711237e-09,1.2146607275553833e-07,4.146420806705464e-08,7.776584993735014e-07,0.0,-1.1063972849001402e-08,7.780619739605754e-07,2.7187482820600906e-10,2.8356383907635063e-10,1.3155951328336357e-10,3.2015275763797035e-08,7.776584993735014e-07,2.0090820385121333e-07,7.957368808320098e-08,9.645182430517707e-09,1.213345228734397e-07,9.448931415079187e-09,0.0,0.0
2.9772503694402985e-05,0.013493366714101285,0.0014666659877287103,1.0414342078375354e-06,0.010747680449250388,1.0414776170364348e-06,9.784322401173995e-07,7.928763068321132e-08,1.0515877058026035e-08,1.2148458949923224e-07,4.14644496515848e-08,7.776600341458106e-07,0.0,-1.106501734682297e-08,7.784833542245906e-07,6.917550976481834e-10,1.0677609491027695e-10,1.315643427535207e-10,3.201532550178854e-08,7.776600341458106e-07,1.9994890010366362e-07,7.859587469738472e-08,1.0412922080149656e-08,1.213530254062789e-07,9.449125926153101e-09,0.0,0.0
2.9775002985843457e-05,0.013495107123162597,0.00040770907439424686,1.0414668296309595e-06,0.010092135181155395,1.0415109272798873e-06,9.790991271074745e-07,7.992600359330027e-08,9.88120074651988e-09,1.2151424755302287e-07,4.146468768340128e-08,7.776588972774334e-07,0.0,-1.1065952598698914e-08,7.781167141729384e-07,3.262707326534553e-10,1.5336878989025138e-10,1.3156947753500958e-10,3.2015393003348436e-08,7.776588972774334e-07,2.0098241293453611e-07,7.959973657989394e-08,9.72517266717432e-09,1.2138268346006953e-07,9.449297344588103e-09,0.0,0.0
2.977750227728393e-05,0.01349684753222391,0.00020939645075301883,1.041477569791437e-06,0.01049448617662983,1.0415174074296374e-06,9.787144108486245e-07,7.95537928865997e-08,1.0271104855519297e-08,1.2150276518241299e-07,4.146493282064512e-08,7.776578740958939e-07,0.0,-1.1066994431985222e-08,7.778614872222533e-07,7.204876278921191e-11,2.538536880702935e-10,1.3157348821568604e-10,3.201544629405362e-08,7.776578740958939e-07,2.008529378372259e-07,7.948174385319362e-08,1.0020636764807023e-08,1.2137120108945965e-07,9.44948563841308e-09,0.0,0.0
2.9780003387713805e-05,0.013498587941285223,0.00101388423083848,1.0414988598792648e-06,0.009563884468193156,1.041539576362993e-06,9.796374342840863e-07,8.047408783795618e-08,9.369139242210167e-09,1.2150462680438068e-07,4.146516374703424e-08,7.776587267471768e-07,0.0,-1.1067868399550207e-08,7.783358455526468e-07,5.455553786504197e-10,3.011261379137764e-11,1.315817593772195e-10,3.2015510242899836e-08,7.776587267471768e-07,2.0130157452058484e-07,7.992853312543957e-08,9.337961515143434e-09,1.213730342897179e-07,9.449654392312823e-09,0.0,0.0
2.9782502679154277e-05,0.013500328350346535,0.0006263750032697302,1.0415274070996042e-06,0.01047805242782172,1.0415707265565288e-06,9.787806902750162e-07,7.960156267472485e-08,1.0255715388041153e-08,1.2152041506396927e-07,4.1465447964128543e-08,7.776587267471768e-07,0.0,-1.1068898686517059e-08,7.780228088449803e-07,2.3246927993714195e-10,3.5844521795169726e-10,1.3160089684660647e-10,3.201559550802813e-08,7.776587267471768e-07,2.0075790985174535e-07,7.936909440786621e-08,9.896735875258855e-09,1.2138880833845178e-07,9.449851567921996e-09,0.0,0.0
2.978500197059475e-05,0.013502068759407848,0.000533899156054396,1.041547600616209e-06,0.009386084649887497,1.0415881206427002e-06,9.798555993256741e-07,8.068623458257207e-08,9.197007599937024e-09,1.2150981376635173e-07,4.1465654021521914e-08,7.776595793984598e-07,0.0,-1.1069857031031916e-08,7.783330602251226e-07,5.41878764082071e-10,6.393789664382865e-11,1.3161630119107315e-10,3.201564524601963e-08,7.776595793984598e-07,2.0152255331140623e-07,8.014435337599934e-08,9.137560930128075e-09,1.2137819282997953e-07,9.450007887323864e-09,0.0,0.0
2.9787503081024624e-05,0.013503807713277638,0.0012052526747164394,1.0415778436642717e-06,0.009980531048048753,1.0416187024020473e-06,9.79307969828369e-07,8.01339368194931e-08,9.77401359847363e-09,1.215150149391775e-07,4.146595600218461e-08,7.7765906780769e-07,0.0,-1.1070699912352211e-08,7.783002615724399e-07,5.096083000033502e-10,3.5532163322749e-10,1.3163366230362072e-10,3.201575893285735e-08,7.7765906780769e-07,2.0100770825592917e-07,7.96243284639786e-08,9.409904855317563e-09,1.2138337979195057e-07,9.45019795750568e-09,0.0,0.0
2.9790002372465096e-05,0.01350554812233895,0.0003610927824994614,1.0416051044825405e-06,0.01139272005375288,1.0416514442113112e-06,9.779716947377892e-07,7.876451491029002e-08,1.11417577386419e-08,1.2154922046647698e-07,4.146623666656524e-08,7.776579309393128e-07,0.0,-1.10717994772358e-08,7.78116884703195e-07,3.2733318833244596e-10,2.5314428331313366e-10,1.3163951873007562e-10,3.201582998713093e-08,7.776579309393128e-07,1.9985476740203012e-07,7.843718208278005e-08,1.089402879017598e-08,1.2141758531925007e-07,9.450408455791148e-09,0.0,0.0
2.979250166390557e-05,0.01350728707620874,-0.0003537392313800458,1.0416052323574022e-06,0.008915543252169622,1.0416461009299383e-06,9.803663942875573e-07,8.117039129729164e-08,8.740498991244294e-09,1.2153859074715e-07,4.1466506672804826e-08,7.776574761919619e-07,0.0,-1.10726876556555e-08,7.779090651638398e-07,1.1999509719196055e-10,2.2574217495296978e-10,1.3164792866948716e-10,3.2015925910400256e-08,7.776574761919619e-07,2.0245734333457222e-07,8.105040194550384e-08,8.516311211792527e-09,1.2140694138906838e-07,9.45058165058299e-09,0.0,0.0
2.9795002774335444e-05,0.013509027485270053,0.0011870489736727219,1.0416197353556658e-06,0.010630517519341773,1.0416550821901183e-06,9.787104318093043e-07,7.95498706906983e-08,1.0404198391711361e-08,1.21500619343351e-07,4.146685128603167e-08,7.776599773023918e-07,0.0,-1.1073590933108335e-08,7.784169042679423e-07,6.252889872548906e-10,4.031254774439219e-10,1.3165010748217298e-10,3.2016050255379014e-08,7.776599773023918e-07,2.002935559630714e-07,7.89245788723747e-08,9.996587557736802e-09,1.2136896998526936e-07,9.450800142474236e-09,0.0,0.0
2.9797502065775916e-05,0.013510766439139843,0.0018866986249319595,1.0416731864084794e-06,0.009499617147199371,1.0417181783850538e-06,9.798681048778235e-07,8.067438272973959e-08,9.308371851091124e-09,1.2153219586252817e-07,4.146708931784815e-08,7.776614552312822e-07,0.0,-1.1074656747211975e-08,7.790022777953709e-07,1.2091495582566836e-09,1.2527487380786795e-10,1.3165164791661965e-10,3.2016107098797875e-08,7.776614552312822e-07,2.0086577023903374e-07,7.946523084001456e-08,9.190749494791817e-09,1.2140054650444654e-07,9.450981330871855e-09,0.0,0.0
2.9800001357216388e-05,0.013512505393009633,8.647374642123395e-05,1.0417074989657887e-06,0.009491342688828015,1.0417548992336378e-06,9.799113058761577e-07,8.067502221820178e-08,9.300674008727583e-09,1.2157846640548087e-07,4.146744103650235e-08,7.776577604090562e-07,0.0,-1.107550229306753e-08,7.778705253258522e-07,8.11027009439691e-11,5.636215383297838e-10,1.3165984968921407e-10,3.2016256312772384e-08,7.776577604090562e-07,2.0204072370688664e-07,8.059392087034212e-08,8.729312384048171e-09,1.2144680283654452e-07,9.451186500086806e-09,0.0,0.0
2.9802502467646264e-05,0.013514245802070946,-0.0005768056147001932,1.0416989651855227e-06,0.010566320501387854,1.0417377325211419e-06,9.78850607680215e-07,7.964001014215683e-08,1.0342849243727414e-08,1.2155341266861797e-07,4.146770393731458e-08,7.776571919748676e-07,0.0,-1.10765965288806e-08,7.779817678965628e-07,1.9289728148130791e-10,1.391176618348311e-10,1.3167524015589294e-10,3.201632736704596e-08,7.776571919748676e-07,2.0086883978365222e-07,7.944711200025267e-08,1.0209796563742657e-08,1.214217348888269e-07,9.451378346625461e-09,0.0,0.0
2.9805001759086736e-05,0.013515984755940735,0.0007734055010537033,1.0417023839668544e-06,0.008639377157516576,1.041740915752598e-06,9.807225751501392e-07,8.153100594654461e-08,8.472832213612946e-09,1.215332474657771e-07,4.1468016576118316e-08,7.776583288432448e-07,0.0,-1.1077522898972347e-08,7.781104045534448e-07,3.2035263330953967e-10,4.0908990084354e-10,1.316940029250091e-10,3.201641263217425e-08,7.776583288432448e-07,2.0261219901840377e-07,8.121065064869981e-08,8.06050337587294e-09,1.214015412642766e-07,9.451602167587225e-09,0.0,0.0
2.9807501050527208e-05,0.013517723709810525,0.0011466178331213106,1.0417357722869249e-06,0.011275455771024139,1.0417776366011822e-06,9.782011147763114e-07,7.898831455577238e-08,1.1029663404826806e-08,1.2155219053511246e-07,4.1468343425776766e-08,7.776606594234181e-07,0.0,-1.1078455486313032e-08,7.786292144373874e-07,8.368234438727029e-10,3.722999131205995e-10,1.316970144049634e-10,3.2016551188007725e-08,7.776606594234181e-07,1.9957198560405232e-07,7.815149416501299e-08,1.0655640814150047e-08,1.2142048433361197e-07,9.451791349590621e-09,0.0,0.0
2.981000034196768e-05,0.013519461208488792,0.0008537966399199265,1.0417705294619538e-06,0.00849044199243197,1.0418121973998495e-06,9.809355105971918e-07,8.171675602852702e-08,8.328576051042091e-09,1.2155761908161367e-07,4.146859211573428e-08,7.77661114170769e-07,0.0,-1.1079511530454056e-08,7.787801905578817e-07,9.873969419871287e-10,2.2551484291088997e-10,1.3169858259498568e-10,3.201659026785819e-08,7.77661114170769e-07,2.021552916176006e-07,8.072935742120535e-08,8.110927929294576e-09,1.214259270909679e-07,9.45200184787609e-09,0.0,0.0
2.9812501452397555e-05,0.013521200162358582,0.0007954918296828595,1.04179920982762e-06,0.01076943715911451,1.041842210725008e-06,9.787522685655858e-07,7.952188951776407e-08,1.0540611050657844e-08,1.2157211415342317e-07,4.146901488866206e-08,7.77658271999826e-07,0.0,-1.10803295427786e-08,7.780664077472466e-07,2.7639934785383957e-10,7.560496118053095e-10,1.3171475021778178e-10,3.2016760798114774e-08,7.77658271999826e-07,2.006858892400487e-07,7.924548839355339e-08,9.770647402262966e-09,1.2144039374106796e-07,9.452254090547285e-09,0.0,0.0
2.9815000743838027e-05,0.013522939116228372,-0.0001963751165163785,1.041809628190888e-06,0.009685154979753505,1.041853693095618e-06,9.798133078220417e-07,8.055795319705794e-08,9.489643737481401e-09,1.2159772211361997e-07,4.146929910575636e-08,7.776575898787996e-07,0.0,-1.1081464634798976e-08,7.783965543239901e-07,6.071976810240187e-10,1.6284032455793351e-10,1.3173209745254155e-10,3.201686382681146e-08,7.776575898787996e-07,2.0141673928719683e-07,7.995075890221415e-08,9.345606954980212e-09,1.2146598749041004e-07,9.452438831658583e-09,0.0,0.0
2.98175000352785e-05,0.013524676614906639,-0.00037453173002788276,1.0417997086919752e-06,0.008592580713358553,1.0418384590593632e-06,9.808585446080542e-07,8.162880504869463e-08,8.428106212932107e-09,1.2157246942479105e-07,4.1469650824410564e-08,7.776573056617053e-07,0.0,-1.1082188500211032e-08,7.77876721258508e-07,8.767230691431038e-11,5.40807454374459e-10,1.3174926427605982e-10,3.201694553922607e-08,7.776573056617053e-07,2.029818517712556e-07,8.154113828595655e-08,7.868910856245748e-09,1.2144072059072641e-07,9.452704397006073e-09,0.0,0.0
2.9820001145708375e-05,0.013526415568776429,0.0014074736169440438,1.0418176710748904e-06,0.012466256058874928,1.0418533520351048e-06,9.77119043454877e-07,7.791688716451972e-08,1.2181016195711436e-08,1.215416602917685e-07,4.147002741206052e-08,7.776604888931615e-07,0.0,-1.1083315598625632e-08,7.785881166455511e-07,7.958909642447054e-10,4.750325133251465e-10,1.317634473751994e-10,3.201712317491001e-08,7.776604888931615e-07,1.9853089838761662e-07,7.712100114076748e-08,1.1714312186938969e-08,1.2140989724684914e-07,9.452904237150506e-09,0.0,0.0
2.9822500437148847e-05,0.013528153067454696,0.001867617166457336,1.041874575733964e-06,0.007402549519504975,1.041918608279957e-06,9.820940931604127e-07,8.28543065267695e-08,7.270000157433287e-09,1.2157744322394137e-07,4.147027965473171e-08,7.776623078825651e-07,0.0,-1.108426861406997e-08,7.791395546519198e-07,1.3454450886740688e-09,1.6390350188189018e-10,1.3177643698458752e-10,3.201716580747416e-08,7.776623078825651e-07,2.0295452429763827e-07,8.150885832947097e-08,7.111858213448841e-09,1.214456659681673e-07,9.453113847257555e-09,0.0,0.0
2.982499972858932e-05,0.013529892021324486,0.00023852668928014964,1.0419112006040466e-06,0.011666762556766842,1.041958171299484e-06,9.779924994290923e-07,7.871756224631099e-08,1.1410006273138151e-08,1.2161699203261378e-07,4.147063847881327e-08,7.776579309393128e-07,0.0,-1.1085061757398762e-08,7.778559734106238e-07,6.624623072326585e-11,6.901529903124981e-10,1.317831399560987e-10,3.201730436330763e-08,7.776579309393128e-07,2.0013652601846843e-07,7.865131834705608e-08,1.0701477037855511e-08,1.214852147768397e-07,9.45333411550564e-09,0.0,0.0
2.9827500839019194e-05,0.013531629520002753,-0.0004280659205999626,1.0419079073624076e-06,0.010460048692172168,1.0419472573630628e-06,9.791481261345325e-07,7.98892472175794e-08,1.0241937076216345e-08,1.2160160167695722e-07,4.1470951117617005e-08,7.776573056617053e-07,0.0,-1.108622260659331e-08,7.780655550959636e-07,2.7645724598457377e-10,1.0116334159260276e-10,1.3180115332467324e-10,3.20173931811496e-08,7.776573056617053e-07,2.0108258524942357e-07,7.961278924994986e-08,1.016138906351216e-08,1.2146979599947372e-07,9.453559712824244e-09,0.0,0.0
2.9830000130459666e-05,0.01353336701868102,0.0005812004704344731,1.041910568073187e-06,0.009044437122830434,1.0419490763524664e-06,9.805226000025868e-07,8.128385076133782e-08,8.868275003237613e-09,1.2158044171428628e-07,4.147121046571556e-08,7.77658271999826e-07,0.0,-1.1087005979959486e-08,7.780937494317186e-07,3.036625118024716e-10,3.856776842336984e-10,1.3182752112150808e-10,3.201745357728214e-08,7.77658271999826e-07,2.024288079383041e-07,8.098018611235602e-08,8.465901757404026e-09,1.2144862182594807e-07,9.453757776611837e-09,0.0,0.0
2.9832499421900138e-05,0.013535104517359287,0.0012272795150724877,1.0419419903890318e-06,0.012611345287925372,1.0419836371511337e-06,9.771014219950303e-07,7.784677080735491e-08,1.2322563414102206e-08,1.215946809907109e-07,4.14715550789424e-08,7.776600341458106e-07,0.0,-1.1088094886702038e-08,7.783846740494482e-07,5.927793811366655e-10,2.746177729662236e-10,1.3184223157658437e-10,3.201756371140618e-08,7.776600341458106e-07,1.987168189998556e-07,7.72539934246197e-08,1.205518440627884e-08,1.2146283268066327e-07,9.453990479357799e-09,0.0,0.0
2.9835000532330014e-05,0.013536842016037554,0.0009745281571532805,1.0419802467682348e-06,0.00773341979045465,1.0420221769891214e-06,9.818680837270222e-07,8.259897299467411e-08,7.593198070310336e-09,1.2160862183918653e-07,4.147182508518199e-08,7.776604888931615e-07,0.0,-1.1089071882963708e-08,7.784909143992991e-07,6.985235723178107e-10,1.1975589964130506e-10,1.3185839919938047e-10,3.201759213311561e-08,7.776604888931615e-07,2.0337721196028724e-07,8.190045264200307e-08,7.47965867020639e-09,1.2147675931828417e-07,9.454233840244797e-09,0.0,0.0
2.9837505280738696e-05,0.013538582425098866,0.0006883018638850213,1.0420091868125951e-06,0.012342167788693044,1.0420527587484685e-06,9.774271347851027e-07,7.815139468902998e-08,1.206356969873923e-08,1.216172904605628e-07,4.14720915387079e-08,7.776584993735014e-07,0.0,-1.1089907658856646e-08,7.77980858401861e-07,1.905145208258574e-10,3.697565864602126e-10,1.3188068692659982e-10,3.201767029281655e-08,7.776584993735014e-07,1.9944629059409635e-07,7.796087686529063e-08,1.1675533428956442e-08,1.2148541372880572e-07,9.454419469534514e-09,0.0,0.0
2.9840006391168572e-05,0.013540319923777133,0.00018730120043924936,1.0420244004042646e-06,0.009391519091620946,1.0420675380373723e-06,9.80297500063898e-07,8.101026338636075e-08,9.206482687318385e-09,1.2162946916305373e-07,4.1472404177511635e-08,7.776578172524751e-07,0.0,-1.1091145779573708e-08,7.780419082337175e-07,2.521883812889314e-10,4.961954805371427e-11,1.3190021297404542e-10,3.201771292538069e-08,7.776578172524751e-07,2.0225563446274464e-07,8.075807045315742e-08,9.183507287957582e-09,1.2149756400958722e-07,9.454691252130942e-09,0.0,0.0
2.9842505682609044e-05,0.0135420574224554,1.9662092739958226e-05,1.0420279963887482e-06,0.009241672715147042,1.0420683338452363e-06,9.80442905529344e-07,8.116582961292806e-08,9.060932448790027e-09,1.216192657693682e-07,4.147260312947765e-08,7.776578740958939e-07,0.0,-1.1091866980450504e-08,7.778306212458119e-07,4.085666874265037e-11,2.2937392263333578e-10,1.3190397385454133e-10,3.201774845251748e-08,7.776578740958939e-07,2.026123269160962e-07,8.112497340562186e-08,8.805804085909585e-09,1.214873606159017e-07,9.454856453317007e-09,0.0,0.0
2.9845004974049516e-05,0.013543793465942144,0.0010586112740997855,1.0420467156833024e-06,0.01236979408983479,1.0420859553050832e-06,9.774294085218571e-07,7.816378655434164e-08,1.2090600520764383e-08,1.216057086139699e-07,4.147289800471299e-08,7.776598636155541e-07,0.0,-1.1093108653881245e-08,7.783042406117602e-07,5.124258239952439e-10,1.8933143941524122e-10,1.319071241123737e-10,3.201781595407738e-08,7.776598636155541e-07,1.9912515369924222e-07,7.765135734416617e-08,1.1918720232984015e-08,1.214738034605034e-07,9.45508293881403e-09,0.0,0.0
2.984750608447939e-05,0.013545530964620411,0.0014927543989355918,1.0420910456281492e-06,0.007026634944441456,1.0421337037769263e-06,9.826618452279945e-07,8.337530488233824e-08,6.9048060602483474e-09,1.216256180214259e-07,4.1473118272961074e-08,7.776608867970936e-07,0.0,-1.1093946206131022e-08,7.78635524056881e-07,8.427150643974812e-10,7.12337758224102e-11,1.3190615266722716e-10,3.201783371764577e-08,7.776608867970936e-07,2.040263069602588e-07,8.253258698687205e-08,6.829858456569582e-09,1.214937128679594e-07,9.455282778958463e-09,0.0,0.0
2.9850005375919864e-05,0.013547267008107156,0.0004831360960338149,1.0421253479463923e-06,0.012796241358006017,1.0421713341202121e-06,9.770997166924644e-07,7.779325272849746e-08,1.2503203805636076e-08,1.2164811380444007e-07,4.1473381173773305e-08,7.776583856866637e-07,0.0,-1.1094965834956838e-08,7.779053703416139e-07,1.1505693620073032e-10,3.694949901600353e-10,1.3191304992776764e-10,3.201789056106463e-08,7.776583856866637e-07,1.9919438898341468e-07,7.767819454329583e-08,1.2122461257035866e-08,1.2151619444011885e-07,9.455488836351833e-09,0.0,0.0
2.9852504667360336e-05,0.0135490030515939,-7.86571264996816e-05,1.0421323698771983e-06,0.00917783275935628,1.0421742899779929e-06,9.806046818994218e-07,8.130214013135628e-08,8.999825773514658e-09,1.216450584706763e-07,4.147366183815393e-08,7.776574761919619e-07,0.0,-1.109608405158724e-08,7.779042903166555e-07,1.1487035628254816e-10,7.762322035143043e-11,1.3192050229982044e-10,3.2017940299056136e-08,7.776574761919619e-07,2.0270040579362103e-07,8.118726668726595e-08,8.941372087178934e-09,1.2151313910635508e-07,9.455720650919375e-09,0.0,0.0
2.985500577779021e-05,0.013550739095080644,0.0004428061289449836,1.0421386916622373e-06,0.010019860596977067,1.0421777005831245e-06,9.797896609597956e-07,8.050043476259816e-08,9.817355817176576e-09,1.2163116025476484e-07,4.1473857237406264e-08,7.776580446261505e-07,0.0,-1.1096864760418157e-08,7.779431143717375e-07,1.5314553791778707e-10,2.4132290610268115e-10,1.319248738029799e-10,3.201796161533821e-08,7.776580446261505e-07,2.018465181663487e-07,8.034729148675979e-08,9.55643919553495e-09,1.214992266795889e-07,9.455892069354377e-09,0.0,0.0
2.9857505069230683e-05,0.013552475138567388,0.0011009613584818112,1.0421654921371532e-06,0.01108431420842747,1.042206918100419e-06,9.787855788090383e-07,7.949319069666672e-08,1.0849166898196927e-08,1.216326097619458e-07,4.1474155665355283e-08,7.776597499287163e-07,0.0,-1.109807179489053e-08,7.782490456520463e-07,4.5731377018576325e-10,3.0280181140263096e-10,1.319326731197279e-10,3.201803977503914e-08,7.776597499287163e-07,2.0053654736784665e-07,7.903587828650416e-08,1.0564314756322801e-08,1.2150067618676985e-07,9.456115890316141e-09,0.0,0.0
2.9860004360671155e-05,0.013554211182054132,0.00123179845446586,1.0422059898619473e-06,0.007766130661838183,1.0422478453619988e-06,9.8204782261746e-07,8.274319185375134e-08,7.626711706620881e-09,1.216438505480255e-07,4.1474361722748654e-08,7.776608299536747e-07,0.0,-1.1098847174650928e-08,7.786027822476171e-07,8.100173864988847e-10,7.434559912145033e-11,1.3194464965060604e-10,3.2018064644034894e-08,7.776608299536747e-07,2.0344506879155233e-07,8.193317313498483e-08,7.542843682983857e-09,1.2151190276199486e-07,9.45629530235692e-09,0.0,0.0
2.986250547110103e-05,0.013555947225540876,0.0007714420220493734,1.0422407669877637e-06,0.012138568737950045,1.0422842251500697e-06,9.778401590665453e-07,7.852541727970674e-08,1.1869579985557266e-08,1.21655901352824e-07,4.147460330727881e-08,7.776588404340146e-07,0.0,-1.1099927199609283e-08,7.779777320138237e-07,1.8694418235654098e-10,4.469878356339052e-10,1.3195830539380893e-10,3.2018121487453755e-08,7.776588404340146e-07,1.998624128418669e-07,7.833847348592826e-08,1.1421080969853392e-08,1.2152393935593864e-07,9.456484484360317e-09,0.0,0.0
2.9865004762541503e-05,0.01355768326902762,9.350338920732781e-05,1.0422557828162398e-06,0.008252606564401901,1.042300027620513e-06,9.816233159654075e-07,8.22954788759489e-08,8.100951021106084e-09,1.2167022589437693e-07,4.147486976080472e-08,7.776575898787996e-07,0.0,-1.1100908636763052e-08,7.779722750456131e-07,1.8273095536702755e-10,1.524238651962051e-10,1.319742509720001e-10,3.201819254172733e-08,7.776575898787996e-07,2.0365101249808504e-07,8.211274860059348e-08,7.959648051780732e-09,1.2153824968663685e-07,9.456678995434231e-09,0.0,0.0
2.9867504053981975e-05,0.013559417857322842,-0.0001629458474141643,1.0422545782754879e-06,0.010264489137244976,1.0422944569654646e-06,9.796618769541965e-07,8.034047738192385e-08,1.0055728694169375e-08,1.2166395890744752e-07,4.1475068712770735e-08,7.77657419348543e-07,0.0,-1.1101783492506456e-08,7.778317581141891e-07,4.236507672450429e-11,2.1076482226156656e-10,1.3198572790251717e-10,3.2018213858009403e-08,7.77657419348543e-07,2.018300762074432e-07,8.029810771859047e-08,9.829840941222301e-09,1.2153196848885273e-07,9.456855742939752e-09,0.0,0.0
2.987000516441185e-05,0.013561153900809586,0.0007268801977886596,1.042264368421047e-06,0.010549170460803165,1.0423025287309429e-06,9.79392552835634e-07,8.008817076188279e-08,1.0331778987904272e-08,1.2164508689238573e-07,4.147532806086929e-08,7.776592951813655e-07,0.0,-1.11028990446016e-08,7.780731152706721e-07,2.818710265195534e-10,3.853308228052299e-10,1.3199739912206354e-10,3.2018302675851373e-08,7.776592951813655e-07,2.0131938072154298e-07,7.980629845860676e-08,9.959051361363436e-09,1.2151308226293622e-07,9.457025385017914e-09,0.0,0.0
2.9872504455852322e-05,0.013562888489104807,0.0016985190726614974,1.0423064391129047e-06,0.009242294884298284,1.0423472076581675e-06,9.807039305087528e-07,8.138689366887775e-08,9.063954919952266e-09,1.216556171357297e-07,4.147553411826266e-08,7.776613983878633e-07,0.0,-1.1103744590457154e-08,7.7883765925435e-07,1.0442579023717258e-09,2.80115045742102e-11,1.3200379678224294e-10,3.2018352413842877e-08,7.776613983878633e-07,2.018662570435481e-07,8.034263743184056e-08,9.024161862214441e-09,1.215236125062802e-07,9.457183480776621e-09,0.0,0.0
2.9875003747292794e-05,0.013564624532591552,0.0009982660194576276,1.042353256474848e-06,0.012635747758228011,1.0423981393614667e-06,9.774664704309544e-07,7.811978974814338e-08,1.2351019762490978e-08,1.2168770524567663e-07,4.147580057178857e-08,7.776590109642711e-07,0.0,-1.1104836161734966e-08,7.780719784022949e-07,2.8097230098111936e-10,5.400515590281429e-10,1.320104858759663e-10,3.201840570454806e-08,7.776590109642711e-07,1.9939452045036887e-07,7.78388127287144e-08,1.1815518341506959e-08,1.2155570061622711e-07,9.45739309088367e-09,0.0,0.0
2.987750485772267e-05,0.013566359120886773,-0.00031402954584889946,1.0423651251606309e-06,0.007737398518687075,1.042409508045239e-06,9.82227902568411e-07,8.286712471772262e-08,7.599888718345937e-09,1.2170349350526521e-07,4.1476074130741836e-08,7.776572488182865e-07,0.0,-1.1105717234727308e-08,7.779635211591085e-07,1.7420918874133662e-10,2.2756763140563407e-10,1.3202437754156193e-10,3.201851939138578e-08,7.776572488182865e-07,2.0426438140930259e-07,8.269291384976896e-08,7.380995814543212e-09,1.21571474664961e-07,9.457552074820796e-09,0.0,0.0
2.9880004149163142e-05,0.013568093709181994,-0.00013120134910771242,1.0423574022376402e-06,0.012014790084487992,1.0423950698168483e-06,9.780610525922384e-07,7.872076679404927e-08,1.1751198236709115e-08,1.2168288776592817e-07,4.1476287293562564e-08,7.776573625051242e-07,0.0,-1.1106560116047604e-08,7.779668749208213e-07,1.774803914944556e-10,2.5994958963160286e-10,1.320356879386253e-10,3.201854426038153e-08,7.776573625051242e-07,2.0009413503885298e-07,7.854328742951111e-08,1.1470366878540972e-08,1.2155084050391451e-07,9.457743921359452e-09,0.0,0.0
2.9882503440603614e-05,0.013569828297477216,0.0011576890490365699,1.042375207573135e-06,0.01047030827350658,1.0424129186503706e-06,9.795720643523964e-07,8.024729680755627e-08,1.0256421489884815e-08,1.2166512419753417e-07,4.1476642564930444e-08,7.776596930852975e-07,0.0,-1.1107738728810546e-08,7.782473403494805e-07,4.556043320391723e-10,7.038182259222481e-10,1.3204801141419864e-10,3.201869347435604e-08,7.776596930852975e-07,2.0132476663548005e-07,7.979169680538689e-08,9.578773330076729e-09,1.215330769355205e-07,9.457950866931242e-09,0.0,0.0
2.988500455103349e-05,0.013571562885772437,0.0016922555470904044,1.0424246423785197e-06,0.007588742783962907,1.0424672609588015e-06,9.824266271607485e-07,8.307979015853562e-08,7.455382977639147e-09,1.2168371199550165e-07,4.1476873491319566e-08,7.776631036904291e-07,0.0,-1.110840752716058e-08,7.793702820890758e-07,1.5751085991055902e-09,4.6383508145453334e-11,1.3205445070774147e-10,3.2018775186770654e-08,7.776631036904291e-07,2.030563450716727e-07,8.15046803381847e-08,7.392567891173485e-09,1.21551664733488e-07,9.458095640013653e-09,0.0,0.0
2.988750384247396e-05,0.013573297474067658,0.0008822090444855213,1.0424692987399898e-06,0.012966699179271814,1.0425133041280787e-06,9.772548992259544e-07,7.788395350871724e-08,1.2671770299732543e-08,1.2171159369245288e-07,4.147718968283698e-08,7.776593520247843e-07,0.0,-1.1109458242231085e-08,7.781532644912659e-07,3.617920130150054e-10,8.719740485219063e-10,1.320658721271073e-10,3.2018856899185266e-08,7.776593520247843e-07,1.991016773672527e-07,7.752215935852291e-08,1.1800723953570014e-08,1.215795180087298e-07,9.458331895473293e-09,0.0,0.0
2.9890003133914433e-05,0.01357503206236288,-0.00016758694615193193,1.0424816944912624e-06,0.007356498531553339,1.0425259233670658e-06,9.827087978919735e-07,8.332537504429638e-08,7.22929582863685e-09,1.2172588981229637e-07,4.14775378487775e-08,7.776575330353808e-07,0.0,-1.1110351749721303e-08,7.781516160321189e-07,3.6202291164855183e-10,4.237029893605637e-10,1.3208296956168653e-10,3.20190522984376e-08,7.776575330353808e-07,2.045571676489999e-07,8.296334641499925e-08,6.8201182479299405e-09,1.2159381412857329e-07,9.458486438518321e-09,0.0,0.0
2.989250424434431e-05,0.0135767666506581,-0.000337285205607607,1.0424729370380122e-06,0.010135175796704888,1.0425130767544033e-06,9.799917961572646e-07,8.061688561156188e-08,9.932389133382458e-09,1.2171757646228798e-07,4.1477765222452945e-08,7.776573056617053e-07,0.0,-1.1111094266880173e-08,7.780750479469134e-07,2.85665713306571e-10,3.9408920571304407e-10,1.32089505999744e-10,3.201908782557439e-08,7.776573056617053e-07,2.0191670557778707e-07,8.033122611550425e-08,9.519974142335741e-09,1.2158548656771018e-07,9.458676508700137e-09,0.0,0.0
2.989500353578478e-05,0.0135784997837618,0.0008207032617395527,1.0424813153163724e-06,0.01003486229149997,1.0425175105410744e-06,9.800921816349728e-07,8.074621149489758e-08,9.835090075682729e-09,1.216864689013164e-07,4.147813470467554e-08,7.776595225550409e-07,0.0,-1.1112152087378036e-08,7.78176911353512e-07,3.853311558721373e-10,9.526089916889191e-10,1.3208750759829968e-10,3.201929743568144e-08,7.776595225550409e-07,2.0191525607060612e-07,8.036087706386752e-08,8.89811069271218e-09,1.215543790067386e-07,9.458839045350942e-09,0.0,0.0
2.9897502827225253e-05,0.01358023437205702,0.002057009673399654,1.0425312317881153e-06,0.008373191076304532,1.0425726486573694e-06,9.817608770390507e-07,8.240365900746838e-08,8.22047141468829e-09,1.2169326168987027e-07,4.147843313262456e-08,7.77663956341712e-07,0.0,-1.1112889275466387e-08,7.796510317348293e-07,1.8550347924417565e-09,6.508796279725004e-11,1.3208235893902298e-10,3.2019396911664444e-08,7.77663956341712e-07,2.0210980267165723e-07,8.054863087636477e-08,8.143839380636564e-09,1.2156118600614718e-07,9.459035332781696e-09,0.0,0.0
2.9900002118665725e-05,0.01358196750516072,0.0011124190157307534,1.0425861622059247e-06,0.012243181726909847,1.042633243741875e-06,9.780659411262604e-07,7.866032092351816e-08,1.1974639058109915e-08,1.21746566605907e-07,4.147876353499669e-08,7.7765906780769e-07,0.0,-1.1113880482582772e-08,7.780972168802691e-07,3.060530162635189e-10,1.1708332081639128e-09,1.320859255304896e-10,3.20195212566432e-08,7.7765906780769e-07,1.9996875266770076e-07,7.835426885094421e-08,1.0803330674491463e-08,1.216144909221839e-07,9.459239613818227e-09,0.0,0.0
2.99025032290956e-05,0.013583700638264418,-0.0006217670655148666,1.0425946658572977e-06,0.008929651365806967,1.0426391554574366e-06,9.812827101995936e-07,8.186692213030256e-08,8.762512493376562e-09,1.2175864583241491e-07,4.147914367536032e-08,7.776571919748676e-07,0.0,-1.11147473447204e-08,7.782050488458481e-07,4.157600375087611e-10,3.4666328141419456e-10,1.3209955351811686e-10,3.201973441946393e-08,7.776571919748676e-07,2.0307770398630964e-07,8.145116225932725e-08,8.424282604835298e-09,1.216265417269824e-07,9.45940747953955e-09,0.0,0.0
2.9905002520536073e-05,0.013585435226559639,-0.00011141171456063859,1.0425819482239955e-06,0.010234445356779547,1.0426197150081862e-06,9.799949793887208e-07,8.061425660343957e-08,1.0029705066472161e-08,1.217233887018665e-07,4.147940302345887e-08,7.776573625051242e-07,0.0,-1.1115579567899658e-08,7.780291753078927e-07,2.396701725970729e-10,6.441432387482848e-10,1.3211663707490828e-10,3.2019780604741754e-08,7.776573625051242e-07,2.0196586092424695e-07,8.037458343324033e-08,9.377686183142941e-09,1.2159127038557926e-07,9.459621530538698e-09,0.0,0.0
2.9907501811976545e-05,0.013587168359663337,0.0014986134879160645,1.0426059902771446e-06,0.01026079490087122,1.0426435892441077e-06,9.799919098441023e-07,8.062388445750912e-08,1.0055495991423413e-08,1.2170725938176474e-07,4.147978671653618e-08,7.77660716266837e-07,0.0,-1.1116488174423012e-08,7.785278057781397e-07,7.349716391047423e-10,9.8091423872404e-10,1.321283776833937e-10,3.202003640012663e-08,7.77660716266837e-07,2.0146404722254374e-07,7.988891326249359e-08,9.078529927819545e-09,1.215751268546228e-07,9.459751204587974e-09,0.0,0.0
2.991000292240642e-05,0.013588901492767036,0.0018196678738764405,1.0426635005098998e-06,0.009735002294456575,1.042707594933745e-06,9.805644367588684e-07,8.116683858361284e-08,9.545797041710102e-09,1.2173305208307283e-07,4.1480046064634735e-08,7.776645816193195e-07,0.0,-1.1117345266598022e-08,7.797046919222339e-07,1.9079720026127234e-09,1.4070190845760777e-10,1.3213624638908072e-10,3.202011811254124e-08,7.776645816193195e-07,2.0085978746919864e-07,7.925886791326775e-08,9.404091727560626e-09,1.2160091955593089e-07,9.459927063915075e-09,0.0,0.0
2.9912502213846892e-05,0.013590634625870734,0.0008006625155203007,1.0427089143233048e-06,0.01067687433507367,1.042754547597724e-06,9.796958693186752e-07,8.026987075027137e-08,1.046008968330625e-08,1.2176721497780818e-07,4.148037646700686e-08,7.776587835905957e-07,0.0,-1.1118244103158759e-08,7.77923276018555e-07,1.323750414838898e-10,1.2229323109735901e-09,1.3215736838212422e-10,3.202026732651575e-08,7.776587835905957e-07,2.0177255066755606e-07,8.01374895331719e-08,9.236833520276377e-09,1.2163506823981152e-07,9.460109140491113e-09,0.0,0.0
2.9915001505287364e-05,0.01359236630378291,-0.0003422660945915368,1.0427168522728762e-06,0.008990667721084554,1.0427601182527724e-06,9.813373935685377e-07,8.190985312239718e-08,8.8228784278499e-09,1.2177015662473423e-07,4.148070331666531e-08,7.77657419348543e-07,0.0,-1.1119145604254754e-08,7.782310831316863e-07,4.414734133817433e-10,2.770343121571983e-10,1.3218755257060621e-10,3.2020455620340726e-08,7.77657419348543e-07,2.031063530694155e-07,8.146837870981471e-08,8.549344343578014e-09,1.2163796725417342e-07,9.460247696324586e-09,0.0,0.0
2.991750261571724e-05,0.013594099436886609,-0.00022879668287600907,1.042706954994837e-06,0.010833602633739841,1.0427470442664344e-06,9.795343203222728e-07,8.012521135469797e-08,1.061188559248194e-08,1.2175173935702333e-07,4.148091292677236e-08,7.776573625051242e-07,0.0,-1.111995828750878e-08,7.778819508530432e-07,9.242633741690653e-11,6.030099197751326e-10,1.3220984029782556e-10,3.202050180561855e-08,7.776573625051242e-07,2.0165231262581074e-07,8.003278395563029e-08,1.0001668826475907e-08,1.216195357756078e-07,9.46041289751065e-09,0.0,0.0
2.992000190715771e-05,0.013595832569990307,0.0010604111029302032,1.0427213679796462e-06,0.009790739414447996,1.042758185576531e-06,9.805555691855261e-07,8.116194294416346e-08,9.600364059281219e-09,1.2173332208931242e-07,4.148128240899496e-08,7.776603183629049e-07,0.0,-1.1120913967488377e-08,7.783466458022303e-07,5.540825021022044e-10,7.443181071487004e-10,1.3222849204463927e-10,3.202071496843928e-08,7.776603183629049e-07,2.022089518050052e-07,8.060786171881773e-08,8.864010858644633e-09,1.2160109008618747e-07,9.460569216912518e-09,0.0,0.0
2.9922501198598184e-05,0.013597564247902483,0.0019084398888358223,1.042772778916516e-06,0.010109601966839611,1.042814574248041e-06,9.803009106690297e-07,8.089376990483288e-08,9.910452014594284e-09,1.2174305652479234e-07,4.148148846638833e-08,7.776640700285498e-07,0.0,-1.1121720433493465e-08,7.795007945787802e-07,1.704463015173019e-09,7.946131252989375e-11,1.3224722705817982e-10,3.2020782469999176e-08,7.776640700285498e-07,2.008001160902495e-07,7.918930577943684e-08,9.823343916082194e-09,1.2161081031081267e-07,9.46070866092441e-09,0.0,0.0
2.992500230902806e-05,0.013599297381006181,0.0009337731504533431,1.0428220382515776e-06,0.010561656788496498,1.0428693713038228e-06,9.799153986023157e-07,8.046750110679568e-08,1.0349530121800399e-08,1.21788929163813e-07,4.1481790447051026e-08,7.776589541208523e-07,0.0,-1.1122693877041456e-08,7.779488555570424e-07,1.5760823202093377e-10,1.0846462616953545e-09,1.322612297460779e-10,3.202091392040529e-08,7.776589541208523e-07,2.01966557256128e-07,8.030988851714937e-08,9.272145717886815e-09,1.2165666873897862e-07,9.460878303002573e-09,0.0,0.0
2.992750160046853e-05,0.013601029058918357,-0.0006890888385687743,1.042826275395761e-06,0.00825907594949383,1.0428695986774983e-06,9.821523008213262e-07,8.269411466699239e-08,8.111670446453445e-09,1.2180095154690207e-07,4.148214216570523e-08,7.776572488182865e-07,0.0,-1.1123526100220715e-08,7.78181401983602e-07,3.919153612752524e-10,2.764811157796032e-10,1.3228385054020464e-10,3.202109866151659e-08,7.776572488182865e-07,2.039708562051601e-07,8.230220061022919e-08,7.835796012045648e-09,1.2166866270035825e-07,9.461043504188638e-09,0.0,0.0
2.9930000891909003e-05,0.013602760736830533,-0.00028783687148509207,1.0428093581890216e-06,0.01100276083164296,1.0428469749967917e-06,9.794634934223723e-07,8.003794960131927e-08,1.077680256145186e-08,1.2176802499652695e-07,4.1482326906816525e-08,7.776574761919619e-07,0.0,-1.1124365428827332e-08,7.779884185765695e-07,1.9865026290588617e-10,5.498556610028515e-10,1.3231064854846153e-10,3.2021141294080735e-08,7.776574761919619e-07,2.0147501800238388e-07,7.983929606325546e-08,1.0217096502174172e-08,1.2163572193912842e-07,9.46118650091421e-09,0.0,0.0
2.993250200233888e-05,0.013604492414742708,0.0014580513149869412,1.0428296225340647e-06,0.009954960921448442,1.042866870193393e-06,9.80498043645639e-07,8.108742122203694e-08,9.760819708048984e-09,1.2175004826531222e-07,4.148271770532119e-08,7.776605457365804e-07,0.0,-1.1125343313267422e-08,7.783854130138934e-07,5.925412938090346e-10,8.741865564765305e-10,1.3231570006322357e-10,3.202136866775618e-08,7.776605457365804e-07,2.0211261642089084e-07,8.049487831840452e-08,8.897914405281426e-09,1.2161773099705897e-07,9.461349925743434e-09,0.0,0.0
2.993500129377935e-05,0.013606224092654884,0.0017974836222458546,1.042885997913496e-06,0.009161846008641705,1.0429288295199513e-06,9.813289807425463e-07,8.189122269186555e-08,8.99078500538053e-09,1.2177342512131872e-07,4.148294152628296e-08,7.776642974022252e-07,0.0,-1.1126124022098338e-08,7.795446208547219e-07,1.747995748146991e-09,9.04676125679238e-11,1.3232287487952021e-10,3.202145038017079e-08,7.776642974022252e-07,2.0178431725526025e-07,8.014322361304949e-08,8.894265768333298e-09,1.2164109364221076e-07,9.461489369755327e-09,0.0,0.0
2.9937500585219823e-05,0.01360795577056706,0.0007860852652642469,1.0429307370052669e-06,0.011026488381792003,1.0429764643049566e-06,9.795651294552954e-07,8.009984497903133e-08,1.0801163519147394e-08,1.2180619535229198e-07,4.148322574337726e-08,7.7765906780769e-07,0.0,-1.1127027299551173e-08,7.779348720760026e-07,1.434878188488753e-10,1.1423743062621838e-09,1.3234922879856725e-10,3.202157827786323e-08,7.7765906780769e-07,2.0163020053587388e-07,7.995635797897194e-08,9.656611510422408e-09,1.216738496623293e-07,9.461647465514034e-09,0.0,0.0
2.99400016956497e-05,0.013609687448479235,-0.0002267527167640615,1.042940422843465e-06,0.009727185649554024,1.0429831718283822e-06,9.808310323933256e-07,8.135715034995883e-08,9.540725542933615e-09,1.218162992699945e-07,4.148358456745882e-08,7.776575898787996e-07,0.0,-1.1127886168083023e-08,7.782544457768381e-07,4.645007711800986e-10,3.6658992508264987e-10,1.3236306495301164e-10,3.20217843352566e-08,7.776575898787996e-07,2.0257658661648748e-07,8.089264724731038e-08,9.18022546869679e-09,1.216839393691771e-07,9.461799344023802e-09,0.0,0.0
2.994250098709017e-05,0.01361141912639141,-0.00030078451710982557,1.0429312875977074e-06,0.01050284869587227,1.042971007336746e-06,9.800650104807573e-07,8.060893463834873e-08,1.0293474517197865e-08,1.2179862096672878e-07,4.1483776413997475e-08,7.77657419348543e-07,0.0,-1.1128714838548603e-08,7.779551083331171e-07,1.653183978600481e-10,6.374926697638728e-10,1.3236302331964822e-10,3.2021826967820743e-08,7.77657419348543e-07,2.0210988793678553e-07,8.044361976544678e-08,9.647474819018953e-09,1.2166626106591139e-07,9.461949446176732e-09,0.0,0.0
2.9945000278530642e-05,0.013613149349112064,0.0010399457353000852,1.0429440767330469e-06,0.010698412013338201,1.042981239152141e-06,9.7988424840878e-07,8.045029176173557e-08,1.0483205414857366e-08,1.2177375197097717e-07,4.1484195634211574e-08,7.776601478326484e-07,0.0,-1.1129601240611464e-08,7.782808779666084e-07,4.883378701414642e-10,9.669229861231088e-10,1.3236775564529069e-10,3.202207565777826e-08,7.776601478326484e-07,2.0160334202046215e-07,7.996194995030237e-08,9.523396293786845e-09,1.2164139207015978e-07,9.462120864611734e-09,0.0,0.0
2.9947501388960518e-05,0.01361488102702424,0.002096691540554474,1.042998393187938e-06,0.00930240760945437,1.0430386510051903e-06,9.812953294385807e-07,8.184453292869875e-08,9.128409139691485e-09,1.21786385420819e-07,4.148446564045116e-08,7.776644679324818e-07,0.0,-1.1130421029292847e-08,7.79667061578948e-07,1.870266164161194e-09,1.395555893068945e-10,1.323730985935967e-10,3.202216447562023e-08,7.776644679324818e-07,2.0162828207048733e-07,7.997427076134045e-08,8.988867428172398e-09,1.2165401130914688e-07,9.462302053009353e-09,0.0,0.0
2.995000068040099e-05,0.013616611249744892,0.0010860517301782835,1.0430534617351482e-06,0.010435331055358557,1.0431015198264504e-06,9.80256231741805e-07,8.076415980440288e-08,1.0229298297304013e-08,1.2183286912659241e-07,4.148477472654122e-08,7.776592383379466e-07,0.0,-1.1131219501692158e-08,7.77998025114357e-07,2.0645719855938438e-10,1.2388889913950152e-09,1.3237674845179015e-10,3.202231368959474e-08,7.776592383379466e-07,2.022582066274481e-07,8.055770450710042e-08,8.985368893377199e-09,1.217004950149203e-07,9.462461036946479e-09,0.0,0.0
2.9952499971841462e-05,0.013618342927657068,-0.0007164686098803941,1.0430598617244095e-06,0.009948798532468658,1.0431048167447443e-06,9.80730419541942e-07,8.122225381157477e-08,9.757089358686244e-09,1.2185111586404673e-07,4.1485165525045886e-08,7.776570782880299e-07,0.0,-1.113207037661823e-08,7.781041517773701e-07,3.146443661172782e-10,3.2480637623955033e-10,1.3238718454822163e-10,3.202252685241547e-08,7.776570782880299e-07,2.026263388188454e-07,8.090760417189813e-08,9.441482262673162e-09,1.217187275415199e-07,9.462637784452e-09,0.0,0.0
2.9955001082271338e-05,0.01362007315037772,-0.00046731644406783346,1.0430393796064424e-06,0.008802812977101447,1.0430758266011253e-06,9.818148782869685e-07,8.234594872646994e-08,8.642732751695803e-09,1.2181175179648562e-07,4.1485375135152935e-08,7.776571919748676e-07,0.0,-1.1132855526341245e-08,7.778319286444457e-07,4.2325587479297155e-11,6.517227313374008e-10,1.3240941676428974e-10,3.202257303769329e-08,7.776571919748676e-07,2.0398296385337744e-07,8.230362169570071e-08,7.983369521014083e-09,1.2167933505224937e-07,9.462801209281224e-09,0.0,0.0
2.995750037371181e-05,0.013621803373098373,0.0015510907788827688,1.043058131316224e-06,0.011632920477131175,1.043095949171402e-06,9.790868489290006e-07,7.963804904420613e-08,1.1389639453796008e-08,1.217882612536414e-07,4.148577659179864e-08,7.776605457365804e-07,0.0,-1.1133660215989494e-08,7.784064450788719e-07,6.134619479070125e-10,8.378220894833532e-10,1.324301363014868e-10,3.202281462222345e-08,7.776605457365804e-07,2.0068041806098336e-07,7.902458776243293e-08,1.0550794904418126e-08,1.2165583029855043e-07,9.46296108139677e-09,0.0,0.0
2.995999966515228e-05,0.013623533595819026,0.0019171734173752952,1.04311814001136e-06,0.008425415107994686,1.0431623422846314e-06,9.822657602853724e-07,8.277820029434224e-08,8.275996776774264e-09,1.2182424313778029e-07,4.1486025281756156e-08,7.776633310641046e-07,0.0,-1.1134571487048106e-08,7.793467489136674e-07,1.5509886708287013e-09,1.7194314028134983e-10,1.3245206320622316e-10,3.2022885676497026e-08,7.776633310641046e-07,2.0291899716085027e-07,8.122721339987038e-08,8.116606053931719e-09,1.216917837609799e-07,9.46313694072387e-09,0.0,0.0
2.9962500775582157e-05,0.013625263818539679,0.00042083825812522235,1.043158592820581e-06,0.009768897724050232,1.0432050885356148e-06,9.810001984078554e-07,8.148619912162758e-08,9.583290605519323e-09,1.218555638615726e-07,4.14863023934231e-08,7.776584993735014e-07,0.0,-1.1135267818929151e-08,7.777682071719028e-07,-2.273485219528304e-11,1.0133620609309446e-09,1.3246695407254094e-10,3.20230242323305e-08,7.776584993735014e-07,2.0323203386851674e-07,8.15089364891719e-08,8.55219628448367e-09,1.2172309027391748e-07,9.463275496557344e-09,0.0,0.0
2.996500006702263e-05,0.013626994041260332,-0.0002924462907469838,1.0431608142875719e-06,0.011183626022267946,1.043203383233049e-06,9.796247013582615e-07,8.011642904648397e-08,1.095575630216672e-08,1.218510874423373e-07,4.148666121750466e-08,7.776572488182865e-07,0.0,-1.113622083437349e-08,7.780452619954303e-07,2.555517464308821e-10,2.4904828199723283e-10,1.324728937657227e-10,3.202319831530076e-08,7.776572488182865e-07,2.0157948199539533e-07,7.98608752461405e-08,1.0721160847992905e-08,1.217186138546822e-07,9.46346467856074e-09,0.0,0.0
2.9967506634420715e-05,0.013628728629555553,2.703168107487386e-05,1.0431562104368187e-06,0.00740835419969761,1.0431957662149216e-06,9.832873502091388e-07,8.379131344327106e-08,7.284540970431408e-09,1.2183861031189736e-07,4.148684240590228e-08,7.77657419348543e-07,0.0,-1.1137003319561245e-08,7.778694453008939e-07,7.952011271683546e-11,4.900886918512981e-10,1.3247705710206503e-10,3.202323739515123e-08,7.77657419348543e-07,2.054179333299544e-07,8.371179660571215e-08,6.791427864527577e-09,1.2170613672424224e-07,9.463606787107892e-09,0.0,0.0
2.9970005925861187e-05,0.013630457397084683,0.0008329512218241408,1.0431710775420001e-06,0.011356999395852099,1.0432108865643386e-06,9.794621291803196e-07,7.997421391792159e-08,1.11237508093609e-08,1.2182822217710054e-07,4.148719767727016e-08,7.776596930852975e-07,0.0,-1.1137794686533198e-08,7.780768669363169e-07,2.8468674639903213e-10,6.131284924215663e-10,1.324853560191741e-10,3.202342924168988e-08,7.776596930852975e-07,2.0138526224400266e-07,7.968952786541195e-08,1.0502526848199523e-08,1.2169573437859071e-07,9.463768435580278e-09,0.0,0.0
2.997250521730166e-05,0.013632187619805336,0.0016676114797489205,1.043214342846007e-06,0.008528823325588327,1.0432551107442123e-06,9.822514357438195e-07,8.275133467350315e-08,8.37744895676451e-09,1.2183804187770875e-07,4.148741439280457e-08,7.776620805088896e-07,0.0,-1.1138760136475412e-08,7.789121241330577e-07,1.1175449454725594e-09,1.0979554765366828e-10,1.3249340513610264e-10,3.202348608510874e-08,7.776620805088896e-07,2.0333934003247123e-07,8.163379305869967e-08,8.283127961306036e-09,1.2170555407919892e-07,9.463927419517404e-09,0.0,0.0
2.9975006327731535e-05,0.013633916387334466,0.0010497963801923693,1.0432613205107237e-06,0.00977927219489483,1.043307065629051e-06,9.81085690909822e-07,8.155552677635569e-08,9.594304017923605e-09,1.2187106790406688e-07,4.1487655977334725e-08,7.7765906780769e-07,0.0,-1.1139458244713296e-08,7.779217412462458e-07,1.3012006749857363e-10,6.819417808223704e-10,1.325061033119468e-10,3.202358556109175e-08,7.7765906780769e-07,2.0316396387443092e-07,8.142540508515594e-08,8.893027647616236e-09,1.2173855168384762e-07,9.464068639886136e-09,0.0,0.0
2.9977505619172007e-05,0.013635646610055119,-0.00039203630498414743,1.0432727012249923e-06,0.01141223141874737,1.0433184343128232e-06,9.795115829547285e-07,7.996666795406782e-08,1.1178412862022924e-08,1.2188770881493838e-07,4.1487950852570066e-08,7.776571919748676e-07,0.0,-1.1140437017331806e-08,7.777592827551416e-07,-3.0439709780560875e-11,2.0120151378311135e-10,1.3252687836029509e-10,3.202370635335683e-08,7.776571919748676e-07,2.017523001995869e-07,7.999710760486778e-08,1.0989496423974288e-08,1.2175519259471912e-07,9.464241834677978e-09,0.0,0.0
2.998000491061248e-05,0.013637375377584249,-0.00031467181462030425,1.0432604838844948e-06,0.008262327145637058,1.0432983117425465e-06,9.825507731875405e-07,8.303008058874184e-08,8.118155925274095e-09,1.218634366750848e-07,4.148809296111722e-08,7.776572488182865e-07,0.0,-1.1141258582370028e-08,7.776613983878633e-07,-1.284142375768127e-10,2.650227537426275e-10,1.3253570463334086e-10,3.202373122235258e-08,7.776572488182865e-07,2.0488938901053189e-07,8.315849697737576e-08,7.851319594465167e-09,1.2173089203315612e-07,9.464360850586218e-09,0.0,0.0
2.9982506021042354e-05,0.013639104145113379,0.0011291034037934633,1.0432745635133555e-06,0.011778496058257764,1.0433127499709371e-06,9.791493766897474e-07,7.964481341105056e-08,1.1532907073785736e-08,1.2184504782908334e-07,4.1488370072784164e-08,7.776595225550409e-07,0.0,-1.114208103558667e-08,7.780044484206883e-07,2.124354997468103e-10,4.4387030162518215e-10,1.325386328465683e-10,3.202385201461766e-08,7.776595225550409e-07,2.0114488563649502e-07,7.943237534391301e-08,1.1080317996459144e-08,1.2171251739800937e-07,9.464518946344924e-09,0.0,0.0
2.9985005312482826e-05,0.013640832912642509,0.0015657483485052165,1.0433211512354074e-06,0.009183838080276762,1.0433648185426136e-06,9.817172212933656e-07,8.218438551921281e-08,9.0159320009775e-09,1.218715652839819e-07,4.148855481389546e-08,7.776613415444444e-07,0.0,-1.1143069578167797e-08,7.786438231960346e-07,8.499820292051652e-10,8.421577324391194e-11,1.3254934649875594e-10,3.202390175260916e-08,7.776613415444444e-07,2.0307341230818565e-07,8.133439877155979e-08,8.948004115438835e-09,1.2173902064205322e-07,9.464655725821558e-09,0.0,0.0
2.99875046039233e-05,0.013642561680171639,0.0005684671571649647,1.043358046860071e-06,0.009348161377266904,1.0434019941385486e-06,9.815934163270867e-07,8.204025192526387e-08,9.176093662688345e-09,1.218941889646885e-07,4.14887324495794e-08,7.776589541208523e-07,0.0,-1.1143811207148246e-08,7.778486406095908e-07,5.713098050197374e-11,4.362263050783355e-10,1.3257150932588502e-10,3.2023955043314345e-08,7.776589541208523e-07,2.037447330849318e-07,8.19831171838814e-08,8.72460503842376e-09,1.217616159010504e-07,9.464776518086637e-09,0.0,0.0
2.9990005714353174e-05,0.013644290447700769,3.206012310819073e-05,1.043368428580696e-06,0.011180432058220082,1.0434107480250532e-06,9.79822175395384e-07,8.027315345771058e-08,1.095483526114549e-08,1.218915741674209e-07,4.148894561240013e-08,7.77657419348543e-07,0.0,-1.1144782874339398e-08,7.776669121994928e-07,-1.2312603714370596e-10,2.007343458121369e-10,1.3259086883987692e-10,3.2024047413869994e-08,7.77657419348543e-07,2.0215526319589117e-07,8.039628340839045e-08,1.0763872460017865e-08,1.2175898689292808e-07,9.464900863065395e-09,0.0,0.0
2.9992505005793646e-05,0.013646019215229899,0.00020790269386594673,1.043372576979958e-06,0.007460265510390624,1.0434130217618076e-06,9.834415095610893e-07,8.389485373072603e-08,7.336734775265086e-09,1.2188920095468347e-07,4.14890841682336e-08,7.776575330353808e-07,0.0,-1.1145653289190705e-08,7.777174459988601e-07,-7.267763474372302e-11,1.3687426192454666e-10,1.3259930653486407e-10,3.202406162472471e-08,7.776575330353808e-07,2.0572413461650285e-07,8.396752804173957e-08,7.202672236417129e-09,1.2175659946933592e-07,9.465020767152055e-09,0.0,0.0
2.9995004297234118e-05,0.013647746527567506,0.0005645123455195744,1.0433859190002307e-06,0.011099719886439971,1.043425527313957e-06,9.799130111787235e-07,8.037299892293959e-08,1.087675993716175e-08,1.2188125708689768e-07,4.148929377834065e-08,7.776587267471768e-07,0.0,-1.1146473966050507e-08,7.777643418194202e-07,-2.6951253728757507e-11,2.7168584049164224e-10,1.3260068043585704e-10,3.2024136231711964e-08,7.776587267471768e-07,2.0214861251588445e-07,8.039994980890697e-08,1.0588973253788936e-08,1.2174865560155013e-07,9.46515488209343e-09,0.0,0.0
2.9997505407663994e-05,0.013649475295096636,0.0012600514137908192,1.04341746146605e-06,0.010735377779380766,1.0434579280627077e-06,9.802970453165472e-07,8.075492985426536e-08,1.052385911748388e-08,1.218820244730523e-07,4.1489432334174126e-08,7.776600909892295e-07,0.0,-1.1147529122013111e-08,7.782264219713397e-07,4.336775660807035e-10,5.042402259625156e-11,1.3260605113973867e-10,3.202416820613507e-08,7.776600909892295e-07,2.0207068018862628e-07,8.032125720092154e-08,1.0489039858896376e-08,1.2174942298770475e-07,9.465264128039053e-09,0.0,0.0
3.0000004699104466e-05,0.013651202607434243,0.0010877077954756231,1.043458014600529e-06,0.008645982886507123,1.043501470121555e-06,9.82370011115563e-07,8.28025576993241e-08,8.49355430432297e-09,1.2190862719307916e-07,4.148961707528542e-08,7.776588404340146e-07,0.0,-1.1148293843632473e-08,7.778822919135564e-07,9.084977908857539e-11,2.9089183839481336e-10,1.3262076159481495e-10,3.202421083869922e-08,7.776588404340146e-07,2.044877192020067e-07,8.271170770512981e-08,8.194835920960486e-09,1.217760114968769e-07,9.465406236586205e-09,0.0,0.0
3.0002503990544938e-05,0.013652931374963373,-4.44989665991935e-05,1.0434760492560236e-06,0.011794075436066219,1.0435204558234545e-06,9.793311619432643e-07,7.974527704845968e-08,1.1550305600849242e-08,1.219284797571163e-07,4.148978405282833e-08,7.77657419348543e-07,0.0,-1.1149207779226344e-08,7.776155257488426e-07,-1.7451129430412493e-10,1.2676749927553743e-10,1.3263298792587364e-10,3.202427478754544e-08,7.77657419348543e-07,2.0171563619442168e-07,7.991978634436236e-08,1.1421158241375906e-08,1.217958498500593e-07,9.465511929818149e-09,0.0,0.0
3.0005005100974813e-05,0.01365465868730098,1.2376426456406353e-05,1.0434754943994246e-06,0.008792630742934921,1.0435143167342176e-06,9.822377933232929e-07,8.266835749282109e-08,8.636454218446943e-09,1.2191199516564666e-07,4.148991905594812e-08,7.77657419348543e-07,0.0,-1.1150221190803222e-08,7.775509516250168e-07,-2.3912061219988345e-10,1.7872094082438394e-10,1.3264174480998037e-10,3.202429255111383e-08,7.77657419348543e-07,2.046868274874214e-07,8.290747643968643e-08,8.470485646228099e-09,1.2177935104773496e-07,9.46562916936955e-09,0.0,0.0
3.0007504392415285e-05,0.013656385999638587,0.0011983769659423063,1.0434964078921496e-06,0.009838648772423634,1.0435343256176566e-06,9.81239281827584e-07,8.168688481191566e-08,9.654068655606807e-09,1.218928815660547e-07,4.14901073497731e-08,7.77659465711622e-07,0.0,-1.1150930845360563e-08,7.780315627314849e-07,2.3937932192019673e-10,2.840562229877719e-10,1.32669861208079e-10,3.2024374263528443e-08,7.77659465711622e-07,2.032077048852443e-07,8.144750296423808e-08,9.35423294379234e-09,1.2176020902643359e-07,9.465733086244654e-09,0.0,0.0
3.0010003683855757e-05,0.013658113311976194,0.0014114270349792069,1.0435414873586448e-06,0.010790619151075332,1.0435857120683067e-06,9.803648026718292e-07,8.078865931793189e-08,1.057874321475083e-08,1.2191537734906888e-07,4.1490263669174965e-08,7.77660716266837e-07,0.0,-1.1151993994928944e-08,7.784294666635105e-07,6.360290072393582e-10,7.349717362492569e-11,1.3269930987380718e-10,3.2024402685237874e-08,7.77660716266837e-07,2.0193530758660927e-07,8.015263119887095e-08,1.0518473203546819e-08,1.2178267638773832e-07,9.465860983937091e-09,0.0,0.0
3.001250297529623e-05,0.013659840624313802,0.00042166832346474115,1.0435731506409313e-06,0.008526858553965561,1.0436173170091934e-06,9.825956794884405e-07,8.299349474327755e-08,8.378454374735611e-09,1.2194411169730301e-07,4.1490466173854657e-08,7.776580446261505e-07,0.0,-1.1152765821975663e-08,7.776453685437446e-07,-1.4542229920255778e-10,4.380324158947957e-10,1.3271476972942509e-10,3.202446663408409e-08,7.776580446261505e-07,2.0495031094469596e-07,8.313891441957821e-08,7.932364987084384e-09,1.2181139652511774e-07,9.466001316127404e-09,0.0,0.0
3.0015004085726105e-05,0.013661567936651409,-2.8055676184246536e-05,1.04357994956075e-06,0.011756464370292534,1.0436211823616759e-06,9.794617881198064e-07,7.986284344951855e-08,1.151500761409352e-08,1.2194159637601842e-07,4.149064025682492e-08,7.776573625051242e-07,0.0,-1.1153701962030027e-08,7.777529162922292e-07,-3.712522650411998e-11,1.0258002780538789e-10,1.3272105636730203e-10,3.2024544793785026e-08,7.776573625051242e-07,2.017088434058678e-07,7.989996930746202e-08,1.141152061734374e-08,1.2180886699297844e-07,9.466096351218312e-09,0.0,0.0
3.0017503377166577e-05,0.013663295248989016,0.0005049237506028481,1.0435881865618335e-06,0.009216664465908764,1.0436287993798032e-06,9.819332262850367e-07,8.234386683625416e-08,9.050149074596447e-09,1.2193164877771778e-07,4.149080368165414e-08,7.776577035656373e-07,0.0,-1.1154646095690168e-08,7.777325095048582e-07,-5.791411100686261e-11,3.15215492596721e-10,1.3272534460373464e-10,3.2024573215494456e-08,7.776577035656373e-07,2.0420071678017848e-07,8.240178317464597e-08,8.741610990625759e-09,1.217989336055325e-07,9.466231354338106e-09,0.0,0.0
3.002000266860705e-05,0.0136650211061351,0.0009624445006146572,1.0436135112416566e-06,0.01066561165724947,1.043653810484102e-06,9.805492027226137e-07,8.096274228819311e-08,1.0458157007064983e-08,1.2192694498480705e-07,4.149102039718855e-08,7.776595793984598e-07,0.0,-1.1155399270990074e-08,7.780918735988962e-07,2.9954480562643937e-10,2.9875718565719467e-10,1.3273099286337242e-10,3.20246833496185e-08,7.776595793984598e-07,2.0245740017799108e-07,8.066319878707873e-08,1.0149917351043314e-08,1.2179421560176706e-07,9.46633704757005e-09,0.0,0.0
3.0022503779036924e-05,0.013666748418472707,0.0011704240729240034,1.0436503525436723e-06,0.010418389609200412,1.043692577695765e-06,9.80826371232979e-07,8.123226535872163e-08,1.0218631274483414e-08,1.2193349618883076e-07,4.1491176716590417e-08,7.776606025799992e-07,0.0,-1.1156436663384284e-08,7.783844466757728e-07,5.910832379107944e-10,1.4475520782042395e-10,1.3274913113203723e-10,3.202470821861425e-08,7.776606025799992e-07,2.0244192455720622e-07,8.064117906769752e-08,1.008301886429308e-08,1.2180075259493606e-07,9.466467609797746e-09,0.0,0.0
3.0025003070477396e-05,0.013668475730810314,0.0007923986261003935,1.043684256622318e-06,0.009281831547353661,1.043728957483836e-06,9.819658544074628e-07,8.234680848318021e-08,9.11444164586328e-09,1.2196089471672167e-07,4.1491393432124823e-08,7.776581014695694e-07,0.0,-1.1157253787530408e-08,7.777557584631722e-07,-3.512495155844064e-11,4.90668838892816e-10,1.3278186883347587e-10,3.202480414188358e-08,7.776581014695694e-07,2.0421005331172637e-07,8.238193771603619e-08,8.621392488805668e-09,1.2182812270111754e-07,9.466588402062825e-09,0.0,0.0
3.0027502361917868e-05,0.013670201587956399,-0.00019417140173114134,1.0436945811696196e-06,0.010150384993822788,1.043737938744016e-06,9.811294603423448e-07,8.149732622086958e-08,9.958841751256386e-09,1.2197489240861614e-07,4.149155330424037e-08,7.776572488182865e-07,0.0,-1.1158121537846455e-08,7.777398991493101e-07,-5.01764463312071e-11,7.781218724911554e-11,1.3281001298715012e-10,3.202486453801612e-08,7.776572488182865e-07,2.0338958961474418e-07,8.154750474886896e-08,9.878584172895444e-09,1.2184209197130258e-07,9.466686989867412e-09,0.0,0.0
3.0030003472347744e-05,0.013671927445102483,0.00015150952196923972,1.043693844886519e-06,0.01015530815556602,1.0437327091494808e-06,9.811183190322481e-07,8.151548058776825e-08,9.963558866843414e-09,1.2194519172226137e-07,4.1491716729069594e-08,7.776576467222185e-07,0.0,-1.1159074553290793e-08,7.775705626045237e-07,-2.1991690413170062e-10,4.533530217898374e-10,1.3283354971527217e-10,3.20249178287213e-08,7.776576467222185e-07,2.035477706385791e-07,8.173540066991336e-08,9.512635124053759e-09,1.2181236286323838e-07,9.466798900348294e-09,0.0,0.0
3.0032502763788216e-05,0.013673653302248567,0.0016351485620361705,1.043724680052738e-06,0.010076906762060746,1.0437631772219902e-06,9.812235930439783e-07,8.163404885408454e-08,9.887698659838406e-09,1.2192887766104832e-07,4.149194410274504e-08,7.776606594234181e-07,0.0,-1.1159917434611089e-08,7.785210414112953e-07,7.27502724728879e-10,1.8583865002419486e-10,1.3285211819535903e-10,3.202502796284534e-08,7.776606594234181e-07,2.0270256584353774e-07,8.090654546322185e-08,9.700548808666554e-09,1.217960203803159e-07,9.466916139899695e-09,0.0,0.0
3.0035002055228688e-05,0.013675379159394652,0.0014788524820907867,1.0437784232622872e-06,0.009544554090507338,1.043824113367009e-06,9.8180032637174e-07,8.217500635510078e-08,9.37084632113283e-09,1.219650300754438e-07,4.1492096869433226e-08,7.776602615194861e-07,0.0,-1.1160885549088562e-08,7.783602313793381e-07,5.670749425590316e-10,3.398048231684214e-10,1.328836624070462e-10,3.202505638455477e-08,7.776602615194861e-07,2.034400807815473e-07,8.1607929303118e-08,9.034160086685006e-09,1.2183214437300194e-07,9.467041373056873e-09,0.0,0.0
3.0037503165658563e-05,0.013677105016540736,-2.9307155566926646e-05,1.0438034403438908e-06,0.010212918366354967,1.0438493518449832e-06,9.81174707703758e-07,8.15220744243561e-08,1.0020657192910676e-08,1.2199539867197018e-07,4.1492338453963384e-08,7.776572488182865e-07,0.0,-1.1161670698811577e-08,7.775709605084558e-07,-2.1924820292618108e-10,4.811131493198673e-10,1.3290812894695136e-10,3.202518783496089e-08,7.776572488182865e-07,2.0360380403872114e-07,8.174131949090224e-08,9.53451806395833e-09,1.218624845478189e-07,9.467148842645656e-09,0.0,0.0
3.0040002457099035e-05,0.01367883087368682,-0.00019226223504342776,1.0437996163727294e-06,0.00952067483353722,1.0438383242217242e-06,9.818353419177583e-07,8.220334279940289e-08,9.347735030473814e-09,1.2197479293263314e-07,4.149250543150629e-08,7.776572488182865e-07,0.0,-1.1162656576857444e-08,7.778116355439124e-07,2.146428347560292e-11,9.344749279938114e-11,1.329209936562492e-10,3.2025230467525034e-08,7.776572488182865e-07,2.0402374900641007e-07,8.218188440878293e-08,9.26250631749781e-09,1.2184186459762714e-07,9.467274963981254e-09,0.0,0.0
3.0042501748539507e-05,0.013680556730832905,0.0010184360964178296,1.043813874953355e-06,0.008900617272968175,1.043852648763277e-06,9.824520930123981e-07,8.284330021979258e-08,8.744430068929887e-09,1.219501655214117e-07,4.1492718594327016e-08,7.776586130603391e-07,0.0,-1.1163476365538827e-08,7.778641588629398e-07,7.260943235554151e-11,6.684616749019767e-10,1.3293546818893276e-10,3.202534060164908e-08,7.776586130603391e-07,2.045879199386036e-07,8.277068985762526e-08,8.070228929568657e-09,1.218172371864057e-07,9.467379769034778e-09,0.0,0.0
3.0045002858969383e-05,0.013682282587978989,0.0014984015609158519,1.0438573119759195e-06,0.010553762637337673,1.0438998288009316e-06,9.80890490609454e-07,8.126388451046296e-08,1.0352085411113876e-08,1.2196490217775136e-07,4.149294596800246e-08,7.776616826049576e-07,0.0,-1.1164345004033294e-08,7.787916160850727e-07,9.969677305932123e-10,8.343261498344745e-11,1.3295248235678514e-10,3.202544718305944e-08,7.776616826049576e-07,2.0209886031352653e-07,8.02669148924906e-08,1.0268339067920351e-08,1.2183194542103593e-07,9.467499673121438e-09,0.0,0.0
3.0047502150409855e-05,0.01368400698993355,0.0008118321527804118,1.0438971496912335e-06,0.008622342362635056,1.0439407560625114e-06,9.8280827387498e-07,8.315623034604869e-08,8.474109414180475e-09,1.2199267018786486e-07,4.149311649825904e-08,7.776593520247843e-07,0.0,-1.116530512490499e-08,7.779701149956963e-07,1.7776849436934583e-10,6.355667103719043e-10,1.3296833079046166e-10,3.20255040264783e-08,7.776593520247843e-07,2.0483815887928358e-07,8.297845965898887e-08,7.845776472947819e-09,1.2185971343114943e-07,9.46761335995916e-09,0.0,0.0
3.0050001441850327e-05,0.013685732847079635,0.00013160562575986745,1.0439134320795532e-06,0.009878993718270973,1.0439568995934678e-06,9.8160023753735e-07,8.193546108259397e-08,9.697222580484777e-09,1.2200726473565737e-07,4.149338295178495e-08,7.776575330353808e-07,0.0,-1.116607428741645e-08,7.778080544085242e-07,1.7571248275838336e-11,3.395019820828793e-10,1.3297003775836203e-10,3.202566034588017e-08,7.776575330353808e-07,2.0379218312882585e-07,8.191788936073863e-08,9.34694810439396e-09,1.2187429376808723e-07,9.467720829547943e-09,0.0,0.0
3.0052502552280203e-05,0.013687457249034196,3.6363221085355946e-05,1.0439163285376313e-06,0.00978508605088618,1.043956444846117e-06,9.816899364523124e-07,8.203273438311953e-08,9.605920503474863e-09,1.219998040369319e-07,4.149353571847314e-08,7.776573625051242e-07,0.0,-1.116713921334167e-08,7.777895802973944e-07,-7.528691212121963e-13,2.5535742964599706e-10,1.3297291046043824e-10,3.20256887675896e-08,7.776573625051242e-07,2.0390031352235383e-07,8.203348045299208e-08,9.360648256517834e-09,1.2186681885850703e-07,9.46784695088354e-09,0.0,0.0
3.0055001843720675e-05,0.013689181650988758,0.0007287708006784577,1.0439295225236576e-06,0.009040724150572523,1.0439679272167268e-06,9.824244671108318e-07,8.279105401243214e-08,8.881828605922237e-09,1.2197452292639355e-07,4.1493791513858014e-08,7.776588972774334e-07,0.0,-1.1167895941355255e-08,7.778188546581077e-07,2.70124235479674e-11,5.403656411218094e-10,1.329870380484266e-10,3.2025820217995715e-08,7.776588972774334e-07,2.046055840310146e-07,8.27640462830459e-08,8.333147505368288e-09,1.2184153774796869e-07,9.46796951950546e-09,0.0,0.0
3.0057501135161147e-05,0.013690907508134842,0.001488926343337916,1.0439677968082962e-06,0.010869182079762918,1.044009081851982e-06,9.806869911699323e-07,8.104411364229236e-08,1.0659265470280843e-08,1.2198181309486245e-07,4.1493997571251384e-08,7.776610573273501e-07,0.0,-1.1168873825795345e-08,7.785737921039981e-07,7.797147372201607e-10,5.2018108570583976e-11,1.3301093559903165e-10,3.202586995598722e-08,7.776610573273501e-07,2.0211321327678888e-07,8.026439957120601e-08,1.0609816136764039e-08,1.2184879949472815e-07,9.468126727085746e-09,0.0,0.0
3.0060002245591022e-05,0.013692631910089403,0.0008341217775521964,1.0440078554954983e-06,0.00884518777892541,1.044052396537154e-06,9.826962923398241e-07,8.30157418363342e-08,8.692133235399524e-09,1.2202218613310833e-07,4.149418231236268e-08,7.776583288432448e-07,0.0,-1.1169822400347584e-08,7.777486530358146e-07,-4.273708817392752e-11,5.829244309474291e-10,1.3304131407654296e-10,3.202594456297447e-08,7.776583288432448e-07,2.0494762509315478e-07,8.305847387646281e-08,8.112775340407552e-09,1.2188914411126461e-07,9.46823597303137e-09,0.0,0.0
3.0062501537031494e-05,0.013694356312043965,-0.0002290845579129286,1.0440182887691395e-06,0.010500892185156194,1.0440614914841717e-06,9.810941037358134e-07,8.140481355667362e-08,1.0302363406822224e-08,1.220321621531184e-07,4.149439902789709e-08,7.776571351314487e-07,0.0,-1.1170642189028968e-08,7.776961865602061e-07,-9.403432199572848e-11,6.140522812447813e-11,1.3308550095292304e-10,3.2026029828102764e-08,7.776571351314487e-07,2.03397931386462e-07,8.149884678232411e-08,1.0232628966377888e-08,1.2189907749871054e-07,9.468371864329583e-09,0.0,0.0
3.0065000828471966e-05,0.013696080713998526,0.00023174017994920248,1.0440183345627379e-06,0.009796347312356143,1.0440563755764742e-06,9.817723594096606e-07,8.21108017134975e-08,9.617783014448378e-09,1.220041099259106e-07,4.149457311086735e-08,7.77657419348543e-07,0.0,-1.1171676028709498e-08,7.775494168527075e-07,-2.4109397811500344e-10,4.137102327383957e-10,1.3311940438853753e-10,3.202606535523955e-08,7.77657419348543e-07,2.042228857135342e-07,8.235189596916825e-08,9.214211615926615e-09,1.2187098263893859e-07,9.468506867449378e-09,0.0,0.0
3.006750193890184e-05,0.013697803660761565,0.0013352501576960885,1.0440453329720374e-06,0.009138987087724966,1.0440844562253915e-06,9.82438677965547e-07,8.278622232182897e-08,8.97849439240872e-09,1.2199217280794983e-07,4.149480758997015e-08,7.776602615194861e-07,0.0,-1.1172536673598188e-08,7.782943498568784e-07,5.009969106239964e-10,1.5065815262005344e-10,1.3312916047336643e-10,3.202616483122256e-08,7.776602615194861e-07,2.041442712652497e-07,8.228522574427188e-08,8.821204211528766e-09,1.2185904552097782e-07,9.468643646926012e-09,0.0,0.0
3.0070001230342314e-05,0.013699528062716126,0.0012279597011811694,1.0440895330129434e-06,0.010441601886870277,1.0441343647471513e-06,9.812204098125221e-07,8.153544683864311e-08,1.0245512882534058e-08,1.2202526988858153e-07,4.1494999436508806e-08,7.776596362418786e-07,0.0,-1.1173500347183563e-08,7.78116032051912e-07,3.232375200834525e-10,3.026928707683396e-10,1.3314001290343214e-10,3.202618259479095e-08,7.776596362418786e-07,2.0310433512804593e-07,8.121221384271848e-08,9.943799561540345e-09,1.218921283907548e-07,9.468815953539433e-09,0.0,0.0
3.0072500521782786e-05,0.013701252464670688,8.798532599518794e-05,1.044112225194713e-06,0.009171230751744513,1.0441564199936693e-06,9.82476194621995e-07,8.276411733731948e-08,9.010515888974169e-09,1.2205471477955143e-07,4.149522681018425e-08,7.776573625051242e-07,0.0,-1.1174448033557383e-08,7.775830113132542e-07,-2.074749955172095e-10,3.8063843743607606e-10,1.3315498703647677e-10,3.2026292728914996e-08,7.776573625051242e-07,2.0489315488703141e-07,8.297159581616143e-08,8.63391580452344e-09,1.2192155907087e-07,9.468937633982932e-09,0.0,0.0
3.007500163221266e-05,0.013702975411433727,-0.00013937611986136744,1.0441113397586936e-06,0.010468884873070863,1.0441513040859718e-06,9.812083590077236e-07,8.151257446797899e-08,1.0272157346946642e-08,1.220386138811591e-07,4.149542576215026e-08,7.776572488182865e-07,0.0,-1.1175296243948196e-08,7.777363748573407e-07,-5.401287750395056e-11,9.532637179621162e-11,1.3316578395539125e-10,3.202631759791075e-08,7.776572488182865e-07,2.0347202678294707e-07,8.156658282132412e-08,1.0167221731194331e-08,1.2190544396162295e-07,9.469109052417934e-09,0.0,0.0
3.0077500923653133e-05,0.013704699813388288,0.0009622697335450736,1.044125529752252e-06,0.009732480061524603,1.0441641506986343e-06,9.819353863349534e-07,8.22588290816384e-08,9.556666569210392e-09,1.220180507743862e-07,4.149566734668042e-08,7.776585562169203e-07,0.0,-1.1176373604371292e-08,7.777989594615065e-07,7.262763307425146e-12,5.738394759369214e-10,1.3317999481010645e-10,3.2026417073893754e-08,7.776585562169203e-07,2.0413644108430162e-07,8.225156733487893e-08,8.996417832918269e-09,1.2188486664399534e-07,9.469252049143506e-09,0.0,0.0
3.0080000215093605e-05,0.013706422760151327,0.0015419346287588453,1.044168675860252e-06,0.009264644731879875,1.0442103075547493e-06,9.82435381047253e-07,8.27486630328167e-08,9.10191477743183e-09,1.2202525567772682e-07,4.149591248392426e-08,7.776614552312822e-07,0.0,-1.1177131220563297e-08,7.786824198774411e-07,8.877650836680573e-10,3.4218815281317205e-11,1.332045723723141e-10,3.202648457545365e-08,7.776614552312822e-07,2.0375294695895718e-07,8.186089672790331e-08,9.053820804183488e-09,1.2189204312562651e-07,9.469427020292187e-09,0.0,0.0
3.008250132552348e-05,0.013708145706914365,0.0008781452783608312,1.0442103725486747e-06,0.011669644105070676,1.0442558959766757e-06,9.801436817724607e-07,8.043149790637472e-08,1.1437927938118264e-08,1.2205340738091763e-07,4.1496100777749234e-08,7.776587267471768e-07,0.0,-1.1178177494741703e-08,7.778257327117899e-07,3.378049576174824e-11,6.509923156094999e-10,1.3323722680702588e-10,3.202654497158619e-08,7.776587267471768e-07,2.0231789221725194e-07,8.039771870471668e-08,1.0792929217018354e-08,1.2192018061796261e-07,9.469556694341463e-09,0.0,0.0
3.0085000616963953e-05,0.013709868653677404,-6.61172189682091e-05,1.044224363359839e-06,0.008021418769614463,1.0442682878419873e-06,9.837020797931473e-07,8.397349660071995e-08,7.890686326561536e-09,1.2207128463614936e-07,4.149638854755722e-08,7.776572488182865e-07,0.0,-1.1179111858439228e-08,7.778425583637727e-07,5.2029811015152916e-11,2.4986152036277076e-10,1.3326796610702019e-10,3.2026679974705985e-08,7.776572488182865e-07,2.0585947879681044e-07,8.392146355618024e-08,7.649442856916266e-09,1.219380152406302e-07,9.469710349208071e-09,0.0,0.0
3.0087499908404425e-05,0.013711591600440443,-0.00016048342735430765,1.0442204591513382e-06,0.010213115507895287,1.0442604434501845e-06,9.815591965889325e-07,8.184639455066645e-08,1.0024777452599665e-08,1.2205556743083434e-07,4.149658039409587e-08,7.776571919748676e-07,0.0,-1.1179944081618487e-08,7.777277346576739e-07,-6.277341840776884e-11,3.4932806647347547e-10,1.3328776971022194e-10,3.2026708396415415e-08,7.776571919748676e-07,2.0383144772040396e-07,8.190916389594349e-08,9.659085975499693e-09,1.2192228382446046e-07,9.469872885858877e-09,0.0,0.0
3.00900010188343e-05,0.013713314547203481,0.0010436713176830148,1.0442356760085062e-06,0.009494524471949924,1.0442739721838734e-06,9.822698530115304e-07,8.258275130401671e-08,9.32618515747663e-09,1.2202769994473783e-07,4.1496896585613285e-08,7.77659465711622e-07,0.0,-1.1181037429253138e-08,7.780730015838344e-07,2.802887921760089e-10,7.147475944435655e-10,1.3329257142480344e-10,3.2026882479385677e-08,7.77659465711622e-07,2.0419686563855066e-07,8.230246351104142e-08,8.632512482620314e-09,1.2189440212750924e-07,9.470014106227609e-09,0.0,0.0
3.0092500310274772e-05,0.01371503749396652,0.0018818047509608915,1.0442860804037345e-06,0.007940594948589771,1.0443279734317912e-06,9.838367986958474e-07,8.413896068759641e-08,7.812249513960978e-09,1.2203497590235202e-07,4.14971452755708e-08,7.776628194733348e-07,0.0,-1.1181766623735712e-08,7.79185995725129e-07,1.389852566369143e-09,5.123701116160895e-11,1.3330063441951978e-10,3.202695353365925e-08,7.776628194733348e-07,2.0465078875986364e-07,8.274911067474022e-08,7.742358754114775e-09,1.2190167808512342e-07,9.470195294625228e-09,0.0,0.0
3.0094999601715244e-05,0.013716758985538036,0.0007285883840954521,1.0443310181015378e-06,0.011736040211914217,1.044378677761415e-06,9.801948408494354e-07,8.045427080105583e-08,1.150360606771983e-08,1.220822554159895e-07,4.149742238723775e-08,7.776583288432448e-07,0.0,-1.1182840431445129e-08,7.777197765790334e-07,-7.190725792582953e-11,1.1024982038421172e-09,1.3331945269978718e-10,3.202708853677905e-08,7.776583288432448e-07,2.0247510690296622e-07,8.052617772591475e-08,1.0409052286775022e-08,1.2194894338790618e-07,9.470333850458701e-09,0.0,0.0
3.009750071214512e-05,0.013718481932301074,-0.0007339338190917033,1.0443309260025386e-06,0.007500747043803566,1.0443748124089325e-06,9.84310304374958e-07,8.45550758299396e-08,7.383062605725854e-09,1.2209819999497995e-07,4.1497759895037234e-08,7.77657021444611e-07,0.0,-1.1183709069939596e-08,7.780558917147573e-07,2.654961805959033e-10,1.4201458065077333e-10,1.3334448822899247e-10,3.202726261974931e-08,7.77657021444611e-07,2.0625444108191004e-07,8.428958153672284e-08,7.245344324502412e-09,1.219648595451872e-07,9.470496387109506e-09,0.0,0.0
3.0100005460553803e-05,0.013720207789447159,-0.00013142352698380932,1.0443159911709422e-06,0.010741790769836519,1.044352529788739e-06,9.811308245843975e-07,8.141912388737182e-08,1.0539102035522774e-08,1.2205445898416656e-07,4.149797661057164e-08,7.776572488182865e-07,0.0,-1.1184606130143493e-08,7.776363872835645e-07,-1.5422704779943786e-10,8.422889052894789e-10,1.3336734494551195e-10,3.2027330121309205e-08,7.776572488182865e-07,2.0349443730083294e-07,8.157334718816855e-08,9.682184831660834e-09,1.219210901126644e-07,9.470648265619275e-09,0.0,0.0
3.0102506570983678e-05,0.013721930736210197,0.0015940551862589913,1.044341191535771e-06,0.010112347139265747,1.0443797009429545e-06,9.81767698249314e-07,8.207013024730259e-08,9.927975774814968e-09,1.220358853970538e-07,4.1498406488926776e-08,7.776616257615387e-07,0.0,-1.1185703918670242e-08,7.787181743879046e-07,9.231502229312127e-10,6.218303649774271e-10,1.3339084004027058e-10,3.202758591669408e-08,7.776616257615387e-07,2.0304946701799054e-07,8.114697891414835e-08,9.321464489175924e-09,1.219024881038422e-07,9.470819684054277e-09,0.0,0.0
3.010500586242415e-05,0.013723652227781713,0.001801593884716124,1.044399647348326e-06,0.009395771867946837,1.0444437066325918e-06,9.82526898951619e-07,8.279381091824689e-08,9.231598596670665e-09,1.2207060251512303e-07,4.1498616099033825e-08,7.776625352562405e-07,0.0,-1.118657166898629e-08,7.790591212142317e-07,1.2631486967507044e-09,3.8991063155968675e-10,1.3341089344365287e-10,3.2027632101971903e-08,7.776625352562405e-07,2.034678487916608e-07,8.153066488603145e-08,8.827809594436076e-09,1.219371910110567e-07,9.470982220705082e-09,0.0,0.0
3.0107505153864622e-05,0.013725373719353229,0.0001973515402871051,1.0444340590253366e-06,0.011395557237270221,1.0444808822285268e-06,9.806195748751634e-07,8.085054048478924e-08,1.1174706493477515e-08,1.2211155819841224e-07,4.1499031766534245e-08,7.776574761919619e-07,0.0,-1.1187538895285343e-08,7.776289976391126e-07,-1.6193876795078666e-10,1.3308861790406468e-09,1.3342926763471041e-10,3.2027895002784135e-08,7.776574761919619e-07,2.0299060565776017e-07,8.101247317426896e-08,9.85270975917274e-09,1.219781324834912e-07,9.47113676375011e-09,0.0,0.0
3.0110006264294498e-05,0.013727095210924745,-0.0008605633046081529,1.0444226418907125e-06,0.008483445210428955,1.044464852384408e-06,9.834341199166374e-07,8.366654924429895e-08,8.342909474379212e-09,1.2211052080601803e-07,4.149934795805166e-08,7.776570782880299e-07,0.0,-1.1188413751028747e-08,7.784635158714082e-07,6.729542478822736e-10,1.9074949952901932e-11,1.334665294949744e-10,3.202802645319025e-08,7.776570782880299e-07,2.049706466777934e-07,8.299359421926056e-08,8.323479683269852e-09,1.2197705245853285e-07,9.471321504861407e-09,0.0,0.0
3.011250555573497e-05,0.01372881670249626,0.00027794270105252483,1.0444126121261284e-06,0.011292525695588168,1.0444474582982366e-06,9.806841489989893e-07,8.095949510789069e-08,1.1074400951827101e-08,1.220670355905895e-07,4.149967480771011e-08,7.776575898787996e-07,0.0,-1.1189251303278525e-08,7.7754430094501e-07,-2.467714643739072e-10,1.5434379330159231e-09,1.3348419591885374e-10,3.202820408887419e-08,7.776575898787996e-07,2.031398196322698e-07,8.120626660002017e-08,9.523169808289822e-09,1.2193355303224962e-07,9.471468942479078e-09,0.0,0.0
3.011500484717544e-05,0.013730538194067776,0.0021400243133475882,1.0444542372244832e-06,0.009112719493060025,1.0444928193464875e-06,9.828460179051035e-07,8.31274036272589e-08,8.95640006604026e-09,1.2205363475459308e-07,4.1500186398479855e-08,7.776650363666704e-07,0.0,-1.1190145698947163e-08,7.798143997206353e-07,2.0158950064796954e-09,3.3705094271141434e-10,1.3349825411790306e-10,3.202850251682321e-08,7.776650363666704e-07,2.0303164660617767e-07,8.11115086207792e-08,8.634944315133453e-09,1.2192013798539847e-07,9.471682993478225e-09,0.0,0.0
3.0117505957605317e-05,0.013732259685639292,0.0017461222850212454,1.0445211369106309e-06,0.009282525370766131,1.0445680800330592e-06,9.827542726270622e-07,8.298515297155973e-08,9.12244146888952e-09,1.221068544055015e-07,4.1500424430296334e-08,7.776623078825651e-07,0.0,-1.1190937954097535e-08,7.789880100972368e-07,1.192203558098015e-09,9.760456887164537e-10,1.3350552607871435e-10,3.202857001838311e-08,7.776623078825651e-07,2.0376630516238947e-07,8.179295463150993e-08,8.129567241610403e-09,1.219733576363069e-07,9.471854411913228e-09,0.0,0.0
3.012000524904579e-05,0.013733979722019285,-0.0004625779029354682,1.0445432143409561e-06,0.010676491889045375,1.0445892257848755e-06,9.814182249101577e-07,8.161342179846542e-08,1.0478103718014609e-08,1.2214775324537186e-07,4.150097510091655e-08,7.776570782880299e-07,0.0,-1.1191874094151899e-08,7.776627057864971e-07,-1.2789487524589305e-10,1.2668056603715172e-09,1.3351196537225718e-10,3.2028932395178344e-08,7.776570782880299e-07,2.0375556175622478e-07,8.174131949090224e-08,9.227352215646079e-09,1.2201424226532254e-07,9.472041817559784e-09,0.0,0.0
3.012250454048626e-05,0.0137357012135908,-0.0007651326515535906,1.044522079407238e-06,0.007226012456819829,1.044560804075445e-06,9.847510682448046e-07,8.497711689869902e-08,7.115823486003592e-09,1.2211683042551158e-07,4.1501248659869816e-08,7.776571351314487e-07,0.0,-1.119267256655121e-08,7.784759077367198e-07,6.852352019137697e-10,1.6535826874441995e-10,1.3352668970512127e-10,3.202903542387503e-08,7.776571351314487e-07,2.0627518892979424e-07,8.429187658975934e-08,6.942126429265727e-09,1.2198330523460754e-07,9.472212347816367e-09,0.0,0.0
3.0125005650916137e-05,0.013737421249970794,0.0009193448560186543,1.0445247319132573e-06,0.011805263973820878,1.0445609177622828e-06,9.80293066277227e-07,8.055353362124151e-08,1.1572618419108949e-08,1.2208121802359528e-07,4.1501692749079666e-08,7.776583856866637e-07,0.0,-1.1193524329655702e-08,7.777408654874307e-07,-5.10420247734622e-11,1.6649547296410105e-09,1.3353929073645077e-10,3.202929477197358e-08,7.776583856866637e-07,2.0255224342236033e-07,8.060457190595116e-08,9.90308723913813e-09,1.2194767862183653e-07,9.472399753462923e-09,0.0,0.0
3.012750494235661e-05,0.01373914274154231,0.0017591696272530877,1.0445708423143287e-06,0.008544330139622133,1.0446121905260952e-06,9.835121090873145e-07,8.375501892032844e-08,8.403452156358071e-09,1.2209153510411852e-07,4.150216170728527e-08,7.776655479574401e-07,0.0,-1.119444803521219e-08,7.799181958034751e-07,2.1190842414142708e-09,1.1980504088793253e-10,1.3358153472253775e-10,3.202954701464478e-08,7.776655479574401e-07,2.0359389907298464e-07,8.16359317923343e-08,8.295876874342412e-09,1.2195795306979562e-07,9.472612916283651e-09,0.0,0.0
3.013000423379708e-05,0.013740862777922302,0.001190531327729616,1.0446215782438553e-06,0.010368949840016822,1.0446667602082016e-06,9.817890713748056e-07,8.199864964808512e-08,1.0180121634562056e-08,1.221300180986873e-07,4.150242816081118e-08,7.776603752063238e-07,0.0,-1.1195182558765282e-08,7.783427804497478e-07,5.487655885261233e-10,1.3344152449690228e-09,1.3362801143390612e-10,3.202965714876882e-08,7.776603752063238e-07,2.0344627671420312e-07,8.144988328240288e-08,8.828421549367249e-09,1.2199639343180024e-07,9.472771012042358e-09,0.0,0.0
3.0132503525237553e-05,0.013742582814302295,-5.264573607632883e-05,1.0446411502899945e-06,0.010161305973674184,1.0446855185364257e-06,9.820079185374198e-07,8.219545577503595e-08,9.978482928829635e-09,1.221549865704219e-07,4.150298593685875e-08,7.776574761919619e-07,0.0,-1.1196147120529076e-08,7.781003432683065e-07,3.0917432503052567e-10,7.792743117462919e-10,1.336738081336719e-10,3.203000886742302e-08,7.776574761919619e-07,2.03907589479968e-07,8.188627731442466e-08,9.219239593960538e-09,1.22021305060116e-07,9.472975293078889e-09,0.0,0.0
3.013500463566743e-05,0.013744302850682288,-0.0007295512305844909,1.0446276962176047e-06,0.007966557082714,1.0446693750054692e-06,9.841290875556297e-07,8.433158882326097e-08,7.840120552771168e-09,1.2214047728775768e-07,4.150323107410259e-08,7.776570782880299e-07,0.0,-1.1196854110551158e-08,7.781362683090265e-07,3.4546313032457476e-10,4.732710334742762e-10,1.337080585139816e-10,3.2030083474410276e-08,7.776570782880299e-07,2.0599289030087675e-07,8.398613005056177e-08,7.351448338965838e-09,1.2200676735574234e-07,9.47315026422757e-09,0.0,0.0
3.01375039271079e-05,0.013746022887062281,0.0005150635059436581,1.0446240069507102e-06,0.012064681467914808,1.0446598253111006e-06,9.801334499570657e-07,8.037271470584528e-08,1.1824997869780418e-08,1.221019942931889e-07,4.1503714243162904e-08,7.776587267471768e-07,0.0,-1.1197745841684537e-08,7.778505732858321e-07,5.810807043871158e-11,1.2149420358653629e-09,1.3373924190318576e-10,3.203036058607722e-08,7.776587267471768e-07,2.0228286246037896e-07,8.031460652091482e-08,1.0614972900668818e-08,1.2196825593946414e-07,9.473354545264101e-09,0.0,0.0
3.0140003218548372e-05,0.013747742923442274,0.0022363808807952523,1.0446713327951373e-06,0.00714267192763034,1.0447101885802113e-06,9.849721891441732e-07,8.520546401769025e-08,7.035333204896688e-09,1.2210233535370207e-07,4.1504090830812856e-08,7.776644110890629e-07,0.0,-1.1198585170291153e-08,7.796605245857791e-07,1.8623161901487606e-09,1.0285383655883606e-10,1.3375024698891735e-10,3.2030531116333805e-08,7.776644110890629e-07,2.053117356126677e-07,8.33431528235451e-08,6.941239583113656e-09,1.219685827891226e-07,9.473561490835891e-09,0.0,0.0
3.0142504328978248e-05,0.013749462959822267,0.0013782170054921633,1.044733505193772e-06,0.011391395707183534,1.044782948156353e-06,9.809053835851955e-07,8.108235505233097e-08,1.1173881375725614e-08,1.221634846615416e-07,4.150441057504395e-08,7.776595225550409e-07,0.0,-1.1199294824848494e-08,7.781206363688398e-07,3.274065740743737e-10,1.1313511238952856e-09,1.3374580609681885e-10,3.203065546131256e-08,7.776595225550409e-07,2.027846903729369e-07,8.075495117054743e-08,1.0020243301767096e-08,1.2202974630781682e-07,9.473756890088225e-09,0.0,0.0
3.014500362041872e-05,0.01375118299620226,-0.0008345742116910443,1.0447428560476026e-06,0.010029319389574045,1.0447881777508883e-06,9.822318816077313e-07,8.238419724193591e-08,9.851117255266217e-09,1.2219065581575705e-07,4.150487242782219e-08,7.776569646011922e-07,0.0,-1.1200330440885864e-08,7.778127724122896e-07,2.2037958263831925e-11,3.4259753367571477e-10,1.3376583174462553e-10,3.203090415127008e-08,7.776569646011922e-07,2.0441905235202285e-07,8.236215620627263e-08,9.535805034488476e-09,1.2205688904032286e-07,9.473968276552114e-09,0.0,0.0
3.0147502911859192e-05,0.01375290157739073,-0.00029365599889574767,1.0447234664954407e-06,0.007686073763007481,1.0447591876072693e-06,9.844861779129133e-07,8.4689780521785e-08,7.566833382099958e-09,1.2213921252168802e-07,4.15051388813481e-08,7.776571919748676e-07,0.0,-1.1200996574700639e-08,7.777424571031588e-07,-4.851033463815213e-11,5.57096091480247e-10,1.337972233006468e-10,3.203096454740262e-08,7.776571919748676e-07,2.0674370659889973e-07,8.473828927435534e-08,6.989817169511525e-09,1.220054173245444e-07,9.474174333945484e-09,0.0,0.0
3.0150004022289068e-05,0.013754621613770723,0.0017722229882863871,1.0447488983855608e-06,0.012616335298627513,1.0447880640640506e-06,9.7972008461511e-07,7.993448747356524e-08,1.2360477086303945e-08,1.221252574623577e-07,4.1505600734126347e-08,7.776603183629049e-07,0.0,-1.1201921168435547e-08,7.78425601311028e-07,6.314450073929834e-10,7.187874739855715e-10,1.3383075203599049e-10,3.203118836836438e-08,7.776603183629049e-07,2.0129445488237252e-07,7.930304235514996e-08,1.1646545949872689e-08,1.2199141963264992e-07,9.474410589405124e-09,0.0,0.0
3.015250331372954e-05,0.013756340194959193,0.0015128375757402779,1.044805354818444e-06,0.006895896266938711,1.0448505918247974e-06,9.853469009613036e-07,8.551622698860228e-08,6.794850015978682e-09,1.2216800371334102e-07,4.150594890006687e-08,7.776627057864971e-07,0.0,-1.120283243949416e-08,7.790127938278602e-07,1.2162719720265613e-09,1.9214185797977734e-10,1.3385312302993668e-10,3.203130560791578e-08,7.776627057864971e-07,2.0633410713344347e-07,8.429995546066493e-08,6.61545707103528e-09,1.2203415167277853e-07,9.474642403972666e-09,0.0,0.0
3.015500260517001e-05,0.013758058776147664,0.0003762253511206959,1.0448378198985434e-06,0.01062397628202248,1.0448820830788463e-06,9.817422323976643e-07,8.190080791337095e-08,1.0430006192052588e-08,1.2218298195421085e-07,4.150631127686211e-08,7.776584425300825e-07,0.0,-1.1203506566914712e-08,7.7769499284841e-07,-9.73265565362702e-11,9.456571081756238e-10,1.3386498853851236e-10,3.203143350560822e-08,7.776584425300825e-07,2.040472395492543e-07,8.199813095188802e-08,9.462207906096864e-09,1.2204911570279364e-07,9.474875994897047e-09,0.0,0.0
3.0157503715599887e-05,0.013759777357336134,0.00018223404438533208,1.0448474174766598e-06,0.009782410662652818,1.0448897000969737e-06,9.82566461971146e-07,8.272142792975501e-08,9.611868634351595e-09,1.2218725942148012e-07,4.15067482606446e-08,7.776577604090562e-07,0.0,-1.120455017655786e-08,7.781719091326522e-07,3.802561321375464e-10,1.839109559087504e-10,1.3388230801769652e-10,3.203163601028791e-08,7.776577604090562e-07,2.0439455283849384e-07,8.234117387928563e-08,9.450763727159028e-09,1.220533789592082e-07,9.475110473999848e-09,0.0,0.0
3.016000300704036e-05,0.013761495938524604,4.690654687777851e-06,1.0448506299293748e-06,0.0074746441003837785,1.0448919738337281e-06,9.848184845395735e-07,8.497304548882312e-08,7.3611676754126165e-09,1.2218809786190832e-07,4.150703603045258e-08,7.776573625051242e-07,0.0,-1.120525716657994e-08,7.776805546200194e-07,-1.106981104004312e-10,6.660912377220995e-10,1.3389633846117022e-10,3.203169995913413e-08,7.776573625051242e-07,2.0713794413040887e-07,8.508374804705454e-08,6.681788011775325e-09,1.2205420318878168e-07,9.475336959496872e-09,0.0,0.0
3.016250229848083e-05,0.013763214519713074,0.0008234161310555765,1.044864861616815e-06,0.01163211966469608,1.0449030014569871e-06,9.807807828110526e-07,8.096345993635623e-08,1.140855943049246e-08,1.221571324094839e-07,4.150751564679922e-08,7.776602046760672e-07,0.0,-1.1206131134144925e-08,7.782717830195907e-07,4.776875006662351e-10,5.799218327773303e-10,1.3392414954793708e-10,3.2031923780095894e-08,7.776602046760672e-07,2.0250897136975254e-07,8.048577626595943e-08,1.082688694253875e-08,1.2202319510379311e-07,9.475594531238585e-09,0.0,0.0
3.0165003408910707e-05,0.013764933100901544,0.002021691596035824,1.0449137571030045e-06,0.00877397767020881,1.0449541605339618e-06,9.83609083959891e-07,8.378441407330683e-08,8.630164138878627e-09,1.2216212041948893e-07,4.150784960188503e-08,7.776625920996594e-07,0.0,-1.1207042405203538e-08,7.791114171595837e-07,1.3148659938622131e-09,2.3171695118229252e-10,1.3395819176142965e-10,3.2032012597937864e-08,7.776625920996594e-07,2.044977094328715e-07,8.246954763535541e-08,8.407111451447236e-09,1.2202815469208872e-07,9.475837003947163e-09,0.0,0.0
3.016750270035118e-05,0.013766651682090014,0.0007669185849437099,1.0449616816329945e-06,0.009949652762711423,1.0450103218317963e-06,9.825185998124653e-07,8.263936734920208e-08,9.775718901039454e-09,1.2222101020142873e-07,4.150824750581705e-08,7.776581583129882e-07,0.0,-1.120780535046606e-08,7.77766047121986e-07,-2.612686109126905e-11,1.0617486889685779e-09,1.3399704956729153e-10,3.203218312819445e-08,7.776581583129882e-07,2.0475251005791506e-07,8.266549400559597e-08,8.704147624882808e-09,1.2208700184146437e-07,9.476061713087347e-09,0.0,0.0
3.017000199179165e-05,0.013768368808086962,-0.0009662256541931313,1.0449582592794947e-06,0.009997288044844215,1.045001454258454e-06,9.824620974541176e-07,8.257485006879506e-08,9.821956581390623e-09,1.2223028988955775e-07,4.1508659620603794e-08,7.776569646011922e-07,0.0,-1.1208729056022548e-08,7.779962061249535e-07,2.0522435140168938e-10,4.655320226532034e-11,1.3402315368615803e-10,3.203235010573735e-08,7.776569646011922e-07,2.0446589132916415e-07,8.236962401042547e-08,9.78337055812517e-09,1.2209626731873868e-07,9.476312179401702e-09,0.0,0.0
3.0172503102221526e-05,0.013770087389275432,0.00025026642402137256,1.044945954938848e-06,0.009637185058875885,1.0449797400724492e-06,9.82789856607269e-07,8.295781128708768e-08,9.471327722110345e-09,1.221746259716383e-07,4.150896870669385e-08,7.776574761919619e-07,0.0,-1.1209529304778698e-08,7.77619845848676e-07,-1.716164849119295e-10,8.98021212947242e-10,1.3402925991279346e-10,3.203244958172036e-08,7.776574761919619e-07,2.051700249694477e-07,8.312942867405582e-08,8.565695708284693e-09,1.2204060340081924e-07,9.476517348616653e-09,0.0,0.0
3.0175002393661998e-05,0.013771804515272379,0.0020277601982465754,1.0449850715261962e-06,0.011058417601119896,1.0450253284943756e-06,9.814522172746365e-07,8.16205485421051e-08,1.0853308474167989e-08,1.2216953848565026e-07,4.150944832304049e-08,7.776620805088896e-07,0.0,-1.121044057583731e-08,7.789760729792761e-07,1.179974451481769e-09,4.283063348431426e-10,1.3403211873708187e-10,3.203267340268212e-08,7.776620805088896e-07,2.0247607324108685e-07,8.044057153711037e-08,1.0428867547318532e-08,1.2203550170397648e-07,9.476777584893625e-09,0.0,0.0
3.017750168510247e-05,0.013773523096460849,0.0012475517188621499,1.0450413604206673e-06,0.008779710475654795,1.0450875151946093e-06,9.83729592007876e-07,8.384730421084896e-08,8.636861004163165e-09,1.2222086809288157e-07,4.150973964556215e-08,7.776614552312822e-07,0.0,-1.1211295891655482e-08,7.787698450556491e-07,9.743499340686412e-10,4.354314131482795e-10,1.3403829435265635e-10,3.203276222052409e-08,7.776614552312822e-07,2.04959789584791e-07,8.287295827358321e-08,8.204552592872005e-09,1.220868313112078e-07,9.476980089573317e-09,0.0,0.0
3.0180002795532346e-05,0.013775240222457796,-0.00011026331955577007,1.045060889095432e-06,0.010558167063214724,1.0451034313518903e-06,9.820129207582795e-07,8.212055035983212e-08,1.0368256475601356e-08,1.2223507894759678e-07,4.151017662934464e-08,7.776572488182865e-07,0.0,-1.1212126338477901e-08,7.775201424919942e-07,-2.712092495027463e-10,9.773956088920954e-10,1.3406085963563186e-10,3.203296827791746e-08,7.776572488182865e-07,2.0449277826628531e-07,8.239176452207175e-08,9.383625432235476e-09,1.2210101374421356e-07,9.47721012778402e-09,0.0,0.0
3.0182502086972818e-05,0.013776957348454744,1.7046892837324634e-06,1.0450590250069697e-06,0.009657625803940901,1.0450995659994078e-06,9.828836482483894e-07,8.300012410700219e-08,9.492322483595217e-09,1.2222577083775832e-07,4.1510524795285164e-08,7.776577035656373e-07,0.0,-1.1213067807602783e-08,7.782541615597438e-07,4.6234724382365755e-10,2.3752153022194022e-11,1.3409021115684538e-10,3.20330961756099e-08,7.776577035656373e-07,2.0462945826693613e-07,8.253778105427045e-08,9.476503137761938e-09,1.2209167721266567e-07,9.477427731496846e-09,0.0,0.0
3.018500137841329e-05,0.013778674474451691,0.0004544506134274151,1.045066857768259e-06,0.01040268276121312,1.0451062735228334e-06,9.821644653129624e-07,8.228747816474424e-08,1.0217145351987256e-08,1.2221934753142705e-07,4.1510844539516256e-08,7.776575898787996e-07,0.0,-1.1213842299184762e-08,7.775718700031575e-07,-2.1986826248543423e-10,9.973541992280843e-10,1.341152605638385e-10,3.203323117872969e-08,7.776575898787996e-07,2.0459258109895018e-07,8.250734850889785e-08,9.208529938575793e-09,1.2208523969547969e-07,9.477616025321822e-09,0.0,0.0
3.0187502488843165e-05,0.013780391600448638,0.0011381497760716286,1.0450942047235746e-06,0.01106608860160579,1.0451328762428602e-06,9.815448720473796e-07,8.168103704520036e-08,1.086186252052812e-08,1.2220186818012735e-07,4.1511295734153464e-08,7.776619668220519e-07,0.0,-1.1214838835371665e-08,7.788984248691122e-07,1.1023024715228757e-09,1.7781484618062393e-10,1.341327049431129e-10,3.203341591984099e-08,7.776619668220519e-07,2.0264647559997684e-07,8.057873657207892e-08,1.0695406338356861e-08,1.2206774613332527e-07,9.477878037955634e-09,0.0,0.0
3.0190001780283637e-05,0.013782108726445585,0.001700890014660672,1.045142954613885e-06,0.00790965959413013,1.0451855132487253e-06,9.846700095295091e-07,8.478401980482886e-08,7.788404587927289e-09,1.2222545819895458e-07,4.151154442411098e-08,7.776604888931615e-07,0.0,-1.12156248732731e-08,7.785024536133278e-07,7.078555519512975e-10,6.998449042505683e-10,1.3413879729196054e-10,3.203350473768296e-08,7.776604888931615e-07,2.0616748486190772e-07,8.407617002603729e-08,7.088091003026875e-09,1.2209130773044308e-07,9.47803791007118e-09,0.0,0.0
3.019250107172411e-05,0.013783825852442533,0.0002819578656241273,1.0451770026103173e-06,0.011126262600159045,1.0452238257130375e-06,9.815742032515118e-07,8.163919318349144e-08,1.0921252346918209e-08,1.2227738466208393e-07,4.151201338231658e-08,7.776575898787996e-07,0.0,-1.1216437556527126e-08,7.778440362926631e-07,5.2317025711623444e-11,7.797080203708617e-10,1.3415472899236391e-10,3.2033732111358404e-08,7.776575898787996e-07,2.0373011011542985e-07,8.158687592185743e-08,1.0131224748022305e-08,1.2214323419357243e-07,9.478281270958178e-09,0.0,0.0
3.0195002182153985e-05,0.013785541523247957,-0.0009544885696217698,1.0451654641973712e-06,0.009637713273432248,1.045206886374217e-06,9.830032468016725e-07,8.307998911050163e-08,9.473903439527476e-09,1.2226628598455136e-07,4.1512301152124564e-08,7.776569646011922e-07,0.0,-1.1217439421784547e-08,7.779401585139567e-07,1.4903155098888732e-10,1.8741633245333844e-10,1.3416406874355857e-10,3.203382803462773e-08,7.776569646011922e-07,2.0506307407686108e-07,8.293095277167595e-08,9.3019867364319e-09,1.2213212130518514e-07,9.478470452961574e-09,0.0,0.0
3.0197501473594457e-05,0.013787258649244905,0.0008419775046065725,1.0451635322406243e-06,0.008242620331733357,1.045197450366686e-06,9.843529369391035e-07,8.448581922948506e-08,8.113647531615698e-09,1.2220878886637365e-07,4.1512709714197626e-08,7.776583288432448e-07,0.0,-1.1218135753665592e-08,7.777682640153216e-07,-2.421813964648134e-11,1.1898706464563702e-09,1.3417285338324092e-10,3.203403764473478e-08,7.776583288432448e-07,2.065846587129272e-07,8.451003452591976e-08,6.914525396695126e-09,1.2207462418700743e-07,9.478673845819685e-09,0.0,0.0
3.020000076503493e-05,0.013788974320050329,0.0023311711759204656,1.0452179730261488e-06,0.010901692393600669,1.0452596370669198e-06,9.818239732339862e-07,8.193904932340956e-08,1.0703542940859734e-08,1.2222076861689857e-07,4.151310761812965e-08,7.776641268719686e-07,0.0,-1.121909232182361e-08,7.796544991833798e-07,1.8561522319160417e-09,4.111132961837072e-11,1.3419193534147666e-10,3.203419751685033e-08,7.776641268719686e-07,2.0216947405060637e-07,8.00828914293561e-08,1.0662365212965597e-08,1.2208658972667763e-07,9.478910989457745e-09,0.0,0.0
3.0202501875464804e-05,0.013790689990855753,0.0007932199330756284,1.0452715772922531e-06,0.008789575445630193,1.0453211416461272e-06,9.839393442234723e-07,8.399636897138407e-08,8.648409099976107e-09,1.2228412060721894e-07,4.1513420256933387e-08,7.776588404340146e-07,0.0,-1.1219954743069138e-08,7.779227644277853e-07,1.296927287786076e-10,1.2286257566884728e-09,1.3421239120070538e-10,3.203433962539748e-08,7.776588404340146e-07,2.06016579795687e-07,8.386667360582578e-08,7.4245836145792055e-09,1.2214991329528857e-07,9.479084184249587e-09,0.0,0.0
3.0205001166905276e-05,0.0137924071168527,-0.000780732739029455,1.0452717917131084e-06,0.01035200493498423,1.0453140930621885e-06,9.824094604482525e-07,8.246347960039202e-08,1.0169907582735505e-08,1.2228896650867682e-07,4.151394605855785e-08,7.77657021444611e-07,0.0,-1.1220727458294277e-08,7.779783004480123e-07,1.8707949078766717e-10,4.947411924582923e-10,1.3423553935076882e-10,3.2034591868068674e-08,7.77657021444611e-07,2.0443113157853077e-07,8.227640080349374e-08,9.667341593910805e-09,1.2215473077503702e-07,9.479353302310756e-09,0.0,0.0
3.020750045834575e-05,0.013794122787658125,-2.288998895183525e-05,1.0452580041925788e-06,0.010198789744837898,1.0452957894813153e-06,9.825391771300929e-07,8.263091899607389e-08,1.0020710483615858e-08,1.2225066825521935e-07,4.151418409037433e-08,7.776575898787996e-07,0.0,-1.1221700013663849e-08,7.781024464748043e-07,3.106213897208221e-10,6.107502281693655e-10,1.3424639178083453e-10,3.2034673580483286e-08,7.776575898787996e-07,2.0443671644443384e-07,8.2320298133709e-08,9.41468591975081e-09,1.2211641831072484e-07,9.479512286247882e-09,0.0,0.0
3.0210001568775624e-05,0.01379583845846355,0.0013415373588241408,1.0452806278405302e-06,0.009435890805704037,1.0453206868987763e-06,9.833050853558234e-07,8.340466450817985e-08,9.278359414111037e-09,1.2224040801811498e-07,4.1514759629990294e-08,7.776599773023918e-07,0.0,-1.1222455853499014e-08,7.78304297455179e-07,5.100581068617771e-10,1.202321464610634e-09,1.342484734490057e-10,3.2034972008432305e-08,7.776599773023918e-07,2.0500077368978964e-07,8.289460851074182e-08,8.07845523809192e-09,1.2210615807362046e-07,9.47978495702273e-09,0.0,0.0
3.0212500860216096e-05,0.013797554129268974,0.0015572349838453015,1.045330361231329e-06,0.00967128688624494,1.0453724144099397e-06,9.831260285864118e-07,8.320630939806506e-08,9.508093867793832e-09,1.2225532941556594e-07,4.151506871608035e-08,7.776643542456441e-07,0.0,-1.1223302287532988e-08,7.796837167006743e-07,1.88508764153994e-09,1.1045943326681851e-10,1.3425614786566342e-10,3.203508569527003e-08,7.776643542456441e-07,2.0344229767488287e-07,8.13212253092388e-08,9.390910271633857e-09,1.2212107947107143e-07,9.479981244453484e-09,0.0,0.0
3.0215000151656568e-05,0.013799268344882876,0.0008217741722811311,1.0453711425777395e-06,0.010197583880842354,1.0454173207108397e-06,9.826568430071347e-07,8.270982476688005e-08,1.0020725582648993e-08,1.2228872492414666e-07,4.15155128052902e-08,7.776583288432448e-07,0.0,-1.1224171814205874e-08,7.777725272717362e-07,-2.0044256185403064e-11,1.6256830326355498e-09,1.342692346195662e-10,3.203532017437283e-08,7.776583288432448e-07,2.0488432994625327e-07,8.272986917745584e-08,8.404084539392898e-09,1.2215444655794272e-07,9.480190854560533e-09,0.0,0.0
3.0217501262086444e-05,0.0138009840156883,-0.00046815047823056677,1.0453772095962193e-06,0.0077950908602901995,1.0454224366185372e-06,9.85003339337709e-07,8.503167947537804e-08,7.6781905278267e-09,1.2231426183006988e-07,4.15159817634958e-08,7.77657419348543e-07,0.0,-1.1224917884078423e-08,7.785116054037644e-07,7.19910742130736e-10,2.4487087357805137e-10,1.3430896672605996e-10,3.2035561758902986e-08,7.77657419348543e-07,2.064917339339445e-07,8.431177178636062e-08,7.4313870612741084e-09,1.221799550421565e-07,9.480420892771235e-09,0.0,0.0
3.0220000553526916e-05,0.013802699686493725,-0.0005909857230842197,1.0453590383056237e-06,0.010884600033343097,1.0453969707668875e-06,9.819666502153268e-07,8.203025458897173e-08,1.0688314233675555e-08,1.2227933154917991e-07,4.151625532244907e-08,7.776570782880299e-07,0.0,-1.1225727902797189e-08,7.776890242894297e-07,-1.0241446579684066e-10,1.1487388817954525e-09,1.34344202429304e-10,3.2035678998454387e-08,7.776570782880299e-07,2.0427765434760659e-07,8.213266511347683e-08,9.530482181219213e-09,1.221449963395571e-07,9.480575435816263e-09,0.0,0.0
3.0222499844967388e-05,0.013804413902107626,0.0015773564138612528,1.045375946826016e-06,0.008938898215719363,1.045411863742629e-06,9.838736332312692e-07,8.39739087155067e-08,8.794746264584319e-09,1.2223758005802665e-07,4.151686638920182e-08,7.776621373523085e-07,0.0,-1.1226605423075853e-08,7.789012101966364e-07,1.1046967784977824e-09,9.543631440678269e-10,1.3437467805132997e-10,3.203602716439491e-08,7.776621373523085e-07,2.049724088237781e-07,8.28692066079384e-08,7.856972850106558e-09,1.221032022158397e-07,9.480840112985334e-09,0.0,0.0
3.0225000955397263e-05,0.01380612957291305,0.0024404427569741927,1.0454448790334106e-06,0.008997339945976651,1.0454889434186043e-06,9.8389205049898e-07,8.394980710590971e-08,8.85241124848335e-09,1.2227766887917824e-07,4.151711152644566e-08,7.776646384627384e-07,0.0,-1.1227289320459022e-08,7.798118417667865e-07,2.0127883804121893e-09,4.106447126783763e-10,1.3440393242802884e-10,3.20361124295232e-08,7.776646384627384e-07,2.0408027978646714e-07,8.193701717118529e-08,8.422503583460639e-09,1.2214326261528186e-07,9.4810008732793e-09,0.0,0.0
3.0227500246837735e-05,0.013807843788526952,0.00013453551273912012,1.0454890197129646e-06,0.011769747822499833,1.0455387382535264e-06,9.812439429879305e-07,8.124659700570191e-08,1.1548993761323345e-08,1.2233959978402709e-07,4.151764798621116e-08,7.776577035656373e-07,0.0,-1.122821124965867e-08,7.775940957799321e-07,-1.9804788364830017e-10,1.7250068040652877e-09,1.344327982266691e-10,3.2036428621040614e-08,7.776577035656373e-07,2.0364981878628896e-07,8.144464658244033e-08,9.835456893370065e-09,1.2220516509842128e-07,9.481219365170546e-09,0.0,0.0
3.023000681423582e-05,0.013809562369715422,-0.0011629298267510357,1.0454713459217407e-06,0.0074681526183468525,1.0455120218466618e-06,9.854057907432434e-07,8.542607332628904e-08,7.359160836273304e-09,1.2232271728862543e-07,4.151803167928847e-08,7.77657021444611e-07,0.0,-1.1228986629419069e-08,7.786330229464511e-07,8.415144137075004e-10,1.1529795868048254e-10,1.344656885837736e-10,3.203662046757927e-08,7.77657021444611e-07,2.0677279621850175e-07,8.458455624804628e-08,7.245910094155761e-09,1.2218823997045547e-07,9.48141298806604e-09,0.0,0.0
3.0232506105676293e-05,0.013811276585329324,0.00047721975130926575,1.0454595913725613e-06,0.0107870072788908,1.0454934908921132e-06,9.821509365792735e-07,8.221785208206711e-08,1.059446930185004e-08,1.2227516776874836e-07,4.151836563437428e-08,7.776579309393128e-07,0.0,-1.1229755791930529e-08,7.77898378601094e-07,1.0598603938927198e-10,1.4115578705897747e-09,1.3449111269103753e-10,3.2036783892408494e-08,7.776579309393128e-07,2.042525295564701e-07,8.211186042217378e-08,9.172369530574542e-09,1.221406762397237e-07,9.481580853787364e-09,0.0,0.0
3.0235005397116765e-05,0.013812990800943226,0.0020049801300726644,1.0455021416304962e-06,0.008513987492402394,1.045542603606009e-06,9.844117130342056e-07,8.446698984698742e-08,8.38126901214764e-09,1.222810936951646e-07,4.151894472670392e-08,7.776636152811989e-07,0.0,-1.1230666174810722e-08,7.793248073539871e-07,1.5266763409016448e-09,7.590623130049323e-10,1.3451442737455466e-10,3.20371178474943e-08,7.776636152811989e-07,2.0508689146936376e-07,8.294031061950591e-08,7.640614363424447e-09,1.221465737444305e-07,9.48182865556646e-09,0.0,0.0
3.0237504688557237e-05,0.013814705016557127,0.0016116304018770067,1.0455641381329288e-06,0.008568115053646588,1.045608314598212e-06,9.844231954048155e-07,8.444169452559436e-08,8.434651199706877e-09,1.2231781454374868e-07,4.151914723138361e-08,7.776636152811989e-07,0.0,-1.1231326979554979e-08,7.793977374603855e-07,1.5995523794387623e-09,5.475220277162407e-10,1.345390326923379e-10,3.203718890176788e-08,7.776636152811989e-07,2.050254153118658e-07,8.284214203513329e-08,7.865801343598378e-09,1.2218326617130515e-07,9.481957441437316e-09,0.0,0.0
3.0240005798987113e-05,0.013816417776979506,0.0003425861592637469,1.0455976091807557e-06,0.011824769005591852,1.0456417385285022e-06,9.812863481784007e-07,8.128753137270905e-08,1.1603484395550367e-08,1.2234087876095145e-07,4.1519733429140615e-08,7.776579309393128e-07,0.0,-1.1232260455074083e-08,7.777454129609396e-07,-4.7058711094560834e-11,1.5612600101633234e-09,1.3457462921806496e-10,3.203750864599897e-08,7.776579309393128e-07,2.0354089258489694e-07,8.133459061809845e-08,1.005429339784314e-08,1.222063019667985e-07,9.482223006784807e-09,0.0,0.0
3.0242505090427585e-05,0.013818131992593408,-0.0005146024536938354,1.045594660450578e-06,0.007295208650485747,1.0456376458023442e-06,9.856936458163545e-07,8.56909991853172e-08,7.190840811688304e-09,1.223451278065113e-07,4.152004606794435e-08,7.776575330353808e-07,0.0,-1.123306869743601e-08,7.788073048686783e-07,1.0151374185696227e-09,7.644688354568885e-11,1.345919348194613e-10,3.2037668518114515e-08,7.776575330353808e-07,2.0688639779109508e-07,8.467586098959146e-08,7.1156645020664655e-09,1.2221053680150362e-07,9.482380214365094e-09,0.0,0.0
3.0245004381868057e-05,0.01381984620820731,8.515262248653954e-06,1.0455859850249223e-06,0.011305544252383152,1.045622184392414e-06,9.81768494057178e-07,8.17959247001454e-08,1.1099427155158992e-08,1.2231508605964336e-07,4.1520440419162696e-08,7.776575330353808e-07,0.0,-1.1233797891918584e-08,7.776172878948273e-07,-1.748390737743577e-10,1.429225626736752e-09,1.345871469826676e-10,3.2037842601084776e-08,7.776575330353808e-07,2.0415124879491486e-07,8.197076084570654e-08,9.655891197724031e-09,1.2218049505463568e-07,9.48259870625634e-09,0.0,0.0
3.0247505492297933e-05,0.013821558968629688,0.0018273272994907552,1.045617428609737e-06,0.009776081101908194,1.0456537893333007e-06,9.832853038460598e-07,8.333359602374912e-08,9.612676876713522e-09,1.2228771595346188e-07,4.152096266807348e-08,7.776640700285498e-07,0.0,-1.1234804198068105e-08,7.79455149313435e-07,1.6565221416797726e-09,5.150245785401353e-10,1.345930172869103e-10,3.2038141029033795e-08,7.776640700285498e-07,2.0383019716518902e-07,8.167707221673481e-08,9.117695043414642e-09,1.221531107375995e-07,9.482823415396524e-09,0.0,0.0
3.0250004783738405e-05,0.013823271729052067,0.0021643439412755844,1.0456857963749403e-06,0.008320125183469007,1.045731210069789e-06,9.847810815699631e-07,8.478551905000131e-08,8.193501876974096e-09,1.223321248744469e-07,4.1521186489035244e-08,7.776633879075234e-07,0.0,-1.123549964177073e-08,7.794208727318619e-07,1.6229022570257712e-09,6.361894344664165e-10,1.3459520997738394e-10,3.2038197872452656e-08,7.776633879075234e-07,2.0536013778382767e-07,8.316261101981581e-08,7.539774138365374e-09,1.221975196585845e-07,9.482987728404169e-09,0.0,0.0
3.0252504075178877e-05,0.013824985944665968,-8.628650738279342e-05,1.045721418759938e-06,0.012238236737180743,1.045768840413075e-06,9.81004859568202e-07,8.096470338614381e-08,1.2005769711720404e-08,1.223828007823613e-07,4.1521747817796495e-08,7.77657419348543e-07,0.0,-1.1236436670003513e-08,7.776467896292161e-07,-1.4522583136056255e-10,1.3157870348834422e-09,1.3461472214704173e-10,3.203850695854271e-08,7.77657419348543e-07,2.0335811257155e-07,8.110992411047846e-08,1.0697680075111293e-08,1.222481813556442e-07,9.483240859253783e-09,0.0,0.0
3.0255005185608752e-05,0.013826698705088347,-0.0010476581010553966,1.045701997005473e-06,0.007502989475040779,1.0457417829456972e-06,9.85587689683598e-07,8.557311304002724e-08,7.394854062425793e-09,1.223574770392588e-07,4.1521989402326653e-08,7.776570782880299e-07,0.0,-1.123730442031956e-08,7.78417415858712e-07,6.257101503592821e-10,6.074699077096568e-11,1.3463889725340294e-10,3.203862419809411e-08,7.776570782880299e-07,2.0717024540317652e-07,8.494740200148954e-08,7.338184726535246e-09,1.22222843401687e-07,9.483363427875702e-09,0.0,0.0
3.0257504477049224e-05,0.013828411465510726,0.0006900349650112991,1.0456958717779377e-06,0.011461535069820485,1.0457310963829514e-06,9.817185855354182e-07,8.174205845534743e-08,1.1252001996808758e-08,1.22318496664775e-07,4.1522433491536503e-08,7.776580446261505e-07,0.0,-1.1238066477403663e-08,7.77792195094662e-07,-4.884434870455756e-13,1.321680209720455e-09,1.346569522553409e-10,3.203880183377805e-08,7.776580446261505e-07,2.0392639044075622e-07,8.174254162440775e-08,9.916547583088686e-09,1.2218384881634847e-07,9.483631657758451e-09,0.0,0.0
3.0260003768489696e-05,0.013830124225933105,0.0018575531407769574,1.0457395058587388e-06,0.010143445120153043,1.0457803227836848e-06,9.830469025473576e-07,8.30540685115011e-08,9.971482306525559e-09,1.223286858476058e-07,4.152284915903692e-08,7.776641837153875e-07,0.0,-1.1239038144594815e-08,7.795468377480574e-07,1.7479743208426157e-09,4.056799340901307e-10,1.346892736231453e-10,3.2039064734590283e-08,7.776641837153875e-07,2.035000932210096e-07,8.130609785439447e-08,9.580658932861752e-09,1.2219399536661513e-07,9.4837826480898e-09,0.0,0.0
3.026250487891957e-05,0.013831836986355484,0.0013289567131966606,1.0457940831383728e-06,0.009274788020835319,1.0458393262524623e-06,9.839503718467313e-07,8.392472494733738e-08,9.125931121900521e-09,1.2236340296567505e-07,4.152315113969962e-08,7.776623078825651e-07,0.0,-1.1239782438110524e-08,7.790458766976371e-07,1.248881331683549e-09,6.823012155265928e-10,1.3471988802304935e-10,3.203912513072282e-08,7.776623078825651e-07,2.049045377816583e-07,8.2675846613256e-08,8.431565667876839e-09,1.2222868406297493e-07,9.484025120798378e-09,0.0,0.0
3.0265004170360044e-05,0.01383354829158634,0.00025858524598465493,1.0458212508269623e-06,0.011792637411745929,1.0458653605383006e-06,9.815262274059933e-07,8.148503383154093e-08,1.1574782909917758e-08,1.2238361080108007e-07,4.152364851961465e-08,7.776575330353808e-07,0.0,-1.124068038649284e-08,7.777598511893302e-07,-3.2483390977056104e-11,1.1455091319945154e-09,1.3476060545247748e-10,3.2039420005958164e-08,7.776575330353808e-07,2.0376636200580833e-07,8.151751273999253e-08,1.0436226105525748e-08,1.222488492658158e-07,9.48422762547807e-09,0.0,0.0
3.0267503461800516e-05,0.013835261052008718,-0.0005237233862336321,1.0458167096458314e-06,0.007780783685727131,1.0458597898832522e-06,9.854269364950596e-07,8.538589924000917e-08,7.667393830956826e-09,1.2238356816851592e-07,4.15239256312816e-08,7.77657419348543e-07,0.0,-1.1241521491456297e-08,7.784618105688423e-07,6.696058707511554e-10,9.432683106824769e-11,1.3480108695951287e-10,3.203951948194117e-08,7.77657419348543e-07,2.0696505487194372e-07,8.47162908712562e-08,7.576878680026766e-09,1.2224877821154223e-07,9.48440614934043e-09,0.0,0.0
3.027000457223039e-05,0.013836973812431097,5.932294899668733e-05,1.0458087555789412e-06,0.011081344770506681,1.0458469432705897e-06,9.821961839406868e-07,8.21814367668594e-08,1.0884054546522748e-08,1.2235739177413052e-07,4.152430577164523e-08,7.77657419348543e-07,0.0,-1.1242327069282965e-08,7.776299071338144e-07,-1.6235046640389328e-10,1.0419272111761302e-09,1.3484158234433608e-10,3.203966869591568e-08,7.77657419348543e-07,2.0456634786114591e-07,8.234378157112587e-08,9.830454672510314e-09,1.2222255918459268e-07,9.484638852086391e-09,0.0,0.0
3.0272503863670863e-05,0.013838685117661953,0.0016618084526740518,1.0458382093906478e-06,0.00994255062132145,1.0458754786668578e-06,9.833306648943108e-07,8.333112333502868e-08,9.776814913209364e-09,1.2233725499299908e-07,4.152465749029943e-08,7.776623078825651e-07,0.0,-1.1243265873872588e-08,7.790695235598832e-07,1.2723354592125702e-09,3.266340531382639e-10,1.3487427841241129e-10,3.203987120059537e-08,7.776623078825651e-07,2.0426116975613695e-07,8.205878998523986e-08,9.463157368827524e-09,1.222023797708971e-07,9.484787177882481e-09,0.0,0.0
3.0275003155111335e-05,0.013840396422892809,0.0018965203889984572,1.0458991032582464e-06,0.00857897330479025,1.0459450550115434e-06,9.847281035035849e-07,8.469206136396679e-08,8.447956112433985e-09,1.2237426005867746e-07,4.15249310492527e-08,7.776617962917953e-07,0.0,-1.124408743891081e-08,7.789664095980697e-07,1.1697131041543685e-09,5.021945637118108e-10,1.3489308281489087e-10,3.203991383315952e-08,7.776617962917953e-07,2.0576172232722456e-07,8.35223517015038e-08,7.939595647599162e-09,1.2223937062572077e-07,9.485016327914764e-09,0.0,0.0
3.027750426554121e-05,0.013842107728123665,6.80003980502164e-05,1.0459327222052364e-06,0.010770805315394448,1.0459801842443994e-06,9.826262612477876e-07,8.254991712419724e-08,1.0583676157693844e-08,1.2241903846188507e-07,4.1525296978761617e-08,7.776573056617053e-07,0.0,-1.1244926767517427e-08,7.77680327246344e-07,-1.1188435594666757e-10,9.832668013132206e-10,1.349082234813892e-10,3.20401341014076e-08,7.776573056617053e-07,2.0494593400144367e-07,8.266179918337002e-08,9.599497197143592e-09,1.2228413481807365e-07,9.485165541889273e-09,0.0,0.0
3.0280003556981683e-05,0.013843820488546044,-0.0008450011217314146,1.0459194140443597e-06,0.008969730859097861,1.0459598343004473e-06,9.843589623415028e-07,8.430096443134971e-08,8.829434960944127e-09,1.2240087698955904e-07,4.1525598959424315e-08,7.776571351314487e-07,0.0,-1.1245802511439251e-08,7.78235289544682e-07,4.4325135228895363e-10,1.1013664980019655e-10,1.3492124084635293e-10,3.2040215813822215e-08,7.776571351314487e-07,2.0612367279682076e-07,8.385771366192785e-08,8.72377903249344e-09,1.222659591348929e-07,9.4853831456021e-09,0.0,0.0
3.0282502848422155e-05,0.0138455317937769,0.0006489075352087426,1.045916058284556e-06,0.00992672397075411,1.0459532404638594e-06,9.834185448198696e-07,8.339520718436688e-08,9.762124442147524e-09,1.2236547775046347e-07,4.1525925809082764e-08,7.776578740958939e-07,0.0,-1.1246661379971101e-08,7.778150461490441e-07,2.2262025556329945e-11,1.0111378401234106e-09,1.3493710315781726e-10,3.204034371151465e-08,7.776578740958939e-07,2.0560348445997079e-07,8.337294588045552e-08,8.74643735215841e-09,1.2223054568494263e-07,9.485583873924952e-09,0.0,0.0
3.028500395885203e-05,0.013847241643816233,0.0017806479839369005,1.0459576000405559e-06,0.00959932328560158,1.0459983741384349e-06,9.83780978458526e-07,8.374448157155712e-08,9.443631654448836e-09,1.2237427426953218e-07,4.152630239673272e-08,7.776621941957274e-07,0.0,-1.1247501596756138e-08,7.790792437845084e-07,1.2820781103428658e-09,3.3705524482563476e-10,1.3495149442377397e-10,3.204052845262595e-08,7.776621941957274e-07,2.0470172046316293e-07,8.246240668086102e-08,9.110595833305979e-09,1.222393137823019e-07,9.485773055928348e-09,0.0,0.0
3.0287503250292502e-05,0.013848952949047089,0.0011568214457913228,1.0460078691085615e-06,0.009863347903315384,1.0460533985678921e-06,9.835770242716535e-07,8.350681213187272e-08,9.701362380098999e-09,1.2240927560469572e-07,4.1526575955685985e-08,7.776610004839313e-07,0.0,-1.1248358688931148e-08,7.78644107413129e-07,8.481728652753873e-10,5.741922493029961e-10,1.349716310938831e-10,3.2040574637903774e-08,7.776610004839313e-07,2.0493294528023398e-07,8.265863726819589e-08,9.12101771888274e-09,1.2227430090661073e-07,9.48600309413905e-09,0.0,0.0
3.0290002541732974e-05,0.013850664254277945,0.0001996744510863735,1.0460310828938011e-06,0.010115403446727065,1.046075112753897e-06,9.833519243329647e-07,8.326335887431924e-08,9.947001444743364e-09,1.224310324232647e-07,4.152693833248122e-08,7.776575330353808e-07,0.0,-1.1249274400881859e-08,7.77772584115155e-07,-1.9974823878277093e-11,7.987648320550989e-10,1.3500281448308726e-10,3.2040773589869787e-08,7.776575330353808e-07,2.0557935442866437e-07,8.328333223062145e-08,9.156186031589186e-09,1.2229602930347028e-07,9.486165630789856e-09,0.0,0.0
3.029250365216285e-05,0.0138523755595088,-0.00021838276357932784,1.046030762737471e-06,0.008458928074081376,1.046071815835603e-06,9.849627531366423e-07,8.487948122137823e-08,8.331729084432027e-09,1.224257033527465e-07,4.152721189143449e-08,7.776575898787996e-07,0.0,-1.125007109692433e-08,7.782053330629424e-07,4.1272030237848867e-10,1.4317906582572704e-10,1.3502428342082595e-10,3.204083043328865e-08,7.776575898787996e-07,2.0675743428455462e-07,8.446676247331197e-08,8.184442457093155e-09,1.2229067181124265e-07,9.486384122681102e-09,0.0,0.0
3.0295002943603322e-05,0.013854085409548134,0.00040097780686182416,1.0460338848388903e-06,0.010847415793394556,1.0460731800776557e-06,9.826355835684808e-07,8.257738670636172e-08,1.0659056748352214e-08,1.2240015223596856e-07,4.1527524530238225e-08,7.776580446261505e-07,0.0,-1.1250985920696621e-08,7.777846917633724e-07,-8.409318380531161e-12,9.023316538403492e-10,1.3504368456818128e-10,3.204096543640844e-08,7.776580446261505e-07,2.0485092022681783e-07,8.258579953235312e-08,9.75547287396239e-09,1.222651206944647e-07,9.486559982008202e-09,0.0,0.0
3.0297502235043794e-05,0.013855795259587467,0.0015434323807772543,1.0460671313372484e-06,0.008373340822607607,1.0461059218869195e-06,9.850778042164166e-07,8.502209425387264e-08,8.248392191489984e-09,1.2239365787536371e-07,4.1527847827182995e-08,7.776620236654708e-07,0.0,-1.1251867881867383e-08,7.790314953126654e-07,1.2343791544466853e-09,1.4427416206164168e-10,1.3505868645680152e-10,3.20410897813872e-08,7.776620236654708e-07,2.060463231146059e-07,8.378771809702812e-08,8.110577098818794e-09,1.2225859791215044e-07,9.486758045795796e-09,0.0,0.0
3.030000334547367e-05,0.013857506564818323,0.0013891269779605364,1.0461173163789525e-06,0.010393523649767483,1.046162083184754e-06,9.831628631218337e-07,8.307263499318651e-08,1.021852646942989e-08,1.2243015135027235e-07,4.152810006985419e-08,7.776600341458106e-07,0.0,-1.1252659248839336e-08,7.78392518441251e-07,5.973528893754576e-10,7.587034334122222e-10,1.3507946150514982e-10,3.2041160835660776e-08,7.776600341458106e-07,2.0477035889143735e-07,8.2475281715233e-08,9.449378168824296e-09,1.2229507717620436e-07,9.486936569658155e-09,0.0,0.0
3.030250263691414e-05,0.013859216414857656,-0.00010005434611759512,1.0461393575878552e-06,0.009653419891222235,1.0461857300470001e-06,9.839056929195067e-07,8.378261640018536e-08,9.498054787115962e-09,1.2246550795680378e-07,4.152845534122207e-08,7.776575330353808e-07,0.0,-1.1253618481532612e-08,7.779597126500448e-07,1.6712793649009683e-10,4.571899248073663e-10,1.35100389209164e-10,3.2041338471344716e-08,7.776575330353808e-07,2.059459092151883e-07,8.361548964330723e-08,9.051047022978764e-09,1.2233041957188107e-07,9.487116869877354e-09,0.0,0.0
3.0305001928354613e-05,0.013860926264896989,-0.00046191013235263867,1.046129748837999e-06,0.009550986639535504,1.04616776752664e-06,9.839866379479645e-07,8.389237393657822e-08,9.398043232522468e-09,1.2243700098224508e-07,4.152870047846591e-08,7.776572488182865e-07,0.0,-1.1254369880475679e-08,7.779036650390481e-07,1.113079559078578e-10,3.4493569112115097e-10,1.3511398944121567e-10,3.204138110390886e-08,7.776572488182865e-07,2.06082944487207e-07,8.378106031159405e-08,9.04291486136799e-09,1.2230188417561294e-07,9.487319374557046e-09,0.0,0.0
3.030750303878449e-05,0.013862636114936322,0.0012551496089641678,1.046143312043502e-06,0.011133323371563848,1.0461799320182763e-06,9.824575499806087e-07,8.240024129690937e-08,1.0938017602768468e-08,1.223973811192991e-07,4.152907706611586e-08,7.776599204589729e-07,0.0,-1.1255288256961649e-08,7.783244768688746e-07,5.293903093672725e-10,8.197631462536492e-10,1.3512423124861783e-10,3.2041576503161195e-08,7.776599204589729e-07,2.0413311574429827e-07,8.187085143163131e-08,1.0124481697459942e-08,1.2226226431266696e-07,9.487504115668344e-09,0.0,0.0
3.031000233022496e-05,0.013864345964975655,0.002055104080509962,1.0461999124175135e-06,0.008482857937964987,1.0462431419000495e-06,9.851012237049872e-07,8.501342563249636e-08,8.356473735204872e-09,1.2242450964095042e-07,4.152933996692809e-08,7.776632742206857e-07,0.0,-1.1256148901850338e-08,7.79469019107637e-07,1.6705863359334217e-09,7.726049661149759e-11,1.3513756780270114e-10,3.204165111014845e-08,7.776632742206857e-07,2.056322045973502e-07,8.334284018474136e-08,8.280311547537167e-09,1.2228936441260885e-07,9.487688856779641e-09,0.0,0.0
3.0312501621665433e-05,0.013866054359823465,0.0004903165902489237,1.0462433982531078e-06,0.011132688570003097,1.0462900945640285e-06,9.82564870355418e-07,8.243473814673052e-08,1.0938588701492336e-08,1.2247171810031432e-07,4.152966681658654e-08,7.776584425300825e-07,0.0,-1.1256928722502835e-08,7.778713211337163e-07,7.768480303482761e-11,1.1034693159217568e-09,1.3515547014897322e-10,3.204179677140928e-08,7.776584425300825e-07,2.0469360606512055e-07,8.235705450942987e-08,9.826866431694725e-09,1.2233655866111803e-07,9.48787270971252e-09,0.0,0.0
3.031500273209531e-05,0.013867764209862798,-0.0005906621980704685,1.046241682493693e-06,0.009171395860322102,1.046284182848467e-06,9.844673058978515e-07,8.434039244775704e-08,9.028939373934008e-09,1.2246960068296175e-07,4.15299759026766e-08,7.776573056617053e-07,0.0,-1.1257911047835023e-08,7.781999897815695e-07,4.074907911100212e-10,1.5523303475983852e-10,1.351799228110906e-10,3.2041960196238506e-08,7.776573056617053e-07,2.0626731611628202e-07,8.393290329422598e-08,8.889163183312121e-09,1.2233441282205604e-07,9.48801659461651e-09,0.0,0.0
3.031750202353578e-05,0.013869474059902132,0.0002731529051374082,1.046236253560923e-06,0.008326411480359296,1.0462732689120458e-06,9.852805078480742e-07,8.518526328771259e-08,8.203850931920442e-09,1.2243746994045068e-07,4.153022459263411e-08,7.776578172524751e-07,0.0,-1.1258623366927623e-08,7.779034945087915e-07,1.1047016079679395e-10,7.928717127292373e-10,1.3520892738760892e-10,3.20420276977984e-08,7.776578172524751e-07,2.0737705597184686e-07,8.507479520858396e-08,7.3996018201683e-09,1.2230226786869025e-07,9.48819511847887e-09,0.0,0.0
3.0320001314976253e-05,0.013871182454749942,0.0014881356563769543,1.046266343323963e-06,0.010720996657379135,1.0463058970344719e-06,9.829772125158343e-07,8.288825625868412e-08,1.0538495409662119e-08,1.2242706759479915e-07,4.1530604732997745e-08,7.77661909978633e-07,0.0,-1.1259541743413592e-08,7.788330549374223e-07,1.0358813806732314e-09,5.499603550340737e-10,1.352374601193418e-10,3.204225151876017e-08,7.77661909978633e-07,2.0414420021097612e-07,8.185237021507419e-08,9.99277194324577e-09,1.222918371013293e-07,9.488351437880738e-09,0.0,0.0
3.0322502425406128e-05,0.013872890849597752,0.0015885352154576537,1.0463189050106215e-06,0.007665397714511174,1.0463630815138458e-06,9.86013674264541e-07,8.589694999727726e-08,7.558186965184177e-09,1.2245428138157877e-07,4.1530810790391115e-08,7.776623647259839e-07,0.0,-1.126043702726065e-08,7.79061849698337e-07,1.2642157320996716e-09,3.845856688666771e-10,1.3526491038362565e-10,3.204229415132431e-08,7.776623647259839e-07,2.069517535119303e-07,8.463273815095818e-08,7.177867633600954e-09,1.2231902246639947e-07,9.488519303602061e-09,0.0,0.0
3.03250017168466e-05,0.013874600699637085,0.00031982516257755833,1.046351535111296e-06,0.010193067476527318,1.0463970738783246e-06,9.835790706347325e-07,8.343253909970372e-08,1.0025687835479857e-08,1.2248855796315183e-07,4.153118027261371e-08,7.776579877827317e-07,0.0,-1.1261134247320115e-08,7.778685926496109e-07,7.53128670538672e-11,1.1834486723927284e-09,1.3530186693255786e-10,3.20425144195724e-08,7.776579877827317e-07,2.0571047798512154e-07,8.33572286751405e-08,8.831212205961947e-09,1.223532564154084e-07,9.488664076684472e-09,0.0,0.0
3.0327501008287072e-05,0.013876309094484895,-0.0007558296648755292,1.0463440864328426e-06,0.009290199505271502,1.0463871831234428e-06,9.84447865448601e-07,8.430234288425709e-08,9.145717072556181e-09,1.224880605832368e-07,4.153145383156698e-08,7.77657419348543e-07,0.0,-1.1262144994361734e-08,7.786207447679772e-07,8.279857355297793e-10,9.048143484458038e-11,1.353337303333646e-10,3.20426316591238e-08,7.77657419348543e-07,2.0582707804805978e-07,8.34743545397032e-08,9.067859352285268e-09,1.2235273061378393e-07,9.48881950790792e-09,0.0,0.0
3.0330002118716948e-05,0.013878017489332706,0.00012900208000377056,1.046333377742678e-06,0.008616489859398587,1.0463699027241091e-06,9.850873539107852e-07,8.497841008647811e-08,8.487995195594067e-09,1.2245111236097728e-07,4.153173804866128e-08,7.776578172524751e-07,0.0,-1.1262851984383815e-08,7.77789352923719e-07,-3.822203404474367e-12,1.2892353851157168e-09,1.3535976506329206e-10,3.2042763109529915e-08,7.776578172524751e-07,2.0729798677621147e-07,8.49822328063965e-08,7.1880279506331135e-09,1.2231575396981498e-07,9.488972274596108e-09,0.0,0.0
3.033250141015742e-05,0.013879725884180516,0.0018647661589237252,1.046367439176549e-06,0.010740255496149015,1.0464051456438028e-06,9.830511089603533e-07,8.295357645238255e-08,1.0558220076006819e-08,1.2243320668403612e-07,4.153216082158906e-08,7.776642974022252e-07,0.0,-1.1263711741094085e-08,7.795894134687842e-07,1.7897462400995323e-09,5.12608511193946e-10,1.3539437626608475e-10,3.204303666848318e-08,7.776642974022252e-07,2.0346163864815026e-07,8.116382588241322e-08,1.0050170473618891e-08,1.2229780566030968e-07,9.489123264927457e-09,0.0,0.0
3.0335000701597892e-05,0.013881432823836803,0.00191245878629287,1.046431914127046e-06,0.008605350823782628,1.04647813259362e-06,9.852032007984235e-07,8.506493287541161e-08,8.478019175583995e-09,1.2247457448211208e-07,4.15323881952645e-08,7.776636721246177e-07,0.0,-1.1264588373194329e-08,7.794573662067705e-07,1.6582804018838715e-09,6.782316930298293e-10,1.3542238164188092e-10,3.204308285376101e-08,7.776636721246177e-07,2.0574580616994353e-07,8.340665402783998e-08,7.799002332831151e-09,1.2233915924753092e-07,9.489303565146656e-09,0.0,0.0
3.0337499993038364e-05,0.013883141218684614,1.0495178157857187e-05,1.0464647657735006e-06,0.011007975288203471,1.0465118975844234e-06,9.828941074374598e-07,8.27187989216327e-08,1.0819674045592365e-08,1.225175054742067e-07,4.1532850048042746e-08,7.776577604090562e-07,0.0,-1.126532467310426e-08,7.778994017826335e-07,1.0620115203918701e-10,1.436864405235383e-09,1.354528988972703e-10,3.204339549256474e-08,7.776577604090562e-07,2.049946488114074e-07,8.261259409891863e-08,9.37777766552017e-09,1.223820618179161e-07,9.489454555478005e-09,0.0,0.0
3.034000110346824e-05,0.013884849613532424,-0.0009849219524069308,1.0464481187166935e-06,0.009023456971676051,1.046489160216879e-06,9.848033641901566e-07,8.464572687216787e-08,8.886330782331697e-09,1.2250022507487301e-07,4.153314492327809e-08,7.776574761919619e-07,0.0,-1.1266281241262277e-08,7.789323603901721e-07,1.1394407639642168e-09,5.804511732376838e-11,1.3549003585744401e-10,3.204352339025718e-08,7.776574761919619e-07,2.058710322216939e-07,8.350628633024826e-08,8.83999806688962e-09,1.2236473878601828e-07,9.489623309377748e-09,0.0,0.0
3.034250039490871e-05,0.013886556553188711,0.00040391870458300616,1.0464382013418522e-06,0.009072295340600358,1.0464746083016507e-06,9.84740267995221e-07,8.462150447030581e-08,8.933854545034592e-09,1.2246060521192703e-07,4.153346822022286e-08,7.776582151564071e-07,0.0,-1.1266997113068555e-08,7.779305519761692e-07,1.3681658583841738e-10,1.4744094833929466e-09,1.355146828085907e-10,3.204369036780008e-08,7.776582151564071e-07,2.0680978707332542e-07,8.44846894665352e-08,7.447864547316385e-09,1.2232509050136287e-07,9.489777852422776e-09,0.0,0.0
3.0344999686349183e-05,0.013888264948036522,0.0019249527546212342,1.0464779876618734e-06,0.010684802002196013,1.0465168998052832e-06,9.83209702098975e-07,8.308924748234858e-08,1.0505400993565672e-08,1.2245574509961443e-07,4.153394073114214e-08,7.776646953061572e-07,0.0,-1.1267889732380354e-08,7.797779630891455e-07,1.9777293136513663e-09,4.838949796415193e-10,1.3553108635377953e-10,3.2043981690321743e-08,7.776646953061572e-07,2.0343172479897476e-07,8.111151572620656e-08,1.0028474939360876e-08,1.2232021617819555e-07,9.489956376285136e-09,0.0,0.0
3.034750079677906e-05,0.013889971887692809,0.0016434878179205636,1.0465388987891172e-06,0.007881961871540716,1.0465846571605653e-06,9.860100362857338e-07,8.58495496913747e-08,7.771693510960631e-09,1.224967434154678e-07,4.153414323582183e-08,7.776637289680366e-07,0.0,-1.126875925905324e-08,7.794773750902095e-07,1.67811409212959e-09,6.934680052417264e-10,1.3553914934849587e-10,3.2044031428313247e-08,7.776637289680366e-07,2.0653264698466955e-07,8.4171439596048e-08,7.079830055545244e-09,1.223612002831942e-07,9.490110031151744e-09,0.0,0.0
3.035000008821953e-05,0.013891678827349097,0.00018589649085232196,1.0465701252753495e-06,0.010418178020770207,1.0466159210409387e-06,9.835647460931796e-07,8.337764256793889e-08,1.0246952619752392e-08,1.225292720619109e-07,4.153463706302318e-08,7.776578740958939e-07,0.0,-1.1269506217104208e-08,7.779680117891985e-07,1.745915079176541e-10,1.349739209288714e-09,1.355558859605921e-10,3.20443405144033e-08,7.776578740958939e-07,2.055967627256905e-07,8.320304800690792e-08,8.888288327568716e-09,1.2239371471878258e-07,9.49029832497672e-09,0.0,0.0
3.0352499379660003e-05,0.013893385767005384,-0.0007254371375085,1.04656091564209e-06,0.009275891792562526,1.0466026196809253e-06,9.846636430665967e-07,8.448502342162101e-08,9.13363340515616e-09,1.2252098713361192e-07,4.153491772740381e-08,7.776576467222185e-07,0.0,-1.1270437916266474e-08,7.789293476889725e-07,1.1360847818053799e-09,3.942634760334407e-11,1.3557462097413264e-10,3.204446130666838e-08,7.776576467222185e-07,2.0573435222104308e-07,8.334893664141418e-08,9.105685094823457e-09,1.223854155796289e-07,9.490454644378588e-09,0.0,0.0
3.035500049008988e-05,0.013895092706661671,0.0001014562801735508,1.0465502646653885e-06,0.009026871365010253,1.0465881814525346e-06,9.848912441157154e-07,8.47437249262839e-08,8.890486569157474e-09,1.224896379881102e-07,4.15352374716349e-08,7.776578740958939e-07,0.0,-1.1271183097960602e-08,7.778750159559422e-07,8.158459324780765e-11,1.3137327892209782e-09,1.355919543311046e-10,3.204461762607025e-08,7.776578740958939e-07,2.0701618552720902e-07,8.466214040936393e-08,7.566211657206168e-09,1.2235403801241773e-07,9.490618069207812e-09,0.0,0.0
3.035750523849856e-05,0.013896804011892527,0.0017972528129384102,1.0465827573734177e-06,0.010929256321384742,1.046619900080259e-06,9.830678209254984e-07,8.292845166124607e-08,1.0744200196199927e-08,1.22475725561344e-07,4.153570998255418e-08,7.776636721246177e-07,0.0,-1.127207660545082e-08,7.795665055709833e-07,1.7672068253204998e-09,4.082400528737651e-10,1.3560833012071782e-10,3.204488052688248e-08,7.776636721246177e-07,2.0350135798707925e-07,8.116123950685505e-08,1.0340113654194738e-08,1.2234011137479683e-07,9.490827679314862e-09,0.0,0.0
3.0360006348928437e-05,0.013898510951548815,0.0020782099424998535,1.0466489091840549e-06,0.008474629106908087,1.046693796524778e-06,9.855328926278162e-07,8.535592144198745e-08,8.352025737679014e-09,1.2251364012172417e-07,4.153591959266123e-08,7.776633879075234e-07,0.0,-1.1272946132123707e-08,7.794820362505561e-07,1.68303826431071e-09,6.227580118256526e-10,1.356283696463123e-10,3.204494092301502e-08,7.776633879075234e-07,2.060508990098242e-07,8.367288728550193e-08,7.732759321754656e-09,1.2237801172432228e-07,9.49097955782463e-09,0.0,0.0
3.036250564036891e-05,0.01390021643601358,0.00023461529383736468,1.0466883540591578e-06,0.009810775212261133,1.046736656462599e-06,9.842701729212422e-07,8.404787621429932e-08,9.656453414663702e-09,1.2256445813818573e-07,4.153637078729844e-08,7.776578172524751e-07,0.0,-1.1273654898502627e-08,7.779922839290521e-07,1.988092607208003e-10,1.1849290437737636e-09,1.3565466805420812e-10,3.2045218034681966e-08,7.776578172524751e-07,2.062778747813354e-07,8.384906635683365e-08,8.46672243426383e-09,1.2242881552992912e-07,9.491150088081213e-09,0.0,0.0
3.036500493180938e-05,0.013901923375669867,-0.000914500647730826,1.0466767488264348e-06,0.009117381982441506,1.0467169886396732e-06,9.849258049143828e-07,8.472314760865629e-08,8.97994478776809e-09,1.2254541559286736e-07,4.153663368811067e-08,7.776572488182865e-07,0.0,-1.12745643932044e-08,7.78633477693802e-07,8.405231510799638e-10,4.312092002911605e-11,1.356722095779972e-10,3.204532461609233e-08,7.776572488182865e-07,2.0629236985314492e-07,8.38826252902436e-08,8.941320572830591e-09,1.2240974456290132e-07,9.491309072018339e-09,0.0,0.0
3.0367506042239256e-05,0.013903628860134631,0.0006025680550738599,1.0466714288645265e-06,0.00960405000166874,1.04670766631898e-06,9.84440589490987e-07,8.428363429402452e-08,9.454616645143687e-09,1.2249864766999963e-07,4.153695698505544e-08,7.776583288432448e-07,0.0,-1.1275406386346276e-08,7.780016062497452e-07,2.0756163454649368e-10,1.2342992183889123e-09,1.3570503054616267e-10,3.2045484488207876e-08,7.776583288432448e-07,2.064390116629511e-07,8.407607055005428e-08,8.214060542854895e-09,1.2236294821832416e-07,9.491471608669144e-09,0.0,0.0
3.0370005333679728e-05,0.013905335799790919,0.001983823260765405,1.0467155770035634e-06,0.010433069306304195,1.046756324285525e-06,9.836797971729538e-07,8.35062294868294e-08,1.0262799499116682e-08,1.225096468715492e-07,4.1537354888987466e-08,7.77663956341712e-07,0.0,-1.1276320321940148e-08,7.796951990712842e-07,1.8955379488261315e-09,3.22522314410989e-10,1.3573485391216167e-10,3.204571186188332e-08,7.77663956341712e-07,2.039846123125244e-07,8.16106933143601e-08,9.943856404959206e-09,1.223739189981643e-07,9.491643027104146e-09,0.0,0.0
3.03725046251202e-05,0.013907041284255683,0.0011996568406316688,1.0467698707621315e-06,0.00894266104750752,1.0468155551279779e-06,9.851905815594364e-07,8.497740822122068e-08,8.810225438082853e-09,1.2255074466338556e-07,4.153758581537659e-08,7.776623647259839e-07,0.0,-1.1277178302293578e-08,7.791614962116e-07,1.363334112269854e-09,6.277049990899286e-10,1.3575823798461784e-10,3.204576870530218e-08,7.776623647259839e-07,2.0602907113698166e-07,8.361407566326307e-08,8.183455690868868e-09,1.2241498836829123e-07,9.491817110074408e-09,0.0,0.0
3.0375005735550076e-05,0.013908746768720448,3.788771501156418e-05,1.0467909768922725e-06,0.010213426782465167,1.0468356776982546e-06,9.839700396696571e-07,8.374505000574572e-08,1.0049705956305388e-08,1.2256735715254763e-07,4.15379695084539e-08,7.776577035656373e-07,0.0,-1.1277962563838173e-08,7.779460702295182e-07,1.5260898100777354e-10,9.572481696196178e-10,1.357904899634832e-10,3.204601028983234e-08,7.776577035656373e-07,2.0602399786184833e-07,8.359243963695917e-08,9.08835051660617e-09,1.2243155822488916e-07,9.49196010679998e-09,0.0,0.0
3.0377505026990548e-05,0.013910452253185213,-0.00033751322617803226,1.0467858668257272e-06,0.009259773488514207,1.0468266964380746e-06,9.848896524999873e-07,8.467259959843432e-08,9.119855093331353e-09,1.225592995979241e-07,4.153823596197981e-08,7.776578172524751e-07,0.0,-1.1278959988203496e-08,7.785739057908359e-07,7.803036550235731e-10,6.358185505872527e-11,1.3581595570411054e-10,3.204609200224695e-08,7.776578172524751e-07,2.0631578934171557e-07,8.389229577687729e-08,9.062840256035543e-09,1.2242348645941092e-07,9.492145736089697e-09,0.0,0.0
3.038000431843102e-05,0.013912157737649977,0.00026405930399064914,1.0467846140804954e-06,0.009736523644901204,1.0468237405802938e-06,9.844205806075479e-07,8.422566821764121e-08,9.584834259612762e-09,1.2253683223661938e-07,4.153851662636043e-08,7.776581014695694e-07,0.0,-1.1279829514876383e-08,7.779489692438801e-07,1.550131412120237e-10,8.659636896446443e-10,1.3583481561774136e-10,3.204620924179835e-08,7.776581014695694e-07,2.064716539962319e-07,8.407065621440779e-08,8.711261045846186e-09,1.2240099067639676e-07,9.492308272740502e-09,0.0,0.0
3.0382505428860895e-05,0.013913863222114742,0.0015019434528245057,1.0468147329831602e-06,0.00926778477912876,1.04685386759229e-06,9.849063644651324e-07,8.471290868783399e-08,9.127900213456996e-09,1.2253174475063133e-07,4.153881860702313e-08,7.776617394483765e-07,0.0,-1.1280811840208571e-08,7.790519021000364e-07,1.2543301952661068e-09,1.755132150726979e-10,1.3585826907913656e-10,3.20463513503455e-08,7.776617394483765e-07,2.0585446236509597e-07,8.345857338554197e-08,8.96427998497984e-09,1.2239587476869929e-07,9.492469921212887e-09,0.0,0.0
3.0385004720301367e-05,0.013915567251387984,0.0015838164942724442,1.0468673152359607e-06,0.008125919381292635,1.0469112794453395e-06,9.860777936410159e-07,8.585080024658964e-08,8.01278865480981e-09,1.2256595027793082e-07,4.1539045980698575e-08,7.776610573273501e-07,0.0,-1.128155435736744e-08,7.787954814375553e-07,9.985301474557673e-10,4.787049090460016e-10,1.3589110392508985e-10,3.204639398290965e-08,7.776610573273501e-07,2.0728232641431532e-07,8.485226743459862e-08,7.524061373942459e-09,1.2243006608514406e-07,9.492651109610506e-09,0.0,0.0
3.038750401174184e-05,0.013917272735852748,0.00018357402734794914,1.0468974578067386e-06,0.010775975822986759,1.0469445896887919e-06,9.835243872657884e-07,8.326949085812885e-08,1.0598435018494001e-08,1.225968730977911e-07,4.1539315986938163e-08,7.776579877827317e-07,0.0,-1.1282515366417556e-08,7.780581086080929e-07,2.642064900193475e-10,5.057516627715586e-10,1.3592232894765743e-10,3.204654674959784e-08,7.776579877827317e-07,2.0546623602513137e-07,8.300528264726381e-08,1.0095228653028698e-08,1.224609462724402e-07,9.492771901875585e-09,0.0,0.0
3.0390005122171715e-05,0.01391897676512599,-0.000483834144114903,1.046892341286453e-06,0.007532976118009831,1.0469327662576688e-06,9.866771506494842e-07,8.643935700547445e-08,7.432615412028554e-09,1.2258043113888561e-07,4.153953625518625e-08,7.77657419348543e-07,0.0,-1.128342219658407e-08,7.781419526509126e-07,3.4858141373383944e-10,8.97311461245387e-11,1.3595019554557553e-10,3.2046585829448304e-08,7.77657419348543e-07,2.0853525484199054e-07,8.609077895016526e-08,7.351000697042309e-09,1.2244447589182528e-07,9.492948649381105e-09,0.0,0.0
3.0392504413612187e-05,0.013920682249590755,0.0007514077071585357,1.0468969047120024e-06,0.009780347207546778,1.046933903126046e-06,9.84481403065729e-07,8.427512199205012e-08,9.628569941355636e-09,1.2254724879312562e-07,4.153976718157537e-08,7.776590109642711e-07,0.0,-1.1284128298427731e-08,7.781417252772371e-07,3.46738637801991e-10,6.233583649262187e-10,1.3596636316837163e-10,3.204669596357235e-08,7.776590109642711e-07,2.063396635776371e-07,8.392838424242655e-08,8.988263466847002e-09,1.2241127933521057e-07,9.493072106181444e-09,0.0,0.0
3.039500370505266e-05,0.013922386278863996,0.001890882510399372,1.0469419301107935e-06,0.009990322664986104,1.0469839253346436e-06,9.84324969977024e-07,8.409811869114492e-08,9.83372405727323e-09,1.22564344451348e-07,4.154003718781496e-08,7.776625352562405e-07,0.0,-1.1285206547029247e-08,7.792904739289952e-07,1.491951451271234e-09,4.8871986318976823e-11,1.3597667436471284e-10,3.2046788334127996e-08,7.776625352562405e-07,2.0503453868059296e-07,8.260617079258736e-08,9.803545530928659e-09,1.2242836078257824e-07,9.493250630043804e-09,0.0,0.0
3.0397504815482534e-05,0.013924090308137238,0.0011291000701718623,1.0469933914980132e-06,0.007234901665374969,1.0470386087035877e-06,9.870710755421896e-07,8.680835605900938e-08,7.141362168283649e-09,1.226024863854036e-07,4.154021837621258e-08,7.776602046760672e-07,0.0,-1.128590820798081e-08,7.78534626988403e-07,7.383992861598188e-10,4.539966458327882e-10,1.3599980863698846e-10,3.204682741397846e-08,7.776602046760672e-07,2.085364485537866e-07,8.606995294258013e-08,6.675159092139893e-09,1.2246648850577913e-07,9.493390962234116e-09,0.0,0.0
3.0400004106923006e-05,0.01392579433741048,-1.241713589927862e-05,1.0470124201021025e-06,0.011505849052135498,1.0470565712239477e-06,9.829200280364603e-07,8.265332951395976e-08,1.1309329472908303e-08,1.226088386374613e-07,4.154048482973849e-08,7.776578172524751e-07,0.0,-1.1286806156363127e-08,7.780183182148903e-07,2.2447667336056298e-10,3.985698715514019e-10,1.3602600990036962e-10,3.20469553116709e-08,7.776578172524751e-07,2.0490166718900582e-07,8.242885485287843e-08,1.091147527887415e-08,1.224728123361274e-07,9.493530406246009e-09,0.0,0.0
3.040250339836348e-05,0.013927498366683722,-2.208560753882982e-05,1.0470118321652543e-06,0.007143525416237776,1.0470524784977897e-06,9.871721431409242e-07,8.691651487424679e-08,7.051889294729108e-09,1.22597626273091e-07,4.1540669570849786e-08,7.776579877827317e-07,0.0,-1.1287766277234823e-08,7.782793431942991e-07,4.85304185726676e-10,5.6063098607950224e-11,1.3604296855707076e-10,3.204698728609401e-08,7.776579877827317e-07,2.088927857357703e-07,8.643120708029528e-08,7.006907942752605e-09,1.2246158576090238e-07,9.493682284755778e-09,0.0,0.0
3.0405004508793354e-05,0.013929202395956963,0.0006367444704975522,1.0470223061322097e-06,0.010574458382434815,1.0470611186974565e-06,9.83828385869856e-07,8.358443892575451e-08,1.0403452321838813e-08,1.2258524861863407e-07,4.154087562824316e-08,7.77658669903758e-07,0.0,-1.1288444845547474e-08,7.780781174915319e-07,2.833886458830648e-10,5.672105007903383e-10,1.3605411242068044e-10,3.20470725512223e-08,7.77658669903758e-07,2.0575023995661468e-07,8.330104606102395e-08,9.81464864935333e-09,1.2244919389559072e-07,9.493803077020857e-09,0.0,0.0
3.0407503800233826e-05,0.013930906425230205,0.0014563215154854703,1.047057972589319e-06,0.009509885276814069,1.0470988627275801e-06,9.849018169916235e-07,8.465456602380073e-08,9.366303288516065e-09,1.2258524861863407e-07,4.1541149187196424e-08,7.776620236654708e-07,0.0,-1.1289555068572099e-08,7.790850418132322e-07,1.286991291316042e-09,9.504062814524872e-11,1.3606624160722447e-10,3.204716847449163e-08,7.776620236654708e-07,2.0581676096753654e-07,8.336757417737317e-08,9.296972969252693e-09,1.22449179684736e-07,9.493978936347958e-09,0.0,0.0
3.0410003091674298e-05,0.013932608999311924,0.0014704511006904397,1.0471078030613128e-06,0.00792064373732771,1.047151158672932e-06,9.865059382718755e-07,8.623262459650505e-08,7.813762081809728e-09,1.226123771402854e-07,4.1541298401170934e-08,7.776609436405124e-07,0.0,-1.1290197221569542e-08,7.787660933900042e-07,9.690293012454276e-10,3.549440741323906e-10,1.3608499049855283e-10,3.204719689620106e-08,7.776609436405124e-07,2.077398875144354e-07,8.526359351890278e-08,7.435990045934204e-09,1.2247629399553261e-07,9.494102393148296e-09,0.0,0.0
3.0412504202104174e-05,0.013934313028585166,0.0003293083769291272,1.0471384714896594e-06,0.012457802215890827,1.047183900482196e-06,9.821159210332553e-07,8.182068000905929e-08,1.2235005897309748e-08,1.2263713244919927e-07,4.154161459268835e-08,7.776581583129882e-07,0.0,-1.129127191745738e-08,7.780658961564768e-07,2.716510072442446e-10,5.144589199090888e-10,1.3609795235236533e-10,3.2047324793893495e-08,7.776581583129882e-07,2.0405006750934263e-07,8.154902531032349e-08,1.1728483073625284e-08,1.2250103509359178e-07,9.494288910616433e-09,0.0,0.0
3.0415003493544646e-05,0.013936015602666885,-0.00031003409110236246,1.0471387996486544e-06,0.0076339541533248555,1.0471809446244151e-06,9.868138022284256e-07,8.652533267650142e-08,7.533291324079983e-09,1.2263082282970572e-07,4.1541795781085966e-08,7.776576467222185e-07,0.0,-1.129212900963239e-08,7.78272067236685e-07,4.783195506341542e-10,1.798957857679362e-11,1.3610546023556935e-10,3.204737097917132e-08,7.776576467222185e-07,2.0854173499174067e-07,8.60470166230698e-08,7.523490275218592e-09,1.2249471126324352e-07,9.494423913736227e-09,0.0,0.0
3.0417502784985118e-05,0.013937719631940126,0.00037687450296303507,1.0471399386288389e-06,0.010666521832791312,1.047177761392959e-06,9.838486221269704e-07,8.358117042917002e-08,1.049424280807898e-08,1.226093075956669e-07,4.154202670747509e-08,7.776581014695694e-07,0.0,-1.1292888402181234e-08,7.779793236295518e-07,1.8511685240252262e-10,5.127409608007838e-10,1.361128432186831e-10,3.204743137530386e-08,7.776581014695694e-07,2.058692558648545e-07,8.339605273022244e-08,9.963169844695585e-09,1.224731960292047e-07,9.49459355581439e-09,0.0,0.0
3.0420003895414993e-05,0.013939422206021845,0.0014139333738967252,1.0471704284596037e-06,0.009992716571575057,1.047210389515385e-06,9.845359727478353e-07,8.426650310866535e-08,9.838188930189062e-09,1.2260815651643497e-07,4.1542293161001e-08,7.776612847010256e-07,0.0,-1.129396753896117e-08,7.788489142512844e-07,1.051488673908807e-09,2.0862303551361094e-10,1.3611732574414503e-10,3.20475415094279e-08,7.776612847010256e-07,2.056870584965509e-07,8.321502065200548e-08,9.652027621598336e-09,1.2247204494997277e-07,9.494750763394677e-09,0.0,0.0
3.0422503186855465e-05,0.013941124780103564,0.001577381040878123,1.0472213578035323e-06,0.007362990836814504,1.0472646181369782e-06,9.871590691545862e-07,8.686578212291352e-08,7.268443180663553e-09,1.226319312763735e-07,4.154243171683447e-08,7.776613983878633e-07,0.0,-1.1294623902813328e-08,7.789528808643809e-07,1.1553928924712409e-09,1.717464781503253e-10,1.361163542989985e-10,3.2047559272996295e-08,7.776613983878633e-07,2.0820620250106003e-07,8.571038989657609e-08,7.08339698007876e-09,1.224958054990566e-07,9.494872443838176e-09,0.0,0.0
3.0425002478295937e-05,0.013942827354185283,0.000513756002544552,1.047256960960847e-06,0.011243655807105901,1.0473017937329132e-06,9.83406494015071e-07,8.309122989658135e-08,1.1057084137178208e-08,1.226568855372534e-07,4.1542712381215097e-08,7.776583288432448e-07,0.0,-1.1295552049261914e-08,7.779979682709381e-07,2.0350134077862236e-10,5.668626679167232e-10,1.3612942717511345e-10,3.204765519626562e-08,7.776583288432448e-07,2.0540848311156878e-07,8.288773045705966e-08,1.0489832114046749e-08,1.2252075975993648e-07,9.495058961306313e-09,0.0,0.0
3.042750176973641e-05,0.013944529928267002,-0.0002986765671672553,1.0472606228475687e-06,0.008748021725379806,1.047303499035479e-06,9.858399607765023e-07,8.552359531677212e-08,8.624149394620417e-09,1.2265877558093052e-07,4.154290422775375e-08,7.776575898787996e-07,0.0,-1.129651217013361e-08,7.781702606735053e-07,3.7651384787729114e-10,7.610786306733175e-11,1.3615003569000805e-10,3.20477262505392e-08,7.776575898787996e-07,2.0766971431385173e-07,8.51470858265202e-08,8.555272934529512e-09,1.2252262138190417e-07,9.495178865392973e-09,0.0,0.0
3.0430002880166285e-05,0.013946232502348721,0.00025610271201464974,1.0472598979961453e-06,0.009682558338714172,1.0472980420672684e-06,9.849211437540362e-07,8.462252054641795e-08,9.536556433431542e-09,1.2264064253031393e-07,4.154309252157873e-08,7.776579309393128e-07,0.0,-1.1297289326250848e-08,7.780269584145572e-07,2.328668091688968e-10,3.6405140013684445e-10,1.3614856464450042e-10,3.204775467224863e-08,7.776579309393128e-07,2.0689415691776958e-07,8.438965437562729e-08,9.162741676504993e-09,1.225045025421423e-07,9.495336961151679e-09,0.0,0.0
3.0432502171606757e-05,0.013947933621238917,0.0012379129104462816,1.0472853129781215e-06,0.01040804362612276,1.0473252132214839e-06,9.842394774750574e-07,8.394695072411196e-08,1.0244007420112666e-08,1.2263213022833952e-07,4.154338739681407e-08,7.776603752063238e-07,0.0,-1.1298302737827726e-08,7.784956324030645e-07,6.991041634485384e-10,4.481306159487275e-10,1.3615303329217454e-10,3.204787546451371e-08,7.776603752063238e-07,2.0574383086113812e-07,8.32478477263976e-08,9.803976297462214e-09,1.2249599024016788e-07,9.49551193230036e-09,0.0,0.0
3.043500146304723e-05,0.013949636195320636,0.0014509297724337733,1.0473310925167384e-06,0.008768377668299708,1.0473744396222173e-06,9.858871408141567e-07,8.55757846807137e-08,8.644630788978702e-09,1.2264935378425434e-07,4.154355792707065e-08,7.776619668220519e-07,0.0,-1.1299124302865948e-08,7.79072479417664e-07,1.2743197608244827e-09,7.96917393186547e-11,1.3616234528779358e-10,3.2047914544364176e-08,7.776619668220519e-07,2.0681466139649274e-07,8.43014689166921e-08,8.559015718390128e-09,1.22513199585228e-07,9.495643382706476e-09,0.0,0.0
3.0437502573477104e-05,0.013951337314210832,0.0007027290208265757,1.0473677288133009e-06,0.011256734102576256,1.0474116152181523e-06,9.834968750510598e-07,8.316553845588714e-08,1.1070962813164442e-08,1.226724890557307e-07,4.154382082788288e-08,7.776588404340146e-07,0.0,-1.1300012481285648e-08,7.780521400491125e-07,2.571466928280586e-10,7.087098130575953e-10,1.36177985554653e-10,3.204799980949247e-08,7.776588404340146e-07,2.0544469236938312e-07,8.290839303981556e-08,1.0363424784998188e-08,1.225363064349949e-07,9.495821906568835e-09,0.0,0.0
3.0440001864917576e-05,0.013953039888292551,-0.00015481147460860711,1.047377057515432e-06,0.008813760478897946,1.047421164912521e-06,9.858867997536436e-07,8.554668085025696e-08,8.689370112335837e-09,1.2268236559975776e-07,4.154406596512672e-08,7.776577035656373e-07,0.0,-1.1300920199630582e-08,7.781949875607097e-07,4.0107120402588237e-10,1.7279061514940963e-10,1.362028684281924e-10,3.204811349633019e-08,7.776577035656373e-07,2.0769178377122444e-07,8.514560789762982e-08,8.520880001583464e-09,1.2254616876816726e-07,9.495952468796531e-09,0.0,0.0
3.044250115635805e-05,0.013954741007182747,-5.3150407215096784e-05,1.047373519836576e-06,0.009831360846852785,1.0474130931470427e-06,9.84884422905452e-07,8.455969435772204e-08,9.682754154027862e-09,1.2266714577435778e-07,4.154424360081066e-08,7.776575330353808e-07,0.0,-1.1301747981917742e-08,7.779476050018275e-07,1.538092569974836e-10,4.23972384977489e-10,1.3622965255866148e-10,3.20481454707533e-08,7.776575330353808e-07,2.0693678948191518e-07,8.440588317171205e-08,9.254902622046757e-09,1.2253090631020314e-07,9.496099906414202e-09,0.0,0.0
3.0445002266787924e-05,0.013956442126072943,0.0010722735628441171,1.0473908563330908e-06,0.008864547102592024,1.0474286682438105e-06,9.858423482000944e-07,8.553951147405314e-08,8.739045931349665e-09,1.2264274573681178e-07,4.154451715976393e-08,7.776601478326484e-07,0.0,-1.1302664582046873e-08,7.784237823216245e-07,6.274053498955823e-10,5.177151485291631e-10,1.3625230110836384e-10,3.204828757930045e-08,7.776601478326484e-07,2.074185943001794e-07,8.491210223837697e-08,8.228395742548855e-09,1.2250649206180242e-07,9.496228692285058e-09,0.0,0.0
3.0447501558228396e-05,0.01395814324496314,0.0017256250536465956,1.0474384519149844e-06,0.009549515713985036,1.047481987370702e-06,9.852253697317792e-07,8.490337677358184e-08,9.408425150070343e-09,1.226598840275983e-07,4.154468413730683e-08,7.776620805088896e-07,0.0,-1.1303478153479318e-08,7.791000484758115e-07,1.301696417321807e-09,1.1884222772540198e-10,1.3627279860095598e-10,3.2048326659150916e-08,7.776620805088896e-07,2.061252928342583e-07,8.360168379795141e-08,9.276170054306476e-09,1.2252360193087952e-07,9.496358366334334e-09,0.0,0.0
3.0450000849668868e-05,0.013959844363853335,0.0005727008143233125,1.0474775491704826e-06,0.011362990086518851,1.0475237104401458e-06,9.83498807727301e-07,8.313801913573116e-08,1.1175487202308432e-08,1.2270244553747034e-07,4.1544936379978026e-08,7.776583288432448e-07,0.0,-1.1304437386172594e-08,7.779467523505446e-07,1.5213000303937463e-10,7.339130414507622e-10,1.3628520534325617e-10,3.20484296878476e-08,7.776583288432448e-07,2.0555205537675647e-07,8.298589193600492e-08,1.0451665310995395e-08,1.2256616344075155e-07,9.496504915773585e-09,0.0,0.0
3.0452501960098743e-05,0.013961545482743531,-0.0005435611466242385,1.0474780448708745e-06,0.007760385999197405,1.047520754582365e-06,9.870107078313595e-07,8.665372774885327e-08,7.659584078112402e-09,1.2269964599909144e-07,4.1545149542798754e-08,7.776573056617053e-07,0.0,-1.1305314018272838e-08,7.781054023325851e-07,3.1181773829658255e-10,8.543445118025517e-11,1.3628445594271454e-10,3.204852916383061e-08,7.776573056617053e-07,2.0890527707706497e-07,8.634191317469231e-08,7.57467333301065e-09,1.2256336390237266e-07,9.496622155324985e-09,0.0,0.0
3.0455001251539215e-05,0.013963246601633728,0.00029208406085778904,1.047473766946664e-06,0.011076805999751539,1.0475118870090228e-06,9.83763470685517e-07,8.343391044718373e-08,1.0896957114425732e-08,1.2267176430214022e-07,4.154533428391005e-08,7.776578172524751e-07,0.0,-1.1306151570522616e-08,7.779510156069591e-07,1.5692655508381392e-10,4.4324446890620095e-10,1.3628888295702524e-10,3.2048571796394754e-08,7.776578172524751e-07,2.0581246928941255e-07,8.327698708399112e-08,1.0443219622402466e-08,1.2253548220542143e-07,9.496762487515298e-09,0.0,0.0
3.0457500542979687e-05,0.0139649462653324,0.0014046630118933479,1.047502605940718e-06,0.009814264515344952,1.0475423550815322e-06,9.850223250396084e-07,8.46901144768708e-08,9.66726965145881e-09,1.2267176430214022e-07,4.1545593632008604e-08,7.776604888931615e-07,0.0,-1.1307148994887939e-08,7.785291700201924e-07,7.323724959817923e-10,3.440475959681777e-10,1.3630040152090572e-10,3.204869969408719e-08,7.776604888931615e-07,2.0649321186283487e-07,8.395774386826815e-08,9.337577822066123e-09,1.2253546799456672e-07,9.496892161564574e-09,0.0,0.0
3.0460001653409563e-05,0.013966647384222597,0.0012473114864377938,1.0475477191798722e-06,0.00805735964058016,1.0475924909769674e-06,9.867877679425874e-07,8.642884807841256e-08,7.950903935238784e-09,1.2269777016626904e-07,4.1545739293269435e-08,7.776611710141879e-07,0.0,-1.1308018521560825e-08,7.787479603393876e-07,9.504659281844852e-10,1.3098586104653975e-10,1.363121004960277e-10,3.204873522122398e-08,7.776611710141879e-07,2.0803983602490916e-07,8.54783834824957e-08,7.812830382647462e-09,1.2256145964784082e-07,9.497004960223876e-09,0.0,0.0
3.0462500944850035e-05,0.01396834704792127,0.0004308068954056443,1.047576241548829e-06,0.01039641614609399,1.0476201168785337e-06,9.84529606284923e-07,8.415102570324962e-08,1.0235579495088132e-08,1.2272059279894165e-07,4.154598087779959e-08,7.776580446261505e-07,0.0,-1.1308912917229463e-08,7.778607482578082e-07,6.637727173464114e-11,5.636139333020651e-10,1.3632447948275228e-10,3.2048831144493306e-08,7.776580446261505e-07,2.0666891487053363e-07,8.408465390630226e-08,9.672963763307507e-09,1.2258426806965872e-07,9.497150621484707e-09,0.0,0.0
3.0465000236290507e-05,0.013970046711619943,-6.79579038020961e-05,1.0475824087614204e-06,0.008174381071245743,1.0476244369783672e-06,9.867027301879716e-07,8.632668624386497e-08,8.065684120595051e-09,1.2271836169475137e-07,4.1546179829765606e-08,7.776576467222185e-07,0.0,-1.1309912117951626e-08,7.781419526509126e-07,3.4798292025683963e-10,2.9720233218899494e-11,1.3633580375760346e-10,3.20488986460532e-08,7.776576467222185e-07,2.085607349044949e-07,8.597870504445382e-08,8.041257437696459e-09,1.2258203696546843e-07,9.497281183712403e-09,0.0,0.0
3.0467501346720383e-05,0.01397174783051014,0.00024264419129965686,1.0475853803828556e-06,0.00935605149900092,1.047626142280933e-06,9.855482403509086e-07,8.518305349980437e-08,9.220840091472837e-09,1.227074477583301e-07,4.1546364570876904e-08,7.776577035656373e-07,0.0,-1.1310718583956714e-08,7.778526764923299e-07,5.861019308772697e-11,4.0518063904038115e-10,1.3634129936157535e-10,3.204893772590367e-08,7.776577035656373e-07,2.0769554964772396e-07,8.512444793495888e-08,8.806053664045521e-09,1.2257110881819244e-07,9.497425068616394e-09,0.0,0.0
3.0470000638160855e-05,0.013973447494208813,0.0009949702837892538,1.0476064156668182e-06,0.010556610768160097,1.0476455827301834e-06,9.843953421295737e-07,8.403569040638104e-08,1.03918784688517e-08,1.2269964599909144e-07,4.15466168135481e-08,7.776599773023918e-07,0.0,-1.131176574631354e-08,7.78414573687769e-07,6.182592215964178e-10,2.345216243426762e-10,1.363440610413491e-10,3.2049044307314034e-08,7.776599773023918e-07,2.0598074002009525e-07,8.341743296114146e-08,1.0162550800885128e-08,1.225633070589538e-07,9.497571618055645e-09,0.0,0.0
3.0472499929601327e-05,0.013975147157907486,0.0013284265062180056,1.047645905598634e-06,0.007740288737230372,1.0476884426680044e-06,9.871879456113675e-07,8.681139718191844e-08,7.641119736945257e-09,1.2271543425868003e-07,4.154678734380468e-08,7.776610573273501e-07,0.0,-1.1312665471052696e-08,7.787058393660118e-07,9.083938046217099e-10,1.0531091970689133e-10,1.3635580164983452e-10,3.204906562359611e-08,7.776610573273501e-07,2.0848207782364625e-07,8.590300382138594e-08,7.541595792304179e-09,1.2257908110768767e-07,9.497721720208574e-09,0.0,0.0
3.0475001040031202e-05,0.01397684682160616,0.0007525448990750583,1.0476812751141897e-06,0.009492592835752954,1.047726186698128e-06,9.855106100076227e-07,8.510813387374583e-08,9.355050956116884e-09,1.2274415439605946e-07,4.154697208491598e-08,7.776583288432448e-07,0.0,-1.1313520786870868e-08,7.77960849518422e-07,1.661396020757877e-10,4.007073839407127e-10,1.363698182155204e-10,3.2049133125156004e-08,7.776583288432448e-07,2.0754977470005542e-07,8.49419947712704e-08,8.942650175924882e-09,1.2260777282335766e-07,9.497838959759974e-09,0.0,0.0
3.0477500331471674e-05,0.01397854503011331,-0.00015050009810835263,1.0476914990902165e-06,0.009839082475240395,1.0477341447767685e-06,9.851792128756642e-07,8.477453405930646e-08,9.693259528376075e-09,1.2274722394067794e-07,4.1547160378740955e-08,7.776574761919619e-07,0.0,-1.1314515546700932e-08,7.779403858876321e-07,1.4652899726907975e-10,5.256108048801167e-11,1.3637664608712186e-10,3.2049186415861186e-08,7.776574761919619e-07,2.0723885540974152e-07,8.462800593633801e-08,9.650547028172696e-09,1.2261084236797615e-07,9.497973962879769e-09,0.0,0.0
3.0479999622912146e-05,0.013980244693811983,4.710986161171604e-07,1.0476889491017746e-06,0.007698699830909012,1.0477292562427465e-06,9.872658210952068e-07,8.687717212296775e-08,7.600663209927916e-09,1.2273109462057619e-07,4.1547341567138574e-08,7.776575898787996e-07,0.0,-1.131538152066014e-08,7.778213557685376e-07,2.740178049742692e-11,1.87273099805374e-10,1.3639958607036817e-10,3.204920417942958e-08,7.776575898787996e-07,2.0944446532666916e-07,8.684977359507684e-08,7.411944835666873e-09,1.2259469883701968e-07,9.498138275887413e-09,0.0,0.0
3.0482500733342022e-05,0.013981942902319133,0.0010202803746377498,1.0477062835901301e-06,0.010254285105485959,1.0477450587131898e-06,9.847830142462044e-07,8.439840826213185e-08,1.009824579512042e-08,1.2272538185698068e-07,4.154752630824987e-08,7.776592383379466e-07,0.0,-1.131620663841204e-08,7.78154856106994e-07,3.5920227903218915e-10,1.922310921553816e-10,1.3642942331415497e-10,3.20492681282758e-08,7.776592383379466e-07,2.0662815813921043e-07,8.403920759292305e-08,9.897306085804303e-09,1.2258895765171474e-07,9.498256403617233e-09,0.0,0.0
3.0485005481750704e-05,0.013983646931592375,0.0014211689085605883,1.0477478866006071e-06,0.009331348810807438,1.0477900787009276e-06,9.857270697466447e-07,8.532649786729962e-08,9.198163120061054e-09,1.2273983429622604e-07,4.154770039122013e-08,7.77660716266837e-07,0.0,-1.1317206727312623e-08,7.785723141751077e-07,7.751646546871882e-10,2.05019300147935e-11,1.3643246254968489e-10,3.204928589184419e-08,7.77660716266837e-07,2.0715474136068224e-07,8.45513383751495e-08,9.189905725293102e-09,1.2260339588010538e-07,9.49841361119752e-09,0.0,0.0
3.048750659218058e-05,0.013985345140099525,0.0007688370415001033,1.047785077467958e-06,0.008525859033828328,1.0478305512151564e-06,9.865534593700431e-07,8.613048407823953e-08,8.41121572392467e-09,1.227642911771909e-07,4.154786381604936e-08,7.77658669903758e-07,0.0,-1.1317975001645664e-08,7.779966608723043e-07,2.0150485446901456e-10,2.343932548054539e-10,1.364441892803825e-10,3.20493178662673e-08,7.77658669903758e-07,2.085568269194482e-07,8.592898126380533e-08,8.165157439066206e-09,1.2262785276107024e-07,9.498547726138895e-09,0.0,0.0
3.0490005883621052e-05,0.013987043348606676,5.498416712768073e-05,1.0477990676698068e-06,0.011438956830273397,1.0478410104042268e-06,9.837212928687222e-07,8.329666201234431e-08,1.1252745402146047e-08,1.2276704808300565e-07,4.154806276801537e-08,7.776575898787996e-07,0.0,-1.13189324579821e-08,7.778009489811666e-07,6.913360509064326e-12,8.7720282426762e-11,1.3647093177748815e-10,3.204935694611777e-08,7.776575898787996e-07,2.0592031546584622e-07,8.328974843152537e-08,1.1168462599187023e-08,1.2263056703432085e-07,9.498704933719182e-09,0.0,0.0
3.0492505175061524e-05,0.013988741557113826,0.0003207104330087418,1.0478054477474673e-06,0.007697036008760785,1.0478457852514111e-06,9.873778026303626e-07,8.696670761310088e-08,7.599882501097e-09,1.2275322092136776e-07,4.154821553470356e-08,7.776579309393128e-07,0.0,-1.1319840176327034e-08,7.778846224937297e-07,9.020793140246397e-11,8.428999859200204e-11,1.365001306430358e-10,3.2049367604258805e-08,7.776579309393128e-07,2.094932085583423e-07,8.687649710736878e-08,7.52364126554994e-09,1.2261671145097353e-07,9.498847042266334e-09,0.0,0.0
3.04950062854914e-05,0.013990439765620977,0.000960242079030893,1.0478272009919994e-06,0.010653158784854662,1.0478684089321177e-06,9.845113027040497e-07,8.409799079345248e-08,1.0488155233190355e-08,1.2275442884401855e-07,4.154841448666957e-08,7.776588404340146e-07,0.0,-1.1320615556087432e-08,7.780474788887659e-07,2.521422237666826e-10,1.689997031206758e-10,1.3652723396262445e-10,3.204940668410927e-08,7.776588404340146e-07,2.0646375276101026e-07,8.384585470366801e-08,1.0302353636859607e-08,1.226179051627696e-07,9.4990078025603e-09,0.0,0.0
3.049750557693187e-05,0.013992137974128127,0.0009688576108882671,1.047859961127045e-06,0.009481200684448984,1.0479017191755702e-06,9.856860287982272e-07,8.525852024376945e-08,9.345487050893553e-09,1.2276767336061312e-07,4.154859567506719e-08,7.776598636155541e-07,0.0,-1.1321655613016901e-08,7.783183946230565e-07,5.219837895253931e-10,1.4677327062062595e-11,1.3655264419210056e-10,3.2049428000391345e-08,7.776598636155541e-07,2.073676625968801e-07,8.473653423379801e-08,9.351365903853548e-09,1.2263112125765474e-07,9.499166786497426e-09,0.0,0.0
3.0500004868372343e-05,0.013993836182635278,0.0008162319874867041,1.0478902756704648e-06,0.008121350270382336,1.0479334378032945e-06,9.870461781247286e-07,8.661019279543325e-08,8.016147745593116e-09,1.2277703831387043e-07,4.154873778361434e-08,7.776588972774334e-07,0.0,-1.132236970846634e-08,7.780313922012283e-07,2.3592183762133345e-10,1.6452358919671894e-10,1.365674517916915e-10,3.204944576395974e-08,7.776588972774334e-07,2.0901475750179088e-07,8.637427129087882e-08,7.834713322552034e-09,1.2264047200005734e-07,9.499289355119345e-09,0.0,0.0
3.050250597880222e-05,0.013995534391142428,0.000544698182608272,1.0479133871023897e-06,0.01182149995797974,1.0479564025445143e-06,9.834581078393967e-07,8.301245202346763e-08,1.1625949980498262e-08,1.2278754013550497e-07,4.154895094643507e-08,7.776581014695694e-07,0.0,-1.1323369797366922e-08,7.77893490067072e-07,9.879893431152809e-11,5.773850841883643e-11,1.365667301467255e-10,3.204947773838285e-08,7.776581014695694e-07,2.055646177723247e-07,8.291365105606019e-08,1.1574255331936456e-08,1.2265097382169188e-07,9.499472319873803e-09,0.0,0.0
3.050500527024269e-05,0.013997231144458055,0.00012105452819263784,1.0479246832835841e-06,0.007197010126615707,1.0479669754204224e-06,9.879830713543925e-07,8.753452362952885e-08,7.110524169462451e-09,1.2279063810183288e-07,4.1549117923977974e-08,7.776579309393128e-07,0.0,-1.1324241988575068e-08,7.77793843553809e-07,-6.519867653577427e-13,5.213665610348528e-11,1.3657143471679234e-10,3.2049488396523884e-08,7.776579309393128e-07,2.1018924201143818e-07,8.753517022341839e-08,7.065783513837687e-09,1.2265405757716508e-07,9.49962952745409e-09,0.0,0.0
3.0507504561683163e-05,0.013998929352965206,0.0005267462775578099,1.0479356842919767e-06,0.010827334969021,1.0479761840542778e-06,9.844430906014168e-07,8.400227358151824e-08,1.0658895099879828e-08,1.2278228211926034e-07,4.154927424337984e-08,7.776584993735014e-07,0.0,-1.1325028914654922e-08,7.77882064539881e-07,8.70164981736643e-11,6.774255462138612e-11,1.3657938668920622e-10,3.204950616009228e-08,7.776584993735014e-07,2.0656096921811695e-07,8.391526051809706e-08,1.0574911613048243e-08,1.2264571580544725e-07,9.499768971465983e-09,0.0,0.0
3.051000567211304e-05,0.014000626106280833,0.001092653775245811,1.0479631615160659e-06,0.009114365073129646,1.0480041510163574e-06,9.861405487754382e-07,8.569143261638601e-08,8.988044974955756e-09,1.2278978545054997e-07,4.154949095891425e-08,7.776593520247843e-07,0.0,-1.1326076965190168e-08,7.781433737363841e-07,3.474651955048813e-10,1.4499818012936316e-11,1.3658851827358376e-10,3.2049520370946993e-08,7.776593520247843e-07,2.0799717503905413e-07,8.534397011317196e-08,8.99330565573564e-09,1.2265320492588216e-07,9.499967923431996e-09,0.0,0.0
3.051250496355351e-05,0.014002322859596461,0.0007663966201008066,1.047994705015288e-06,0.008496403320873362,1.0480389391887002e-06,9.867784456218942e-07,8.631453596308347e-08,8.384067662348116e-09,1.228049626433858e-07,4.15496330674614e-08,7.776589541208523e-07,0.0,-1.1326762638930177e-08,7.780074611218879e-07,2.1188310828090806e-10,5.6256978242519295e-11,1.366118329571009e-10,3.204953102908803e-08,7.776589541208523e-07,2.0877101292171574e-07,8.610265211927981e-08,8.309634758063567e-09,1.2266835369700857e-07,9.50010470290863e-09,0.0,0.0
3.0515004254993983e-05,0.014004019612912089,0.0004131665809854468,1.0480147192930123e-06,0.01178777584729811,1.0480571290827356e-06,9.835852097239695e-07,8.312015609135415e-08,1.1594281978943854e-08,1.2280683847620821e-07,4.15498178085727e-08,7.776582151564071e-07,0.0,-1.1327801807681226e-08,7.778530743962619e-07,5.822140686229105e-11,2.8102244489791595e-11,1.366397550661702e-10,3.2049541687229066e-08,7.776582151564071e-07,2.057321211168528e-07,8.306193421958596e-08,1.1574366354238919e-08,1.2267020110812155e-07,9.50027878587889e-09,0.0,0.0
3.0517505365423858e-05,0.014005716366227716,0.0005773910328805698,1.0480315266121687e-06,0.007046432157416385,1.0480722494321526e-06,9.882301128527615e-07,8.776676452271204e-08,6.963496446132922e-09,1.2280511896278767e-07,4.155002386596607e-08,7.776582151564071e-07,0.0,-1.132864912989362e-08,7.778891131238197e-07,9.421068092319018e-11,3.3942876287440527e-11,1.3665742149004956e-10,3.204955589808378e-08,7.776582151564071e-07,2.1034101393979654e-07,8.76725536613776e-08,6.937198371304021e-09,1.2266845317299158e-07,9.500467967882287e-09,0.0,0.0
3.052000465686433e-05,0.014007413119543344,0.0005816340654405394,1.0480511924089534e-06,0.010251213910855811,1.0480946457391838e-06,9.851163440544042e-07,8.463951672865733e-08,1.0098638369981927e-08,1.228186903290407e-07,4.155016242179954e-08,7.776581583129882e-07,0.0,-1.1329426286010857e-08,7.778851909279183e-07,9.038440829112204e-11,3.6616900483954495e-11,1.3667345033496758e-10,3.204956300351114e-08,7.776581583129882e-07,2.0723115312648588e-07,8.454912858724128e-08,1.0046130149987675e-08,1.2268201032838988e-07,9.500600306466822e-09,0.0,0.0
3.05225039483048e-05,0.014009109872858971,0.0004988188169328112,1.0480695250290588e-06,0.00903389273738387,1.0481105618964648e-06,9.86319491858012e-07,8.583796784478182e-08,8.910304494236243e-09,1.2282325201340427e-07,4.155034716291084e-08,7.77658271999826e-07,0.0,-1.1330472560189264e-08,7.778802455504774e-07,8.53169410119925e-11,4.15187849378551e-11,1.3668748077844128e-10,3.2049577214365854e-08,7.77658271999826e-07,2.084392178858252e-07,8.575264587307174e-08,8.887097280307898e-09,1.2268657201275346e-07,9.500768172188145e-09,0.0,0.0
3.0525003239745274e-05,0.014010806626174599,0.0009645075425949723,1.0480943540675825e-06,0.00802152755204485,1.048134549819224e-06,9.873330100163002e-07,8.686168939675554e-08,7.919918942889126e-09,1.2281208228159812e-07,4.1550510587740064e-08,7.776592383379466e-07,0.0,-1.1331160898464532e-08,7.781162025821686e-07,3.2029667806909856e-10,4.356244878711557e-11,1.3669446130570861e-10,3.204959142522057e-08,7.776592383379466e-07,2.092167790124222e-07,8.65413909423296e-08,7.861516770901744e-09,1.2267537385923788e-07,9.500916497984235e-09,0.0,0.0
3.0527502531185746e-05,0.014012501924298704,0.0010752323646112671,1.0481289337399659e-06,0.01089379005120018,1.048172975970374e-06,9.845645081441035e-07,8.407479157312991e-08,1.0725639043585034e-08,1.2283074113383918e-07,4.155069532885136e-08,7.776589541208523e-07,0.0,-1.133214411197514e-08,7.780936925882997e-07,2.980098945393195e-10,7.924993994379292e-11,1.3671050402841445e-10,3.2049602083361606e-08,7.776589541208523e-07,2.064708155558037e-07,8.377678284432477e-08,1.0653062432197657e-08,1.2269403271147894e-07,9.501090580954497e-09,0.0,0.0
3.0530005460605025e-05,0.014014198677614331,0.00023255289049295413,1.0481511236296432e-06,0.007432016112722749,1.0481946901563788e-06,9.87968178378651e-07,8.7455902075817e-08,7.342595420567477e-09,1.22854501682923e-07,4.155085520096691e-08,7.776578172524751e-07,0.0,-1.1332986993295435e-08,7.777774726491771e-07,-1.7066653645869678e-11,9.375646786713432e-11,1.3673380483414377e-10,3.2049634057784715e-08,7.776578172524751e-07,2.1019073415118328e-07,8.74729622069026e-08,7.250397615621296e-09,1.2271776483885333e-07,9.501220255003773e-09,0.0,0.0
3.05325047520455e-05,0.014015893975738436,0.00018860033399437093,1.0481582634323577e-06,0.011098237788917923,1.0481984418220236e-06,9.843886346061481e-07,8.389051942003789e-08,1.092497914356727e-08,1.228403760933361e-07,4.1551011520368775e-08,7.776577604090562e-07,0.0,-1.1333782801159487e-08,7.777853738843987e-07,-9.131497641368114e-12,5.93353421951548e-11,1.3676057508682504e-10,3.204964116321207e-08,7.776577604090562e-07,2.066032749326041e-07,8.389964989419241e-08,1.0853344001304777e-08,1.227036250384117e-07,9.501367692621443e-09,0.0,0.0
3.053500404348597e-05,0.014017590729054064,0.0011504403025379695,1.0481809836487556e-06,0.009434801127077615,1.048220724442217e-06,9.860317504717386e-07,8.554263075666313e-08,9.303013470685073e-09,1.2283013006708643e-07,4.1551185603339036e-08,7.776589541208523e-07,0.0,-1.133480953541266e-08,7.781236490700394e-07,3.278930182926132e-10,1.36907887804405e-10,1.3678388977034217e-10,3.204968024306254e-08,7.776589541208523e-07,2.0790808719084453e-07,8.521474370581927e-08,9.181504445621158e-09,1.226933505904526e-07,9.501506248454916e-09,0.0,0.0
3.053750333492644e-05,0.014019286027178168,0.0011181586056414616,1.0482194431634893e-06,0.0092772356237894,1.0482626748853363e-06,9.86226382337918e-07,8.571938536761081e-08,9.149454527346279e-09,1.2284725414701825e-07,4.1551334817313545e-08,7.776598067721352e-07,0.0,-1.1335500538223187e-08,7.782822990520799e-07,4.857267366098483e-10,7.501710364010705e-11,1.3679944677047473e-10,3.204970155934461e-08,7.776598067721352e-07,2.0794411170754756e-07,8.523366545887257e-08,9.060523886716965e-09,1.22710446248675e-07,9.501633257968933e-09,0.0,0.0
3.054000262636691e-05,0.014020981325302273,0.0004398743510358738,1.0482458564669768e-06,0.010869230582840088,1.0482896186658763e-06,9.84698658612615e-07,8.417622154865967e-08,1.0702916775073845e-08,1.2286417927498405e-07,4.1551512452997486e-08,7.776583288432448e-07,0.0,-1.133649973894535e-08,7.778897384014272e-07,9.461121469600542e-11,1.8308884963680327e-10,1.3680803712112777e-10,3.204972998105404e-08,7.776583288432448e-07,2.0680897705460666e-07,8.408160567796585e-08,1.0528752980576428e-08,1.227273713766408e-07,9.501783360121863e-09,0.0,0.0
3.0542501917807385e-05,0.014022676623426378,0.0004583296199066056,1.0482610837020467e-06,0.008488433420639954,1.048301555783837e-06,9.870342410067678e-07,8.651618088606483e-08,8.378374438677838e-09,1.2286017181395437e-07,4.155167587782671e-08,7.776578740958939e-07,0.0,-1.1337310645842535e-08,7.778912163303175e-07,9.647066478990496e-11,8.074819979331238e-11,1.3682821542460033e-10,3.204977261361819e-08,7.776578740958939e-07,2.0914306730901444e-07,8.641971049883068e-08,8.295629960741735e-09,1.227233497047564e-07,9.501901487851683e-09,0.0,0.0
3.0545004847226664e-05,0.014024371921550483,0.0006280198504526879,1.0482795005642389e-06,0.010523066368903905,1.0483214509804384e-06,9.850655260379426e-07,8.455028677190057e-08,1.0365909908216508e-08,1.2285707384762645e-07,4.1551842855369614e-08,7.776581583129882e-07,0.0,-1.13381837252291e-08,7.779473207847332e-07,1.523036280426382e-10,1.318858078303009e-10,1.368549717994938e-10,3.204979037718658e-08,7.776581583129882e-07,2.0711819104235474e-07,8.43979819364904e-08,1.0232315439395734e-08,1.2272020910586434e-07,9.502052478183032e-09,0.0,0.0
3.0547504138667136e-05,0.014026065764483064,0.0006303574243275989,1.0483008154987729e-06,0.008405748375378422,1.0483429377927678e-06,9.871540669337264e-07,8.663550232768102e-08,8.297768694376373e-09,1.2285978812087706e-07,4.155200628019884e-08,7.776587835905957e-07,0.0,-1.1339094996287713e-08,7.780543569424481e-07,2.586591218989298e-10,1.0874785100201123e-10,1.3687154187813633e-10,3.204984722060544e-08,7.776587835905957e-07,2.090997526238425e-07,8.637683635015492e-08,8.197064360615514e-09,1.2272290916826023e-07,9.502159947771815e-09,0.0,0.0
3.055000343010761e-05,0.01402776106260717,0.0009207267026987154,1.0483271109988817e-06,0.009475940250502126,1.0483672667760402e-06,9.861307717073942e-07,8.56139763527608e-08,9.34451627188082e-09,1.228574006972849e-07,4.15521803631691e-08,7.776593520247843e-07,0.0,-1.1339866823334432e-08,7.781642921145249e-07,3.6805966607822427e-10,1.2042038199933103e-10,1.3689095690327946e-10,3.204986498417384e-08,7.776593520247843e-07,2.0796642274945043e-07,8.524591521563707e-08,9.2124210482325e-09,1.2272050753381336e-07,9.502318043530522e-09,0.0,0.0
3.055250272154808e-05,0.014029454905539751,0.0008622416026438096,1.048357311681512e-06,0.009803217746282279,1.0484014865141944e-06,9.858438261289848e-07,8.530581396826165e-08,9.664441691370484e-09,1.2287944173294818e-07,4.1552347340712004e-08,7.776585562169203e-07,0.0,-1.1340858030450818e-08,7.780523674227879e-07,2.5689714244769846e-10,1.8092181919282524e-10,1.3692055822467353e-10,3.204991827487902e-08,7.776585562169203e-07,2.0779144449534215e-07,8.504891724214758e-08,9.495782826718369e-09,1.2274253435862192e-07,9.502429954011404e-09,0.0,0.0
3.055500201298855e-05,0.014031150203663856,7.689614597344852e-05,1.048373232866147e-06,0.00806473580688175,1.0484170616109623e-06,9.8755856470234e-07,8.700322240429159e-08,7.964398918147708e-09,1.2289780215724022e-07,4.15525320818233e-08,7.776575330353808e-07,0.0,-1.1341617422999661e-08,7.777865107527759e-07,-7.918291890229856e-12,9.723877952838578e-11,1.36936337269411e-10,3.2049957354729486e-08,7.776575330353808e-07,2.0977201131699985e-07,8.701113785036796e-08,7.858127482052168e-09,1.2276086636120453e-07,9.502574727093815e-09,0.0,0.0
3.0557501304429024e-05,0.014032844046596438,0.00023655257024302045,1.0483785421950739e-06,0.010641158460827691,1.0484169479241245e-06,9.850397191257798e-07,8.451110744545076e-08,1.0481963741426625e-08,1.2287054573789646e-07,4.15527168229346e-08,7.776580446261505e-07,0.0,-1.134256777390874e-08,7.778333497299172e-07,3.8370577548629825e-11,2.082210792675454e-10,1.369410973506291e-10,3.204999643457995e-08,7.776580446261505e-07,2.0720634097415314e-07,8.447273813771972e-08,1.0276956174948282e-08,1.2273360994186078e-07,9.502723052889905e-09,0.0,0.0
3.0560004233848304e-05,0.01403453788952902,0.0014588576066258963,1.048407259780533e-06,0.007908321719473211,1.048447757057147e-06,9.877401225821814e-07,8.72173941957044e-08,7.811366664611796e-09,1.228626445026748e-07,4.1552905116759575e-08,7.776600341458106e-07,0.0,-1.1343448846901083e-08,7.784342415106948e-07,6.372369854013016e-10,6.223187937193231e-11,1.3695587719464442e-10,3.205005683071249e-08,7.776600341458106e-07,2.0930585264977708e-07,8.658015815399267e-08,7.752219310930286e-09,1.227256944957844e-07,9.502845621511824e-09,0.0,0.0
3.0562503525288776e-05,0.014036231732461601,0.0010856469774487842,1.0484503596915995e-06,0.010754941364136121,1.048495960276341e-06,9.850048172665993e-07,8.444138899221798e-08,1.059366905309389e-08,1.2290462336750352e-07,4.1553111174152946e-08,7.776588404340146e-07,0.0,-1.1344292616399798e-08,7.780877240293194e-07,2.9191460360067367e-10,2.7682087178071413e-10,1.369759305980267e-10,3.205008525242192e-08,7.776588404340146e-07,2.0691710744813463e-07,8.41494696146583e-08,1.0305054587433915e-08,1.2276764493890369e-07,9.503025921731023e-09,0.0,0.0
3.056500281672925e-05,0.014037925575394183,-0.0001665125424172853,1.0484659283852681e-06,0.00930450993775899,1.0485097163837054e-06,9.864328376352205e-07,8.585624300394556e-08,9.178274140708709e-09,1.229192889695696e-07,4.155331367883264e-08,7.776573056617053e-07,0.0,-1.1345274941731986e-08,7.777695714139554e-07,-2.4737486364889705e-11,1.2316798969624898e-10,1.3699345824402798e-10,3.20501563066955e-08,7.776573056617053e-07,2.086632804321198e-07,8.588097699657737e-08,9.071285056450051e-09,1.2278229633011506e-07,9.503159148493978e-09,0.0,0.0
3.056750210816972e-05,0.014039619418326765,0.00034470525975857126,1.0484689466900172e-06,0.008674217322682828,1.0485080110811396e-06,9.870466328720795e-07,8.649717386788325e-08,8.561857001154749e-09,1.2289186201996927e-07,4.155348420908922e-08,7.776576467222185e-07,0.0,-1.1346027228853472e-08,7.778842814332165e-07,8.962251080157912e-11,1.550270189998315e-10,1.3701992318537748e-10,3.205018117569125e-08,7.776576467222185e-07,2.091623798605724e-07,8.640754600719447e-08,8.393016059926595e-09,1.227548409588053e-07,9.50330214521955e-09,0.0,0.0
3.057000139961019e-05,0.014041313261259347,0.0012230586795267673,1.0484955021487023e-06,0.011079607459904387,1.0485362054168945e-06,9.847250339589664e-07,8.417741526045575e-08,1.0910366832206364e-08,1.228885366799659e-07,4.1553704477337305e-08,7.776591246511089e-07,0.0,-1.1347023765040376e-08,7.781972612974641e-07,4.011347087828909e-10,3.1523017529622166e-10,1.370403790446062e-10,3.2050252229964826e-08,7.776591246511089e-07,2.0652777266150224e-07,8.377627835898238e-08,1.0602168032392001e-08,1.2275150140794722e-07,9.50345047101564e-09,0.0,0.0
3.0572500691050664e-05,0.014043007104191929,0.0009702571833770657,1.0485326534744354e-06,0.00719982777403316,1.0485767916179611e-06,9.885575309453998e-07,8.798843253998712e-08,7.117443967530335e-09,1.2290874451537093e-07,4.1553910534730676e-08,7.776603183629049e-07,0.0,-1.1347876416323288e-08,7.785144475747074e-07,7.170847249327039e-10,5.284380572012637e-11,1.370448060589169e-10,3.2050316178811045e-08,7.776603183629049e-07,2.100430549489829e-07,8.727135281105802e-08,7.069626217770519e-09,1.2277170924335223e-07,9.50359702045489e-09,0.0,0.0
3.057500362046994e-05,0.014044699491932988,0.0006994850732806365,1.0485609119876944e-06,0.010537910124517982,1.0486030532774748e-06,9.853171150098206e-07,8.474248147649632e-08,1.0383183202122837e-08,1.2291623363580584e-07,4.1554123697551404e-08,7.776584425300825e-07,0.0,-1.134864113794265e-08,7.779317456879653e-07,1.3628181916303106e-10,3.946179494285218e-10,1.370359659080833e-10,3.205036236408887e-08,7.776584425300825e-07,2.0738539774356468e-07,8.460619937977754e-08,9.973576631239212e-09,1.2277919836378715e-07,9.503761333462535e-09,0.0,0.0
3.0577502911910415e-05,0.01404639333486557,0.0004548005592509008,1.048580463773303e-06,0.009465621360061427,1.048623403221427e-06,9.863827017397853e-07,8.579899457572537e-08,9.336725170783211e-09,1.229257406976103e-07,4.155434041308581e-08,7.776579309393128e-07,0.0,-1.1349657214054787e-08,7.780143960189889e-07,2.1942694883314573e-10,8.474806273417457e-11,1.370394769883987e-10,3.20504405237898e-08,7.776579309393128e-07,2.083682772990869e-07,8.557956476806794e-08,9.269530032440798e-09,1.2278870542559162e-07,9.503899001117588e-09,0.0,0.0
3.058000220335089e-05,0.01404808572260663,3.207072854061188e-05,1.0485887035232923e-06,0.008215371910375567,1.0486319297342561e-06,9.876134754449595e-07,8.702740217358951e-08,8.11361200447891e-09,1.229286397119722e-07,4.155452870691079e-08,7.77657419348543e-07,0.0,-1.1350341999616376e-08,7.777298378641717e-07,-6.46485365241034e-11,2.3997998033209456e-10,1.3705467316604825e-10,3.205047960364027e-08,7.77657419348543e-07,2.0988363758078776e-07,8.709204735168896e-08,7.859469519644335e-09,1.227915902290988e-07,9.504049103270518e-09,0.0,0.0
3.058250149479136e-05,0.014049778110347688,0.000553024068965513,1.048598605595919e-06,0.011217099480914426,1.0486368182682781e-06,9.846854709394393e-07,8.4120493681894e-08,1.1045314884938762e-08,1.229061865615222e-07,4.155475252787255e-08,7.776587267471768e-07,0.0,-1.1351312778629108e-08,7.77998423018289e-07,2.0258542066109442e-10,2.049212605159667e-10,1.3708009727331216e-10,3.205054710520017e-08,7.776587267471768e-07,2.0668700528858608e-07,8.391790373707408e-08,1.0847236886490919e-08,1.2276910865693935e-07,9.504203646315545e-09,0.0,0.0
3.058500078623183e-05,0.014051470498088747,0.0014419163323928785,1.0486323677227129e-06,0.007488671893332131,1.0486737664905377e-06,9.883651728159748e-07,8.77949091204755e-08,7.401542490015345e-09,1.229099240163123e-07,4.155496924340696e-08,7.776602615194861e-07,0.0,-1.135213434366733e-08,7.784343551975326e-07,6.369519911508803e-10,9.029423042594686e-11,1.3711440316477308e-10,3.205059684319167e-08,7.776602615194861e-07,2.099307749858781e-07,8.715795729585807e-08,7.313114114282371e-09,1.2277281769002002e-07,9.504373288393708e-09,0.0,0.0
3.05875000776723e-05,0.014053162885829806,0.000733181499128932,1.0486691788117695e-06,0.010697106231343413,1.0487158306204947e-06,9.852681159827625e-07,8.465764977927392e-08,1.0539517703023193e-08,1.229522723633636e-07,4.1555157537231935e-08,7.776582151564071e-07,0.0,-1.135293636878032e-08,7.778681947456789e-07,7.279938457616097e-11,3.0526392524876655e-10,1.3714687718824337e-10,3.205064658118317e-08,7.776582151564071e-07,2.0739997808050248e-07,8.45848546759953e-08,1.022593032473651e-08,1.228151376153619e-07,9.504511844227181e-09,0.0,0.0
3.0589999369112775e-05,0.014054855273570865,-0.00029954033347223685,1.0486765177016972e-06,0.008528372108399665,1.0487179906704114e-06,9.873879207589198e-07,8.678161123043537e-08,8.42081160357111e-09,1.2294898965592438e-07,4.1555363594625305e-08,7.776573056617053e-07,0.0,-1.1353916917755669e-08,7.777406381137553e-07,-5.383561652028135e-11,1.3958893936572014e-11,1.3717575686467143e-10,3.2050696319174676e-08,7.776573056617053e-07,2.096472684343098e-07,8.683544194809656e-08,8.420803609965333e-09,1.2281181227535853e-07,9.504667275450629e-09,0.0,0.0
3.0592502298532054e-05,0.014056547661311924,0.0005375394203497308,1.0486805455690673e-06,0.00824153045047959,1.0487192412256263e-06,9.87669181995443e-07,8.709587007160735e-08,8.139905638415712e-09,1.229152530868305e-07,4.155553057216821e-08,7.776580446261505e-07,0.0,-1.1354627460491429e-08,7.778216399856319e-07,2.6377731596194387e-11,1.7736007107416185e-10,1.371838614927512e-10,3.205073539902514e-08,7.776580446261505e-07,2.0984755622066587e-07,8.706949472525594e-08,7.949829239350947e-09,1.2277806149540993e-07,9.504797837678325e-09,0.0,0.0
3.0595001589972526e-05,0.01405823859386146,0.0012405054708110042,1.0487106111088773e-06,0.011167977638159892,1.0487531199032674e-06,9.848430408965214e-07,8.424886033253642e-08,1.0998705057829739e-08,1.2293500617488462e-07,4.15557330768479e-08,7.776591814945277e-07,0.0,-1.135557070597315e-08,7.781469548717723e-07,3.505897239186595e-10,6.700535265524721e-11,1.3718894076308885e-10,3.205076737344825e-08,7.776591814945277e-07,2.066960860247491e-07,8.389827144128503e-08,1.0935255367883201e-08,1.2279781458346406e-07,9.504966591578068e-09,0.0,0.0
3.0597500881413e-05,0.01405993098160252,0.0005186860415795636,1.0487403834503747e-06,0.0077028845716925,1.0487840427231276e-06,9.882592166832183e-07,8.764045134057596e-08,7.612446673022077e-09,1.2296000306832866e-07,4.155591071253184e-08,7.776587267471768e-07,0.0,-1.1356440232646037e-08,7.779420343467791e-07,1.460416093612693e-10,7.395575124524711e-11,1.3721682123879475e-10,3.205079934787136e-08,7.776587267471768e-07,2.1031719654729386e-07,8.749441349209519e-08,7.54200524255566e-09,1.2282278305519867e-07,9.505114029195738e-09,0.0,0.0
3.060000017285347e-05,0.014061621914152056,0.0005106339527980452,1.0487577885571986e-06,0.011253998415857471,1.0487988220120315e-06,9.848025683822925e-07,8.419300456807832e-08,1.108296654450669e-08,1.2295140550122596e-07,4.155608834821578e-08,7.776581583129882e-07,0.0,-1.1357235152331668e-08,7.777908876960282e-07,-4.514178961190218e-12,1.0491695706660309e-10,1.3724410496962491e-10,3.2050817111439756e-08,7.776581583129882e-07,2.070116806862643e-07,8.41975165144504e-08,1.0966480168406179e-08,1.2281415706638654e-07,9.505270348597605e-09,0.0,0.0
3.060249946429394e-05,0.014063314301893115,0.0009307126473152572,1.048782181730365e-06,0.009287070837943334,1.048823492055817e-06,9.86745021691604e-07,8.612941115870854e-08,9.163970915437858e-09,1.229570472105479e-07,4.155627308932708e-08,7.776585562169203e-07,0.0,-1.1358262774763261e-08,7.779860879963962e-07,1.9026957787104948e-10,1.9726210248594e-11,1.3726335346131435e-10,3.205084198043551e-08,7.776585562169203e-07,2.0875893369520782e-07,8.59391420249267e-08,9.158998892644377e-09,1.2281978456485376e-07,9.505430220713151e-09,0.0,0.0
3.0604998755734414e-05,0.014065005234442651,0.0005426319621055775,1.0488070949939325e-06,0.008994766402583664,1.0488507768968702e-06,9.870569783743122e-07,8.642764015576176e-08,8.878346946517013e-09,1.2297094542645937e-07,4.155642230330159e-08,7.776584425300825e-07,0.0,-1.1359024831847364e-08,7.778218105158885e-07,2.6074965103761727e-11,9.191165190047812e-11,1.372895547246955e-10,3.205086329671758e-08,7.776584425300825e-07,2.0923522470184253e-07,8.640157034278673e-08,8.77587513770095e-09,1.228336543590558e-07,9.505558118405588e-09,0.0,0.0
3.060750168515369e-05,0.014066696166992188,0.0004903459737173321,1.048824561954079e-06,0.010520132112790724,1.0488656698726118e-06,9.855806410996593e-07,8.495418768461604e-08,1.0368438552177395e-08,1.2296796114696917e-07,4.155662480798128e-08,7.776584425300825e-07,0.0,-1.1359981400005381e-08,7.77826528519654e-07,3.07632322393836e-11,4.002362677391069e-11,1.373275521077133e-10,3.2050873954858616e-08,7.776584425300825e-07,2.0775406994744117e-07,8.492342828958499e-08,1.033350205403849e-08,1.2283064165785618e-07,9.505749964944243e-09,0.0,0.0
3.0610000976594165e-05,0.014068387099541724,0.0009251200306614749,1.0488484965294745e-06,0.008703798175938079,1.0488893167348579e-06,9.873778026303626e-07,8.675164764326837e-08,8.593937117495898e-09,1.2296725060423341e-07,4.1556781127383147e-08,7.776588972774334e-07,0.0,-1.1360830498574614e-08,7.779812563057931e-07,1.8502156751143417e-10,4.9010066838217625e-11,1.3733901516044256e-10,3.205090237656805e-08,7.776588972774334e-07,2.0939653211371478e-07,8.65666294203038e-08,8.542647478293475e-09,1.2282990269341099e-07,9.50587963899352e-09,0.0,0.0
3.061250026803464e-05,0.01407007803209126,0.0006489668652136515,1.048875113277155e-06,0.010852754745751545,1.0489195574336918e-06,9.85307565315452e-07,8.466071932389241e-08,1.0693301355502172e-08,1.229884531994685e-07,4.155698363206284e-08,7.776584425300825e-07,0.0,-1.136170180160434e-08,7.778414783388143e-07,4.5724896091670075e-11,9.230611414112744e-11,1.3734101356188688e-10,3.205091303470908e-08,7.776584425300825e-07,2.0746610118749231e-07,8.461498879341889e-08,1.0601025834944267e-08,1.2285111949950078e-07,9.506067932818496e-09,0.0,0.0
3.061500683543272e-05,0.014071771875023842,0.0003452489836419659,1.0488919537320454e-06,0.007919442291169957,1.048932972480543e-06,9.881873666017782e-07,8.753941216355088e-08,7.825892822665992e-09,1.2298963270040986e-07,4.1557139951464706e-08,7.776583288432448e-07,0.0,-1.1362617513555051e-08,7.778228905408469e-07,2.7231590246645787e-11,2.762316590743108e-11,1.3736267678865488e-10,3.2050941456418514e-08,7.776583288432448e-07,2.103644476392219e-07,8.751218416591655e-08,7.804917601106354e-09,1.2285227057873271e-07,9.506198495046192e-09,0.0,0.0
3.0617506126873195e-05,0.014073462807573378,0.0010269158423017958,1.0489151561137207e-06,0.010139793264657143,1.0489548003533855e-06,9.860358431978966e-07,8.540715157323575e-08,9.998199601568558e-09,1.2296942486500484e-07,4.1557346008858076e-08,7.776592383379466e-07,0.0,-1.1363428420452237e-08,7.780578243909986e-07,2.6121738105899794e-10,9.51792880621305e-11,1.3738568616084024e-10,3.205097343084162e-08,7.776592383379466e-07,2.0797796196347917e-07,8.514593474728827e-08,9.892008101530791e-09,1.2283203432161827e-07,9.506370801659614e-09,0.0,0.0
3.062000541831367e-05,0.014075153740122914,0.0010325205160590656,1.0489499797934411e-06,0.009630628145893399,1.0489952728676144e-06,9.865721040114295e-07,8.591877787011981e-08,9.501309072845743e-09,1.2299440754759416e-07,4.155754140811041e-08,7.776588404340146e-07,0.0,-1.1364374330469218e-08,7.780374176036275e-07,2.411379429467786e-10,1.2072039201616036e-10,1.3740969473374776e-10,3.2050994747123696e-08,7.776588404340146e-07,2.0853462956438307e-07,8.56776409818849e-08,9.39024857871118e-09,1.2285700279335288e-07,9.506544884629875e-09,0.0,0.0
3.062250470975414e-05,0.014076843217480928,-8.478509352463637e-05,1.0489659915688186e-06,0.008721401917862692,1.049009711096005e-06,9.874746638161014e-07,8.680255092485822e-08,8.612163426846564e-09,1.2301448748530674e-07,4.1557761676358496e-08,7.776575898787996e-07,0.0,-1.1365132834839642e-08,7.777036898914957e-07,-9.133113709758334e-11,6.886120146321062e-11,1.3742995630394716e-10,3.2051051590542556e-08,7.776575898787996e-07,2.097709455028962e-07,8.689388408811283e-08,8.538991735917989e-09,1.2287705430935603e-07,9.50670919763752e-09,0.0,0.0
3.062500400119461e-05,0.014078532694838941,0.0002966314769885514,1.048969570665501e-06,0.009560687230063859,1.0490080057934392e-06,9.866508889899706e-07,8.600689938020878e-08,9.433060554897565e-09,1.2298610840844049e-07,4.155796418103819e-08,7.776579309393128e-07,0.0,-1.1366037888649316e-08,7.777414339216193e-07,-5.392809115933872e-11,1.7841567112597545e-10,1.3744419491423798e-10,3.205107645953831e-08,7.776579309393128e-07,2.0890948349006067e-07,8.606082246842561e-08,9.257401067941373e-09,1.2284866102163505e-07,9.50688683332146e-09,0.0,0.0
3.062750693061389e-05,0.014080223627388477,0.0014910122177715368,1.0489997985146055e-06,0.008351152597699647,1.049040747602703e-06,9.878659739115392e-07,8.722006583639086e-08,8.249819494210442e-09,1.2298613683014992e-07,4.1558145369435806e-08,7.776597499287163e-07,0.0,-1.1366850571903342e-08,7.783392561577784e-07,5.420333626382501e-10,1.0060201977024619e-10,1.3744629046019696e-10,3.205113685567085e-08,7.776597499287163e-07,2.0952671775376075e-07,8.667802831041627e-08,8.148801633467428e-09,1.2284868944334448e-07,9.507009401943378e-09,0.0,0.0
3.063000622205436e-05,0.01408191310474649,0.0009176562770309982,1.0490404924234548e-06,0.009447686663148356,1.0490854265299276e-06,9.86836084848619e-07,8.616103741587722e-08,9.323318117537838e-09,1.2301535434744437e-07,4.155836919039757e-08,7.776596362418786e-07,0.0,-1.1367718322219389e-08,7.781644058013626e-07,3.673211457222436e-10,1.782971131847333e-10,1.3745396487685468e-10,3.205118304094867e-08,7.776596362418786e-07,2.0867162220383761e-07,8.579371524319868e-08,9.145046497849307e-09,1.2287790696063894e-07,9.507184373092059e-09,0.0,0.0
3.0632505513494834e-05,0.014083602582104504,0.0002562818262334954,1.0490603258419065e-06,0.008424812877959879,1.0491027069292613e-06,9.878532409857144e-07,8.718107125105234e-08,8.32247870619085e-09,1.230139901053917e-07,4.155855393150887e-08,7.776581583129882e-07,0.0,-1.1368535446365513e-08,7.777841801726026e-07,-1.1403971517109923e-11,2.5241189693936406e-10,1.3746770388678442e-10,3.205122567351282e-08,7.776581583129882e-07,2.1006898975883814e-07,8.71924754619613e-08,8.070347945476897e-09,1.2287652850773156e-07,9.50732914617447e-09,0.0,0.0
3.0635004804935306e-05,0.014085292059462517,0.0006359079764325926,1.049075399186613e-06,0.009651029176946501,1.0491162356629502e-06,9.86665781965712e-07,8.599688072763456e-08,9.522340249645822e-09,1.2301066476538836e-07,4.155878130518431e-08,7.776581583129882e-07,0.0,-1.1369359675938995e-08,7.779744919389486e-07,1.7883494685122514e-10,1.2166154195192291e-10,1.3748412130976106e-10,3.205130383321375e-08,7.776581583129882e-07,2.086912331833446e-07,8.58180442264711e-08,9.39626243479097e-09,1.228731889568735e-07,9.5074792483274e-09,0.0,0.0
3.063750409637578e-05,0.014086980081629008,0.00041869609729694446,1.0490932011371463e-06,0.009356542296703428,1.04913669929374e-06,9.869727364275604e-07,8.628573056057576e-08,9.234652154077594e-09,1.2302913887651812e-07,4.1558973151722967e-08,7.776579309393128e-07,0.0,-1.1370283381495483e-08,7.777821906529425e-07,-1.3220809863545568e-11,2.945483024152651e-10,1.3750560412528756e-10,3.205133225492318e-08,7.776579309393128e-07,2.0919058840718208e-07,8.629895376088825e-08,8.946630103423558e-09,1.2289163464629382e-07,9.507639120442946e-09,0.0,0.0
3.064000338781625e-05,0.014088669558987021,0.0004516084359238448,1.0491079047351809e-06,0.008359813300141839,1.0491482953511877e-06,9.879588560579577e-07,8.728185463269256e-08,8.259151584866231e-09,1.2301831020522513e-07,4.1559189867257373e-08,7.776587267471768e-07,0.0,-1.1371038333152228e-08,7.780173518767697e-07,2.2110324682245164e-10,1.9883542035081803e-10,1.3752846084180703e-10,3.205141752005147e-08,7.776587267471768e-07,2.099415326028975e-07,8.706074794417873e-08,8.055252465055673e-09,1.228807775532914e-07,9.507771459027481e-09,0.0,0.0
3.064250631723553e-05,0.014090359036345035,0.0014490118246739403,1.0491400152841455e-06,0.010879347520204117,1.0491791044842103e-06,9.855259577307152e-07,8.486117764050505e-08,1.0721879384334443e-08,1.2300455409786082e-07,4.155941013550546e-08,7.776602615194861e-07,0.0,-1.1371887431721461e-08,7.784243507558131e-07,6.265643559544287e-10,1.8968476789282818e-10,1.3753913286063124e-10,3.205147791618401e-08,7.776602615194861e-07,2.071016211857568e-07,8.423461395068443e-08,1.0528843574775237e-08,1.2286700723507238e-07,9.507930442964607e-09,0.0,0.0
3.0645005608676e-05,0.014092047058511525,0.0010973495967095959,1.0491829984293775e-06,0.008681645508883132,1.049229467753321e-06,9.877220463749836e-07,8.701770326524638e-08,8.575052667936234e-09,1.2304550978115003e-07,4.155961264018515e-08,7.776587835905957e-07,0.0,-1.1372804031850592e-08,7.780571422699722e-07,2.608215865507191e-10,3.8147307535041364e-10,1.375495550792749e-10,3.205153831231655e-08,7.776587835905957e-07,2.096648330507378e-07,8.675687723780356e-08,8.205329748989243e-09,1.229079629183616e-07,9.508076104225438e-09,0.0,0.0
3.0647504900116473e-05,0.014093735080678016,-0.00030105994692430915,1.0491964399751754e-06,0.00837338148556411,1.0492407227502554e-06,9.880341167445295e-07,8.731061029720877e-08,8.273186580254333e-09,1.230663286833078e-07,4.155984711928795e-08,7.776571919748676e-07,0.0,-1.1373534114511585e-08,7.777039172651712e-07,-9.083597762860052e-11,1.183773079560524e-10,1.375750902088413e-10,3.205162713015852e-08,7.776571919748676e-07,2.1033019947935827e-07,8.740144608054834e-08,8.14524092618285e-09,1.2292875339880993e-07,9.50821821277259e-09,0.0,0.0
3.0650004191556945e-05,0.01409542455803603,0.0001537721803197556,1.0491939515817075e-06,0.01011012323585494,1.0492309456822113e-06,9.863246077657095e-07,8.563823428175965e-08,9.97186333506761e-09,1.230288404485691e-07,4.156000343868982e-08,7.776575330353808e-07,0.0,-1.1374472919101208e-08,7.776836241646379e-07,-1.1150267514858925e-10,3.1200134142927993e-10,1.376006808495589e-10,3.205166265729531e-08,7.776575330353808e-07,2.0864098360107164e-07,8.574973264785513e-08,9.664445244084163e-09,1.228912367423618e-07,9.508341669572928e-09,0.0,0.0
3.065250348299742e-05,0.01409711258020252,0.001574461117163528,1.0492231245428578e-06,0.007451607493452676,1.0492636874914751e-06,9.88958845482557e-07,8.827669972788499e-08,7.36933314371413e-09,1.2302216134685295e-07,4.156023081236526e-08,7.776599773023918e-07,0.0,-1.1375291819604172e-08,7.784145168443501e-07,6.169284527679508e-10,2.1297280605736546e-10,1.3761743133944293e-10,3.205175502785096e-08,7.776599773023918e-07,2.1054431442735222e-07,8.765977099756128e-08,7.159039139281731e-09,1.2288454342979094e-07,9.508476672692723e-09,0.0,0.0
3.065500277443789e-05,0.01409880060236901,0.0011981813213214204,1.049269927361817e-06,0.010372435603462796,1.0493148465684499e-06,9.861495300356182e-07,8.543425167317764e-08,1.022877249567955e-08,1.2305527263833937e-07,4.156041555347656e-08,7.776600341458106e-07,0.0,-1.1376092068360322e-08,7.783695537000312e-07,5.718798767873068e-10,1.826447326713776e-10,1.376408292896869e-10,3.2051797660415104e-08,7.776600341458106e-07,2.077800047572964e-07,8.486237135230112e-08,1.0033576636203634e-08,1.2291764051042264e-07,9.508617004883035e-09,0.0,0.0
3.065750570385717e-05,0.014100488624535501,0.00021468183958228693,1.0492937768051554e-06,0.009232702570644622,1.0493370155018056e-06,9.872840109892422e-07,8.656138561491389e-08,9.11529962621671e-09,1.2306480812185328e-07,4.156061805815625e-08,7.776578172524751e-07,0.0,-1.1377065511908313e-08,7.777108521622722e-07,-8.462791578622841e-11,4.222413529930691e-10,1.376639080508113e-10,3.205186871468868e-08,7.776578172524751e-07,2.0957314461611531e-07,8.664601125474292e-08,8.70926264440186e-09,1.229271333613724e-07,9.50875023164599e-09,0.0,0.0
3.066000499529764e-05,0.014102176646701992,0.00030264732930973537,1.0493025094361999e-06,0.008460947295580536,1.0493440640857443e-06,9.880455991151393e-07,8.73260219691474e-08,8.359801739743489e-09,1.2306188068578194e-07,4.156086674811377e-08,7.776577604090562e-07,0.0,-1.1377735198436767e-08,7.779777888572426e-07,1.8234547205508989e-10,7.440986021789442e-11,1.37677216849319e-10,3.2051946874389614e-08,7.776577604090562e-07,2.1006788131217036e-07,8.714367538686929e-08,8.270362172879686e-09,1.2292420592530107e-07,9.508920761902573e-09,0.0,0.0
3.066250428673811e-05,0.01410386321367696,0.0004179795456649149,1.049314663291086e-06,0.011312441008685137,1.0493558875168674e-06,9.85270389719517e-07,8.454866673446304e-08,1.114581316130625e-08,1.2306402652484394e-07,4.156103727837035e-08,7.776577035656373e-07,0.0,-1.1378695319308463e-08,7.777419455123891e-07,-5.340157135935719e-11,4.408211295992004e-10,1.3768161610805407e-10,3.205198950695376e-08,7.776577035656373e-07,2.0752841578541847e-07,8.460207112648277e-08,1.0712192022310774e-08,1.2292635176436306e-07,9.50904777141659e-09,0.0,0.0
3.0665003578178585e-05,0.01410555123584345,0.000740925749878496,1.0493342258693635e-06,0.0073478148418845085,1.0493745321582537e-06,9.89165528153535e-07,8.845659493772473e-08,7.268205148847073e-09,1.2304907670568355e-07,4.156130373189626e-08,7.776599204589729e-07,0.0,-1.1379487574458835e-08,7.783301612107607e-07,5.32547672627004e-10,2.5791474511649426e-10,1.3768605700015257e-10,3.205211029921884e-08,7.776599204589729e-07,2.1083543799704785e-07,8.792405026269989e-08,7.015740877136523e-09,1.2291138773434795e-07,9.50919343267742e-09,0.0,0.0
3.0667502869619057e-05,0.014107237802818418,0.0014302830358836616,1.0493708447597017e-06,0.010256433802447907,1.0494121625015396e-06,9.863539389698417e-07,8.564349229800428e-08,1.0116473880827925e-08,1.2304982988098345e-07,4.156148847300756e-08,7.776606025799992e-07,0.0,-1.138024607882926e-08,7.78552589508763e-07,7.543191071768263e-10,2.352303629660213e-10,1.3769008155861684e-10,3.2052149379069306e-08,7.776606025799992e-07,2.078013068285145e-07,8.4889173024294e-08,9.866794492552344e-09,1.2291214090964786e-07,9.50934175847351e-09,0.0,0.0
3.067000216105953e-05,0.014108925824984908,0.0006562102229416555,1.049406065228413e-06,0.009588852389130093,1.0494520665815799e-06,9.870444728221628e-07,8.62930633616088e-08,9.464623751398449e-09,1.2309337193983083e-07,4.156174426839243e-08,7.776580446261505e-07,0.0,-1.1381185771597302e-08,7.778103849886975e-07,1.4638901202346233e-11,5.72772163032198e-10,1.3769892170945042e-10,3.205225240776599e-08,7.776580446261505e-07,2.0923410204432003e-07,8.627841907582479e-08,8.908256354800415e-09,1.2295568296849524e-07,9.50949097244802e-09,0.0,0.0
3.067250509047881e-05,0.014110612391959876,-0.0005630220125646748,1.0494076369099938e-06,0.007639471995479437,1.0494512707737158e-06,9.88952365332807e-07,8.819149144301264e-08,7.555073899823128e-09,1.231038027071918e-07,4.1561964536640517e-08,7.776570782880299e-07,0.0,-1.1381895426154642e-08,7.77780769567471e-07,-1.4060713530994473e-11,7.515100347577075e-11,1.3773054918786443e-10,3.2052330567466925e-08,7.776570782880299e-07,2.1117162418704538e-07,8.820555308375333e-08,7.470245755314409e-09,1.2296607110329205e-07,9.509633080995172e-09,0.0,0.0
3.067500438191928e-05,0.014112298958934844,0.0003275762738224053,1.0494036659599201e-06,0.011110989488394316,1.0494399020899436e-06,9.855446023721015e-07,8.482737712256494e-08,1.0950375717300176e-08,1.230594932621898e-07,4.156215993589285e-08,7.776577035656373e-07,0.0,-1.1382785380931182e-08,7.776395136716019e-07,-1.559371520798436e-10,5.891834242710559e-10,1.3776559060207916e-10,3.205239451631314e-08,7.776577035656373e-07,2.0790503185708076e-07,8.498331283135485e-08,1.0359668678461276e-08,1.229217190257259e-07,9.509762755044449e-09,0.0,0.0
3.067750367335975e-05,0.014113985525909811,0.0017180565584981045,1.049438166927699e-06,0.008322600681345192,1.0494787829884444e-06,9.883074199024122e-07,8.759129599411608e-08,8.225288006258324e-09,1.2305468999329605e-07,4.1562447705700833e-08,7.776613983878633e-07,0.0,-1.1383661124853006e-08,7.787048161844723e-07,9.056387306749514e-10,1.6727320917286903e-10,1.377935682222997e-10,3.2052511755864543e-08,7.776613983878633e-07,2.0960256108537578e-07,8.668565953939833e-08,8.065820900071685e-09,1.2291690154597745e-07,9.509933285301031e-09,0.0,0.0
3.0680002964800224e-05,0.014115672092884779,0.0010996280043311657,1.0494856890649945e-06,0.01065207218392045,1.0495322158021736e-06,9.860813179329853e-07,8.5321339327038e-08,1.050380937783757e-08,1.2310013630667527e-07,4.156263244681213e-08,7.776598636155541e-07,0.0,-1.138441785286659e-08,7.782023772051616e-07,4.0469563811207365e-10,4.432305356072419e-10,1.378237246552061e-10,3.205255438842869e-08,7.776598636155541e-07,2.0787895493867836e-07,8.491664260645848e-08,1.0045187792684374e-08,1.2296231943764724e-07,9.510077170205022e-09,0.0,0.0
3.0682502256240696e-05,0.014117358659859747,-0.00011884866944988914,1.049502230565354e-06,0.01049186147860438,1.0495451761016739e-06,9.862492333923e-07,8.547628738142521e-08,1.0347590340131774e-08,1.231155835057507e-07,4.1562916663906435e-08,7.776573625051242e-07,0.0,-1.1385386855522484e-08,7.776342840770667e-07,-1.6096288191214114e-10,4.911710482780052e-10,1.3785488028883464e-10,3.2052685838834805e-08,7.776573625051242e-07,2.0861497773694282e-07,8.56372537327843e-08,9.87276038699747e-09,1.2297772400415852e-07,9.51023082507163e-09,0.0,0.0
3.068500154768117e-05,0.014119043771643192,6.408049180528508e-05,1.0495013076603389e-06,0.00793283340759159,1.0495415381228668e-06,9.887486385196098e-07,8.799521111768627e-08,7.84357823135906e-09,1.2309584462855128e-07,4.156311561587245e-08,7.776575898787996e-07,0.0,-1.1386141807179229e-08,7.779708539601415e-07,1.7535857488315543e-10,1.2506047586402502e-10,1.3788700736760973e-10,3.205273202411263e-08,7.776575898787996e-07,2.107778129811777e-07,8.781985627592803e-08,7.71151320577701e-09,1.2295795670524967e-07,9.5103827035814e-09,0.0,0.0
3.068750083912164e-05,0.01412073033861816,0.0008788899720859611,1.0495172114887665e-06,0.010943156016137275,1.0495571132196346e-06,9.858187013378483e-07,8.507757343068079e-08,1.078796785236591e-08,1.230823158948624e-07,4.1563357200402606e-08,7.776588404340146e-07,0.0,-1.138699623481898e-08,7.778443773531762e-07,4.7581025924836595e-11,7.050369732475303e-10,1.3792686437419377e-10,3.205285281637771e-08,7.776588404340146e-07,2.0797438082809094e-07,8.502999548909429e-08,1.0081174117715364e-08,1.2294438533899665e-07,9.510506160381738e-09,0.0,0.0
3.069000376854092e-05,0.014122415450401604,0.0013301564245722375,1.0495544363898983e-06,0.008567963554997143,1.0495951983102714e-06,9.881770210995455e-07,8.743171520109172e-08,8.466664702666549e-09,1.2308309749187174e-07,4.156358457407805e-08,7.776622510391462e-07,0.0,-1.1387911946769691e-08,7.788053721924371e-07,1.0052038090790916e-09,2.499996563931628e-11,1.3796337683391613e-10,3.2052938081506e-08,7.776622510391462e-07,2.0937164890710847e-07,8.64265103928119e-08,8.449561050838383e-09,1.2294513851429656e-07,9.51064560439363e-09,0.0,0.0
3.069250305998139e-05,0.014124102017376572,0.0011599318090076416,1.0495964333956935e-06,0.009905220356508218,1.0496410141058732e-06,9.869129371509189e-07,8.614169644260983e-08,9.775590115168598e-09,1.2311181762925116e-07,4.156382615860821e-08,7.776594088682032e-07,0.0,-1.1388660681177498e-08,7.780117243783025e-07,2.143342864302511e-10,7.688301661978869e-10,1.3798592823910383e-10,3.205302689934797e-08,7.776594088682032e-07,2.089011985617617e-07,8.592736122636779e-08,8.995637124087352e-09,1.2297383022996655e-07,9.5107974829034e-09,0.0,0.0
3.069500235142186e-05,0.014125787129160017,5.049584262284412e-05,1.0496168304546813e-06,0.009986393884982217,1.049661477736663e-06,9.868527968137641e-07,8.605237411529743e-08,9.855100735478572e-09,1.2314272623825673e-07,4.156410682298883e-08,7.776576467222185e-07,0.0,-1.1389548859597198e-08,7.780756732245209e-07,2.800115972423356e-10,2.5751439869381443e-10,1.3800423304122234e-10,3.205317966603616e-08,7.776576467222185e-07,2.0877708095667913e-07,8.577236343398909e-08,9.607081352669411e-09,1.230047246281174e-07,9.510928045131095e-09,0.0,0.0
3.0697501642862335e-05,0.014127472240943462,-0.00030293901575384474,1.0496125765050243e-06,0.008690114086541405,1.0496523827896453e-06,9.881109690468293e-07,8.733637457680743e-08,8.586797051179929e-09,1.231171893323335e-07,4.156431643309588e-08,7.77657419348543e-07,0.0,-1.1390340226569151e-08,7.777489372529089e-07,-4.6506330036999444e-11,4.6449258328529197e-10,1.3801738918406414e-10,3.205322585131398e-08,7.77657419348543e-07,2.1036204600477504e-07,8.738287959886293e-08,8.11846678772099e-09,1.2297917351133947e-07,9.51108969360348e-09,0.0,0.0
3.070000093430281e-05,0.014129157352726907,0.0012381753097421289,1.0496283362820172e-06,0.010431869729596848,1.0496653430891456e-06,9.864194225883693e-07,8.567881337739891e-08,1.029019891518601e-08,1.2308002794725326e-07,4.156464328275433e-08,7.776605457365804e-07,0.0,-1.1391130705362684e-08,7.782953730384179e-07,4.967876665595838e-10,6.679586883606703e-10,1.3802391174433382e-10,3.205341769785264e-08,7.776605457365804e-07,2.0812403533909674e-07,8.518202321283752e-08,9.620365837292866e-09,1.2294201212625921e-07,9.511224696723275e-09,0.0,0.0
3.070250022574328e-05,0.014130842464510351,0.002057490663282424,1.0496838719376717e-06,0.008744610825454528,1.0497263929210021e-06,9.881287041935138e-07,8.736309808909937e-08,8.640800963632955e-09,1.2310215424804483e-07,4.1564874209143454e-08,7.776634447509423e-07,0.0,-1.139203398281552e-08,7.792699534547864e-07,1.4684778948392818e-09,1.1260727766915224e-10,1.380286579477641e-10,3.205347809398518e-08,7.776634447509423e-07,2.088587507387274e-07,8.589461941710397e-08,8.535609552495771e-09,1.2296412421619607e-07,9.511393450623018e-09,0.0,0.0
3.070500315516256e-05,0.014132527576293796,0.0005415799636923069,1.0497276691830669e-06,0.008954051554953862,1.0497759603822487e-06,9.879715889837826e-07,8.715890942312399e-08,8.846348542590476e-09,1.2315418018715718e-07,4.1565169084378795e-08,7.776584993735014e-07,0.0,-1.1392805809862239e-08,7.777298378641717e-07,-6.672645769256746e-11,9.912910492460014e-10,1.380380948434734e-10,3.2053630860673366e-08,7.776584993735014e-07,2.1024177954132028e-07,8.722563649143922e-08,7.849764394052272e-09,1.230161359444537e-07,9.511539111883849e-09,0.0,0.0
3.070750244660303e-05,0.014134211232885718,-0.000721839621398962,1.0497246342294573e-06,0.009147573419192102,1.0497666380615556e-06,9.87771727523068e-07,8.696096642779594e-08,9.035714398919481e-09,1.2315368280724215e-07,4.156544974875942e-08,7.776571351314487e-07,0.0,-1.1393683330140902e-08,7.779672159813344e-07,1.7201862156923653e-10,6.255656409548394e-11,1.3805181997561533e-10,3.2053755205652124e-08,7.776571351314487e-07,2.098045825960071e-07,8.678895113689578e-08,8.976814847017067e-09,1.2301562435368396e-07,9.511695431285716e-09,0.0,0.0
3.07100017380435e-05,0.014135896344669163,0.00035055057284338886,1.0497183775939494e-06,0.008848830861175671,1.049754587256757e-06,9.880512834570254e-07,8.728386546863476e-08,8.743098689478757e-09,1.2310938757309486e-07,4.15656877805759e-08,7.776579877827317e-07,0.0,-1.1394503118822286e-08,7.77714603827917e-07,-8.145904090151035e-11,8.099710346876066e-10,1.380584951915509e-10,3.2053836918066736e-08,7.776579877827317e-07,2.1033665120739897e-07,8.736532919328965e-08,7.928364631482054e-09,1.2297132911953668e-07,9.511850862509164e-09,0.0,0.0
3.0712501029483974e-05,0.014137580001261085,0.0018470710690909886,1.0497553779955893e-06,0.010318680398545957,1.0497960829525255e-06,9.866537311609136e-07,8.588716582380584e-08,1.0180964515882351e-08,1.2310431429796154e-07,4.1565993313952276e-08,7.776622510391462e-07,0.0,-1.1395375310030431e-08,7.789205369590491e-07,1.1202185845604617e-09,3.641736356918557e-10,1.3806497611845714e-10,3.2054021659178034e-08,7.776622510391462e-07,2.0773320841271925e-07,8.476694546288854e-08,9.818361235147677e-09,1.2296625584440335e-07,9.511972542952662e-09,0.0,0.0
3.0715000320924446e-05,0.01413926511304453,0.0013224678113357147,1.0498087882687443e-06,0.008029193890393357,1.0498541769266012e-06,9.889512284644297e-07,8.814257768108291e-08,7.940481161483604e-09,1.2314713160321844e-07,4.1566234898482435e-08,7.776614552312822e-07,0.0,-1.1396253718487515e-08,7.786250080243917e-07,8.254604777491181e-10,5.000093117324411e-10,1.3807018028888507e-10,3.205406784445586e-08,7.776614552312822e-07,2.1032619201832858e-07,8.731711886866833e-08,7.4461161680972054e-09,1.2300907314966025e-07,9.512167054026577e-09,0.0,0.0
3.071749961236492e-05,0.014140948769636452,-5.813630459172714e-05,1.0498300752695014e-06,0.009903007185241584,1.0498747542442288e-06,9.871356496660155e-07,8.630708236978535e-08,9.77561143145067e-09,1.2317099162828526e-07,4.156656885356824e-08,7.776575898787996e-07,0.0,-1.1396958932152756e-08,7.77625984937913e-07,-1.6964563087640272e-10,8.755078884092882e-10,1.3807650856012543e-10,3.205426679642187e-08,7.776575898787996e-07,2.095096505172478e-07,8.647672444794807e-08,8.888060065714853e-09,1.2303291896387236e-07,9.512301168967952e-09,0.0,0.0
3.07200025417842e-05,0.014142632426228374,-0.000199053775031377,1.049825745071772e-06,0.009700520256101812,1.0498662277313997e-06,9.873239150692825e-07,8.650692961964523e-08,9.57755563746332e-09,1.2315948083596595e-07,4.156683530709415e-08,7.776574761919619e-07,0.0,-1.1397975896443313e-08,7.78148717017757e-07,3.5314928759078157e-10,1.1591594351045842e-10,1.3809288434973865e-10,3.2054341403409126e-08,7.776574761919619e-07,2.0917516962981608e-07,8.615377566911775e-08,9.47471967549518e-09,1.2302137974984362e-07,9.512495680041866e-09,0.0,0.0
3.072250183322467e-05,0.014144316082820296,0.0006842556569759406,1.0498339142052415e-06,0.007981851738306893,1.0498720257601235e-06,9.890120509226108e-07,8.821839969641587e-08,7.894147557863107e-09,1.2313515185269353e-07,4.156713728775685e-08,7.776585562169203e-07,0.0,-1.1398648247507026e-08,7.777235282446782e-07,-7.312757344113407e-11,1.1448072489983474e-09,1.381185305016075e-10,3.205449772281099e-08,7.776585562169203e-07,2.1128855109964206e-07,8.82915287547803e-08,6.740916269620811e-09,1.2299702234486176e-07,9.512639564945857e-09,0.0,0.0
3.072500112466514e-05,0.014145999739412218,0.001610164235007261,1.0498725443569992e-06,0.011063688111029353,1.0499132940822165e-06,9.860370937531115e-07,8.524381200913922e-08,1.0909206871190236e-08,1.231296096193546e-07,4.1567474795556336e-08,7.776636721246177e-07,0.0,-1.1399508892395716e-08,7.793490226504218e-07,1.547154182546251e-09,1.259777143713947e-10,1.381451897319863e-10,3.2054664700353896e-08,7.776636721246177e-07,2.0668812794610858e-07,8.36966549400131e-08,1.0782255976948818e-08,1.2299146590066812e-07,9.512811871559279e-09,0.0,0.0
3.072750041610561e-05,0.01414768339600414,0.0014320723543476688,1.0499237651738777e-06,0.008089194102192868,1.049968204824836e-06,9.889998864309746e-07,8.817382735060164e-08,8.000212048386857e-09,1.231658899314425e-07,4.1567716380086495e-08,7.776601478326484e-07,0.0,-1.1400409505313291e-08,7.783092996760388e-07,5.10947673060258e-10,9.982471516067903e-10,1.381608022432701e-10,3.205474641276851e-08,7.776601478326484e-07,2.1069061517664522e-07,8.766288317474391e-08,7.013472025363399e-09,1.230277320019013e-07,9.512969079139566e-09,0.0,0.0
3.0729999707546085e-05,0.014149367052596062,-8.457087026148002e-05,1.0499464524714408e-06,0.008834565714974273,1.0499925338081084e-06,9.882921858661575e-07,8.743512580622337e-08,8.731132261630137e-09,1.231997117656647e-07,4.156811428401852e-08,7.776573625051242e-07,0.0,-1.1401025012958144e-08,7.779666475471458e-07,1.7110600436520684e-10,7.051657036072356e-10,1.3817186284015293e-10,3.205500220815338e-08,7.776573625051242e-07,2.1032556674072111e-07,8.726402001002498e-08,8.011126872986551e-09,1.2306153962526878e-07,9.513112075865138e-09,0.0,0.0
3.073249899898656e-05,0.014151049253996462,-0.0006776748782245656,1.0499336299627853e-06,0.01140030072896793,1.049974343914073e-06,9.857659506451455e-07,8.49261425628356e-08,1.1238028285731616e-08,1.2318278663769888e-07,4.156835586854868e-08,7.776570782880299e-07,0.0,-1.1401986022008259e-08,7.78064588757843e-07,2.6935675911943235e-10,3.0252225724503035e-10,1.381832009927919e-10,3.2055059051572243e-08,7.776570782880299e-07,2.077013903090119e-07,8.465679002256365e-08,1.0940850003748892e-08,1.2304460028644826e-07,9.513298593333275e-09,0.0,0.0
3.0735001928405836e-05,0.014152732910588384,0.0008894520244436266,1.0499371955626677e-06,0.007600472046674684,1.0499724112378317e-06,9.894804406940239e-07,8.868090617397684e-08,7.520518430226275e-09,1.2314076514030603e-07,4.1568689823634486e-08,7.776587267471768e-07,0.0,-1.1402744526378683e-08,7.778349413456453e-07,3.8002375551959844e-11,1.1804918154112443e-09,1.3818007849053515e-10,3.2055286425247687e-08,7.776587267471768e-07,2.116454993483785e-07,8.864290634846839e-08,6.348296111013951e-09,1.2300259299991012e-07,9.513404286565219e-09,0.0,0.0
3.073750121984631e-05,0.014154415111988783,0.0022197211674992445,1.0499894981176435e-06,0.009665887529168188,1.0500311873329338e-06,9.875135447146022e-07,8.669815798612035e-08,9.545194856741546e-09,1.2315096853399154e-07,4.156902733143397e-08,7.776644110890629e-07,0.0,-1.1403455957292863e-08,7.796608656462922e-07,1.8582823058110876e-09,2.918462346790385e-11,1.3818578226132416e-10,3.205542853379484e-08,7.776644110890629e-07,2.0785265064660052e-07,8.483987556928696e-08,9.501272657530535e-09,1.2301278218274092e-07,9.513601462174393e-09,0.0,0.0
3.074000051128678e-05,0.014156097313389182,0.0010983402916971974,1.050045314593976e-06,0.010638965702133083,1.050093146659492e-06,9.866228083410533e-07,8.57537756360216e-08,1.0496646218882688e-08,1.2320974462909362e-07,4.156926536325045e-08,7.776593520247843e-07,0.0,-1.1404405420023522e-08,7.780529927003954e-07,2.5544358295270797e-10,1.0853675735944535e-09,1.381968706137826e-10,3.2055531562491524e-08,7.776593520247843e-07,2.0856988669493148e-07,8.549833552251584e-08,9.421108337903661e-09,1.23071558277843e-07,9.513734688937348e-09,0.0,0.0
3.074249980272725e-05,0.014157779514789581,-0.0006336321686806201,1.0500531319205292e-06,0.008224500365262212,1.0500966709514614e-06,9.889879493130138e-07,8.810686580318361e-08,8.133931750364809e-09,1.2322408338150126e-07,4.1569670372609835e-08,7.77657021444611e-07,0.0,-1.1405089317406691e-08,7.778556891935295e-07,6.041135647283369e-11,4.765605687850893e-10,1.3820992961210976e-10,3.2055766041594325e-08,7.77657021444611e-07,2.1113233117375785e-07,8.804645545978929e-08,7.6558599459986e-09,1.230858686085412e-07,9.51390521919393e-09,0.0,0.0
3.0744999094167724e-05,0.01415946171618998,-0.00022076249971481055,1.0500387592814525e-06,0.010550837723707443,1.050077230502211e-06,9.866909067568486e-07,8.584193267324736e-08,1.0410415640649262e-08,1.2319172526531474e-07,4.156986932457585e-08,7.776573056617053e-07,0.0,-1.1405941968689604e-08,7.779787551953632e-07,1.832277662927595e-10,4.1489739421862737e-10,1.3822000488605823e-10,3.205581577958583e-08,7.776573056617053e-07,2.0871220840490423e-07,8.56587050179769e-08,9.991008020904246e-09,1.230535104923547e-07,9.51405443316844e-09,0.0,0.0
3.074750566156581e-05,0.014161148283164948,0.0013068754376814873,1.050057077303575e-06,0.008330940498330877,1.0500949656488956e-06,9.888796057566651e-07,8.804671125517416e-08,8.238297155571672e-09,1.2317330799760384e-07,4.157024946493948e-08,7.776595793984598e-07,0.0,-1.1406797284507775e-08,7.781337671985966e-07,3.3597674642393827e-10,1.07489284140172e-09,1.3822640254623764e-10,3.2056057364115986e-08,7.776595793984598e-07,2.1074582434721378e-07,8.771073822799735e-08,7.17625070478789e-09,1.230350932246438e-07,9.514192989001913e-09,0.0,0.0
3.075000495300628e-05,0.014162830484565347,0.0017840722351247507,1.0501090732686127e-06,0.007926536573521428,1.0501514680072432e-06,9.893315109366085e-07,8.84811015566811e-08,7.841972404776243e-09,1.2318604092342866e-07,4.1570526576606426e-08,7.776642974022252e-07,0.0,-1.1407505162708276e-08,7.795969736434927e-07,1.7944133956504515e-09,3.1784640891485694e-11,1.3823552025282737e-10,3.205616749824003e-08,7.776642974022252e-07,2.0973449466055172e-07,8.668668982636518e-08,7.799343393344316e-09,1.230478119396139e-07,9.514359966544816e-09,0.0,0.0
3.0752504244446754e-05,0.014164511230774224,0.0009400067618269003,1.0501548581230807e-06,0.010448402206324073,1.0502011491553276e-06,9.869103223536513e-07,8.602663115198084e-08,1.0311635989523893e-08,1.2322513498475018e-07,4.1570800135559693e-08,7.776584993735014e-07,0.0,-1.1408366695775385e-08,7.778394888191542e-07,4.272962886298082e-11,1.3445751179119725e-09,1.3825560141178528e-10,3.205632026492822e-08,7.776584993735014e-07,2.0907079090193292e-07,8.598390621727958e-08,8.969606390962781e-09,1.230868917900807e-07,9.514479870631476e-09,0.0,0.0
3.0755007173866034e-05,0.014166193432174623,-0.0003900770847320989,1.05016410904781e-06,0.007100342281463867,1.0502079703655909e-06,9.901968951453455e-07,8.929464456741698e-08,7.0307368815747395e-09,1.2324484544024017e-07,4.157122646120115e-08,7.776573625051242e-07,0.0,-1.1409183819921509e-08,7.782596185279544e-07,4.639561512753687e-10,2.997307957386397e-10,1.382774728053704e-10,3.20565582967447e-08,7.776573625051242e-07,2.119372481956816e-07,8.883068858267507e-08,6.739016455981073e-09,1.2310655961300654e-07,9.514669052634872e-09,0.0,0.0
3.0757506465306506e-05,0.0141678741783835,-0.0003505068077240825,1.050151661712114e-06,0.009599039404024885,1.0501905762794195e-06,9.877280717773829e-07,8.685830721333332e-08,9.481240681452618e-09,1.2321257258918195e-07,4.157139699145773e-08,7.776571351314487e-07,0.0,-1.1409888145408331e-08,7.777842370160215e-07,-1.1196310371885954e-11,8.15144007848545e-10,1.382941677841032e-10,3.205661869287724e-08,7.776571351314487e-07,2.099437921287972e-07,8.68695053668489e-08,8.650758331896213e-09,1.2307428676194831e-07,9.514777410402075e-09,0.0,0.0
3.076000575674698e-05,0.014169556379783899,0.0014449960028288245,1.0501700732246813e-06,0.009297753885686934,1.050206719810376e-06,9.88037527349661e-07,8.71986074457709e-08,9.186529759119821e-09,1.2317823916419002e-07,4.1571858844235976e-08,7.77660716266837e-07,0.0,-1.1410803857359042e-08,7.785429261275567e-07,7.438738514053966e-10,1.0451424170554446e-09,1.383176351232862e-10,3.2056924226253614e-08,7.77660716266837e-07,2.0949465806552325e-07,8.64547331502763e-08,8.155544684029792e-09,1.2303992491524696e-07,9.514933729803943e-09,0.0,0.0
3.076250504818745e-05,0.014171237125992775,0.0022413868307660234,1.0502320319644016e-06,0.008332048099388284,1.0502747045393335e-06,9.890502497000853e-07,8.818212648975532e-08,8.240814253213102e-09,1.2320306552737748e-07,4.15720897706251e-08,7.776650932100893e-07,0.0,-1.1411510847381123e-08,7.799266086294665e-07,2.123202946791025e-09,1.5794192342877267e-10,1.3832977818761805e-10,3.2057005938668226e-08,7.776650932100893e-07,2.0912365528147348e-07,8.605892531932113e-08,8.072341906029123e-09,1.230647370675797e-07,9.515082943778452e-09,0.0,0.0
3.076500433962792e-05,0.014172917872201651,0.0007270400366180818,1.0502819236864384e-06,0.010501016721727695,1.050330411089817e-06,9.869812629403896e-07,8.606626522578154e-08,1.036430674616895e-08,1.232569388776028e-07,4.15724414892793e-08,7.776581014695694e-07,0.0,-1.1412364386842455e-08,7.777014161547413e-07,-9.504036446728037e-11,1.5596112179494526e-09,1.3834153267389127e-10,3.205722620691631e-08,7.776581014695694e-07,2.0927990362906712e-07,8.61613074221168e-08,8.806871676370065e-09,1.2311859620695031e-07,9.515215282362988e-09,0.0,0.0
3.0767503631068394e-05,0.014174598618410528,-0.0007575749468566317,1.0502814104720922e-06,0.008339845274313938,1.05032427200058e-06,9.890894716590992e-07,8.817203678290753e-08,8.248853156089808e-09,1.232602926393156e-07,4.157285005135236e-08,7.776571351314487e-07,0.0,-1.1413153977457569e-08,7.78313278715359e-07,5.177975270775903e-10,1.7522847062245717e-10,1.3835160794783974e-10,3.20574464751644e-08,7.776571351314487e-07,2.1077617873288546e-07,8.765424297507707e-08,8.078733237937286e-09,1.231219357578084e-07,9.515401799831125e-09,0.0,0.0
3.077000656048767e-05,0.014176279364619404,-0.00010442991937553714,1.0502669223579826e-06,0.01026998599469212,1.0503038083697902e-06,9.871786232906743e-07,8.630394887632065e-08,1.0138310635454673e-08,1.2321743270149454e-07,4.157303123974998e-08,7.776572488182865e-07,0.0,-1.1413886724653821e-08,7.777180144330487e-07,-7.756768144462356e-11,1.0420845297787196e-09,1.3835781131898983e-10,3.205752463486533e-08,7.776572488182865e-07,2.094605804359162e-07,8.638151172135622e-08,9.084100582867904e-09,1.2307907581998734e-07,9.515507493063069e-09,0.0,0.0
3.0772505851928145e-05,0.01417796011082828,0.0016791513082949905,1.0502933894280273e-06,0.009066468909759968,1.050331661645032e-06,9.88382225841633e-07,8.752014934998442e-08,8.96113672155252e-09,1.232002801998533e-07,4.1573546383233406e-08,7.776618531352142e-07,0.0,-1.1414775791251941e-08,7.788419793541834e-07,1.0417949836138973e-09,9.189423111344297e-10,1.3836916334941662e-10,3.205784437909642e-08,7.776618531352142e-07,2.0954026069830434e-07,8.647835159081296e-08,8.060757394900975e-09,1.2306190910749137e-07,9.515700227780144e-09,0.0,0.0
3.077500514336862e-05,0.014179639401845634,0.0020805785165620705,1.050356526233253e-06,0.0080861412699704,1.0503997600608272e-06,9.894100685414742e-07,8.851642263607573e-08,8.000509588157456e-09,1.2322874454184785e-07,4.157373467705838e-08,7.776648658364138e-07,0.0,-1.1415404621573089e-08,7.798138312864467e-07,2.010571487076618e-09,2.521921282916395e-10,1.3838197254756324e-10,3.205790832794264e-08,7.776648658364138e-07,2.095962088333181e-07,8.650584959468688e-08,7.731382645204121e-09,1.230903592386312e-07,9.515827237294161e-09,0.0,0.0
3.077750443480909e-05,0.01418132014805451,0.0005633035645237205,1.050400963181098e-06,0.011199870356151557,1.0504486454010475e-06,9.86410555015027e-07,8.548008167963417e-08,1.1047670334107806e-08,1.232724571309518e-07,4.15741503445588e-08,7.776579877827317e-07,0.0,-1.1416286582743851e-08,7.776236543577397e-07,-1.7277608510557485e-10,1.5808612197076854e-09,1.3839945856020108e-10,3.205815701790016e-08,7.776579877827317e-07,2.0878691486814205e-07,8.56528572512616e-08,9.474428352973518e-09,1.2313405761688045e-07,9.515994214837065e-09,0.0,0.0
3.078000372624956e-05,0.014182999439071864,-0.0008378873849008706,1.0503963521196672e-06,0.007263476010200016,1.0504397778277053e-06,9.902554438667721e-07,8.931970540970724e-08,7.192696660496267e-09,1.2327863885275292e-07,4.157453759034979e-08,7.776570782880299e-07,0.0,-1.1417094825105778e-08,7.784396416354866e-07,6.440972755150653e-10,1.2052557563091426e-10,1.384184850072856e-10,3.2058370180720885e-08,7.776570782880299e-07,2.1181583065299492e-07,8.867561263059542e-08,7.077100683261506e-09,1.2314022512782685e-07,9.516169185985746e-09,0.0,0.0
3.078250301769003e-05,0.01418468018528074,-0.00014526649503610045,1.0503798277981027e-06,0.010058424814662847,1.0504160172786214e-06,9.874909210338956e-07,8.659849726200264e-08,9.932603184381605e-09,1.2323509679390554e-07,4.157472943688845e-08,7.776573056617053e-07,0.0,-1.1417851553119363e-08,7.777520067975274e-07,-4.373522030642896e-11,9.959865154840486e-10,1.3843388935175227e-10,3.205844834042182e-08,7.776573056617053e-07,2.0973890002551343e-07,8.664223116738867e-08,8.923657368598015e-09,1.2309666885812476e-07,9.516280208288208e-09,0.0,0.0
3.078500594710931e-05,0.014186359476298094,0.0017147438091499323,1.050406183889658e-06,0.008950156051629285,1.0504446663617273e-06,9.886025509331375e-07,8.772727966288585e-08,8.84814710389037e-09,1.2321360998157616e-07,4.1575241027658194e-08,7.776616257615387e-07,0.0,-1.1418760159642716e-08,7.787335789544159e-07,9.335054951264965e-10,8.494789316415563e-10,1.3844861368461636e-10,3.2058753873798196e-08,7.776616257615387e-07,2.0986892934615753e-07,8.679376861664423e-08,8.01483235335354e-09,1.2307516783494066e-07,9.516486265681579e-09,0.0,0.0
3.0787505238549784e-05,0.014188038767315447,0.001948208607164048,1.050467695520555e-06,0.008496598591271663,1.0505118552828208e-06,9.891128911476699e-07,8.819829133699386e-08,8.404095197533934e-09,1.2325045872785267e-07,4.1575411557914776e-08,7.776641837153875e-07,0.0,-1.1419460932415859e-08,7.795925967002404e-07,1.7899716153735312e-09,2.1054123722219487e-10,1.3846004898177e-10,3.2058817822644414e-08,7.776641837153875e-07,2.095203228691389e-07,8.640832049877645e-08,8.177215349292055e-09,1.2311200237036246e-07,9.516591958913523e-09,0.0,0.0
3.0790004529990256e-05,0.0141897180583328,0.00045070484298870284,1.0505079802586376e-06,0.010965575334485942,1.050554260473291e-06,9.867378594208276e-07,8.579173993439326e-08,1.0820148332868484e-08,1.2328804643857438e-07,4.157583788355623e-08,7.776581014695694e-07,0.0,-1.1420421053287555e-08,7.776052370900288e-07,-1.9131808637329328e-10,1.3724734682085682e-09,1.3847963054036683e-10,3.20590380908925e-08,7.776581014695694e-07,2.0913262233079877e-07,8.598306067142403e-08,9.457448157945691e-09,1.2314956165937474e-07,9.516799792663733e-09,0.0,0.0
3.079250382143073e-05,0.014191397349350154,-0.000529747825031901,1.0505066528969403e-06,0.007459322740113319,1.050549712999782e-06,9.90166427072836e-07,8.922080496631679e-08,7.385970945961162e-09,1.232883306556687e-07,4.157617183864204e-08,7.776572488182865e-07,0.0,-1.1421136925093833e-08,7.782679176671081e-07,4.721770752169618e-10,6.062578911114613e-11,1.3850467994735993e-10,3.205921572657644e-08,7.776572488182865e-07,2.118984525623091e-07,8.874862800212213e-08,7.325510864575335e-09,1.2314983166561433e-07,9.51695522388718e-09,0.0,0.0
3.07950031128712e-05,0.014193075185175985,2.320021418754107e-05,1.0504981538596507e-06,0.010670785458216044,1.0505357295187423e-06,9.870051371763111e-07,8.609239898760279e-08,1.0532120064965511e-08,1.2325537568358413e-07,4.157641697588588e-08,7.77657419348543e-07,0.0,-1.1421988688198326e-08,7.776001211823313e-07,-1.9578548504650684e-10,9.840318559994898e-10,1.385241643614421e-10,3.205930454441841e-08,7.77657419348543e-07,2.0940503020483447e-07,8.628818193301413e-08,9.538581480228459e-09,1.2311684827182034e-07,9.517113319645887e-09,0.0,0.0
3.079750240431167e-05,0.014194754476193339,0.0014958598821587787,1.0505236632993968e-06,0.008908831066177972,1.0505621048650937e-06,9.887536407404696e-07,8.78566126516489e-08,8.808639151425268e-09,1.2323501152877725e-07,4.157685395966837e-08,7.776620805088896e-07,0.0,-1.1422888412937482e-08,7.787899676259258e-07,9.893633690083448e-10,4.784876939112337e-10,1.385367653927716e-10,3.205954968166225e-08,7.776620805088896e-07,2.0996372995796264e-07,8.686725294637654e-08,8.345537594323105e-09,1.2309648411701346e-07,9.517305166184542e-09,0.0,0.0
3.0800001695752144e-05,0.014196433767210692,0.0018996231963068766,1.0505806833417292e-06,0.008423753634411188,1.0506246326258406e-06,9.89290469988191e-07,8.835932874262653e-08,8.333539192051376e-09,1.2326869125445228e-07,4.1577017384497594e-08,7.776624784128217e-07,0.0,-1.1423588297532206e-08,7.790314384692465e-07,1.2304139929142366e-09,3.747229471162683e-10,1.3854409286473413e-10,3.205959231422639e-08,7.776624784128217e-07,2.1025905994065397e-07,8.71289103088202e-08,7.944526814185338e-09,1.2313014963183377e-07,9.517423293914362e-09,0.0,0.0
3.080250462517142e-05,0.014198111603036523,0.0002958065059301962,1.0506175190478043e-06,0.010376654924076087,1.0506644230190432e-06,9.874163424683502e-07,8.644587268236137e-08,1.0246078652187407e-08,1.233127306932147e-07,4.157745081556641e-08,7.776577604090562e-07,0.0,-1.1424519996694471e-08,7.776015422678029e-07,-1.9477108814669464e-10,9.99583638083834e-10,1.3855722125200032e-10,3.205980192433344e-08,7.776577604090562e-07,2.0981481441140204e-07,8.664064665708793e-08,9.256689637027193e-09,1.2317417485974147e-07,9.517648003054546e-09,0.0,0.0
3.0805003916611895e-05,0.014199789438862354,-0.0007865063564225228,1.0506092859099155e-06,0.007928628919252318,1.050651462719543e-06,9.898008102027234e-07,8.883934299319662e-08,7.847763328072688e-09,1.2330434628893272e-07,4.1577671083814494e-08,7.776570782880299e-07,0.0,-1.1425242085749687e-08,7.780648161315185e-07,2.6915733530863406e-10,1.080446756368536e-11,1.3856754632612933e-10,3.205990140031645e-08,7.776570782880299e-07,2.1173596564949548e-07,8.85701894048907e-08,7.830291970378767e-09,1.2316577624460479e-07,9.517767018962786e-09,0.0,0.0
3.080750320805237e-05,0.014201467274688184,0.00044219923690569374,1.0506035090017134e-06,0.011192187338855622,1.0506394119147444e-06,9.86593136076408e-07,8.567297982153832e-08,1.1042135206196235e-08,1.2326236742410401e-07,4.1577990828045586e-08,7.776578172524751e-07,0.0,-1.1426164014949336e-08,7.775973358548072e-07,-1.9902919590197854e-10,9.442402415515971e-10,1.3857293090779876e-10,3.206001153444049e-08,7.776578172524751e-07,2.089958002216008e-07,8.587200994725208e-08,1.0096567137907186e-08,1.2312379737977608e-07,9.517979293605094e-09,0.0,0.0
3.081000249949284e-05,0.014203146565705538,0.001902480328755729,1.0506428829950452e-06,0.007893524654536951,1.0506829539735918e-06,9.898641337713343e-07,8.894237168988184e-08,7.81351694456589e-09,1.232590847166648e-07,4.157833544127243e-08,7.776627057864971e-07,0.0,-1.142701222534015e-08,7.790235940774437e-07,1.2223217993323487e-09,2.4320537250765994e-10,1.3858715564030177e-10,3.206019982826547e-08,7.776627057864971e-07,2.1084055390474532e-07,8.772005344326317e-08,7.582185546084474e-09,1.2312050046148215e-07,9.518135613006962e-09,0.0,0.0
3.081250179093331e-05,0.014204822946339846,0.0013915323216306952,1.050698103185208e-06,0.00956300147002203,1.050744572239637e-06,9.882872973321355e-07,8.732161660418569e-08,9.450992877191311e-09,1.2330465892773645e-07,4.1578555709520515e-08,7.776610004839313e-07,0.0,-1.1427735202573786e-08,7.784964850543474e-07,6.969008148338673e-10,5.623758125850031e-10,1.3860203262883175e-10,3.206024601354329e-08,7.776610004839313e-07,2.0979076964522392e-07,8.662471628895219e-08,8.872000911708255e-09,1.231660604616991e-07,9.518310584155643e-09,0.0,0.0
3.081500108237378e-05,0.014206500782165676,-5.340501221871852e-05,1.0507205547646005e-06,0.009411845899163508,1.0507646948099136e-06,9.8845373486256e-07,8.746790314262398e-08,9.303174230979039e-09,1.23328533163658e-07,4.1578974929734613e-08,7.776573056617053e-07,0.0,-1.1428745949615404e-08,7.775701078571728e-07,-2.2581198022564308e-10,7.450555172816564e-10,1.3861300995898773e-10,3.2060448518222984e-08,7.776573056617053e-07,2.108836412162418e-07,8.76937207294759e-08,8.576768628643094e-09,1.2318992048676591e-07,9.51852641151163e-09,0.0,0.0
3.081750401179306e-05,0.014208178617991507,-0.00015969736071719254,1.0507169792566417e-06,0.007457396106373473,1.050757191478624e-06,9.903631053020945e-07,8.939738904700789e-08,7.385529965375781e-09,1.233083395391077e-07,4.157916677627327e-08,7.77657419348543e-07,0.0,-1.1429398760753884e-08,7.780822102176899e-07,2.8620236736109916e-10,8.710630827746257e-11,1.3862092029803819e-10,3.20605124670692e-08,7.77657419348543e-07,2.1228090929525933e-07,8.911118953847108e-08,7.2847674559284314e-09,1.231697268622156e-07,9.518653421025647e-09,0.0,0.0
3.0820003303233534e-05,0.014209856453817338,0.0008473408558393736,1.0507285167855568e-06,0.010429180232418912,1.050767423294019e-06,9.874590887193335e-07,8.651167604512011e-08,1.0298388808394066e-08,1.2328916909609688e-07,4.157952560035483e-08,7.77658271999826e-07,0.0,-1.1430381974264492e-08,7.776891948196862e-07,-1.0771513542229272e-10,9.589571359214233e-10,1.386234460554192e-10,3.2060654575616354e-08,7.77658271999826e-07,2.0976993653221143e-07,8.661938721843399e-08,9.34617627734724e-09,1.231505564192048e-07,9.518871912916893e-09,0.0,0.0
3.0822502594674006e-05,0.014211532834451646,0.0014955408420309069,1.0507677924006246e-06,0.0070041395392943795,1.0508084642424365e-06,9.90857415672508e-07,8.990535604880279e-08,6.94010360291486e-09,1.2328906962011388e-07,4.1579795606594416e-08,7.776629331601725e-07,0.0,-1.1431200874767455e-08,7.790641234350915e-07,1.262524751410865e-09,8.390458466900341e-11,1.386360609645365e-10,3.2060803789590864e-08,7.776629331601725e-07,2.1179326381570718e-07,8.864283529419481e-08,6.8581393897204634e-09,1.2315042852151237e-07,9.518990040646713e-09,0.0,0.0
3.082500188611448e-05,0.014213210670277476,0.0012883173363275047,1.0508145009704815e-06,0.010293884474934463,1.0508590548852226e-06,9.876799822450266e-07,8.670364337604042e-08,1.0167063635435625e-08,1.233160986657822e-07,4.158005140197929e-08,7.776602046760672e-07,0.0,-1.1431975366349434e-08,7.782235798003967e-07,4.247306395477324e-10,7.317951800089872e-10,1.3865031345261514e-10,3.2060864185723403e-08,7.776602046760672e-07,2.0945635981206578e-07,8.627891645573982e-08,9.422231883604582e-09,1.2317744335632597e-07,9.519188992612726e-09,0.0,0.0
3.082750117755495e-05,0.014214887050911784,8.982357372744332e-05,1.0508376038578111e-06,0.009119607370244455,1.0508827017474687e-06,9.888514114209102e-07,8.78464234688181e-08,9.017936619670763e-09,1.2334753307641222e-07,4.158041377877453e-08,7.77657419348543e-07,0.0,-1.143299499517525e-08,7.777491646265844e-07,-4.693417876566741e-11,5.425268012615447e-10,1.3867053338945112e-10,3.2061063137689416e-08,7.77657419348543e-07,2.1110223258347105e-07,8.789336192194241e-08,8.492912151325527e-09,1.2320886355610128e-07,9.519350641085111e-09,0.0,0.0
3.083000046899542e-05,0.014216563431546092,-0.000607342698916824,1.0508289282674177e-06,0.008043433297118072,1.0508699688216439e-06,9.898934649754665e-07,8.890121705462661e-08,7.96214205678325e-09,1.2333521226537414e-07,4.15806198361679e-08,7.776570782880299e-07,0.0,-1.1433639812707952e-08,7.778348845022265e-07,3.9082646841048785e-11,2.0785165255610139e-10,1.3868822756890609e-10,3.206110932296724e-08,7.776570782880299e-07,2.120586657383683e-07,8.886213720415981e-08,7.739345164736733e-09,1.2319652853420848e-07,9.519509625022238e-09,0.0,0.0
3.08325033984147e-05,0.0142182398121804,0.0006918281997845277,1.050830344565993e-06,0.010724092442699076,1.0508671266507008e-06,9.872640021058032e-07,8.630883741034268e-08,1.058751042393169e-08,1.2329650189712993e-07,4.158096089668106e-08,7.77658669903758e-07,0.0,-1.143462124986172e-08,7.777539963171876e-07,-4.3377759717522224e-11,8.728956446546476e-10,1.387014114673235e-10,3.2061269195082787e-08,7.77658669903758e-07,2.095100199994704e-07,8.635221604436083e-08,9.721867755274616e-09,1.2315780395510956e-07,9.519690813419857e-09,0.0,0.0
3.083500268985517e-05,0.014219916192814708,0.0019701512620751704,1.050874969474181e-06,0.007259301020012967,1.0509153298698948e-06,9.907068942993646e-07,8.974274834372409e-08,7.191839568321257e-09,1.2330100673807465e-07,4.1581188270356506e-08,7.77663160533848e-07,0.0,-1.1435425939509969e-08,7.791889515829098e-07,1.3870842252572402e-09,3.6177838502737814e-11,1.3870754544953456e-10,3.206138288192051e-08,7.77663160533848e-07,2.1151795692730957e-07,8.835566234211001e-08,7.158784232075277e-09,1.2316229458519956e-07,9.519806276614418e-09,0.0,0.0
3.0837501981295645e-05,0.014221592573449016,0.0009869259339159164,1.0509245413436361e-06,0.01067613807824785,1.050972400662431e-06,9.874129318632185e-07,8.640096638146133e-08,1.0541756800819257e-08,1.2335277688180213e-07,4.158147604016449e-08,7.776592383379466e-07,0.0,-1.1436158686706221e-08,7.779033808219538e-07,1.0546612194684002e-10,9.835818826076093e-10,1.38721811815401e-10,3.206147525247616e-08,7.776592383379466e-07,2.095095652521195e-07,8.629550052319246e-08,9.543387413657456e-09,1.2321406472892704e-07,9.520001675866752e-09,0.0,0.0
3.084000127273612e-05,0.014223268954083323,-0.0006783390081286367,1.0509297144351e-06,0.009549610440168969,1.0509738785913214e-06,9.885150120680919e-07,8.748351376652863e-08,9.439933279509205e-09,1.2337440580267867e-07,4.1581817100677654e-08,7.77657021444611e-07,0.0,-1.143713834750315e-08,7.778836561556091e-07,8.784852012500011e-11,3.5531461106685924e-10,1.3873767412686533e-10,3.206167775715585e-08,7.77657021444611e-07,2.1063134170162812e-07,8.739566936810661e-08,9.102532949611941e-09,1.2323567943894886e-07,9.520140231700225e-09,0.0,0.0
3.084250056417659e-05,0.014224943879526109,-0.00023028250525072846,1.0509144957021938e-06,0.008206553359252057,1.050951141223777e-06,9.898084272208507e-07,8.881666957449852e-08,8.122915673425268e-09,1.2333445909007423e-07,4.158203736892574e-08,7.776573056617053e-07,0.0,-1.143779382317689e-08,7.778380108902638e-07,4.195917224780743e-11,5.627643351324707e-10,1.3874830451232611e-10,3.206172749514735e-08,7.776573056617053e-07,2.119704305414416e-07,8.877471202595189e-08,7.5468040705573e-09,1.2319571851548972e-07,9.520311650135227e-09,0.0,0.0
3.084499985561706e-05,0.014226620260160416,0.0016195382385793544,1.0509377849162684e-06,0.011412607043636322,1.0509760386412381e-06,9.866942036751425e-07,8.572357046432444e-08,1.1260753218778063e-08,1.2330997378739994e-07,4.1582438825571444e-08,7.77660716266837e-07,0.0,-1.1438615388215112e-08,7.784320246173593e-07,6.325436840981524e-10,1.0527859695130815e-09,1.3876323701200732e-10,3.206199039595958e-08,7.77660716266837e-07,2.0826223590120208e-07,8.509102400466872e-08,1.0211203438359462e-08,1.23171204791106e-07,9.52044842961186e-09,0.0,0.0
3.084750278503634e-05,0.014228295185603201,0.0019623340515697585,1.0509977786065842e-06,0.007635633057572726,1.0510411811992526e-06,9.904563285090262e-07,8.945304585949998e-08,7.562761084045633e-09,1.2333856602708693e-07,4.158268396281528e-08,7.776646953061572e-07,0.0,-1.1439493796672195e-08,7.796955969752162e-07,1.89216642354495e-09,1.0608779826837278e-10,1.3877693438857364e-10,3.206208987194259e-08,7.776646953061572e-07,2.1076066047953645e-07,8.756087765959819e-08,7.464848295057891e-09,1.2319978281993826e-07,9.520595867229531e-09,0.0,0.0
3.085000207647681e-05,0.014229970111045986,0.0005707565915145096,1.051040205986254e-06,0.010512127513673012,1.0510869969948544e-06,9.876811191134038e-07,8.664381567768942e-08,1.0382629866967363e-08,1.233789248544781e-07,4.1583088972174664e-08,7.776584425300825e-07,0.0,-1.144010397524653e-08,7.776749271215522e-07,-1.222973111669745e-10,1.6758199272715046e-09,1.3879021543150571e-10,3.206230303476332e-08,7.776584425300825e-07,2.1000624883527053e-07,8.676611429336845e-08,8.690077102357918e-09,1.2324014164732944e-07,9.520785049232927e-09,0.0,0.0
3.0852501367917284e-05,0.014231645036488771,-0.0007017493044092493,1.0510380119559776e-06,0.009661080835576576,1.0510819947739947e-06,9.885072813631268e-07,8.74552483765001e-08,9.550048751805207e-09,1.2339469890321197e-07,4.1583501086961405e-08,7.776573056617053e-07,0.0,-1.1441176894777527e-08,7.786289302202931e-07,8.328162603987721e-10,1.8969503745580596e-10,1.3881205906951521e-10,3.206256238286187e-08,7.776573056617053e-07,2.0987830851026956e-07,8.662242834134304e-08,9.380404009107224e-09,1.2325588727435388e-07,9.520937815921116e-09,0.0,0.0
3.0855000659357756e-05,0.014233319961931556,-0.0002669782160857892,1.0510217864922655e-06,0.007695062577237603,1.0510586889722617e-06,9.904117632686393e-07,8.939834827970117e-08,7.621280495584415e-09,1.2335618748693378e-07,4.158381727847882e-08,7.776572488182865e-07,0.0,-1.1441771086140307e-08,7.777147175147547e-07,-8.136326334895472e-11,1.4550951554781477e-09,1.388317516504145e-10,3.206267606969959e-08,7.776572488182865e-07,2.126970599647393e-07,8.94797054229457e-08,6.15308470841569e-09,1.2321734743636625e-07,9.521140320600807e-09,0.0,0.0
3.085749995079823e-05,0.014234994887374341,0.0018014151314282856,1.0510474871665641e-06,0.010613511205843529,1.0510841548239114e-06,9.875756177279982e-07,8.65965930074708e-08,1.0481644885373953e-08,1.2331486232142197e-07,4.158439992352214e-08,7.776641837153875e-07,0.0,-1.1442505609693399e-08,7.795193823767477e-07,1.7163550580789888e-09,1.2276425431778648e-09,1.3885560756765614e-10,3.206313081705048e-08,7.776641837153875e-07,2.0805624956210522e-07,8.488024150210549e-08,9.259729871757827e-09,1.2317600805999973e-07,9.521270882828503e-09,0.0,0.0
3.08599992422387e-05,0.014236669812817127,0.0024790169931208084,1.0511191812132793e-06,0.007393855575630185,1.0511638492971542e-06,9.908100082611782e-07,8.978950916116446e-08,7.325906103972102e-09,1.233533026834266e-07,4.1584652166193337e-08,7.776671964165871e-07,0.0,-1.1443293423951673e-08,7.806187909409346e-07,2.812705846011454e-09,5.352666643254622e-10,1.388633652510407e-10,3.206322318760613e-08,7.776671964165871e-07,2.1019124574195303e-07,8.697680442537603e-08,6.791928797156288e-09,1.2321444842200435e-07,9.521430754944049e-09,0.0,0.0
3.086250217165798e-05,0.014238344738259912,0.00016397275353530194,1.0511634493209963e-06,0.010755970380242865,1.0512130756978877e-06,9.875617479337961e-07,8.648371618846795e-08,1.0622184909436783e-08,1.2342047739366535e-07,4.158529876008288e-08,7.776575898787996e-07,0.0,-1.1443850311820825e-08,7.776080792609719e-07,-1.8841800342173087e-10,2.6453765844536292e-09,1.38879879818532e-10,3.206368148767069e-08,7.776575898787996e-07,2.0995373972709785e-07,8.667213080570946e-08,7.966033166439956e-09,1.232816089213884e-07,9.521616384233766e-09,0.0,0.0
3.086500146309845e-05,0.014240018208511174,-0.001478562152337659,1.051141450058481e-06,0.00918311830449277,1.0511838581805932e-06,9.890705996440374e-07,8.800352446769466e-08,9.0827523280268e-09,1.2340998978288553e-07,4.158577127100216e-08,7.776570782880299e-07,0.0,-1.1444727832099488e-08,7.794803309479903e-07,1.6843495487250948e-09,7.173018429229572e-11,1.3890459615861772e-10,3.206398702104707e-08,7.776570782880299e-07,2.0959026869604713e-07,8.631916870172063e-08,9.02455266071911e-09,1.2327109288889915e-07,9.52178513813351e-09,0.0,0.0
3.0867500754538924e-05,0.014241693133953959,0.00016506592061205083,1.051119449975906e-06,0.008964288008618218,1.0511530490475707e-06,9.892535217659315e-07,8.824947883567802e-08,8.867953482649682e-09,1.2334660937085573e-07,4.158616206950683e-08,7.776574761919619e-07,0.0,-1.1445358438777475e-08,7.778152735227195e-07,1.888379903836057e-11,2.3016202277403863e-09,1.3892201278231653e-10,3.2064210842008833e-08,7.776574761919619e-07,2.1143827666492143e-07,8.823059260976152e-08,6.555383347262023e-09,1.2320768405515992e-07,9.521950339319574e-09,0.0,0.0
3.0870000045979396e-05,0.014243366604205221,0.002454914433099087,1.0511632945677141e-06,0.010093149720503994,1.0512017070141155e-06,9.8819475624623e-07,8.71978045324795e-08,9.97399762781015e-09,1.23330778478703e-07,4.158686905952891e-08,7.776661732350476e-07,0.0,-1.1446082304189531e-08,7.802660775269032e-07,2.4609667637065513e-09,1.0442049447334512e-09,1.3893568240330723e-10,3.206474730177433e-08,7.776661732350476e-07,2.0792867871932685e-07,8.473683976717439e-08,8.93705731641603e-09,1.2319183895215247e-07,9.522119981397736e-09,0.0,0.0
3.087249933741987e-05,0.014245040074456483,0.0021954259753277916,1.0512411166310316e-06,0.00863945508025076,1.051288109010784e-06,9.897036079564714e-07,8.865026757121086e-08,8.550499863702044e-09,1.233872382044865e-07,4.158710709134539e-08,7.776661732350476e-07,0.0,-1.1446894099265137e-08,7.803220114510623e-07,2.516914010541882e-09,9.004948453572581e-10,1.389409837182498e-10,3.206483967232998e-08,7.776661732350476e-07,2.0938165334882797e-07,8.6133354670892e-08,7.646567823371697e-09,1.2324829867793596e-07,9.522269195372246e-09,0.0,0.0
3.087499862886034e-05,0.014246713544707745,-3.9055069429583256e-06,1.0512777910741203e-06,0.010005295389289308,1.0513249435462058e-06,9.884003020488308e-07,8.730875578066843e-08,9.889236984861327e-09,1.2343423350102967e-07,4.1587792765085396e-08,7.776573625051242e-07,0.0,-1.1447577996648306e-08,7.776388883939944e-07,-1.574148728034075e-10,2.352479100409255e-09,1.3895840034194862e-10,3.206533705224501e-08,7.776573625051242e-07,2.107614562874005e-07,8.746616941834873e-08,7.537964918924445e-09,1.2329527976362442e-07,9.522454824661963e-09,0.0,0.0
3.0877505196258426e-05,0.014248391380533576,-0.0010547499900103174,1.0512600285729202e-06,0.008050247016316694,1.0513017514313105e-06,9.90293074210058e-07,8.921892202806703e-08,7.972103865938607e-09,1.2341681099314883e-07,4.1588155141880634e-08,7.776573625051242e-07,0.0,-1.1448458181462229e-08,7.793841518832778e-07,1.587834530525356e-09,2.947831562183367e-11,1.389903331316944e-10,3.2065567978634135e-08,7.776573625051242e-07,2.1090890811592544e-07,8.763108638731865e-08,7.947457802970348e-09,1.2327782883403415e-07,9.522588939603338e-09,0.0,0.0
3.08800044876989e-05,0.014250064850784838,0.000245004267884652,1.0512464777191495e-06,0.009386354392877987,1.0512823109820602e-06,9.889619150271756e-07,8.793252703753751e-08,9.282747015504356e-09,1.2337184784882993e-07,4.158858502023577e-08,7.776574761919619e-07,0.0,-1.1449112768957548e-08,7.776287134220183e-07,-1.6779896916396808e-10,2.30239449727776e-09,1.3900673667688324e-10,3.206582377401901e-08,7.776574761919619e-07,2.113331731834478e-07,8.810032881001462e-08,6.971992316806563e-09,1.2323283726800582e-07,9.52276124621676e-09,0.0,0.0
3.088250741711818e-05,0.0142517383210361,0.0020953229619826708,1.0512856423991236e-06,0.009060799199634848,1.0513234656173154e-06,9.89320255939674e-07,8.829721309666638e-08,8.964032183200743e-09,1.2335614485436963e-07,4.158919608698852e-08,7.776669121994928e-07,0.0,-1.1449927228568413e-08,7.804354709151085e-07,2.629540585274981e-09,6.670022312249557e-10,1.3901496620505327e-10,3.206628562679725e-08,7.776669121994928e-07,2.0888479923542036e-07,8.566767206730219e-08,8.304814613779854e-09,1.232171200626908e-07,9.522912236548109e-09,0.0,0.0
3.088500670855865e-05,0.014253411791287363,0.0022288996286666807,1.0513580069777764e-06,0.009424197754959906,1.0514037285247468e-06,9.89042632681958e-07,8.797321271458713e-08,9.320933358480943e-09,1.2340417754330701e-07,4.1589434118805e-08,7.77665206896927e-07,0.0,-1.1450718595540366e-08,7.799736181368644e-07,2.169376012162161e-09,1.1061882521090638e-09,1.3901585438347297e-10,3.2066367339211865e-08,7.77665206896927e-07,2.090690003342388e-07,8.580384047718326e-08,8.20447887406317e-09,1.232651527516282e-07,9.523065003236297e-09,0.0,0.0
3.088750599999912e-05,0.014255083806347102,0.00016925547737572932,1.0513981044923054e-06,0.010097629840718046,1.0514462474020547e-06,9.884238352242392e-07,8.730908263032688e-08,9.980738013837254e-09,1.2345722666395886e-07,4.15900878181219e-08,7.776575898787996e-07,0.0,-1.1451528614259132e-08,7.778376129863318e-07,4.1007294782069437e-11,2.042455538031618e-09,1.390302734050053e-10,3.206685761369954e-08,7.776575898787996e-07,2.105862790813262e-07,8.726807010361881e-08,7.947853042367115e-09,1.2331820187228004e-07,9.523231980779201e-09,0.0,0.0
3.089000529143959e-05,0.014256755821406841,-0.0012909640270507283,1.0513793493564284e-06,0.007826919754873743,1.0514214636714314e-06,9.906252671498805e-07,8.95266296652153e-08,7.753544473132479e-09,1.2344143840437027e-07,4.159041822049403e-08,7.776571351314487e-07,0.0,-1.1452282677737458e-08,7.792089604663488e-07,1.4127871095226396e-09,5.459034266297458e-11,1.3904155604649304e-10,3.206704235481084e-08,7.776571351314487e-07,2.1141624984011287e-07,8.811384333284877e-08,7.696770332188407e-09,1.2330239940183674e-07,9.523376753861612e-09,0.0,0.0
3.0892504582880065e-05,0.014258429291658103,0.000273675026432052,1.0513623253276336e-06,0.010328232976695944,1.0513969073144835e-06,9.881472351480625e-07,8.71062511009768e-08,1.0205814859887141e-08,1.233834012737134e-07,4.1590819677139734e-08,7.776576467222185e-07,0.0,-1.1453027859431586e-08,7.776179131724348e-07,-1.787499731564779e-10,2.117330533124573e-09,1.390535603329468e-10,3.206729459748203e-08,7.776576467222185e-07,2.105293503973371e-07,8.728500233701197e-08,8.084206193359478e-09,1.2324434806032514e-07,9.523524191479282e-09,0.0,0.0
3.089500387432054e-05,0.014260101306717843,0.0024299201361352996,1.051407529845906e-06,0.00777076098822316,1.0514457926547038e-06,9.907020057653426e-07,8.966179620983894e-08,7.69850849735576e-09,1.233734963079769e-07,4.159138811132834e-08,7.776667416692362e-07,0.0,-1.1453862747146104e-08,7.8037601269898e-07,2.570212043195852e-09,5.507980738173046e-10,1.390869641682002e-10,3.2067703159555094e-08,7.776667416692362e-07,2.1032599306636257e-07,8.709158549891072e-08,7.159957071678491e-09,1.232344004620245e-07,9.523683175416409e-09,0.0,0.0
3.0897506803739816e-05,0.014261773321777582,0.0019540076937235584,1.0514808297794294e-06,0.008932693142757495,1.051528670359403e-06,9.896423307509394e-07,8.854642885580688e-08,8.840171261681462e-09,1.2343120658897533e-07,4.1591615485003786e-08,7.776646953061572e-07,0.0,-1.1454582171666061e-08,7.797061698511243e-07,1.9023449482347132e-09,1.00831820670777e-09,1.39119979425395e-10,3.206777776654235e-08,7.776646953061572e-07,2.0993617511066986e-07,8.664407857850165e-08,7.8164479333509e-09,1.232920823213135e-07,9.523835053926177e-09,0.0,0.0
3.090000609518029e-05,0.014263445336837322,-0.0002097466299773032,1.0515099940870964e-06,0.009584478225663044,1.0515568646951579e-06,9.89029899756133e-07,8.790154026883101e-08,9.479335538742362e-09,1.2347106803645147e-07,4.159219813004711e-08,7.776572488182865e-07,0.0,-1.1455429493878455e-08,7.776774850754009e-07,-1.1892685447545404e-10,1.74384473528022e-09,1.3914777663437405e-10,3.206821119761116e-08,7.776572488182865e-07,2.1135240046987747e-07,8.802047091194254e-08,7.74915953627442e-09,1.2333192955793493e-07,9.523986932435946e-09,0.0,0.0
3.090250538662076e-05,0.014265117351897061,-0.0009075912627594107,1.0514913120292616e-06,0.007195201310807735,1.0515313988435082e-06,9.913497933666804e-07,9.024780922572972e-08,7.132961332700916e-09,1.2344467847924534e-07,4.159251076885084e-08,7.776573056617053e-07,0.0,-1.1456158688361029e-08,7.78951175561815e-07,1.1547148792701023e-09,5.5678101018585835e-11,1.3915794905283718e-10,3.206836396429935e-08,7.776573056617053e-07,2.1239861780486535e-07,8.909309912041863e-08,7.069962837391586e-09,1.2330551157901937e-07,9.524145916373072e-09,0.0,0.0
3.090500467806123e-05,0.0142667893669568,0.0005751192196115085,1.0514857530466308e-06,0.010799186430839694,1.0515227586438414e-06,9.878053788270336e-07,8.674360429949957e-08,1.0667494443339365e-08,1.2340382227193913e-07,4.159290512006919e-08,7.776579877827317e-07,0.0,-1.1456966930722956e-08,7.77691752773535e-07,-1.0541716111145405e-10,1.8674544133290283e-09,1.3916395813495797e-10,3.206860199611583e-08,7.776579877827317e-07,2.1011368289691745e-07,8.684902041977693e-08,8.796450678971723e-09,1.2326465537171316e-07,9.52430134759652e-09,0.0,0.0
3.0907503969501704e-05,0.014268459926825017,0.0020398036073512316,1.0515294368979628e-06,0.008132879612254037,1.0515688018131186e-06,9.904623539114255e-07,8.93961811243571e-08,8.055311084831374e-09,1.2340066746219236e-07,4.159338118370215e-08,7.776654911140213e-07,0.0,-1.1457827575611645e-08,7.799787908879807e-07,2.1741366484917535e-09,2.865883641511857e-10,1.3917277053021593e-10,3.206892174034692e-08,7.776654911140213e-07,2.104835346017353e-07,8.722204114519627e-08,7.778561794680172e-09,1.2326148635111167e-07,9.524459443355227e-09,0.0,0.0
3.0910003260942176e-05,0.014270131941884756,0.0016722459039592436,1.051591502924817e-06,0.009565683529095755,1.0516378097236156e-06,9.891240324577666e-07,8.801254836043881e-08,9.461647465514034e-09,1.2344919753104477e-07,4.15936405318007e-08,7.776622510391462e-07,0.0,-1.1458541671061084e-08,7.788912057549169e-07,1.0898053570684851e-09,1.203032007346394e-09,1.391773502001925e-10,3.2069007005475214e-08,7.776622510391462e-07,2.1023276985943085e-07,8.69227463340394e-08,8.24532353504992e-09,1.2331001641996409e-07,9.524632638147068e-09,0.0,0.0
3.091250255238265e-05,0.014271802501752973,-6.025761462846724e-05,1.0516184321542589e-06,0.009733426045296067,1.051665435625182e-06,9.889856755762594e-07,8.78362342859873e-08,9.62621893307869e-09,1.2349195799288282e-07,4.159415567528413e-08,7.77657419348543e-07,0.0,-1.1459394322343996e-08,7.779716497680056e-07,1.7503237748073275e-10,1.1832698154634613e-09,1.391979587150871e-10,3.2069390698552525e-08,7.77657419348543e-07,2.1101395475398022e-07,8.766119918846016e-08,8.456972011572361e-09,1.2335276267094741e-07,9.524766753088443e-09,0.0,0.0
3.091500548180193e-05,0.014273473061621189,-0.0008205645198593459,1.0516037174931697e-06,0.00713045898676672,1.0516438351260149e-06,9.915193004417233e-07,9.039602133498192e-08,7.069987706387337e-09,1.2346606581559172e-07,4.1594372390818535e-08,7.776571919748676e-07,0.0,-1.1460178583888592e-08,7.785245657032647e-07,7.281559799565684e-10,2.4648322272113887e-10,1.3922042685354796e-10,3.206947241096714e-08,7.776571919748676e-07,2.1299470631674922e-07,8.966786424480233e-08,6.817465258990296e-09,1.2332684207194688e-07,9.524902644386657e-09,0.0,0.0
3.09175047732424e-05,0.014275145076680928,0.0007186770984279889,1.0516020139201395e-06,0.01098804399020184,1.0516386055314797e-06,9.87729663393111e-07,8.664987660722545e-08,1.085321699179076e-08,1.234210884604181e-07,4.1594820032742064e-08,7.77658669903758e-07,0.0,-1.1460908666549585e-08,7.777504151817993e-07,-4.7522971668989555e-11,1.586430986577625e-09,1.3923785735503458e-10,3.2069742417206726e-08,7.77658669903758e-07,2.0997926242216636e-07,8.669740481082044e-08,9.259479405443471e-09,1.2328185050591856e-07,9.525078503713758e-09,0.0,0.0
3.092000406468287e-05,0.014276815636549145,0.002222220822601706,1.0516511433805735e-06,0.00855479026497625,1.0516914699110202e-06,9.901638122755685e-07,8.906594928248524e-08,8.470643741986805e-09,1.2343241451162612e-07,4.159515398782787e-08,7.776654342706024e-07,0.0,-1.1461849247496048e-08,7.799692411936121e-07,2.164544765648202e-09,6.470154967352926e-11,1.392455456494801e-10,3.2069952027313775e-08,7.776654342706024e-07,2.1019457108195638e-07,8.690140163025717e-08,8.420710351231264e-09,1.2329316234627186e-07,9.525202848692516e-09,0.0,0.0
3.092250335612334e-05,0.014278486196417361,0.0013415368694538188,1.0517106780863775e-06,0.008790590686795491,1.0517579767110874e-06,9.89997374745144e-07,8.884973112799344e-08,8.70266170238665e-09,1.2348685629604006e-07,4.159542044135378e-08,7.776607731102558e-07,0.0,-1.1462520710381341e-08,7.784021249790385e-07,6.021085852125907e-10,1.1895182616683542e-09,1.3925591235697254e-10,3.20700479505831e-08,7.776607731102558e-07,2.1159522134439612e-07,8.824762431913769e-08,7.49663175980686e-09,1.2334758991983108e-07,9.525372490770678e-09,0.0,0.0
3.0925002647563815e-05,0.014280155301094055,-0.00047843597774699376,1.0517250841437256e-06,0.01158667826654608,1.0517710506974254e-06,9.8727264230547e-07,8.610314239376748e-08,1.1439210467756311e-08,1.2351236478025385e-07,4.159587163599099e-08,7.776570782880299e-07,0.0,-1.1463416882406818e-08,7.778975259498111e-07,1.011486797097838e-10,7.300060556048038e-10,1.3927921316270186e-10,3.207034637853212e-08,7.776570782880299e-07,2.0937508793394954e-07,8.600199663533203e-08,1.0717020160200263e-08,1.2337308419319015e-07,9.525523481102027e-09,0.0,0.0
3.092750193900429e-05,0.014281825860962272,-0.0006114638761895996,1.051706876714162e-06,0.0073689909932772675,1.0517451300984249e-06,9.913792382576503e-07,9.02435743910246e-08,7.3054646776427035e-09,1.2347850031346752e-07,4.159607769338436e-08,7.776571351314487e-07,0.0,-1.1464326377108591e-08,7.782142574797035e-07,4.177644896685706e-10,2.976645596675098e-10,1.393037629693339e-10,3.2070396116523625e-08,7.776571351314487e-07,2.131650091996562e-07,8.982581078953444e-08,7.013788216880812e-09,1.233392055155491e-07,9.525681576860734e-09,0.0,0.0
3.0930004868423566e-05,0.014283496420830488,0.0009878256112881498,1.0517131640622679e-06,0.009896839615928124,1.0517507007534732e-06,9.889022294373717e-07,8.779711890838371e-08,9.787006760575423e-09,1.234463269383923e-07,4.159645072832063e-08,7.776587835905957e-07,0.0,-1.1464984517317589e-08,7.779042334732367e-07,1.06106845532139e-10,1.1907408392630714e-09,1.3933215692318868e-10,3.207062349019907e-08,7.776587835905957e-07,2.1099801017498976e-07,8.76910064562253e-08,8.584902566610708e-09,1.2330700371876446e-07,9.525828126299984e-09,0.0,0.0
3.093250415986404e-05,0.014285165525507182,0.0019423828881901528,1.0517620723093696e-06,0.009323167291446003,1.051803906193527e-06,9.895157973005553e-07,8.838497933538747e-08,9.22542131576165e-09,1.2346706057542178e-07,4.15967242872739e-08,7.776637289680366e-07,0.0,-1.1465985494396591e-08,7.795307510605198e-07,1.7276646779862403e-09,3.918839905359128e-11,1.393581083863893e-10,3.207076559874622e-08,7.776637289680366e-07,2.0998501781832601e-07,8.665731598966886e-08,9.196506667308313e-09,1.233277089340845e-07,9.525956023992421e-09,0.0,0.0
3.093500345130451e-05,0.014286834630183876,0.0010820228900243478,1.051812552807656e-06,0.008401304408472535,1.0518579074414447e-06,9.904729267873336e-07,8.930390293926393e-08,8.32126456629112e-09,1.2350930944649008e-07,4.159696942451774e-08,7.776596930852975e-07,0.0,-1.146676087415699e-08,7.781363251524454e-07,3.372515322563885e-10,1.0038939679546388e-09,1.3937367926430966e-10,3.207085796930187e-08,7.776596930852975e-07,2.123365874240335e-07,8.896665093516276e-08,7.312407568349499e-09,1.233699435942981e-07,9.526111455215869e-09,0.0,0.0
3.093750274274498e-05,0.014288505190052092,-0.0001784984321311356,1.051827646724649e-06,0.010005623983453836,1.0518726867303485e-06,9.88913143373793e-07,8.773032789122226e-08,9.894693064893545e-09,1.235254956100107e-07,4.159731759045826e-08,7.776573056617053e-07,0.0,-1.1467562899269979e-08,7.779586894685053e-07,1.6203186015140147e-10,4.825330690572116e-10,1.3938196430363092e-10,3.2071081790263634e-08,7.776573056617053e-07,2.1095441127272352e-07,8.756829572575953e-08,9.410851653512964e-09,1.23386115546964e-07,9.526235800194627e-09,0.0,0.0
3.0940002034185454e-05,0.014290174294728786,-0.0003838340325841294,1.0518182608071817e-06,0.008396119683202528,1.0518580211282824e-06,9.904757689582766e-07,8.931288419944394e-08,8.316153099485746e-09,1.2350571410024713e-07,4.159752009513795e-08,7.776571919748676e-07,0.0,-1.1468528349212193e-08,7.780016630931641e-07,2.0506431275268966e-10,2.873484505894197e-10,1.3939183141076228e-10,3.207111731740042e-08,7.776571919748676e-07,2.1247414849767665e-07,8.910782156590358e-08,8.035470067113692e-09,1.2336631982634572e-07,9.526401001380691e-09,0.0,0.0
3.0942501325625926e-05,0.01429184339940548,0.0007434796043559455,1.0518242636682396e-06,0.00969302775224476,1.051861886480765e-06,9.892064554151148e-07,8.8069697312676e-08,9.588405625038376e-09,1.2347803135526192e-07,4.159781852308697e-08,7.776587267471768e-07,0.0,-1.1469211358416942e-08,7.778305075589742e-07,3.2383162124061116e-11,8.196345269162464e-10,1.3940029686132505e-10,3.207129495308436e-08,7.776587267471768e-07,2.1137593364528584e-07,8.803731077478005e-08,8.758266112351976e-09,1.233386228705058e-07,9.52652268182419e-09,0.0,0.0
3.0945004255045205e-05,0.014293512504082173,0.0019070727619195926,1.0518685041617434e-06,0.00917613098268978,1.0519095212657703e-06,9.897590871332795e-07,8.860610734018337e-08,9.08215902484244e-09,1.2349056532912073e-07,4.159805300218977e-08,7.776624784128217e-07,0.0,-1.1470230987242758e-08,7.791327334416565e-07,1.3308895097097206e-09,3.40419289979188e-11,1.394028642520695e-10,3.207139087635369e-08,7.776624784128217e-07,2.106263821133325e-07,8.727521816354056e-08,9.059213823547907e-09,1.233511568443646e-07,9.526662125836083e-09,0.0,0.0
3.094750354648568e-05,0.014295180153567344,0.0012841873642482904,1.051921723194808e-06,0.008298607875607794,1.0519670468056574e-06,9.90676539913693e-07,8.948394736307819e-08,8.221236136307652e-09,1.2353311262813804e-07,4.1598255506869464e-08,7.77659465711622e-07,0.0,-1.1471028571463648e-08,7.781509907545114e-07,3.520537472656571e-10,6.346132508383562e-10,1.3942984267156788e-10,3.207144771977255e-08,7.77659465711622e-07,2.1252557758089097e-07,8.913189475379113e-08,7.581035355030963e-09,1.233936899325272e-07,9.526806898918494e-09,0.0,0.0
3.095000283792615e-05,0.014296849258244038,-0.0001686383097506683,1.0519403428762474e-06,0.009837662269562624,1.0519856914470438e-06,9.891839454212459e-07,8.797779571523279e-08,9.731257577527685e-09,1.2354901457456435e-07,4.159853261853641e-08,7.776571919748676e-07,0.0,-1.1471860794642907e-08,7.776883421684033e-07,-1.0830448343712717e-10,3.6977551576278245e-10,1.394667992205001e-10,3.207159338103338e-08,7.776571919748676e-07,2.114956458854067e-07,8.80861037444447e-08,9.360071828723449e-09,1.2340954924638936e-07,9.52693834932461e-09,0.0,0.0
3.095250212936662e-05,0.014298518362920731,-0.00027443743486066374,1.0519329474782727e-06,0.008647544895613594,1.051972503773868e-06,9.903369573294185e-07,8.915358051808653e-08,8.563983300291511e-09,1.2352622036360117e-07,4.1598720912361387e-08,7.776571351314487e-07,0.0,-1.147285999536507e-08,7.778324970786343e-07,3.5827597832938096e-11,1.2542773764057102e-10,1.3949374988442287e-10,3.207161825002913e-08,7.776571351314487e-07,2.125044744616389e-07,8.91177549533495e-08,8.445125487810401e-09,1.2338672661371675e-07,9.527102662332254e-09,0.0,0.0
3.095500142080709e-05,0.014300186012405902,0.0008237055364698764,1.0519421073449415e-06,0.008910215794509678,1.0519803481656709e-06,9.900858231048915e-07,8.892230596302397e-08,8.821878338949318e-09,1.2350520250947739e-07,4.159894828603683e-08,7.776583288432448e-07,0.0,-1.1473647809623344e-08,7.777945825182542e-07,-3.288330328518607e-12,5.485460974341549e-10,1.3951098609688017e-10,3.207171417329846e-08,7.776583288432448e-07,2.1229128321920143e-07,8.892559577589054e-08,8.26516544094602e-09,1.2336568033788353e-07,9.527235889095209e-09,0.0,0.0
3.0957500712247565e-05,0.014301853661891073,0.0014831922927953656,1.0519805783147146e-06,0.009555758870760284,1.0520229807298165e-06,9.894937420540373e-07,8.8312326340656e-08,9.455363603194655e-09,1.2352020917205664e-07,4.15992218449901e-08,7.776612278576067e-07,0.0,-1.1474657668486543e-08,7.786605920045986e-07,8.5984547260054e-10,1.1311290792903606e-10,1.395103199630654e-10,3.207179588571307e-08,7.776612278576067e-07,2.1083316426029342e-07,8.745247725983063e-08,9.348503304806854e-09,1.2338068700046279e-07,9.527425071098605e-09,0.0,0.0
3.0960003641666844e-05,0.014303522766567767,0.001040367222622407,1.0520226991646055e-06,0.008314391811777741,1.052066068041313e-06,9.907536195896682e-07,8.954673802463731e-08,8.237513782205497e-09,1.2354696821148536e-07,4.1599388822533e-08,7.776599773023918e-07,0.0,-1.1475535188765207e-08,7.78232049469807e-07,4.3258754911512654e-10,3.261312886415624e-10,1.395192156250502e-10,3.2071820754708824e-08,7.776599773023918e-07,2.125215985415707e-07,8.911414539625184e-08,7.909799926153482e-09,1.234074460398915e-07,9.527568956002597e-09,0.0,0.0
3.0962502933107316e-05,0.014305190416052938,0.00030672933078665365,1.0520451640133433e-06,0.009716792644613038,1.052088919095695e-06,9.893990409182152e-07,8.818522445608323e-08,9.613785323381308e-09,1.2355609158021252e-07,4.1599705014050414e-08,7.776577035656373e-07,0.0,-1.1476393169118637e-08,7.776716870466771e-07,-1.2556237993788244e-10,4.5281287053278163e-10,1.3953914412834223e-10,3.207193088883287e-08,7.776577035656373e-07,2.1172733966068336e-07,8.831079156834676e-08,9.155514568703893e-09,1.2341655519776396e-07,9.527775013395967e-09,0.0,0.0
3.096500222454779e-05,0.014306858065538108,-0.00011317092107343552,1.0520483918891664e-06,0.009829355579279662,1.0520911928324495e-06,9.892897878671647e-07,8.807359108686796e-08,9.724081095896508e-09,1.2355884848602727e-07,4.159993238772586e-08,7.776573056617053e-07,0.0,-1.147745010143808e-08,7.77889397340914e-07,9.249405408251477e-11,4.975009293417543e-11,1.395620008448617e-10,3.2071969968683334e-08,7.776573056617053e-07,2.114003905262507e-07,8.798109973895407e-08,9.679545165397485e-09,1.2341928368186927e-07,9.527960642685684e-09,0.0,0.0
3.096750151598826e-05,0.01430852571502328,0.00014983867446183297,1.0520490033787671e-06,0.009476991941880909,1.0520878959141555e-06,9.896308483803296e-07,8.842828691513205e-08,9.378723575537151e-09,1.2354490763755166e-07,4.160013844511923e-08,7.776576467222185e-07,0.0,-1.1478228145733738e-08,7.775973358548072e-07,-1.9992353605946533e-10,4.144170839825989e-10,1.3958310896011739e-10,3.207201970667484e-08,7.776576467222185e-07,2.120335267363771e-07,8.862820521926551e-08,8.959584185674885e-09,1.2340532862253895e-07,9.528117850265971e-09,0.0,0.0
3.097000080742873e-05,0.014310191909316927,0.0012793862883314355,1.0520728170435405e-06,0.009723650675724277,1.0521121112105902e-06,9.8941177384404e-07,8.822217978377012e-08,9.620694463308155e-09,1.2352920464309136e-07,4.1600447531209284e-08,7.776604320497427e-07,0.0,-1.1479235340061678e-08,7.783311275488813e-07,5.311034390054203e-10,2.153637684854104e-10,1.3961418132701908e-10,3.2072115629944165e-08,7.776604320497427e-07,2.110806747168681e-07,8.769107751049887e-08,9.4101499925614e-09,1.2338959720636922e-07,9.528332789443539e-09,0.0,0.0
3.0972500098869205e-05,0.014311859558802098,0.0015308723090563664,1.0521196823065718e-06,0.009252173954362362,1.0521634976612404e-06,9.899238193611382e-07,8.870692624896037e-08,9.158947378296034e-09,1.2355613421277667e-07,4.1600621614179545e-08,7.776607731102558e-07,0.0,-1.1480151052012388e-08,7.785220077494159e-07,7.216074959792707e-10,1.4479689669499862e-10,1.3963671885441897e-10,3.207212984079888e-08,7.776607731102558e-07,2.1140181161172222e-07,8.798532036280449e-08,9.010300061618182e-09,1.2341648414349038e-07,9.528489108845406e-09,0.0,0.0
3.0975003028288484e-05,0.014313525753095746,0.0002344436431882535,1.052149095900233e-06,0.010355633695036105,1.0521944204811007e-06,9.888719887385378e-07,8.762432202047421e-08,1.0240396086658166e-08,1.2358970025161398e-07,4.1600912936701206e-08,7.776579877827317e-07,0.0,-1.1481044559502607e-08,7.776511097290495e-07,-1.4655864022383724e-10,4.4607265103913107e-10,1.3964501777152805e-10,3.207221510592717e-08,7.776579877827317e-07,2.1122093585290713e-07,8.777087856515209e-08,9.79465752948272e-09,1.2345005018232769e-07,9.528700495309295e-09,0.0,0.0
3.0977502319728956e-05,0.014315193402580917,-0.000172878693138645,1.0521501225878055e-06,0.008408048590017933,1.052191009875969e-06,9.907772664519143e-07,8.95418281743332e-08,8.33050339821284e-09,1.2357818945929466e-07,4.16011651793724e-08,7.776572488182865e-07,0.0,-1.1482112149963086e-08,7.777209702908294e-07,-7.593908141201311e-11,1.0107467640629864e-10,1.3965920087066763e-10,3.207226839663235e-08,7.776572488182865e-07,2.130562961610849e-07,8.961776387650389e-08,8.238888682399192e-09,1.2343852517915366e-07,9.528896782740048e-09,0.0,0.0
3.098000161116943e-05,0.014316859596874565,0.0007333255422388163,1.0521594607212242e-06,0.008267639196807154,1.052198399520421e-06,9.90921535048983e-07,8.970327058932526e-08,8.192581724131287e-09,1.235601843063705e-07,4.1601360578624735e-08,7.776581014695694e-07,0.0,-1.148290262875662e-08,7.778503459121566e-07,5.257884058695872e-11,3.1441196868264853e-10,1.3967380030344145e-10,3.207231458191018e-08,7.776581014695694e-07,2.1307120334768115e-07,8.965069042687901e-08,7.868510287778463e-09,1.2342050581537478e-07,9.529046884892978e-09,0.0,0.0
3.09825009026099e-05,0.014318525791168213,0.0010397105630559622,1.0521890029476348e-06,0.010050727863878355,1.0522315960770356e-06,9.892038406178472e-07,8.797119477321758e-08,9.942218603953279e-09,1.235727182802293e-07,4.160166966471479e-08,7.776599773023918e-07,0.0,-1.1483872519590932e-08,7.78145874846814e-07,3.4623739986194835e-10,2.6154525767374537e-10,1.39697156620322e-10,3.207240339975215e-08,7.776599773023918e-07,2.110579799818879e-07,8.76249615089364e-08,9.685058977026983e-09,1.2343302557837887e-07,9.529266264962644e-09,0.0,0.0
3.098500019405037e-05,0.014320191985461861,0.0008514660381369714,1.0522205136242468e-06,0.007881212305573248,1.0522629736442468e-06,9.913630947266938e-07,9.011356638666257e-08,7.813143021451197e-09,1.2358957235392154e-07,4.160185795853977e-08,7.776599773023918e-07,0.0,-1.1484818429607913e-08,7.781949307172908e-07,3.9523567751942323e-10,1.4397077974237504e-10,1.397333776465004e-10,3.20724282687479e-08,7.776599773023918e-07,2.1316816400940297e-07,8.971832698989601e-08,7.67040386762119e-09,1.2344983701950696e-07,9.52942702525661e-09,0.0,0.0
3.0987499485490844e-05,0.014321858179755509,0.000773356887817378,1.052247586331121e-06,0.009888901343075865,1.052289462677436e-06,9.89417458185926e-07,8.81606965208448e-08,9.784251631117513e-09,1.235983262404261e-07,4.1602131517493035e-08,7.776584425300825e-07,0.0,-1.1485637330110876e-08,7.778209578646056e-07,2.2732715015960636e-11,3.3417946188052383e-10,1.3976494961376318e-10,3.207251708658987e-08,7.776584425300825e-07,2.1159652874302992e-07,8.813796625872783e-08,9.443193782487924e-09,1.234585624843021e-07,9.529614430903166e-09,0.0,0.0
3.099000241491012e-05,0.014323524374049157,0.00028336609089407716,1.052265193389092e-06,0.008523943589750945,1.052309471560875e-06,9.907751064019976e-07,8.950370045113232e-08,8.445311117100118e-09,1.236136597526638e-07,4.1602334022172727e-08,7.776577604090562e-07,0.0,-1.148666051165037e-08,7.777866812830325e-07,-1.0880026046766744e-11,1.0687310064705358e-10,1.3979106761041749e-10,3.207255261372666e-08,7.776577604090562e-07,2.1298845354067453e-07,8.95145788604168e-08,8.351023872421592e-09,1.2347386757483036e-07,9.529783184802909e-09,0.0,0.0
3.0992501706350595e-05,0.014325190568342805,0.0001309566867888634,1.052272096811571e-06,0.008162889588093074,1.0523120863581426e-06,9.911316283250926e-07,8.987156263629004e-08,8.090498049284633e-09,1.236020494843615e-07,4.160255429042081e-08,7.776579877827317e-07,0.0,-1.1487425233269732e-08,7.776465622555406e-07,-1.5127292474215182e-10,2.3359292278257726e-10,1.3980573643213035e-10,3.207260945714552e-08,7.776579877827317e-07,2.134850802804067e-07,9.002283718473336e-08,7.842658966694671e-09,1.2346224309567333e-07,9.529943945096875e-09,0.0,0.0
3.099500099779107e-05,0.01432685530744493,0.0011784366220766174,1.0522938947939843e-06,0.011259897866617822,1.052332322615257e-06,9.881149480861495e-07,8.687341335189558e-08,1.1126073395928415e-08,1.235815005884433e-07,4.160278876952361e-08,7.776600341458106e-07,0.0,-1.1488418216742957e-08,7.781819704177906e-07,3.8210265507210295e-10,1.473055150080782e-10,1.3981699131804248e-10,3.2072673405991736e-08,7.776600341458106e-07,2.0993300609006837e-07,8.649131189031323e-08,1.098415935985031e-08,1.2344169419975515e-07,9.530117139888716e-09,0.0,0.0
3.099750028923154e-05,0.014328521501738578,0.0014292884874170242,1.0523373445609527e-06,0.0072219848155473795,1.052382117450179e-06,9.92124682852591e-07,9.085053420676559e-08,7.1651093946911715e-09,1.23614299241126e-07,4.160297706334859e-08,7.776598636155541e-07,0.0,-1.1489357909511e-08,7.782493867125595e-07,4.496967798139906e-10,1.495566726017472e-10,1.398411664244037e-10,3.207269827498749e-08,7.776598636155541e-07,2.1387529614003142e-07,9.040083881473038e-08,7.02253233342276e-09,1.234744644307284e-07,9.530278788361102e-09,0.0,0.0
3.099999958067201e-05,0.014330186240840703,8.82800431334374e-05,1.0523626081176823e-06,0.009796836527957804,1.0524073559281533e-06,9.89618797575531e-07,8.831887043925235e-08,9.695133584841642e-09,1.236421667272225e-07,4.1603197331596675e-08,7.776578172524751e-07,0.0,-1.1490136841985077e-08,7.776498591738346e-07,-1.4782791657452776e-10,1.9086227043274562e-10,1.3988532554520816e-10,3.207277288197474e-08,7.776578172524751e-07,2.1196898103426065e-07,8.846669885542724e-08,9.48985334758845e-09,1.2350227507340605e-07,9.530423561443513e-09,0.0,0.0
3.100249887211248e-05,0.014331850979942828,4.246191217305295e-06,1.0523641484380853e-06,0.009814650685081798,1.052403376888833e-06,9.895962875816622e-07,8.832848408246718e-08,9.712541881867764e-09,1.2361013546069444e-07,4.1603371414566936e-08,7.776576467222185e-07,0.0,-1.149119466248294e-08,7.776483812449442e-07,-1.4922180158194465e-10,1.2063471055423491e-10,1.3992097758208644e-10,3.2072794198256815e-08,7.776576467222185e-07,2.1194792054757272e-07,8.847770516240416e-08,9.606533346584456e-09,1.2347021538516856e-07,9.530577216310121e-09,0.0,0.0
3.100500180153176e-05,0.014333515719044954,0.0011470083567388656,1.0523833138227102e-06,0.006937462258518957,1.052423385772272e-06,9.92442778624536e-07,9.11816968596213e-08,6.885034320447403e-09,1.2360210632778035e-07,4.160357747196031e-08,7.776590109642711e-07,0.0,-1.1491977147670696e-08,7.780244004607084e-07,2.254918196609168e-10,1.2778314517625233e-10,1.3993162184533503e-10,3.2072847488962e-08,7.776590109642711e-07,2.1441837816382758e-07,9.095620612242783e-08,6.751958547823733e-09,1.2346217204139975e-07,9.530731759355149e-09,0.0,0.0
3.100750473095104e-05,0.014335184823721647,0.0009197016718276996,1.0524178093764507e-06,0.011031745926202386,1.0524615845497465e-06,9.884604423859855e-07,8.716644117612304e-08,1.0904444458503804e-08,1.2363466339593288e-07,4.160375510764425e-08,7.776593520247843e-07,0.0,-1.1492921281330837e-08,7.780058695061598e-07,2.0658594279687748e-10,1.3587088398825387e-10,1.3994715108989197e-10,3.207287591067143e-08,7.776593520247843e-07,2.1045458709068043e-07,8.695985798112815e-08,1.0760881075100315e-08,1.2349472910955228e-07,9.530880973329658e-09,0.0,0.0
3.101000402239151e-05,0.014336849562823772,0.0003844624740665381,1.0524395203069432e-06,0.008046819401853242,1.0524819344936986e-06,9.91406295725028e-07,9.010486934357687e-08,7.977667415559608e-09,1.2364311885448842e-07,4.16039469541829e-08,7.776583288432448e-07,0.0,-1.1493934692907715e-08,7.777515520501765e-07,-4.676205256348709e-11,1.4661656611014706e-10,1.3996787062708904e-10,3.20728972269535e-08,7.776583288432448e-07,2.1365478630741563e-07,9.01516372664446e-08,7.848385052966478e-09,1.235031561463984e-07,9.531048839050982e-09,0.0,0.0
3.101250695181079e-05,0.014338514301925898,0.000757271766303802,1.052458527203285e-06,0.007961588540173687,1.0524988738325192e-06,9.915061127685476e-07,9.021265157116432e-08,7.893963704930229e-09,1.2363521761926677e-07,4.1604145906148915e-08,7.77658271999826e-07,0.0,-1.1494642571108216e-08,7.778767781019269e-07,7.855126965550241e-11,8.113817950849977e-11,1.3997912551300118e-10,3.2072939859517646e-08,7.77658271999826e-07,2.136293346666207e-07,9.013410107172604e-08,7.796878698229648e-09,1.2349524070032203e-07,9.531206046631269e-09,0.0,0.0
3.1015006243251264e-05,0.0143401775858365,0.0006538564878919573,1.052481998272495e-06,0.01062867771910154,1.0525250218051951e-06,9.889141665553325e-07,8.761034564486181e-08,1.0510849968170533e-08,1.23645435223807e-07,4.1604327094546534e-08,7.776583856866637e-07,0.0,-1.1495673746253487e-08,7.778111239531427e-07,1.2708174790265758e-11,1.6116855072745295e-10,1.4000103853994972e-10,3.207295762308604e-08,7.776583856866637e-07,2.1110307102389925e-07,8.759764114074642e-08,1.0355674540107884e-08,1.2350542988315283e-07,9.531368583282074e-09,0.0,0.0
3.1017505534691736e-05,0.014341842324938625,0.0004255434987925355,1.0524999674661416e-06,0.007647346417340682,1.0525417337703402e-06,9.918556997945416e-07,9.054766536564784e-08,7.585064132342723e-09,1.236493574197084e-07,4.160451894108519e-08,7.77658669903758e-07,0.0,-1.1496509522146425e-08,7.778404551572748e-07,4.178854484671035e-11,4.9914433697395566e-11,1.4003442849741532e-10,3.207299670293651e-08,7.77658669903758e-07,2.140152020047026e-07,9.050587834735779e-08,7.537835244875168e-09,1.235093236573448e-07,9.531521349970262e-09,0.0,0.0
3.102000482613221e-05,0.014343505608849227,0.0009905484842291923,1.0525235210962545e-06,0.009638913743967789,1.0525628795221564e-06,9.899190445139538e-07,8.861678679750185e-08,9.54174428358101e-09,1.2364331780645443e-07,4.16047178930512e-08,7.776589541208523e-07,0.0,-1.1497361285250918e-08,7.779572115396149e-07,1.5813862719316063e-10,1.450968095673133e-10,1.4007654758341204e-10,3.2073028677359616e-08,7.776589541208523e-07,2.1196188981775776e-07,8.845864840623108e-08,9.390167754474987e-09,1.235032414115267e-07,9.531690103870005e-09,0.0,0.0
3.102250411757268e-05,0.01434516889275983,0.0010166491907892539,1.052556906492237e-06,0.008766243929480137,1.0526008509259555e-06,9.908120546242571e-07,8.94878340318428e-08,8.685700159105636e-09,1.236654298963913e-07,4.1604881317880427e-08,7.776587835905957e-07,0.0,-1.1498281438093727e-08,7.780197393003618e-07,2.2084892248308563e-10,8.729661438167113e-11,1.4010582971568653e-10,3.207304999364169e-08,7.776587835905957e-07,2.127923011130406e-07,8.926698313871384e-08,8.605620216428633e-09,1.235253250797541e-07,9.531831324238738e-09,0.0,0.0
3.102500340901315e-05,0.014346833631861955,0.00033221784525294673,1.0525793616092215e-06,0.008752976641570964,1.0526224514251226e-06,9.908454785545473e-07,8.950866714485528e-08,8.672847329194155e-09,1.2367893020837073e-07,4.160510158612851e-08,7.776578172524751e-07,0.0,-1.149910300313195e-08,7.777098289807327e-07,-8.813814261765529e-11,8.636640708159504e-11,1.4013996907369375e-10,3.2073089073492156e-08,7.776578172524751e-07,2.1313560694125044e-07,8.959680997122632e-08,8.580073540542799e-09,1.2353879697002412e-07,9.532010736279517e-09,0.0,0.0
3.102750633843243e-05,0.014348496915772557,0.0006398196321519833,1.0525955293521883e-06,0.009412905760861928,1.0526342748562456e-06,9.902082638291176e-07,8.889642799658759e-08,9.320737071050189e-09,1.236534643567211e-07,4.160524724738934e-08,7.776583856866637e-07,0.0,-1.1500042695899992e-08,7.77842842580867e-07,4.430765476737264e-11,1.1262216853547002e-10,1.4016132698912998e-10,3.207310683706055e-08,7.776583856866637e-07,2.1236543545910536e-07,8.885211855158559e-08,9.21298415335059e-09,1.2351331690751977e-07,9.532141298507213e-09,0.0,0.0
3.10300056298729e-05,0.01435016019968316,0.0011618297711819686,1.0526254958968395e-06,0.008333364393697862,1.0526686082812375e-06,9.913014764606487e-07,8.997814404665405e-08,8.260876427357289e-09,1.2366433566057822e-07,4.1605446199355356e-08,7.776589541208523e-07,0.0,-1.1500858043689277e-08,7.781034128129249e-07,3.0432928399548587e-10,4.6703495237832016e-11,1.4016382499093538e-10,3.20731317060563e-08,7.776589541208523e-07,2.1319799259345018e-07,8.967381148750064e-08,8.210597535196484e-09,1.2352417400052218e-07,9.532315381477474e-09,0.0,0.0
3.1032504921313375e-05,0.014351822028402239,0.0003327824500725107,1.0526503337919712e-06,0.010372794544009979,1.0526947562539135e-06,9.893252581605338e-07,8.79693971000961e-08,1.0262067640098849e-08,1.236980722296721e-07,4.160564870403505e-08,7.776578172524751e-07,0.0,-1.1501759544785273e-08,7.77713808020053e-07,-8.418324370929042e-11,1.4378598311992619e-10,1.4018404492777137e-10,3.207317078590677e-08,7.776578172524751e-07,2.116114643513356e-07,8.80535750980016e-08,1.0115331683380191e-08,1.2355788214790664e-07,9.532478806306699e-09,0.0,0.0
3.103500421275385e-05,0.014353485312312841,0.00010358394726339704,1.0526575918040493e-06,0.009005854717891833,1.0526971436775057e-06,9.906668765324866e-07,8.932781270232226e-08,8.921801963879261e-09,1.236813318428176e-07,4.1605801470723236e-08,7.776577604090562e-07,0.0,-1.1502662822238108e-08,7.777055657243181e-07,-9.23941409491924e-11,7.959660014433823e-11,1.4021159233656988e-10,3.2073184996761483e-08,7.776577604090562e-07,2.129613250190232e-07,8.942020457425315e-08,8.848721755327915e-09,1.2354112755019742e-07,9.532614697604913e-09,0.0,0.0
3.103750350419432e-05,0.014355148596223444,0.0012092390443481094,1.0526794277776435e-06,0.009567317286342544,1.0527195399845368e-06,9.90137095868704e-07,8.881038127128704e-08,9.472955753153656e-09,1.236678599525476e-07,4.1606014633543964e-08,7.776588972774334e-07,0.0,-1.1503417773894853e-08,7.780989790262538e-07,2.9985217087080684e-10,8.575851140335544e-11,1.402489374635607e-10,3.207323473475299e-08,7.776588972774334e-07,2.1203813105330482e-07,8.851053223679628e-08,9.379164112033322e-09,1.2352759881650854e-07,9.532779898790977e-09,0.0,0.0
3.104000279563479e-05,0.014356810424942523,0.0010090874263383176,1.0527162925640163e-06,0.009919129460627283,1.0527604672461166e-06,9.89831619335746e-07,8.84757724861629e-08,9.818267976413608e-09,1.2369673640932888e-07,4.160617450565951e-08,7.776591814945277e-07,0.0,-1.1504393881978103e-08,7.780728878969967e-07,2.7342622610504463e-10,1.3649685548511314e-10,1.4028060657533814e-10,3.207325960374874e-08,7.776591814945277e-07,2.117588024930228e-07,8.820234853601505e-08,9.689705926518855e-09,1.235564468515804e-07,9.532912237375513e-09,0.0,0.0
3.104250572505407e-05,0.014358473708853126,0.0001360926959270703,1.0527353401607374e-06,0.007832117146651241,1.0527785434533143e-06,9.918982186718495e-07,9.053380267687317e-08,7.768663046192614e-09,1.2370642821224465e-07,4.1606398326621274e-08,7.776580446261505e-07,0.0,-1.1505180808057958e-08,7.77783213834482e-07,-1.510325892128961e-11,1.4622869581870646e-10,1.4029286066197244e-10,3.2073302236312884e-08,7.776580446261505e-07,2.1411503325907688e-07,9.054890881543542e-08,7.622170450360954e-09,1.2356612444364146e-07,9.53309697848681e-09,0.0,0.0
3.104500501649454e-05,0.014360135537572205,0.0004667174369951954,1.0527453578326478e-06,0.01004745978259646,1.052785592037253e-06,9.897287327476079e-07,8.837362486247002e-08,9.94425963796175e-09,1.236974043195005e-07,4.16065617514505e-08,7.776577035656373e-07,0.0,-1.1505984609527786e-08,7.778332360430795e-07,3.5235703244040906e-11,1.1855025294771337e-10,1.4030038242296428e-10,3.2073359079731745e-08,7.776577035656373e-07,2.1189549670452834e-07,8.833838904820368e-08,9.818565516184208e-09,1.235571005508973e-07,9.533203559897174e-09,0.0,0.0
3.1047504307935014e-05,0.014361797366291285,0.0006990472992427499,1.0527647308458315e-06,0.008601765826332524,1.0528065104153939e-06,9.91166984931624e-07,8.980410370895697e-08,8.525786299173888e-09,1.2370486501822597e-07,4.1606778466984906e-08,7.776580446261505e-07,0.0,-1.1506967823038394e-08,7.77902471327252e-07,1.0411652789921177e-10,1.7774549887494828e-10,1.4031875661402182e-10,3.207338039601382e-08,7.776580446261505e-07,2.1326454202608147e-07,8.969998788188605e-08,8.361154435476692e-09,1.2356454703876807e-07,9.533397182792669e-09,0.0,0.0
3.1050003599375486e-05,0.014363459195010364,0.0005714295786667378,1.0527858439954578e-06,0.008169195426319014,1.052828110914561e-06,9.916127510223305e-07,9.024716973726754e-08,8.100678350331236e-09,1.2370688295959553e-07,4.160696676080988e-08,7.776587267471768e-07,0.0,-1.1507643726815786e-08,7.779801762808347e-07,1.810498001519889e-10,1.523908360612225e-10,1.4034583217803487e-10,3.2073451450287394e-08,7.776587267471768e-07,2.1363264579576935e-07,9.006611634276851e-08,7.935383905532944e-09,1.235665365584282e-07,9.533516198700909e-09,0.0,0.0
3.105250289081596e-05,0.014365121023729444,0.0010172627176174842,1.0528122453402952e-06,0.010505527960838165,1.0528519851504825e-06,9.893426522467053e-07,8.797905337587508e-08,1.039356689602755e-08,1.2370421131890907e-07,4.16071479492075e-08,7.776593520247843e-07,0.0,-1.1508626940326394e-08,7.781553108543449e-07,3.5556485533660975e-10,1.4384891888763462e-10,1.4035933526557187e-10,3.2073472766569466e-08,7.776593520247843e-07,2.111873413923604e-07,8.762349068547337e-08,1.0256758997684301e-08,1.2356385070688702e-07,9.533676070816455e-09,0.0,0.0
3.105500218225643e-05,0.014366782852448523,0.001113322935099581,1.0528476520245567e-06,0.006982499027123962,1.052890979735821e-06,9.928415920512634e-07,9.145994539494495e-08,6.932515450586152e-09,1.2372279911687656e-07,4.1607378875596623e-08,7.776588404340146e-07,0.0,-1.1509464492576171e-08,7.780893724884663e-07,2.9010169266818764e-10,1.9176375765095344e-10,1.4038369078317459e-10,3.207351895184729e-08,7.776588404340146e-07,2.1475226219536125e-07,9.116984500678882e-08,6.743133607045593e-09,1.235824242939998e-07,9.533859923749333e-09,0.0,0.0
3.105750511167571e-05,0.01436844322597608,0.0001984257806496581,1.0528694319529812e-06,0.01007328107288941,1.0529145129112294e-06,9.898259349938598e-07,8.842042831247454e-08,9.97079485642871e-09,1.2374796654057718e-07,4.1607549405853206e-08,7.776575898787996e-07,0.0,-1.1510246089585507e-08,7.777245514262177e-07,-7.340670432620655e-11,1.713529457214591e-10,1.4041748319648661e-10,3.2073565137125115e-08,7.776575898787996e-07,2.121013835676422e-07,8.849383448250592e-08,9.790229960060515e-09,1.2360754908513627e-07,9.53398426872809e-09,0.0,0.0
