time_s,macro_strain,force_N_per_1mm_b,W_path_N_mm,KE_IE_ratio,ALLWK,ALLIE,ALLSE,ALLKE,ALLAE,ALLVD,ALLDMD,ALLDC,ETOTAL,ITO:ALLIE,ITO:ALLSE,ITO:ALLKE,ITO:ALLAE,ITO:ALLVD,ITO:ALLDMD,PDMS:ALLIE,PDMS:ALLSE,PDMS:ALLKE,PDMS:ALLAE,PDMS:ALLVD,PDMS:ALLDMD,PDMS:ALLDC
4.475000605452806e-05,0.01980340894078836,0.001148411901011323,1.140769910822155e-06,0.0034058015707983504,1.1408120599298854e-06,1.0804965313582215e-06,1.655764094721235e-07,3.679956783742e-09,1.372598745774667e-07,4.225563898785367e-08,7.776602615194861e-07,0.0,-1.4379884838433554e-08,7.783645514791715e-07,4.83121986860624e-10,4.14699420636655e-11,2.2118919196234543e-10,3.229059686304936e-08,7.776602615194861e-07,3.0213197987905005e-07,1.6509328304437076e-07,3.6345386700276094e-09,1.3703868262382457e-07,9.965040348447474e-09,0.0,0.0
4.475250534596853e-05,0.019803673785645515,0.0009583726494771794,1.1407754905326884e-06,0.0037183694080295876,1.1408176305849338e-06,1.0801653615999385e-06,1.652326915291269e-07,4.016453836186429e-09,1.3727290593124053e-07,4.225567806770414e-08,7.776597499287163e-07,0.0,-1.4380197477237289e-08,7.782245461385173e-07,3.436033124692983e-10,5.337127614857273e-11,2.2120770493128106e-10,3.229060041576304e-08,7.776597499287163e-07,3.019407870397117e-07,1.6488908727296803e-07,3.966207806627153e-09,1.370516997667437e-07,9.965077651941101e-09,0.0,0.0
4.4755004637409e-05,0.01980393863050267,0.0008158734432062928,1.140780189532218e-06,0.0028775446453312404,1.1408222917452804e-06,1.0810753110490623e-06,1.661413193687622e-07,3.1108424725090345e-09,1.3727476755320822e-07,4.225571004212725e-08,7.776591814945277e-07,0.0,-1.4380433732696929e-08,7.781190447531117e-07,2.3864504816728527e-10,3.302322998388618e-11,2.2122637055588257e-10,3.2290603968476717e-08,7.776591814945277e-07,3.0295620945253177e-07,1.659026764855298e-07,3.077647026117347e-09,1.3705354717785667e-07,9.965103409115272e-09,0.0,0.0
4.4757503928849474e-05,0.019804203475359827,0.0008933568989066831,1.1407847163408761e-06,0.0037273984547938244,1.1408267255319515e-06,1.0801641110447235e-06,1.6523608792340383e-07,4.0262020384318475e-09,1.3726872793995426e-07,4.225574201655036e-08,7.776592951813655e-07,0.0,-1.4380672652691828e-08,7.781600857015292e-07,2.7955798787004937e-10,2.6488184909356782e-11,2.2124442555782053e-10,3.2290607521190395e-08,7.776592951813655e-07,3.0200402534319437e-07,1.6495653198944638e-07,3.9967140708085935e-09,1.3704747914289328e-07,9.965136271716801e-09,0.0,0.0
4.4760003220289946e-05,0.01980446686502546,0.0010383311153186366,1.1407898042074778e-06,0.0035999604563423074,1.140831841439649e-06,1.0803059922182001e-06,1.6538116653919133e-07,3.889058852735161e-09,1.3726510417200188e-07,4.225578820182818e-08,7.776597499287163e-07,0.0,-1.4380981738781884e-08,7.78257742695132e-07,3.7676087250027024e-10,3.204165752168642e-11,2.2126078746964595e-10,3.2290611073904074e-08,7.776597499287163e-07,3.020482495230681e-07,1.650044083589819e-07,3.859965236330254e-09,1.370438553749409e-07,9.965178904280947e-09,0.0,0.0
4.476250251173042e-05,0.019804730254691094,0.0011161128944413012,1.1407954787903513e-06,0.0032618027023036543,1.140837525781535e-06,1.080675588127633e-06,1.6574911398947734e-07,3.5249505536683046e-09,1.3726655367918283e-07,4.225582017625129e-08,7.776599204589729e-07,0.0,-1.4381203783386809e-08,7.783243631820369e-07,4.431910949342921e-10,2.0613592430218652e-11,2.2127406851257803e-10,3.2290611073904074e-08,7.776599204589729e-07,3.023512249455962e-07,1.6530593427432905e-07,3.5028582257012886e-09,1.3704529067126714e-07,9.965209990525636e-09,0.0,0.0
4.476500180317089e-05,0.01980499509954825,0.001047206534732989,1.1408012082306033e-06,0.0036598857736649367,1.1408433238102589e-06,1.0802524457176332e-06,1.6531903668237646e-07,3.95360055804872e-09,1.3727392911278002e-07,4.225585570338808e-08,7.77659465711622e-07,0.0,-1.4381472901447978e-08,7.782504667375179e-07,3.6973879513624297e-10,3.6248736651200986e-11,2.2128583687663905e-10,3.229061462661775e-08,7.77659465711622e-07,3.0200195055840595e-07,1.6494929866439634e-07,3.917995261559781e-09,1.3705265189400961e-07,9.965241076770326e-09,0.0,0.0
4.476750109461136e-05,0.019805258489213884,0.0008451924540074929,1.1408061926139722e-06,0.0030548645812615636,1.1408483260311186e-06,1.0809086461449624e-06,1.65969780141495e-07,3.302029538687634e-09,1.3727996872603399e-07,4.225588767781119e-08,7.776589541208523e-07,0.0,-1.4381741131330728e-08,7.781339945722721e-07,2.537640098054794e-10,2.3987166419825456e-11,2.212992289418736e-10,3.229061462661775e-08,7.776589541208523e-07,3.027746799943998e-07,1.6571601690884563e-07,3.2793547877219e-09,1.3705866308555414e-07,9.965271274836596e-09,0.0,0.0
4.4770000386051834e-05,0.019805520423687994,0.0008129791696206978,1.1408105359370945e-06,0.0035114382944061977,1.1408525324441143e-06,1.080420815924299e-06,1.6548935377613816e-07,3.793831027110173e-09,1.3727253644901793e-07,4.2255926757661655e-08,7.776589541208523e-07,0.0,-1.4381958735043554e-08,7.78125865963375e-07,2.4558741151814445e-10,2.7920880885101695e-11,2.2131171895090063e-10,3.229061817933143e-08,7.776589541208523e-07,3.022949783826334e-07,1.6524376178495004e-07,3.7629632743119146e-09,1.3705121659768338e-07,9.965308578330223e-09,0.0,0.0
4.477250331547111e-05,0.01980578526854515,0.0010306374917620903,1.140815418661008e-06,0.0035913560421624653,1.1408574209781364e-06,1.0803393024616526e-06,1.6541568470529455e-07,3.879883081481239e-09,1.3726416625559068e-07,4.225596583751212e-08,7.77659465711622e-07,0.0,-1.4382253610278894e-08,7.782654734000971e-07,3.8469694096932017e-10,2.4749443813809613e-11,2.2132362609283973e-10,3.229062173204511e-08,7.77659465711622e-07,3.0207382906155544e-07,1.6503099686815403e-07,3.857477892665884e-09,1.3704284640425612e-07,9.96534499364543e-09,0.0,0.0
4.4775002606911585e-05,0.01980604720301926,0.0010204510451305993,1.1408207911689806e-06,0.0032941760046234724,1.1408629916331847e-06,1.080664560504374e-06,1.657302846069797e-07,3.55989926426048e-09,1.3727490966175537e-07,4.225599781193523e-08,7.776594088682032e-07,0.0,-1.4382486313024856e-08,7.782624038554786e-07,3.8165764992825757e-10,2.9080321484187266e-11,2.2133393728918094e-10,3.229062173204511e-08,7.776594088682032e-07,3.0240221349231433e-07,1.6534862368189351e-07,3.5292280209375804e-09,1.370535755995661e-07,9.96537607989012e-09,0.0,0.0
4.477750189835206e-05,0.019806309137493372,0.0007239315995946072,1.1408253603084875e-06,0.003951368192863328,1.1408675391066936e-06,1.0799615210999036e-06,1.6501604704899364e-07,4.267325603990457e-09,1.3728669046031428e-07,4.225602623364466e-08,7.776587267471768e-07,0.0,-1.438274122023131e-08,7.780922146594094e-07,2.1214170697891888e-10,3.8119143258574795e-11,2.2134494237491253e-10,3.229062528475879e-08,7.776587267471768e-07,3.018692495970754e-07,1.648039074098051e-07,4.2280716705533905e-09,1.370653421872703e-07,9.965400948885872e-09,0.0,0.0
4.478000118979253e-05,0.019806572527159005,0.0006671617622266979,1.140829024304642e-06,0.003717029489736928,1.140871063398663e-06,1.0802167480505886e-06,1.6527695834156475e-07,4.015197507811763e-09,1.3728123349210364e-07,4.225606176078145e-08,7.776585562169203e-07,0.0,-1.4383020108255096e-08,7.780628266118583e-07,1.8290488568162289e-10,2.935309287299681e-11,2.213594446631717e-10,3.229062528475879e-08,7.776585562169203e-07,3.021539214387303e-07,1.6509405043052539e-07,3.987370877922558e-09,1.3705987100820494e-07,9.96543469966582e-09,0.0,0.0
4.478250411921181e-05,0.019806834461633116,0.0009201451085036894,1.1408331820085464e-06,0.0036757847644328717,1.140875156124821e-06,1.0802649512697826e-06,1.6533240909666347e-07,3.970821449428286e-09,1.3727350278713857e-07,4.2256100840631916e-08,7.7765906780769e-07,0.0,-1.4383254587357897e-08,7.781906106174574e-07,3.101491563572978e-10,5.25454159350236e-11,2.2137407185152114e-10,3.229062883747247e-08,7.7765906780769e-07,3.0207439749574405e-07,1.6502225719250418e-07,3.9174405941366786e-09,1.3705212609238515e-07,9.965472003159448e-09,0.0,0.0
4.478500341065228e-05,0.019807096396107227,0.0010692903460096659,1.140838393025842e-06,0.003642004698118122,1.1408804994061938e-06,1.0803063332787133e-06,1.653691725778117e-07,3.934480741207835e-09,1.372775528807324e-07,4.2256136367768704e-08,7.776596362418786e-07,0.0,-1.4383529034489584e-08,7.783215778545127e-07,4.4059569881405025e-10,4.179486964850376e-11,2.2138546551531135e-10,3.2290635942899826e-08,7.776596362418786e-07,3.0198472700249113e-07,1.6492856502736686e-07,3.893849243041814e-09,1.3705616197512427e-07,9.965501313047298e-09,0.0,0.0
4.478750270209275e-05,0.019807358330581337,0.0009827781130624658,1.1408437681005685e-06,0.003472365708865212,1.1408859563744045e-06,1.0804941439346294e-06,1.6554774617816292e-07,3.75187081402828e-09,1.3728694625569915e-07,4.225616834219181e-08,7.776594088682032e-07,0.0,-1.43837777244471e-08,7.78265530243516e-07,3.847085427999275e-10,6.022666393379339e-11,2.213972477571602e-10,3.2290635942899826e-08,7.776594088682032e-07,3.02228585269404e-07,1.6516302991931298e-07,3.6911271816819635e-09,1.370655411392363e-07,9.965532399291988e-09,0.0,0.0
4.479000563151203e-05,0.019807620265055448,0.0008249068762129497,1.1408485030507388e-06,0.0036844923736789447,1.140890617534751e-06,1.0802701808643178e-06,1.6531868141100858e-07,3.980247242907353e-09,1.3729267323014938e-07,4.225620031661492e-08,7.776588404340146e-07,0.0,-1.4384028190761455e-08,7.781489443914325e-07,2.687059741379727e-10,7.142082758537782e-11,2.214134431355319e-10,3.2290643048327183e-08,7.776588404340146e-07,3.0212123647288536e-07,1.6504996835919883e-07,3.9087568737272704e-09,1.3707125390283181e-07,9.965559044644579e-09,0.0,0.0
4.4792501284973696e-05,0.019807880744338036,0.0007424938757752408,1.140852585804973e-06,0.003457173179374227,1.140894710260909e-06,1.0805185866047395e-06,1.6556924720134703e-07,3.7355398774252535e-09,1.3729075476476282e-07,4.225624294917907e-08,7.776586130603391e-07,0.0,-1.4384295532465785e-08,7.781204658385832e-07,2.4043353419322955e-10,5.614021747479825e-11,2.214283617574253e-10,3.2290643048327183e-08,7.776586130603391e-07,3.023981491878658e-07,1.6532881375042052e-07,3.6801364178273843e-09,1.3706932122659055e-07,9.965599012673465e-09,0.0,0.0
4.4795004214392975e-05,0.019808142678812146,0.0008287635253834136,1.1408567014697836e-06,0.003694125296736069,1.1408986893002293e-06,1.080267225006537e-06,1.653255168321266e-07,3.9906424831315235e-09,1.3728276826441288e-07,4.2256282029029535e-08,7.776589541208523e-07,0.0,-1.4384531787925425e-08,7.781758313285536e-07,2.9544369728462527e-10,8.299562426206109e-11,2.214402550215766e-10,3.229064660104086e-08,7.776589541208523e-07,3.0209142209969286e-07,1.6503007316259755e-07,3.905763268363671e-09,1.370613347262406e-07,9.965634539810253e-09,0.0,0.0
4.479750350583345e-05,0.019808403158094734,0.0010345751827942201,1.1408615550810828e-06,0.0037545625379738715,1.1409035778342513e-06,1.0802067436088691e-06,1.6526894341950538e-07,4.055703772820607e-09,1.3727816394748515e-07,4.2256314003452644e-08,7.776595793984598e-07,0.0,-1.4384836433123382e-08,7.783435762576119e-07,4.6254577945603614e-10,6.683686937236644e-11,2.2145128786288382e-10,3.229065370646822e-08,7.776595793984598e-07,3.0186311050783843e-07,1.6480640852023498e-07,3.991072805575868e-09,1.3705671619845816e-07,9.965662073341264e-09,0.0,0.0
4.480000279727392e-05,0.01980866363737732,0.0010478590471620919,1.1408669793908254e-06,0.0031826409097915846,1.1409091484892997e-06,1.0808278148033423e-06,1.6588066387157596e-07,3.4398868198337595e-09,1.3728752890074247e-07,4.2256342425162075e-08,7.776596362418786e-07,0.0,-1.4385089563972997e-08,7.783552291584783e-07,4.741440573496902e-10,6.337458335892165e-11,2.2146250111543253e-10,3.229065370646822e-08,7.776596362418786e-07,3.02472585644864e-07,1.6540651870400325e-07,3.3762823647975893e-09,1.3706606694086076e-07,9.965688718693855e-09,0.0,0.0
4.480250208871439e-05,0.01980892411665991,0.000847555404148298,1.1408719165527902e-06,0.003785464257056834,1.1409140370233217e-06,1.0801833241202985e-06,1.6522889723091794e-07,4.088995364526227e-09,1.3729534487083583e-07,4.225637795229886e-08,7.776591246511089e-07,0.0,-1.4385333813038415e-08,7.782153943480807e-07,3.347778443352212e-10,6.202376112707242e-11,2.2147762790414305e-10,3.22906572591819e-08,7.776591246511089e-07,3.019679866156366e-07,1.648941179155372e-07,4.0252752242508905e-09,1.370738687000994e-07,9.965721581295384e-09,0.0,0.0
4.480500501813367e-05,0.019809184595942497,0.00083322444292111,1.1408762946360776e-06,0.003427995743432379,1.1409183571231551e-06,1.0805720194184687e-06,1.6562547955345508e-07,3.704196283038641e-09,1.3728758574416133e-07,4.225641703214933e-08,7.776590109642711e-07,0.0,-1.4385647340020569e-08,7.781960107422492e-07,3.1553565316144727e-10,5.220904611413779e-11,2.2149986012021117e-10,3.22906572591819e-08,7.776590109642711e-07,3.0237603709792893e-07,1.6530994173535873e-07,3.654621494320054e-09,1.3706608115171548e-07,9.965758884789011e-09,0.0,0.0
4.480750430957414e-05,0.019809443620033562,0.0009907652198159478,1.1408810192087227e-06,0.0036016837863716727,1.1409230182835017e-06,1.0803894383570878e-06,1.6544871073165268e-07,3.891221123097921e-09,1.3728146086577908e-07,4.225644545385876e-08,7.776592951813655e-07,0.0,-1.4385885371837048e-08,7.782925877108937e-07,4.117384488910858e-10,5.799029312303361e-11,2.2152527034968728e-10,3.22906572591819e-08,7.776592951813655e-07,3.0209690748961293e-07,1.6503696542713442e-07,3.829333294902426e-09,1.370599420624785e-07,9.965786418320022e-09,0.0,0.0
4.4810003601014614e-05,0.01980970409931615,0.0010184935356267744,1.1408862529115142e-06,0.004202366606598638,1.1409283615648746e-06,1.0797481309055001e-06,1.648035237167278e-07,4.537497488854569e-09,1.3728514147715032e-07,4.225647742828187e-08,7.776595225550409e-07,0.0,-1.4386200675176042e-08,7.78330843331787e-07,4.4981285363121515e-10,5.8037474132133227e-11,2.215467809207894e-10,3.22906572591819e-08,7.776595225550409e-07,3.014172875737131e-07,1.643537075324275e-07,4.481396143063421e-09,1.3706359425214032e-07,9.96581928092155e-09,0.0,0.0
4.4812502892455086e-05,0.019809963123407215,0.0009538573081684376,1.14089136177536e-06,0.003130230966714235,1.1409334774725721e-06,1.0809069408423966e-06,1.659594204284076e-07,3.3834883783612213e-09,1.3728825365433295e-07,4.225650940270498e-08,7.776592951813655e-07,0.0,-1.4386467128701952e-08,7.782836632941326e-07,4.02787886377709e-10,6.570480270973178e-11,2.2156973478182351e-10,3.229066081189558e-08,7.776592951813655e-07,3.0262330596997344e-07,1.6555662796235993e-07,3.3200215909801045e-09,1.3706667800761352e-07,9.96584947898782e-09,0.0,0.0
4.4815005821874365e-05,0.01981022214749828,0.0009026107918764237,1.140896170474982e-06,0.003651831036182066,1.1409382523197564e-06,1.080349761650723e-06,1.6540201386305853e-07,3.945254789528008e-09,1.372885947148461e-07,4.2256544929841766e-08,7.776591814945277e-07,0.0,-1.4386697166912654e-08,7.782523425703403e-07,3.7158112697888157e-10,6.106611744050028e-11,2.215956446116607e-10,3.229066081189558e-08,7.776591814945277e-07,3.020974190803827e-07,1.6503042843396543e-07,3.880834764657948e-09,1.3706699064641725e-07,9.965885006124608e-09,0.0,0.0
4.481750147533603e-05,0.019810481171589345,0.0008798257904142348,1.1409007874151382e-06,0.003491049543070343,1.140942913480103e-06,1.0805271131175687e-06,1.655804453548626e-07,3.772173684524205e-09,1.3728741521390475e-07,4.225659111511959e-08,7.776592383379466e-07,0.0,-1.4387016022965327e-08,7.782558100188908e-07,3.7499833793752657e-10,5.819400517026452e-11,2.2161762702754828e-10,3.229066081189558e-08,7.776592383379466e-07,3.0227124625525903e-07,1.6520544932063785e-07,3.7179681555699062e-09,1.3706579693462118e-07,9.965929415045593e-09,0.0,0.0
4.48200007667765e-05,0.01981074019568041,0.0009646380000092117,1.1409055650207063e-06,0.0030377367155002798,1.1409475746404496e-06,1.0810198318722541e-06,1.6607829422810028e-07,3.283853633462286e-09,1.3728207193253184e-07,4.225662664225638e-08,7.776595225550409e-07,0.0,-1.4387228297607635e-08,7.783294222463155e-07,4.4829642775745526e-10,5.620390264304831e-11,2.2163357260573946e-10,3.2290664364609256e-08,7.776595225550409e-07,3.0269043804764806e-07,1.6562999860525451e-07,3.224960076764205e-09,1.3706043944239354e-07,9.965962277647122e-09,0.0,0.0
4.4822500058216974e-05,0.019810999219771475,0.0010834970666975252,1.1409108701839465e-06,0.004013421549746278,1.1409529179218225e-06,1.0799743677125662e-06,1.6503426536473853e-07,4.3343924005512235e-09,1.3728028136483772e-07,4.225664795853845e-08,7.776598067721352e-07,0.0,-1.4387524949199815e-08,7.784228159835038e-07,5.413368087126003e-10,4.369744843746304e-11,2.2164692303761058e-10,3.2290664364609256e-08,7.776598067721352e-07,3.0155155172906234e-07,1.6449293127607234e-07,4.289906208043703e-09,1.3705863466384471e-07,9.965982705750775e-09,0.0,0.0
4.4824999349657446e-05,0.019811256788671017,0.0010048245453870008,1.1409162490509418e-06,0.0033806843092396887,1.1409583748900332e-06,1.0806605814650538e-06,1.6571082994687458e-07,3.6533722713727457e-09,1.3729015790886478e-07,4.225668703838892e-08,7.776595793984598e-07,0.0,-1.4387818936256735e-08,7.783498858771054e-07,4.68685978916028e-10,5.3798260984949664e-11,2.216576228120104e-10,3.2290664364609256e-08,7.776595793984598e-07,3.0231063874452957e-07,1.652421417475125e-07,3.6019047744417776e-09,1.3706849699701706e-07,9.966023561958082e-09,0.0,0.0
4.4827502279076725e-05,0.01981151581276208,0.0007943452897098968,1.140920909334254e-06,0.003618578380724913,1.1409630360503797e-06,1.0804087651195005e-06,1.6545098446840711e-07,3.909543799807125e-09,1.3729869863254862e-07,4.225673322366674e-08,7.7765906780769e-07,0.0,-1.438804364539692e-08,7.78209994223289e-07,3.292553174549795e-10,4.671235967479426e-11,2.2167087609936686e-10,3.2290667917322935e-08,7.7765906780769e-07,3.0219874247450207e-07,1.6512171896465588e-07,3.860121555732121e-09,1.3707702350984619e-07,9.966063529986968e-09,0.0,0.0
4.48300015705172e-05,0.019811773381661624,0.0008031137379738151,1.1409250238918922e-06,0.0036989672731679154,1.1409670150897e-06,1.0803257737279637e-06,1.6537424585294502e-07,3.996089681379544e-09,1.3729244585647393e-07,4.225676519808985e-08,7.776591246511089e-07,0.0,-1.4388361613271172e-08,7.78211187935085e-07,3.3038008440122724e-10,5.174064995894234e-11,2.2169077684708327e-10,3.2290671470036614e-08,7.776591246511089e-07,3.0211461421458807e-07,1.650438576916713e-07,3.947137727777772e-09,1.3707075652291678e-07,9.966094616231658e-09,0.0,0.0
4.4832504499936476e-05,0.019812030950561166,0.0010846055819264677,1.140929886069771e-06,0.003064393729956509,1.1409717899368843e-06,1.081013806469855e-06,1.6607110353561438e-07,3.3126519305426427e-09,1.3728273984270345e-07,4.2256807830654e-08,7.776599204589729e-07,0.0,-1.4388589875125035e-08,7.78412129420758e-07,5.304825467788987e-10,7.481051889079993e-11,2.2171278701854646e-10,3.229067857546397e-08,7.776599204589729e-07,3.026016486273875e-07,1.655406265399506e-07,3.236964918329477e-09,1.3706103629829158e-07,9.966131031546865e-09,0.0,0.0
4.483500379137695e-05,0.019812288519460708,0.0012417738768917275,1.1409358780997422e-06,0.0041054471845713356,1.1409779290261213e-06,1.079898879652319e-06,1.649489860255926e-07,4.433467815090353e-09,1.372893194684366e-07,4.2256839805077107e-08,7.776605457365804e-07,0.0,-1.4388844782331489e-08,7.785727120790398e-07,6.904794513928891e-10,4.2948561373989946e-11,2.2173420044513392e-10,3.229068212817765e-08,7.776605457365804e-07,3.0132608230815094e-07,1.6425850901669037e-07,4.387149310502991e-09,1.370675875023153e-07,9.966160341434716e-09,0.0,0.0
4.483750308281742e-05,0.01981254608836025,0.00103493701542412,1.1409417421989333e-06,0.0038587962486662315,1.1409839544285205e-06,1.0801697953866096e-06,1.6520401402431162e-07,4.16815515436042e-09,1.3730598880101752e-07,4.225688243764125e-08,7.776597499287163e-07,0.0,-1.4389184954666234e-08,7.783660862514807e-07,4.845893131211199e-10,9.236744702434407e-11,2.217581257513146e-10,3.229068568089133e-08,7.776597499287163e-07,3.0180365229171e-07,1.6471942387852323e-07,4.0796188649494525e-09,1.370842426240415e-07,9.966194980393084e-09,0.0,0.0
4.48400060122367e-05,0.019812803657259792,0.0007360242097222969,1.1409463036442722e-06,0.0033558048566500747,1.1409885019020294e-06,1.0807154922076734e-06,1.6574368544297613e-07,3.626670297407486e-09,1.373128952764091e-07,4.2256935728346434e-08,7.776588404340146e-07,0.0,-1.4389420321947455e-08,7.781916906424158e-07,3.1104840925166855e-10,5.585178153300063e-11,2.2178445191478602e-10,3.2290696339032365e-08,7.776588404340146e-07,3.0252374472183874e-07,1.654326382549698e-07,3.569382123203013e-09,1.3709110646686895e-07,9.966239389314069e-09,0.0,0.0
4.4842501665698364e-05,0.01981305977096781,0.0007458071825918733,1.1409500988175977e-06,0.004024778375532079,1.1409921398808365e-06,1.0799986966958386e-06,1.6503604172157793e-07,4.3467554000642394e-09,1.3730377190768195e-07,4.225697836091058e-08,7.776588404340146e-07,0.0,-1.4389679670046007e-08,7.782028319525125e-07,3.2215796696988264e-10,5.0066201184861825e-11,2.218098343886865e-10,3.2290699891746044e-08,7.776588404340146e-07,3.017958647433261e-07,1.647138816451843e-07,4.295431121903448e-09,1.3708196888728708e-07,9.966279357342955e-09,0.0,0.0
4.4845004595117643e-05,0.01981331588467583,0.0010919035188466375,1.1409548054466178e-06,0.003734310652181371,1.1409966873543453e-06,1.0803155419125687e-06,1.653656198641329e-07,4.034233835881196e-09,1.3729004422202706e-07,4.2257020993474725e-08,7.776598636155541e-07,0.0,-1.4389974545281348e-08,7.784196895954665e-07,5.380254575193533e-10,9.973437353760772e-11,2.2183337111680856e-10,3.229071410260076e-08,7.776598636155541e-07,3.018957954736834e-07,1.6482759690461535e-07,3.9367371584830835e-09,1.3706821277992276e-07,9.966306890873966e-09,0.0,0.0
4.4847503886558115e-05,0.019813573453575373,0.0013628133739839177,1.1409611280339057e-06,0.003467560360262073,1.1410031675040955e-06,1.0806088539538905e-06,1.6565591920425504e-07,3.7470764269187384e-09,1.3729199110912305e-07,4.225706362603887e-08,7.776608867970936e-07,0.0,-1.4390219682525185e-08,7.787178901708103e-07,8.351609959156292e-10,2.7511269304336672e-11,2.218447786583866e-10,3.229072120802812e-08,7.776608867970936e-07,3.0189090693966136e-07,1.6482076148349734e-07,3.7188141455146706e-09,1.3707014545616403e-07,9.966341529832334e-09,0.0,0.0
4.485000317799859e-05,0.019813829567283392,0.0011453100795532078,1.1409675516818843e-06,0.003791645664778878,1.141009875027521e-06,1.0802662018249976e-06,1.6529415347577014e-07,4.095986660956896e-09,1.3731201420341677e-07,4.225711691674405e-08,7.776600909892295e-07,0.0,-1.4390487912407934e-08,7.784869353599788e-07,6.050210887842411e-10,1.0334111344434405e-10,2.21844459469267e-10,3.2290728313455475e-08,7.776600909892295e-07,3.0177929488672817e-07,1.6468912633627042e-07,3.992183916778913e-09,1.3709016855045775e-07,9.96638593875332e-09,0.0,0.0
4.4852506107417867e-05,0.01981408568099141,0.0006808576115364673,1.1409722287476726e-06,0.0035963972052478065,1.14101442250103e-06,1.0804807288877782e-06,1.655017314305951e-07,3.8858378736961185e-09,1.3732015702316858e-07,4.2257166654735556e-08,7.776587835905957e-07,0.0,-1.4390773905859078e-08,7.782011834933655e-07,3.205346821300026e-10,7.524600387220914e-11,2.2184752646037253e-10,3.229074962973755e-08,7.776587835905957e-07,3.022795169727033e-07,1.65181191391639e-07,3.81155196294003e-09,1.3709831137020956e-07,9.966418801354848e-09,0.0,0.0
4.485500539885834e-05,0.019814340339507908,0.0005787292718970605,1.1409754363929439e-06,0.0036708279242627347,1.1410174920456484e-06,1.080403194464452e-06,1.6543907577215577e-07,3.965974215702772e-09,1.3730554826452135e-07,4.225720573458602e-08,7.776586130603391e-07,0.0,-1.4391028813065532e-08,7.78173614435218e-07,2.931640208370112e-10,3.7001065406050415e-11,2.218641798057419e-10,3.2290753182451226e-08,7.776586130603391e-07,3.022296084509435e-07,1.6514592005023587e-07,3.927963287964076e-09,1.3708368840070762e-07,9.966454328491636e-09,0.0,0.0
4.4857501052320004e-05,0.019814596453215927,0.0009083895761392569,1.1409792451081682e-06,0.003618750970001631,1.1410211300244555e-06,1.0804626526805805e-06,1.655123043065032e-07,3.909925272438386e-09,1.3729078318647225e-07,4.225726613071856e-08,7.776595225550409e-07,0.0,-1.439132990554981e-08,7.783165187902341e-07,4.351274340841371e-10,1.0921683002429461e-10,2.2188891002361544e-10,3.229076739330594e-08,7.776595225550409e-07,3.0214607704692753e-07,1.6507716793512373e-07,3.802335779568011e-09,1.370688949009491e-07,9.966497849234202e-09,0.0,0.0
4.486000398173928e-05,0.019814851111732423,0.0012020534404051375,1.1409846195310456e-06,0.003164362611022591,1.1410267006795038e-06,1.0809571904246695e-06,1.6600401409050392e-07,3.4205405174958514e-09,1.3729247427818336e-07,4.225730521056903e-08,7.77660716266837e-07,0.0,-1.4391610569930435e-08,7.786118771946349e-07,7.292427217642228e-10,4.2384405013473625e-11,2.2191616599886999e-10,3.2290781604160657e-08,7.77660716266837e-07,3.023453416517441e-07,1.652747698699386e-07,3.378646473706226e-09,1.3707055757095077e-07,9.966527159122052e-09,0.0,0.0
4.4862503273179755e-05,0.019815107225440443,0.00113933207623651,1.1409906161403112e-06,0.003514304797791379,1.141032726081903e-06,1.0805861165863462e-06,1.6562049154345004e-07,3.797508973946151e-09,1.3730519299315347e-07,4.2257344290419496e-08,7.776603752063238e-07,0.0,-1.4391853042639013e-08,7.78530136358313e-07,6.477948177874282e-10,7.256247686049377e-11,2.2194679427656183e-10,3.2290781604160657e-08,7.776603752063238e-07,3.020559518063237e-07,1.6497270394211228e-07,3.722843588960245e-09,1.3708324786421144e-07,9.96656357443726e-09,0.0,0.0
4.486500256462023e-05,0.01981536188395694,0.0008339098986703108,1.1409956411690514e-06,0.003767185000350431,1.1410378419896006e-06,1.0803184977703495e-06,1.6534548308300145e-07,4.069759640401571e-09,1.3731370529512787e-07,4.225741889740675e-08,7.776592951813655e-07,0.0,-1.4392176339583784e-08,7.782808211231895e-07,3.995524744393464e-10,8.142735791194511e-11,2.2197589599759482e-10,3.229079581501537e-08,7.776592951813655e-07,3.0203764822545054e-07,1.6494593069182883e-07,3.988764873952277e-09,1.370917175336217e-07,9.96662308239138e-09,0.0,0.0
4.48675018560607e-05,0.019815616542473435,0.0006816460947360881,1.1409995006614608e-06,0.0038431696353210497,1.1410415936552454e-06,1.0802400538523216e-06,1.65272155072671e-07,4.151545773822818e-09,1.3730908676734543e-07,4.225745442454354e-08,7.776588404340146e-07,0.0,-1.4392445457644953e-08,7.782257398503134e-07,3.4487332434274265e-10,3.0943109186054585e-11,2.2200077887113423e-10,3.229079936772905e-08,7.776588404340146e-07,3.0201437084542704e-07,1.649272860504425e-07,4.118813290432399e-09,1.3708708479498455e-07,9.966654168636069e-09,0.0,0.0
4.487000114750117e-05,0.019815871200989932,0.0009144838798498256,1.1410035653423755e-06,0.004293035775917391,1.141045459007728e-06,1.0797597269629478e-06,1.6480505848903704e-07,4.635447137246729e-09,1.3729538750339998e-07,4.2257493504394006e-08,7.776593520247843e-07,0.0,-1.4392744773772392e-08,7.783354476487148e-07,4.540834375177383e-10,7.034774152092638e-11,2.2202596705600541e-10,3.229080292044273e-08,7.776593520247843e-07,3.0142433615765185e-07,1.643509790483222e-07,4.5655603742034145e-09,1.3707335710932966e-07,9.966690583951276e-09,0.0,0.0
4.487250043894164e-05,0.019816124404314905,0.001229664870014191,1.1410089943983024e-06,0.003506678579938991,1.1410510296627763e-06,1.0806110140038072e-06,1.656609356359695e-07,3.789355496053304e-09,1.3728976000493276e-07,4.2257553900526545e-08,7.776603183629049e-07,0.0,-1.4393044978078251e-08,7.786006790411193e-07,7.182958672302675e-10,4.490768173992521e-11,2.2204882377252488e-10,3.2290813578583766e-08,7.776603183629049e-07,3.0201036338439735e-07,1.6494264798438962e-07,3.747355314942524e-09,1.3706771540000773e-07,9.96673943376436e-09,0.0,0.0
4.4874999730382115e-05,0.019816379062831402,0.0012189840252006257,1.1410152300912531e-06,0.0036622509722755345,1.1410573961256887e-06,1.0804496923810802e-06,1.654891974567363e-07,3.956877936417413e-09,1.37300077085456e-07,4.2257582322235976e-08,7.776603752063238e-07,0.0,-1.439325370000688e-08,7.786233595652448e-07,7.409521329826418e-10,3.6279031861985445e-11,2.2206272931590831e-10,3.2290817131297445e-08,7.776603752063238e-07,3.018262759724166e-07,1.6474824349188566e-07,3.917403734732261e-09,1.3707801826967625e-07,9.96676696729537e-09,0.0,0.0
4.4877502659801394e-05,0.019816632266156375,0.0009354259469231962,1.1410206851289361e-06,0.003972457522589572,1.1410628530938993e-06,1.0801209100463893e-06,1.6515058121058246e-07,4.290734434420074e-09,1.3731096260016784e-07,4.2257642718368515e-08,7.776594088682032e-07,0.0,-1.4393592095984786e-08,7.783759770063625e-07,4.945387988009031e-10,8.171564813697074e-11,2.2206515792877468e-10,3.229082778943848e-08,7.776594088682032e-07,3.017449330400268e-07,1.6465602925563871e-07,4.211104354112649e-09,1.3708888957353338e-07,9.966814928930035e-09,0.0,0.0
4.488000558922067e-05,0.019816886924672872,0.0006948930537795661,1.1410248368751174e-06,0.0033978543516401407,1.1410669458200573e-06,1.0807432317960775e-06,1.6576890971009561e-07,3.672208093163931e-09,1.3731546744111256e-07,4.2257699561787376e-08,7.776587835905957e-07,0.0,-1.439384611501282e-08,7.782656439303537e-07,3.8478087382998183e-10,3.126944189690839e-11,2.2206238237121312e-10,3.229083489486584e-08,7.776587835905957e-07,3.024775310223049e-07,1.653841366078268e-07,3.6407903358792737e-09,1.3709340862533281e-07,9.966866443278377e-09,0.0,0.0
4.488250124268234e-05,0.019817138672806323,0.0008085531446435645,1.1410286217728595e-06,0.0038300406967915193,1.1410705837988644e-06,1.0802812084875768e-06,1.6531625135485228e-07,4.137520992486543e-09,1.3730571879477793e-07,4.225773864163784e-08,7.776591814945277e-07,0.0,-1.4394126779393446e-08,7.783065711919335e-07,4.253382090979585e-10,9.610603979304244e-11,2.220701539323855e-10,3.229083844757952e-08,7.776591814945277e-07,3.0197458045222447e-07,1.648909204732263e-07,4.040710432917649e-09,1.3708364576814347e-07,9.966896641344647e-09,0.0,0.0
4.488500417210162e-05,0.01981739333132282,0.001257531824934155,1.1410338832341925e-06,0.003346739700517194,1.1410756997065619e-06,1.080806327991013e-06,1.658521853187267e-07,3.617177446457731e-09,1.3729346903801343e-07,4.2257791932343025e-08,7.77660716266837e-07,0.0,-1.4394418990093527e-08,7.786960622979677e-07,8.132562956397749e-10,7.890695041812279e-11,2.2209002692452628e-10,3.229085976386159e-08,7.77660716266837e-07,3.0211029411475465e-07,1.6503892652508512e-07,3.5407250464913886e-09,1.3707136758966953e-07,9.966932168481435e-09,0.0,0.0
4.488750346354209e-05,0.01981764507945627,0.0014098439704780079,1.1410405983029696e-06,0.003531126241901,1.1410827482905006e-06,1.0806145382957766e-06,1.656456873888601e-07,3.81578635355595e-09,1.373076514710192e-07,4.225784167033453e-08,7.776611710141879e-07,0.0,-1.4394652581017908e-08,7.788411835463194e-07,9.578952075983693e-10,4.103888062712002e-11,2.221127864965311e-10,3.229086331657527e-08,7.776611710141879e-07,3.017733263277478e-07,1.646877905159272e-07,3.771365886251488e-09,1.370855358118206e-07,9.96697835375926e-09,0.0,0.0
4.489000275498256e-05,0.019817898282781243,0.0009303056347437222,1.1410465236395794e-06,0.00384288077138936,1.1410888873797376e-06,1.0802845054058707e-06,1.652894354720047e-07,4.1514045534540855e-09,1.37335703698227e-07,4.2257909171894426e-08,7.776594088682032e-07,0.0,-1.4394988312460555e-08,7.783781370562792e-07,4.965639011089706e-10,1.685750844471201e-10,2.2213528239056757e-10,3.229088818557102e-08,7.776594088682032e-07,3.019064536147198e-07,1.647928797865461e-07,3.985453744803635e-09,1.3711357382817368e-07,9.967020098144985e-09,0.0,0.0
4.489250204642303e-05,0.019818150030914694,0.0004868017217043441,1.1410500911808982e-06,0.003153242460728398,1.1410921842980315e-06,1.0810302910613245e-06,1.6603200947429286e-07,3.408750615108147e-09,1.3733993853293214e-07,4.225796246259961e-08,7.776583856866637e-07,0.0,-1.4395204139816542e-08,7.782322768434824e-07,3.5177791235518896e-10,3.6376141682170626e-11,2.2215856931850908e-10,3.2290909501853093e-08,7.776583856866637e-07,3.0279801421784214e-07,1.6568023397667275e-07,3.3718150493911025e-09,1.3711778024116938e-07,9.967051184389675e-09,0.0,0.0
4.4895001337863505e-05,0.019818403234239668,0.0007245256476124118,1.1410531583020736e-06,0.003922461121330465,1.1410950264689745e-06,1.0802044698721147e-06,1.6523037515980832e-07,4.237060036160756e-09,1.3731526848914655e-07,4.225800864787743e-08,7.776587835905957e-07,0.0,-1.4395481251483488e-08,7.782864486216567e-07,4.054696300936911e-10,1.4230183698060728e-10,2.221811484792724e-10,3.229092015999413e-08,7.776587835905957e-07,3.0191799282874854e-07,1.6482491105307417e-07,4.092903349572907e-09,1.3709309598652908e-07,9.967089376061722e-09,0.0,0.0
4.489750062930398e-05,0.01981865498237312,0.001288163988721891,1.1410582252106653e-06,0.003492840040221181,1.141100142376672e-06,1.0806716090883128e-06,1.6571105732055003e-07,3.774613066553911e-09,1.37299977609473e-07,4.2258090360292044e-08,7.776606025799992e-07,0.0,-1.439577257400515e-08,7.787199933773081e-07,8.3715423482289e-10,1.2673061211554426e-10,2.2220233986125493e-10,3.229095568713092e-08,7.776606025799992e-07,3.0195167255442357e-07,1.6487389586927748e-07,3.6508704948090553e-09,1.370777766851461e-07,9.967134673161127e-09,0.0,0.0
4.489999992074445e-05,0.01981890673050657,0.0013615431667978184,1.1410648957989712e-06,0.0035340417119525337,1.141107077273773e-06,1.080633978745027e-06,1.6565425653425336e-07,3.819005556238153e-09,1.373186790942782e-07,4.225812944014251e-08,7.776610573273501e-07,0.0,-1.4395983072290619e-08,7.788577818246267e-07,9.744742790473992e-10,6.04694488925972e-11,2.2222143569727848e-10,3.2290962792558275e-08,7.776610573273501e-07,3.017762253421097e-07,1.6467977559386782e-07,3.755323163545654e-09,1.3709644974824187e-07,9.967164871227396e-09,0.0,0.0
4.4902506488142535e-05,0.01981915847864002,0.0008212906712886658,1.141070391042415e-06,0.003941972412685479,1.1411127616156591e-06,1.0802001497722813e-06,1.6519612699994468e-07,4.258119190581056e-09,1.3734496917550132e-07,4.2258211152557124e-08,7.7765906780769e-07,0.0,-1.4396284164774897e-08,7.783416435813706e-07,4.6035611434014356e-10,2.0813341328196344e-10,2.2223699269741104e-10,3.2290994766981385e-08,7.7765906780769e-07,3.018585061909107e-07,1.647357663614457e-07,4.052108426577661e-09,1.37122739829465e-07,9.967216385575739e-09,0.0,0.0
4.49050021416042e-05,0.01981941022677347,0.0004091147375149262,1.1410734885650656e-06,0.0031545185949459365,1.1411156037866022e-06,1.0810506410052767e-06,1.6605034147687547e-07,3.4101943491293696e-09,1.3734212700455828e-07,4.225827510140334e-08,7.776581583129882e-07,0.0,-1.4396502656666144e-08,7.782482498441823e-07,3.6785147150553144e-10,2.1998920046728543e-11,2.2224658224878624e-10,3.2291019635977136e-08,7.776581583129882e-07,3.02802362739385e-07,1.6568249350257247e-07,3.388568314832696e-09,1.3711986923681252e-07,9.967257241783045e-09,0.0,0.0
4.490750143304467e-05,0.0198196605197154,0.0007208873312423147,1.1410763168804874e-06,0.004084434737009137,1.141118104897032e-06,1.0800516747622169e-06,1.650797543106819e-07,4.411400578163693e-09,1.3731312265008455e-07,4.2258324839394845e-08,7.776587835905957e-07,0.0,-1.4396738912125784e-08,7.782919055898674e-07,4.1083442203770915e-10,1.8271022195204267e-10,2.2225229989736306e-10,3.229103384683185e-08,7.776587835905957e-07,3.017597975940589e-07,1.646689185008654e-07,4.22428181323653e-09,1.370908648823388e-07,9.967290104384574e-09,0.0,0.0
4.491000436246395e-05,0.01981991226784885,0.001347625116224549,1.141081524321964e-06,0.004268542262065438,1.141123448178405e-06,1.0798585208249278e-06,1.6489752852066886e-07,4.609421733192676e-09,1.37300077085456e-07,4.2258413657236815e-08,7.776609436405124e-07,0.0,-1.439704444550216e-08,7.788142397657793e-07,9.31067278830966e-10,9.429589747922407e-11,2.2226377682788012e-10,3.229107292668232e-08,7.776609436405124e-07,3.010442810591485e-07,1.6396646174143825e-07,4.5183332630927e-09,1.3707780510685552e-07,9.967339842376077e-09,0.0,0.0
4.491250365390442e-05,0.019820162560790777,0.0013721670640904904,1.1410883317698264e-06,0.003455793315531085,1.1411306104491814e-06,1.0807400485646212e-06,1.657542298971748e-07,3.7348142356563585e-09,1.3732473291838687e-07,4.225846339522832e-08,7.776610573273501e-07,0.0,-1.4397263825571827e-08,7.788495395288919e-07,9.661963451534916e-10,7.734644869028529e-11,2.2228127671830578e-10,3.2291080032109676e-08,7.776610573273501e-07,3.018904806140199e-07,1.6478803388508823e-07,3.658237712755863e-09,1.371024609397864e-07,9.967384251297062e-09,0.0,0.0
4.4915002945344895e-05,0.019820412853732705,0.0007536265266594455,1.141093652481144e-06,0.0035728380169498335,1.141136067417392e-06,1.0806190857692854e-06,1.6560993287839665e-07,3.860876951478076e-09,1.3735014192661765e-07,4.2258530896788216e-08,7.776590109642711e-07,0.0,-1.4397526726384058e-08,7.783115165693744e-07,4.3020711992802774e-10,1.8383321254145102e-10,2.2230123297717341e-10,3.2291115559246464e-08,7.776590109642711e-07,3.023075691999111e-07,1.6517972767360334e-07,3.676766446858437e-09,1.3712784152630775e-07,9.967415337541752e-09,0.0,0.0
4.491750223678537e-05,0.019820663146674633,0.0004058200278294066,1.1410965544940353e-06,0.003523827717761219,1.141138568527822e-06,1.0806741101987427e-06,1.6567624072649778e-07,3.808109383385272e-09,1.373396116832737e-07,4.225858063477972e-08,7.776583288432448e-07,0.0,-1.4397769199092636e-08,7.782369948472478e-07,3.5638528239623213e-10,1.8210573674015684e-11,2.223175393778476e-10,3.229113332281486e-08,7.776583288432448e-07,3.024371437732043e-07,1.6531986091194995e-07,3.7897649463047856e-09,1.3711728286125435e-07,9.96744820014328e-09,0.0,0.0
4.4920005166204646e-05,0.01982091343961656,0.0008398726929002009,1.1410996723749934e-06,0.0036536111159626125,1.141141410698765e-06,1.0805368901856127e-06,1.6556853665861127e-07,3.9478615931898275e-09,1.373091436107643e-07,4.225863747819858e-08,7.776592383379466e-07,0.0,-1.439802232994225e-08,7.783597197885683e-07,4.781036677670158e-10,2.0280957468976624e-10,2.2233206942168238e-10,3.229115108638325e-08,7.776592383379466e-07,3.021772556621727e-07,1.65090426662573e-07,3.7451179935033e-09,1.3708681478874496e-07,9.967484615458488e-09,0.0,0.0
4.492250445764512e-05,0.01982116373255849,0.0014522334796538416,1.1411054093549648e-06,0.0035767452241017624,1.1411473224143265e-06,1.0806252248585224e-06,1.6566417571084457e-07,3.865121112056613e-09,1.372995086512674e-07,4.225870497975848e-08,7.77661512074701e-07,0.0,-1.4398279901683964e-08,7.789639084876399e-07,1.080046718726635e-09,8.077254837202119e-11,2.2235385754854065e-10,3.229119016623372e-08,7.77661512074701e-07,3.0166128794917313e-07,1.645841365416345e-07,3.7835099497840474e-09,1.3707715140753862e-07,9.967514813524758e-09,0.0,0.0
4.492500374908559e-05,0.019821412570308894,0.001393322677820663,1.1411124901728936e-06,0.004177403293350486,1.1411548257456161e-06,1.0799859637700138e-06,1.650006851150465e-07,4.5115369218251544e-09,1.373239086888134e-07,4.225876182317734e-08,7.776613415444444e-07,0.0,-1.439852859164148e-08,7.789104756739107e-07,1.026758567057584e-09,1.1039908570653623e-10,2.2238039187882919e-10,3.2291197271661076e-08,7.776613415444444e-07,3.0107545967439364e-07,1.6397393665101845e-07,4.399666853061035e-09,1.371015230233752e-07,9.967564551516261e-09,0.0,0.0
4.4927499402547255e-05,0.0198216614080593,0.0007459033762600153,1.1411178133748827e-06,0.0037290509504527805,1.141160169026989e-06,1.0804733392433263e-06,1.6546540848594304e-07,4.0291401326442156e-09,1.3734882031712914e-07,4.225884708830563e-08,7.776591246511089e-07,0.0,-1.4398847447694152e-08,7.783395403748727e-07,4.5805076398508504e-10,2.3392232595398355e-10,2.2240523311900517e-10,3.22912434569389e-08,7.776591246511089e-07,3.021337988684536e-07,1.6500736421676265e-07,3.798613867900258e-09,1.3712642044083623e-07,9.967606295901987e-09,0.0,0.0
4.493000596994534e-05,0.019821911701001227,0.0003846252462105862,1.1411206430082312e-06,0.0034818745788979,1.141162670137419e-06,1.080741753867187e-06,1.6574378491895914e-07,3.76300723914369e-09,1.3733955483985483e-07,4.225889682629713e-08,7.776583856866637e-07,0.0,-1.4399071268655916e-08,7.78307992277405e-07,4.2718842352407194e-10,3.353034169761848e-11,2.224217893198599e-10,3.2291261220507295e-08,7.776583856866637e-07,3.0243373316807265e-07,1.6531659241536545e-07,3.727265607267327e-09,1.371171407527072e-07,9.967634717611418e-09,0.0,0.0
4.493250526138581e-05,0.019822160538751632,0.000756866721446002,1.1411234834711645e-06,0.003905830694062812,1.1411652849346865e-06,1.0802875749504892e-06,1.6531754454263137e-07,4.2194203686563014e-09,1.373107494373471e-07,4.225896077514335e-08,7.776592951813655e-07,0.0,-1.4399338610360246e-08,7.783558544360858e-07,4.741417813924897e-10,2.2334785410027536e-10,2.224258832672632e-10,3.229128253678937e-08,7.776592951813655e-07,3.019317205144034e-07,1.6484339937505865e-07,3.997246533771204e-09,1.3708832113934477e-07,9.967675573818724e-09,0.0,0.0
4.493500091484748e-05,0.019822409376502037,0.0013021507793784526,1.141128607083994e-06,0.003240928436838727,1.1411705145292217e-06,1.081008463188482e-06,1.6604339236891974e-07,3.5034710688108817e-09,1.373036297991348e-07,4.2259038934844284e-08,7.776613983878633e-07,0.0,-1.4399603287529317e-08,7.788584639456531e-07,9.74617275772971e-10,8.425680986245965e-11,2.2242828412455395e-10,3.2291321616639834e-08,7.776613983878633e-07,3.021499708211195e-07,1.6506876931998704e-07,3.420390637387527e-09,1.3708120150113245e-07,9.96771731820445e-09,0.0,0.0
4.493750020628795e-05,0.01982265675906092,0.001238951683564249,1.1411348933282907e-06,0.003545551567355578,1.1411772220526473e-06,1.080686615750892e-06,1.6569497063301242e-07,3.831630124295771e-09,1.3733051673625596e-07,4.225907801469475e-08,7.776611710141879e-07,0.0,-1.4399835990275278e-08,7.787729146002675e-07,8.893247804842019e-10,1.263626980829713e-10,2.2243641650820933e-10,3.229132872206719e-08,7.776611710141879e-07,3.01913729572334e-07,1.6480565534493508e-07,3.7038445643844398e-09,1.371080742273989e-07,9.967749292627559e-09,0.0,0.0
4.494000313570723e-05,0.019822905596811324,0.0006290360893092262,1.1411395415870425e-06,0.003220340583769064,1.1411818832129939e-06,1.0810413186845835e-06,1.660265240843728e-07,3.48132123129119e-09,1.3735566994910187e-07,4.225914906896833e-08,7.7765906780769e-07,0.0,-1.4400137082759557e-08,7.783015689710737e-07,4.2002140654417985e-10,1.9406090623341754e-10,2.2245101594098315e-10,3.229137135463134e-08,7.7765906780769e-07,3.027397212918004e-07,1.6560650806241028e-07,3.2900220325871032e-09,1.371332132293901e-07,9.967780378872249e-09,0.0,0.0
4.494250606512651e-05,0.01982315443456173,0.0003231680064339909,1.1411419110302936e-06,0.003157999201210552,1.1411839295760728e-06,1.0811102129082428e-06,1.6610593434052134e-07,3.4141451887848007e-09,1.3734583603763895e-07,4.225919880695983e-08,7.776584993735014e-07,0.0,-1.4400360903721321e-08,7.782567195135925e-07,3.7579853118252515e-10,3.883221522116287e-11,2.2246543496251547e-10,3.2291382012772374e-08,7.776584993735014e-07,3.028534933946503e-07,1.6573012828757783e-07,3.3720517489399526e-09,1.3712337931792717e-07,9.967816794187456e-09,0.0,0.0
4.4945001718588173e-05,0.01982340181712061,0.0008131326046978415,1.141144722039822e-06,0.004153098695130031,1.1411865443733404e-06,1.0800411018863088e-06,1.6506542976912897e-07,4.485517290930829e-09,1.3731599324273702e-07,4.225926630851973e-08,7.776596362418786e-07,0.0,-1.4400626469068811e-08,7.783798992022639e-07,4.977412371154344e-10,2.516598873736342e-10,2.2247405306874413e-10,3.229141398719548e-08,7.776596362418786e-07,3.0166120268404484e-07,1.6456769458272902e-07,4.233038364276354e-09,1.3709350810131582e-07,9.967853209502664e-09,0.0,0.0
4.494750464800745e-05,0.019823649199679494,0.0014639840899732803,1.14115035522937e-06,0.003504064204718664,1.1411923424020642e-06,1.080745050785481e-06,1.6577159556163679e-07,3.787000046884259e-09,1.3731144576922816e-07,4.225934802093434e-08,7.776620236654708e-07,0.0,-1.4400912462519955e-08,7.790364975335251e-07,1.1519990517072642e-09,6.367662647166483e-11,2.2248673736680047e-10,3.229145306704595e-08,7.776620236654708e-07,3.017085532519559e-07,1.6461959262414894e-07,3.725799224696402e-09,1.3708894641695224e-07,9.96789584206681e-09,0.0,0.0
4.4950003939447924e-05,0.019823896582238376,0.0013555012244594877,1.141157330144288e-06,0.0037530618235638367,1.1411996183596784e-06,1.0804840258060722e-06,1.6548064252219774e-07,4.055123348223333e-09,1.3734208437199413e-07,4.225940131163952e-08,7.776612847010256e-07,0.0,-1.4401123848983843e-08,7.788516427353898e-07,9.678572387983309e-10,1.5448360646264092e-10,2.2251138431794715e-10,3.229146017247331e-08,7.776612847010256e-07,3.01632354648973e-07,1.6451278384010948e-07,3.897979272693419e-09,1.371195708088635e-07,9.967940250987795e-09,0.0,0.0
4.495249959290959e-05,0.01982414396479726,0.0006613695215378357,1.141162319530749e-06,0.003603076805199811,1.141204734267376e-06,1.0806501222759834e-06,1.656262469396097e-07,3.893665390108936e-09,1.3736489279381203e-07,4.2259479471340455e-08,7.776589541208523e-07,0.0,-1.44014284941818e-08,7.783036721775716e-07,4.221877014654041e-10,1.880987587909999e-10,2.2253768272584296e-10,3.229150280503745e-08,7.776589541208523e-07,3.0234642167670245e-07,1.6520405665687576e-07,3.7094483040789328e-09,1.3714235080897197e-07,9.967976666303002e-09,0.0,0.0
4.495500252232887e-05,0.01982439134735614,0.0004484434083753541,1.1411650650143737e-06,0.00298166158539951,1.1412070080041303e-06,1.0813217841132428e-06,1.6631467758543295e-07,3.2241356251461184e-09,1.3734862136516313e-07,4.225953276204564e-08,7.776584425300825e-07,0.0,-1.4401646097894627e-08,7.782760462760052e-07,3.950625104831573e-10,5.5476231247686414e-11,2.2255829124073756e-10,3.229151701589217e-08,7.776584425300825e-07,3.030456809938187e-07,1.6591961582435033e-07,3.1670970290775813e-09,1.3712606516946835e-07,9.968016634331889e-09,0.0,0.0
4.495750181376934e-05,0.0198246372747235,0.0010082299835501018,1.1411686473728974e-06,0.003703158286527907,1.141210418609262e-06,1.0805474630615208e-06,1.65564557619291e-07,4.0014382918229785e-09,1.373232549894965e-07,4.2259596710891856e-08,7.776596930852975e-07,0.0,-1.4401912551420537e-08,7.784797730892024e-07,5.975009931269426e-10,2.4505233953142636e-10,2.2257198861730387e-10,3.229154188488792e-08,7.776596930852975e-07,3.0206774681573734e-07,1.6496706223279034e-07,3.755804112159922e-09,1.37100684582947e-07,9.968053937825516e-09,0.0,0.0
4.496000474318862e-05,0.019824884657282382,0.0015188631332136993,1.141174898960515e-06,0.0031911594503618015,1.1412168987590121e-06,1.0811050970005454e-06,1.661185962120726e-07,3.4499787471276022e-09,1.3732453396642086e-07,4.225966776516543e-08,7.77661909978633e-07,0.0,-1.4402203873942199e-08,7.790862355250283e-07,1.2017414841025698e-09,8.6519062747481e-11,2.2258044019007883e-10,3.229157741202471e-08,7.77661909978633e-07,3.020188046320982e-07,1.6491685528308153e-07,3.3650893183079233e-09,1.3710194934901665e-07,9.968091241319144e-09,0.0,0.0
4.496250403462909e-05,0.01982513058464974,0.001399048269227876,1.141182074903209e-06,0.0035982885897691344,1.1412244020903017e-06,1.0806736554513918e-06,1.6566356464409182e-07,3.888575683674844e-09,1.3734870663029142e-07,4.225971039772958e-08,7.776613983878633e-07,0.0,-1.4402420589476606e-08,7.789294045323913e-07,1.0454332954878964e-09,1.4943825343838313e-10,2.2259188936502028e-10,3.2291584517452065e-08,7.776613983878633e-07,3.017442509190005e-07,1.6461812890611327e-07,3.736106091167812e-09,1.371261220128872e-07,9.968124992099092e-09,0.0,0.0
4.4965003326069564e-05,0.019825377967208624,0.0008345068726569593,1.141187600329073e-06,0.0037131071584960815,1.14122997274535e-06,1.080555193766486e-06,1.6552581882933737e-07,4.012217225124459e-09,1.3737015081005666e-07,4.225979566285787e-08,7.776592383379466e-07,0.0,-1.440273500463718e-08,7.783980890962994e-07,5.162800187363814e-10,2.2147834954910905e-10,2.226100415114729e-10,3.229162715001621e-08,7.776592383379466e-07,3.021570762484771e-07,1.6500953847753408e-07,3.792985925343828e-09,1.3714753777094302e-07,9.968165848306398e-09,0.0,0.0
4.4967502617510036e-05,0.01982562243938446,0.00044032262754001295,1.1411907169324903e-06,0.003504271328983403,1.1412328149162931e-06,1.0807826811287669e-06,1.6575634731452737e-07,3.787355762341349e-09,1.373678628624475e-07,4.225985961170409e-08,7.776584425300825e-07,0.0,-1.440297214827524e-08,7.783317528264888e-07,4.5067205522997256e-10,4.024470340313613e-11,2.226295675589185e-10,3.2291644913584605e-08,7.776584425300825e-07,3.024508998805686e-07,1.6530566426808946e-07,3.744946130979088e-09,1.3714523561247915e-07,9.968212921762643e-09,0.0,0.0
4.4970005546929315e-05,0.01982586836675182,0.000721981330393362,1.1411935753560148e-06,0.00416169733491852,1.1412354297135607e-06,1.0800772543007042e-06,1.6507496525264287e-07,4.494954630729353e-09,1.373431643969525e-07,4.2259923560550305e-08,7.776591814945277e-07,0.0,-1.4403250148120605e-08,7.783715432196914e-07,4.897131589132186e-10,1.9815318830218587e-10,2.2264351473566535e-10,3.2291662677153e-08,7.776591814945277e-07,3.017057679244317e-07,1.64585259199157e-07,4.296754063659591e-09,1.371205087252747e-07,9.968260883397306e-09,0.0,0.0
4.497250483836979e-05,0.01982611429411918,0.0013221228629021198,1.1411986023676434e-06,0.003544882650564502,1.1412405456212582e-06,1.080745846593345e-06,1.6575410199948237e-07,3.831117201258394e-09,1.373304598928371e-07,4.2260008825678597e-08,7.776612278576067e-07,0.0,-1.440356456328118e-08,7.78908315623994e-07,1.0244303183526426e-09,1.0531298749727469e-10,2.2265429777679202e-10,3.2291701757003466e-08,7.776612278576067e-07,3.018374741259322e-07,1.647296699047729e-07,3.727727460045571e-09,1.371078042211593e-07,9.96830795685355e-09,0.0,0.0
4.497500412981026e-05,0.01982636022148654,0.0013336128518339763,1.1412051335485708e-06,0.003911657052302318,1.1412473668315215e-06,1.080357492355688e-06,1.6534202984530566e-07,4.225988003980774e-09,1.3735419202021149e-07,4.226005501095642e-08,7.776613415444444e-07,0.0,-1.4403788384242944e-08,7.78948333390872e-07,1.0643124159770423e-09,9.526270744464327e-11,2.226715062336737e-10,3.2291705309717145e-08,7.776613415444444e-07,3.014092442299443e-07,1.6427772209226532e-07,4.127589825486666e-09,1.3713150792682427e-07,9.968348813060857e-09,0.0,0.0
4.497750342125073e-05,0.019826604693662375,0.0007000132432288808,1.1412101051985338e-06,0.003955515137538842,1.141252482739219e-06,1.0803150871652178e-06,1.6527592094917054e-07,4.273202680593613e-09,1.373799989323743e-07,4.226012251251632e-08,7.776591246511089e-07,0.0,-1.440409658215458e-08,7.784038302816043e-07,5.220445187248401e-10,2.1094093138884773e-10,2.226968887075742e-10,3.229174083685393e-08,7.776591246511089e-07,3.0191117161848524e-07,1.6475387099035288e-07,4.065696224131443e-09,1.3715731483898708e-07,9.968379899305546e-09,0.0,0.0
4.49800027126912e-05,0.019826849165838212,0.0003360676974960286,1.141212638128153e-06,0.0031467785627292927,1.1412546427891357e-06,1.0811879747052444e-06,1.6615756237570167e-07,3.4022591410831637e-09,1.373720692754432e-07,4.226016869779414e-08,7.77658271999826e-07,0.0,-1.4404339054863158e-08,7.783422120155592e-07,4.6116802043805194e-10,3.3708150853906105e-11,2.2272858557492725e-10,3.2291762153136006e-08,7.77658271999826e-07,3.028457342679758e-07,1.6569639171848394e-07,3.368354040134136e-09,1.3714934254949185e-07,9.968409209193396e-09,0.0,0.0
4.4982502004131675e-05,0.01982709363801405,0.0007360850255649226,1.1412152592432433e-06,0.0038599684875010665,1.1412570302127278e-06,1.0804218391058384e-06,1.6541746106213395e-07,4.170394252156484e-09,1.3734539550114278e-07,4.226022909392668e-08,7.776590109642711e-07,0.0,-1.44045708694307e-08,7.784328204252233e-07,5.510507050665581e-10,1.8616949648553316e-10,2.227544121380376e-10,3.229177636399072e-08,7.776590109642711e-07,3.0198904710232455e-07,1.6486640674884256e-07,3.9819818553610276e-09,1.3712264035348198e-07,9.968450953579122e-09,0.0,0.0
4.4985004933550954e-05,0.019827338110189885,0.001328278949145556,1.1412203060387695e-06,0.003762675455239196,1.141262259807263e-06,1.0805313195305644e-06,1.6553372006455902e-07,4.065688674614876e-09,1.3733655634950992e-07,4.2260310806341295e-08,7.776610573273501e-07,0.0,-1.44048639683092e-08,7.789385563228279e-07,1.0547190898435588e-09,1.074638086850932e-10,2.2277123201686067e-10,3.229181544384119e-08,7.776610573273501e-07,3.0159279162944586e-07,1.6447900463845144e-07,3.9598067047563745e-09,1.371137869909944e-07,9.968494474321687e-09,0.0,0.0
4.498750058701262e-05,0.01982758258236572,0.0013669686395991754,1.1412268951691938e-06,0.003816069688797545,1.1412690810175263e-06,1.080480387827265e-06,1.6546096048841719e-07,4.123188457327842e-09,1.3735819948124117e-07,4.226035699161912e-08,7.776612847010256e-07,0.0,-1.440510466466094e-08,7.790015956743446e-07,1.1175600445056943e-09,7.932760698325936e-11,2.2278831557365208e-10,3.2291818996554866e-08,7.776612847010256e-07,3.0147882057462994e-07,1.6434340466275899e-07,4.042540968640651e-09,1.3713541591187095e-07,9.968537106885833e-09,0.0,0.0
4.49900035164319e-05,0.019827827054541558,0.0008532213356211571,1.141232322915934e-06,0.003602054818243654,1.1412746516725747e-06,1.0807159469550243e-06,1.656722474763228e-07,3.8927980838820986e-09,1.373845748275926e-07,4.226043870403373e-08,7.776591814945277e-07,0.0,-1.4405381776327886e-08,7.784911986163934e-07,6.092245041777744e-10,2.049088121403031e-10,2.228089657219101e-10,3.229185807640533e-08,7.776591814945277e-07,3.022247767603403e-07,1.6506301392382738e-07,3.6905467570846895e-09,1.3716176283651293e-07,9.968581515806818e-09,0.0,0.0
4.499249916989356e-05,0.019828070071525872,0.00047537520197238337,1.1412355516311732e-06,0.0033328795690094064,1.1412776075303555e-06,1.0810086905621574e-06,1.6596926855072525e-07,3.602871778696226e-09,1.3738099369220436e-07,4.226050265287995e-08,7.776583856866637e-07,0.0,-1.4405615367252267e-08,7.784151421219576e-07,5.339422792793869e-10,1.9471814785565478e-11,2.2282861666944598e-10,3.229187583997373e-08,7.776583856866637e-07,3.0259349159678095e-07,1.6543533831736568e-07,3.581887897396996e-09,1.3715816749027e-07,9.968625036549383e-09,0.0,0.0
4.499500209931284e-05,0.019828313088510185,0.0007836458894026066,1.1412386112662614e-06,0.0036403290232365406,1.1412804497012985e-06,1.0806799082274665e-06,1.6566895055802888e-07,3.934030434749047e-09,1.3735198933773063e-07,4.226055949629881e-08,7.776590109642711e-07,0.0,-1.4405889814383954e-08,7.784617537254235e-07,5.798921343114216e-10,1.8117400635286884e-10,2.2284116218962424e-10,3.229189360354212e-08,7.776590109642711e-07,3.022182113454619e-07,1.6508906242052035e-07,3.753899857628085e-09,1.3712914892494155e-07,9.96866500457827e-09,0.0,0.0
4.4997501390753314e-05,0.019828557560686022,0.001371086507866437,1.1412438789874364e-06,0.0030243074527187366,1.1412857929826714e-06,1.081348614206945e-06,1.663470641233289e-07,3.2703306729331416e-09,1.3734052117797546e-07,4.226062699785871e-08,7.776610573273501e-07,0.0,-1.4406158044266704e-08,7.789712412886729e-07,1.0873220102070036e-09,8.92870014035374e-11,2.2285151501932887e-10,3.229192913067891e-08,7.776610573273501e-07,3.023774013399816e-07,1.6525974899650464e-07,3.1821072443705134e-09,1.3711766655433166e-07,9.968697867179799e-09,0.0,0.0
4.500000432017259e-05,0.019828800577670336,0.0013638497526180515,1.1412505253470594e-06,0.0035714426360298557,1.1412927278797724e-06,1.0807657417899463e-06,1.6573946481912571e-07,3.859892849789048e-09,1.373652338543252e-07,4.2260669630422854e-08,7.776610573273501e-07,0.0,-1.4406408510581059e-08,7.78988749061682e-07,1.1048258974355463e-09,8.801022410853676e-11,2.2286959777684245e-10,3.229193623610627e-08,7.776610573273501e-07,3.0177702114997373e-07,1.6463464191929233e-07,3.7686000986525414e-09,1.3714236501982668e-07,9.968736058851846e-09,0.0,0.0
4.5002503611613065e-05,0.01982904359465465,0.0007793341621713523,1.1412557336479775e-06,0.003645845935215717,1.1412980711611453e-06,1.0806905947902123e-06,1.6564199256663414e-07,3.940031412241751e-09,1.3738952020503348e-07,4.226073002655539e-08,7.7765906780769e-07,0.0,-1.440670249763798e-08,7.784909712427179e-07,6.090267179459374e-10,1.6895732035671074e-10,2.2288983159146625e-10,3.22919646578157e-08,7.7765906780769e-07,3.02199595125785e-07,1.6503295796610473e-07,3.773916734672866e-09,1.3716662294882553e-07,9.968766256918116e-09,0.0,0.0
4.500499926507473e-05,0.01982928515644744,0.000503257529278045,1.1412588318994616e-06,0.003250811333023822,1.1413007996452507e-06,1.0811186257342342e-06,1.6608152009212063e-07,3.5145126808799887e-09,1.373786915337405e-07,4.2260783317260575e-08,7.776583856866637e-07,0.0,-1.4406932535848682e-08,7.784167337376857e-07,5.354038323801547e-10,4.171425704857512e-11,2.2290566614735496e-10,3.229197886867041e-08,7.776583856866637e-07,3.027018919965485e-07,1.6554611192987068e-07,3.4709328744497725e-09,1.3715579427753255e-07,9.968806224947002e-09,0.0,0.0
4.500750219449401e-05,0.019829528173431754,0.0008874396301886689,1.1412622115297594e-06,0.003994576155473239,1.1413039828767069e-06,1.0803205441334285e-06,1.6530754010091187e-07,4.315422685863268e-09,1.3735372306200588e-07,4.2260840160679436e-08,7.776592951813655e-07,0.0,-1.440720431844511e-08,7.785640718793729e-07,6.818429709731788e-10,1.6857662488156677e-10,2.2291610224378644e-10,3.229199307952513e-08,7.776592951813655e-07,3.01756500675765e-07,1.6462570329167647e-07,4.146436527463493e-09,1.3713081159494322e-07,9.968846192975889e-09,0.0,0.0
4.501000148593448e-05,0.019829771190416068,0.0013314665636579015,1.1412676038486765e-06,0.0032331686350495453,1.1413095535317552e-06,1.081145683201612e-06,1.6613267916909535e-07,3.495526312846664e-09,1.3735197512687591e-07,4.22608970040983e-08,7.776610004839313e-07,0.0,-1.4407478765576798e-08,7.789982987560506e-07,1.1143526101875523e-09,6.518013212497564e-11,2.229252615837396e-10,3.22920143958072e-08,7.776610004839313e-07,3.0214738444556133e-07,1.6501832078574807e-07,3.4334362020160825e-09,1.3712904944895854e-07,9.968883496469516e-09,0.0,0.0
4.501250441535376e-05,0.01983001275220886,0.0012019281548503874,1.141273723562377e-06,0.0034866175035577138,1.1413159199946676e-06,1.0808787465066416e-06,1.658408876892281e-07,3.768610756793578e-09,1.373772136048501e-07,4.22609467420898e-08,7.776606025799992e-07,0.0,-1.4407694592932785e-08,7.788744937897718e-07,9.909879583602788e-10,1.1046104309020421e-10,2.229368079031957e-10,3.229202150123456e-08,7.776606025799992e-07,3.0200419587345095e-07,1.6484990794651821e-07,3.6541243364496268e-09,1.3715427371607802e-07,9.968924352676822e-09,0.0,0.0
4.501500370679423e-05,0.01983025431400165,0.0007172663609168739,1.1412783596030565e-06,0.003893718274829403,1.1413205811550142e-06,1.0804446901602205e-06,1.6539037517304678e-07,4.206947235019243e-09,1.3739526139033842e-07,4.226100713822234e-08,7.776590109642711e-07,0.0,-1.4407993020881804e-08,7.785122875247907e-07,6.303736976853713e-10,1.200692184566421e-10,2.229465639880246e-10,3.229204637023031e-08,7.776590109642711e-07,3.0193231737030146e-07,1.6476001007958985e-07,4.089741434398775e-09,1.3717232150156633e-07,9.96895899163519e-09,0.0,0.0
4.5017502998234704e-05,0.01983049587579444,0.0005761604496640205,1.1412814840280486e-06,0.002864878241576885,1.1413234233259573e-06,1.0815556379384361e-06,1.6651229373110255e-07,3.098525214184633e-09,1.3738470272528502e-07,4.2261049770786485e-08,7.77658669903758e-07,0.0,-1.4408236381768802e-08,7.784869922033977e-07,6.053950674100861e-10,3.592757341630559e-11,2.229549184162849e-10,3.229205347565767e-08,7.77658669903758e-07,3.0306864573503844e-07,1.6590689710938022e-07,3.0634557113273786e-09,1.3716174862565822e-07,9.968996295128818e-09,0.0,0.0
4.5020002289675176e-05,0.01983073743758723,0.0009398075677626849,1.1412851460275695e-06,0.003811114804527317,1.1413269476179266e-06,1.0805393912960426e-06,1.655139669765049e-07,4.118059671043284e-09,1.3736575965594966e-07,4.226109950877799e-08,7.776596362418786e-07,0.0,-1.4408457538195307e-08,7.786372293594468e-07,7.545963298660752e-10,1.351971867791235e-10,2.2295996993104694e-10,3.229207123922606e-08,7.776596362418786e-07,3.0190219035830523e-07,1.6475937059112766e-07,3.9783918381886e-09,1.3714280555632286e-07,9.969028269551927e-09,0.0,0.0
4.502250158111565e-05,0.019830978999380022,0.001316974614020694,1.1412905975510672e-06,0.0037156156221809012,1.141332518272975e-06,1.0806473937918781e-06,1.6562162841182726e-07,4.015270338442178e-09,1.3736456594415358e-07,4.226115279948317e-08,7.776611710141879e-07,0.0,-1.4408779946961658e-08,7.790157496856409e-07,1.1316101389269306e-09,3.616977203857452e-11,2.229641471451771e-10,3.2292085450080776e-08,7.776611710141879e-07,3.016316156845278e-07,1.6449001805085572e-07,3.983908314353357e-09,1.3714161184452678e-07,9.969063796688715e-09,0.0,0.0
4.502500087255612e-05,0.01983121910598129,0.00122090569902511,1.1412966911692312e-06,0.002938386116292674,1.1413388847358874e-06,1.0814909501277725e-06,1.664466395823183e-07,3.17783799275162e-09,1.3738359427861724e-07,4.226118477390628e-08,7.776606594234181e-07,0.0,-1.4408985116176609e-08,7.788901825733774e-07,1.0065565048122949e-09,8.120194100458278e-11,2.2297354240752298e-10,3.2292092555508134e-08,7.776606594234181e-07,3.0260068228926684e-07,1.6544007053198584e-07,3.0949076634811945e-09,1.37160611757281e-07,9.969093106576565e-09,0.0,0.0
4.502750016399659e-05,0.01983146066777408,0.0007718796565786556,1.1413015049772627e-06,0.003797709332610189,1.1413437732699094e-06,1.0805695183080388e-06,1.6551140902265615e-07,4.103688944212536e-09,1.3739897042341909e-07,4.226123451189778e-08,7.776591814945277e-07,0.0,-1.440925156970252e-08,7.785454272379866e-07,6.632566718067778e-10,8.169716292361073e-11,2.2298594914982317e-10,3.229211031907653e-08,7.776591814945277e-07,3.020241479134711e-07,1.6484816001138825e-07,4.020930699510927e-09,1.3717598790208285e-07,9.969123304642835e-09,0.0,0.0
4.503000309341587e-05,0.01983170077437535,0.0006502567512789159,1.141304919620657e-06,0.0032668193133011105,1.141346842814528e-06,1.0811442052727216e-06,1.6609948261248064e-07,3.5319027702485073e-09,1.3738583959366224e-07,4.226128069717561e-08,7.776588404340146e-07,0.0,-1.4409549997651538e-08,7.785006346239243e-07,6.18830819920646e-10,2.3303638532756743e-11,2.2299660729085957e-10,3.2292117424503886e-08,7.776588404340146e-07,3.0264348538366903e-07,1.6548065673305246e-07,3.5110063745236175e-09,1.371628428614713e-07,9.969163272671722e-09,0.0,0.0
4.5032498746877536e-05,0.019831940880976617,0.0010564662149974424,1.1413090175751644e-06,0.0034344391670456343,1.1413508218538482e-06,1.080967194866389e-06,1.659430495237757e-07,3.712516072340577e-09,1.3736435278133285e-07,4.226133398788079e-08,7.776598636155541e-07,0.0,-1.440978181221908e-08,7.787015192661784e-07,8.186407107757532e-10,8.979932769603849e-11,2.23006613175869e-10,3.229212808264492e-08,7.776598636155541e-07,3.0226576086533896e-07,1.6512440481619706e-07,3.6197291830575296e-09,1.371413418382872e-07,9.969202352522188e-09,0.0,0.0
4.5035001676296815e-05,0.019832180987577885,0.0013213356155705736,1.1413147268343245e-06,0.003908095469010405,1.1413568472562474e-06,1.0804627663674182e-06,1.654321835076189e-07,4.222551641674954e-09,1.3736971027356049e-07,4.226136951501758e-08,7.776608867970936e-07,0.0,-1.4410069582027063e-08,7.789581104589161e-07,1.0741898481825274e-09,1.716162975617941e-11,2.230192003294107e-10,3.229213874078596e-08,7.776608867970936e-07,3.015046843302116e-07,1.643579992105515e-07,4.206080372881615e-09,1.371466851196601e-07,9.96922899787478e-09,0.0,0.0
4.503750096773729e-05,0.019832421094179153,0.0010415698993870848,1.1413204003264476e-06,0.0035880253443514,1.1413626452849712e-06,1.0808129218276008e-06,1.6576093742060038e-07,3.87798415601992e-09,1.3739190762862563e-07,4.2261408594868044e-08,7.776600909892295e-07,0.0,-1.4410320048341418e-08,7.787189133523498e-07,8.358141956321674e-10,8.241096693950567e-11,2.2303330016182343e-10,3.2292145846213316e-08,7.776600909892295e-07,3.020939800535416e-07,1.6492512600052578e-07,3.795654901495027e-09,1.3716886826387054e-07,9.969264525011567e-09,0.0,0.0
4.5040003897156566e-05,0.01983266120078042,0.0006909907389314185,1.1413245603189112e-06,0.003752470321230887,1.1413666243242915e-06,1.0806395494000753e-06,1.6558378490572068e-07,4.055067837072102e-09,1.3739671089751937e-07,4.226145833285955e-08,7.7765906780769e-07,0.0,-1.441058383733207e-08,7.785100706314552e-07,6.279269881837024e-10,3.5410750720554773e-11,2.2304418034746476e-10,3.229216005706803e-08,7.7765906780769e-07,3.0212953561203904e-07,1.6495584986842005e-07,4.0197836170818846e-09,1.3717367153276427e-07,9.969299163969936e-09,0.0,0.0
4.504249955061823e-05,0.019832899852190167,0.0007788036203209003,1.1413280680038698e-06,0.0033403452575084887,1.1413700349294231e-06,1.081086452359159e-06,1.6604651875695708e-07,3.6112020040945936e-09,1.373806526316912e-07,4.2261490307282656e-08,7.776592951813655e-07,0.0,-1.4410842297252202e-08,7.785437219354208e-07,6.613866121440992e-10,5.2708760966968526e-11,2.230529372315715e-10,3.229216360978171e-08,7.776592951813655e-07,3.0254273042373825e-07,1.6538513136765687e-07,3.5601022130293813e-09,1.3715759905608138e-07,9.969328473857786e-09,0.0,0.0
4.504500611801632e-05,0.019833139958791435,0.0011643768708680113,1.1413327337085037e-06,0.003442750124758043,1.141374582402932e-06,1.0809804962264025e-06,1.6595294027865748e-07,3.7215457382444583e-09,1.373669107351816e-07,4.226154359798784e-08,7.776606025799992e-07,0.0,-1.4411068782749226e-08,7.788281095599814e-07,9.444215409715184e-10,7.616689223777229e-11,2.2306154146001234e-10,3.2292181373350104e-08,7.776606025799992e-07,3.0215235824471165e-07,1.6500851529599458e-07,3.643517265672358e-09,1.3714385715957178e-07,9.969361336459315e-09,0.0,0.0
4.504750177147798e-05,0.01983337861020118,0.0013266782280965117,1.1413386786466149e-06,0.0035651677899531057,1.141380721492169e-06,1.0808544175233692e-06,1.658184487496328e-07,3.853427354982841e-09,1.3737459880758252e-07,4.2261582677838305e-08,7.776613415444444e-07,0.0,-1.4411361881627727e-08,7.790172276145313e-07,1.1328143978417415e-09,2.056948361639499e-11,2.2307011793287757e-10,3.229218492606378e-08,7.776613415444444e-07,3.0183716148712847e-07,1.6468563046601048e-07,3.834343953457164e-09,1.37151531021118e-07,9.969397751774522e-09,0.0,0.0
4.5050001062918454e-05,0.019833617261610925,0.0009969762676131921,1.1413442240808265e-06,0.0033689495734421696,1.1413865195208928e-06,1.0810712183229043e-06,1.6601542540684022e-07,3.642074419829555e-09,1.3739578719196288e-07,4.226162886311613e-08,7.776599773023918e-07,0.0,-1.4411575932626874e-08,7.786881042193272e-07,8.050465294395792e-10,1.2151940564919528e-10,2.2308044300700658e-10,3.229220268963218e-08,7.776599773023918e-07,3.0238308568186767e-07,1.6521038048722403e-07,3.5192899705549507e-09,1.3717270519464364e-07,9.969428838019212e-09,0.0,0.0
4.5052503992337734e-05,0.01983385591302067,0.0005473448280781668,1.1413479096248924e-06,0.003779955010542497,1.1413900438128621e-06,1.0806318186951103e-06,1.655716488357939e-07,4.0847396576282335e-09,1.3740130100359238e-07,4.2261675048393954e-08,7.776588972774334e-07,0.0,-1.4411829951654909e-08,7.784977356095624e-07,6.157632737036067e-10,3.069708376379765e-11,2.2308931091341577e-10,3.229221690048689e-08,7.776588972774334e-07,3.0213411150725733e-07,1.6495587829012948e-07,4.054045543711027e-09,1.3717821900627314e-07,9.969457259728642e-09,0.0,0.0
4.5055003283778206e-05,0.019834094564430416,0.0006296773020295632,1.141350718604799e-06,0.003300336670171435,1.141392544923292e-06,1.081150571735634e-06,1.661108370853981e-07,3.5681608778759255e-09,1.373806526316912e-07,4.2261728339099136e-08,7.776591246511089e-07,0.0,-1.4412099069716078e-08,7.785115485603455e-07,6.293250365274616e-10,7.808023672062347e-11,2.2309851188673235e-10,3.229222400591425e-08,7.776591246511089e-07,3.026390800187073e-07,1.6548152359519008e-07,3.492022448980947e-09,1.3715755642351724e-07,9.969505221363306e-09,0.0,0.0
4.505750257521868e-05,0.019834331760648638,0.0011743573228670812,1.1413549977067047e-06,0.003306213739031014,1.1413968650231254e-06,1.0811482979988796e-06,1.6612462161447183e-07,3.5745073567738928e-09,1.3736294590671605e-07,4.226178162980432e-08,7.776606594234181e-07,0.0,-1.4412314897072065e-08,7.788652851559164e-07,9.815177559602262e-10,9.332936506956102e-11,2.231060614032998e-10,3.229224532219632e-08,7.776606594234181e-07,3.022829275778349e-07,1.6514310630100226e-07,3.4796729941888316e-09,1.3713983548768738e-07,9.969535419429576e-09,0.0,0.0
4.506000186665915e-05,0.019834570412058383,0.0013726848397851432,1.1413610762587326e-06,0.003439759106506821,1.1414032314860378e-06,1.0810103958647233e-06,1.6597144281149667e-07,3.7184153534042252e-09,1.3737745518938027e-07,4.2261817156941106e-08,7.77661512074701e-07,0.0,-1.4412582238776395e-08,7.790895892867411e-07,1.2049874431596663e-09,1.8013084079893105e-11,2.2311359704207945e-10,3.229225242762368e-08,7.77661512074701e-07,3.019207781562727e-07,1.6476644759677583e-07,3.701521533727714e-09,1.371543447703516e-07,9.969562952960587e-09,0.0,0.0
4.506250479607843e-05,0.019834807608276606,0.0009645643670899151,1.1413666201254617e-06,0.0032444374192542886,1.141408915827924e-06,1.0812262871695566e-06,1.6616252196399728e-07,3.5079710247742923e-09,1.374037452706034e-07,4.226187044764629e-08,7.776599773023918e-07,0.0,-1.4412799842489221e-08,7.786943569954019e-07,8.112468474763546e-10,1.321610737514689e-10,2.23125254383838e-10,3.2292270191192074e-08,7.776599773023918e-07,3.0253190175244526e-07,1.6535128111172526e-07,3.3744977923078068e-09,1.3718062064072e-07,9.969602032811054e-09,0.0,0.0
4.5065000449540094e-05,0.019835044804494828,0.0006076342729679496,1.141370349321179e-06,0.003978466968899923,1.1414124401198933e-06,1.0804390058183344e-06,1.653746011243129e-07,4.298490896559315e-09,1.3740546478402393e-07,4.226192018563779e-08,7.776589541208523e-07,0.0,-1.4413050308803577e-08,7.785347406752408e-07,6.527101081843512e-10,3.2722363013659717e-11,2.2313194347756138e-10,3.229228795476047e-08,7.776589541208523e-07,3.019042367213842e-07,1.6472188235638896e-07,4.2643484299276224e-09,1.3718234015414055e-07,9.969632230877323e-09,0.0,0.0
4.506750337895937e-05,0.01983528200071305,0.0007548860996074991,1.141373581167975e-06,0.003409368806561871,1.1414155096645118e-06,1.0810545063577592e-06,1.6600930052845797e-07,3.6857135121692863e-09,1.3738592485879053e-07,4.22619521600609e-08,7.776592951813655e-07,0.0,-1.4413332749541041e-08,7.785708362462174e-07,6.884403047635601e-10,1.0039456765920107e-10,2.2313753622604793e-10,3.2292295060187826e-08,7.776592951813655e-07,3.0248364168983244e-07,1.6532085567178e-07,3.588903618734207e-09,1.3716278601805243e-07,9.969658876229914e-09,0.0,0.0
4.506999903242104e-05,0.019835519196931273,0.0011314813572091964,1.1413780555602444e-06,0.003356878030756002,1.141419943451183e-06,1.0811153288159403e-06,1.6608051112143585e-07,3.6291722960157813e-09,1.3737405879510334e-07,4.226201255619344e-08,7.77660716266837e-07,0.0,-1.441351393793866e-08,7.788618177073658e-07,9.779419496425135e-10,9.20860124264955e-11,2.2314604330997412e-10,3.229231992918358e-08,7.77660716266837e-07,3.0225348268686503e-07,1.651025769433545e-07,3.533609849171171e-09,1.3715090574351052e-07,9.969693515188283e-09,0.0,0.0
4.507250196184032e-05,0.019835756393149495,0.0012169926603391445,1.1413836260518e-06,0.003978545475470209,1.1414257414799067e-06,1.0804512839968083e-06,1.654036623222055e-07,4.29862456741148e-09,1.3738649329297914e-07,4.226205163604391e-08,7.77661114170769e-07,0.0,-1.4413828353099234e-08,7.789681149006356e-07,1.0838679953550923e-09,4.693460203819555e-11,2.2315890801927196e-10,3.2292323481897256e-08,7.77661114170769e-07,3.0148314067446336e-07,1.6431980043307703e-07,4.253144947341525e-09,1.371633260305316e-07,9.969727265968231e-09,0.0,0.0
4.5075004891259596e-05,0.019835993589367718,0.0008287464666665301,1.1413884784676438e-06,0.0031357326664074093,1.1414307437007665e-06,1.081363734556362e-06,1.6629589083549945e-07,3.390867586716695e-09,1.3740825011154811e-07,4.226209426860805e-08,7.776595793984598e-07,0.0,-1.4414072602164651e-08,7.786088076500164e-07,7.260791412555534e-10,1.1536251814936449e-10,2.2316808123701293e-10,3.229234124546565e-08,7.776595793984598e-07,3.027548984846362e-07,1.6556980142468092e-07,3.2767395463650928e-09,1.3718508284910058e-07,9.969752134963983e-09,0.0,0.0
4.507750054472126e-05,0.019836229330394417,0.000512255741778489,1.1413916397600181e-06,0.003830748675148187,1.1414336995585472e-06,1.0806177215272328e-06,1.6555442527987907e-07,4.1395749050820996e-09,1.3740452686761273e-07,4.2262147559313235e-08,7.776587835905957e-07,0.0,-1.4414275995022763e-08,7.784709623592789e-07,5.890244958450808e-10,1.8075832497466138e-11,2.2316806735922512e-10,3.2292351903606686e-08,7.776587835905957e-07,3.0214675916795386e-07,1.6496539956278866e-07,4.117902019373787e-09,1.371813596051652e-07,9.969796543884968e-09,0.0,0.0
4.508000347414054e-05,0.01983646652661264,0.0008010682754466814,1.1413947549149201e-06,0.0036739702528611074,1.1414365417294903e-06,1.0807890475916793e-06,1.6574959715853765e-07,3.970786810469917e-09,1.3737992787810072e-07,4.2262200850018417e-08,7.77659465711622e-07,0.0,-1.4414591298361756e-08,7.785786237946013e-07,6.959976484033348e-10,9.672821571493628e-11,2.231664297802638e-10,3.2292359009034044e-08,7.77659465711622e-07,3.022103669536591e-07,1.6505360633800592e-07,3.878354970510145e-09,1.3715676061565318e-07,9.969839176449113e-09,0.0,0.0
4.508250276558101e-05,0.01983670226763934,0.0012491944477943662,1.141399588225314e-06,0.0030053616318273363,1.14144154395035e-06,1.0815141422426677e-06,1.6647686607029755e-07,3.2503411073747657e-09,1.3737643200784078e-07,4.2262239929868883e-08,7.776608867970936e-07,0.0,-1.4414801796647225e-08,7.789241749378562e-07,1.0401313144114965e-09,2.96730938431633e-11,2.231703571942134e-10,3.229237677260244e-08,7.776608867970936e-07,3.02589995726521e-07,1.6543673098112777e-07,3.219202682203104e-09,1.3715326474539324e-07,9.969864933623285e-09,0.0,0.0
4.5085002057021484e-05,0.01983693800866604,0.0011419005020769646,1.1414052250170982e-06,0.0036679876294432616,1.1414474556659115e-06,1.0808057595568243e-06,1.6574526284784952e-07,3.96438215588546e-09,1.37400022026668e-07,4.226228256243303e-08,7.776604320497427e-07,0.0,-1.4415069138351555e-08,7.788144671394548e-07,9.308933623941584e-10,6.582033529323184e-11,2.231834717036918e-10,3.229238032531612e-08,7.776604320497427e-07,3.0199120715224126e-07,1.648143665988755e-07,3.8983989369967276e-09,1.3717684055336576e-07,9.969904013473752e-09,0.0,0.0
4.508750498644076e-05,0.019837173749692738,0.0006894110910380391,1.1414095421698499e-06,0.002844203928610766,1.141451775765745e-06,1.0816975191119127e-06,1.6662501423070353e-07,3.0765683334266214e-09,1.3741345128437388e-07,4.226233940585189e-08,7.7765906780769e-07,0.0,-1.4415331150985367e-08,7.785158118167601e-07,6.335811320035134e-10,6.605836017081756e-11,2.2319798786973877e-10,3.229239453617083e-08,7.7765906780769e-07,3.0318167887344316e-07,1.6599142327322625e-07,3.0137243811623193e-09,1.3719025560021691e-07,9.969941316967379e-09,0.0,0.0
4.509000063990243e-05,0.019837408035527915,0.000601953310507497,1.1414125676537232e-06,0.003111862137630995,1.1414545042498503e-06,1.0814114830282051e-06,1.663530611040187e-07,3.365203449234855e-09,1.3739960991188127e-07,4.226236782756132e-08,7.776587835905957e-07,0.0,-1.4415530991129799e-08,7.784885838191258e-07,6.065613566974548e-10,2.247180219683287e-11,2.232056900419721e-10,3.229240164159819e-08,7.776587835905957e-07,3.0292289920907933e-07,1.6574649919220974e-07,3.33850214140341e-09,1.371764000168696e-07,9.96996618596313e-09,0.0,0.0
4.509250356932171e-05,0.019837643776554614,0.0009432982281545321,1.1414162104455655e-06,0.0037478590774786174,1.1414581422286574e-06,1.0807294756887131e-06,1.656846677633439e-07,4.05042177575865e-09,1.3738508641836233e-07,4.2262414012839145e-08,7.776596930852975e-07,0.0,-1.441582497818672e-08,7.786416063026991e-07,7.586909989143464e-10,8.598554507299738e-11,2.2320892356653133e-10,3.2292412299739226e-08,7.776596930852975e-07,3.0208786938601406e-07,1.649259786518087e-07,3.965550998685785e-09,1.3716187652335066e-07,9.970000824921499e-09,0.0,0.0
4.509500286076218e-05,0.019837879517581314,0.0011961215803903968,1.1414212539357875e-06,0.00323252997930686,1.1414632581363549e-06,1.0812894970513298e-06,1.6623799581338972e-07,3.4953007155280602e-09,1.3739071391682955e-07,4.226246375083065e-08,7.77660716266837e-07,0.0,-1.4416051463683743e-08,7.788978564349236e-07,1.0139062922576159e-09,2.5806936448935502e-11,2.2321551551574004e-10,3.229242295788026e-08,7.77660716266837e-07,3.0239158377298736e-07,1.652240939620242e-07,3.4697713591214097e-09,1.3716748981096316e-07,9.970039904771966e-09,0.0,0.0
4.509750215220265e-05,0.01983811380341649,0.0011062001198655913,1.1414266479494115e-06,0.0038038132994103785,1.1414688287914032e-06,1.080679339793278e-06,1.6561368454404146e-07,4.110702445103698e-09,1.3740530846462207e-07,4.226249572525376e-08,7.776603183629049e-07,0.0,-1.4416283278251285e-08,7.788048606016673e-07,9.213061424873104e-10,5.430257979388564e-11,2.2322940718133566e-10,3.229242295788026e-08,7.776603183629049e-07,3.0187445076990116e-07,1.6469236641114549e-07,4.053796409664301e-09,1.3718207014790096e-07,9.970072767373495e-09,0.0,0.0
4.510000508162193e-05,0.019838348089251667,0.0008007971003820558,1.1414311157737757e-06,0.0038231037787794554,1.1414732625780744e-06,1.0806626278281328e-06,1.6558826132495597e-07,4.131485376035471e-09,1.3741518500864913e-07,4.226255256867262e-08,7.776592383379466e-07,0.0,-1.4416584370735563e-08,7.785695856910024e-07,6.87097490015276e-10,6.511539224485219e-11,2.232474066721224e-10,3.229243716873498e-08,7.776592383379466e-07,3.0209309898054926e-07,1.6490115228862123e-07,4.0688319380421945e-09,1.371919324810733e-07,9.97011539993764e-09,0.0,0.0
4.5102500735083595e-05,0.019838582375086844,0.0005881658674359302,1.1414343699172652e-06,0.0032019482197640334,1.1414764458095306e-06,1.0813346307259053e-06,1.6626334797820164e-07,3.462377495822011e-09,1.3741251336796267e-07,4.226260230666412e-08,7.776587835905957e-07,0.0,-1.4416818849838364e-08,7.784861395521148e-07,6.040940525586791e-10,2.1553319892730904e-11,2.232607293484179e-10,3.2292440721448656e-08,7.776587835905957e-07,3.0284849117379053e-07,1.656592445442584e-07,3.44130746121607e-09,1.3718924662953214e-07,9.970160697037045e-09,0.0,0.0
4.510500002652407e-05,0.01983881666092202,0.0007419594291540044,1.141437486212425e-06,0.003545932169088783,1.1414794016673113e-06,1.0809666264322004e-06,1.6590615814493503e-07,3.8330343343773166e-09,1.3740128679273766e-07,4.226263783380091e-08,7.776592383379466e-07,0.0,-1.4417052440762745e-08,7.785484967826051e-07,6.659844342671306e-10,5.650848539096032e-11,2.2327205362326907e-10,3.2292444274162335e-08,7.776592383379466e-07,3.024181864930142e-07,1.652401664387071e-07,3.774860424243798e-09,1.371780058434524e-07,9.970192671460154e-09,0.0,0.0
4.5107502955943346e-05,0.019839050946757197,0.0010776525350306432,1.1414417493055124e-06,0.0036900936477754754,1.1414837217671447e-06,1.0808154229380307e-06,1.6575557992837275e-07,3.988310126601391e-09,1.3739959570102656e-07,4.22626733609377e-08,7.776602046760672e-07,0.0,-1.4417318006110236e-08,7.787828621985682e-07,8.994011091445486e-10,3.3496729695547955e-11,2.2328296156448602e-10,3.229245493230337e-08,7.776602046760672e-07,3.0203250389604364e-07,1.6485617493344762e-07,3.955304084257705e-09,1.371763147517413e-07,9.970221093169584e-09,0.0,0.0
4.511000224738382e-05,0.01983928377740085,0.0011338544621453117,1.1414468983714884e-06,0.003634713326560099,1.1414890650485177e-06,1.0808799970618566e-06,1.6580537476329482e-07,3.928688929732971e-09,1.374143039356568e-07,4.226271954621552e-08,7.776603183629049e-07,0.0,-1.4417579130565628e-08,7.788310085743433e-07,9.47399159123563e-10,2.4151449937170888e-11,2.2329330051640284e-10,3.229245493230337e-08,7.776603183629049e-07,3.0204898848751327e-07,1.6485797971199645e-07,3.904121914644065e-09,1.3719102298637154e-07,9.97026372573373e-09,0.0,0.0
4.511250153882429e-05,0.019839518063236028,0.0008982638403134957,1.141451659336825e-06,0.0036434428904279347,1.141493839895702e-06,1.0808751085278345e-06,1.6578943018430436e-07,3.938106729606261e-09,1.374259994690874e-07,4.226274796792495e-08,7.776596362418786e-07,0.0,-1.4417842919556279e-08,7.786562719047652e-07,7.732779971902914e-10,3.297187176065641e-11,2.2330454152452717e-10,3.229245848501705e-08,7.776596362418786e-07,3.0221883662306936e-07,1.6501614652497665e-07,3.906085677130022e-09,1.3720269009809272e-07,9.970288594729482e-09,0.0,0.0
4.511500083026476e-05,0.019839750893879682,0.000836588647865566,1.1414556986050397e-06,0.00321628885286196,1.1414977052481845e-06,1.0813389508257387e-06,1.6625999421648885e-07,3.4778984137062707e-09,1.3741950510848255e-07,4.226277994234806e-08,7.776594088682032e-07,0.0,-1.441810404401167e-08,7.786049991409527e-07,7.222624720526483e-10,2.642407299913163e-11,2.2331912707951318e-10,3.229245848501705e-08,7.776594088682032e-07,3.027339232630766e-07,1.6553774173644342e-07,3.452621744060025e-09,1.3719619573748787e-07,9.970319680974171e-09,0.0,0.0
4.511750375968404e-05,0.019839983724523336,0.0010203396962369382,1.1414600221032555e-06,0.003388662866146426,1.141502025348018e-06,1.0811571655722219e-06,1.660838364614392e-07,3.6636771394427115e-09,1.3741360760377574e-07,4.2262822574912207e-08,7.776596930852975e-07,0.0,-1.4418358951218124e-08,7.787000981807068e-07,8.170537024732027e-10,3.32011189374537e-11,2.2333428162379931e-10,3.229246203773073e-08,7.776596930852975e-07,3.02457067391515e-07,1.6526678336958867e-07,3.6282941096033028e-09,1.3719028402192635e-07,9.970362313538317e-09,0.0,0.0
4.512000305112451e-05,0.01984021655516699,0.0010658803285993335,1.1414648794627673e-06,0.003844015045310775,1.14150691388204e-06,1.0806713817146374e-06,1.6559209825572907e-07,4.15411705034785e-09,1.3741934878908069e-07,4.2262854549335316e-08,7.776599204589729e-07,0.0,-1.4418635174706651e-08,7.787373306200607e-07,8.540952389779477e-10,3.5285410010521545e-11,2.233481039004559e-10,3.229246203773073e-08,7.776599204589729e-07,3.0193399425115786e-07,1.64737997465636e-07,4.119210750275215e-09,1.3719601099637657e-07,9.970390735247747e-09,0.0,0.0
4.512250598054379e-05,0.019840449385810643,0.0009794489790335703,1.1414696416161592e-06,0.003152041068129078,1.1415116887292243e-06,1.0814212600962492e-06,1.6633769917007157e-07,3.4086842237712744e-09,1.3742379678660654e-07,4.2262886523758425e-08,7.776597499287163e-07,0.0,-1.4418912286373597e-08,7.786881042193272e-07,8.050025090966528e-10,3.944086029994409e-11,2.2336113514320743e-10,3.229246203773073e-08,7.776597499287163e-07,3.027331274552125e-07,1.6553269688301953e-07,3.371829038201213e-09,1.37200430572193e-07,9.970423597849276e-09,0.0,0.0
4.512500163400546e-05,0.019840682216454297,0.0009152179327874543,1.141474052981325e-06,0.003330924729804738,1.1415161225158954e-06,1.0812325399456313e-06,1.661465489632974e-07,3.601504205974493e-09,1.37426567903276e-07,4.226293270903625e-08,7.77659465711622e-07,0.0,-1.4419124561015906e-08,7.786336482240586e-07,7.508272892309265e-10,4.426172969806963e-11,2.2337091898361194e-10,3.229246559044441e-08,7.77659465711622e-07,3.0259892014328216e-07,1.653957184544197e-07,3.5541045662057513e-09,1.3720320168886246e-07,9.970467118591841e-09,0.0,0.0
4.5127504563424736e-05,0.01984091359190643,0.0008346626948387836,1.141478101775539e-06,0.0035936264220015114,1.1415202152420534e-06,1.0809532113853493e-06,1.6586645301686076e-07,3.884542021381776e-09,1.374274916088325e-07,4.226296823617304e-08,7.776592951813655e-07,0.0,-1.441943631164122e-08,7.785851039443514e-07,7.024119064169554e-10,4.1415877671813206e-11,2.2337642846537165e-10,3.229246559044441e-08,7.776592951813655e-07,3.023681642844167e-07,1.6516403888999776e-07,3.84543330511633e-09,1.3720411118356424e-07,9.970504422085469e-09,0.0,0.0
4.513000385486521e-05,0.019841146422550082,0.0008525654322966147,1.1414820301596473e-06,0.0030551605703819317,1.141524080594536e-06,1.0815371069838875e-06,1.6645581979446433e-07,3.304269524662118e-09,1.3742175042352756e-07,4.2263003763309825e-08,7.776595225550409e-07,0.0,-1.4419686777955576e-08,7.785965294715425e-07,7.13629599857768e-10,4.795154551207048e-11,2.2338088323525795e-10,3.229246914315809e-08,7.776595225550409e-07,3.029405490906356e-07,1.6574219330323103e-07,3.2554268170059686e-09,1.371983699982593e-07,9.970535508330158e-09,0.0,0.0
4.513249950832687e-05,0.019841377798002213,0.0010118667101082224,1.1414863439979464e-06,0.003840365711525923,1.1415282870075316e-06,1.0806950285768835e-06,1.656161572327619e-07,4.1502641323631906e-09,1.3741896509600338e-07,4.226304994858765e-08,7.776599204589729e-07,0.0,-1.4419944349697289e-08,7.78695550707198e-07,8.122181260894479e-10,3.781767260457869e-11,2.2338188243598012e-10,3.229246914315809e-08,7.776599204589729e-07,3.0199953471310437e-07,1.6480393583151454e-07,4.110541240720522e-09,1.3719558467073512e-07,9.970582581786402e-09,0.0,0.0
4.513500243774615e-05,0.019841609173454344,0.001085121265347766,1.1414911959133558e-06,0.003492439056579765,1.1415332892283914e-06,1.0810742878675228e-06,1.6598971797066042e-07,3.775586066012693e-09,1.3742457838361588e-07,4.226308547572444e-08,7.776600341458106e-07,0.0,-1.4420249883073666e-08,7.787287472638127e-07,8.453450162093645e-10,3.2440914538023335e-11,2.2338368654839513e-10,3.229246914315809e-08,7.776600341458106e-07,3.0234556902541954e-07,1.6514438527792663e-07,3.745762811036002e-09,1.372011837474929e-07,9.970615444387931e-09,0.0,0.0
4.5137501729186624e-05,0.019841840548906475,0.0009757716620413248,1.1414959643136844e-06,0.003496572008556738,1.1415380640755757e-06,1.0810744015543605e-06,1.6598514207544213e-07,3.780054491642204e-09,1.3742952376105677e-07,4.226311034472019e-08,7.776597499287163e-07,0.0,-1.4420482585819627e-08,7.786504738760414e-07,7.67323704575773e-10,3.4160476530820105e-11,2.2338569882762727e-10,3.229246914315809e-08,7.776597499287163e-07,3.024239561000286e-07,1.6521781276424008e-07,3.743410470491426e-09,1.372061433357885e-07,9.970640313383683e-09,0.0,0.0
4.5140001020627096e-05,0.019842071924358606,0.0008590234588652379,1.1415002095791912e-06,0.0038100321059590402,1.1415422704885714e-06,1.0807407306856476e-06,1.656526080751064e-07,4.11765688212995e-09,1.3742862847720971e-07,4.226316008271169e-08,7.77659465711622e-07,0.0,-1.4420775684698128e-08,7.785752700328885e-07,6.924386064532939e-10,3.2038725839012017e-11,2.2338687843959093e-10,3.2292472695871766e-08,7.77659465711622e-07,3.021654038093402e-07,1.6496016996825347e-07,4.087227445381814e-09,1.3720523384108674e-07,9.970688275018347e-09,0.0,0.0
4.5142503950046375e-05,0.019842303299810737,0.0008470588912352639,1.1415041570349424e-06,0.003108095381452014,1.141546135841054e-06,1.0815004998221411e-06,1.664146509483544e-07,3.3614067085352417e-09,1.3742653948156658e-07,4.226319560984848e-08,7.776593520247843e-07,0.0,-1.4421045690937717e-08,7.785625371070637e-07,6.797988838513902e-10,2.8968150794783654e-11,2.2338982053060619e-10,3.2292472695871766e-08,7.776593520247843e-07,3.029379911367869e-07,1.6573484629134327e-07,3.333730624888176e-09,1.372031448454436e-07,9.970722025798295e-09,0.0,0.0
4.514500324148685e-05,0.019842533220071346,0.0008964852579431692,1.1415081657961939e-06,0.0033721887953435297,1.1415502285672119e-06,1.081219579646131e-06,1.6613455500191776e-07,3.646076551788724e-09,1.3742551630002708e-07,4.226322047884423e-08,7.776595225550409e-07,0.0,-1.4421298821787332e-08,7.7859016300863e-07,7.072605834324008e-10,3.967784781289119e-11,2.233924989436531e-10,3.2292472695871766e-08,7.776595225550409e-07,3.02629416637501e-07,1.6542729497359687e-07,3.6048157792123448e-09,1.372021216639041e-07,9.970748671150886e-09,0.0,0.0
4.514750253292732e-05,0.019842763140331954,0.0009769331641535928,1.1415124731647124e-06,0.0032907310595327774,1.1415545486670453e-06,1.0813113249241724e-06,1.6622675502731e-07,3.5583047619525132e-09,1.3742462101618003e-07,4.2263270216835735e-08,7.776599204589729e-07,0.0,-1.4421606131520548e-08,7.786640594531491e-07,7.807399171610996e-10,4.581764481703665e-11,2.2339796679204937e-10,3.2292476248585444e-08,7.776599204589729e-07,3.0264723704931384e-07,1.654460106692568e-07,3.5137754927916376e-09,1.3720122638005705e-07,9.97079663278555e-09,0.0,0.0
4.51500054623466e-05,0.019842994515784085,0.0010667708108785257,1.1415172017940248e-06,0.0036358908060121057,1.141559209827392e-06,1.080943889064656e-06,1.65859304956939e-07,3.930193948065153e-09,1.3742435100994044e-07,4.2263302191258845e-08,7.776602615194861e-07,0.0,-1.4421831728839152e-08,7.787301683492842e-07,8.465300682658494e-10,4.1305233539068453e-11,2.23408680444237e-10,3.2292476248585444e-08,7.776602615194861e-07,3.022137207153719e-07,1.6501277855240915e-07,3.885109123302755e-09,1.3720094216296275e-07,9.97082683085182e-09,0.0,0.0
4.5152501115808263e-05,0.019843224436044693,0.0010222869832741122,1.1415220049611494e-06,0.004258169821513495,1.141564098361414e-06,1.0802785936903092e-06,1.6518966106104926e-07,4.6000097064791134e-09,1.3742891269430402e-07,4.226333771839563e-08,7.776600341458106e-07,0.0,-1.4422139926750788e-08,7.78672244905465e-07,7.887811515061571e-10,4.6326574520971775e-11,2.2342368233285725e-10,3.2292476248585444e-08,7.776600341458106e-07,3.0160634878484416e-07,1.6440087335922726e-07,4.554916888110938e-09,1.372054896364716e-07,9.970861469810188e-09,0.0,0.0
4.515500404522754e-05,0.0198434543563053,0.0008481847945134291,1.1415263055547355e-06,0.0034745581537865707,1.1415684184612473e-06,1.0811261290655239e-06,1.660338284636964e-07,3.7564356070163285e-09,1.3743270699251298e-07,4.226338035095978e-08,7.776596362418786e-07,0.0,-1.442242947291561e-08,7.785567959217587e-07,6.737019830893587e-10,4.048347421181653e-11,2.2343789318757246e-10,3.229247980129912e-08,7.776596362418786e-07,3.0256938998718397e-07,1.653601202633581e-07,3.717649299517234e-09,1.3720925551297114e-07,9.970902326017494e-09,0.0,0.0
4.515750697464682e-05,0.01984368427656591,0.0008207264296231642,1.1415301427197714e-06,0.0037509281387706323,1.1415721701268922e-06,1.0808319075295003e-06,1.657424490986159e-07,4.054122815233541e-09,1.3742990745413408e-07,4.226341232538289e-08,7.776595793984598e-07,0.0,-1.442266395201841e-08,7.78535877543618e-07,6.528300677821619e-10,3.9484551045410043e-11,2.2344992522960183e-10,3.229247980129912e-08,7.776595793984598e-07,3.022960868293012e-07,1.6508961664385424e-07,4.012803422881461e-09,1.3720645597459225e-07,9.970931635905345e-09,0.0,0.0
4.5160002628108487e-05,0.019843912741634995,0.0010042377509265066,1.1415343121254472e-06,0.0035345791740634654,1.1415762628530501e-06,1.0810687172124744e-06,1.6598423258074035e-07,3.821122973590718e-09,1.3742437943164987e-07,4.2263447852519676e-08,7.776600909892295e-07,0.0,-1.4423006788888415e-08,7.786409241816727e-07,7.573764948531903e-10,6.128936247407069e-11,2.2346259564987037e-10,3.22924833540128e-08,7.776600909892295e-07,3.0242776460909226e-07,1.6522685086783895e-07,3.762586686661962e-09,1.3720091374125332e-07,9.970965386685293e-09,0.0,0.0
4.5162505557527766e-05,0.019844142661895603,0.0011542750425412862,1.1415392749836873e-06,0.0033600178823545925,1.1415812650739099e-06,1.0812615300892503e-06,1.6617904918803106e-07,3.6330580766019693e-09,1.3742165094754455e-07,4.226349048508382e-08,7.776607731102558e-07,0.0,-1.4423250149775413e-08,7.787868980813073e-07,9.026570046977156e-10,6.210981728926868e-11,2.2347475259199e-10,3.229248690672648e-08,7.776607731102558e-07,3.0247457516452414e-07,1.6527638990737614e-07,3.5687437449638537e-09,1.37198185257148e-07,9.97100446653576e-09,0.0,0.0
4.516500484896824e-05,0.01984437112696469,0.0011213175846549461,1.141544473917955e-06,0.0037465853715745773,1.1415866083552828e-06,1.080849983736698e-06,1.6576480277308292e-07,4.0494967379345326e-09,1.374244078533593e-07,4.2263536670361646e-08,7.776607731102558e-07,0.0,-1.4423545913189173e-08,7.787692766214604e-07,8.849825872125905e-10,6.726381951427385e-11,2.234853829774508e-10,3.229248690672648e-08,7.776607731102558e-07,3.0208073553694703e-07,1.6487982179569372e-07,3.983492202763728e-09,1.3720091374125332e-07,9.971048875456745e-09,0.0,0.0
4.51675005024299e-05,0.019844599592033774,0.0009105109789153687,1.1415491159364866e-06,0.003143332864808447,1.1415912695156294e-06,1.0815043651746237e-06,1.6641340039313945e-07,3.3995282144871908e-09,1.3743103011165658e-07,4.2263572197498434e-08,7.776599204589729e-07,0.0,-1.4423844341138192e-08,7.785672551108291e-07,6.83861745010006e-10,1.0757951474094085e-10,2.234967350078776e-10,3.229249756486752e-08,7.776599204589729e-07,3.029370532203757e-07,1.657295314316798e-07,3.292760064610434e-09,1.3720752178869589e-07,9.971075520809336e-09,0.0,0.0
4.517000343184918e-05,0.01984482805710286,0.0006444433114687342,1.1415526684638804e-06,0.003534488992287892,1.1415947938075988e-06,1.0810859976118081e-06,1.6599108221271308e-07,3.8210865582755105e-09,1.374357196937126e-07,4.226361483006258e-08,7.776592383379466e-07,0.0,-1.4424077932062573e-08,7.784506692587456e-07,5.679138270764383e-10,5.865214564026999e-11,2.2350826744954588e-10,3.2292504670294875e-08,7.776592383379466e-07,3.0263538519648137e-07,1.6542315961487475e-07,3.760289413179407e-09,1.372122113707519e-07,9.971110159767704e-09,0.0,0.0
4.5172502723289654e-05,0.019845056522171944,0.0006935711194735461,1.1415557253594744e-06,0.003809744536196815,1.1415976359785418e-06,1.0807921171362977e-06,1.6570788829994854e-07,4.1175418630245986e-09,1.3742470628130832e-07,4.2263661015340404e-08,7.77659465711622e-07,0.0,-1.4424390570866308e-08,7.784461786286556e-07,5.631980437570405e-10,9.84688094951558e-11,2.2351555328814499e-10,3.2292508223008554e-08,7.77659465711622e-07,3.0234588166422327e-07,1.6514469791673037e-07,4.019041988101435e-09,1.372011837474929e-07,9.97115279233185e-09,0.0,0.0
4.5175002014730126e-05,0.01984528498724103,0.0011335788173241212,1.1415598997588398e-06,0.003878097122273589,1.1416017287046998e-06,1.080722199731099e-06,1.6565256544254225e-07,4.191145652754358e-09,1.3740876170231786e-07,4.226370364790455e-08,7.776608867970936e-07,0.0,-1.442470853874056e-08,7.787398317304906e-07,8.554117969516994e-10,1.1322734416729929e-10,2.2351916151297502e-10,3.229252598657695e-08,7.776608867970936e-07,3.0198239642231783e-07,1.6479715725381539e-07,4.0775072207566154e-09,1.3718523916850245e-07,9.97118032586286e-09,0.0,0.0
4.5177504944149405e-05,0.019845513452310115,0.0013396348823420112,1.1415655501882274e-06,0.0037162730934849324,1.1416076404202613e-06,1.0809019386215368e-06,1.658228399037398e-07,4.016926791194919e-09,1.3741743032369413e-07,4.2263749833182374e-08,7.776616826049576e-07,0.0,-1.442497499226647e-08,7.789541882630147e-07,1.0689570340005616e-09,4.6345417087367835e-11,2.2352290851568313e-10,3.2292529539290626e-08,7.776616826049576e-07,3.0194780720194103e-07,1.647538852012076e-07,3.972326023671258e-09,1.3719390778987872e-07,9.971219405713327e-09,0.0,0.0
4.518000423558988e-05,0.019845740462187678,0.0009634220437533259,1.1415707783549355e-06,0.0032830706046417402,1.141613097388472e-06,1.0813737389980815e-06,1.662748161379568e-07,3.5502263351361307e-09,1.374385192320915e-07,4.22637960184602e-08,7.776604320497427e-07,0.0,-1.4425263650252873e-08,7.785997127029987e-07,7.157283099523681e-10,1.2857197251303631e-10,2.23526239184757e-10,3.229254375014534e-08,7.776604320497427e-07,3.0277408313850174e-07,1.6555908644022566e-07,3.422230498983936e-09,1.3721499669827608e-07,9.971252268314856e-09,0.0,0.0
4.518249988905154e-05,0.01984596747206524,0.0005560941369182615,1.1415742278067567e-06,0.00329582550410707,1.1416163943067659e-06,1.081362938748498e-06,1.6626151477794338e-07,3.563983552723471e-09,1.3744234195200988e-07,4.226384220373802e-08,7.776591246511089e-07,0.0,-1.4425550531882436e-08,7.78378648647049e-07,4.959623822742287e-10,5.968838617809169e-11,2.2352945883152842e-10,3.2292561513713736e-08,7.776591246511089e-07,3.0298434694486787e-07,1.657655417375281e-07,3.5044023238839372e-09,1.3721880520733976e-07,9.971280690024287e-09,0.0,0.0
4.518500645644963e-05,0.019846195937134326,0.0006221720396695218,1.141576919733391e-06,0.003096054683816982,1.1416188954171957e-06,1.0815805353558972e-06,1.6649077849706373e-07,3.3486324824139047e-09,1.374305753643057e-07,4.226387773087481e-08,7.776591814945277e-07,0.0,-1.442580543908889e-08,7.784005333633104e-07,5.17824338963635e-10,5.4564925494604566e-11,2.2353535689134674e-10,3.2292565066427414e-08,7.776591814945277e-07,3.0317997357087734e-07,1.6597294916209648e-07,3.294536421449834e-09,1.3720703861963557e-07,9.971312664447396e-09,0.0,0.0
4.518750210991129e-05,0.019846422947011888,0.0010221511381942605,1.1415806525094237e-06,0.003298804652896563,1.1416225333960028e-06,1.0813653261720901e-06,1.662874353769439e-07,3.5672129694575005e-09,1.3741733084771113e-07,4.226393457429367e-08,7.776605457365804e-07,0.0,-1.4426107419751588e-08,7.786242122165277e-07,7.401587120980935e-10,1.2428770512773468e-10,2.235446827647536e-10,3.229258638270949e-08,7.776605457365804e-07,3.027410571121436e-07,1.6554727721995732e-07,3.442017781907225e-09,1.3719377989218628e-07,9.971347303405764e-09,0.0,0.0
4.519000503933057e-05,0.01984664995688945,0.0013068975785799353,1.141585939680064e-06,0.003167027561067473,1.1416279903642135e-06,1.081512436940102e-06,1.6643086553358444e-07,3.42517969542655e-09,1.37419732482158e-07,4.226397720685782e-08,7.776617962917953e-07,0.0,-1.4426402294986929e-08,7.789729465912387e-07,1.0875956801825737e-09,1.4687175087235715e-11,2.235566037844805e-10,3.22926005935642e-08,7.776617962917953e-07,3.025394335054443e-07,1.6534326618966588e-07,3.4114242541960493e-09,1.3719618152663315e-07,9.971375725115195e-09,0.0,0.0
4.5192504330771044e-05,0.019846876966767013,0.001105695131341733,1.141591416503821e-06,0.0034153126862032407,1.1416336747060996e-06,1.0812501614054781e-06,1.6614839637441037e-07,3.6928073932074312e-09,1.374410487642308e-07,4.2264012733994605e-08,7.77660716266837e-07,0.0,-1.4426650096766025e-08,7.786968012624129e-07,8.125236594658247e-10,1.2620397782381332e-10,2.2356451412353096e-10,3.229261125170524e-08,7.77660716266837e-07,3.025533601430652e-07,1.6533587654521398e-07,3.5643274998164998e-09,1.3721748359785124e-07,9.971401482289366e-09,0.0,0.0
4.519499998423271e-05,0.019847102521453053,0.0005723952486889061,1.141595201515309e-06,0.0034949976050338743,1.1416374263717444e-06,1.0811676247612922e-06,1.6605254415935633e-07,3.778678259180879e-09,1.3745608384851948e-07,4.226408378826818e-08,7.776590109642711e-07,0.0,-1.4427016026274941e-08,7.783862656651763e-07,5.036580597028717e-10,9.775558140745488e-11,2.2357193874000814e-10,3.229264322612835e-08,7.776590109642711e-07,3.027814159395348e-07,1.6554889725739486e-07,3.6835536842971806e-09,1.3723251868213993e-07,9.971442338496672e-09,0.0,0.0
4.5197506551630795e-05,0.019847329531330615,0.000403150203876379,1.1415974160998465e-06,0.0028987811993601113,1.1416393590479856e-06,1.081812115444336e-06,1.6670787772454787e-07,3.135936621490032e-09,1.374455393943208e-07,4.226411931540497e-08,7.77658669903758e-07,0.0,-1.4427247840842483e-08,7.783486921653093e-07,4.664204023008267e-10,3.686599636676391e-11,2.2358136175792964e-10,3.229264677884203e-08,7.77658669903758e-07,3.0346342327902676e-07,1.6624146326194023e-07,3.0979414589182852e-09,1.3722196001708653e-07,9.971472536562942e-09,0.0,0.0
4.520000584307127e-05,0.019847555086016655,0.0009057302202393203,1.1416003683409778e-06,0.003989707075482665,1.1416422012189287e-06,1.0806389809658867e-06,1.6555681270347122e-07,4.311432988401975e-09,1.374222478034426e-07,4.226417615882383e-08,7.776599773023918e-07,0.0,-1.4427532946115207e-08,7.785286584294226e-07,6.451008616181753e-10,1.8143149482785503e-10,2.2358967455282652e-10,3.229267164783778e-08,7.776599773023918e-07,3.0211037937988294e-07,1.6491171095367463e-07,4.126883279553795e-09,1.3719866842620831e-07,9.971503622807631e-09,0.0,0.0
4.520250513451174e-05,0.019847780640702695,0.0014341922278404695,1.141605646145709e-06,0.003461650103696493,1.1416476581871393e-06,1.08121264474903e-06,1.6612881381661282e-07,3.742779863813439e-09,1.3742182147780113e-07,4.226424366038373e-08,7.776620805088896e-07,0.0,-1.4427897987445704e-08,7.790902714077674e-07,1.2046379449515143e-09,4.170259276792265e-11,2.2359697426921343e-10,3.229270006954721e-08,7.776620805088896e-07,3.02122401762972e-07,1.6492417387325986e-07,3.706225104593841e-09,1.3719821367885743e-07,9.971542702658098e-09,0.0,0.0
4.520500442595221e-05,0.019848006195388734,0.0013268953166548914,1.1416118739080513e-06,0.0029982039282716354,1.1416541383368894e-06,1.0817185511768912e-06,1.666093680796621e-07,3.2432128094228574e-09,1.3744747207056207e-07,4.2264279187520515e-08,7.776616826049576e-07,0.0,-1.4428105821195913e-08,7.789645906086662e-07,1.0793387295038315e-09,8.053160915899582e-11,2.2360729934334245e-10,3.2292707174974566e-08,7.776616826049576e-07,3.0275390372480615e-07,1.6553002524233307e-07,3.1594704630322212e-09,1.3722386427161837e-07,9.971573788902788e-09,0.0,0.0
4.5207500079413876e-05,0.019848231750074774,0.0008012367395094852,1.141616674009629e-06,0.0039281939203961325,1.1416589131840738e-06,1.0807208354890463e-06,1.6559478410727024e-07,4.2452810156135e-09,1.3746641513989744e-07,4.226435024179409e-08,7.776596362418786e-07,0.0,-1.442844066446014e-08,7.784571494084958e-07,5.738797215215641e-10,1.4949902427119355e-10,2.2362399432207525e-10,3.2292739149397676e-08,7.776596362418786e-07,3.0226371450225997e-07,1.6502090716130624e-07,4.0956686930826436e-09,1.3724279313009902e-07,9.971610204217995e-09,0.0,0.0
4.5210003008833155e-05,0.019848457304760814,0.0005313501899401885,1.141619679721894e-06,0.0032658925581539834,1.1416617553550168e-06,1.0814367215061793e-06,1.663163260445799e-07,3.531856140881473e-09,1.3746154081673012e-07,4.226440353249927e-08,7.776588972774334e-07,0.0,-1.44287364278739e-08,7.783841624586785e-07,5.016707049776414e-10,1.0704978570252877e-11,2.2363978724460054e-10,3.229275336025239e-08,7.776588972774334e-07,3.0305255904750084e-07,1.6581465445142385e-07,3.5226286332346035e-09,1.3723789038522227e-07,9.971651060425302e-09,0.0,0.0
4.521250230027363e-05,0.01984868140425533,0.0008376678720408842,1.1416227476844507e-06,0.003841052501522301,1.1416645975259598e-06,1.080819743037864e-06,1.6572080596688465e-07,4.151485377690278e-09,1.374392724073914e-07,4.2264453270490776e-08,7.776596362418786e-07,0.0,-1.4428970018798282e-08,7.784646527397854e-07,5.813595160830687e-10,1.462237969596103e-10,2.2364908536243178e-10,3.2292767571107106e-08,7.776596362418786e-07,3.023550618763693e-07,1.6513943990048574e-07,4.001916131812777e-09,1.3721562197588355e-07,9.97168658756209e-09,0.0,0.0
4.5215005229692906e-05,0.01984890695894137,0.001369699301041874,1.1416277265045477e-06,0.003897836343503714,1.1416695997468196e-06,1.0807632406795165e-06,1.656726169585454e-07,4.212638238243471e-09,1.3742909743541531e-07,4.2264513666623316e-08,7.776614552312822e-07,0.0,-1.4429279993066757e-08,7.789425353621482e-07,1.0574057185408492e-09,6.330714424906958e-11,2.2365545526703556e-10,3.2292795992816536e-08,7.776614552312822e-07,3.018206484739494e-07,1.6461521568089665e-07,4.151950783182201e-09,1.3720544700390747e-07,9.97171767380678e-09,0.0,0.0
4.521750452113338e-05,0.019849131058435887,0.0014011498042748594,1.1416339359633864e-06,0.0035142039079798892,1.1416761935834074e-06,1.0811825177370338e-06,1.6606983876954473e-07,3.79949582907102e-09,1.3745125215791631e-07,4.226455985190114e-08,7.776614552312822e-07,0.0,-1.4429534012094791e-08,7.789439564476197e-07,1.0588714349779593e-09,7.523395101349806e-11,2.2366357377290313e-10,3.2292799545530215e-08,7.776614552312822e-07,3.0223856128941406e-07,1.6501097377386031e-07,3.723237940178592e-09,1.3722758751555375e-07,9.971760306370925e-09,0.0,0.0
4.522000017459504e-05,0.019849355157930404,0.0008469798719772381,1.141638974010627e-06,0.0038025045252465606,1.141681309491105e-06,1.0808768138304004e-06,1.6574115591083682e-07,4.110038975824182e-09,1.374760927319585e-07,4.2264634458888395e-08,7.776595225550409e-07,0.0,-1.442980579469122e-08,7.784575473124278e-07,5.743116537892945e-10,1.5199222436201865e-10,2.2367749319407437e-10,3.2292827967239646e-08,7.776595225550409e-07,3.024192665179726e-07,1.6516685263923137e-07,3.958951388938203e-09,1.372524138787412e-07,9.97180560347033e-09,0.0,0.0
4.522250310401432e-05,0.01984957925742492,0.0005264913422138306,1.1416420519526753e-06,0.0031552761146774492,1.141684151662048e-06,1.0815766700034146e-06,1.66450845995314e-07,3.4126730330541477e-09,1.3746711147177848e-07,4.226468064416622e-08,7.776587267471768e-07,0.0,-1.4430060701897673e-08,7.783493742863357e-07,4.669526987299832e-10,2.6556586790738024e-11,2.2369223140472627e-10,3.229283862538068e-08,7.776587267471768e-07,3.0322729571707896e-07,1.659838915202272e-07,3.3874889560081556e-09,1.3724341840770649e-07,9.971839354250278e-09,0.0,0.0
4.5225002395454794e-05,0.019849803356919438,0.0008813319271947506,1.1416452068775057e-06,0.003551441928331236,1.1416871075198287e-06,1.0811523907250375e-06,1.6605207520115073e-07,3.839649931336453e-09,1.3744079296884593e-07,4.226473038215772e-08,7.776595225550409e-07,0.0,-1.4430303174606252e-08,7.784629474372196e-07,5.797506363869331e-10,1.397344601139494e-10,2.2370252872327967e-10,3.22928528362354e-08,7.776595225550409e-07,3.0268941486610856e-07,1.6547232917218935e-07,3.6972640504728815e-09,1.3721708569391922e-07,9.971875769565486e-09,0.0,0.0
4.522750532487407e-05,0.019850027456413954,0.0013327289901617105,1.1416501685768297e-06,0.003606757526920109,1.1416921097406885e-06,1.081097479982418e-06,1.6599825869434426e-07,3.899256473260948e-09,1.374381497498689e-07,4.226479433100394e-08,7.77661114170769e-07,0.0,-1.4430580286273198e-08,7.788656830598484e-07,9.80875825007388e-10,4.860012045582174e-11,2.2371210439686706e-10,3.229287770523115e-08,7.77661114170769e-07,3.0223182534427906e-07,1.6501738286933687e-07,3.852903329715218e-09,1.372144424749422e-07,9.971917513951212e-09,0.0,0.0
4.5230004616314545e-05,0.01985025155590847,0.0012606639973724576,1.1416559803574055e-06,0.003446280009049516,1.1416981351430877e-06,1.0812761956913164e-06,1.661541375597153e-07,3.726380537472096e-09,1.3746118554536224e-07,4.226482985814073e-08,7.776608299536747e-07,0.0,-1.4430805883591802e-08,7.787858748997678e-07,9.013500501531269e-10,7.43153455440293e-11,2.2372065311415668e-10,3.229288125794483e-08,7.776608299536747e-07,3.024902639481297e-07,1.652527856776942e-07,3.6495466648744923e-09,1.3723746405958082e-07,9.971949488374321e-09,0.0,0.0
4.523250026977621e-05,0.019850474200211465,0.0007723636548533364,1.1416605067776515e-06,0.004066734276392437,1.1417027963034343e-06,1.0806122645590222e-06,1.654712633580857e-07,4.394562935772228e-09,1.37481706019571e-07,4.226489380698695e-08,7.776592383379466e-07,0.0,-1.4431085659794007e-08,7.784024660395517e-07,5.195056052009761e-10,1.0860790045086333e-10,2.2372717567442635e-10,3.229290612694058e-08,7.776592383379466e-07,3.0220974167605164e-07,1.6495175714226207e-07,4.286877519632526e-09,1.3725797032293485e-07,9.971987680046368e-09,0.0,0.0
4.523500319919549e-05,0.019850698299705982,0.0005186378842481076,1.141663399905575e-06,0.0031891060102000293,1.141705411100702e-06,1.0815599580382695e-06,1.6642735545246978e-07,3.449209362571537e-09,1.3747389004947763e-07,4.2264932886837414e-08,7.776587267471768e-07,0.0,-1.4431332573394684e-08,7.783182240927999e-07,4.357630090101594e-10,2.2627280257814242e-11,2.237333096566374e-10,3.229291323236794e-08,7.776587267471768e-07,3.0324176236717904e-07,1.6599159380348283e-07,3.428539008254461e-09,1.372501543528415e-07,9.972022319004736e-09,0.0,0.0
4.523750249063596e-05,0.019850920944008976,0.0008575827107506484,1.1416664639823264e-06,0.003740059723985447,1.1417083669584827e-06,1.0809689001689549e-06,1.658583670405278e-07,4.042888246402754e-09,1.3745098215167673e-07,4.226497551940156e-08,7.776595225550409e-07,0.0,-1.443155372982119e-08,7.784387321407849e-07,5.554386395267841e-10,1.0949357392986414e-10,2.237400403837242e-10,3.229292389050897e-08,7.776595225550409e-07,3.0253016802817e-07,1.6530293578398414e-07,3.929620628895236e-09,1.3722724645504059e-07,9.972050740714167e-09,0.0,0.0
4.524000178207643e-05,0.01985114358831197,0.0012435882369565832,1.1416711421197376e-06,0.0039008685831191272,1.141713141805667e-06,1.080800188901776e-06,1.6568623095736257e-07,4.216059501516156e-09,1.3745324167757644e-07,4.226502881010674e-08,7.77660716266837e-07,0.0,-1.4431856598662307e-08,7.787380695845059e-07,8.536062412467516e-10,2.8628686227216704e-11,2.237501572910361e-10,3.229293810136369e-08,7.77660716266837e-07,3.020620908955607e-07,1.6483261333632981e-07,4.19033918674927e-09,1.3722947755923087e-07,9.972089820564634e-09,0.0,0.0
4.524250471149571e-05,0.019851366232614964,0.0010740521041974205,1.141676302213921e-06,0.0032660074255903577,1.1417184850870399e-06,1.0814892448252067e-06,1.6634982102914364e-07,3.532151904295233e-09,1.3747931859597884e-07,4.2265074995384566e-08,7.776600909892295e-07,0.0,-1.4432075090553553e-08,7.785681646055309e-07,6.843409727785854e-10,8.191577277605333e-11,2.2376080155428468e-10,3.229294165407737e-08,7.776600909892295e-07,3.029210233762569e-07,1.6566546889862366e-07,3.4497138479139267e-09,1.3725555447763327e-07,9.972133341307199e-09,0.0,0.0
4.5245004002936184e-05,0.019851587421726435,0.0006869763649728355,1.1416801974171447e-06,0.0038222102665593145,1.1417223504395224e-06,1.0808935257955454e-06,1.657458028603287e-07,4.131402331353229e-09,1.374887261818003e-07,4.226512473337607e-08,7.776589541208523e-07,0.0,-1.4432328221403168e-08,7.783388014104275e-07,4.560302691025697e-10,3.976295334662261e-11,2.23770599272477e-10,3.229295586493208e-08,7.776589541208523e-07,3.025547243851179e-07,1.6528976232166315e-07,4.0907432996561965e-09,1.3726496206345473e-07,9.972168868443987e-09,0.0,0.0
4.5247503294376656e-05,0.01985181006602943,0.0007369358081437127,1.141683367676478e-06,0.0034348551124484864,1.1417253062973032e-06,1.0813133712872514e-06,1.6618314191418904e-07,3.7141547615249237e-09,1.3747118998708174e-07,4.226515670779918e-08,7.7765906780769e-07,0.0,-1.4432602668534855e-08,7.783569344610441e-07,4.74089989488391e-10,4.485278468080445e-11,2.2377863451161772e-10,3.229295941764576e-08,7.7765906780769e-07,3.0295646524791664e-07,1.6570905359003518e-07,3.671029258356384e-09,1.3724741165788146e-07,9.972199954688676e-09,0.0,0.0
4.525000258581713e-05,0.019852032710332423,0.0010980542314277253,1.1416874531772615e-06,0.003623778974215044,1.1417293990234612e-06,1.0811136235133745e-06,1.6599429386587872e-07,3.917716817625205e-09,1.3745922444741154e-07,4.226521355121804e-08,7.776601478326484e-07,0.0,-1.4432813166820324e-08,7.785894240441849e-07,7.055094841668108e-10,5.486348528260798e-11,2.2378342234841142e-10,3.22929700757868e-08,7.776601478326484e-07,3.0252422789089906e-07,1.6528879598354251e-07,3.860741060179862e-09,1.3723543190735654e-07,9.972243475431242e-09,0.0,0.0
4.52525018772576e-05,0.019852253899443895,0.0011686653382925322,1.1416924669141372e-06,0.0035419356048760967,1.1417346286179963e-06,1.0812066193466308e-06,1.6607431518878002e-07,3.829564221291548e-09,1.3747184368639864e-07,4.226524907835483e-08,7.776604888931615e-07,0.0,-1.4433110706590924e-08,7.786784408381209e-07,7.941400315125691e-10,2.2840966965032017e-11,2.2378732200678542e-10,3.2292973628500476e-08,7.776604888931615e-07,3.0252823535192874e-07,1.652801842055851e-07,3.8098137977726765e-09,1.3724806535719836e-07,9.97227633803277e-09,0.0,0.0
4.525500480667688e-05,0.019852475088555366,0.0008818172458111562,1.141697002358346e-06,0.003024763458169002,1.1417391760915052e-06,1.081768459698651e-06,1.6662202995121334e-07,3.2720937070962464e-09,1.374869498249609e-07,4.226530236906001e-08,7.77659465711622e-07,0.0,-1.443332653394691e-08,7.784297508806048e-07,5.464788621623029e-10,7.644302552067828e-11,2.2379202657685227e-10,3.229298428664151e-08,7.77659465711622e-07,3.0333870881804614e-07,1.6607555153314024e-07,3.1941889133690893e-09,1.372631572849059e-07,9.972318082418496e-09,0.0,0.0
4.525750409811735e-05,0.019852696277666837,0.0006502927930451818,1.1417003912189276e-06,0.0038061746716302296,1.1417424730097991e-06,1.0809293371494277e-06,1.657854369341294e-07,4.114205864880205e-09,1.374850739921385e-07,4.2265348554337834e-08,7.776588404340146e-07,0.0,-1.4433572559369168e-08,7.783208388900675e-07,4.3822681594640756e-10,2.1822764081913526e-11,2.2380090836104927e-10,3.229299139206887e-08,7.776588404340146e-07,3.026084982593602e-07,1.653472168072767e-07,4.091209149237329e-09,1.372612814520835e-07,9.972358938625803e-09,0.0,0.0
4.5260003389557824e-05,0.019852917466778308,0.0007462171183956201,1.1417034801467922e-06,0.003357638567482448,1.14174542886758e-06,1.08141523469385e-06,1.6628513321848004e-07,3.6310014994711537e-09,1.3747090576998744e-07,4.226538408147462e-08,7.776591814945277e-07,0.0,-1.4433846118322435e-08,7.78351704866509e-07,4.687304988593155e-10,6.199676189089232e-11,2.238155077938231e-10,3.229299494478255e-08,7.776591814945277e-07,3.0306350140563154e-07,1.6581640238655382e-07,3.5709690759944124e-09,1.3724709901907772e-07,9.972387360335233e-09,0.0,0.0
4.5262502680998296e-05,0.01985313865588978,0.0010567655510858032,1.1417074681481389e-06,0.0036626756852714743,1.1417494079069002e-06,1.0810902040248038e-06,1.6596861485140835e-07,3.959682803866826e-09,1.3746144134074711e-07,4.226544092489348e-08,7.776602046760672e-07,0.0,-1.4434056616607904e-08,7.78582830207597e-07,6.988002398955473e-10,4.046848620098409e-11,2.2383526976366142e-10,3.2293005602923586e-08,7.776602046760672e-07,3.025074306606257e-07,1.65269810281643e-07,3.916098112455302e-09,1.3723760616812797e-07,9.972433545613058e-09,0.0,0.0
4.526500197243877e-05,0.019853358389809728,0.0011565679013738617,1.1417123315924955e-06,0.003933197677406047,1.14175441012776e-06,1.0808035995069076e-06,1.6567226168717752e-07,4.2510142073126644e-09,1.3747094840255158e-07,4.226548711017131e-08,7.776603752063238e-07,0.0,-1.4434342610059048e-08,7.78644107413129e-07,7.598480178394595e-10,2.9063078332836056e-11,2.2385579501182917e-10,3.2293009155637264e-08,7.776603752063238e-07,3.021595205154881e-07,1.6491240728555567e-07,4.223857708041123e-09,1.3724709901907772e-07,9.972480619069302e-09,0.0,0.0
4.526750126387924e-05,0.0198535795789212,0.0008976312486235205,1.1417168752573431e-06,0.0034395779311372976,1.1417590712881065e-06,1.081339632946765e-06,1.6619539167095354e-07,3.719351937547799e-09,1.3748473293162533e-07,4.226553329544913e-08,7.77659465711622e-07,0.0,-1.4434583306410786e-08,7.784225317664095e-07,5.39195355031552e-10,5.6869117054381135e-11,2.23878554583834e-10,3.229301626106462e-08,7.77659465711622e-07,3.0291704433693667e-07,1.6565620342134935e-07,3.662257164194216e-09,1.3726084091558732e-07,9.97251614620609e-09,0.0,0.0
4.527000419329852e-05,0.019853799312841147,0.0006945721465009269,1.1417203738682769e-06,0.0038447364614947886,1.1417624818932381e-06,1.0809062587213702e-06,1.6576559858094697e-07,4.155799704363972e-09,1.3748173444128042e-07,4.226556526987224e-08,7.776588972774334e-07,0.0,-1.4434836437260401e-08,7.783248747728067e-07,4.420832588891699e-10,1.5318231058603082e-11,2.2390296561258793e-10,3.22930198137783e-08,7.776588972774334e-07,3.0258135552685417e-07,1.6532351310161175e-07,4.139964371319138e-09,1.372578282143877e-07,9.97254456791552e-09,0.0,0.0
4.527250348473899e-05,0.019854019046761096,0.0008256809899332695,1.1417237143800866e-06,0.003326485114710993,1.1417656651246944e-06,1.0814675306392019e-06,1.6633882182759407e-07,3.5974856427145596e-09,1.3746944205195177e-07,4.2265607902436386e-08,7.776592383379466e-07,0.0,-1.443510555532157e-08,7.783852993270557e-07,5.021633664448188e-10,3.026228226343797e-11,2.2392664111858807e-10,3.229302336649198e-08,7.776592383379466e-07,3.030821744687273e-07,1.6583665285452298e-07,3.5695713052064093e-09,1.3724550740334962e-07,9.972585424122826e-09,0.0,0.0
4.527500277617946e-05,0.019854238780681044,0.0010480549190268196,1.1417278316134489e-06,0.0035929284147583904,1.14176987153769e-06,1.0811842230395996e-06,1.6606115593731374e-07,3.8846175165474506e-09,1.374631182216035e-07,4.226565408771421e-08,7.776599773023918e-07,0.0,-1.4435323159034397e-08,7.785397997395194e-07,6.558882326146431e-10,2.308626380342904e-11,2.2394575083239943e-10,3.229303047191934e-08,7.776599773023918e-07,3.0264445172178966e-07,1.654052681487883e-07,3.85775589251125e-09,1.3723916936214664e-07,9.972624503973293e-09,0.0,0.0
4.5277502067619935e-05,0.019854458514600992,0.0010518381007083577,1.1417324457906958e-06,0.0040973729251131295,1.1417745326980366e-06,1.0806454611156369e-06,1.6551582859847258e-07,4.427807454021604e-09,1.3746942784109706e-07,4.226569316756468e-08,7.776601478326484e-07,0.0,-1.443564023873023e-08,7.785769184920355e-07,6.928020934715562e-10,6.419221491166249e-12,2.2395099663619078e-10,3.229303047191934e-08,7.776601478326484e-07,3.0206848578018253e-07,1.6482302100939705e-07,4.423430510769322e-09,1.3724546477078547e-07,9.97266269564534e-09,0.0,0.0
4.528000135906041e-05,0.01985467824852094,0.0008492073570354197,1.1417366230324e-06,0.0031356513880502657,1.1417787391110323e-06,1.0816853546202765e-06,1.6654429657592118e-07,3.391788183648714e-09,1.3748154970016913e-07,4.226573580012882e-08,7.77659465711622e-07,0.0,-1.4435899586828782e-08,7.784129820720409e-07,5.295491267709451e-10,3.3236222801713566e-11,2.2394787413393402e-10,3.2293034024633016e-08,7.77659465711622e-07,3.0327234412652615e-07,1.660147432858139e-07,3.360117295514442e-09,1.3725760084071226e-07,9.972699999138968e-09,0.0,0.0
4.5282504288479686e-05,0.019854896527249366,0.0007211217643587342,1.1417400507268384e-06,0.0037388811402385173,1.141782149716164e-06,1.0810383628268028e-06,1.6589554263646278e-07,4.041873946647456e-09,1.3748380922606884e-07,4.226576777455193e-08,7.776590109642711e-07,0.0,-1.4436106532400572e-08,7.783267506056291e-07,4.437800127377045e-10,8.399754850008101e-12,2.2394495979849438e-10,3.2293037577346695e-08,7.776590109642711e-07,3.027116122211737e-07,1.6545176606541645e-07,4.030226818940719e-09,1.3725986036661197e-07,9.972727532669978e-09,0.0,0.0
4.528500357992016e-05,0.019855116261169314,0.0008673376785577891,1.1417435411110391e-06,0.003479450847609274,1.141785446634458e-06,1.081320874618541e-06,1.6618895415376755e-07,3.762402833729084e-09,1.3747248317486083e-07,4.226581040711608e-08,7.776594088682032e-07,0.0,-1.4436419171204307e-08,7.783912110426172e-07,5.078540921132912e-10,4.747633883250835e-11,2.2394751331145102e-10,3.2293041130060374e-08,7.776594088682032e-07,3.0292963515421434e-07,1.6568110083881038e-07,3.7195224678043814e-09,1.3724853431540396e-07,9.972767500698865e-09,0.0,0.0
4.528750650933944e-05,0.01985533453989774,0.0011285387152289439,1.1417478976846525e-06,0.002834435965972556,1.141789880421129e-06,1.0820205034178798e-06,1.6689367043909442e-07,3.0669178308073697e-09,1.37466486194171e-07,4.2265853039680223e-08,7.776603752063238e-07,0.0,-1.4436610129564542e-08,7.786057381053979e-07,7.214362995888735e-10,2.5117279783826163e-11,2.2395783838558003e-10,3.229305178820141e-08,7.776603752063238e-07,3.034147653124819e-07,1.6617222797776776e-07,3.0395459482690512e-09,1.3724252312385943e-07,9.972803027835653e-09,0.0,0.0
4.52900021628011e-05,0.019855552818626165,0.0011473752667292558,1.1417528655207523e-06,0.003946488218404799,1.1417949963288265e-06,1.0808267916218028e-06,1.6568661465043988e-07,4.265470199271704e-09,1.3747988703016745e-07,4.226588501410333e-08,7.776602615194861e-07,0.0,-1.4436860595878898e-08,7.785864681864041e-07,7.022119552502204e-10,3.5947841925398905e-11,2.239760876765473e-10,3.229305178820141e-08,7.776602615194861e-07,3.0224032343539875e-07,1.649844136863976e-07,4.227428629377528e-09,1.3725590974900115e-07,9.972832337723503e-09,0.0,0.0
4.529250509222038e-05,0.01985577109735459,0.0008599713431252098,1.1417572471314075e-06,0.0033938450822354155,1.1417994301154977e-06,1.0814261486302712e-06,1.662689328441047e-07,3.6701928163296316e-09,1.3749794902651047e-07,4.22659240939538e-08,7.776592951813655e-07,0.0,-1.4437162576541596e-08,7.783574460518139e-07,4.741724790591206e-10,4.7966595972948056e-11,2.2400159505053807e-10,3.2293062446342446e-08,7.776592951813655e-07,3.030687025784573e-07,1.6579475925482257e-07,3.625835631737573e-09,1.3727395753448945e-07,9.972860759432933e-09,0.0,0.0
4.529500438366085e-05,0.019855989376083016,0.0006956464811018748,1.1417606427142133e-06,0.0033864011660884054,1.1418027270337916e-06,1.0814371762535302e-06,1.662827600057426e-07,3.662180114716307e-09,1.3749551897035417e-07,4.226595962109059e-08,7.776588972774334e-07,0.0,-1.443735708761551e-08,7.78279002133786e-07,3.960715366790879e-10,1.3056064909755527e-11,2.2402540933441628e-10,3.2293065999056125e-08,7.776588972774334e-07,3.031581741197442e-07,1.658866750631205e-07,3.645696855514302e-09,1.3727149905662372e-07,9.972891845677623e-09,0.0,0.0
4.5297503675101325e-05,0.019856207654811442,0.0009945291941005352,1.1417643320081853e-06,0.00392001519093981,1.141806251325761e-06,1.080865558833466e-06,1.6572924721458548e-07,4.237009409990833e-09,1.3747660432272824e-07,4.226600580636841e-08,7.776597499287163e-07,0.0,-1.4437636863817715e-08,7.784421427459165e-07,5.5838655921292e-10,6.560949006306771e-11,2.240455321267376e-10,3.229307665719716e-08,7.776597499287163e-07,3.024234160875494e-07,1.6517086010026105e-07,4.172823420134364e-09,1.3725255598728836e-07,9.97293181370651e-09,0.0,0.0
4.529999932856299e-05,0.019856424478348345,0.0013112656645499765,1.1417693315141516e-06,0.003317369020012515,1.1418113672334584e-06,1.0815195992108784e-06,1.6638200861507357e-07,3.58779961295852e-09,1.3747693117238668e-07,4.2266059097073594e-08,7.77660716266837e-07,0.0,-1.4437876671991035e-08,7.787093636579812e-07,8.245778504445411e-10,1.2473566450565965e-11,2.2406182464962399e-10,3.229308376262452e-08,7.77660716266837e-07,3.0281029239631607e-07,1.6555742377022398e-07,3.5757703464867063e-09,1.372528686260921e-07,9.972975334449075e-09,0.0,0.0
4.530250225798227e-05,0.01985664275707677,0.0010630629414869475,1.1417745141684415e-06,0.003791248832253743,1.1418167105148314e-06,1.081014147530368e-06,1.6585362061505293e-07,4.0983936244742836e-09,1.3750064908890636e-07,4.226609462421038e-08,7.776599204589729e-07,0.0,-1.4438102269309638e-08,7.784915965203254e-07,6.075929204207853e-10,7.982785266147374e-11,2.2407331545792886e-10,3.22930873153382e-08,7.776599204589729e-07,3.025226078534615e-07,1.6524602131084976e-07,4.016587507038594e-09,1.3727657233175705e-07,9.973003756158505e-09,0.0,0.0
4.530500154942274e-05,0.019856859580613673,0.0006019408261921377,1.1417781242885001e-06,0.003849842941715202,1.1418203484936384e-06,1.0809542345668888e-06,1.6578569272951427e-07,4.161504030264496e-09,1.3750980087934295e-07,4.226613725677453e-08,7.776587835905957e-07,0.0,-1.4438384710047103e-08,7.782474540363182e-07,3.6460598429322033e-10,4.245799545277151e-11,2.2407950495129114e-10,3.229310507890659e-08,7.776587835905957e-07,3.0270680895227997e-07,1.6542108483008633e-07,4.119862673235275e-09,1.3728570991133893e-07,9.973035730581614e-09,0.0,0.0
4.530750084086321e-05,0.019857076404150575,0.0006418590663379575,1.141780821139419e-06,0.0038115601983886934,1.1418227359172306e-06,1.0809976629388984e-06,1.6584674256137077e-07,4.1202876666091015e-09,1.3749203731094894e-07,4.2266172783911315e-08,7.776588972774334e-07,0.0,-1.4438643169967236e-08,7.782568900438491e-07,3.739140386205264e-10,5.24924999301124e-11,2.2408171151955258e-10,3.229310507890659e-08,7.776588972774334e-07,3.027407728950493e-07,1.6547282655210438e-07,4.0676382262461175e-09,1.3726794634294492e-07,9.973067705004723e-09,0.0,0.0
4.5310000132303685e-05,0.019857293227687478,0.0010669561387537385,1.1417845262529859e-06,0.003498610367278691,1.1418264875828754e-06,1.0813381550178747e-06,1.6620080600660003e-07,3.7831808796795485e-09,1.3747715854606213e-07,4.2266236732757534e-08,7.776602046760672e-07,0.0,-1.4438892748103171e-08,7.78503590481705e-07,6.19294338033427e-10,8.756357444683616e-11,2.2408784550176364e-10,3.2293122842474986e-08,7.776602046760672e-07,3.0283456453616964e-07,1.6558151116896624e-07,3.697840478267267e-09,1.372530675780581e-07,9.973112113925708e-09,0.0,0.0
4.5312503061722964e-05,0.01985751005122438,0.0012187166702730678,1.1417894821296123e-06,0.0031601091905160833,1.1418316034905729e-06,1.0817078646141454e-06,1.6655981482927018e-07,3.418314964420688e-09,1.3748709193350805e-07,4.226628291803536e-08,7.776610004839313e-07,0.0,-1.4439122786313874e-08,7.786798619235924e-07,7.947741353930837e-10,2.2504343874518717e-11,2.2410397149119632e-10,3.2293129947902344e-08,7.776610004839313e-07,3.030280311122624e-07,1.6576504435761308e-07,3.395276948481296e-09,1.3726298675464932e-07,9.973152970133015e-09,0.0,0.0
4.531500599114224e-05,0.019857726874761283,0.0009220904939724051,1.1417941239034241e-06,0.0034110497328609848,1.1418363783377572e-06,1.0814418374138768e-06,1.662751003550511e-07,3.6888518906152967e-09,1.375068592324169e-07,4.2266321997885825e-08,7.776598636155541e-07,0.0,-1.4439357265416675e-08,7.783866067256895e-07,5.0264131745692e-10,1.0543723533151805e-10,2.2412939559846023e-10,3.229314060604338e-08,7.776598636155541e-07,3.0305517384476843e-07,1.6577246242377441e-07,3.583394692086017e-09,1.3728272563184873e-07,9.973180503664025e-09,0.0,0.0
4.5317505282582715e-05,0.019857943698298186,0.0006149614328094799,1.141797456593776e-06,0.003088176228646794,1.1418395615692134e-06,1.0817927886819234e-06,1.6662413315771119e-07,3.3407667743290403e-09,1.3750978666848823e-07,4.226637528859101e-08,7.776588972774334e-07,0.0,-1.4439602402660512e-08,7.78241030729987e-07,3.579817831056431e-10,2.7074417360828384e-11,2.2415753975213448e-10,3.2293154816898095e-08,7.776588972774334e-07,3.035517863736459e-07,1.6626614751658053e-07,3.3148677136551896e-09,1.3728562464621064e-07,9.973219583514492e-09,0.0,0.0
4.532000093604438e-05,0.019858159066643566,0.000693220968102537,1.1418002740045674e-06,0.0033953591756373455,1.1418422900533187e-06,1.0814640063472325e-06,1.663119348904729e-07,3.6719587370726003e-09,1.3749290417308657e-07,4.226641792115515e-08,7.776591814945277e-07,0.0,-1.4439820894551758e-08,7.78256946887268e-07,3.735556586281774e-10,6.75782554915294e-11,2.241788976675707e-10,3.2293158369611774e-08,7.776591814945277e-07,3.0320711630338337e-07,1.659383741525744e-07,3.6015015414392337e-09,1.3726872793995426e-07,9.973260439721798e-09,0.0,0.0
4.532250386546366e-05,0.019858374434988946,0.001100885907213467,1.1418041379428592e-06,0.003599925988355282,1.1418460417189635e-06,1.0812470918608597e-06,1.6610945863249071e-07,3.89240950582348e-09,1.3747707328093384e-07,4.226648187000137e-08,7.776605457365804e-07,0.0,-1.4440097118040285e-08,7.785365028212254e-07,6.517389405935603e-10,6.318610218380982e-11,2.2420014456070447e-10,3.229317613318017e-08,7.776605457365804e-07,3.027105890396342e-07,1.6545772041354212e-07,3.831545303256689e-09,1.372528686260921e-07,9.973303960464364e-09,0.0,0.0
4.532500315690413e-05,0.01985859125852585,0.0012785512346127348,1.1418092971226285e-06,0.0031357572595070307,1.1418513850003364e-06,1.0817524298545322e-06,1.6660260371281765e-07,3.3921130349057194e-09,1.3748885407949274e-07,4.226651739713816e-08,7.776610004839313e-07,0.0,-1.4440311169039433e-08,7.786772471263248e-07,7.920463729327309e-10,2.974219481810536e-11,2.2423105039415248e-10,3.229317968589385e-08,7.776610004839313e-07,3.0307518272820744e-07,1.6581056172526587e-07,3.361095401999137e-09,1.3726462100294157e-07,9.973335046709053e-09,0.0,0.0
4.53275024483446e-05,0.019858806626871228,0.0009129227590705113,1.1418140168639082e-06,0.0038489705072317065,1.1418562735343585e-06,1.080988454305043e-06,1.6581527972903132e-07,4.1606926792781e-09,1.375134957015689e-07,4.2266556476988626e-08,7.776596930852975e-07,0.0,-1.4440541207250135e-08,7.783752948853362e-07,4.913239814996473e-10,8.962545289259438e-11,2.2426108192696859e-10,3.229319389674856e-08,7.776596930852975e-07,3.026131878414162e-07,1.6532395363810792e-07,4.0703214132520316e-09,1.372892342033083e-07,9.973362580240064e-09,0.0,0.0
4.5330001739785075e-05,0.019859020540025085,0.0006265449480308272,1.1418173099878331e-06,0.003068628828094188,1.141859343078977e-06,1.0818322380146128e-06,1.6666254509800638e-07,3.319741592733294e-09,1.3751073879575415e-07,4.226659910955277e-08,7.776589541208523e-07,0.0,-1.4440810325311304e-08,7.782579700688075e-07,3.747433752199214e-10,1.3675257107270689e-11,2.242777907834892e-10,3.229320100217592e-08,7.776589541208523e-07,3.0357426794580533e-07,1.662878048591665e-07,3.309787333094505e-09,1.3728646308663883e-07,9.973394554663173e-09,0.0,0.0
4.5332504669204354e-05,0.019859235908370465,0.0009473414460146046,1.141820699640918e-06,0.0032288309037887086,1.1418625263104332e-06,1.0816623898790567e-06,1.6651640066811524e-07,3.492504951907449e-09,1.3748631033649872e-07,4.226664174211692e-08,7.776597499287163e-07,0.0,-1.4440992401887343e-08,7.784033186908346e-07,5.192834495737486e-10,1.0332676381175077e-10,2.2428392476570025e-10,3.2293211660316956e-08,7.776597499287163e-07,3.03259128031641e-07,1.6599710761511233e-07,3.3846780933544096e-09,1.3726202041652869e-07,9.97343096997838e-09,0.0,0.0
4.533500032266602e-05,0.019859451276715845,0.0013703335737034195,1.1418256911792594e-06,0.003992668002302674,1.1418676422181306e-06,1.0808441857079742e-06,1.6570072602917207e-07,4.315451995751118e-09,1.3748220339948602e-07,4.2266705690963136e-08,7.776612847010256e-07,0.0,-1.4441269513554289e-08,7.788015068399545e-07,9.159129565894375e-10,3.223572797583785e-11,2.2428600643387142e-10,3.229323297659903e-08,7.776612847010256e-07,3.020427357114386e-07,1.647848222319226e-07,4.2845509362621215e-09,1.37257913479516e-07,9.973472714364107e-09,0.0,0.0
4.53375032520853e-05,0.019859665189869702,0.0012350715702282855,1.1418312644835736e-06,0.003159711834911886,1.1418734402468544e-06,1.081747200259997e-06,1.6657915580253757e-07,3.418009431044311e-09,1.3750710081694706e-07,4.226674832352728e-08,7.776609436405124e-07,0.0,-1.4441516427154966e-08,7.786821356603468e-07,7.968816717607297e-10,6.910814281946287e-11,2.2428607582281046e-10,3.229323652931271e-08,7.776609436405124e-07,3.0306509302135964e-07,1.657822679135279e-07,3.3501912355404784e-09,1.3728281089697703e-07,9.973512682392993e-09,0.0,0.0
4.534000618150458e-05,0.01985988055821508,0.0007475716518712261,1.1418355344694758e-06,0.003768792816142116,1.1418777603466879e-06,1.0810947514983127e-06,1.6590803397775744e-07,4.074422133015787e-09,1.3752747918260866e-07,4.226680161423246e-08,7.776592951813655e-07,0.0,-1.444170916187204e-08,7.782964530633762e-07,4.1288578112030905e-10,1.0068336442348169e-10,2.2429416657310242e-10,3.229326139830846e-08,7.776592951813655e-07,3.0279832685664587e-07,1.6549515180486196e-07,3.970579864898127e-09,1.3730318926263863e-07,9.973541104102424e-09,0.0,0.0
4.534250183496624e-05,0.01986009447136894,0.0005897634104652938,1.1418383952050854e-06,0.003646763683592821,1.1418803751439555e-06,1.081228560906311e-06,1.660498867295246e-07,3.942985049576464e-09,1.375198621644813e-07,4.226684069408293e-08,7.776588404340146e-07,0.0,-1.4441993378966345e-08,7.782510351717065e-07,3.6788527779663127e-10,1.9056593109079145e-11,2.2431034807368633e-10,3.229326850373582e-08,7.776588404340146e-07,3.02977554156314e-07,1.6568199612265744e-07,3.92759513800911e-09,1.3729554382280185e-07,9.973572190347113e-09,0.0,0.0
4.5345001126406714e-05,0.019860308384522796,0.0009659280748421928,1.1418417230338058e-06,0.0030167657337279354,1.1418835583754117e-06,1.081910568245803e-06,1.6675132030741224e-07,3.2638707292420577e-09,1.3749941274454613e-07,4.226689043207443e-08,7.776599204589729e-07,0.0,-1.4442194107289197e-08,7.784190074744401e-07,5.348103626623413e-10,1.3688832012359597e-10,2.2432154744844723e-10,3.229328626730421e-08,7.776599204589729e-07,3.034915891930723e-07,1.6621650900106033e-07,3.1259921318138595e-09,1.3727509440286667e-07,9.973603276591803e-09,0.0,0.0
4.5347504055825993e-05,0.019860522297676653,0.0013820089014995318,1.1418467455798424e-06,0.003728722438923776,1.1418886742831091e-06,1.0811480706252041e-06,1.6598737317963241e-07,4.031301070739346e-09,1.374992990577084e-07,4.2266940170065936e-08,7.776613983878633e-07,0.0,-1.444242325732148e-08,7.788469247316243e-07,9.612087792376656e-10,1.853276733465581e-11,2.2433316315684237e-10,3.2293307583586284e-08,7.776613983878633e-07,3.023011174718704e-07,1.6502616517755087e-07,4.011115883884031e-09,1.3727495229431952e-07,9.973634362836492e-09,0.0,0.0
4.5350003347266465e-05,0.01986073621083051,0.0012220010142159898,1.1418523158995799e-06,0.0034379455236235664,1.1418945859986707e-06,1.0814668485181755e-06,1.6627878096642235e-07,3.7180241108103473e-09,1.3752759286944638e-07,4.22669792499164e-08,7.776604320497427e-07,0.0,-1.4442696816274747e-08,7.786185847180604e-07,7.337632723647403e-10,1.1837796021207936e-10,2.2435094060302418e-10,3.229331468901364e-08,7.776604320497427e-07,3.028482638001151e-07,1.655450176940576e-07,3.6020852967055816e-09,1.3730323189520277e-07,9.973665449081182e-09,0.0,0.0
4.5352506276685745e-05,0.019860948668792844,0.0006774145139635257,1.1418563513591072e-06,0.003320378050125128,1.141898565037991e-06,1.08159736100788e-06,1.6639225464132323e-07,3.591312136563829e-09,1.3754632277596102e-07,4.2267036093335264e-08,7.776587267471768e-07,0.0,-1.444289399188392e-08,7.782572311043623e-07,3.7414071840657925e-10,1.0075614648163977e-10,2.2437454672008528e-10,3.229334311072307e-08,7.776587267471768e-07,3.033400730600988e-07,1.660181254692361e-07,3.4888016919865095e-09,1.373219475908627e-07,9.973692982612192e-09,0.0,0.0
4.535500193014741e-05,0.0198611625819467,0.0005720184819133223,1.141859024060634e-06,0.0035162661314790847,1.141900952461583e-06,1.08138829091331e-06,1.662006923197623e-07,3.802449022316523e-09,1.3752914185261034e-07,4.226707517318573e-08,7.776584425300825e-07,0.0,-1.444316044540983e-08,7.782305146974977e-07,3.4767733136931156e-10,5.436669170411079e-11,2.243971536364242e-10,3.229335021615043e-08,7.776584425300825e-07,3.031577762158122e-07,1.658530237591549e-07,3.749591748203329e-09,1.3730473824580258e-07,9.973723180678462e-09,0.0,0.0
4.535750485956669e-05,0.019861375039909035,0.0010710911192173267,1.1418625149778114e-06,0.003070200966263073,1.1419043630667147e-06,1.0818722557814908e-06,1.6670773561600072e-07,3.3215652450735433e-09,1.3750491234532092e-07,4.226713201660459e-08,7.776596362418786e-07,0.0,-1.4443381601836336e-08,7.784584568071296e-07,5.743707731653558e-10,1.6499990262985875e-10,2.2441395963745947e-10,3.229337508514618e-08,7.776596362418786e-07,3.0341385581778013e-07,1.6613336129012168e-07,3.1563602842510363e-09,1.3728049452765845e-07,9.97375781963683e-09,0.0,0.0
4.5360000513028353e-05,0.01986158749787137,0.001408156019106599,1.1418677823357628e-06,0.00368100028860195,1.1419098200349254e-06,1.0812191248987801e-06,1.660456092622553e-07,3.9799679107943575e-09,1.3751251515259355e-07,4.2267181754596095e-08,7.776609436405124e-07,0.0,-1.444360808733336e-08,7.788210609760426e-07,9.356685426453737e-10,3.1936054495362853e-11,2.244285590702333e-10,3.2293389296000896e-08,7.776609436405124e-07,3.0239803550102806e-07,1.6510993816609698e-07,3.945528348481275e-09,1.3728808312407637e-07,9.973792458595199e-09,0.0,0.0
4.536250344244763e-05,0.019861799955833703,0.001097224291962906,1.1418731052157204e-06,0.0037641755829878375,1.1419153906899737e-06,1.081134655578353e-06,1.6593374141393724e-07,4.069580672450002e-09,1.3754122107911826e-07,4.226722793987392e-08,7.776596930852975e-07,0.0,-1.4443885199000306e-08,7.784829563206586e-07,5.987702555998453e-10,1.4322706909375427e-10,2.2444143765731894e-10,3.229340350685561e-08,7.776596930852975e-07,3.026517561011133e-07,1.653349670505122e-07,3.928111613760166e-09,1.3731677483974636e-07,9.973825321196728e-09,0.0,0.0
4.5365002733888105e-05,0.019862012413796037,0.0006062221240910048,1.1418767243232653e-06,0.003256572327954162,1.141918914981943e-06,1.0816848998729256e-06,1.664758997321769e-07,3.522585112492038e-09,1.375506002432303e-07,4.226728833600646e-08,7.776583856866637e-07,0.0,-1.4444129448065723e-08,7.7820345723012e-07,3.206151732992879e-10,6.01758851082046e-11,2.2445832692508105e-10,3.2293424823137684e-08,7.776583856866637e-07,3.034814142210962e-07,1.6615528863894724e-07,3.46338735468521e-09,1.3732613979300368e-07,9.973862624690355e-09,0.0,0.0
4.5367502025328577e-05,0.01986222487175837,0.0006578303687376774,1.1418794099034345e-06,0.0033279051598270036,1.1419213024055352e-06,1.0816100939337048e-06,1.664209321461385e-07,3.599495812522946e-09,1.37530705046629e-07,4.226732386314325e-08,7.776584993735014e-07,0.0,-1.4444363038990105e-08,7.782113584653416e-07,3.283668337239476e-10,7.98149948910698e-11,2.2448241876471542e-10,3.229342837585136e-08,7.776584993735014e-07,3.03398792311782e-07,1.6609256192623434e-07,3.518753510789452e-09,1.3730621617469296e-07,9.973892822756625e-09,0.0,0.0
4.537000131676905e-05,0.019862435874529183,0.0011747509649566723,1.141883276700826e-06,0.0032605922529376653,1.1419251677580178e-06,1.0816862641149783e-06,1.6651155476665735e-07,3.5269378528823836e-09,1.3751463256994612e-07,4.2267387811989465e-08,7.776600341458106e-07,0.0,-1.4444620610731818e-08,7.785471325405524e-07,6.625780479829757e-10,1.247663500292262e-10,2.245051367033568e-10,3.2293456797560793e-08,7.776600341458106e-07,3.031391031527164e-07,1.6584898787641578e-07,3.4040492646880693e-09,1.3729012948715535e-07,9.973931014428672e-09,0.0,0.0
4.537250424618833e-05,0.019862648332491517,0.001454618732374513,1.1418888630061073e-06,0.0027661712901387615,1.1419309657867416e-06,1.082225026038941e-06,1.670393885433441e-07,2.9936197964985922e-09,1.3752445227055432e-07,4.226743399726729e-08,7.776611710141879e-07,0.0,-1.444485153712094e-08,7.788787570461864e-07,9.930896105458942e-10,1.5589446400454676e-11,2.2451775161247411e-10,3.229346745570183e-08,7.776611710141879e-07,3.033462405710452e-07,1.6604630559413636e-07,2.9779476662383786e-09,1.3729993497690884e-07,9.9739683179223e-09,0.0,0.0
4.537500717560761e-05,0.01986285933526233,0.0011891914351092048,1.1418944415188156e-06,0.003435011684272297,1.1419366501286277e-06,1.081509140021808e-06,1.6630418997465313e-07,3.7149965326221945e-09,1.3754507222074608e-07,4.2267473077117756e-08,7.776598636155541e-07,0.0,-1.4445095786186357e-08,7.785315574437845e-07,6.471868596591435e-10,1.2800320525752085e-10,2.2452897874281064e-10,3.2293478113842866e-08,7.776598636155541e-07,3.0297752573460457e-07,1.656569992292134e-07,3.5840443946000278e-09,1.373205407162459e-07,9.97399407509647e-09,0.0,0.0
4.537750282906927e-05,0.019863071793224663,0.0007352888435284699,1.1418985302304012e-06,0.003571946103540564,1.1419407428547856e-06,1.0813652124852524e-06,1.6615429387911718e-07,3.862578257241012e-09,1.375523766000697e-07,4.2267537025963975e-08,7.776585562169203e-07,0.0,-1.4445400431384314e-08,7.782553552715399e-07,3.722555041996145e-10,7.231618082137459e-11,2.245537783496232e-10,3.229350298283862e-08,7.776585562169203e-07,3.0310985721371253e-07,1.6578204053985246e-07,3.792226976884194e-09,1.3732781667386007e-07,9.974034043125357e-09,0.0,0.0
4.5380002120509744e-05,0.01986328134080395,0.0006307456613492413,1.1419013927226385e-06,0.0032518972378186126,1.1419433576520532e-06,1.081712525774492e-06,1.6651583223392663e-07,3.5176179746798653e-09,1.375383504864658e-07,4.226757965852812e-08,7.776583856866637e-07,0.0,-1.444562158781082e-08,7.782246029819362e-07,3.415956129071418e-10,5.080347600938673e-11,2.245850172499786e-10,3.2293506535552297e-08,7.776583856866637e-07,3.0348800805768406e-07,1.661742317082826e-07,3.465460585161395e-09,1.3731376213854674e-07,9.974073122975824e-09,0.0,0.0
4.538250504992902e-05,0.019863493798766285,0.0010239098343018949,1.1419049081699883e-06,0.003964671306860371,1.1419467682571849e-06,1.080947640730301e-06,1.6577091344061046e-07,4.2856020954218366e-09,1.3751727578892314e-07,4.226764716008802e-08,7.77659465711622e-07,0.0,-1.4445883600444631e-08,7.784226454532472e-07,5.385822343662028e-10,1.2955743422526922e-10,2.246134528371968e-10,3.229352785183437e-08,7.77659465711622e-07,3.025249952770537e-07,1.652323220469043e-07,4.154868893380126e-09,1.3729265901929466e-07,9.974120196432068e-09,0.0,0.0
4.538500070339069e-05,0.019863703346345574,0.0013525456246240575,1.1419098879748754e-06,0.0033697903035145283,1.1419518841648824e-06,1.081593268281722e-06,1.6641294564578857e-07,3.6447425078023343e-09,1.3751964900166058e-07,4.226770755622056e-08,7.77660716266837e-07,0.0,-1.4446169593895775e-08,7.787659797031665e-07,8.8064133763055e-10,3.2412270783988006e-11,2.2463260418437159e-10,3.2293538509975406e-08,7.77660716266837e-07,3.028273170002649e-07,1.655322989790875e-07,3.6160479055524775e-09,1.3729500381032267e-07,9.974166381709892e-09,0.0,0.0
4.538750363280997e-05,0.019863914349116385,0.0010931436754655424,1.141915048447064e-06,0.003041674551171951,1.141957341133093e-06,1.0819521776284091e-06,1.667490465706578e-07,3.290946404277406e-09,1.3754328165305196e-07,4.22677501887847e-08,7.776599204589729e-07,0.0,-1.4446373874932306e-08,7.785113211866701e-07,6.267685259686573e-10,1.1845430192281015e-10,2.2464013982315123e-10,3.2293545615402763e-08,7.776599204589729e-07,3.034409132851579e-07,1.6612227682344383e-07,3.170756102122141e-09,1.3731865067256877e-07,9.97420190884668e-09,0.0,0.0
4.539000292425044e-05,0.019864123896695673,0.000578865766126202,1.1419185521023743e-06,0.003387498094852686,1.1419607517382246e-06,1.0815824680321384e-06,1.663691335807016e-07,3.663858549884935e-09,1.3755474981280713e-07,4.2267807032203564e-08,7.776585562169203e-07,0.0,-1.4446671414702905e-08,7.782095394759381e-07,3.263324055424732e-10,1.0525044724651877e-10,2.2464316518089333e-10,3.2293574037112194e-08,7.776585562169203e-07,3.033729001344909e-07,1.660427955130217e-07,3.559486927429134e-09,1.3733010462146922e-07,9.974235659626629e-09,0.0,0.0
4.539250221569091e-05,0.019864334899466485,0.000480321106991477,1.1419207870160247e-06,0.003069448451823951,1.1419627981013036e-06,1.0819270528372726e-06,1.6672586866661732e-07,3.3209193173178164e-09,1.3754288374911994e-07,4.226784966476771e-08,7.776583288432448e-07,0.0,-1.4446900564735188e-08,7.781988529131922e-07,3.1587729654170005e-10,5.194427526999945e-11,2.2464627380536228e-10,3.229357758982587e-08,7.776583288432448e-07,3.0372822834578983e-07,1.664099897880078e-07,3.2682094808222928e-09,1.3731823855778202e-07,9.974272074941837e-09,0.0,0.0
4.539500150713138e-05,0.019864544447045773,0.0008944827306974212,1.1419236678841866e-06,0.003790076502738561,1.141965526585409e-06,1.0811528454723884e-06,1.6596850116457063e-07,4.097651995493834e-09,1.3752497807217878e-07,4.226791006090025e-08,7.776593520247843e-07,0.0,-1.4447146590157445e-08,7.783230557834031e-07,4.390192653858094e-10,1.7952531128351268e-10,2.2464971549673862e-10,3.2293598906107945e-08,7.776593520247843e-07,3.0282978968898533e-07,1.655294852298539e-07,3.916207802490135e-09,1.3730031866998615e-07,9.974312931149143e-09,0.0,0.0
4.5397500798571855e-05,0.019864753994625062,0.0013025335191165777,1.1419282716785547e-06,0.0034080357860815803,1.1419703014325933e-06,1.0815688256116118e-06,1.6638261968182633e-07,3.686025262794601e-09,1.3752524807841837e-07,4.226797400974647e-08,7.776609436405124e-07,0.0,-1.4447443241749625e-08,7.787267577441526e-07,8.411603080737962e-10,6.092085169662198e-11,2.2465225513190745e-10,3.229362022239002e-08,7.776609436405124e-07,3.0284203944574983e-07,1.655414507695241e-07,3.6282856719083156e-09,1.3730058867622574e-07,9.97435289917803e-09,0.0,0.0
4.5400003727991134e-05,0.01986496354220435,0.0012042836495567144,1.1419335246532488e-06,0.0033821737180507283,1.141975758400804e-06,1.0816019084813888e-06,1.6639489786030026e-07,3.6581655482592623e-09,1.375465785713459e-07,4.226802019502429e-08,7.776604320497427e-07,0.0,-1.4447631535574601e-08,7.785724847053643e-07,6.873941416074558e-10,1.2121233183837177e-10,2.2465421189998835e-10,3.2293627327817376e-08,7.776604320497427e-07,3.030294237760245e-07,1.6570750460687123e-07,3.533159764756988e-09,1.3732193338000798e-07,9.974392867206916e-09,0.0,0.0
4.5402503019431606e-05,0.01986517308978364,0.0007223430363872962,1.1419375618528311e-06,0.004380235262059905,1.1419797374401242e-06,1.0805307510963758e-06,1.6531033963929076e-07,4.732978897692419e-09,1.37561642077344e-07,4.2268098354725225e-08,7.776588404340146e-07,0.0,-1.4447920193561004e-08,7.782033435432822e-07,3.1988731108434365e-10,1.312812636378169e-10,2.2466001281529202e-10,3.229365219681313e-08,7.776588404340146e-07,3.0232743597480294e-07,1.6499043908879685e-07,4.601306446971876e-09,1.3733698267515138e-07,9.974443493376839e-09,0.0,0.0
4.540500231087208e-05,0.019865381182171404,0.0005102292434671085,1.1419401267419192e-06,0.0036910081375301045,1.1419821248637163e-06,1.0812748314492637e-06,1.6606462338586425e-07,3.990994201785725e-09,1.3755186500929995e-07,4.226814809271673e-08,7.776583288432448e-07,0.0,-1.4448187535265333e-08,7.781390536365507e-07,2.560194278800054e-10,4.6678331339089496e-11,2.2467283589122644e-10,3.2293659302240485e-08,7.776583288432448e-07,3.031358062344225e-07,1.6580860062731517e-07,3.9468042167811745e-09,1.373271913962526e-07,9.974486125940984e-09,0.0,0.0
4.540750160231255e-05,0.019865590729750693,0.000904861976480209,1.1419430920313153e-06,0.0036918561563085636,1.1419849670346593e-06,1.0812764230649918e-06,1.6608693442776712e-07,3.991917019163793e-09,1.375302218775687e-07,4.226820848884927e-08,7.776592383379466e-07,0.0,-1.4448417573476036e-08,7.782684861012967e-07,3.8458466966595495e-10,1.6633322497128233e-10,2.2469098803767906e-10,3.229367706580888e-08,7.776592383379466e-07,3.0300788012027624e-07,1.6570236027746432e-07,3.82458331671387e-09,1.3730553405366663e-07,9.97453142304039e-09,0.0,0.0
4.541000089375302e-05,0.01986579882213846,0.0014188062887434683,1.1419479274080921e-06,0.0033924643969088972,1.1419898555686814e-06,1.0816036137839546e-06,1.664170952153654e-07,3.6693017513300674e-09,1.3752548966294853e-07,4.2268279543122844e-08,7.776610004839313e-07,0.0,-1.4448703566927179e-08,7.78749438268278e-07,8.637119353060996e-10,7.482654079682405e-11,2.2470725280498982e-10,3.229370193480463e-08,7.776610004839313e-07,3.028541755156766e-07,1.6555338788748486e-07,3.5970144640629087e-09,1.3730078762819176e-07,9.974577608318214e-09,0.0,0.0
4.54125038231723e-05,0.019866008369717747,0.0014015382562746481,1.1419538373718138e-06,0.00320397433425987,1.1419959946579183e-06,1.0818126838785247e-06,1.6660597168538516e-07,3.466100073623579e-09,1.3754571170920826e-07,4.2268311517545953e-08,7.776610004839313e-07,0.0,-1.4448922058818425e-08,7.787336926412536e-07,8.479916213666172e-10,7.24705226384792e-11,2.247191044357777e-10,3.229370548751831e-08,7.776610004839313e-07,3.030789628155617e-07,1.6575798156281962e-07,3.3918405861754763e-09,1.3732099546359677e-07,9.974605141849224e-09,0.0,0.0
4.541500311461277e-05,0.019866216462105513,0.0009229806036792354,1.1419586745186135e-06,0.0037306341627682802,1.1420008831919404e-06,1.0812495929712895e-06,1.660247619383881e-07,4.03374667001799e-09,1.3756557848410012e-07,4.226837546639217e-08,7.776592383379466e-07,0.0,-1.4449214269518507e-08,7.782581405990641e-07,3.7418473874950564e-10,1.4906106904355454e-10,2.2473105321108022e-10,3.229373035651406e-08,7.776592383379466e-07,3.0299142395051604e-07,1.6565057592288213e-07,3.88429333142426e-09,1.373408480276339e-07,9.97464599805653e-09,0.0,0.0
4.5417502406053245e-05,0.019866423099301755,0.0006272254676318312,1.1419618778209754e-06,0.003408248290439907,1.1420039527365589e-06,1.0815996347446344e-06,1.663795217154984e-07,3.686360106058828e-09,1.3756169892076286e-07,4.226844296795207e-08,7.776584425300825e-07,0.0,-1.4449480723044417e-08,7.78145874846814e-07,2.6270255415461463e-10,2.487553565910794e-11,2.2474230809699236e-10,3.2293744567368776e-08,7.776584425300825e-07,3.034537598978204e-07,1.661168198552332e-07,3.6628500232893657e-09,1.3733695425344195e-07,9.974697512404873e-09,0.0,0.0
4.542000169749372e-05,0.01986663119168952,0.0008470046128294939,1.141964945581551e-06,0.003401620252609409,1.1420069085943396e-06,1.0816094118126784e-06,1.6640842659398913e-07,3.6792244806349572e-09,1.3754196004356345e-07,4.226849270594357e-08,7.776590109642711e-07,0.0,-1.4449724972109834e-08,7.782119837429491e-07,3.281912241970275e-10,1.0481043810628421e-10,2.2475045435843555e-10,3.2293751672796134e-08,7.776590109642711e-07,3.033974564914388e-07,1.6608024111519626e-07,3.5736202885772173e-09,1.3731721537624253e-07,9.974740144969019e-09,0.0,0.0
4.542250098893419e-05,0.019866839284077287,0.0011997915744998977,1.14196920480861e-06,0.0033654376572958746,1.142011228694173e-06,1.0816523854373372e-06,1.664547681912154e-07,3.6402336700547266e-09,1.37537242039798e-07,4.226856020750347e-08,7.776603752063238e-07,0.0,-1.4449986984743646e-08,7.785124580550473e-07,6.273062069794832e-10,5.208935019429539e-11,2.247580177527908e-10,3.2293772989078207e-08,7.776603752063238e-07,3.031399273822899e-07,1.6582745843152225e-07,3.5892853134100733e-09,1.3731248316162237e-07,9.974788106603683e-09,0.0,0.0
4.542500391835347e-05,0.019867047376465052,0.0011664879985602283,1.1419741288562747e-06,0.003203153234007076,1.1420162309150328e-06,1.081832124327775e-06,1.6661721247146488e-07,3.465274067693258e-09,1.375545366499864e-07,4.226861705092233e-08,7.776603752063238e-07,0.0,-1.4450233010165903e-08,7.784980766700755e-07,6.129319829462077e-10,5.156154322949469e-11,2.2476451255748486e-10,3.2293776541791885e-08,7.776603752063238e-07,3.0333404765769956e-07,1.660042698858888e-07,3.4130858139747033e-09,1.3732977777181077e-07,9.974841397308865e-09,0.0,0.0
4.542750320979394e-05,0.019867254013661295,0.0007785884822837374,1.1419781481077794e-06,0.0034458003298005768,1.1420203236411908e-06,1.0815742825798225e-06,1.6634496091683104e-07,3.726889019617374e-09,1.3757018280102784e-07,4.226867389434119e-08,7.776591246511089e-07,0.0,-1.4450520779973886e-08,7.781896442793368e-07,3.057827047125983e-10,7.894485065662593e-11,2.247693836610054e-10,3.22937907526466e-08,7.776591246511089e-07,3.0338460987877625e-07,1.6603918595592404e-07,3.647891766433986e-09,1.373454097119975e-07,9.97488314169459e-09,0.0,0.0
4.543000250123441e-05,0.019867460650857538,0.000567336294498233,1.1419809292890017e-06,0.0032075291957819473,1.1420229384384584e-06,1.0818334885698278e-06,1.6661154234043352e-07,3.4700124995623582e-09,1.3756327632563625e-07,4.226873073776005e-08,7.77658669903758e-07,0.0,-1.4450758811790365e-08,7.781036401866004e-07,2.2020814338663541e-10,2.288718346787899e-11,2.247739910865576e-10,3.229379430536028e-08,7.77658669903758e-07,3.0372981996151793e-07,1.6639133093576675e-07,3.4478875310384183e-09,1.373385032366059e-07,9.974936432399772e-09,0.0,0.0
4.5432501792674884e-05,0.01986766728805378,0.0008766634820354113,1.1419839131296537e-06,0.003257620801172934,1.1420257806094014e-06,1.0817819884323399e-06,1.6657948265219602e-07,3.5240355078514085e-09,1.3754299743595766e-07,4.2268784028465234e-08,7.77659465711622e-07,0.0,-1.4451004837212622e-08,7.782613806739391e-07,3.7713202005740243e-10,8.820540825515977e-11,2.247805691579785e-10,3.2293804963501316e-08,7.77659465711622e-07,3.035205793366913e-07,1.66202354989764e-07,3.435454587474851e-09,1.373182243469273e-07,9.974977288607079e-09,0.0,0.0
4.5435001084115356e-05,0.019867873925250024,0.0012648593911670503,1.1419883383124758e-06,0.003142354160526071,1.1420303280829103e-06,1.0819104545589653e-06,1.667089435386515e-07,3.3997458182000173e-09,1.3754090844031452e-07,4.22688231083157e-08,7.776606025799992e-07,0.0,-1.4451281948879569e-08,7.785836828588799e-07,6.982809885869301e-10,2.426534147226267e-11,2.2479254568885665e-10,3.229381562164235e-08,7.776606025799992e-07,3.033268001217948e-07,1.6601066477051063e-07,3.3759108841735497e-09,1.3731612114042946e-07,9.975007486673348e-09,0.0,0.0
4.5437504013534635e-05,0.019868080562446266,0.00109173965716014,1.141993207922676e-06,0.003371040478277901,1.1420354439906077e-06,1.0816686426551314e-06,1.6644618483496743e-07,3.646348778474362e-09,1.3756252315033635e-07,4.2268872846307204e-08,7.776599773023918e-07,0.0,-1.4451502217127654e-08,7.784108788655431e-07,5.261028834802062e-10,8.18001083535691e-11,2.2480456385309822e-10,3.229382272706971e-08,7.776599773023918e-07,3.032577922112978e-07,1.6592008478255593e-07,3.56305296378423e-09,1.3733772163959657e-07,9.975050119237494e-09,0.0,0.0
4.54399996669963e-05,0.01986828719964251,0.0006360005078063224,1.1419967780765112e-06,0.003556487933193296,1.1420389682825771e-06,1.081471964425873e-06,1.6623968690510083e-07,3.846241991567467e-09,1.3757362182786892e-07,4.226894390058078e-08,7.77658669903758e-07,0.0,-1.4451772223367243e-08,7.781209205859341e-07,2.3741342225491735e-10,7.78307765458841e-11,2.2481665140627882e-10,3.2293840490638104e-08,7.77658669903758e-07,3.0335107226164837e-07,1.6600226615537395e-07,3.768696466011079e-09,1.3734880610627442e-07,9.975103409942676e-09,0.0,0.0
4.544250259641558e-05,0.01986849238164723,0.0006162580267101703,1.1419993474856765e-06,0.0035308754890287374,1.1420413557061693e-06,1.0815016366905184e-06,1.6628465004941972e-07,3.818647620335014e-09,1.3755848726759723e-07,4.2268990085858604e-08,7.776584993735014e-07,0.0,-1.445201647243266e-08,7.781222279845679e-07,2.389195230545482e-10,3.657998556838571e-11,2.2482696260262003e-10,3.229384404335178e-08,7.776584993735014e-07,3.033794087059505e-07,1.6604573715994775e-07,3.78166564729554e-09,1.3733367154600273e-07,9.975146042506822e-09,0.0,0.0
4.5444998249877244e-05,0.019868699018843472,0.0010217173216098274,1.1420027321520115e-06,0.0035077602980490125,1.1420446526244632e-06,1.0815294899657601e-06,1.6632802157801052e-07,3.793746206071091e-09,1.375419032001446e-07,4.226905403470482e-08,7.776595793984598e-07,0.0,-1.4452289143207508e-08,7.783066848787712e-07,4.2224551632941143e-10,1.2811597616124715e-10,2.2483213901747234e-10,3.2293861806920177e-08,7.776595793984598e-07,3.032228619304078e-07,1.6590578866271244e-07,3.6666887304193096e-09,1.3731705905684066e-07,9.975189563249387e-09,0.0,0.0
4.544750117929652e-05,0.019868904200848192,0.0013175451062465982,1.1420075318975567e-06,0.0032239152566066335,1.1420495411584852e-06,1.0818400824064156e-06,1.6663449287079857e-07,3.487760746878621e-09,1.3754470273852348e-07,4.226911798355104e-08,7.776609436405124e-07,0.0,-1.4452544050413962e-08,7.786439937262912e-07,7.582222627533497e-10,2.428672367382756e-11,2.2483519213079006e-10,3.229387957048857e-08,7.776609436405124e-07,3.0319614552354324e-07,1.6587627271746896e-07,3.4635136980654124e-09,1.3731985859521956e-07,9.97523841306247e-09,0.0,0.0
4.5450000470736995e-05,0.019869109382852912,0.00118113448067092,1.1420126587384247e-06,0.003367306231377402,1.1420548844398581e-06,1.081690470527974e-06,1.6646714584567235e-07,3.642383061830401e-09,1.375632194822174e-07,4.226914995797415e-08,7.776601478326484e-07,0.0,-1.4452774976803084e-08,7.784418016854033e-07,5.568184802129394e-10,1.0124698995861436e-10,2.2484061834582292e-10,3.229388312320225e-08,7.776601478326484e-07,3.0324869726428005e-07,1.659103219253666e-07,3.5413096899361562e-09,1.3733837533891347e-07,9.975265946593481e-09,0.0,0.0
4.545250703813508e-05,0.019869314564857632,0.0007336197372964648,1.1420165874695146e-06,0.002957658528901091,1.1420587497923407e-06,1.0821358955581672e-06,1.6689955373294652e-07,3.2005884609276336e-09,1.375777145540269e-07,4.226921390682037e-08,7.77658669903758e-07,0.0,-1.445305297664845e-08,7.781278554830351e-07,2.4431581757689003e-10,9.003531253881647e-11,2.2484743233963655e-10,3.229391154491168e-08,7.77658669903758e-07,3.04008096918551e-07,1.6665522650782805e-07,3.111809476763483e-09,1.3735287041072297e-07,9.975302361908689e-09,0.0,0.0
4.5455002691596746e-05,0.019869519746862352,0.000515533542525759,1.142019150507256e-06,0.00339101229307058,1.1420611372159328e-06,1.0816706890182104e-06,1.6644285949496407e-07,3.667958603514876e-09,1.375695717342751e-07,4.226926009209819e-08,7.77658271999826e-07,0.0,-1.4453267915826018e-08,7.780591317896324e-07,1.760145501572552e-10,2.2626579429529947e-11,2.2485339978839392e-10,3.229391509762536e-08,7.77658271999826e-07,3.03611557228578e-07,1.6626684384846158e-07,3.6416880622169856e-09,1.3734471338011645e-07,9.975345882651254e-09,0.0,0.0
4.545750198303722e-05,0.019869724928867072,0.0008822309365612568,1.1420220184684356e-06,0.0038120338806105583,1.1420638657000381e-06,1.0812193522724556e-06,1.660134500980348e-07,4.121644803234403e-09,1.375466922581836e-07,4.2269313382803375e-08,7.776591814945277e-07,0.0,-1.4453565455596618e-08,7.782095963193569e-07,3.2553421069891897e-10,1.3074971660920198e-10,2.2485872885891212e-10,3.229393286119375e-08,7.776591814945277e-07,3.0300975595309865e-07,1.6568792204907368e-07,3.993041008953924e-09,1.3732183390402497e-07,9.975378745252783e-09,0.0,0.0
4.546000127447769e-05,0.01986992865568027,0.0013453556353901774,1.1420265566595697e-06,0.002949399881486216,1.1420685268603847e-06,1.0821536307048518e-06,1.6694924909188558e-07,3.1917037901507683e-09,1.3754363692441984e-07,4.226936312079488e-08,7.776607731102558e-07,0.0,-1.4453827468230429e-08,7.786566129652783e-07,7.709856086890454e-10,2.057699496904597e-11,2.248627950507398e-10,3.2293954177475825e-08,7.776607731102558e-07,3.034970461612829e-07,1.6617826759102172e-07,3.1719722404233153e-09,1.373187785702612e-07,9.975409831497473e-09,0.0,0.0
4.546250420389697e-05,0.01987013383768499,0.0011731917118131818,1.1420317242655066e-06,0.0036725984351460433,1.1420739838285954e-06,1.0813789685926167e-06,1.6614903586287255e-07,3.9714707078530864e-09,1.3756988437307882e-07,4.22694270696411e-08,7.776600909892295e-07,0.0,-1.4454039742872737e-08,7.784719855408184e-07,5.870168795496511e-10,9.03637373261823e-11,2.2486808248789458e-10,3.229396128290318e-08,7.776600909892295e-07,3.0290703989521717e-07,1.655620280871517e-07,3.878113830069196e-09,1.3734501180806546e-07,9.975464898559494e-09,0.0,0.0
4.5464999857358634e-05,0.019870337564498186,0.0005800895997046807,1.142035296169649e-06,0.0034419690952925256,1.1420775081205647e-06,1.0816307849381701e-06,1.6638304600746778e-07,3.7229397342741777e-09,1.375893106114745e-07,4.2269491018487315e-08,7.776583856866637e-07,0.0,-1.4454337282643337e-08,7.780635655763035e-07,1.8028803450143016e-10,1.0624866264574706e-10,2.248764785495183e-10,3.2293989704612613e-08,7.776583856866637e-07,3.0356719094015716e-07,1.6620275289369602e-07,3.6199214736853946e-09,1.3736443804646115e-07,9.975503090231541e-09,0.0,0.0
4.5467502786777914e-05,0.019870541291311383,0.0004603881044248914,1.1420374159017177e-06,0.00336271273728598,1.1420793271099683e-06,1.0817177553690271e-06,1.6648475309466448e-07,3.6375060741278276e-09,1.375750002807763e-07,4.226953365105146e-08,7.776580446261505e-07,0.0,-1.4454539787323029e-08,7.78049070504494e-07,1.6614913611601168e-10,2.1673459901783154e-11,2.2488752526861333e-10,3.229399681003997e-08,7.776580446261505e-07,3.0366871328624256e-07,1.6631861399218906e-07,3.6126379665546438e-09,1.373500992940535e-07,9.97553595283307e-09,0.0,0.0
4.5470002078218386e-05,0.01987074501812458,0.0009612404929070784,1.1420403121403546e-06,0.0039182715108427805,1.1420821692809113e-06,1.081121581592015e-06,1.6590956875006668e-07,4.2361278929092805e-09,1.3755288819083944e-07,4.2269611810752394e-08,7.776591814945277e-07,0.0,-1.4454819563525234e-08,7.782506372677744e-07,3.6655647961403304e-10,1.578778635602518e-10,2.2489667073077868e-10,3.2294018126322044e-08,7.776591814945277e-07,3.028710011676594e-07,1.6554299975268805e-07,4.0798853184753625e-09,1.3732798720411665e-07,9.975591019895091e-09,0.0,0.0
4.547250136965886e-05,0.019870948744937778,0.0013505821710242394,1.1420450219429946e-06,0.0031220251338755427,1.1420870578149334e-06,1.0819843510034843e-06,1.6676628433742735e-07,3.3779823382928953e-09,1.3755717986896343e-07,4.2269665101457576e-08,7.776608867970936e-07,0.0,-1.4455063812590652e-08,7.786972560097638e-07,8.114772187539643e-10,1.9205272788758165e-11,2.249046920921316e-10,3.2294042995317795e-08,7.776608867970936e-07,3.032870665720111e-07,1.6595480190062517e-07,3.3593554604749443e-09,1.3733226467138593e-07,9.9756229943182e-09,0.0,0.0
4.547500429907814e-05,0.019871152471750975,0.001177559314493426,1.1420501724450761e-06,0.0038662580848524792,1.1420924010963063e-06,1.0811871788973804e-06,1.6594462692864909e-07,4.180148671650841e-09,1.3758254624463007e-07,4.226970773402172e-08,7.776600341458106e-07,0.0,-1.4455289409909255e-08,7.784689159961999e-07,5.839554950703985e-10,1.1329861354658632e-10,2.2491326856499683e-10,3.229405010074515e-08,7.776600341458106e-07,3.027183197445993e-07,1.65360674486692e-07,4.064171221784818e-09,1.3735763104705256e-07,9.975658521454989e-09,0.0,0.0
4.54774999525398e-05,0.01987135474337265,0.0006969942538495033,1.142053964134978e-06,0.003380202577533984,1.142096152761951e-06,1.0817143447638955e-06,1.6645647349378123e-07,3.656413616326404e-09,1.3759947137259587e-07,4.226979299915001e-08,7.776583856866637e-07,0.0,-1.445560382506983e-08,7.781202953083266e-07,2.369963114645657e-10,9.753341190243958e-11,2.249176539459441e-10,3.229408207516826e-08,7.776583856866637e-07,3.035940494555689e-07,1.662194790696958e-07,3.5636142925454806e-09,1.3737455617501837e-07,9.975708259446492e-09,0.0,0.0
4.5479999243980274e-05,0.019871558470185846,0.000514383565680232,1.1420564320364054e-06,0.002918188712338069,1.1420984264987055e-06,1.0822146805367083e-06,1.6696924376446987e-07,3.1581066650687717e-09,1.3758736372437852e-07,4.226983918442784e-08,7.776581014695694e-07,0.0,-1.4455793007073225e-08,7.78073967921955e-07,1.9096246806071804e-10,2.4139908821885214e-11,2.2492004092544704e-10,3.229408918059562e-08,7.776581014695694e-07,3.041407410364627e-07,1.6677827829880698e-07,3.1312517023707187e-09,1.3736244852680102e-07,9.975747339296959e-09,0.0,0.0
4.548250217339955e-05,0.01987176074180752,0.0009106894386722852,1.1420593145546815e-06,0.0037270726109120736,1.1421011549828108e-06,1.081344976228138e-06,1.6612278841421357e-07,4.03025124384726e-09,1.375630489519608e-07,4.226989247513302e-08,7.776591246511089e-07,0.0,-1.445607367145385e-08,7.782321631566447e-07,3.481144816852577e-10,1.4225171041104545e-10,2.2492320506106722e-10,3.229411404959137e-08,7.776591246511089e-07,3.031128130714933e-07,1.6577467931710999e-07,3.888021904430161e-09,1.373381337543833e-07,9.975780201898488e-09,0.0,0.0
4.5485001464840025e-05,0.019871963013429195,0.001343810954200081,1.1420638747691869e-06,0.0029684175262292907,1.1421058161431574e-06,1.0821671594385407e-06,1.669439342322221e-07,3.2123239623871314e-09,1.3756259420460992e-07,4.2269967082120274e-08,7.776606594234181e-07,0.0,-1.4456364105797093e-08,7.786703122292238e-07,7.846816529877287e-10,1.741030410118416e-11,2.2492890883185623e-10,3.2294131813159765e-08,7.776606594234181e-07,3.034969324744452e-07,1.6615925346741278e-07,3.197127673715272e-09,1.373376647961777e-07,9.97583438078209e-09,0.0,0.0
4.54875007562805e-05,0.01987216528505087,0.0012025039491628808,1.1420690252416348e-06,0.003362285973926113,1.142111273111368e-06,1.0817475413205102e-06,1.6650146505980956e-07,3.6371445855110096e-09,1.3758609895830887e-07,4.227001682011178e-08,7.776599204589729e-07,0.0,-1.4456566610476784e-08,7.784771014485159e-07,5.92233651008911e-10,8.915706367629284e-11,2.2494255069727132e-10,3.229413891858712e-08,7.776599204589729e-07,3.0327038302857545e-07,1.6590922768955352e-07,3.544858850901278e-09,1.3736115533902193e-07,9.975877901524655e-09,0.0,0.0
4.5490003685699776e-05,0.019872367556672543,0.0007192410234253543,1.1420729123863553e-06,0.0035145619403685554,1.1421151384638506e-06,1.0815869018188096e-06,1.6632897370527644e-07,3.8013041603335296e-09,1.3759945716174116e-07,4.227007721624432e-08,7.776584425300825e-07,0.0,-1.4456885466529457e-08,7.781108024573768e-07,2.2740902216877856e-10,8.52803591633311e-11,2.24955498673296e-10,3.2294163787582875e-08,7.776584425300825e-07,3.034760709397233e-07,1.6610155739726906e-07,3.717900654010009e-09,1.373744993315995e-07,9.975913428661443e-09,0.0,0.0
4.5492506615119055e-05,0.019872569828294218,0.0005825781547050823,1.1420755455971182e-06,0.0033697789484352816,1.1421175258874428e-06,1.0817450402100803e-06,1.6649975975724374e-07,3.645241664074206e-09,1.3758713635070308e-07,4.22701305069495e-08,7.776581583129882e-07,0.0,-1.445711372838332e-08,7.780730015838344e-07,1.8988394190344593e-10,2.1482576134657094e-11,2.2496442209085643e-10,3.2294167340296553e-08,7.776581583129882e-07,3.036720386262459e-07,1.663098743165392e-07,3.621937416653509e-09,1.3736217852056143e-07,9.975961390296106e-09,0.0,0.0
4.549500226858072e-05,0.019872772099915892,0.0009719490867164948,1.1420786899645788e-06,0.0037461442747297874,1.1421205954320612e-06,1.081342134057195e-06,1.6611531350463338e-07,4.050863644522451e-09,1.3756768169059796e-07,4.227018379765468e-08,7.776591246511089e-07,0.0,-1.4457388175515007e-08,7.782481930007634e-07,3.6408495662776375e-10,1.1805847965895566e-10,2.249705699508553e-10,3.229418510386495e-08,7.776591246511089e-07,3.030939410564315e-07,1.657512171959752e-07,3.933838144121182e-09,1.373427096496016e-07,9.975997805611314e-09,0.0,0.0
4.549750156002119e-05,0.019872972916346043,0.001334023199788703,1.142083320735805e-06,0.0030927912966808575,1.1421253702792455e-06,1.0820508578035515e-06,1.6682088244124316e-07,3.3465574755808802e-09,1.3756947225829208e-07,4.2270229982932506e-08,7.776605457365804e-07,0.0,-1.4457653740862497e-08,7.786205173943017e-07,7.350016151264072e-10,2.9418256025648404e-11,2.2497788354503e-10,3.229419931471966e-08,7.776605457365804e-07,3.034303688309592e-07,1.6608586861366348e-07,3.3183829017957578e-09,1.3734450021729572e-07,9.976029780034423e-09,0.0,0.0
4.5500000851461664e-05,0.019873173732776195,0.0011802799668032549,1.1420883698696672e-06,0.0035814515022763037,1.1421305998737807e-06,1.0815290352184093e-06,1.6627868149043934e-07,3.873443787938413e-09,1.3759031958215928e-07,4.227027616821033e-08,7.776599773023918e-07,0.0,-1.4457866903683225e-08,7.784609579175594e-07,5.759596688470481e-10,8.823508590438678e-11,2.2498873597509572e-10,3.229420642014702e-08,7.776599773023918e-07,3.030680488791404e-07,1.6570272975968692e-07,3.78202047457421e-09,1.373653333303082e-07,9.976072412598569e-09,0.0,0.0
4.550250378088094e-05,0.01987337600439787,0.000740076245591581,1.14209225420532e-06,0.0037167783674962244,1.1421344652262633e-06,1.0813866992975818e-06,1.6612631270618294e-07,4.0192746908473964e-09,1.3760171668764087e-07,4.227034011705655e-08,7.776586130603391e-07,0.0,-1.445818043066538e-08,7.781374051774037e-07,2.5379975898687235e-10,9.59147067325361e-11,2.2500010188331032e-10,3.229422773642909e-08,7.776586130603391e-07,3.0324923727675923e-07,1.6587252105182415e-07,3.925949787486616e-09,1.3737671622493508e-07,9.976114156984295e-09,0.0,0.0
4.5505003072321415e-05,0.01987357682082802,0.0005832292238387993,1.1420949116201237e-06,0.0033247238298408296,1.1421369663366931e-06,1.0818114333233098e-06,1.6656200330089632e-07,3.5967242517642717e-09,1.3759111539002333e-07,4.2270375644193336e-08,7.776583288432448e-07,0.0,-1.4458406916162403e-08,7.780988653394161e-07,2.1556388618559907e-10,3.383668345513513e-11,2.2500976082362456e-10,3.229423128914277e-08,7.776583288432448e-07,3.0371253956218425e-07,1.6634643884572142e-07,3.561006822749846e-09,1.3736611492731754e-07,9.976144355050565e-09,0.0,0.0
4.5507506001740694e-05,0.019873777637258172,0.0009031096017219076,1.1420978964326933e-06,0.004014305707046259,1.1421398085076362e-06,1.0810709909492289e-06,1.6583823025939637e-07,4.339749448689645e-09,1.3757356498445006e-07,4.22704324876122e-08,7.776591246511089e-07,0.0,-1.4458673369688313e-08,7.782374495945987e-07,3.533104364628059e-10,1.2677227323454332e-10,2.250149788718403e-10,3.229424549999749e-08,7.776591246511089e-07,3.028334845112113e-07,1.6548491998946702e-07,4.213358106852638e-09,1.3734855031088955e-07,9.97618698761471e-09,0.0,0.0
4.5510005293181166e-05,0.019873978453688323,0.0013158708918435957,1.1421023525101062e-06,0.002986801092323032,1.142144355981145e-06,1.0821826208484708e-06,1.6695224758223048e-07,3.232264234043214e-09,1.3756975647538638e-07,4.227049288374474e-08,7.776606025799992e-07,0.0,-1.4458960251317876e-08,7.786357514305564e-07,7.501362864203998e-10,5.1080192159380644e-11,2.2501893404136553e-10,3.229426326356588e-08,7.776606025799992e-07,3.035468694179144e-07,1.6620211340523383e-07,3.1846361103760046e-09,1.3734474180182588e-07,9.976230508357276e-09,0.0,0.0
4.551250458462164e-05,0.019874177814926952,0.00129010515320227,1.142107547816228e-06,0.0032618474236358963,1.142149699262518e-06,1.0818911277965526e-06,1.6664394308918418e-07,3.5289637878577196e-09,1.3758676686848048e-07,4.2270531963595204e-08,7.776603752063238e-07,0.0,-1.4459160979640728e-08,7.785885145494831e-07,7.030944715324949e-10,7.258159351319904e-11,2.250242214785203e-10,3.229426681627956e-08,7.776603752063238e-07,3.033025848253601e-07,1.6594084684129484e-07,3.452535590753314e-09,1.3736173798406526e-07,9.976266035494064e-09,0.0,0.0
4.551500387606211e-05,0.019874378631357104,0.0008528194631977071,1.1421118511609436e-06,0.003547822562390573,1.1421540193623514e-06,1.0815866744451341e-06,1.6632448307518644e-07,3.837277606777434e-09,1.3760329409251426e-07,4.2270592359727743e-08,7.776589541208523e-07,0.0,-1.44594798356934e-08,7.782140869494469e-07,3.301022788448904e-10,1.093027751641884e-10,2.2502941177116043e-10,3.2294284579847954e-08,7.776589541208523e-07,3.0337264433910605e-07,1.65994379131007e-07,3.730794340128796e-09,1.3737826520809904e-07,9.97630422716611e-09,0.0,0.0
4.551750316750258e-05,0.019874577992595732,0.000612248431087703,1.1421147719384445e-06,0.002791753138965282,1.1421568615332944e-06,1.0824046512425411e-06,1.6714896844405303e-07,3.0218065827369855e-09,1.375972544792603e-07,4.2270645650432925e-08,7.776584425300825e-07,0.0,-1.4459740960148793e-08,7.781271165185899e-07,2.4364382733566003e-10,2.7365687840785746e-11,2.2503739149914992e-10,3.229429523798899e-08,7.776584425300825e-07,3.0427753472395125e-07,1.669053233399609e-07,2.994269054923393e-09,1.3737222559484508e-07,9.976349524265515e-09,0.0,0.0
4.551999882096425e-05,0.01987477735383436,0.0008754140387646492,1.142117737760771e-06,0.0035275040725621072,1.1421597037042375e-06,1.0816136182256741e-06,1.663738089519029e-07,3.815396443229702e-09,1.375807983095001e-07,4.2270674072142356e-08,7.776590109642711e-07,0.0,-1.4459978103786852e-08,7.782275019962981e-07,3.434615369890537e-10,8.45296818652308e-11,2.2504738350637155e-10,3.229430234341635e-08,7.776590109642711e-07,3.0338608780766663e-07,1.6603034680429118e-07,3.728473974007329e-09,1.3735574100337544e-07,9.976373505082847e-09,0.0,0.0
4.552250538836233e-05,0.019874978170264512,0.0012177421803017952,1.1421219411623677e-06,0.0034057777832631753,1.1421639101172332e-06,1.0817486781888874e-06,1.6651097212161403e-07,3.684195615250019e-09,1.3757750139120617e-07,4.227072381013386e-08,7.776602615194861e-07,0.0,-1.4460289854412167e-08,7.784998388160602e-07,6.145283171221649e-10,5.5135843807230245e-11,2.2505881880352518e-10,3.229431655427106e-08,7.776602615194861e-07,3.0324889621624607e-07,1.6589643792030984e-07,3.6311833540025873e-09,1.3735244408508152e-07,9.976406367684376e-09,0.0,0.0
4.5525004679802805e-05,0.01987517753150314,0.0011993549135077552,1.1421267599170726e-06,0.0032518642810379014,1.142168912338093e-06,1.0819193221323076e-06,1.666680731204906e-07,3.5182547986067902e-09,1.3759077432951017e-07,4.2270769995411683e-08,7.776604320497427e-07,0.0,-1.4460555419759658e-08,7.785334901200258e-07,6.479436431838792e-10,2.751488793750756e-11,2.2507584684916537e-10,3.229432010698474e-08,7.776604320497427e-07,3.0338583201228175e-07,1.6602012919975095e-07,3.489386113386672e-09,1.373657028125308e-07,9.976451664783781e-09,0.0,0.0
4.552750397124328e-05,0.019875375437550247,0.0009253895674152801,1.142130964914886e-06,0.0035328796127130956,1.1421731187510886e-06,1.081620212062262e-06,1.663588449218878e-07,3.821233995893181e-09,1.3760195827217103e-07,4.227080907526215e-08,7.77659465711622e-07,0.0,-1.4460831643248184e-08,7.782719535498472e-07,3.8742575814154634e-10,6.34018254563884e-11,2.2509555330785247e-10,3.22943272124121e-08,7.77659465711622e-07,3.033482869341242e-07,1.6597142860064196e-07,3.758162669953435e-09,1.3737685833348223e-07,9.976480974671631e-09,0.0,0.0
4.553000326268375e-05,0.019875574798788875,0.0007554675634864338,1.1421343158924817e-06,0.003493549610980415,1.1421764156693825e-06,1.081665573110513e-06,1.6640883870877587e-07,3.77885234215114e-09,1.3759786554601305e-07,4.227084815511262e-08,7.776588972774334e-07,0.0,-1.4461077668670441e-08,7.781763429193234e-07,2.923092601303523e-10,1.6171843378320894e-11,2.2511120745249968e-10,3.229433431783946e-08,7.776588972774334e-07,3.034892870346084e-07,1.6611653563813888e-07,3.761221112341673e-09,1.3737276560732425e-07,9.97651472545158e-09,0.0,0.0
4.553250255412422e-05,0.019875774160027504,0.0008418118095363525,1.142137500248424e-06,0.004183015066092774,1.142179485214001e-06,1.0809256991706206e-06,1.6568075977829722e-07,4.521528484957571e-09,1.3758571526523156e-07,4.227089078767676e-08,7.776592383379466e-07,0.0,-1.4461341457661092e-08,7.782218744978309e-07,3.3752392547548027e-10,4.6322154445554986e-11,2.251224207050484e-10,3.2294337870553136e-08,7.776592383379466e-07,3.027038246727898e-07,1.6534323776795645e-07,4.473772463597925e-09,1.3736058690483333e-07,9.976555581658886e-09,0.0,0.0
4.55350054835435e-05,0.01987597206607461,0.001099021694543012,1.1421413412752929e-06,0.003738390541780915,1.1421833505664836e-06,1.0814080724230735e-06,1.6617222797776776e-07,4.042725709751949e-09,1.3757571082351205e-07,4.2270940525668266e-08,7.776600909892295e-07,0.0,-1.4461628339290655e-08,7.784244075992319e-07,5.391767032847383e-10,2.8818029559896097e-11,2.2513403641344354e-10,3.2294344975980493e-08,7.776600909892295e-07,3.029836364021321e-07,1.6563305393901828e-07,4.017235877284975e-09,1.3735058246311382e-07,9.976594661509353e-09,0.0,0.0
4.553750477498397e-05,0.019876169972121716,0.0011594026261150248,1.1421458108335929e-06,0.0034789658341025844,1.1421878980399924e-06,1.0816919484568643e-06,1.6644816014377284e-07,3.763169331705285e-09,1.3758364048044314e-07,4.227097960551873e-08,7.776601478326484e-07,0.0,-1.4461838837576124e-08,7.784550462019979e-07,5.697384231062586e-10,3.076989357753135e-11,2.2514597131095826e-10,3.2294344975980493e-08,7.776601478326484e-07,3.0323690225486644e-07,1.6587841855653096e-07,3.73021924460204e-09,1.373584979091902e-07,9.97663374135982e-09,0.0,0.0
4.554000042844564e-05,0.01987636787816882,0.0008318562894054082,1.1421497516554002e-06,0.003922735909662479,1.1421919907661504e-06,1.0812174195962143e-06,1.659581840840474e-07,4.241330398002674e-09,1.3760008243934863e-07,4.2271029343510236e-08,7.776592383379466e-07,0.0,-1.4462128383740946e-08,7.782211355333857e-07,3.3676614275002237e-10,5.6306400514349875e-11,2.251561437294214e-10,3.229435563412153e-08,7.776592383379466e-07,3.029963409062475e-07,1.6562141524900653e-07,4.186454294341502e-09,1.3737492565724096e-07,9.976672821210286e-09,0.0,0.0
4.5542503357864916e-05,0.019876565784215927,0.0006480942600290973,1.1421526805670317e-06,0.0030400842605038617,1.1421947192502557e-06,1.0821713658515364e-06,1.669190652364705e-07,3.289892136493222e-09,1.3759353123532492e-07,4.2271064870647024e-08,7.776587835905957e-07,0.0,-1.4462377073698462e-08,7.78142180024588e-07,2.582010716345451e-10,1.7575753352705448e-11,2.251677178044531e-10,3.229435918683521e-08,7.776587835905957e-07,3.0402924267036724e-07,1.6666086821714998e-07,3.2740015143417622e-09,1.3736836024236254e-07,9.976704795633395e-09,0.0,0.0
4.5545006287284195e-05,0.019876763690263033,0.0009482077911329156,1.142155839745321e-06,0.0036432921505302534,1.1421977887948742e-06,1.081523805623874e-06,1.662903343913058e-07,3.940307191641068e-09,1.3757390604496322e-07,4.227110039778381e-08,7.776595225550409e-07,0.0,-1.4462588460162351e-08,7.782855959703738e-07,4.008801346433444e-10,7.138170610154759e-11,2.2518009679117768e-10,3.2294366292262566e-08,7.776595225550409e-07,3.032381812317908e-07,1.6588946039064467e-07,3.8651526423905125e-09,1.3734872084114613e-07,9.976734105521246e-09,0.0,0.0
4.554750557872467e-05,0.01987696159631014,0.0012179435705803598,1.1421601266898554e-06,0.003777873984671272,1.1422022225815454e-06,1.0813828339450993e-06,1.6614751530141803e-07,4.085328075831285e-09,1.3757475869624614e-07,4.227114303034796e-08,7.776605457365804e-07,0.0,-1.446288777628979e-08,7.785205866639444e-07,6.34847008296191e-10,3.0780062526547525e-11,2.2518770181889636e-10,3.2294373397689924e-08,7.776605457365804e-07,3.0286224728115485e-07,1.655126737887258e-07,4.057371771892804e-09,1.3734955928157433e-07,9.976766968122774e-09,0.0,0.0
4.555000487016514e-05,0.019877159502357244,0.0010506296285157646,1.1421646163333994e-06,0.0032798501751499258,1.1422067700550542e-06,1.0819239832926542e-06,1.6667208058152028e-07,3.548548566101317e-09,1.3759169803506666e-07,4.2271178557484745e-08,7.776601478326484e-07,0.0,-1.4463100939110518e-08,7.784025228829705e-07,5.171620909294461e-10,5.909602668330294e-11,2.2519643094742747e-10,3.22943769504036e-08,7.776601478326484e-07,3.035214319879742e-07,1.6615491915672465e-07,3.488379807237152e-09,1.3736649862039485e-07,9.976800718902723e-09,0.0,0.0
4.5552500523626804e-05,0.019877355953212827,0.0007424474923380942,1.1421681388487445e-06,0.0038414220093649647,1.1422102943470236e-06,1.0813218978000805e-06,1.660631738786833e-07,4.153813737417522e-09,1.3759952821601473e-07,4.227122119004889e-08,7.776591814945277e-07,0.0,-1.446336117538749e-08,7.781956128383172e-07,3.112110291692005e-10,5.994491014682524e-11,2.2521286224819193e-10,3.229438760854464e-08,7.776591814945277e-07,3.031262849617633e-07,1.6575195616042038e-07,4.0934384770707766e-09,1.373743145904882e-07,9.976833581504252e-09,0.0,0.0
4.5555003453046083e-05,0.01987755240406841,0.0006925415331267004,1.1421709578969624e-06,0.0032163982026124907,1.142213022831129e-06,1.081997993424011e-06,1.6674691494245053e-07,3.48013640127931e-09,1.3759203909557982e-07,4.227126026989936e-08,7.776590109642711e-07,0.0,-1.4463632957983918e-08,7.781833346598432e-07,2.990950542791637e-10,4.15489691263371e-11,2.252332625962694e-10,3.229439116125832e-08,7.776590109642711e-07,3.0381463034245826e-07,1.6644781908325967e-07,3.441455564967555e-09,1.3736681125919858e-07,9.97687088499788e-09,0.0,0.0
4.555750638246536e-05,0.019877750310115516,0.000914959788218539,1.1421741392392846e-06,0.0032470371766907926,1.1422160923757474e-06,1.081967752725177e-06,1.6672778713200387e-07,3.5131895170792404e-09,1.3758021566445677e-07,4.227131000789086e-08,7.776597499287163e-07,0.0,-1.4463831021771512e-08,7.783228284097277e-07,4.3782336089925877e-10,9.254927380020206e-11,2.252481534625872e-10,3.2294398266685675e-08,7.776597499287163e-07,3.036449243154493e-07,1.662899649090832e-07,3.417772509450856e-09,1.373549594063661e-07,9.976909964848346e-09,0.0,0.0
4.5560005673905835e-05,0.0198779467609711,0.0011234602335311594,1.1421781437328576e-06,0.003744504790718015,1.1422201851019054e-06,1.081435243577289e-06,1.661942405917216e-07,4.049439450426462e-09,1.3758041461642279e-07,4.227134908774133e-08,7.776606025799992e-07,0.0,-1.4464109909795297e-08,7.785420166328549e-07,6.56132814746968e-10,4.3884586936604464e-11,2.2525853404786744e-10,3.229440537211303e-08,7.776606025799992e-07,3.028932553661434e-07,1.6553811121866602e-07,4.006536880041267e-09,1.373551441474774e-07,9.976943715628295e-09,0.0,0.0
4.5562504965346307e-05,0.019878143211826682,0.0009940917595570031,1.1421823036818655e-06,0.0032326374426911685,1.1422245052017388e-06,1.08199105852691e-06,1.667331446242315e-07,3.4976848084511403e-09,1.3759786554601305e-07,4.2271391720305473e-08,7.776600341458106e-07,0.0,-1.446433728347074e-08,7.784003059896349e-07,5.150228021832959e-10,9.562894226489149e-11,2.25268026454728e-10,3.229441247754039e-08,7.776600341458106e-07,3.0359072411556554e-07,1.6621812903849786e-07,3.4023908135338843e-09,1.3737259507706767e-07,9.976981019121922e-09,0.0,0.0
4.556500061880797e-05,0.019878338207490742,0.0006542410094408369,1.1421855178592943e-06,0.00374682149902801,1.142227688433195e-06,1.08143967736396e-06,1.661717021761433e-07,4.0519614330492004e-09,1.3760899264525506e-07,4.227143435286962e-08,7.776590109642711e-07,0.0,-1.4464563768967764e-08,7.781969770803698e-07,3.1269287159574333e-10,7.059212936422199e-11,2.2527679721662253e-10,3.229442313568143e-08,7.776590109642711e-07,3.0324272870529967e-07,1.6585900652899e-07,3.979389706643133e-09,1.3738372217630967e-07,9.977011217188192e-09,0.0,0.0
4.556750354822725e-05,0.019878534658346325,0.0006822093231406978,1.1421881433274072e-06,0.003597932592312028,1.1422300758567872e-06,1.081602249541902e-06,1.6634774624435522e-07,3.891531985544816e-09,1.3759550654413033e-07,4.227146632729273e-08,7.776590109642711e-07,0.0,-1.4464835551564192e-08,7.782076067996968e-07,3.2330965682447754e-10,7.885981451183355e-11,2.2528859333625917e-10,3.229442313568143e-08,7.776590109642711e-07,3.033946427422052e-07,1.6602443508872966e-07,3.814743632091222e-09,1.3737020765347552e-07,9.977040527076042e-09,0.0,0.0
4.557000283966772e-05,0.019878731109201908,0.0011160959702705142,1.1421916761135422e-06,0.0034606736361091155,1.1422336001487565e-06,1.0817534530360717e-06,1.665121658334101e-07,3.743595655691934e-09,1.3758113937001326e-07,4.227151251257055e-08,7.776601478326484e-07,0.0,-1.4465046938028081e-08,7.784844910929678e-07,5.99036154014243e-10,1.0399995448162613e-10,2.2530008414456404e-10,3.229443734653614e-08,7.776601478326484e-07,3.0326896194310393e-07,1.6591312146374548e-07,3.6384102397590823e-09,1.3735584047935845e-07,9.977073389677571e-09,0.0,0.0
4.5572505769087e-05,0.019878926104865968,0.0013082638439403382,1.142196403510061e-06,0.0035685848255469364,1.1422384886827786e-06,1.0816416988745914e-06,1.663900661696971e-07,3.859930153282676e-09,1.3759083117292903e-07,4.227154803970734e-08,7.776608299536747e-07,0.0,-1.446531605608925e-08,7.786905484863382e-07,8.044264698803261e-10,3.994292743780825e-11,2.2531056187435894e-10,3.22944444519635e-08,7.776608299536747e-07,3.0295115038825315e-07,1.6558564652768837e-07,3.821137184445433e-09,1.373655180714195e-07,9.97710536410068e-09,0.0,0.0
4.5575005060527474e-05,0.01987912110053003,0.001017153609422894,1.1422009379732664e-06,0.003280389647496851,1.1422431498431251e-06,1.0819568387887557e-06,1.6668776936512586e-07,3.5492400130010537e-09,1.3760924844063993e-07,4.227158356684413e-08,7.776597499287163e-07,0.0,-1.4465530995266818e-08,7.784172453284555e-07,5.321595941687463e-10,1.0307433379042052e-10,2.25325216818284e-10,3.229445155739086e-08,7.776597499287163e-07,3.035395366168814e-07,1.661556154886057e-07,3.445782326139124e-09,1.373839211282757e-07,9.977132897631691e-09,0.0,0.0
4.557750071398914e-05,0.01987931609619409,0.0006745949079418889,1.142204236809522e-06,0.0036657248940043822,1.1422463330745813e-06,1.0815443829415017e-06,1.662732245222287e-07,3.964644168519271e-09,1.37612389039532e-07,4.2271626199408274e-08,7.776587267471768e-07,0.0,-1.446576280983436e-08,7.782245461385173e-07,3.4044850272252347e-10,5.78045181165443e-11,2.2533948318415042e-10,3.229446576824557e-08,7.776587267471768e-07,3.033198083812749e-07,1.659327750758166e-07,3.906101220252367e-09,1.3738704751631303e-07,9.977160431162702e-09,0.0,0.0
4.558000364340842e-05,0.01987951109185815,0.0006894433769337738,1.1422068966250337e-06,0.0034346157483914528,1.142248947871849e-06,1.0817956308528665e-06,1.6653751799822203e-07,3.715552310268322e-09,1.37599414529177e-07,4.227166172654506e-08,7.776587267471768e-07,0.0,-1.4466019493397653e-08,7.782293209857016e-07,3.4522154579441633e-10,6.369051813726045e-11,2.2535659449651746e-10,3.229446932095925e-08,7.776587267471768e-07,3.035663667105837e-07,1.6619229370462563e-07,3.652810942611495e-09,1.3737405879510334e-07,9.97719329376423e-09,0.0,0.0
4.558250293484889e-05,0.01987970608752221,0.0010129297555359074,1.1422102161788282e-06,0.003665794192093056,1.1422521311033051e-06,1.0815494988491992e-06,1.6630390575755882e-07,3.96473787134255e-09,1.3758595684976171e-07,4.227170435910921e-08,7.776596362418786e-07,0.0,-1.4466231768039961e-08,7.784223043927341e-07,5.372785549795367e-10,9.328170180733508e-11,2.2537464949845543e-10,3.229447997910029e-08,7.776596362418786e-07,3.031271944564651e-07,1.6576662176248647e-07,3.869886633367514e-09,1.373605726939786e-07,9.977221715473661e-09,0.0,0.0
4.558500222628936e-05,0.01987990108318627,0.0011936252751327814,1.142214518865463e-06,0.003501611849372181,1.1422565648899763e-06,1.081730488294852e-06,1.6647830136662378e-07,3.787800295640409e-09,1.3759195383045153e-07,4.2271739886245996e-08,7.776602615194861e-07,0.0,-1.4466512432420586e-08,7.786027254041983e-07,7.170598004258011e-10,3.820643454388595e-11,2.2539162203294438e-10,3.2294487084527645e-08,7.776602615194861e-07,3.0312781973407255e-07,1.6576125005940412e-07,3.752071542351132e-09,1.373665554638137e-07,9.97725457807519e-09,0.0,0.0
4.5587501517729834e-05,0.019880094623658806,0.0009420777755302367,1.1422186523152394e-06,0.003411002456928128,1.1422608849898097e-06,1.0818322380146128e-06,1.6656126433645113e-07,3.6901324218518994e-09,1.3761162165337737e-07,4.227177896609646e-08,7.776593520247843e-07,0.0,-1.4466701614423982e-08,7.783703495078953e-07,4.856010593634608e-10,1.0432546493355233e-10,2.254095798903677e-10,3.2294494189955e-08,7.776593520247843e-07,3.034618885067175e-07,1.6607566521997796e-07,3.5825782340737078e-09,1.3738622328673955e-07,9.97728388796304e-09,0.0,0.0
4.5590000809170306e-05,0.019880288164131343,0.0005957823091264913,1.142221628696914e-06,0.004395649357903374,1.1422637271607528e-06,1.0807742683027755e-06,1.6549815029520687e-07,4.7507047185035844e-09,1.3761764705577662e-07,4.227181804594693e-08,7.776584993735014e-07,0.0,-1.4466960962522535e-08,7.782005013723392e-07,3.165696316198563e-10,5.799434890652044e-11,2.2542565036864914e-10,3.229450484809604e-08,7.776584993735014e-07,3.025737953521457e-07,1.6518157508471631e-07,4.692318977816967e-09,1.3739222026742937e-07,9.97731142149405e-09,0.0,0.0
4.5592503738589585e-05,0.019880483159795403,0.0006809498006532522,1.1422241182691698e-06,0.0033651178654803674,1.142266114584345e-06,1.0818863529493683e-06,1.6662482948959223e-07,3.6406750947293176e-09,1.3760279671259923e-07,4.227185002037004e-08,7.77658669903758e-07,0.0,-1.446724340326e-08,7.782292641422828e-07,3.4515731939244176e-10,9.320735849804862e-11,2.254412212465695e-10,3.229450840080972e-08,7.77658669903758e-07,3.0365703196366667e-07,1.662796762502694e-07,3.552126814909684e-09,1.3737735571339726e-07,9.9773407313819e-09,0.0,0.0
4.559500303003006e-05,0.01988067670026794,0.0010966786940633522,1.1422275586997583e-06,0.003252912458175575,1.1422695251894766e-06,1.0820104989761603e-06,1.6675964786827535e-07,3.5196854319963222e-09,1.375909874923309e-07,4.2271892652934184e-08,7.776598636155541e-07,0.0,-1.4467413045338162e-08,7.785059210618783e-07,6.206251623730452e-10,1.2283730976836438e-10,2.2545354472214285e-10,3.229452616437811e-08,7.776598636155541e-07,3.03504577914282e-07,1.6613903142115305e-07,3.3933507115335715e-09,1.3736554649312893e-07,9.977365600377652e-09,0.0,0.0
4.559750232147053e-05,0.019880870240740478,0.0012789035122633408,1.142232156412786e-06,0.0036942540439882233,1.1422743000366609e-06,1.0815391533469665e-06,1.662778146283017e-07,3.99548039098363e-09,1.3760075034952024e-07,4.227192818007097e-08,7.776606025799992e-07,0.0,-1.4467703479681404e-08,7.787185722918366e-07,8.32519775340046e-10,6.553534798170446e-11,2.2546720046534574e-10,3.229453326980547e-08,7.776606025799992e-07,3.028205810551299e-07,1.6544528591566632e-07,3.932480563406671e-09,1.3737528092860884e-07,9.977396686622342e-09,0.0,0.0
4.5600001612911e-05,0.019881063781213015,0.0010075792588573051,1.1422365816823457e-06,0.0026871561466997856,1.142278733823332e-06,1.0826296374943922e-06,1.6734996677314484e-07,2.9091948849924165e-09,1.3762020500962535e-07,4.22719743653488e-08,7.776595225550409e-07,0.0,-1.446792374792949e-08,7.784485092088289e-07,5.634973043733282e-10,1.4187037655766233e-10,2.254818831648464e-10,3.229454037523283e-08,7.776595225550409e-07,3.041811851289822e-07,1.6678646375112294e-07,2.768415274800873e-09,1.3739473558871396e-07,9.97743132558071e-09,0.0,0.0
4.560250090435147e-05,0.01988125586649403,0.0006392086548039355,1.1422397449195373e-06,0.0035984050865855467,1.1422819170547882e-06,1.0816495432663942e-06,1.6636457189633802e-07,3.892213218392726e-09,1.3762640094228118e-07,4.227201699791294e-08,7.776585562169203e-07,0.0,-1.4468112929932886e-08,7.782621196383843e-07,3.7802388996865943e-10,7.845583210874807e-11,2.254953584968078e-10,3.229455458608754e-08,7.776585562169203e-07,3.033874520497193e-07,1.6598654895005893e-07,3.809019322176255e-09,1.3740090309966035e-07,9.97745974729014e-09,0.0,0.0
4.560500383377075e-05,0.019881449406966567,0.0006727375709800754,1.1422422840664621e-06,0.0038232864317796476,1.1422843044783804e-06,1.0814092092914507e-06,1.6613817876987014e-07,4.1345371570855605e-09,1.3761237482867728e-07,4.227204897233605e-08,7.776587267471768e-07,0.0,-1.4468412246060325e-08,7.782787179166917e-07,3.9448944111342144e-10,8.730057649009026e-11,2.255101105852475e-10,3.229455813880122e-08,7.776587267471768e-07,3.0313054821817786e-07,1.6574368544297613e-07,4.050141555467235e-09,1.3738686277520173e-07,9.97749172171325e-09,0.0,0.0
4.5607503125211224e-05,0.019881642947439104,0.0010979437579171636,1.1422457110514733e-06,0.003305329111356225,1.1422876013966743e-06,1.0819707085829577e-06,1.667126809934416e-07,3.576269280713973e-09,1.3759806449797907e-07,4.2272098710327555e-08,7.776599204589729e-07,0.0,-1.4468601428063721e-08,7.785496904944011e-07,6.642337790907504e-10,1.1281651307593066e-10,2.255246545068701e-10,3.2294575902369616e-08,7.776599204589729e-07,3.0342098966684716e-07,1.6604843722234364e-07,3.462656161801192e-09,1.373725382336488e-07,9.977524584314779e-09,0.0,0.0
4.5610002416651696e-05,0.01988183503272012,0.0013103807619638808,1.142250337088395e-06,0.0037215803316904593,1.1422923762438586e-06,1.0815264204211417e-06,1.6625837417905132e-07,4.024987454442908e-09,1.3760730155354395e-07,4.227213779017802e-08,7.776607731102558e-07,0.0,-1.4468849229842817e-08,7.787853633089981e-07,8.990348465687248e-10,4.362604721919183e-11,2.2553946210646103e-10,3.229458300779697e-08,7.776607731102558e-07,3.0274108553385304e-07,1.6535933866634878e-07,3.98111676958024e-09,1.3738176107835898e-07,9.977557446916308e-09,0.0,0.0
4.561250170809217e-05,0.019882027118001133,0.0010037215110484388,1.1422547821382493e-06,0.0032575697641722295,1.1422970374042052e-06,1.0820309626069502e-06,1.6674162850449648e-07,3.5247913476865733e-09,1.3762955575202795e-07,4.227218042274217e-08,7.776597499287163e-07,0.0,-1.4469098807978753e-08,7.784981903569133e-07,6.128986762554689e-10,1.2123312076450787e-10,2.2555188272654902e-10,3.229459011322433e-08,7.776597499287163e-07,3.035327438283275e-07,1.6612872855148453e-07,3.4059031150945884e-09,1.3740400106598827e-07,9.977589421339417e-09,0.0,0.0
4.561500099953264e-05,0.019882219203282148,0.0006517827704790591,1.1422579621183007e-06,0.002959003034359109,1.1423001069488237e-06,1.0823558795891586e-06,1.6706364647234295e-07,3.2026943319607426e-09,1.3763339268280106e-07,4.227222660801999e-08,7.776588404340146e-07,0.0,-1.4469306641728963e-08,7.783073669997975e-07,4.229700756308574e-10,5.223546942212387e-11,2.2556012613250687e-10,3.2294604324079046e-08,7.776588404340146e-07,3.040484841676516e-07,1.6664067459259968e-07,3.1500779762438924e-09,1.3740782378590666e-07,9.977621395762526e-09,0.0,0.0
4.561750392895192e-05,0.019882411288563162,0.0007738235183687436,1.1422607004981469e-06,0.003095202175622398,1.1423026080592535e-06,1.082211156244739e-06,1.6693685722657392e-07,3.349662325291547e-09,1.3761517436705617e-07,4.22722585824431e-08,7.776591246511089e-07,0.0,-1.4469558884400158e-08,7.783544901940331e-07,4.697779387718981e-10,7.384222400208529e-11,2.2556749523783282e-10,3.2294607876792725e-08,7.776591246511089e-07,3.0385669447241526e-07,1.664670890022535e-07,3.276007465302655e-09,1.3738960547016177e-07,9.977649817471956e-09,0.0,0.0
4.562000322039239e-05,0.019882603373844177,0.0011858502140602578,1.1422644647429427e-06,0.00289319996695787,1.142306473411736e-06,1.0824326182046207e-06,1.6716901996005618e-07,3.1316940152237294e-09,1.3760318040567654e-07,4.2272304767720925e-08,7.776604320497427e-07,0.0,-1.446978714625402e-08,7.786466653669777e-07,7.606391072556562e-10,7.0886602143716e-11,2.255754610880345e-10,3.229462564036112e-08,7.776604320497427e-07,3.037859812593524e-07,1.66408383961425e-07,3.0613762636022557e-09,1.3737759729792742e-07,9.977678239181387e-09,0.0,0.0
4.562250251183286e-05,0.019882794003933668,0.0012908477430715326,1.1422691860744748e-06,0.0030773617009548114,1.1423113619457581e-06,1.0822385547726299e-06,1.66962450975916e-07,3.330439479753977e-09,1.3761514594534674e-07,4.227234740028507e-08,7.776608867970936e-07,0.0,-1.4470015408107884e-08,7.787805316183949e-07,8.940234663690205e-10,2.1154982279836254e-11,2.2558836743069577e-10,3.22946291930748e-08,7.776608867970936e-07,3.0345799473252555e-07,1.6606843189492793e-07,3.307414120357066e-09,1.3738956283759762e-07,9.977716430853434e-09,0.0,0.0
4.5625001803273335e-05,0.019882986089214683,0.0009673232479618932,1.1422735236885688e-06,0.0035240460859229427,1.1423156820455915e-06,1.0817609563673614e-06,1.6647022960114555e-07,3.812175464190659e-09,1.376309057832259e-07,4.227238292742186e-08,7.776597499287163e-07,0.0,-1.4470258768994881e-08,7.784798867760401e-07,5.94530591424558e-10,7.932646206576521e-11,2.2560295298568178e-10,3.2294639851215834e-08,7.776597499287163e-07,3.032810127479024e-07,1.6587570428328036e-07,3.732496089980941e-09,1.3740530846462207e-07,9.977741299849185e-09,0.0,0.0
4.5627504732692614e-05,0.019883176719304174,0.0006967940531257266,1.1422766959968692e-06,0.00331736600113331,1.14231875159021e-06,1.081986511053401e-06,1.6670115599026758e-07,3.589345265453403e-09,1.3762635830971703e-07,4.2272422007272326e-08,7.776590109642711e-07,0.0,-1.4470506570773978e-08,7.783373234815372e-07,4.527010988297775e-10,1.599136101315679e-11,2.2560966983498076e-10,3.229465050935687e-08,7.776590109642711e-07,3.036492159935733e-07,1.662484550024601e-07,3.5742715454034624e-09,1.374007467802585e-07,9.977770609737036e-09,0.0,0.0
4.5630004024133086e-05,0.019883367349393666,0.0008005787731648339,1.1422795504400279e-06,0.0034277983816171703,1.142321593761153e-06,1.0818698683578987e-06,1.665996478550369e-07,3.708431783877586e-09,1.3761098216491519e-07,4.227246108712279e-08,7.776592951813655e-07,0.0,-1.4470743714412038e-08,7.783760906932002e-07,4.912036333237779e-10,3.4083347255631224e-11,2.2561197354775686e-10,3.229465406207055e-08,7.776592951813655e-07,3.0349380608640786e-07,1.6610843545095122e-07,3.672520065833851e-09,1.3738537063545664e-07,9.977809689587502e-09,0.0,0.0
4.563249967759475e-05,0.019883557979483157,0.0010521720712475258,1.1422830823406206e-06,0.0038929622955497186,1.1423251180531224e-06,1.081371920008678e-06,1.6610412956197251e-07,4.20974011205999e-09,1.3760767103576654e-07,4.227250016697326e-08,7.776600909892295e-07,0.0,-1.4470991516191134e-08,7.785349112054973e-07,6.492168469485193e-10,2.5041057769015218e-11,2.2561533197240635e-10,3.229466116749791e-08,7.776600909892295e-07,3.028369803814712e-07,1.6545492087516322e-07,4.184630864045857e-09,1.37382059506308e-07,9.977839887653772e-09,0.0,0.0
4.563500260701403e-05,0.01988374860957265,0.0011094762441743455,1.1422872030927388e-06,0.003386627916904232,1.1423293244661181e-06,1.0819214821822243e-06,1.6664456836679165e-07,3.6640654954567253e-09,1.3761656703081826e-07,4.227253569411005e-08,7.776603183629049e-07,0.0,-1.4471281062355956e-08,7.785889124534151e-07,7.030115933837067e-10,1.0543862657974579e-11,2.2562134105452714e-10,3.229466116749791e-08,7.776603183629049e-07,3.033325128853903e-07,1.659415573840306e-07,3.6555771742996512e-09,1.37390941290505e-07,9.97787452661214e-09,0.0,0.0
4.56375018984545e-05,0.01988393923966214,0.0009241107022397443,1.1422910797213546e-06,0.0035045201221499947,1.1423331898186007e-06,1.0817980182764586e-06,1.6651419798563438e-07,3.791182923151837e-09,1.3762397088612488e-07,4.2272567668533156e-08,7.776598067721352e-07,0.0,-1.4471502218782462e-08,7.784557851664431e-07,5.703740812990077e-10,2.2581898156959213e-11,2.2563240165140996e-10,3.2294664720211586e-08,7.776598067721352e-07,3.0334217626659665e-07,1.6594383112078503e-07,3.7662690743900384e-09,1.3739834514581162e-07,9.97790472467841e-09,0.0,0.0
4.5640001189894974e-05,0.019884129869751632,0.0007675445070516318,1.142294304525194e-06,0.0036398194657631462,1.1423363730500569e-06,1.0816550002346048e-06,1.663746473923311e-07,3.937028925093955e-09,1.376209155523611e-07,4.2272599642956266e-08,7.776594088682032e-07,0.0,-1.4471786435876766e-08,7.783676778672088e-07,4.826004040836551e-10,1.3095155168563188e-11,2.2564698720639598e-10,3.2294664720211586e-08,7.776594088682032e-07,3.0328732236739597e-07,1.6589204676620284e-07,3.926249547703264e-09,1.3739527560119313e-07,9.97793314638784e-09,0.0,0.0
4.564250411931425e-05,0.0198843190446496,0.0008367137403730851,1.1422973393790968e-06,0.0031468636300210832,1.1423393289078376e-06,1.0821892146850587e-06,1.6691615201125387e-07,3.405501880493489e-09,1.3761354011876392e-07,4.227262095923834e-08,7.776595225550409e-07,0.0,-1.4472030684942183e-08,7.784022955092951e-07,5.171276185045315e-10,1.9648066160171673e-11,2.2565850577027646e-10,3.2294664720211586e-08,7.776595225550409e-07,3.037868907540542e-07,1.6639901900816767e-07,3.3845384272979118e-09,1.3738788595674123e-07,9.977956239026753e-09,0.0,0.0
4.5645003410754725e-05,0.019884509674739093,0.0009552514429529424,1.1423007554039294e-06,0.004163332421168505,1.142342853199807e-06,1.0810969115482294e-06,1.6582220041527762e-07,4.5009658222738835e-09,1.3761494699338073e-07,4.2272656486375126e-08,7.776598067721352e-07,0.0,-1.4472257170439207e-08,7.784743729644106e-07,5.889130294534084e-10,2.462446739570634e-11,2.2566802593271262e-10,3.2294664720211586e-08,7.776598067721352e-07,3.0262256700552825e-07,1.6523328838502493e-07,4.4735957160924045e-09,1.3738927862050332e-07,9.977989101628282e-09,0.0,0.0
4.56475027021952e-05,0.01988469884963706,0.0009413467969773548,1.1423043432917146e-06,0.0037710054082890306,1.142346491178614e-06,1.0815227824423346e-06,1.662443480654474e-07,4.0784282617778445e-09,1.3761851391791424e-07,4.2272688460798236e-08,7.776598636155541e-07,0.0,-1.4472589349168175e-08,7.784918807374197e-07,6.063603508188464e-10,2.5287293092812746e-11,2.256796832744712e-10,3.2294668272925264e-08,7.776598636155541e-07,3.030308164397866e-07,1.6563799931645917e-07,4.057049363126453e-09,1.3739283133418212e-07,9.978021076051391e-09,0.0,0.0
4.565000199363567e-05,0.01988488802453503,0.0009126066649691733,1.1423078505062847e-06,0.0033767183485612657,1.1423499017837457e-06,1.0819509270731942e-06,1.6667461011365958e-07,3.6534435476909266e-09,1.3761652439825411e-07,4.227271332979399e-08,7.776598636155541e-07,0.0,-1.4472789189312607e-08,7.784948934386193e-07,6.09329309231299e-10,2.2717407816008617e-11,2.256930198285545e-10,3.2294668272925264e-08,7.776598636155541e-07,3.0345611889970314e-07,1.6606527708518115e-07,3.6289025118207974e-09,1.3739082760366728e-07,9.978046833225562e-09,0.0,0.0
4.565250128507614e-05,0.019885077199433,0.0008690170694752308,1.1423112208911664e-06,0.0037825663858107135,1.1423533123888774e-06,1.0815166433530976e-06,1.6623739895749168e-07,4.090908500842261e-09,1.376196081537273e-07,4.227275596235813e-08,7.776595793984598e-07,0.0,-1.4473066300979553e-08,7.784555009493488e-07,5.701876193420219e-10,3.1390140486919904e-11,2.2570478819261552e-10,3.2294668272925264e-08,7.776595793984598e-07,3.030611139820394e-07,1.6566721683375363e-07,4.060529246174838e-09,1.3739391135914047e-07,9.97808502489761e-09,0.0,0.0
4.565500057651661e-05,0.019885266374330968,0.0007205548016697705,1.142314227962132e-06,0.0031869519115369986,1.1423563819334959e-06,1.0821614750966546e-06,1.6687680215454748e-07,3.4487965816509814e-09,1.376253919715964e-07,4.227279148949492e-08,7.776592383379466e-07,0.0,-1.4473333642683883e-08,7.783815476614109e-07,4.966163036357329e-10,2.492206788162754e-11,2.2571705615703763e-10,3.229467182563894e-08,7.776592383379466e-07,3.037798705918249e-07,1.6638018962567003e-07,3.4244935775973318e-09,1.3739966675530013e-07,9.978119663855978e-09,0.0,0.0
4.5657499867957085e-05,0.019885455549228936,0.0007457596618927198,1.1423170018610223e-06,0.0038395253581923645,1.1423589967307635e-06,1.0814603683684254e-06,1.661828292753853e-07,4.152294508230625e-09,1.3761808759227279e-07,4.227281991120435e-08,7.776594088682032e-07,0.0,-1.447354858186145e-08,7.784017839185253e-07,5.166078675955532e-10,4.3733638238618866e-11,2.2573000413306232e-10,3.229467182563894e-08,7.776594088682032e-07,3.030585844499001e-07,1.6566622207392356e-07,4.10551237450818e-09,1.3739236237597652e-07,9.978146309208569e-09,0.0,0.0
4.5660002797376364e-05,0.019885644724126905,0.0010450277100026995,1.1423203895812059e-06,0.0036742206421514997,1.1423624073358951e-06,1.081641471500916e-06,1.663703415033524e-07,3.9741894219957885e-09,1.3761082584551332e-07,4.22728625437685e-08,7.776602615194861e-07,0.0,-1.4473880760590419e-08,7.786036917423189e-07,7.176929051055936e-10,5.453239942943e-11,2.2574232760863566e-10,3.22946789310663e-08,7.776602615194861e-07,3.0303772291517816e-07,1.6565263649681583e-07,3.9236573989853696e-09,1.3738508641836233e-07,9.978182724523776e-09,0.0,0.0
4.5662502088816836e-05,0.01988583244383335,0.0011807871574172069,1.142324567874341e-06,0.003016233509525134,1.1423666137488908e-06,1.0823550837812945e-06,1.670749014692774e-07,3.2646356729060244e-09,1.3761935235834244e-07,4.2272894518191606e-08,7.776607731102558e-07,0.0,-1.4474090370697468e-08,7.78739661200234e-07,8.531004791478836e-10,3.2019862455934245e-11,2.2575205593788894e-10,3.229468248377998e-08,7.776607731102558e-07,3.036153941593511e-07,1.6622179543901439e-07,3.231067413622668e-09,1.3739359872033674e-07,9.978212922590046e-09,0.0,0.0
4.5665005018236116e-05,0.019886020163539797,0.0010099492577496094,1.1423286803183085e-06,0.0038944945385142723,1.1423708201618865e-06,1.0814120514623937e-06,1.6612203523891367e-07,4.2115533283038076e-09,1.3762964101715625e-07,4.2272926492614715e-08,7.776603183629049e-07,0.0,-1.4474343501547082e-08,7.786052265146282e-07,7.191305329001807e-10,4.702900568975821e-11,2.2576071567748102e-10,3.229468248377998e-08,7.776603183629049e-07,3.0280679652605613e-07,1.6540290914690559e-07,4.162897582205005e-09,1.3740388737915055e-07,9.978241344299477e-09,0.0,0.0
4.566750067169778e-05,0.019886207883246243,0.0008583645350938585,1.142332187511476e-06,0.0036629823815098805,1.1423743444538559e-06,1.0816645499289734e-06,1.6637635269489692e-07,3.962118189093644e-09,1.3762850414877903e-07,4.227296557246518e-08,7.776596930852975e-07,0.0,-1.447464725856662e-08,7.784745434946672e-07,5.890404275454841e-10,3.760619940451626e-11,2.2577172076321261e-10,3.229468958920734e-08,7.776596930852975e-07,3.031900348560157e-07,1.657873127669518e-07,3.9257459505392944e-09,1.374027220890639e-07,9.978278647793104e-09,0.0,0.0
4.567000360111706e-05,0.01988639560295269,0.0008715017571234718,1.1423354348114017e-06,0.0038115838791105555,1.142377527685312e-06,1.0815073210324044e-06,1.662249786704706e-07,4.122255869987157e-09,1.3762273454176466e-07,4.227300820502933e-08,7.776596362418786e-07,0.0,-1.4474869303171545e-08,7.784802278365532e-07,5.948172510095162e-10,3.0157959463039674e-11,2.2578151848140493e-10,3.229468958920734e-08,7.776596362418786e-07,3.030271216175606e-07,1.656301691355111e-07,4.090720651106494e-09,1.3739695248204953e-07,9.97831861582199e-09,0.0,0.0
4.567250289255753e-05,0.019886584777850658,0.0009790949966723694,1.1423389356759225e-06,0.0037659165265149525,1.1423809382904437e-06,1.081559730664594e-06,1.6628064258839004e-07,4.073063664122856e-09,1.3761898287611984e-07,4.227303662673876e-08,7.776600909892295e-07,0.0,-1.4475164178406885e-08,7.785642992530484e-07,6.784626194189514e-10,4.1837814462875045e-11,2.2579553504709082e-10,3.2294693141921016e-08,7.776600909892295e-07,3.0299537456812686e-07,1.6560217375172215e-07,4.033161360439408e-09,1.3739318660555e-07,9.978344372996162e-09,0.0,0.0
4.5675002183998004e-05,0.01988677104236558,0.0011018255059155255,1.1423428116924027e-06,0.0032550952023717283,1.142384917329764e-06,1.082113953998487e-06,1.6683534909134323e-07,3.522383940079976e-09,1.3761811601398222e-07,4.2273072153875546e-08,7.776605457365804e-07,0.0,-1.447541819743492e-08,7.786786682117963e-07,7.923281475363808e-10,2.805153158369489e-11,2.2581540803923161e-10,3.2294693141921016e-08,7.776605457365804e-07,3.034353142084001e-07,1.6604302288669714e-07,3.4948386407052112e-09,1.3739229132170294e-07,9.978376347419271e-09,0.0,0.0
4.567750511341728e-05,0.019886958762072027,0.001089029086768889,1.1423469243582128e-06,0.00343039395775153,1.142389010055922e-06,1.0819288718266762e-06,1.6664557733747642e-07,3.7114422646311596e-09,1.3762284822860238e-07,4.227311123372601e-08,7.776604320497427e-07,0.0,-1.447565267653772e-08,7.786579203639121e-07,7.716539074387185e-10,3.2845767772293755e-11,2.258399023347124e-10,3.2294696694634695e-08,7.776604320497427e-07,3.0327092304105463e-07,1.6587391371558624e-07,3.677980586758167e-09,1.373970093254684e-07,9.978415427269738e-09,0.0,0.0
4.568000076687895e-05,0.01988714502658695,0.0008895332741900575,1.1423506097177968e-06,0.0033336706792501418,1.1423927617215668e-06,1.0820365332619986e-06,1.667484781364692e-07,3.6071534648129955e-09,1.3762824835339416e-07,4.227313965543544e-08,7.776598067721352e-07,0.0,-1.4475943110880962e-08,7.785209277244576e-07,6.352259829256468e-10,3.4009753346886384e-11,2.2586343906283446e-10,3.2294696694634695e-08,7.776598067721352e-07,3.035156339592504e-07,1.6611325293069967e-07,3.573742635154531e-09,1.3740238102855074e-07,9.978441184443909e-09,0.0,0.0
4.568250369629823e-05,0.019887332746293396,0.0007562273630412619,1.1423536991348338e-06,0.003400762743309872,1.1423957175793475e-06,1.081966956917313e-06,1.666814455347776e-07,3.679512916576755e-09,1.376259461949303e-07,4.227317162985855e-08,7.776595225550409e-07,0.0,-1.4476182919054281e-08,7.784552167322545e-07,5.698135852050257e-10,2.1495048796449368e-11,2.2588063364192834e-10,3.2294700247348374e-08,7.776595225550409e-07,3.035116833416396e-07,1.6611163289326214e-07,3.657331104633954e-09,1.3740006465923216e-07,9.978472270688599e-09,0.0,0.0
4.56850029877387e-05,0.01988751901080832,0.0009130156687291446,1.1423568083422698e-06,0.0034235468780816924,1.142398787123966e-06,1.0819450153576327e-06,1.6666685098698508e-07,3.704089479583672e-09,1.3761822970081994e-07,4.22732142624227e-08,7.776599773023918e-07,0.0,-1.4476468912505425e-08,7.785449724906357e-07,6.591195922389659e-10,4.2411824052734914e-11,2.258920966946576e-10,3.2294700247348374e-08,7.776599773023918e-07,3.034000712887064e-07,1.6600772312358458e-07,3.6621341514830874e-09,1.373923481651218e-07,9.978512238717485e-09,0.0,0.0
4.568750227917917e-05,0.019887705275323242,0.0011722797349982272,1.1423606925076383e-06,0.003381788863460679,1.1424027661632863e-06,1.0819936733241775e-06,1.6671783953370323e-07,3.6590741547826156e-09,1.3761497541509016e-07,4.227324623684581e-08,7.776608299536747e-07,0.0,-1.4476744247815532e-08,7.787533036207606e-07,8.66578586666833e-10,4.222044241997125e-11,2.2590093684549117e-10,3.229470735277573e-08,7.776608299536747e-07,3.032403412817075e-07,1.658512616131702e-07,3.6166305505958007e-09,1.373890796685373e-07,9.978537995891656e-09,0.0,0.0
4.569000157061964e-05,0.019887891539838165,0.0012056123144752462,1.1423651216767296e-06,0.0033945876411334724,1.1424071999499574e-06,1.0819840099429712e-06,1.667008007188997e-07,3.672889548056446e-09,1.3762215189672133e-07,4.2273278211268916e-08,7.77661114170769e-07,0.0,-1.4477003595914084e-08,7.788103744132968e-07,9.233407927133896e-10,3.239887177985956e-11,2.2590944392941736e-10,3.229470735277573e-08,7.77661114170769e-07,3.0317372079480265e-07,1.6577746464463416e-07,3.640676649041552e-09,1.3739624193931377e-07,9.978570858493185e-09,0.0,0.0
4.569250450003892e-05,0.019888077804353088,0.0009871223358572934,1.1423692059632895e-06,0.0034078301753467954,1.1424114063629531e-06,1.0819735507539008e-06,1.6668055025093054e-07,3.6871821151862605e-09,1.376327816160483e-07,4.22733315019741e-08,7.776602046760672e-07,0.0,-1.447731268200414e-08,7.785923230585468e-07,7.06199654310069e-10,8.129850959104346e-11,2.2591764570201178e-10,3.229471801091677e-08,7.776602046760672e-07,3.0338122769535403e-07,1.659743560367133e-07,3.6056810870377376e-09,1.3740685744778602e-07,9.97861526741417e-09,0.0,0.0
4.5695003791479394e-05,0.01988826406886801,0.0007093937328983557,1.1423723659707155e-06,0.00339902124280044,1.1424144759075716e-06,1.0819858289323747e-06,1.6668572300204687e-07,3.6776928169501844e-09,1.376408107489624e-07,4.2273367029110887e-08,7.776593520247843e-07,0.0,-1.4477563148318495e-08,7.784539661770395e-07,5.686950355077158e-10,3.3082269562667577e-11,2.2592526460751827e-10,3.2294728669057804e-08,7.776593520247843e-07,3.0353191959875403e-07,1.6611703301805392e-07,3.6445488849068397e-09,1.374148865807001e-07,9.978639248231502e-09,0.0,0.0
4.5697503082919866e-05,0.01988844887819141,0.0006697673194153708,1.142374914788925e-06,0.00368705701662698,1.1424169770180015e-06,1.0816775102284737e-06,1.6638291810977535e-07,3.988206653815496e-09,1.3763524009391404e-07,4.2273406108961353e-08,7.776593520247843e-07,0.0,-1.4477826049130726e-08,7.784250897202583e-07,5.398007041357289e-10,4.405966910758785e-11,2.259338549581713e-10,3.2294728669057804e-08,7.776593520247843e-07,3.0325244892992487e-07,1.658431187934184e-07,3.94246324475489e-09,1.3740931592565175e-07,9.97867477536829e-09,0.0,0.0
4.5700006012339145e-05,0.019888635142706335,0.001059712305927718,1.1423781361957599e-06,0.0038969896377897876,1.14242004656262e-06,1.081454001905513e-06,1.6617576648059185e-07,4.214415039172081e-09,1.3761770389919548e-07,4.227346650509389e-08,7.776605457365804e-07,0.0,-1.4478138687934461e-08,7.786646278873377e-07,7.781366662129585e-10,9.458688693397832e-11,2.2594223714200723e-10,3.22947464326262e-08,7.776605457365804e-07,3.027894024398847e-07,1.6539762270895153e-07,4.1207317558189516e-09,1.3739176552007848e-07,9.978720072467695e-09,0.0,0.0
4.570250166580081e-05,0.019888819952029735,0.0014183446680959833,1.142382715876087e-06,0.0033551909736559476,1.1424248214098043e-06,1.08204244497756e-06,1.6676031577844697e-07,3.630459044501322e-09,1.376203329073178e-07,4.227351269037172e-08,7.776617962917953e-07,0.0,-1.4478374943394101e-08,7.790133054186299e-07,1.1255902876428081e-09,1.2590067009765615e-11,2.2594974502521126e-10,3.2294757090767234e-08,7.776617962917953e-07,3.0302911113722075e-07,1.6563473081987468e-07,3.619603949900352e-09,1.3739438031734608e-07,9.978753823247644e-09,0.0,0.0
4.570500095724128e-05,0.019889004761353135,0.0011586378959655974,1.1423874783801278e-06,0.0033821745547111958,1.1424297099438263e-06,1.08201800230745e-06,1.6671233993292844e-07,3.659573755143697e-09,1.3764490347512037e-07,4.227355532293586e-08,7.77660716266837e-07,0.0,-1.4478652943239467e-08,7.787308504703105e-07,8.441701782047062e-10,1.0827348045916452e-10,2.2595841864259114e-10,3.229476419619459e-08,7.77660716266837e-07,3.0328712341542996e-07,1.6586815831942658e-07,3.5496758865605216e-09,1.3741895088514866e-07,9.978788462206012e-09,0.0,0.0
4.570750388666056e-05,0.019889189570676535,0.0006448408975239239,1.1423908113770837e-06,0.003590008933370886,1.1424330068621202e-06,1.0817967677212437e-06,1.6648120038098568e-07,3.883660060211014e-09,1.3765644268914912e-07,4.227362637720944e-08,7.776591246511089e-07,0.0,-1.447893893669061e-08,7.784179274494818e-07,5.328105734392352e-10,7.472140961528595e-11,2.2596671755970021e-10,3.2294789065190344e-08,7.776591246511089e-07,3.033788686934713e-07,1.6594839280514861e-07,3.8100211874336765e-09,1.374304758883227e-07,9.978836423840676e-09,0.0,0.0
4.5709999540122226e-05,0.019889374379999936,0.0006131938541862336,1.1423931363425964e-06,0.0031381675013579468,1.142435166912037e-06,1.082285848497122e-06,1.66984804650383e-07,3.396394276933279e-09,1.3764207551503205e-07,4.227366190434623e-08,7.776590109642711e-07,0.0,-1.4479172527614992e-08,7.784218496453832e-07,5.368775979341933e-10,4.4234053919733896e-11,2.2597285154191127e-10,3.229479261790402e-08,7.776590109642711e-07,3.038640272734483e-07,1.664479327700974e-07,3.352716104743081e-09,1.3741610871420562e-07,9.978865733728526e-09,0.0,0.0
4.5712502469541505e-05,0.019889559189323336,0.001046603101547916,1.14239620380212e-06,0.0034063872277660646,1.1424381227698177e-06,1.0819992439792259e-06,1.6671430103087914e-07,3.685708405143373e-09,1.3762468142886064e-07,4.2273722300478767e-08,7.776603183629049e-07,0.0,-1.4479430987535125e-08,7.786433684486838e-07,7.570764015696341e-10,1.358849838206666e-10,2.2597766713428058e-10,3.2294817486899774e-08,7.776603183629049e-07,3.0335593237396097e-07,1.6595721774592676e-07,3.548794369478969e-09,1.373987004171795e-07,9.978905701757412e-09,0.0,0.0
4.5715005398960784e-05,0.019889743998646736,0.0013525083384422487,1.14240063758374e-06,0.003230831277656985,1.1424426702433266e-06,1.0821928526638658e-06,1.6690248116901785e-07,3.496382516843255e-09,1.3762868888989033e-07,4.2273789802038664e-08,7.776616826049576e-07,0.0,-1.4479687671098418e-08,7.790105200911057e-07,1.1228616925151869e-09,1.9102398482462313e-11,2.2598491133951626e-10,3.229483169775449e-08,7.776616826049576e-07,3.0318233257276006e-07,1.6577962469455088e-07,3.4787019931314944e-09,1.3740270787820918e-07,9.978958104284175e-09,0.0,0.0
4.571750105242245e-05,0.019889927352778614,0.001140100763155072,1.1424052078855192e-06,0.0033697796934740103,1.1424474450905109e-06,1.0820474471984198e-06,1.6673759262175736e-07,3.6462615149446265e-09,1.3764918094238965e-07,4.227382532917545e-08,7.776606594234181e-07,0.0,-1.4479905274811244e-08,7.78747391905199e-07,8.607414225814125e-10,1.1899520258040752e-10,2.2599448701310365e-10,3.229483880318185e-08,7.776606594234181e-07,3.0330002687151136e-07,1.658768553625123e-07,3.52490436839048e-09,1.374231857198538e-07,9.978983861458346e-09,0.0,0.0
4.572000398184173e-05,0.01989011070691049,0.0006442401682251742,1.1424084795483437e-06,0.0035672736434266155,1.1424507420088048e-06,1.081837467609148e-06,1.6651537748657574e-07,3.859210284673509e-09,1.376629796823181e-07,4.227388572530799e-08,7.7765906780769e-07,0.0,-1.4480195709154486e-08,7.784233844176924e-07,5.383262169367242e-10,1.0456017995874589e-10,2.2601051585802168e-10,3.229486722489128e-08,7.7765906780769e-07,3.034140263480367e-07,1.6597704188825446e-07,3.756784661135271e-09,1.3743697024892754e-07,9.979018500416714e-09,0.0,0.0
4.572249963530339e-05,0.01989029551623389,0.00048171318865186663,1.1424105604151243e-06,0.0030349211863172666,1.1424525609982084e-06,1.0824131777553703e-06,1.6710119155050052e-07,3.2850386855187708e-09,1.3765330209025706e-07,4.2273939016013173e-08,7.776587267471768e-07,0.0,-1.4480412424688893e-08,7.783909268255229e-07,5.061963626040722e-10,3.8117474454590905e-11,2.2603038885016247e-10,3.2294874330318635e-08,7.776587267471768e-07,3.0402225092984736e-07,1.665949866946903e-07,3.246164226311521e-09,1.3742727844601177e-07,9.9790629093377e-09,0.0,0.0
4.5724998926743865e-05,0.01989047887036577,0.0009499836744630841,1.1424131854904788e-06,0.0038110497669667787,1.1424550621086382e-06,1.0815784889928182e-06,1.6629007859592093e-07,4.1219494484323604e-09,1.376285752030526e-07,4.227399941214571e-08,7.776598067721352e-07,0.0,-1.4480646903791694e-08,7.785675393279234e-07,6.816486819438694e-10,1.666725368831834e-10,2.2605003979769833e-10,3.229489564660071e-08,7.776598067721352e-07,3.030109496648947e-07,1.6560844073865155e-07,3.9534446827360625e-09,1.374025231370979e-07,9.979102877366586e-09,0.0,0.0
4.5727501856163144e-05,0.019890662224497646,0.0014584186851784864,1.1424176013957173e-06,0.003263992060943247,1.142459609582147e-06,1.0821723890330759e-06,1.6688437654011068e-07,3.5322020863759462e-09,1.376265146291189e-07,4.227404559742354e-08,7.776615689181199e-07,0.0,-1.4480933785421257e-08,7.790597464918392e-07,1.1721159598465647e-09,3.7270381225695814e-11,2.260728965142178e-10,3.229491696288278e-08,7.776615689181199e-07,3.0311269938465557e-07,1.6571226524320082e-07,3.4984573016316745e-09,1.3740043414145475e-07,9.979128634540757e-09,0.0,0.0
4.5730001147603616e-05,0.019890845578629524,0.0012450267843152618,1.1424225582746887e-06,0.0034748195663455864,1.1424648391766823e-06,1.0819500175784924e-06,1.666348907747306e-07,3.7595810908896965e-09,1.3765439632607013e-07,4.227408822998768e-08,7.776607731102558e-07,0.0,-1.4481098098428902e-08,7.788423204146966e-07,9.554405044909231e-10,1.200676502666198e-10,2.2610052718974316e-10,3.229492762102382e-08,7.776607731102558e-07,3.0310772558550525e-07,1.656794381688087e-07,3.634643475081134e-09,1.3742830162755126e-07,9.979163273499125e-09,0.0,0.0
4.5732504077022895e-05,0.019891027477569878,0.000610107369245827,1.142425932744056e-06,0.004243115668651907,1.142468249781814e-06,1.0811253332576598e-06,1.657948018873867e-07,4.587339841322091e-09,1.3767160567113024e-07,4.227415573154758e-08,7.776588972774334e-07,0.0,-1.4481382315523206e-08,7.784228728269227e-07,5.378488210361354e-10,1.259624210492305e-10,2.2612541006328257e-10,3.2294959595446926e-08,7.776588972774334e-07,3.027024320090277e-07,1.6525694945812575e-07,4.463351466199583e-09,1.3744548255090194e-07,9.979197024279074e-09,0.0,0.0
4.573499973048456e-05,0.019891210831701756,0.0004671717119982821,1.1424279079797634e-06,0.0032204811550325995,1.1424699550843798e-06,1.0822287777045858e-06,1.669155125227917e-07,3.4852973840315826e-09,1.3765472317572858e-07,4.227419125868437e-08,7.776585562169203e-07,0.0,-1.4481633670015981e-08,7.784116178299882e-07,5.269356062598263e-10,3.8623292064610126e-11,2.2613744210531195e-10,3.2294966700874284e-08,7.776585562169203e-07,3.0381715987459756e-07,1.66388574029952e-07,3.4482741106955928e-09,1.3742858584464557e-07,9.979225445988504e-09,0.0,0.0
4.573750265990384e-05,0.01989139273064211,0.000952307417068754,1.1424304899972576e-06,0.003738283812701968,1.1424724561948096e-06,1.0816727353812894e-06,1.663798769868663e-07,4.043599677316934e-09,1.376331510982709e-07,4.227425165481691e-08,7.776596930852975e-07,0.0,-1.4481822852019377e-08,7.786002242937684e-07,7.144018709936972e-10,1.8684948033254045e-10,2.2613916295100012e-10,3.2294995122583714e-08,7.776596930852975e-07,3.0307248266581155e-07,1.6566548310947837e-07,3.854264463143409e-09,1.374070137671879e-07,9.979256532233194e-09,0.0,0.0
4.574000195134431e-05,0.019891576084773988,0.0013886527764352952,1.142434782244498e-06,0.003402780115342334,1.142476776294643e-06,1.0820384659382398e-06,1.667392268700496e-07,3.6819389759301657e-09,1.3763776962605334e-07,4.227429784009473e-08,7.776614552312822e-07,0.0,-1.4482102628221583e-08,7.790880545144319e-07,1.200425869818389e-09,3.9808552287912136e-11,2.2614367323203766e-10,3.229501643886579e-08,7.776614552312822e-07,3.029504398455174e-07,1.6553880755054706e-07,3.6461196284420794e-09,1.3741161808411562e-07,9.979281401228945e-09,0.0,0.0
4.574250488076359e-05,0.019891757983714342,0.0012892959285917271,1.1424396534048157e-06,0.0029617717150253447,1.1424818922023405e-06,1.082519020201289e-06,1.6719734219350357e-07,3.2061742150091277e-09,1.376608196324014e-07,4.227432626180416e-08,7.776608867970936e-07,0.0,-1.4482311350150212e-08,7.78926676048286e-07,1.0396473681950624e-09,9.447489318636926e-11,2.2615426198413502e-10,3.2295023544293144e-08,7.776608867970936e-07,3.035923725747125e-07,1.661576902733941e-07,3.1094804509024243e-09,1.3743466809046367e-07,9.979304493867858e-09,0.0,0.0
4.5745000534225255e-05,0.019891939882654697,0.000821722412544329,1.142443493324809e-06,0.003594646601789729,1.142485757554823e-06,1.0818399687195779e-06,1.6650393774853e-07,3.8888323672381375e-09,1.3767679263310129e-07,4.2274383105223023e-08,7.776591814945277e-07,0.0,-1.4482568921891925e-08,7.785130264892359e-07,6.276663633286717e-10,1.0566151426028014e-10,2.2616822303866968e-10,3.2295048413288896e-08,7.776591814945277e-07,3.033269138086325e-07,1.6587627271746896e-07,3.783700908144283e-09,1.3745062688030885e-07,9.979334691934127e-09,0.0,0.0
4.5747503463644534e-05,0.01989212178159505,0.0005817347353943569,1.1424460461984893e-06,0.0028194231314904363,1.1424881449784152e-06,1.082678295460937e-06,1.673506773158806e-07,3.052528230185203e-09,1.3766899087386264e-07,4.227442573778717e-08,7.776586130603391e-07,0.0,-1.4482854915343069e-08,7.784274203004315e-07,5.425942473102907e-10,1.761197090943689e-11,2.2618522332873425e-10,3.2295055518716254e-08,7.776586130603391e-07,3.0425090358221496e-07,1.6680807846114476e-07,3.0367879322312774e-09,1.3744281091021548e-07,9.979369330892496e-09,0.0,0.0
4.5750002755085006e-05,0.019892303680535406,0.0008822233970064985,1.1424487091228194e-06,0.003295236805237254,1.142490646088845e-06,1.0821671594385407e-06,1.6685632431290287e-07,3.565997053200931e-09,1.3765151152256294e-07,4.227445771221028e-08,7.776592951813655e-07,0.0,-1.4483073407234315e-08,7.785441766827716e-07,6.5865585208158e-10,8.848619753587528e-11,2.2620454120936273e-10,3.229506617685729e-08,7.776592951813655e-07,3.036229543340596e-07,1.6619766540770797e-07,3.4744727095414873e-09,1.3742530313720636e-07,9.979392423531408e-09,0.0,0.0
4.5752505684504285e-05,0.019892484124284238,0.0012785035226769992,1.1424526080194753e-06,0.0031374920850650583,1.1424946251281654e-06,1.082340986613417e-06,1.6702888672170957e-07,3.3958362788411023e-09,1.3765153994427237e-07,4.22745038974881e-08,7.776604888931615e-07,0.0,-1.4483365617934396e-08,7.788655693730107e-07,9.78836456333454e-10,3.8875593716403145e-11,2.2622374806768875e-10,3.2295080387712005e-08,7.776604888931615e-07,3.034753603969875e-07,1.6605004304892645e-07,3.3606935012642225e-09,1.3742531734806107e-07,9.979423509776097e-09,0.0,0.0
4.575500133796595e-05,0.019892666023224592,0.001264428535826645,1.1424572335859436e-06,0.0027568168067072484,1.1424993999753497e-06,1.0827562846316141e-06,1.6742858122142934e-07,2.9849607230403308e-09,1.376671860953138e-07,4.227453587191121e-08,7.776605457365804e-07,0.0,-1.4483582333468803e-08,7.78874834850285e-07,9.880612994450644e-10,2.984512290082897e-11,2.2623757034434533e-10,3.2295080387712005e-08,7.776605457365804e-07,3.0388147820303857e-07,1.6644052891479078e-07,2.9522981837004636e-09,1.374409492882478e-07,9.979452819663948e-09,0.0,0.0
4.575750426738523e-05,0.019892846466973424,0.0009396657624712867,1.1424612107363232e-06,0.003782570952222044,1.14250337901467e-06,1.0816535223057144e-06,1.6631480548312538e-07,4.091431193842254e-09,1.3767927953267645e-07,4.227457495176168e-08,7.77659465711622e-07,0.0,-1.4483833687961578e-08,7.786012474753079e-07,7.154891124017126e-10,5.821041565434726e-11,2.2624528639436647e-10,3.229509104585304e-08,7.77659465711622e-07,3.030523316738254e-07,1.655993173699244e-07,4.032014722099575e-09,1.3745302851475572e-07,9.979483905908637e-09,0.0,0.0
4.5759999920846894e-05,0.019893026910722256,0.0007327857802340576,1.1424642285705842e-06,0.00329601291653303,1.1425063348724507e-06,1.0821808018590673e-06,1.6684639092545694e-07,3.5668819009515573e-09,1.3767545681275806e-07,4.2274610478898467e-08,7.776588972774334e-07,0.0,-1.4484097476952229e-08,7.784913123032311e-07,6.0612381780345e-10,1.4818774679570268e-11,2.2624956075301128e-10,3.22950981512804e-08,7.776588972774334e-07,3.0368946113412676e-07,1.6624026955014415e-07,3.553972671710426e-09,1.3744920579483733e-07,9.979515880331746e-09,0.0,0.0
4.5762499212287366e-05,0.019893207354471087,0.0008059572414538252,1.1424670051361774e-06,0.003561583381407907,1.142509063356556e-06,1.0818968121384387e-06,1.6657344303894206e-07,3.853265706510456e-09,1.3766423023753305e-07,4.2274646006035255e-08,7.776591246511089e-07,0.0,-1.4484340837839227e-08,7.7852280355728e-07,6.37428887451108e-10,2.9613450580612266e-11,2.2625053219815783e-10,3.22950981512804e-08,7.776591246511089e-07,3.033740085811587e-07,1.6593601515069167e-07,3.821249983104735e-09,1.3743797921961232e-07,9.979549631111695e-09,0.0,0.0
4.576500577968545e-05,0.01989338779821992,0.000948420182470322,1.1424701708005699e-06,0.003524790456290161,1.1425122465880122e-06,1.0819393310157466e-06,1.6661805091189308e-07,3.813609428249265e-09,1.3766164386197488e-07,4.2274677980458364e-08,7.776596362418786e-07,0.0,-1.4484625054933531e-08,7.786181299707096e-07,7.322448758451117e-10,2.4158333319923564e-11,2.2625069873161152e-10,3.229510170399408e-08,7.776596362418786e-07,3.03321201045037e-07,1.6588580820098286e-07,3.792301139782239e-09,1.3743539284405415e-07,9.979575388285866e-09,0.0,0.0
4.5767505071125925e-05,0.01989356824196875,0.0009650719013407638,1.1424736235774196e-06,0.003044414266706402,1.1425157708799816e-06,1.082460698853538e-06,1.671334217689946e-07,3.2954587947386926e-09,1.3766758399924584e-07,4.227471350759515e-08,7.776597499287163e-07,0.0,-1.4484840882289518e-08,7.786243259033654e-07,7.383661460025337e-10,2.2033395941090106e-11,2.2625537554610275e-10,3.229510170399408e-08,7.776597499287163e-07,3.038363729501725e-07,1.6639505417970213e-07,3.272168980217316e-09,1.374413187704704e-07,9.979611803601074e-09,0.0,0.0
4.5770004362566397e-05,0.019893748685717583,0.0008556310096956565,1.1424769089220074e-06,0.0036665018049403344,1.1425190677982755e-06,1.0817927886819234e-06,1.6645918776703184e-07,3.96639521227371e-09,1.376741778358337e-07,4.2274766798300334e-08,7.776594088682032e-07,0.0,-1.4485119770313304e-08,7.785351385791728e-07,6.494917381694165e-10,2.7236253183349213e-11,2.262621895399164e-10,3.229510525670776e-08,7.776594088682032e-07,3.032576216810412e-07,1.6580969486312824e-07,3.9386653938322524e-09,1.3744791260705824e-07,9.979661541592577e-09,0.0,0.0
4.577250365400687e-05,0.019893929129466414,0.0007909891281059345,1.142479880145113e-06,0.0031439544351999768,1.1425219099692185e-06,1.0823588354469393e-06,1.6702637140042498e-07,3.402886861181287e-09,1.3767323991942249e-07,4.227479877272344e-08,7.776592951813655e-07,0.0,-1.4485379118411856e-08,7.784914259900688e-07,6.058734070002458e-10,2.569201101865204e-11,2.262687953669129e-10,3.229510525670776e-08,7.776592951813655e-07,3.038674663002894e-07,1.6642049160964234e-07,3.3790445996828566e-09,1.3744696047979232e-07,9.979694404194106e-09,0.0,0.0
4.577500294544734e-05,0.019894108118023723,0.0009435463906726227,1.142482984765214e-06,0.0035314930681829763,1.142524979513837e-06,1.08194365111558e-06,1.6662130519762286e-07,3.820876504079251e-09,1.376626812543691e-07,4.2274827194432874e-08,7.776596930852975e-07,0.0,-1.4485594945767843e-08,7.785799311932351e-07,6.939243069048473e-10,3.881008361905636e-11,2.2627932860785904e-10,3.229510525670776e-08,7.776596930852975e-07,3.0336377676576376e-07,1.6592738916187955e-07,3.7784420037212385e-09,1.3743640181473893e-07,9.979721937725117e-09,0.0,0.0
4.577750587486662e-05,0.019894287106581032,0.0011237658884368784,1.1424866850176375e-06,0.0039027446603407743,1.1425287311794818e-06,1.0815469977387693e-06,1.6622702503354958e-07,4.2210017703325775e-09,1.376597822400072e-07,4.227486982699702e-08,7.776601478326484e-07,0.0,-1.448593334174575e-08,7.786957780808734e-07,8.093056780289487e-10,2.987852673608238e-11,2.2629928486672668e-10,3.2295108809421436e-08,7.776601478326484e-07,3.028511912361864e-07,1.6541771685751883e-07,4.193392300066989e-09,1.374334743786676e-07,9.979761905754003e-09,0.0,0.0
4.578000516630709e-05,0.01989446609513834,0.0010073154220009428,1.1424904994093302e-06,0.003017666197848435,1.142532710218802e-06,1.0825049230334116e-06,1.6717358164441976e-07,3.266638515242448e-09,1.3767164830369438e-07,4.2274916012274844e-08,7.776597499287163e-07,0.0,-1.4486180255346426e-08,7.785961315676104e-07,7.100635079915207e-10,5.735098854153797e-11,2.26326846153313e-10,3.2295112362135114e-08,7.776597499287163e-07,3.0390884830922005e-07,1.6646352207771997e-07,3.2106211023119613e-09,1.3744532623150008e-07,9.979803650139729e-09,0.0,0.0
4.5782504457747564e-05,0.019894646538887173,0.0007369508269334801,1.1424936468287393e-06,0.0033884883883789365,1.1425357797634206e-06,1.0821077012224123e-06,1.6676999337050802e-07,3.6667093805675677e-09,1.3767865425506898e-07,4.227495509212531e-08,7.7765906780769e-07,0.0,-1.4486381871847698e-08,7.784609010741406e-07,5.754474674546373e-10,4.5237692064548085e-11,2.2635754381994388e-10,3.229511591484879e-08,7.7765906780769e-07,3.0364682856998115e-07,1.6619453901967063e-07,3.619633481832807e-09,1.3745230376116524e-07,9.979839177276517e-09,0.0,0.0
4.5785003749188036e-05,0.01989482407225296,0.0007559731163713224,1.1424962972668644e-06,0.0032365903017490634,1.1425382808738505e-06,1.0822737976923236e-06,1.6694679061401985e-07,3.5028768774481023e-09,1.3766778295121185e-07,4.22749906192621e-08,7.776591814945277e-07,0.0,-1.4486676747083038e-08,7.784754529893689e-07,5.898637689405462e-10,5.934779750971231e-11,2.263876031083356e-10,3.229511946756247e-08,7.776591814945277e-07,3.037983162812452e-07,1.6635694066735596e-07,3.445509877408881e-09,1.3744138982474396e-07,9.979872039878046e-09,0.0,0.0
4.578750304062851e-05,0.019895003060810268,0.0010659982766387799,1.1424995583871753e-06,0.0032868983754633994,1.1425415777921444e-06,1.0822225249285111e-06,1.6690789550466434e-07,3.5571554590774213e-09,1.3765439632607013e-07,4.2275026146398886e-08,7.776602046760672e-07,0.0,-1.4486897903509544e-08,7.786791229591472e-07,7.925457512492073e-10,8.451658123354022e-11,2.264110149363674e-10,3.229512657298983e-08,7.776602046760672e-07,3.0354334512594505e-07,1.6611535613719752e-07,3.4700295969969375e-09,1.3742798898874753e-07,9.979898685230637e-09,0.0,0.0
4.579000597004779e-05,0.019895182049367577,0.0011931311318136295,1.1425036019703113e-06,0.0037399450918212136,1.1425456705183024e-06,1.0817378779393039e-06,1.6641700995023712e-07,4.045640267236195e-09,1.3765993855940906e-07,4.227506877896303e-08,7.776608867970936e-07,0.0,-1.4487161692500194e-08,7.788424341015343e-07,9.551033297583444e-10,3.7679942499480035e-11,2.2643140140665707e-10,3.229513367841719e-08,7.776608867970936e-07,3.0289541541606013e-07,1.654618984048284e-07,4.009077514410819e-09,1.3743350280037703e-07,9.979937765081104e-09,0.0,0.0
4.579250162350945e-05,0.019895359582733363,0.0009871066738647016,1.1425074726198698e-06,0.003115560648314398,1.1425496495576226e-06,1.0824147693710984e-06,1.67080060009539e-07,3.372328860606899e-09,1.3767453310720157e-07,4.227512562238189e-08,7.776602046760672e-07,0.0,-1.4487414823349809e-08,7.786508149365545e-07,7.641890453768951e-10,7.593324580223992e-11,2.2645620101346964e-10,3.2295137231130866e-08,7.776602046760672e-07,3.0376395443454385e-07,1.6631587129722902e-07,3.2972393704255865e-09,1.374480689264601e-07,9.979988391251027e-09,0.0,0.0
4.5795000914949924e-05,0.019895538571290672,0.000773687254820743,1.14251062423952e-06,0.0036046269726197054,1.142552719102241e-06,1.0818901046150131e-06,1.6655118884045805e-07,3.899810252505631e-09,1.376795069063519e-07,4.2275175360373396e-08,7.776594088682032e-07,0.0,-1.4487631538884216e-08,7.784986451042641e-07,6.127384710730155e-10,4.5875615806156844e-11,2.2648194430985313e-10,3.22951478892719e-08,7.776594088682032e-07,3.033914879324584e-07,1.6593844520684797e-07,3.851527541343103e-09,1.3745302851475572e-07,9.980027471101494e-09,0.0,0.0
4.5797500206390396e-05,0.019895716104656458,0.0007781611994346349,1.1425133792883127e-06,0.00353864711980694,1.1425554475863464e-06,1.081963659999019e-06,1.6663075541600847e-07,3.828687589191304e-09,1.3767336781711492e-07,4.2275207334796505e-08,7.776595225550409e-07,0.0,-1.4487910426908002e-08,7.785051820974331e-07,6.192018009443245e-10,5.0172598714537386e-11,2.2650359365883332e-10,3.22951478892719e-08,7.776595225550409e-07,3.03458421058167e-07,1.660115600543577e-07,3.781201129982037e-09,1.3744686100380932e-07,9.980058557346183e-09,0.0,0.0
4.579999949783087e-05,0.019895893638022244,0.0009844559687408605,1.1425165085218973e-06,0.003006962735367705,1.142558517130965e-06,1.0825399385794299e-06,1.6721610052172764e-07,3.2551572548555896e-09,1.37663533905652e-07,4.227524641464697e-08,7.776603752063238e-07,0.0,-1.4488128030620828e-08,7.786616720295569e-07,7.748317543132544e-10,6.689651610436442e-11,2.2651856779187796e-10,3.229515854741294e-08,7.776603752063238e-07,3.0387829497158236e-07,1.6644126787923597e-07,3.187955677219634e-09,1.3743701288149168e-07,9.980090531769292e-09,0.0,0.0
4.580250242725015e-05,0.01989607117138803,0.0011484419670573232,1.1425202951273915e-06,0.0033957073829656357,1.1425623824834474e-06,1.082124185813882e-06,1.6679732084412535e-07,3.6745770870538763e-09,1.3766597817266302e-07,4.227528549449744e-08,7.776608867970936e-07,0.0,-1.448835895700995e-08,7.788032689859392e-07,9.158620528637584e-10,3.422970934474634e-11,2.265285875546752e-10,3.229516210012662e-08,7.776608867970936e-07,3.033209168279427e-07,1.658814454685853e-07,3.6395579883219398e-09,1.374394571485027e-07,9.9801269470845e-09,0.0,0.0
4.580500171869062e-05,0.019896248704753816,0.0009403651274872971,1.1425240034569313e-06,0.0032529975606889814,1.14256624783593e-06,1.0822816420841264e-06,1.669367435397362e-07,3.5206595416781283e-09,1.376848359768701e-07,4.227533167977526e-08,7.776600341458106e-07,0.0,-1.4488620081465342e-08,7.786159699207928e-07,7.294266302082519e-10,7.685425906789334e-11,2.2653827425056505e-10,3.2295165652840296e-08,7.776600341458106e-07,3.0366561531991465e-07,1.662073145780596e-07,3.4444782581743993e-09,1.3745830074185506e-07,9.980163362399708e-09,0.0,0.0
4.580750101013109e-05,0.019896426238119602,0.0006077739856842346,1.142526751920406e-06,0.0034355129141447715,1.1425688626331976e-06,1.0820871239047847e-06,1.6673588731919153e-07,3.717524288404661e-09,1.3769218298875785e-07,4.227537431233941e-08,7.7765906780769e-07,0.0,-1.4488836796999749e-08,7.784528293086623e-07,5.671862424172502e-10,2.8353501838052075e-11,2.2655227693846314e-10,3.229517631098133e-08,7.7765906780769e-07,3.036343230178318e-07,1.661687036857984e-07,3.6878629039449606e-09,1.374656335428881e-07,9.980197113179656e-09,0.0,0.0
4.581000393955037e-05,0.019896602316293865,0.0007581569183415238,1.1425291570266035e-06,0.0033594681208751706,1.142571136369952e-06,1.082171138477861e-06,1.6683974024545023e-07,3.6355194410475633e-09,1.3767201778591698e-07,4.22754098394762e-08,7.776593520247843e-07,0.0,-1.4489090816027783e-08,7.785079674249573e-07,6.220428616643403e-10,6.805209867843942e-11,2.2656869436143978e-10,3.229517986369501e-08,7.776593520247843e-07,3.036631426311942e-07,1.662177027128564e-07,3.5692686584098965e-09,1.374454541291925e-07,9.980230863959605e-09,0.0,0.0
4.581250323099084e-05,0.01989677984965965,0.001225033161265543,1.1425326778507018e-06,0.0033210239063999752,1.1425746606619214e-06,1.0822158174050855e-06,1.6689753579157696e-07,3.5940646014864797e-09,1.3765767903350934e-07,4.227545602475402e-08,7.776606025799992e-07,0.0,-1.4489289767993796e-08,7.788310085743433e-07,9.43774058903557e-10,6.269252478263709e-11,2.2657895004662976e-10,3.229519407454973e-08,7.776606025799992e-07,3.033848656741611e-07,1.6595376450823096e-07,3.5287412991635847e-09,1.3743110116593016e-07,9.980259285669035e-09,0.0,0.0
4.5815002522431314e-05,0.019896955927833915,0.0012447693125672288,1.1425370266338057e-06,0.004062176700869466,1.1425792081354302e-06,1.0814212600962492e-06,1.6608508701665414e-07,4.3929242465878815e-09,1.3767532891506562e-07,4.227549510460449e-08,7.776608299536747e-07,0.0,-1.4489550892449188e-08,7.788785296725109e-07,9.911513831895036e-10,4.245697890481459e-11,2.26588608986944e-10,3.2295197627263406e-08,7.776608299536747e-07,3.025426735803194e-07,1.6509393674368766e-07,4.350323656865385e-09,1.3744873683663172e-07,9.980298365519502e-09,0.0,0.0
4.5817501813871786e-05,0.019897132006008178,0.0008249080210447346,1.1425406708838679e-06,0.003412391549020846,1.1425828461142373e-06,1.0821248679349083e-06,1.6677066128067963e-07,3.69263375432638e-09,1.3769474094260659e-07,4.227555550073703e-08,7.77659465711622e-07,0.0,-1.4489818234153518e-08,7.785449156472168e-07,6.588237733140545e-10,8.805762369279435e-11,2.2660490150983037e-10,3.229521183811812e-08,7.77659465711622e-07,3.0357998070940084e-07,1.6611184605608287e-07,3.6067646647097718e-09,1.3746813465331797e-07,9.980343662618907e-09,0.0,0.0
4.582000110531226e-05,0.01989730808418244,0.0006795079073356192,1.1425433198319678e-06,0.003655705989208068,1.1425853472246672e-06,1.0818647524502012e-06,1.6651864598316024e-07,3.954979455045304e-09,1.3768719497875281e-07,4.227558747516014e-08,7.776589541208523e-07,0.0,-1.449001985065479e-08,7.784730655657768e-07,5.87485893266404e-10,2.488984192361432e-11,2.26623414478766e-10,3.229521894354548e-08,7.776589541208523e-07,3.0339171530613385e-07,1.6593115503837907e-07,3.927280722848536e-09,1.3746056026775477e-07,9.980368531614658e-09,0.0,0.0
4.582250403473154e-05,0.019897484162356704,0.0009816682800050103,1.1425462448006699e-06,0.0038095563490810635,1.1425881893956102e-06,1.081701498151233e-06,1.663717625888239e-07,4.1208028100925276e-09,1.376699856336927e-07,4.227563366043796e-08,7.776597499287163e-07,0.0,-1.4490302291392254e-08,7.786219384797732e-07,7.355365760908228e-10,1.0402421285471419e-10,2.266381526894179e-10,3.2295226048972836e-08,7.776597499287163e-07,3.030795596714597e-07,1.6563622295961977e-07,4.019469201921311e-09,1.3744333671183995e-07,9.980404058751446e-09,0.0,0.0
4.5825006964150816e-05,0.019897660240530968,0.001277944195294367,1.1425502234850617e-06,0.002971101962091454,1.1425922821217682e-06,1.0826095149241155e-06,1.6728054674786108e-07,3.216543253969917e-09,1.3766796769232315e-07,4.2275679845715786e-08,7.776610004839313e-07,0.0,-1.4490519006926661e-08,7.789390110701788e-07,1.0513592219041357e-09,4.979873804988877e-11,2.2665133658783532e-10,3.229524025982755e-08,7.776610004839313e-07,3.036705038539367e-07,1.662291850834663e-07,3.1676354872445245e-09,1.374413187704704e-07,9.980438697709815e-09,0.0,0.0
4.582750261761248e-05,0.01989783631870523,0.0012190784896688456,1.1425546201970163e-06,0.0034360667418485685,1.1425967159084394e-06,1.0821121350090834e-06,1.6676774805546302e-07,3.7182095180554597e-09,1.3768368489763816e-07,4.2275711820138895e-08,7.776606594234181e-07,0.0,-1.4490725952498451e-08,7.788581228851399e-07,9.70746372175313e-10,8.644601007246067e-11,2.2666415966376974e-10,3.229524381254123e-08,7.776606594234181e-07,3.0325401212394354e-07,1.6579700456986757e-07,3.629270661775763e-09,1.374570217649307e-07,9.980468007597665e-09,0.0,0.0
4.583000190905295e-05,0.01989801094168797,0.0008723453984060825,1.1425582723037915e-06,0.0037545853947792665,1.1426004675740842e-06,1.081772097677458e-06,1.6641328670630173e-07,4.061605718419514e-09,1.376994305246626e-07,4.2275768663557756e-08,7.776594088682032e-07,0.0,-1.4490989741489102e-08,7.78564867687237e-07,6.787981288169931e-10,9.637209780199996e-11,2.2667756560679209e-10,3.2295261576109624e-08,7.776594088682032e-07,3.032072584119305e-07,1.657344910199754e-07,3.965231254454693e-09,1.3747275318110042e-07,9.980507975626551e-09,0.0,0.0
4.5832501200493425e-05,0.019898185564670712,0.0007276733714860484,1.1425610663042918e-06,0.003924368044956894,1.1426030823713518e-06,1.0815915629791562e-06,1.662411648339912e-07,4.2445633674503824e-09,1.3769134454832965e-07,4.227580774340822e-08,7.776590109642711e-07,0.0,-1.4491223332413483e-08,7.785055800013652e-07,6.198369595367126e-10,5.473642025743963e-11,2.2669725818769138e-10,3.22952651288233e-08,7.776590109642711e-07,3.03085982977791e-07,1.6562131577302353e-07,4.188348778910722e-09,1.3746465299391275e-07,9.98054350276334e-09,0.0,0.0
4.5835004129912704e-05,0.019898361642844975,0.0010686229114694537,1.1425642291899912e-06,0.0041412837494450285,1.1426061519159703e-06,1.0813606650117435e-06,1.6603050312369305e-07,4.478221349302203e-09,1.3767014195309457e-07,4.2275857481399726e-08,7.776599773023918e-07,0.0,-1.4491488009582554e-08,7.787218692101305e-07,8.351949132290315e-10,1.0001836858730684e-10,2.2672544397472905e-10,3.229527578696434e-08,7.776599773023918e-07,3.026387105364847e-07,1.651953027703712e-07,4.379153040190431e-09,1.3744342197696824e-07,9.980579918078547e-09,0.0,0.0
4.583749978337437e-05,0.019898536265827715,0.0013433759269205758,1.1425684410943064e-06,0.0036956595213727774,1.1426104720158037e-06,1.0818447435667622e-06,1.6651068790451973e-07,3.9981298272095955e-09,1.3767319728685834e-07,4.227591077210491e-08,7.776608867970936e-07,0.0,-1.4491740252253749e-08,7.789822689119319e-07,1.0946494821695296e-09,3.290101177610971e-11,2.2675832045404576e-10,3.22952828923917e-08,7.776608867970936e-07,3.028624746548303e-07,1.6541603997666243e-07,3.965916484105492e-09,1.3744643467816786e-07,9.980626991534791e-09,0.0,0.0
4.584000271279365e-05,0.019898710888810456,0.0010158594481910893,1.1425725608614883e-06,0.003705054964673533,1.142614792115637e-06,1.0818386044775252e-06,1.6648110090500268e-07,4.008271492494941e-09,1.3769771101124206e-07,4.227596761552377e-08,7.776598067721352e-07,0.0,-1.4491968514107612e-08,7.787054414620798e-07,8.188367206507507e-10,1.1355140439039957e-10,2.2678763034189586e-10,3.229529355053273e-08,7.776598067721352e-07,3.031331914371549e-07,1.6566225724545802e-07,3.895475497728285e-09,1.3747093419169687e-07,9.980674953169455e-09,0.0,0.0
4.584250200423412e-05,0.019898885511793196,0.0005534414768385287,1.1425753012215717e-06,0.003146046491365758,1.1426174069129047e-06,1.0824437595147174e-06,1.6708112582364265e-07,3.405418391722037e-09,1.3770396378731675e-07,4.227602090622895e-08,7.776587267471768e-07,0.0,-1.4492217204065128e-08,7.784918807374197e-07,6.063407553824618e-10,4.8068760777342234e-11,2.2680604616631683e-10,3.229530776138745e-08,7.776587267471768e-07,3.0395193562071654e-07,1.664747770746544e-07,3.358733735581154e-09,1.3747715854606213e-07,9.980711368484663e-09,0.0,0.0
4.58450049336534e-05,0.019899060134775937,0.0006320452389667608,1.142577371353835e-06,0.003489812925028911,1.142619339589146e-06,1.0820746183526353e-06,1.667310982611525e-07,3.776237988972753e-09,1.3768460860319465e-07,4.227605288065206e-08,7.776588972774334e-07,0.0,-1.4492438360491633e-08,7.785154139128281e-07,6.296722032672619e-10,7.817810288024418e-11,2.2681727329665335e-10,3.229531131410113e-08,7.776588972774334e-07,3.0355923286151665e-07,1.6610142949957662e-07,3.6958780480489395e-09,1.374577891510853e-07,9.980741566550932e-09,0.0,0.0
4.584750422509387e-05,0.019899233302567154,0.0010769064214353197,1.1425803307076783e-06,0.0032483678552206576,1.1426222954469267e-06,1.0823376896951231e-06,1.670062061975841e-07,3.5158309596994286e-09,1.3767122197805293e-07,4.227610261864356e-08,7.776602615194861e-07,0.0,-1.4492704814017543e-08,7.787968456796079e-07,9.097999575935489e-10,9.975805598250176e-11,2.2682736244838964e-10,3.22953326303832e-08,7.776602615194861e-07,3.035407871720963e-07,1.6609639885700744e-07,3.419602379040043e-09,1.3744438831508887e-07,9.980769988260363e-09,0.0,0.0
4.585000351653434e-05,0.019899407925549895,0.0012345905706684368,1.142584367112672e-06,0.002832047029901004,1.1426265018599224e-06,1.0827908454302815e-06,1.674469558565761e-07,3.066514597804826e-09,1.3768304540917597e-07,4.227614169849403e-08,7.776608867970936e-07,0.0,-1.449291975319511e-08,7.78968740178243e-07,1.080974976197524e-09,3.191752070974552e-11,2.268390059123604e-10,3.229533973581056e-08,7.776608867970936e-07,3.0382219051716675e-07,1.6636597877095483e-07,3.032328610430568e-09,1.374561975353572e-07,9.980803739040311e-09,0.0,0.0
4.585249916999601e-05,0.019899581093341112,0.0008914862807927193,1.1425880487929951e-06,0.0037863428477857516,1.1426302535255672e-06,1.0817649354066816e-06,1.663988626887658e-07,4.095932926162504e-09,1.3770656437372963e-07,4.227619498919921e-08,7.776595793984598e-07,0.0,-1.4493163114082108e-08,7.78630180775508e-07,7.437602755899775e-10,1.359322238103644e-10,2.2684820688567697e-10,3.229535749937895e-08,7.776595793984598e-07,3.031348114745924e-07,1.6565509497468156e-07,3.958651184632345e-09,1.3747971649991086e-07,9.9808392661771e-09,0.0,0.0
4.585500209941529e-05,0.01989975426113233,0.0005220439286488798,1.142590496572037e-06,0.0031571634019351997,1.1426326409491594e-06,1.0824454648172832e-06,1.6707438987850765e-07,3.4174572061118624e-09,1.3771247608929116e-07,4.227625893804543e-08,7.776586130603391e-07,0.0,-1.4493420685823821e-08,7.784879016980994e-07,6.024069021393075e-10,2.5067283318525035e-11,2.2685177347714358e-10,3.229537171023367e-08,7.776586130603391e-07,3.039576199626026e-07,1.6647199174713023e-07,3.3956906175802715e-09,1.374856282154724e-07,9.980884563276504e-09,0.0,0.0
4.5857505028834566e-05,0.01989992888411507,0.0007283400160802422,1.142592680029777e-06,0.003218171472750978,1.1426345736254007e-06,1.0823813454408082e-06,1.670331215564147e-07,3.4832887685354308e-09,1.376892271309771e-07,4.2276305123323255e-08,7.776590109642711e-07,0.0,-1.4493612532362476e-08,7.785218372191594e-07,6.359510140718783e-10,1.4137101211897374e-10,2.268523285886559e-10,3.22953823683747e-08,7.776590109642711e-07,3.0385956506506773e-07,1.663971715970547e-07,3.338532117425075e-09,1.3746237925715832e-07,9.980923643126971e-09,0.0,0.0
4.586000432027504e-05,0.019900102051906288,0.0013416041382413035,1.1425962645063485e-06,0.003629892309430116,1.1426382116042078e-06,1.0819405815709615e-06,1.6660774804222456e-07,3.92732779630478e-09,1.376718614665151e-07,4.227637617759683e-08,7.776610004839313e-07,0.0,-1.4493875433174708e-08,7.790151812514523e-07,1.12733966606271e-09,1.1155708995458369e-10,2.268573107144789e-10,3.229541789551149e-08,7.776610004839313e-07,3.029254003195092e-07,1.6548040093766758e-07,3.81806675164853e-09,1.3744499938184163e-07,9.980960058442179e-09,0.0,0.0
4.586250361171551e-05,0.019900273764505982,0.0015048864005535734,1.1426011522892527e-06,0.0028659672342401027,1.1426433275119052e-06,1.0827695859916275e-06,1.6741763886329863e-07,3.103182155683726e-09,1.3769049189704674e-07,4.2276418810160976e-08,7.77661512074701e-07,0.0,-1.4494101918671731e-08,7.791715006533195e-07,1.2831262719004144e-09,6.018664733264956e-11,2.2687017542377674e-10,3.229542500093885e-08,7.77661512074701e-07,3.0359814218172687e-07,1.6613451236935362e-07,3.043082896780902e-09,1.3746362981237326e-07,9.980994697400547e-09,0.0,0.0
4.586500290315598e-05,0.0199004469322972,0.0009607718919533714,1.1426054220152568e-06,0.003540639257862263,1.1426477612985764e-06,1.082045741895854e-06,1.6666665203501907e-07,3.831133632559158e-09,1.3771973783605063e-07,4.2276479206293516e-08,7.776594088682032e-07,0.0,-1.4494309752421941e-08,7.786188689351548e-07,7.325994255680257e-10,1.947831063109362e-10,2.268853854792141e-10,3.229545342264828e-08,7.776594088682032e-07,3.034269013824087e-07,1.6593405405274098e-07,3.634377021555224e-09,1.3749286154052243e-07,9.981024895466817e-09,0.0,0.0
4.5867502194596455e-05,0.019900620100088418,0.0005219757599970176,1.142607989656615e-06,0.003187966995351922,1.1426501487221685e-06,1.0824282981047872e-06,1.670529456987424e-07,3.4507456891930133e-09,1.3771686724339816e-07,4.22765324969987e-08,7.776584425300825e-07,0.0,-1.4494573541412592e-08,7.784673243804718e-07,5.819768000847603e-10,2.284634634253102e-11,2.2689436440792576e-10,3.229547473893035e-08,7.776584425300825e-07,3.03960945302606e-07,1.6647096856559074e-07,3.430919770508467e-09,1.3748997673701524e-07,9.981055981711506e-09,0.0,0.0
4.5870005124015734e-05,0.019900791812688112,0.0008272160722060384,1.142610306388985e-06,0.0030507115221630253,1.1426521950852475e-06,1.082578251043742e-06,1.6723116402772575e-07,3.30263394410224e-09,1.3768800499747158e-07,4.2276575129562843e-08,7.7765906780769e-07,0.0,-1.449475917070231e-08,7.785358207001991e-07,6.49856224388401e-10,1.6408494007968955e-10,2.2689895795569015e-10,3.229548894978507e-08,7.7765906780769e-07,3.0404243034354295e-07,1.6658131585245428e-07,3.1358700081085544e-09,1.3746110028023395e-07,9.981085291599356e-09,0.0,0.0
4.5872504415456206e-05,0.019900963525287807,0.0013930393937222618,1.1426141188473655e-06,0.0038383926407556308,1.1426561741245678e-06,1.0817324209710932e-06,1.6639370414850418e-07,4.152113763922216e-09,1.3767758844096534e-07,4.227664618383642e-08,7.77661114170769e-07,0.0,-1.4494980327128815e-08,7.790284257680469e-07,1.1404469590914346e-09,8.383432836822635e-11,2.2690806178449208e-10,3.2295524476921855e-08,7.77661114170769e-07,3.027039383596275e-07,1.652532546358998e-07,4.067495229520546e-09,1.374506837237277e-07,9.981121706914564e-09,0.0,0.0
4.587500006891787e-05,0.0199011352378875,0.0013510631493431902,1.1426188308171805e-06,0.003430187515167146,1.1426610626585898e-06,1.0821770501934225e-06,1.6681245540439704e-07,3.7120702067738875e-09,1.3770349482911115e-07,4.2276692369114244e-08,7.77661114170769e-07,0.0,-1.4495240563405787e-08,7.790133622620488e-07,1.125331716700373e-09,8.008249618995933e-11,2.269194554482823e-10,3.2295528029635534e-08,7.77661114170769e-07,3.031636879313737e-07,1.6568712624120963e-07,3.633976897177149e-09,1.374765759010188e-07,9.98116433947871e-09,0.0,0.0
4.587750299833715e-05,0.019901306950487196,0.000754084441858538,1.1426224456208367e-06,0.003322470707205644,1.1426647006373969e-06,1.0822966487467056e-06,1.6690690074483427e-07,3.5958989119677653e-09,1.3773062335076247e-07,4.22767669761015e-08,7.776591246511089e-07,0.0,-1.4495435962658121e-08,7.784959734635777e-07,6.099352134469882e-10,1.7028499443849654e-10,2.2693255607997287e-10,3.229556355677232e-08,7.776591246511089e-07,3.038006468614185e-07,1.662969708604578e-07,3.4247142899346272e-09,1.375036902118154e-07,9.981206083864436e-09,0.0,0.0
4.588000228977762e-05,0.01990147866308689,0.0004754238100153074,1.1426245568414195e-06,0.0034742303612018462,1.1426666333136382e-06,1.0821345313161146e-06,1.6675375036356854e-07,3.759584643603375e-09,1.3772229578989936e-07,4.227682026680668e-08,7.776584993735014e-07,0.0,-1.449567488265302e-08,7.784317972436838e-07,5.463170471564638e-10,2.4224964048635833e-11,2.2694249257604326e-10,3.229557776762704e-08,7.776584993735014e-07,3.037027909158496e-07,1.6620742826489732e-07,3.735672216009789e-09,1.3749534844009759e-07,9.981244275536483e-09,0.0,0.0
4.58825052191969e-05,0.019901650375686586,0.0008997368465235838,1.1426269181655328e-06,0.003214909739179562,1.1426687933635549e-06,1.082416133613151e-06,1.6706277961020533e-07,3.479870169798005e-09,1.3769393092388782e-07,4.227687355751186e-08,7.77659465711622e-07,0.0,-1.4495916467183179e-08,7.785652087477501e-07,6.787655992823716e-10,1.9444350296549118e-10,2.269455595671488e-10,3.229559553119543e-08,7.77659465711622e-07,3.0385098170881975e-07,1.6638401234558842e-07,3.286557692661063e-09,1.3746698357408604e-07,9.981277138138012e-09,0.0,0.0
4.5885000872658566e-05,0.01990182208828628,0.0013798967134270868,1.142630832583582e-06,0.003081382066492312,1.1426728860897128e-06,1.0825640401890269e-06,1.672141110020675e-07,3.3357934192679295e-09,1.3768844553396775e-07,4.22769339536444e-08,7.776614552312822e-07,0.0,-1.4496124300933388e-08,7.790576432853413e-07,1.1692483647962604e-09,6.551734849091773e-11,2.269470028570808e-10,3.229562750561854e-08,7.776614552312822e-07,3.035063684819761e-07,1.6604487029781012e-07,3.2694935647725742e-09,1.3746149818416598e-07,9.981309112561121e-09,0.0,0.0
4.5887503802077845e-05,0.019901992345694453,0.0012390564679343186,1.14263529154539e-06,0.0036908941713891213,1.1426775472500594e-06,1.0819110229931539e-06,1.6653750378736731e-07,3.9932190887270735e-09,1.3771268925211189e-07,4.227697658620855e-08,7.776608299536747e-07,0.0,-1.4496341904646215e-08,7.788769949002017e-07,9.89259230088635e-10,1.4758885780175035e-10,2.269521376385697e-10,3.22956346110459e-08,7.776608299536747e-07,3.030339996712428e-07,1.6554825776893267e-07,3.8434659899166945e-09,1.374857419023101e-07,9.98134286334107e-09,0.0,0.0
4.589000309351832e-05,0.019902164058294147,0.0006596897311084149,1.14263855193185e-06,0.0034756503399061443,1.1426808441683534e-06,1.0821460136867245e-06,1.6675438985203073e-07,3.761161160298343e-09,1.3773274076811504e-07,4.22770511931958e-08,7.776588972774334e-07,0.0,-1.4496605693636866e-08,7.784481681483157e-07,5.623218002348551e-10,1.72832109734955e-10,2.269642390695381e-10,3.2295673690896365e-08,7.776588972774334e-07,3.0369784553840873e-07,1.6619206633095018e-07,3.5916312146611062e-09,1.3750576499660383e-07,9.981377502299438e-09,0.0,0.0
4.5892506022937596e-05,0.01990233431570232,0.00043414873824509925,1.1426404142728775e-06,0.003047768257500738,1.1426824357840815e-06,1.0826090601767646e-06,1.6723080875635787e-07,3.299541528889449e-09,1.3771976625776006e-07,4.227709027304627e-08,7.776584425300825e-07,0.0,-1.4496797540175521e-08,7.783995101817709e-07,5.140862735508733e-10,6.728427537350257e-11,2.2697624335599187e-10,3.22956843490374e-08,7.776584425300825e-07,3.042095215732843e-07,1.6671673108703544e-07,3.230250289476544e-09,1.3749279048624885e-07,9.981407700365708e-09,0.0,0.0
4.589500167639926e-05,0.01990250457311049,0.0009684457907206817,1.1426428022939697e-06,0.003996170007628958,1.142684709520836e-06,1.0815882660608622e-06,1.6624119325570064e-07,4.3222105894358265e-09,1.3768730866559054e-07,4.2277157774606167e-08,7.776598067721352e-07,0.0,-1.4497018696602026e-08,7.785816933392198e-07,6.949444908421754e-10,2.735038029388903e-10,2.269839177726496e-10,3.229571632346051e-08,7.776598067721352e-07,3.0300657272164244e-07,1.6554625403841783e-07,4.046925461409501e-09,1.3746033289407933e-07,9.981442339324076e-09,0.0,0.0
4.589750460581854e-05,0.019902674830518663,0.0015846646848026724,1.142647149153693e-06,0.0035923755747894826,1.142689143307507e-06,1.0820275520018185e-06,1.6668195712554734e-07,3.8870493490605895e-09,1.37683542789091e-07,4.22772359343071e-08,7.776621373523085e-07,0.0,-1.4497280709235838e-08,7.792189649080683e-07,1.32985478185077e-09,8.273162016569913e-11,2.269912174890365e-10,3.229574829788362e-08,7.776621373523085e-07,3.028086439371691e-07,1.6535209113044402e-07,3.806885917612135e-09,1.3745655280672509e-07,9.981486748245061e-09,0.0,0.0
4.590000389725901e-05,0.019902845087926835,0.0013711076232887365,1.142652181575016e-06,0.0036796276783597737,1.14269448658888e-06,1.0819385352078825e-06,1.6656080958910024e-07,3.981130980434955e-09,1.37716725134851e-07,4.2277282119584925e-08,7.776610573273501e-07,0.0,-1.4497485878450789e-08,7.78894843733724e-07,1.0067952027625893e-09,2.2263307863923387e-10,2.270008209181995e-10,3.2295758956024656e-08,7.776610573273501e-07,3.03043719895868e-07,1.6555401316509233e-07,3.755676214467485e-09,1.3748972094163037e-07,9.98151961084659e-09,0.0,0.0
4.5902503188699484e-05,0.019903015345335007,0.0006366203801917436,1.142655599880678e-06,0.0039107414205098905,1.1426978971940116e-06,1.081692516891053e-06,1.6629688559532951e-07,4.230219730061435e-09,1.3773674822914472e-07,4.2277370937426895e-08,7.776588972774334e-07,0.0,-1.4497754108333538e-08,7.783849582665425e-07,4.990498569945601e-10,2.1967774821440855e-10,2.270146709504317e-10,3.229580869401616e-08,7.776588972774334e-07,3.033075586245104e-07,1.6579784301029576e-07,4.013422483239992e-09,1.3750972982506937e-07,9.981559578875476e-09,0.0,0.0
4.5905002480139956e-05,0.01990318560274318,0.0004395874504297126,1.142657432204237e-06,0.0028404043547735998,1.1426994888097397e-06,1.0828483709701686e-06,1.6747216591284086e-07,3.0757272284631654e-09,1.3771762041869806e-07,4.227740646456368e-08,7.776585562169203e-07,0.0,-1.4497972600224784e-08,7.783770570313209e-07,4.914872953065696e-10,8.886887753467576e-11,2.270281462823931e-10,3.2295822904870874e-08,7.776585562169203e-07,3.044712855171383e-07,1.669806835025156e-07,2.98817703914267e-09,1.37490587803768e-07,9.981587112406487e-09,0.0,0.0
4.590750177158043e-05,0.019903354404959828,0.000978705394565793,1.142659826313998e-06,0.0035943848207187095,1.1427017625464941e-06,1.0820368743225117e-06,1.6668944624598225e-07,3.889256916522754e-09,1.3768750761755655e-07,4.227746686069622e-08,7.776598636155541e-07,0.0,-1.4498172440369217e-08,7.785160391904355e-07,6.291170362437981e-10,2.9601635032072693e-10,2.27034363531331e-10,3.2295854879293984e-08,7.776598636155541e-07,3.0352080671036674e-07,1.6606033170774026e-07,3.5892879779453324e-09,1.3746047500262648e-07,9.981611093223819e-09,0.0,0.0
4.59100010630209e-05,0.019903523207176477,0.0014643449049103197,1.1426639502370572e-06,0.0036873532799564226,1.1427059689594898e-06,1.0819404678841238e-06,1.6659129187246435e-07,3.98949673297011e-09,1.3768723761131696e-07,4.227754146768348e-08,7.776619668220519e-07,0.0,-1.4498455769285101e-08,7.790772542648483e-07,1.18822729433532e-09,7.998954970611649e-11,2.2703566804338493e-10,3.229589040643077e-08,7.776619668220519e-07,3.0286327046269435e-07,1.6540306546630745e-07,3.912561385988056e-09,1.3746019078553218e-07,9.981651061252705e-09,0.0,0.0
4.591250399244018e-05,0.01990369346458465,0.0012375872701539947,1.142668550476749e-06,0.003185996714590809,1.1427107438066741e-06,1.0824857099578367e-06,1.6710899330973916e-07,3.4487959155171666e-09,1.377158866944228e-07,4.2277580547533944e-08,7.776608867970936e-07,0.0,-1.4498659162143213e-08,7.787733125041996e-07,8.853661692675985e-10,2.037569696300423e-10,2.2703929014600277e-10,3.229590106457181e-08,7.776608867970936e-07,3.037124827187654e-07,1.6622362863927265e-07,3.2438367547626967e-09,1.3748883986863802e-07,9.981678594783716e-09,0.0,0.0
4.591500328388065e-05,0.019903862266801298,0.0005948064860863411,1.1426716435980273e-06,0.003640537690768561,1.1427139270381304e-06,1.0819982207976864e-06,1.6660736434914725e-07,3.939055304158501e-09,1.3773201601452456e-07,4.2277662259948556e-08,7.776588404340146e-07,0.0,-1.4498909628457568e-08,7.783375508552126e-07,4.5165196582708234e-10,1.6812440328806133e-10,2.2704635393999695e-10,3.2295943697135954e-08,7.776588404340146e-07,3.036606983641832e-07,1.661557149645887e-07,3.771465362234494e-09,1.3750496918873978e-07,9.981717674634183e-09,0.0,0.0
4.591750257532112e-05,0.019904031069017947,0.0004050053519435437,1.1426733313025723e-06,0.0029224080247224355,1.1427154049670207e-06,1.0827742471519741e-06,1.674010690067007e-07,3.164308148839723e-09,1.3771462192835315e-07,4.227770133979902e-08,7.776584993735014e-07,0.0,-1.4499144995738789e-08,7.782996362948325e-07,4.141021969772396e-10,7.804407120559631e-11,2.27052127099725e-10,3.229595080256331e-08,7.776584993735014e-07,3.044745255920134e-07,1.6698696470029972e-07,3.088014510765902e-09,1.3748757510256837e-07,9.981748760878872e-09,0.0,0.0
4.59200055047404e-05,0.019904199871234596,0.0009233035768900777,1.142675573517488e-06,0.0034816088016450656,1.1427174513300997e-06,1.0821726164067513e-06,1.6682405146184465e-07,3.767701706181015e-09,1.3768880080533563e-07,4.227776173593156e-08,7.776598067721352e-07,0.0,-1.4499340394991123e-08,7.784867648297222e-07,5.998934127227074e-10,2.1908068414955295e-10,2.2705823332636044e-10,3.229597922427274e-08,7.776598067721352e-07,3.0368590842044796e-07,1.6622416865175182e-07,3.544722515513854e-09,1.3746175397955085e-07,9.981781623480401e-09,0.0,0.0
4.592250115820207e-05,0.019904367218259722,0.0014090625992650985,1.142679476662899e-06,0.003735357581023858,1.1427215440562577e-06,1.081902837540838e-06,1.6654971091156767e-07,4.041293966139392e-09,1.376914724460221e-07,4.22778221320641e-08,7.776615689181199e-07,0.0,-1.4499625500263846e-08,7.789839742144977e-07,1.095323831634687e-09,5.3481281903078326e-11,2.2706769797764537e-10,3.229600409326849e-08,7.776615689181199e-07,3.0291880648292135e-07,1.6545439507353876e-07,3.990278774068656e-09,1.374644114093826e-07,9.98181626243877e-09,0.0,0.0
4.5925004087621346e-05,0.01990453602047637,0.0012206923259501234,1.1426839157475052e-06,0.0032725148845503377,1.1427262052166043e-06,1.0824062428582693e-06,1.670262008701684e-07,3.542190540883894e-09,1.377194394081016e-07,4.227786121191457e-08,7.776606025799992e-07,0.0,-1.4499831557657217e-08,7.787219828969683e-07,8.342663782023862e-10,1.5813679532517e-10,2.270757609723617e-10,3.229601475140953e-08,7.776606025799992e-07,3.036842883830104e-07,1.6619193843325775e-07,3.3828457812745683e-09,1.374923641606074e-07,9.981849125040299e-09,0.0,0.0
4.592750337906182e-05,0.019904703367501497,0.0006417480565637235,1.14268703248608e-06,0.003987385371243296,1.1427292747612228e-06,1.0816384019562975e-06,1.6624282750399288e-07,4.312909140935517e-09,1.377367198074353e-07,4.2277932266188145e-08,7.776588404340146e-07,0.0,-1.4500072254008955e-08,7.78323908434686e-07,4.3799933124866186e-10,1.5632586891634048e-10,2.2708254721059973e-10,3.229604672583264e-08,7.776588404340146e-07,3.03314465099902e-07,1.6580482053996093e-07,4.155283228612916e-09,1.3750963034908636e-07,9.981881987641827e-09,0.0,0.0
4.59300063084811e-05,0.019904872169718146,0.00044412822581163525,1.1426888654693147e-06,0.0035984714541510776,1.1427308663769509e-06,1.082058815882192e-06,1.6667645752477256e-07,3.8937577606645846e-09,1.3772397267075576e-07,4.2277964240611254e-08,7.776584425300825e-07,0.0,-1.4500328049393829e-08,7.782844022585778e-07,3.98860944272883e-10,7.569205678903401e-11,2.270894167155646e-10,3.2296057383973675e-08,7.776584425300825e-07,3.037744704670331e-07,1.6627760146548098e-07,3.820478600147226e-09,1.3749688321240683e-07,9.981907744815999e-09,0.0,0.0
4.593250196194276e-05,0.019905039516743273,0.0008896811637913449,1.1426910975596492e-06,0.00338012060827504,1.1427330264268676e-06,1.0822961939993547e-06,1.6693697091341164e-07,3.6582916695948597e-09,1.3769974316346634e-07,4.2278021084030115e-08,7.77659465711622e-07,0.0,-1.4500548317641915e-08,7.784138347233238e-07,5.27277110862201e-10,2.139233651332617e-10,2.2709097102779907e-10,3.229607870025575e-08,7.77659465711622e-07,3.038823592760309e-07,1.664096913600588e-07,3.4435947426914026e-09,1.374726537051174e-07,9.981944160131206e-09,0.0,0.0
4.593500489136204e-05,0.0199052068637684,0.0013258561920821421,1.1426948051955047e-06,0.0035705490418516017,1.1427368917793501e-06,1.0820942861755611e-06,1.6673260461175232e-07,3.863670716697243e-09,1.377006384473134e-07,4.22780743747353e-08,7.776610573273501e-07,0.0,-1.4500810330275726e-08,7.788295306454529e-07,9.413997359430937e-10,8.805844248227501e-11,2.2708776525881547e-10,3.229610001653782e-08,7.776610573273501e-07,3.0326475553010823e-07,1.6579120654114377e-07,3.77577213939162e-09,1.3747354898896447e-07,9.981973470019057e-09,0.0,0.0
4.5937500544823706e-05,0.019905374210793525,0.0011578939434002677,1.142698961677468e-06,0.003320929951832898,1.1427412118791835e-06,1.082367589333444e-06,1.6698149352123437e-07,3.594466946310604e-09,1.3772567797332158e-07,4.227811700729944e-08,7.776603752063238e-07,0.0,-1.4501051914805885e-08,7.786451874380873e-07,7.577400373826038e-10,1.4360855560280328e-10,2.2708541991267595e-10,3.229610712196518e-08,7.776603752063238e-07,3.0372234505193774e-07,1.6622375653696508e-07,3.451714691848906e-09,1.3749858851497265e-07,9.982013438047943e-09,0.0,0.0
4.5940003474242985e-05,0.01990554155781865,0.0006850198992257583,1.1427020457389594e-06,0.0033483736303709837,1.142744281423802e-06,1.0823407592397416e-06,1.6694249893589586e-07,3.62408125731406e-09,1.377394482915406e-07,4.2278173850718304e-08,7.776587835905957e-07,0.0,-1.4501280176659748e-08,7.782804232192575e-07,3.9457864753345007e-10,1.4452126995134762e-10,2.2708915303759625e-10,3.229613199096093e-08,7.776587835905957e-07,3.0406027917706524e-07,1.6654792034387356e-07,3.4787315250639494e-09,1.3751235883319168e-07,9.982045412471052e-09,0.0,0.0
4.594250276568346e-05,0.019905707449652255,0.0005564161231772502,1.14270410517994e-06,0.0034706105803634832,1.1427462141000433e-06,1.0822104741237126e-06,1.6682503201082e-07,3.755931121673939e-09,1.3772704221537424e-07,4.227821648328245e-08,7.776584425300825e-07,0.0,-1.4501525313903585e-08,7.782398370181909e-07,3.543100535186028e-10,7.462180179329536e-11,2.2709641112061973e-10,3.229613554367461e-08,7.776584425300825e-07,3.039706655272312e-07,1.6647072698106058e-07,3.681709603853278e-09,1.374999527570253e-07,9.982079163251001e-09,0.0,0.0
4.594499841914512e-05,0.01990587479667738,0.0009089818635262259,1.1427065574798768e-06,0.003205251420496316,1.1427484878367977e-06,1.0824987839441746e-06,1.6713177330984763e-07,3.4696807649226002e-09,1.3770777229638043e-07,4.227826622127395e-08,7.776592383379466e-07,0.0,-1.4501770451147422e-08,7.783801265759394e-07,4.937587005926503e-10,1.5141898845882906e-10,2.271014903909574e-10,3.2296149754529324e-08,7.776592383379466e-07,3.041186857899447e-07,1.6663801716276794e-07,3.31920624319082e-09,1.3748066862717678e-07,9.982115578566209e-09,0.0,0.0
4.59475013485644e-05,0.019906040688510984,0.0012368806089675388,1.142710117290479e-06,0.0031593543292818297,1.1427522395024425e-06,1.082551762010553e-06,1.6718263395887334e-07,3.4201645959797133e-09,1.3770866758022748e-07,4.227831240655178e-08,7.776604320497427e-07,0.0,-1.4501997824822865e-08,7.78684920987871e-07,7.973809945660548e-10,5.489420376592058e-11,2.2710494596012154e-10,3.229616396538404e-08,7.776604320497427e-07,3.038668126009725e-07,1.6638524868994864e-07,3.3647000741154898e-09,1.3748156391102384e-07,9.982148441167737e-09,0.0,0.0
4.595000064000487e-05,0.01990620803553611,0.0010623654562671447,1.1427139650103694e-06,0.003301815540519463,1.1427562185417628e-06,1.0824016953847604e-06,1.6701083893622126e-07,3.573890738906016e-09,1.377311207306775e-07,4.227835503911592e-08,7.776597499287163e-07,0.0,-1.4502234080282506e-08,7.784910849295557e-07,6.042609745904315e-10,1.159303000819456e-10,2.2711049707524467e-10,3.22961710708114e-08,7.776597499287163e-07,3.0391061045520473e-07,1.6640657918287616e-07,3.4578764296355757e-09,1.3750401706147386e-07,9.982183968304525e-09,0.0,0.0
4.5952499931445345e-05,0.019906373927369714,0.0006204073153401879,1.1427167565929757e-06,0.0032884225490898856,1.1427589470258681e-06,1.082418634723581e-06,1.6701547167485842e-07,3.5594498459801116e-09,1.377446636752211e-07,4.227839767168007e-08,7.776584993735014e-07,0.0,-1.4502480993883182e-08,7.782112447785039e-07,3.256467040468891e-10,8.76060890497854e-11,2.271235283179962e-10,3.229618883437979e-08,7.776584993735014e-07,3.042073615233676e-07,1.6668981572820485e-07,3.471541054622662e-09,1.3751754579516273e-07,9.982207949121857e-09,0.0,0.0
4.5955002860864624e-05,0.019906539819203317,0.0005548299491842101,1.142718706215623e-06,0.0035320784104216547,1.1427607660152717e-06,1.0821573823704966e-06,1.667681885919592e-07,3.822264726949243e-09,1.3773077967016434e-07,4.2278436751530535e-08,7.776583856866637e-07,0.0,-1.4502699485774428e-08,7.781869726386503e-07,3.014653526811628e-10,5.648565643001646e-11,2.2713900205140192e-10,3.229619238709347e-08,7.776583856866637e-07,3.0397035288842744e-07,1.664667195200309e-07,3.7649567907749315e-09,1.3750364757925126e-07,9.982242588080226e-09,0.0,0.0
4.5957502152305096e-05,0.01990670571103692,0.0009880651118692185,1.1427212657525304e-06,0.003506424217663606,1.1427632671257015e-06,1.0821871683219797e-06,1.6681553915987024e-07,3.794607295048991e-09,1.3771219187219685e-07,4.227848648952204e-08,7.77659465711622e-07,0.0,-1.4502948175731945e-08,7.784050808368193e-07,5.184746521003092e-10,1.1995092419336828e-10,2.2715065939316048e-10,3.2296210150661864e-08,7.77659465711622e-07,3.037821159068699e-07,1.662970561255861e-07,3.6752778598270197e-09,1.3748504557042907e-07,9.982276338860174e-09,0.0,0.0
4.596000144374557e-05,0.019906871602870524,0.0013168785103800928,1.1427250894657687e-06,0.003666193530158436,1.142767132478184e-06,1.0820185707416385e-06,1.6664061774918082e-07,3.966889483564273e-09,1.3771735041245847e-07,4.227853267479986e-08,7.776606025799992e-07,0.0,-1.4503174661228968e-08,7.787275535520166e-07,8.398015616251087e-10,2.044498945141804e-11,2.2715722358679358e-10,3.229622436151658e-08,7.776606025799992e-07,3.032910171896219e-07,1.6580082728978596e-07,3.944379933784603e-09,1.3749018989983597e-07,9.982309201461703e-09,0.0,0.0
4.596250437316485e-05,0.019907036039512604,0.0010776298229622228,1.1427290269148664e-06,0.004193434505016099,1.142771225204342e-06,1.0814542292791884e-06,1.660533683889298e-07,4.53500748065494e-09,1.3774123885923473e-07,4.227857530736401e-08,7.776596362418786e-07,0.0,-1.4503413581223867e-08,7.784730655657768e-07,5.862632046493843e-10,1.0293463303945316e-10,2.2716374614706325e-10,3.2296231466943937e-08,7.776596362418786e-07,3.029811921351211e-07,1.6546711378850887e-07,4.431945477278987e-09,1.3751407834661222e-07,9.982345616776911e-09,0.0,0.0
4.596500366460532e-05,0.019907201931346208,0.0006124857389309124,1.142731830678562e-06,0.0036359244315014336,1.142774067375285e-06,1.0820574516401393e-06,1.6664641577790462e-07,3.934279124706563e-09,1.377526217538616e-07,4.227862504535551e-08,7.776583856866637e-07,0.0,-1.4503677370214518e-08,7.781940780660079e-07,3.084979216527728e-10,6.390220991248086e-11,2.2717315528719695e-10,3.229625278322601e-08,7.776583856866637e-07,3.038633735741314e-07,1.663379123328923e-07,3.872840714791437e-09,1.3752544703038438e-07,9.982374038486341e-09,0.0,0.0
4.596750295604579e-05,0.01990736636798829,0.000597179440111395,1.142733819811363e-06,0.0035955655536917723,1.1427758863646886e-06,1.082102471627877e-06,1.6670863089984778e-07,3.890770372549923e-09,1.3773555451734865e-07,4.227866767791966e-08,7.776583288432448e-07,0.0,-1.4503871881288433e-08,7.781916337989969e-07,3.0611443935235627e-10,4.967103464648126e-11,2.271833832168113e-10,3.229625278322601e-08,7.776583288432448e-07,3.0391089467229904e-07,1.664025148784276e-07,3.839342177514027e-09,1.375083655830167e-07,9.982411341979969e-09,0.0,0.0
4.5970002247486264e-05,0.01990753080463037,0.0010479961076487743,1.14273652508279e-06,0.003738021676785111,1.1427785011619562e-06,1.0819512681337073e-06,1.6657449464219098e-07,4.044357293508938e-09,1.3771730777989433e-07,4.227872096862484e-08,7.77659465711622e-07,0.0,-1.450411879488911e-08,7.784371973684756e-07,5.505214617507193e-10,1.182842712665888e-10,2.2719197356746434e-10,3.229627409950808e-08,7.77659465711622e-07,3.0351409918694117e-07,1.6602398034137877e-07,3.927413505522281e-09,1.374901188455624e-07,9.982445092759917e-09,0.0,0.0
4.5972501538926736e-05,0.019907696696463972,0.0013066393829544443,1.14274043123078e-06,0.003449268717023701,1.1427824802012765e-06,1.0822664080478717e-06,1.668793601083962e-07,3.733027664765132e-09,1.3772647378118563e-07,4.227875649576163e-08,7.776605457365804e-07,0.0,-1.4504358603062428e-08,7.787216418364551e-07,8.339322010719741e-10,2.183443009728947e-11,2.2719816306082663e-10,3.229628475764912e-08,7.776605457365804e-07,3.035447093679977e-07,1.6604542452114401e-07,3.710647566990133e-09,1.3749927063599898e-07,9.982472626290928e-09,0.0,0.0
4.5975004468346015e-05,0.019907861133106053,0.001023762740023415,1.142744263265778e-06,0.003757206019138522,1.1427864592405967e-06,1.081937966773694e-06,1.66526092471031e-07,4.065063841096617e-09,1.3775249385616917e-07,4.227879912832577e-08,7.77659465711622e-07,0.0,-1.4504587753094711e-08,7.784078093209246e-07,5.211451270525913e-10,1.3011482169478228e-10,2.2720676728926748e-10,3.2296295415790155e-08,7.77659465711622e-07,3.035302142961882e-07,1.660049377960604e-07,3.935214376582508e-09,1.375252765001278e-07,9.982501936178778e-09,0.0,0.0
4.597750375978649e-05,0.01990802411455661,0.0006285081914407797,1.1427469561609093e-06,0.0030880795395526878,1.1427890740378643e-06,1.0826620382431429e-06,1.67241779536198e-07,3.3433464885490594e-09,1.3776190144199063e-07,4.227884176088992e-08,7.776583856866637e-07,0.0,-1.4504836443052227e-08,7.781754334246216e-07,2.897974082927135e-10,6.322339873854332e-11,2.2722214387815853e-10,3.229631673207223e-08,7.776583856866637e-07,3.0448666166194016e-07,1.669519775759909e-07,3.2825049345319712e-09,1.3753468408594927e-07,9.98252502881769e-09,0.0,0.0
4.598000305122696e-05,0.01990818855119869,0.0007300326010706293,1.14274919009977e-06,0.0033000360606424547,1.1427911204009433e-06,1.0824352330018883e-06,1.6703374683402217e-07,3.572075302216149e-09,1.3774278784239868e-07,4.227887018259935e-08,7.77658669903758e-07,0.0,-1.4505038947731919e-08,7.781972044540453e-07,3.1130223399067347e-10,1.1470276117808709e-10,2.2724183645905782e-10,3.2296320284785907e-08,7.77658669903758e-07,3.0423800012613356e-07,1.6672244385063095e-07,3.454466046548532e-09,1.375155420646479e-07,9.982551674170281e-09,0.0,0.0
4.598250234266743e-05,0.01990835298784077,0.001213144190778337,1.1427523853944362e-06,0.0035437168502100136,1.1427943036323995e-06,1.082175231204019e-06,1.6678703218531155e-07,3.834922601697599e-09,1.3772799434264016e-07,4.227892347330453e-08,7.776601478326484e-07,0.0,-1.4505304513079409e-08,7.785541242810723e-07,6.666778240571603e-10,1.311201841547316e-10,2.272569077366171e-10,3.229634515378166e-08,7.776601478326484e-07,3.0362110692294664e-07,1.6612035835805727e-07,3.705819429100643e-09,1.3750074856488936e-07,9.982579207701292e-09,0.0,0.0
4.598500527208671e-05,0.01990851596929133,0.0013628342646683222,1.142756583761489e-06,0.0030570287482297866,1.1427987374190707e-06,1.082704443433613e-06,1.673001008839492e-07,3.309858609412686e-09,1.3774349838513444e-07,4.227895900044132e-08,7.776607731102558e-07,0.0,-1.4505529222219593e-08,7.787274967085978e-07,8.394529515953764e-10,7.034693660923352e-11,2.2726981407927838e-10,3.229634870649534e-08,7.776607731102558e-07,3.03976861459887e-07,1.664606514850675e-07,3.2387497128638643e-09,1.3751622418567422e-07,9.982608517589142e-09,0.0,0.0
4.598750456352718e-05,0.01990868040593341,0.0009466655385601541,1.1427603814254143e-06,0.0038174631761469114,1.1428026027715532e-06,1.0818878308782587e-06,1.6646180256429943e-07,4.13006695509921e-09,1.3776674734344851e-07,4.227900518571914e-08,7.776592383379466e-07,0.0,-1.4505748602289259e-08,7.783038427078282e-07,4.172925893719537e-10,1.8538645618626504e-10,2.272858429241964e-10,3.229637002277741e-08,7.776592383379466e-07,3.0358398817043053e-07,1.6604451502644224e-07,3.942591142447327e-09,1.375394731439883e-07,9.982636051120153e-09,0.0,0.0
4.5990003854967654e-05,0.019908843387383968,0.0005270540117976452,1.1427627833149147e-06,0.003425648364072445,1.1428048765083076e-06,1.0823122238434735e-06,1.6688662185515568e-07,3.7076210990250047e-09,1.3776731577763712e-07,4.227905137099697e-08,7.77658271999826e-07,0.0,-1.4506034595740402e-08,7.781296176290198e-07,2.4402463383310646e-10,6.710129674125653e-11,2.273004146013946e-10,3.2296387786345804e-08,7.77658271999826e-07,3.041826062144537e-07,1.6664260726884095e-07,3.6440284123528954e-09,1.3754001315646747e-07,9.982661808294324e-09,0.0,0.0
4.5992503146408126e-05,0.019909006368834525,0.0006765681141303048,1.1427647449957147e-06,0.0032011505317197184,1.1428066954977112e-06,1.0825559684235486e-06,1.6715178219328664e-07,3.4654246139353972e-09,1.3774563001334172e-07,4.227909400356111e-08,7.776585562169203e-07,0.0,-1.4506229994992736e-08,7.78146670654678e-07,2.608017690697295e-10,1.3629222750388692e-10,2.2731419524468777e-10,3.229639489177316e-08,7.776585562169203e-07,3.044092977688706e-07,1.6689098458755325e-07,3.3266860377523244e-09,1.3751831318131735e-07,9.982698223609532e-09,0.0,0.0
4.59950024378486e-05,0.019909169350285083,0.0012175072121536346,1.142767831987156e-06,0.003589189195134161,1.1428097650423297e-06,1.082140101971163e-06,1.6674957237228227e-07,3.884005561616277e-09,1.377303675553776e-07,4.227915439969365e-08,7.776601478326484e-07,0.0,-1.4506511547551781e-08,7.785270099702757e-07,6.395091678434994e-10,1.4103469780923916e-10,2.2732157822780152e-10,3.229642331348259e-08,7.776601478326484e-07,3.036131204225967e-07,1.6611006969924347e-07,3.744698773289201e-09,1.3750305072335323e-07,9.98273108621106e-09,0.0,0.0
4.599750172928907e-05,0.01990933233173564,0.0014263767966724572,1.1427721410276647e-06,0.0029125784450109733,1.1428143125158385e-06,1.0828744052560069e-06,1.6746881215112808e-07,3.153956651402723e-09,1.3774454998838337e-07,4.227919347954412e-08,7.776610004839313e-07,0.0,-1.4506746914833002e-08,7.787651270518836e-07,8.767874759563199e-10,5.688767165668018e-11,2.273238403072142e-10,3.229643041890995e-08,7.776610004839313e-07,3.041092497824138e-07,1.6659203083690954e-07,3.097154532838431e-09,1.3751721894550428e-07,9.98276217245575e-09,0.0,0.0
4.600000465870835e-05,0.0199094953131862,0.0010461980662483938,1.1427761708660423e-06,0.0037748490943493767,1.1428184052419965e-06,1.0819479712154134e-06,1.6652063550282037e-07,4.084190319275649e-09,1.377678557901163e-07,4.2279239664821944e-08,7.776595225550409e-07,0.0,-1.4506980505757383e-08,7.783339697198244e-07,4.4713782676453206e-10,1.793839798924779e-10,2.2732618565335372e-10,3.2296448182478343e-08,7.776595225550409e-07,3.0361402991729847e-07,1.6607349095920654e-07,3.90150045603832e-09,1.3754053895809193e-07,9.98279237052202e-09,0.0,0.0
4.6002500312170014e-05,0.019909656839445233,0.0005942693849760872,1.1427788206517469e-06,0.003543215039797225,1.1428210200392641e-06,1.0821999012478045e-06,1.6676871439358365e-07,3.834466966168293e-09,1.377728011675572e-07,4.2279292955527126e-08,7.776583856866637e-07,0.0,-1.4507321566270548e-08,7.781185331623419e-07,2.3280866123798205e-10,8.708625487408028e-11,2.2732593585317318e-10,3.2296473051474095e-08,7.776583856866637e-07,3.040813680854626e-07,1.665358979607845e-07,3.751150501329903e-09,1.3754548433553282e-07,9.98282168040987e-09,0.0,0.0
4.600500324158929e-05,0.01990981982089579,0.0006045870009216969,1.1427807745652747e-06,0.003265111816559271,1.1428228390286677e-06,1.08250151242828e-06,1.6708330008441408e-07,3.5344884796728593e-09,1.3775974139207392e-07,4.2279328482663914e-08,7.776584425300825e-07,0.0,-1.4507507195560265e-08,7.781143835927651e-07,2.2861716686417566e-10,7.777294780408894e-11,2.2732590809759756e-10,3.2296476604187774e-08,7.776584425300825e-07,3.0438710041380546e-07,1.668546758537559e-07,3.4539227034002806e-09,1.3753241034919483e-07,9.98285276665456e-09,0.0,0.0
4.600749889505096e-05,0.019909981347154826,0.0010277107825871212,1.1427834111548206e-06,0.003802297534483304,1.1428253401390975e-06,1.0819243243531673e-06,1.6652148815410328e-07,4.1137981909855625e-09,1.3774322837889486e-07,4.227939598422381e-08,7.776596362418786e-07,0.0,-1.4507837597932394e-08,7.783072533129598e-07,4.202757586391215e-10,1.6676797442993774e-10,2.2733408211461636e-10,3.2296501473183525e-08,7.776596362418786e-07,3.0361709946191695e-07,1.661012163367559e-07,3.9487444425390095e-09,1.3751589733601577e-07,9.982893622861866e-09,0.0,0.0
4.601000182447024e-05,0.01991014287341386,0.0013342781155785133,1.1427872263871266e-06,0.0027740663504775154,1.1428293191784178e-06,1.083037318494462e-06,1.676298069241966e-07,3.0044173815468866e-09,1.3774642582120578e-07,4.227945282764267e-08,7.776610573273501e-07,0.0,-1.4508139578595092e-08,7.786979381307901e-07,8.094941938985301e-10,3.6012415272068665e-11,2.2734793214684856e-10,3.229651923675192e-08,7.776610573273501e-07,3.043393803636718e-07,1.6682029979619983e-07,2.9704667614538494e-09,1.3751908056747197e-07,9.982932702712333e-09,0.0,0.0
4.601250111591071e-05,0.01991030585486442,0.0011260773947086022,1.142791236310226e-06,0.003417479362062417,1.1428334119045758e-06,1.0823466709553031e-06,1.669180562657857e-07,3.69889741058671e-09,1.3776845264601434e-07,4.227949546020682e-08,7.776602046760672e-07,0.0,-1.4508337642382685e-08,7.784384479236905e-07,5.509077638521376e-10,1.2417161743272231e-10,2.2736340588025428e-10,3.229652634217928e-08,7.776602046760672e-07,3.03908251453322e-07,1.663671582718962e-07,3.5703415779408942e-09,1.3754109318142582e-07,9.982967341670701e-09,0.0,0.0
4.601500040735118e-05,0.01991046592593193,0.0006514581565864042,1.1427940816303584e-06,0.003668339305267332,1.1428362540755188e-06,1.0820785973919556e-06,1.6663925350712816e-07,3.969431450201455e-09,1.377806597702147e-07,4.227957006719407e-08,7.776587267471768e-07,0.0,-1.4508655610256938e-08,7.780963642289862e-07,2.1027732333145366e-10,8.87107123870301e-11,2.2737545180007146e-10,3.229655476388871e-08,7.776587267471768e-07,3.039822615846788e-07,1.6642897548990732e-07,3.8836938109909624e-09,1.3755328609477147e-07,9.983014415126945e-09,0.0,0.0
4.601750333677046e-05,0.019910627452190965,0.0005434985842476259,1.142796011799279e-06,0.0030903447516538456,1.1428380730649224e-06,1.082703647625749e-06,1.672783156436708e-07,3.345927535036708e-09,1.377668326085768e-07,4.227960559433086e-08,7.776584993735014e-07,0.0,-1.4508864332185567e-08,7.780587907291192e-07,1.728818477264582e-10,4.374722806232967e-11,2.2738320948345603e-10,3.2296558316602386e-08,7.776584993735014e-07,3.046448853183392e-07,1.6710544059606036e-07,3.300916873172355e-09,1.3753944472227886e-07,9.983048165906894e-09,0.0,0.0
4.6019998990232125e-05,0.01991078897845,0.0009946966474823071,1.1427984963884935e-06,0.003940029108367173,1.1428404604885145e-06,1.0817893780767918e-06,1.663851065814015e-07,4.26228163874498e-09,1.3774463525351166e-07,4.227966243774972e-08,7.776596362418786e-07,0.0,-1.4509105916715725e-08,7.782891202623432e-07,4.0207442930650927e-10,1.3116853436745401e-10,2.2738769200891795e-10,3.229657963288446e-08,7.776596362418786e-07,3.03500286236158e-07,1.6598303886894428e-07,4.129494524107713e-09,1.375172473672137e-07,9.983085469400521e-09,0.0,0.0
4.6022501919651404e-05,0.019910950504709035,0.0013710992391527954,1.1428023177700856e-06,0.003328588924496001,1.142844325840997e-06,1.0824521723407088e-06,1.6704254335309088e-07,3.60303831214992e-09,1.3774872797966964e-07,4.227972283388226e-08,7.776609436405124e-07,0.0,-1.4509409673735263e-08,7.786664468767412e-07,7.781351674118753e-10,3.0896667169155734e-11,2.2739619909284414e-10,3.2296590291025495e-08,7.776609436405124e-07,3.0378575388567697e-07,1.6626441379230528e-07,3.575856943882627e-09,1.3752132588251698e-07,9.983131654678346e-09,0.0,0.0
4.6025001211091876e-05,0.019911110575776547,0.0011464403344435548,1.1428063476225562e-06,0.0032319286229973592,1.1428485322539927e-06,1.0825604022102198e-06,1.6712704109522747e-07,3.498757950026743e-09,1.3777339802345523e-07,4.227976191373273e-08,7.776600341458106e-07,0.0,-1.450959441484656e-08,7.784094009366527e-07,5.21997445268596e-10,1.1636649976942692e-10,2.27409424624625e-10,3.229659739645285e-08,7.776600341458106e-07,3.041510296952765e-07,1.6660504797982867e-07,3.3798386311900686e-09,1.3754599592630257e-07,9.983161852744615e-09,0.0,0.0
4.602750050253235e-05,0.01991127064684406,0.0007123198013871956,1.142809322959748e-06,0.0034083522672845585,1.1428514881117735e-06,1.0823727052411414e-06,1.669333755671687e-07,3.6891074639555654e-09,1.3778058871594112e-07,4.227981165172423e-08,7.776587267471768e-07,0.0,-1.4509869750156668e-08,7.78111541421822e-07,2.2535533161782695e-10,8.01648539217048e-11,2.2742041583256878e-10,3.2296618712734926e-08,7.776587267471768e-07,3.0426119224102877e-07,1.6670801983309502e-07,3.611047016960356e-09,1.3755317240793374e-07,9.983194715346144e-09,0.0,0.0
4.603000343195163e-05,0.019911432173103094,0.0007019134372612257,1.1428116073177925e-06,0.00299392278184409,1.1428536481616902e-06,1.0828217682501418e-06,1.674008842655894e-07,3.2418847606408008e-09,1.3776221408079437e-07,4.2279861389715734e-08,7.77658669903758e-07,0.0,-1.4510093571118432e-08,7.781090403113922e-07,2.2295394697113835e-10,6.214308928553791e-11,2.274243571243062e-10,3.2296622265448605e-08,7.77658669903758e-07,3.047127279387496e-07,1.671779301659626e-07,3.178957097560442e-09,1.37534797772787e-07,9.983240012445549e-09,0.0,0.0
4.60325027233921e-05,0.019911592244170606,0.0010378657088772059,1.142814392200844e-06,0.003425980328993515,1.1428563766457955e-06,1.0823580396390753e-06,1.6695041438197222e-07,3.7081373527314554e-09,1.377480316477886e-07,4.22799004695662e-08,7.776595793984598e-07,0.0,-1.451033604382701e-08,7.782890065755055e-07,4.0201111883853e-10,1.037766608757984e-10,2.2742090155514205e-10,3.229663292358964e-08,7.776595793984598e-07,3.040690046418604e-07,1.6654840351293387e-07,3.60408880517582e-09,1.3752061533978122e-07,9.98326754597656e-09,0.0,0.0
4.603500201483257e-05,0.019911752315238118,0.001197693131459232,1.1428179706837445e-06,0.002959297036589889,1.1428600146246026e-06,1.082864969248476e-06,1.6745033803999831e-07,3.2045190945240165e-09,1.3775442653241043e-07,4.227993954941667e-08,7.776602046760672e-07,0.0,-1.4510624701813413e-08,7.784662443555135e-07,5.786320311784721e-10,4.567099129437757e-11,2.2742165095568367e-10,3.2296640029017e-08,7.776602046760672e-07,3.0439869647125306e-07,1.6687170045770472e-07,3.1607105821507275e-09,1.3752699601354834e-07,9.983300408578089e-09,0.0,0.0
4.603750494425185e-05,0.01991191238630563,0.0010052096244947961,1.1428214968937023e-06,0.0031601096380313603,1.1428636526034097e-06,1.0826515790540725e-06,1.6722346174447011e-07,3.4212976895986458e-09,1.3776858054370678e-07,4.227998573469449e-08,7.776595225550409e-07,0.0,-1.451083875281256e-08,7.782728062011302e-07,3.858770525333455e-10,8.385739325156294e-11,2.27431087851393e-10,3.229664358173068e-08,7.776595225550409e-07,3.043787160095235e-07,1.6683758019553352e-07,3.334547971078905e-09,1.3754115002484468e-07,9.983341264785395e-09,0.0,0.0
4.6040000597713515e-05,0.01991207100218162,0.0007459821881283801,1.1428242745619361e-06,0.003640309700176571,1.142866381087515e-06,1.082136009245005e-06,1.6670682612129895e-07,3.939310211364955e-09,1.3777042795481975e-07,4.228002481454496e-08,7.776587267471768e-07,0.0,-1.451110787087373e-08,7.780902251397492e-07,2.0409640644203364e-10,4.693735330962845e-11,2.2743937289071425e-10,3.2296654239871714e-08,7.776587267471768e-07,3.0404572726183687e-07,1.6650272982587921e-07,3.893271927069009e-09,1.3754299743595766e-07,9.983370574673245e-09,0.0,0.0
4.6042503527132794e-05,0.01991223107324913,0.0007306458237288371,1.1428266382161579e-06,0.0030905456619456533,1.1428686548242695e-06,1.08273104615364e-06,1.6731333118968905e-07,3.346229737744011e-09,1.3775898821677401e-07,4.2280063894395425e-08,7.776587267471768e-07,0.0,-1.4511353896295986e-08,7.780794817335845e-07,1.9331040934655874e-10,4.185426311087426e-11,2.2744149619224885e-10,3.2296654239871714e-08,7.776587267471768e-07,3.0465156442005537e-07,1.6712002093299816e-07,3.3051505976544604e-09,1.3753155769791192e-07,9.983407878166872e-09,0.0,0.0
4.6045002818573266e-05,0.01991238968912512,0.0009376948895718495,1.1428292844693948e-06,0.0035149970322368254,1.142871269621537e-06,1.0822755029948894e-06,1.6686331605342275e-07,3.8041951810896535e-09,1.3775286333839176e-07,4.2280099421532213e-08,7.776592951813655e-07,0.0,-1.4511570611830393e-08,7.782029456393502e-07,3.1624824980980293e-10,3.684282393057181e-11,2.2744120475870488e-10,3.229665779258539e-08,7.776592951813655e-07,3.040725005121203e-07,1.6654706769259064e-07,3.7653746787214004e-09,1.3752541860867495e-07,9.98344251712524e-09,0.0,0.0
4.604750211001374e-05,0.019912549760192633,0.0010199940523172302,1.1428324181629826e-06,0.0033223759312069716,1.142874566539831e-06,1.0824860510183498e-06,1.6706475491901074e-07,3.5964256017706475e-09,1.3776185880942649e-07,4.228013139595532e-08,7.77659465711622e-07,0.0,-1.4511858381638376e-08,7.78255696332053e-07,3.68790525895335e-10,2.3948036262377848e-11,2.274431754045736e-10,3.229665779258539e-08,7.77659465711622e-07,3.042303831080062e-07,1.6669596902829653e-07,3.575365115082718e-09,1.375344282905644e-07,9.98347271519151e-09,0.0,0.0
4.605000140145421e-05,0.019912708376068622,0.000859828688469122,1.14283539986029e-06,0.002865505288284392,1.1428775223976118e-06,1.0829819530044915e-06,1.6755113563249324e-07,3.1032905134509292e-09,1.3777176377516298e-07,4.228016337037843e-08,7.7765906780769e-07,0.0,-1.4512089308027498e-08,7.781468411849346e-07,2.603314508409227e-10,2.689453000581654e-11,2.2744590932877173e-10,3.229666134529907e-08,7.7765906780769e-07,3.048351118195569e-07,1.6729080698496546e-07,3.075680821140736e-09,1.3754431904544617e-07,9.98350113690094e-09,0.0,0.0
4.605250433087349e-05,0.01991286699194461,0.0007893499757543054,1.142838015719475e-06,0.0031872727125058084,1.1428801371948794e-06,1.0826369134520064e-06,1.6720935036573792e-07,3.4506590917970925e-09,1.377686089654162e-07,4.228019889751522e-08,7.776589541208523e-07,0.0,-1.4512340662520273e-08,7.781022759445477e-07,2.158739992319525e-10,2.0110057716293817e-11,2.2744953143138957e-10,3.229666134529907e-08,7.776589541208523e-07,3.045346375074587e-07,1.6699347327175929e-07,3.4305696061665003e-09,1.375411642356994e-07,9.983536664037729e-09,0.0,0.0
4.605500362231396e-05,0.0199130256078206,0.0009382808222859751,1.142840756016199e-06,0.002904371276250876,1.142882751992147e-06,1.0829446637217188e-06,1.675212644158819e-07,3.1452733750825246e-09,1.3776424623301864e-07,4.228023087193833e-08,7.776591814945277e-07,0.0,-1.4512576917979914e-08,7.781810609230888e-07,2.9439298221412e-10,2.4613106691662168e-11,2.2745944017188435e-10,3.229666134529907e-08,7.776591814945277e-07,3.047636596420489e-07,1.6722685813874705e-07,3.1210880546694852e-09,1.3753678729244712e-07,9.983569526639258e-09,0.0,0.0
4.6057502913754433e-05,0.01991318422369659,0.0010434997947967872,1.142843899434885e-06,0.0034286998042088366,1.1428859352236032e-06,1.082381800188159e-06,1.6695420868018118e-07,3.711162266384349e-09,1.3776801210951817e-07,4.228025929364776e-08,7.776595793984598e-07,0.0,-1.4512788304443802e-08,7.782664965816366e-07,3.7947447961705905e-10,2.5147267948555374e-11,2.2747288774827013e-10,3.229666489801275e-08,7.776595793984598e-07,3.0411527518481307e-07,1.6657473622672114e-07,3.6828609051298145e-09,1.3754053895809193e-07,9.983596171991849e-09,0.0,0.0
4.6060002205194905e-05,0.019913341384381056,0.0010359783746132223,1.1428471675570093e-06,0.003902684557234763,1.142889232141897e-06,1.0818737337103812e-06,1.6644348477257154e-07,4.222211913429419e-09,1.3777054164165747e-07,4.2280301926211905e-08,7.776596930852975e-07,0.0,-1.4513053869791293e-08,7.782914508425165e-07,4.0426892389255897e-10,2.109766701618998e-11,2.2748512795711662e-10,3.229666489801275e-08,7.776596930852975e-07,3.035822544461553e-07,1.6603921437763347e-07,4.201305969786517e-09,1.3754305427937652e-07,9.983637028199155e-09,0.0,0.0
4.606250149663538e-05,0.019913500000257045,0.0009965540294050168,1.1428503914760868e-06,0.003871114800006557,1.142892529060191e-06,1.0819106819326407e-06,1.6647824452320492e-07,4.188200453114632e-09,1.3777292906524963e-07,4.228033745334869e-08,7.776595225550409e-07,0.0,-1.4513271473504119e-08,7.782509214848687e-07,3.6389241619971813e-10,2.793245669485689e-11,2.2749901962271224e-10,3.229666489801275e-08,7.776595225550409e-07,3.036597888694814e-07,1.6611434716651274e-07,4.15938883335798e-09,1.3754542749211396e-07,9.983672555335943e-09,0.0,0.0
4.6065004426054657e-05,0.01991365716094151,0.000861219061649765,1.1428533111649925e-06,0.004017864778650917,1.1428954849179718e-06,1.0817551583386376e-06,1.6631587129722902e-07,4.346345949812758e-09,1.3778016239029967e-07,4.228037653319916e-08,7.776591814945277e-07,0.0,-1.4513549473349485e-08,7.781600288581103e-07,2.7335703145503487e-10,2.5416361723595848e-11,2.275140631446959e-10,3.229666845072643e-08,7.776591814945277e-07,3.035951579022367e-07,1.660425255067821e-07,4.322175950477458e-09,1.3755264660630928e-07,9.983707194294311e-09,0.0,0.0
4.606750371749513e-05,0.0199138157768175,0.0007684692181584296,1.1428558961093335e-06,0.0033619829084886046,1.1428979860284016e-06,1.0824645642060204e-06,1.670255471708515e-07,3.6392273639052064e-09,1.3777996343833365e-07,4.2280419165763306e-08,7.776590109642711e-07,0.0,-1.4513779511560188e-08,7.781149520269537e-07,2.283943451031334e-10,1.915701798582692e-11,2.2752510986379093e-10,3.229666845072643e-08,7.776590109642711e-07,3.043495837573573e-07,1.6679715031386877e-07,3.6215013210494362e-09,1.3755244765434327e-07,9.983749826858457e-09,0.0,0.0
4.6069999370956793e-05,0.019913972937501967,0.0009384558953851041,1.1428585787245253e-06,0.0036056144002028327,1.1429006008256692e-06,1.0822041076608002e-06,1.6677462610914517e-07,3.902010714540438e-09,1.3776998741832358e-07,4.2280454692900094e-08,7.776595225550409e-07,0.0,-1.4513990009845656e-08,7.782135185152583e-07,3.264487014043027e-10,3.9066024720701975e-11,2.2753254835805592e-10,3.229667200344011e-08,7.776595225550409e-07,3.0399064598896075e-07,1.6644817435462755e-07,3.860999076010785e-09,1.3754245742347848e-07,9.983783577638405e-09,0.0,0.0
4.6072498662397265e-05,0.019914130098186433,0.0011444275487120237,1.1428618521984026e-06,0.003701770992336538,1.1429038977439632e-06,1.0821034948094166e-06,1.6667337376929936e-07,4.00569932779149e-09,1.3776987373148586e-07,4.22804866673232e-08,7.776602615194861e-07,0.0,-1.4514258239728406e-08,7.783776823089283e-07,4.898828009913814e-10,2.4746239779549484e-11,2.275460236900173e-10,3.2296675556153787e-08,7.776602615194861e-07,3.0372581250048825e-07,1.661834829747022e-07,3.982384200185152e-09,1.3754232952578604e-07,9.983811111169416e-09,0.0,0.0
4.6075001591816545e-05,0.0199142872588709,0.0010822136107803693,1.1428653516028896e-06,0.0034094740860022782,1.1429075357227703e-06,1.0824220453287126e-06,1.6697985927294212e-07,3.6904899136658287e-09,1.377819671688485e-07,4.228052574717367e-08,7.776601478326484e-07,0.0,-1.4514468738013875e-08,7.783331739119603e-07,4.4546130673062123e-10,2.842141452741309e-11,2.275632599024746e-10,3.2296675556153787e-08,7.776601478326484e-07,3.0408881457333337e-07,1.6653439161018468e-07,3.6616629728314365e-09,1.3755440875229397e-07,9.983849302841463e-09,0.0,0.0
4.6077504521235824e-05,0.019914444419555366,0.0009516757542772369,1.142868548077337e-06,0.003713898145184048,1.1429106052673887e-06,1.0820965599123156e-06,1.6665120483594364e-07,4.018796406768388e-09,1.3778567620192916e-07,4.2280564827024136e-08,7.776596930852975e-07,0.0,-1.451472098068507e-08,7.782113016219228e-07,3.240362977940947e-10,3.066933165762897e-11,2.275785254690632e-10,3.2296679108867465e-08,7.776596930852975e-07,3.038852582903928e-07,1.663271689267276e-07,3.987707497543624e-09,1.375580893636652e-07,9.98388749451351e-09,0.0,0.0
4.6080003812676296e-05,0.01991460012504831,0.0009791481103958999,1.1428715544761535e-06,0.0035074501160899493,1.1429136748120072e-06,1.0823218872246798e-06,1.668820601707921e-07,3.796190028992896e-09,1.377802050228638e-07,4.228059324873357e-08,7.776596362418786e-07,0.0,-1.4514964341572067e-08,7.78217724928254e-07,3.305037632461705e-10,2.7561990884050758e-11,2.275936245021981e-10,3.2296679108867465e-08,7.776596362418786e-07,3.041041622964258e-07,1.6655154411182593e-07,3.769380807483458e-09,1.3755260397374514e-07,9.983912363509262e-09,0.0,0.0
4.608250310411677e-05,0.019914757285732776,0.0010542021387518474,1.1428747501033225e-06,0.0036743240662249583,1.1429168580434634e-06,1.0821448768183473e-06,1.667083751044629e-07,3.976150964035696e-09,1.3777658125491143e-07,4.2280628775870355e-08,7.776599204589729e-07,0.0,-1.4515183721641733e-08,7.782776378917333e-07,3.9011519015197393e-10,3.6786747259487385e-11,2.2760207607497307e-10,3.2296682661581144e-08,7.776599204589729e-07,3.0386723892661394e-07,1.6631825872082118e-07,3.9381471417243574e-09,1.3754898020579276e-07,9.98394789064605e-09,0.0,0.0
4.608500239555724e-05,0.01991491299122572,0.0010735584570240597,1.1428780631434468e-06,0.003560875498962683,1.1429201549617574e-06,1.0822702734003542e-06,1.6683351589108497e-07,3.8538296998069654e-09,1.37776652309185e-07,4.228066430300714e-08,7.776600341458106e-07,0.0,-1.4515454616059742e-08,7.783095838931331e-07,4.2193015747926665e-10,2.993617159718909e-11,2.2760858475745493e-10,3.2296682661581144e-08,7.776600341458106e-07,3.0396063266380224e-07,1.664115814037359e-07,3.825930683376555e-09,1.3754905126006634e-07,9.983982529604418e-09,0.0,0.0
4.608750168699771e-05,0.019915070151910186,0.001007174372760794,1.142881333237404e-06,0.0033051833018113877,1.1429234518800513e-06,1.0825490335264476e-06,1.6710731642888277e-07,3.5780229890036708e-09,1.3778202401226736e-07,4.228069272471657e-08,7.776597499287163e-07,0.0,-1.4515650903490496e-08,7.782418833812699e-07,3.545393423287635e-10,4.347316950870095e-11,2.276156346736613e-10,3.2296682661581144e-08,7.776597499287163e-07,3.0430717856688716e-07,1.667527698145932e-07,3.5332403669485757e-09,1.3755440875229397e-07,9.98400739860017e-09,0.0,0.0
4.6090000978438184e-05,0.01991522585740313,0.0008381761187112036,1.1428842065494832e-06,0.0037133225510495357,1.1429262940509943e-06,1.082111452888057e-06,1.6666353985783644e-07,4.0182288607581995e-09,1.3778864627056464e-07,4.228072825185336e-08,7.776592951813655e-07,0.0,-1.4515911139767468e-08,7.781357567182567e-07,2.4884619365117544e-10,3.475797080709775e-11,2.2762088047745266e-10,3.229668621429482e-08,7.776592951813655e-07,3.039757245915098e-07,1.6641469358091854e-07,3.98392874245701e-09,1.3756103101059125e-07,9.984042037558538e-09,0.0,0.0
4.609250390785746e-05,0.019915381562896073,0.0008052286583613011,1.1428867654209924e-06,0.0030458322924001757,1.1429287951614242e-06,1.0828338190549402e-06,1.673911640409642e-07,3.2981302133805457e-09,1.3778335983261059e-07,4.228076377899015e-08,7.776592383379466e-07,0.0,-1.4516149171583947e-08,7.781123372296861e-07,2.2546406408530117e-10,4.2413000195251627e-11,2.2762730589320768e-10,3.22966897670085e-08,7.776592383379466e-07,3.0472145340354473e-07,1.6716570883090753e-07,3.2577613939821504e-09,1.3755573036178248e-07,9.984076676516906e-09,0.0,0.0
4.6095003199297935e-05,0.019915537268389016,0.0010484991551109601,1.1428896517770222e-06,0.0033340924613287364,1.1429316373323672e-06,1.0825252729773638e-06,1.670925655616884e-07,3.6092393518316612e-09,1.3777287222183077e-07,4.228079220069958e-08,7.776598636155541e-07,0.0,-1.4516337465408924e-08,7.782674629197572e-07,3.799624503919574e-10,5.452916243542383e-11,2.2763235740796972e-10,3.229669331972218e-08,7.776598636155541e-07,3.04257838479316e-07,1.6671260993916803e-07,3.551685390235093e-09,1.3754522854014795e-07,9.984100657334238e-09,0.0,0.0
4.609750249073841e-05,0.01991569297388196,0.0011667699244313212,1.1428931010726625e-06,0.003701072295488594,1.1429351616243366e-06,1.082132712326711e-06,1.666930415922252e-07,4.005051401634319e-09,1.3777950869098277e-07,4.228082417512269e-08,7.776601478326484e-07,0.0,-1.4516619017967969e-08,7.783638125147263e-07,4.760267735548496e-10,3.432569506411909e-11,2.2763932405744924e-10,3.229669687243586e-08,7.776601478326484e-07,3.0376889981198474e-07,1.6621702059183008e-07,3.971842410521731e-09,1.3755186500929995e-07,9.984129079043669e-09,0.0,0.0
4.610000178217888e-05,0.01991584722418338,0.0009137566396475449,1.1428963102911587e-06,0.00334984612674163,1.1429384585426305e-06,1.082514586414618e-06,1.6706076166883577e-07,3.6262572944423255e-09,1.3779438745586958e-07,4.2280863254973156e-08,7.776594088682032e-07,0.0,-1.4516836621680795e-08,7.781671911288868e-07,2.801522624995556e-10,6.720411727112463e-11,2.2765125895496396e-10,3.229670042514954e-08,7.776594088682032e-07,3.043473384423123e-07,1.6678060887898027e-07,3.558953576288104e-09,1.3756672956333205e-07,9.984161941645198e-09,0.0,0.0
4.610250471159816e-05,0.019916002929676324,0.0006780814441142979,1.142898788870494e-06,0.0035722260276652667,1.1429408459662227e-06,1.0822767535501043e-06,1.66822687219792e-07,3.86613718816875e-09,1.3779535379399022e-07,4.2280895229396265e-08,7.776587267471768e-07,0.0,-1.4517077318032534e-08,7.780446367178229e-07,1.5823381493973443e-10,3.6544940684724025e-11,2.2766245832972487e-10,3.2296707530576896e-08,7.776587267471768e-07,3.042321452539909e-07,1.6666446356339293e-07,3.82955933631024e-09,1.3756769590145268e-07,9.984187698819369e-09,0.0,0.0
4.610500036505982e-05,0.019916157179977745,0.0007527298083402911,1.1429009959011637e-06,0.0032760222988854762,1.1429430060161394e-06,1.0825981462403433e-06,1.6715223694063752e-07,3.546615667815445e-09,1.3778712570911011e-07,4.2280927203819374e-08,7.776587835905957e-07,0.0,-1.451732511981163e-08,7.780741952956305e-07,1.8772985943549259e-10,4.3660523113553396e-11,2.276763638731083e-10,3.2296707530576896e-08,7.776587835905957e-07,3.0452395094471285e-07,1.669645115498497e-07,3.5038445478363656e-09,1.3755945360571786e-07,9.984217896885639e-09,0.0,0.0
4.61075032944791e-05,0.01991631288547069,0.0009830897539959693,1.1429036986675697e-06,0.003437257119037929,1.1429457345002447e-06,1.0824265928022214e-06,1.6698625415756396e-07,3.720578511945405e-09,1.3778092977645429e-07,4.228096983638352e-08,7.77659465711622e-07,0.0,-1.4517550717130234e-08,7.782184638926992e-07,3.3134317511951394e-10,6.604090885264924e-11,2.2769437724168284e-10,3.229671818871793e-08,7.77659465711622e-07,3.042081289095222e-07,1.666548996581696e-07,3.6534966163515037e-09,1.375532292513526e-07,9.984249871308748e-09,0.0,0.0
4.6110002585919574e-05,0.01991646713577211,0.0011252600589936046,1.1429069508035112e-06,0.003114078951972335,1.1429490314185387e-06,1.082778339878132e-06,1.6733378060962423e-07,3.3718572378660383e-09,1.3778462459868024e-07,4.228099825809295e-08,7.776599204589729e-07,0.0,-1.4517820723369823e-08,7.783747264511476e-07,4.870699954473423e-10,2.1036276887098637e-11,2.2771888541495144e-10,3.229672529414529e-08,7.776599204589729e-07,3.044036134269845e-07,1.668467177751154e-07,3.3538478660943838e-09,1.3755690986272384e-07,9.98427385212608e-09,0.0,0.0
4.6112501877360046e-05,0.01991662138607353,0.0009816825488532799,1.1429102007688347e-06,0.0027823284425168805,1.1429523283368326e-06,1.0831396366484114e-06,1.6768100863373547e-07,3.0136502182642744e-09,1.3779937546587462e-07,4.228103023251606e-08,7.776592951813655e-07,0.0,-1.4518020563514256e-08,7.782167585901334e-07,3.297359052467641e-10,7.113604150177366e-11,2.2774412911097386e-10,3.229672884685897e-08,7.776592951813655e-07,3.0492290647998743e-07,1.6735125996092393e-07,2.94057955763094e-09,1.375716323082088e-07,9.984299609300251e-09,0.0,0.0
4.6115004806779325e-05,0.01991677563637495,0.000666564707170636,1.1429127431951952e-06,0.0035477985345556532,1.1429549431341002e-06,1.0823157481354428e-06,1.668495173134943e-07,3.839838225161429e-09,1.37807688815883e-07,4.2281076417793884e-08,7.776584993735014e-07,0.0,-1.4518285240683326e-08,7.780456598993624e-07,1.5941284403631073e-10,3.68652747217979e-11,2.277632249469974e-10,3.2296739505000005e-08,7.776584993735014e-07,3.042700313926616e-07,1.6669009994529915e-07,3.801992942698007e-09,1.3757993144736247e-07,9.98433513643704e-09,0.0,0.0
4.61175040982198e-05,0.01991692988667637,0.000646458120483473,1.1429147685368646e-06,0.0030345768988644137,1.1429567621235037e-06,1.082871108337713e-06,1.6741493880090275e-07,3.2860556498093274e-09,1.377976843741635e-07,4.228110839221699e-08,7.776584993735014e-07,0.0,-1.451854192424662e-08,7.780314490446472e-07,1.4521092661645696e-10,3.5997104602669694e-11,2.2777817132446643e-10,3.2296743057713684e-08,7.776584993735014e-07,3.0483963087135635e-07,1.672697322874228e-07,3.252502267514501e-09,1.3756989858393354e-07,9.98436444632489e-09,0.0,0.0
4.612000338966027e-05,0.01991708268178627,0.0010227735258827586,1.142917319041193e-06,0.0032714320643122416,1.1429592632339336e-06,1.0826177003764315e-06,1.6717339690330846e-07,3.541710258403441e-09,1.377849514483387e-07,4.228114391935378e-08,7.776593520247843e-07,0.0,-1.4518742652569472e-08,7.782417696944322e-07,3.546118398922715e-10,7.30949467619979e-11,2.2778813557611244e-10,3.229675371585472e-08,7.776593520247843e-07,3.0437595910370874e-07,1.6681879344560002e-07,3.4653193647926628e-09,1.3755716565810872e-07,9.984387538963801e-09,0.0,0.0
4.612250268110074e-05,0.01991723693208769,0.001269649784800847,1.1429208551110596e-06,0.0034956581185357346,1.1429629012127407e-06,1.0823790717040538e-06,1.6692762017100904e-07,3.783627189335448e-09,1.377912326461228e-07,4.2281186551917926e-08,7.776602046760672e-07,0.0,-1.4519057067730046e-08,7.784929607623781e-07,6.04934879966379e-10,1.3319945840750691e-11,2.2779723940491436e-10,3.229676082128208e-08,7.776602046760672e-07,3.038861109416757e-07,1.6632269250749232e-07,3.772916201683074e-09,1.3756343264503812e-07,9.98442306610059e-09,0.0,0.0
4.612500197254121e-05,0.019917389727197587,0.0010814207212061222,1.142924447431823e-06,0.0030283177008963514,1.1429666528783855e-06,1.0828867971213185e-06,1.6742075104048126e-07,3.2793252557894448e-09,1.378064524715228e-07,4.228121497362736e-08,7.776596362418786e-07,0.0,-1.451925157880396e-08,7.783266937622102e-07,4.392504970862632e-10,4.8208631531210244e-11,2.2780841102409966e-10,3.2296764373995757e-08,7.776596362418786e-07,3.045601602025272e-07,1.6698150773208909e-07,3.229263523252257e-09,1.375786524704381e-07,9.98444971145318e-09,0.0,0.0
4.6127501263981685e-05,0.019917543977499008,0.0007970665477670669,1.1429273450040976e-06,0.00405034343636698,1.1429694950493285e-06,1.0817871043400373e-06,1.6631982191483985e-07,4.381609297610112e-09,1.3780854146716592e-07,4.2281254053477824e-08,7.776587267471768e-07,0.0,-1.4519527802292487e-08,7.781057433930982e-07,2.1916553294420993e-10,4.8569072375048705e-11,2.2782344066829552e-10,3.229677503213679e-08,7.776587267471768e-07,3.036813609469391e-07,1.661006479025673e-07,4.331071057350755e-09,1.375807130443718e-07,9.984478133162611e-09,0.0,0.0
4.6130004193400964e-05,0.019917696772608906,0.0007286039099485553,1.1429296761539501e-06,0.003390651065261165,1.142971768786083e-06,1.082500261873065e-06,1.6703981486898556e-07,3.670380666065398e-09,1.3780193341972335e-07,4.228128602790093e-08,7.776584993735014e-07,0.0,-1.4519835112025703e-08,7.780839155202557e-07,1.9756550562188835e-10,1.5953944762503447e-11,2.2784522879515379e-10,3.229677858485047e-08,7.776584993735014e-07,3.044163179310999e-07,1.668422413558801e-07,3.6589526963837216e-09,1.3757409078607452e-07,9.984507443050461e-09,0.0,0.0
4.6132503484841436e-05,0.019917849567718804,0.0008564086282631771,1.1429320979755998e-06,0.002987915265182353,1.1429741562096751e-06,1.0829370467035915e-06,1.674847140975544e-07,3.2357241330771558e-09,1.3779350638287724e-07,4.228132155503772e-08,7.776588404340146e-07,0.0,-1.4520026070385939e-08,7.781469548717723e-07,2.6022611843146137e-10,4.378827508921823e-11,2.2786830755627818e-10,3.229678213756415e-08,7.776588404340146e-07,3.047901202535286e-07,1.672244849260096e-07,3.1897304797467996e-09,1.3756563532751898e-07,9.98453852929515e-09,0.0,0.0
4.613500277628191e-05,0.0199180023628287,0.0010520620306696815,1.1429350140254405e-06,0.0036054120542949692,1.1429771120674559e-06,1.0822733429449727e-06,1.6682609782492364e-07,3.902041356695918e-09,1.3778772256500815e-07,4.228135352946083e-08,7.776595225550409e-07,0.0,-1.4520309399301823e-08,7.783200430822035e-07,4.3264208882121125e-10,2.174562786783074e-11,2.2788773645920912e-10,3.229678924299151e-08,7.776595225550409e-07,3.039532998627692e-07,1.663934483531193e-07,3.879980781107406e-09,1.3755983729879517e-07,9.984562510112482e-09,0.0,0.0
4.613750570570119e-05,0.0199181551579386,0.0011021631152351163,1.1429383055761197e-06,0.00333994193007053,1.1429804089857498e-06,1.082562789633812e-06,1.6710946226794476e-07,3.615696853032091e-09,1.3779369112398854e-07,4.228138905659762e-08,7.776596362418786e-07,0.0,-1.4520547431118302e-08,7.783499427205243e-07,4.624308436174118e-10,2.035477689177334e-11,2.2790094811320216e-10,3.229678924299151e-08,7.776596362418786e-07,3.042128184915782e-07,1.6664702684465738e-07,3.5961982280952043e-09,1.3756579164692084e-07,9.98459803724927e-09,0.0,0.0
4.614000499714166e-05,0.019918306497856975,0.0008944967395780878,1.1429413273195142e-06,0.0032935986367488845,1.1429834785303683e-06,1.0826155403265147e-06,1.671518532475602e-07,3.565701067742566e-09,1.3780471874724753e-07,4.2281428136448085e-08,7.776590109642711e-07,0.0,-1.4520799673789497e-08,7.781746944601764e-07,2.877676985590938e-10,4.120210075897468e-11,2.279067073951424e-10,3.2296796348418866e-08,7.776590109642711e-07,3.044409027097572e-07,1.6686409765043209e-07,3.5243945539775723e-09,1.3757681927017984e-07,9.984632676207639e-09,0.0,0.0
4.6142500650603324e-05,0.019918459292966872,0.0006890994648056648,1.142943746977075e-06,0.0033256195430570665,1.1429858659539605e-06,1.082583139577764e-06,1.6711845773897949e-07,3.600259645963888e-09,1.3780601193502662e-07,4.2281456558157515e-08,7.776586130603391e-07,0.0,-1.4521036817427557e-08,7.780655550959636e-07,1.7899109971963867e-10,1.5399037947561034e-11,2.279134381222292e-10,3.2296799901132545e-08,7.776586130603391e-07,3.04517556060091e-07,1.6693947202384152e-07,3.5847151913515063e-09,1.375780982471042e-07,9.98465754520339e-09,0.0,0.0
4.61450035800226e-05,0.019918610632885247,0.0008433032523048056,1.142946066114096e-06,0.0032268280220436782,1.1429880260038772e-06,1.0826915968209505e-06,1.672390510520927e-07,3.4936595838530593e-09,1.3779352059373196e-07,4.22814920852943e-08,7.7765906780769e-07,0.0,-1.4521279290136135e-08,7.781401905049279e-07,2.531976572850425e-10,5.124421026403425e-11,2.2792263909554578e-10,3.2296803453846223e-08,7.7765906780769e-07,3.045514631594415e-07,1.6698585625363194e-07,3.4436506979318438e-09,1.3756560690580955e-07,9.98468774326966e-09,0.0,0.0
4.6147502871463075e-05,0.019918763427995145,0.0011958746768001571,1.1429491818782538e-06,0.002812361321279419,1.1429912092353334e-06,1.0831419103851658e-06,1.6769526212101482e-07,3.0461864142239392e-09,1.3778658569663094e-07,4.228153827057213e-08,7.776600909892295e-07,0.0,-1.4521525315558392e-08,7.784111062392185e-07,5.230962885072188e-10,3.5084234129012515e-11,2.279333249921578e-10,3.229681411198726e-08,7.776600909892295e-07,3.0473080414594733e-07,1.6717216055894824e-07,3.0114755134036386e-09,1.375586435869991e-07,9.984725934941707e-09,0.0,0.0
4.615000216290355e-05,0.01991891476791352,0.0012243449683887742,1.1429528446366894e-06,0.0034653726397923215,1.1429949609009782e-06,1.082440689970099e-06,1.669813229909778e-07,3.751060351220303e-09,1.377990770379256e-07,4.228157024499524e-08,7.776602615194861e-07,0.0,-1.4521719826632307e-08,7.78440721660445e-07,5.525341850720622e-10,2.64089687618263e-11,2.279440108887698e-10,3.229681411198726e-08,7.776602615194861e-07,3.0399991146623506e-07,1.6642879074879602e-07,3.720764585324332e-09,1.3757113492829376e-07,9.984757021186397e-09,0.0,0.0
4.615250145434402e-05,0.019919066107831895,0.000897647639133109,1.1429560560585695e-06,0.003838794082587112,1.1429982578192721e-06,1.082040853361832e-06,1.6656780132962012e-07,4.15373202500291e-09,1.378138421159747e-07,4.228161287755938e-08,7.776592383379466e-07,0.0,-1.452200848461871e-08,7.78161791004095e-07,2.745869365217146e-10,6.552432901818506e-11,2.279530592064205e-10,3.2296824770128296e-08,7.776592383379466e-07,3.038790907794464e-07,1.66293219194813e-07,4.090273453272175e-09,1.3758588579548814e-07,9.984787219252667e-09,0.0,0.0
4.61550043837633e-05,0.01991921744775027,0.0007101771989450334,1.1429584893393671e-06,0.00325917279517736,1.1430005315560265e-06,1.0826680636455421e-06,1.6719879170068452e-07,3.5286022992409016e-09,1.378105736193902e-07,4.228165551012353e-08,7.776587267471768e-07,0.0,-1.4522235858294152e-08,7.780672035551106e-07,1.8052691286296607e-10,1.385356673128113e-11,2.2796438348127168e-10,3.2296831875555654e-08,7.776587267471768e-07,3.046008600904315e-07,1.670182712132373e-07,3.514605939614057e-09,1.3758260308804893e-07,9.984824522746294e-09,0.0,0.0
4.615750367520377e-05,0.019919368787668645,0.0008757551720521561,1.1429608894881229e-06,0.003796814127919798,1.1430029189796187e-06,1.0820903071362409e-06,1.6663318547216477e-07,4.108495765819953e-09,1.3779796859125781e-07,4.228168037911928e-08,7.776591246511089e-07,0.0,-1.452245079747172e-08,7.78137291490566e-07,2.501707729862801e-10,5.48007403344819e-11,2.2798142540469968e-10,3.229683542826933e-08,7.776591246511089e-07,3.0395298722396547e-07,1.6638300337490364e-07,4.0523402411452025e-09,1.3756998384906183e-07,9.984844950849947e-09,0.0,0.0
4.6159999328665435e-05,0.019919518672395498,0.0011267373967878136,1.1429638909186398e-06,0.0033093957692000736,1.1430059885242372e-06,1.082618723557971e-06,1.6716461459509446e-07,3.5828138233995332e-09,1.377939327085187e-07,4.228173011711078e-08,7.776601478326484e-07,0.0,-1.4522726132781827e-08,7.783564228702744e-07,4.682705889713645e-10,4.33430860646844e-11,2.2800304699810425e-10,3.229684608641037e-08,7.776601478326484e-07,3.042622722659871e-07,1.6669633851051913e-07,3.5427429878609473e-09,1.37565933755468e-07,9.984883142521994e-09,0.0,0.0
4.6162502258084714e-05,0.019919670012313873,0.0012028559434381636,1.1429674165232994e-06,0.0033561876142044022,1.1430095128162066e-06,1.0825715435203165e-06,1.6711027228666353e-07,3.633313205853028e-09,1.37800853394765e-07,4.228176564424757e-08,7.776604320497427e-07,0.0,-1.4522898439395249e-08,7.784377089592454e-07,5.492497567871624e-10,2.255551995178351e-11,2.280245992025698e-10,3.229684963912405e-08,7.776604320497427e-07,3.0413386298278056e-07,1.6656102275192097e-07,3.606876797235259e-09,1.3757282602000487e-07,9.984916005123523e-09,0.0,0.0
4.6165001549525186e-05,0.019919819897040725,0.000991050071440458,1.1429707048533371e-06,0.003985705704807546,1.1430129234213382e-06,1.0818957889568992e-06,1.6642221112306288e-07,4.312118218052774e-09,1.37814026857086e-07,4.228180117138436e-08,7.776595225550409e-07,0.0,-1.4523182656489553e-08,7.782219313412497e-07,3.34375499511097e-10,6.283799869333251e-11,2.2803807453453118e-10,3.2296856744551405e-08,7.776595225550409e-07,3.0367382919394004e-07,1.660878439224689e-07,4.25126467362702e-09,1.3758598527147115e-07,9.984942650476114e-09,0.0,0.0
4.6167504478944466e-05,0.0199199712369591,0.0006823383894349333,1.1429732373580678e-06,0.002891419767784954,1.143015424531768e-06,1.0830784731297172e-06,1.676021383900661e-07,3.1316345072696095e-09,1.3781746588392707e-07,4.228183669852115e-08,7.776588972774334e-07,0.0,-1.452342690555497e-08,7.780618602737377e-07,1.7493198556373102e-10,1.3906954580977793e-11,2.2804368116080553e-10,3.229686384997876e-08,7.776588972774334e-07,3.050166412776889e-07,1.6742721697937668e-07,3.1196898397922723e-09,1.3758942429831222e-07,9.984971072185544e-09,0.0,0.0
4.617000013240613e-05,0.019920121121685952,0.0007686310307426503,1.14297541213962e-06,0.0035816495866264203,1.143017470894847e-06,1.0823354159583687e-06,1.6687413051386102e-07,3.876546195158426e-09,1.3780208973912522e-07,4.2281868672944256e-08,7.776591814945277e-07,0.0,-1.452360542941733e-08,7.780957389513787e-07,2.085135536455951e-10,4.266802883234888e-11,2.2804483301719358e-10,3.229686740269244e-08,7.776591814945277e-07,3.042396485852805e-07,1.6666561464262486e-07,3.829962125223574e-09,1.3757404815351038e-07,9.984999493894975e-09,0.0,0.0
4.617250306182541e-05,0.019920271006412804,0.0011639339524514014,1.1429783087593663e-06,0.0033863595293334584,1.14302031306579e-06,1.0825485787790967e-06,1.6709540773263143e-07,3.6658986957149864e-09,1.3779288110526977e-07,4.22819113055084e-08,7.776603183629049e-07,0.0,-1.4523918068221064e-08,7.783698379171256e-07,4.814801890518083e-10,3.9428207226910317e-11,2.2804738653015022e-10,3.229687806083348e-08,7.776603183629049e-07,3.041787692836806e-07,1.6661392976402567e-07,3.6313301254864427e-09,1.375648253088002e-07,9.985033244674923e-09,0.0,0.0
4.617500599124469e-05,0.019920420891139656,0.0012288148991750347,1.142981895124447e-06,0.002573338216468794,1.143024064731435e-06,1.0834299928319524e-06,1.6796339252778125e-07,2.7880318054229747e-09,1.378059124590436e-07,4.228194327993151e-08,7.776606594234181e-07,0.0,-1.4524101921153942e-08,7.784519198139606e-07,5.63204649584037e-10,1.9873507353662667e-11,2.2805406174608578e-10,3.229688161354716e-08,7.776606594234181e-07,3.049780445962824e-07,1.6740018793370837e-07,2.766832540856967e-09,1.3757785666257405e-07,9.985062554562774e-09,0.0,0.0
4.617750528268516e-05,0.01992057077586651,0.0009057199131525806,1.14298509446612e-06,0.003377753680268161,1.1430272479628911e-06,1.0825642675627023e-06,1.6708581540569867e-07,3.656635438886724e-09,1.3781884433683445e-07,4.22819788070683e-08,7.776596362418786e-07,0.0,-1.452434528204094e-08,7.781766271364177e-07,2.889226080604601e-10,7.52366849376962e-11,2.2806533050978572e-10,3.2296888718974515e-08,7.776596362418786e-07,3.0438766884799406e-07,1.667968945184839e-07,3.5802429909637112e-09,1.3759078854036488e-07,9.985088311736945e-09,0.0,0.0
4.6180000936146826e-05,0.01992072066059336,0.000676053556751377,1.1429874653029647e-06,0.0027691832685768553,1.1430295216996456e-06,1.0832233101609745e-06,1.6774895073012885e-07,2.9996438666302083e-09,1.3781541952084808e-07,4.2282017886918766e-08,7.776588972774334e-07,0.0,-1.4524629499135244e-08,7.780602686580096e-07,1.7326606815970536e-10,2.602126500383939e-11,2.280830246892407e-10,3.229689937711555e-08,7.776588972774334e-07,3.051630130812555e-07,1.675756777785864e-07,2.9767297515803648e-09,1.375873353026691e-07,9.985115845267956e-09,0.0,0.0
4.6182503865566105e-05,0.01992086909012869,0.0007417519304091513,1.142989569745061e-06,0.0028724113306808487,1.1430315680627245e-06,1.0831136023625731e-06,1.6764882104780554e-07,3.1111477838408064e-09,1.3780578456135117e-07,4.2282049861341875e-08,7.776590109642711e-07,0.0,-1.4524799141213407e-08,7.780793680467468e-07,1.9225328273808628e-10,3.5904366285643974e-11,2.2810214828083986e-10,3.229690292982923e-08,7.776590109642711e-07,3.0503426273753576e-07,1.6745656239436357e-07,3.0716831300736658e-09,1.3757768613231747e-07,9.985146931512645e-09,0.0,0.0
4.6185006794985384e-05,0.019921018974855542,0.0009916643818996818,1.142992167871366e-06,0.0035561033011816258,1.1430341828599921e-06,1.0823779348356766e-06,1.6691801363322156e-07,3.8490477471953e-09,1.3780014285202924e-07,4.228209249390602e-08,7.776598067721352e-07,0.0,-1.4525089575556649e-08,7.782257966937323e-07,3.378919088969923e-10,5.309964273836343e-11,2.2812304822927842e-10,3.2296913587970266e-08,7.776598067721352e-07,3.041521381419443e-07,1.665801221406582e-07,3.796378322817873e-09,1.375720160012861e-07,9.985178017757335e-09,0.0,0.0
4.6187506086425856e-05,0.01992116740439087,0.0012008374640508634,1.1429954221916681e-06,0.003072115810227103,1.143037479778286e-06,1.0829031680259504e-06,1.6743979358579963e-07,3.3268039434375396e-09,1.3780297081211756e-07,4.228212446832913e-08,7.776604888931615e-07,0.0,-1.4525347147298362e-08,7.784154831824708e-07,5.268873115582551e-10,1.469402030607192e-11,2.2813984035252588e-10,3.2296917140683945e-08,7.776604888931615e-07,3.044877416868985e-07,1.669129119363788e-07,3.313152197037539e-09,1.375748297505197e-07,9.985207327645185e-09,0.0,0.0
4.619000537786633e-05,0.0199213158339262,0.0011194361940385367,1.1429988661630772e-06,0.0033717479463380527,1.1430410040702554e-06,1.082583139577764e-06,1.6710879435777315e-07,3.6501974776115276e-09,1.3781425423076143e-07,4.228215289003856e-08,7.776600909892295e-07,0.0,-1.4525544322907535e-08,7.783270916661422e-07,4.388859553561275e-10,3.315597102426793e-11,2.2815004052656462e-10,3.2296920693397624e-08,7.776600909892295e-07,3.0425601948991243e-07,1.6666990632074885e-07,3.614846644239833e-09,1.3758611316916358e-07,9.985234861176195e-09,0.0,0.0
4.61925046693068e-05,0.01992146426346153,0.0008556220808947357,1.1430017977328971e-06,0.0036272346926781553,1.1430439599280362e-06,1.0823101774803945e-06,1.6683107162407396e-07,3.9257930239955385e-09,1.3781978225324565e-07,4.228218841717535e-08,7.776592951813655e-07,0.0,-1.4525830316358679e-08,7.781357567182567e-07,2.483374617057166e-10,3.318642929905913e-11,2.281553418415072e-10,3.22969242461113e-08,7.776592951813655e-07,3.041743639187189e-07,1.665827369379258e-07,3.893258160303503e-09,1.3759162698079308e-07,9.985264171064046e-09,0.0,0.0
4.6195000322768465e-05,0.01992161269299686,0.000784336012484621,1.1430042319150748e-06,0.003442518724915647,1.1430463473516284e-06,1.0825115168699995e-06,1.6703590688393888e-07,3.726566166761813e-09,1.3781658481093473e-07,4.2282223944312136e-08,7.776590109642711e-07,0.0,-1.4526047920071505e-08,7.780910777910321e-07,2.039150376331733e-10,2.071137185366556e-11,2.281579786211907e-10,3.229692779882498e-08,7.776590109642711e-07,3.044204106572579e-07,1.6683198111877573e-07,3.7058542901036162e-09,1.3758841532762744e-07,9.985297921843994e-09,0.0,0.0
4.6197503252187744e-05,0.01992176112253219,0.0009818735080919794,1.143006853491659e-06,0.003467194211344285,1.1430488484620582e-06,1.082487187886727e-06,1.6701491745152452e-07,3.753193311695213e-09,1.378129041995635e-07,4.2282255918735245e-08,7.776593520247843e-07,0.0,-1.4526283287352726e-08,7.781958970554115e-07,3.084063282532412e-10,4.17288668896898e-11,2.2816482037057995e-10,3.229692779882498e-08,7.776593520247843e-07,3.0429126240960613e-07,1.667065134824952e-07,3.7118681461834058e-09,1.375847347162562e-07,9.985325455375005e-09,0.0,0.0
4.6200002543628216e-05,0.019921909552067518,0.0011921506864709386,1.143010080385669e-06,0.0033188851100840054,1.1430521453803522e-06,1.0826501011251821e-06,1.6717672224331181e-07,3.5931913000553095e-09,1.3781343000118795e-07,4.2282284340444676e-08,7.776599773023918e-07,0.0,-1.4526529312774983e-08,7.783792739246564e-07,4.911521744865865e-10,3.049140107069803e-11,2.281768246570337e-10,3.229693490425234e-08,7.776599773023918e-07,3.0427082720052567e-07,1.6668558089349972e-07,3.5626666061716605e-09,1.3758526051788067e-07,9.985349436192337e-09,0.0,0.0
4.620250183506869e-05,0.019922056526411325,0.0011930269988468245,1.1430135859849205e-06,0.0034944743273978953,1.1430557833591592e-06,1.0824639957718318e-06,1.6698169247320038e-07,3.78264264355721e-09,1.3782234020709438e-07,4.2282316314867785e-08,7.776599773023918e-07,0.0,-1.452674514013097e-08,7.78393768996466e-07,5.056132734715391e-10,2.4794725300703035e-11,2.2819450495870086e-10,3.229693490425234e-08,7.776599773023918e-07,3.040702267753659e-07,1.664760844732882e-07,3.757197220011221e-09,1.3759414230207767e-07,9.985382298793866e-09,0.0,0.0
4.620500476448797e-05,0.019922204955946654,0.0009935122026170085,1.143016831454897e-06,0.003522573874245448,1.1430589665906155e-06,1.0824367109307786e-06,1.669448721486333e-07,3.812963278448933e-09,1.3783261465505348e-07,4.228235894743193e-08,7.776591814945277e-07,0.0,-1.4527006264586362e-08,7.781999897815695e-07,3.1261068733634545e-10,5.481525303108192e-11,2.2821594614086393e-10,3.2296942009679697e-08,7.776591814945277e-07,3.0423666430579033e-07,1.6663224755575357e-07,3.758743538639919e-09,1.3760440253918205e-07,9.985415161395395e-09,0.0,0.0
4.620750041794963e-05,0.01992235193029046,0.0008029895459336633,1.1430194718515535e-06,0.0031446658059243317,1.143061581387883e-06,1.0828467793544405e-06,1.6735231156417285e-07,3.4051912400911988e-09,1.3783585472992854e-07,4.228239447456872e-08,7.776586130603391e-07,0.0,-1.4527237190975484e-08,7.780941473356506e-07,2.0732238148468696e-10,2.2959960321866646e-11,2.2824080125882773e-10,3.2296945562393375e-08,7.776586130603391e-07,3.0475260359708045e-07,1.6714498940473277e-07,3.3837075363862823e-09,1.3760761419234768e-07,9.985446247640084e-09,0.0,0.0
4.621000334736891e-05,0.01992250035982579,0.0008579775083061847,1.143021937217234e-06,0.003221995734429037,1.1430639688114752e-06,1.0827654932654696e-06,1.6727703666674643e-07,3.4886658006882953e-09,1.3782970142983686e-07,4.228242644899183e-08,7.776587267471768e-07,0.0,-1.4527441472012015e-08,7.781189879096928e-07,2.3204092813866595e-10,4.9216252601125277e-11,2.2826944501286306e-10,3.2296949115107054e-08,7.776587267471768e-07,3.0464642009064846e-07,1.670450018309566e-07,3.43739769981255e-09,1.3760143247054657e-07,9.985475557527934e-09,0.0,0.0
4.621250263880938e-05,0.019922647334169596,0.0011818174661381749,1.1430249351925128e-06,0.0035976843782574226,1.143066924669256e-06,1.0823628144862596e-06,1.6688329651515232e-07,3.893999789283953e-09,1.3781988172922865e-07,4.2282461976128616e-08,7.776595793984598e-07,0.0,-1.4527706149181085e-08,7.783690989526804e-07,4.811916420877083e-10,5.7692801924691395e-11,2.282947303422489e-10,3.229695977324809e-08,7.776595793984598e-07,3.039936871118698e-07,1.6640210276364087e-07,3.836812201285511e-09,1.3759158434822893e-07,9.985502202880525e-09,0.0,0.0
4.6215001930249855e-05,0.019922794308513403,0.0013549951547301153,1.143028663656216e-06,0.0032761114830143325,1.1430707900217385e-06,1.0827133110069553e-06,1.6722658813250746e-07,3.547089511002355e-09,1.3782654662009008e-07,4.2282493950551725e-08,7.776601478326484e-07,0.0,-1.4527918423823394e-08,7.78542812440719e-07,6.543436348316334e-10,2.0250960630630033e-11,2.283119665547062e-10,3.229696332596177e-08,7.776601478326484e-07,3.041704701445269e-07,1.6657224932714598e-07,3.5271188192353975e-09,1.3759823502823565e-07,9.985530624589956e-09,0.0,0.0
4.6217504859669134e-05,0.01992294128285721,0.0010055962050805542,1.1430321331198769e-06,0.0035734419149794755,1.1430743143137079e-06,1.0823957836691989e-06,1.6688889559191011e-07,3.867878461960572e-09,1.3784783448045346e-07,4.228253658311587e-08,7.7765906780769e-07,0.0,-1.4528144021141998e-08,7.782319926263881e-07,3.445741747487574e-10,9.457578470373207e-11,2.2832805091077546e-10,3.2296973984102806e-08,7.7765906780769e-07,3.041638194645202e-07,1.665443107867759e-07,3.772297141324543e-09,1.376194944668896e-07,9.985561710834645e-09,0.0,0.0
4.62200005131308e-05,0.019923086802009493,0.0005683612513005531,1.1430344235294248e-06,0.0032850420896156163,1.1430765880504623e-06,1.0827088772202842e-06,1.671971858741017e-07,3.5567442324691e-09,1.3785354724404897e-07,4.2282586321107374e-08,7.776581014695694e-07,0.0,-1.4528396263813192e-08,7.780136002111249e-07,1.2713884112169893e-10,3.56198195938795e-11,2.2834317769948598e-10,3.229698819495752e-08,7.776581014695694e-07,3.046952485874499e-07,1.670700413569648e-07,3.5236038531394342e-09,1.376252072304851e-07,9.985596349793013e-09,0.0,0.0
4.6222507080528885e-05,0.0199232337763533,0.00065326032845614,1.1430362189997254e-06,0.0029420520868879696,1.1430781796661904e-06,1.0830805194927962e-06,1.675843748216721e-07,3.1864793026414873e-09,1.3783792951471696e-07,4.228261829553048e-08,7.776582151564071e-07,0.0,-1.4528592551243946e-08,7.780406008350838e-07,1.5399634345492075e-10,5.294909996567121e-11,2.2835111579411205e-10,3.22969917476712e-08,7.776582151564071e-07,3.0503994707942184e-07,1.6743037178912346e-07,3.132503145764076e-09,1.3760957529029838e-07,9.985626547859283e-09,0.0,0.0
4.622500273399055e-05,0.019923379295505583,0.0011125289514535286,1.1430387885613167e-06,0.0035375953210625964,1.143080794463458e-06,1.0824400078490726e-06,1.6695686611001292e-07,3.8292347070978394e-09,1.378237612925659e-07,4.2282675138949344e-08,7.776594088682032e-07,0.0,-1.4528821701276229e-08,7.783187925269885e-07,4.310383716621402e-10,1.0494972252361734e-10,2.283524619395294e-10,3.229701306395327e-08,7.776594088682032e-07,3.0412124374379346e-07,1.6652583667564613e-07,3.7228329308192087e-09,1.3759540706814732e-07,9.985662074996071e-09,0.0,0.0
4.622750202543102e-05,0.01992352626984939,0.0013399354606033892,1.1430423930547933e-06,0.003375954227243606,1.143084432442265e-06,1.0826178140632692e-06,1.6712536421437107e-07,3.6548681858761256e-09,1.3783206043171958e-07,4.228272487694085e-08,7.776604320497427e-07,0.0,-1.4529058844914289e-08,7.785931757098297e-07,7.04416636132521e-10,1.497965987362626e-11,2.2835348889582718e-10,3.229702016938063e-08,7.776604320497427e-07,3.0402466677514894e-07,1.6642094635699323e-07,3.641343004900932e-09,1.37603706207301e-07,9.985702043024958e-09,0.0,0.0
4.62300049548503e-05,0.019923671789001673,0.0010825770001403612,1.1430459182743902e-06,0.0034721613247490736,1.1430880704210722e-06,1.082517428585561e-06,1.6700565197425021e-07,3.758675148901602e-09,1.3785241037567175e-07,4.228277461493235e-08,7.776593520247843e-07,0.0,-1.4529268455021338e-08,7.782792295074614e-07,3.915481550098576e-10,1.1365807600638433e-10,2.283570693650816e-10,3.2297030827521667e-08,7.776593520247843e-07,3.0423817065639014e-07,1.6661411450513697e-07,3.6432195038571535e-09,1.3762405615125317e-07,9.985743787410684e-09,0.0,0.0
4.6232500608311966e-05,0.019923817308153957,0.0006998068210926078,1.1430485119842174e-06,0.003479913215576352,1.1430906852183398e-06,1.082511289496324e-06,1.6699411276022147e-07,3.767045342328856e-09,1.3785887631456717e-07,4.228282790563753e-08,7.77658271999826e-07,0.0,-1.4529549119401963e-08,7.780463988638076e-07,1.5974462030943215e-10,5.4955501954667696e-11,2.283639943811977e-10,3.229705214380374e-08,7.77658271999826e-07,3.0446489063251647e-07,1.6683435433151317e-07,3.714432539325685e-09,1.376305220901486e-07,9.985773985476953e-09,0.0,0.0
4.623499989975244e-05,0.01992396282730624,0.0006852902725569265,1.1430505275657662e-06,0.0030248010619129025,1.143092617894581e-06,1.0830041219378472e-06,1.67500999737058e-07,3.2758720180936507e-09,1.3784485020096326e-07,4.228285988006064e-08,7.77658271999826e-07,0.0,-1.4529742742297458e-08,7.780392365930311e-07,1.5259551955359996e-10,4.755021723590325e-11,2.2837934321451314e-10,3.229705569651742e-08,7.77658271999826e-07,3.0496488534481614e-07,1.6734840357912617e-07,3.2275244699064842e-09,1.3761646755483525e-07,9.985802407186384e-09,0.0,0.0
4.623750282917172e-05,0.019924108346458524,0.0010978333372264615,1.1430531223521274e-06,0.0034935253668564948,1.143095119005011e-06,1.0825004892467405e-06,1.6701594063306402e-07,3.781742918818054e-09,1.3782519658889214e-07,4.228292027619318e-08,7.776593520247843e-07,0.0,-1.452997544504342e-08,7.782680881973647e-07,3.8033526328362655e-10,1.2049890252274764e-10,2.2839906355098805e-10,3.229707701279949e-08,7.776593520247843e-07,3.0423240104937577e-07,1.6663560131746635e-07,3.660929337456764e-09,1.3759679973190941e-07,9.98584148703685e-09,0.0,0.0
4.624000212061219e-05,0.019924253865610808,0.0014414062985235176,1.1430568174321199e-06,0.0029994370437986854,1.1430988706706557e-06,1.0830372048076242e-06,1.6755009824009903e-07,3.2485019119121716e-09,1.3782648977667122e-07,4.2282962908757327e-08,7.776606025799992e-07,0.0,-1.4530216141395158e-08,7.786352966832055e-07,7.462778173206175e-10,1.8870429524531218e-11,2.284153283182988e-10,3.2297091223654206e-08,7.776606025799992e-07,3.0440187970270927e-07,1.6680382941558491e-07,3.23134252688817e-09,1.3759806449797907e-07,9.98587346145996e-09,0.0,0.0
4.624250141205266e-05,0.01992439792957157,0.0011814850153416823,1.143060596073233e-06,0.003449848689301786,1.143102849709976e-06,1.0825548315551714e-06,1.6704389338428882e-07,3.734650366737924e-09,1.3785120245302096e-07,4.228300554132147e-08,7.776596930852975e-07,0.0,-1.4530404435220134e-08,7.783472710798378e-07,4.591425573075014e-10,1.2092865597779223e-10,2.2842948366186278e-10,3.2297098329081564e-08,7.776596930852975e-07,3.0420753205362416e-07,1.6658475487929536e-07,3.6098191102951205e-09,1.376227771743288e-07,9.985906324061489e-09,0.0,0.0
4.624500434147194e-05,0.019924543448723853,0.0006193442327953047,1.143063216624689e-06,0.0039217817601890186,1.1431054645072436e-06,1.0820481293194462e-06,1.6652732881539123e-07,4.243556617211652e-09,1.3786240060653654e-07,4.228306593745401e-08,7.776583856866637e-07,0.0,-1.453068598777918e-08,7.780172950333508e-07,1.3049217262306456e-10,7.742693985957061e-11,2.2844404146127317e-10,3.2297126750790994e-08,7.776583856866637e-07,3.040308058643859e-07,1.6639683053654153e-07,4.167747480465778e-09,1.3763396111698967e-07,9.985939186663018e-09,0.0,0.0
4.624750363291241e-05,0.019924687512684613,0.0005459107530043639,1.1430648953371745e-06,0.0034045155628837074,1.143106942436134e-06,1.0826071275005233e-06,1.6710487216187175e-07,3.685752814064358e-09,1.3784396912797092e-07,4.228310501730448e-08,7.776583288432448e-07,0.0,-1.4530898262421488e-08,7.779968882459798e-07,1.1011547923489573e-10,5.136256003845929e-11,2.284586547718348e-10,3.229713030350467e-08,7.776583288432448e-07,3.04610267676253e-07,1.6699476645953837e-07,3.6341687437158043e-09,1.3761551542756933e-07,9.985974713799806e-09,0.0,0.0
4.6250002924352884e-05,0.019924833031836897,0.0010168495184375084,1.1430671694526738e-06,0.0038879637898680667,1.1431091024860507e-06,1.0820876923389733e-06,1.6660369794863072e-07,4.207117765275825e-09,1.378245002570111e-07,4.2283172518864376e-08,7.776595225550409e-07,0.0,-1.4531109648885376e-08,7.782272177792038e-07,3.3921773723299964e-10,1.3360530737305254e-10,2.284739064606356e-10,3.2297151619786746e-08,7.776595225550409e-07,3.0386050298147893e-07,1.6626448484657885e-07,4.072799875132205e-09,1.375960323457548e-07,9.98602001089921e-09,0.0,0.0
4.6252502215793356e-05,0.019924977095797658,0.0013326752693527122,1.1430705542711423e-06,0.0032980361425187866,1.14311262677802e-06,1.0827271808011574e-06,1.6723565465781576e-07,3.5708733747696897e-09,1.378306819788122e-07,4.228322936228324e-08,7.776608299536747e-07,0.0,-1.453136455609183e-08,7.785740194776736e-07,6.846676003924301e-10,2.306611152080862e-11,2.284913092065466e-10,3.229716583064146e-08,7.776608299536747e-07,3.0415318974519323e-07,1.6655098988849204e-07,3.5507565776526917e-09,1.3760218564584648e-07,9.986066196177035e-09,0.0,0.0
4.6255005145212635e-05,0.01992512115975842,0.0011040811735111844,1.143074064758988e-06,0.0033745378937161353,1.1431162647568271e-06,1.0826480547621031e-06,1.6713583761429618e-07,3.653436886352779e-09,1.378521830019963e-07,4.2283261336706346e-08,7.776599773023918e-07,0.0,-1.4531552849916807e-08,7.78312085003563e-07,4.2356027019074816e-10,1.0874834366347841e-10,2.2850807357421843e-10,3.229717293606882e-08,7.776599773023918e-07,3.0433594133683073e-07,1.6671228308950958e-07,3.541532844764106e-09,1.3762367245817586e-07,9.986090176994367e-09,0.0,0.0
4.62575007986743e-05,0.01992526522371918,0.0006623049706216966,1.1430766094848295e-06,0.0038180560675495153,1.143118765867257e-06,1.0821718205988873e-06,1.6665164537243982e-07,4.131792685768687e-09,1.3786147690098005e-07,4.228331462741153e-08,7.776587267471768e-07,0.0,-1.4531834402475852e-08,7.780231499054935e-07,1.3589979142025754e-10,7.939241625232185e-11,2.2851980030491603e-10,3.229719425235089e-08,7.776587267471768e-07,3.0414869911510323e-07,1.6651574696879834e-07,4.054148128318502e-09,1.376329663571596e-07,9.986118598703797e-09,0.0,0.0
4.626000009011477e-05,0.019925407832488418,0.0005559242309687296,1.1430783467865003e-06,0.0030153466616959783,1.1431204711698228e-06,1.0830392511707032e-06,1.6753216414144845e-07,3.265738790503292e-09,1.3784857344489865e-07,4.2283353707261995e-08,7.776584993735014e-07,0.0,-1.4532081316076528e-08,7.780008104418812e-07,1.1374885755532915e-10,3.1870811545431366e-11,2.285298755788645e-10,3.229720135777825e-08,7.776584993735014e-07,3.0503846915053145e-07,1.6741842046030797e-07,3.2349343204174374e-09,1.3762003447936877e-07,9.986154125840585e-09,0.0,0.0
4.6262499381555244e-05,0.01992555189644918,0.0008885167361079027,1.1430804277053683e-06,0.0035899697349038844,1.1431224038460641e-06,1.0824209084603353e-06,1.6692959547981445e-07,3.885858301799772e-09,1.3783201779915544e-07,4.22834034452535e-08,7.776592951813655e-07,0.0,-1.4532271386258344e-08,7.781266049278202e-07,2.387626485411687e-10,9.334781558845151e-11,2.2854236558789154e-10,3.2297212015919285e-08,7.776592951813655e-07,3.042943035325152e-07,1.6669082469888963e-07,3.7895961924050425e-09,1.3760347883362556e-07,9.986189652977373e-09,0.0,0.0
4.626500594895333e-05,0.01992569596040994,0.0012020879326311018,1.143083439513258e-06,0.0035546698834965406,1.1431254733906826e-06,1.0824617220350774e-06,1.669683484806228e-07,3.847794083355893e-09,1.3783312624582322e-07,4.228345673595868e-08,7.776602046760672e-07,0.0,-1.4532553826995809e-08,7.783864930388518e-07,4.977085410473592e-10,2.4612490864828196e-11,2.285602540563758e-10,3.229722267406032e-08,7.776602046760672e-07,3.040752005745162e-07,1.664706417159323e-07,3.825889383080039e-09,1.3760455885858391e-07,9.986233173719938e-09,0.0,0.0
4.6267501602414995e-05,0.019925838569179177,0.0011018130488373856,1.1430867250780921e-06,0.003321179192724092,1.1431288839958142e-06,1.082716721612087e-06,1.6720875350983988e-07,3.5958962474325062e-09,1.3784817554096662e-07,4.228349581580915e-08,7.776598067721352e-07,0.0,-1.4532760772567599e-08,7.782857096572116e-07,3.973107398635989e-10,4.720280416536937e-11,2.2857897519212855e-10,3.2297226226774e-08,7.776598067721352e-07,3.0443104037658486e-07,1.6681144643371226e-07,3.5463476599773003e-09,1.376195939428726e-07,9.986272253570405e-09,0.0,0.0
4.627000089385547e-05,0.019925981177948415,0.0007819757806544203,1.1430894115261569e-06,0.003967823660024771,1.1431316124799196e-06,1.0820217539730947e-06,1.6650771783588425e-07,4.293271516075947e-09,1.3785515307063179e-07,4.2283534895659614e-08,7.776588972774334e-07,0.0,-1.4533006797989856e-08,7.78059700223821e-07,1.7218734771340394e-10,4.000653974767232e-11,2.2859457382562454e-10,3.229723333220136e-08,7.776588972774334e-07,3.039620821709832e-07,1.6633553912015486e-07,4.2538248479218055e-09,1.3762655726168305e-07,9.986301563458255e-09,0.0,0.0
4.627250018529594e-05,0.019926125241909176,0.0007139629726253816,1.1430915666347754e-06,0.0030596719987967913,1.1431336588429986e-06,1.0830030987563077e-06,1.6749926601278275e-07,3.313634255874831e-09,1.3784517705062171e-07,4.228357397551008e-08,7.77658669903758e-07,0.0,-1.4533273251515766e-08,7.780266741974629e-07,1.3934649267799415e-10,1.4532497601138505e-11,2.2861092185966214e-10,3.229723688491504e-08,7.77658669903758e-07,3.0497648140226374e-07,1.673599285823002e-07,3.301831918989251e-09,1.3761656703081826e-07,9.986337978773463e-09,0.0,0.0
4.627500311471522e-05,0.019926267850678414,0.0009686255538028377,1.1430939661535644e-06,0.0033273437445858604,1.143135932579753e-06,1.0827163805515738e-06,1.6722310647310223e-07,3.602569575988923e-09,1.3783392205368727e-07,4.2283623713501584e-08,7.776592951813655e-07,0.0,-1.453346598623284e-08,7.781616773172573e-07,2.737346460612855e-10,4.741681353115368e-11,2.2862831072778533e-10,3.2297240437628716e-08,7.776592951813655e-07,3.045546748126071e-07,1.6694937698957801e-07,3.5524518882112943e-09,1.376052978230291e-07,9.986381499516028e-09,0.0,0.0
4.6277498768176883e-05,0.019926410459447652,0.0011926716499104373,1.1430970483529061e-06,0.003093525056128449,1.1431391158112092e-06,1.0829714938154211e-06,1.674754628311348e-07,3.3501994511908606e-09,1.378360110493304e-07,4.228365568792469e-08,7.776600341458106e-07,0.0,-1.4533743097899787e-08,7.78366370468575e-07,4.776694040309337e-10,1.7617997338792435e-11,2.286463657297233e-10,3.2297247543056073e-08,7.776600341458106e-07,3.046051517685555e-07,1.669977933715927e-07,3.3370406438137934e-09,1.376073583969628e-07,9.98640636851178e-09,0.0,0.0
4.628000533557497e-05,0.01992655306821689,0.0011444114682888085,1.143100381238377e-06,0.002225476241601679,1.1431425264163408e-06,1.0839127071449184e-06,1.6840571959164663e-07,2.412221977721174e-09,1.378470244617347e-07,4.2283680556920444e-08,7.776599204589729e-07,0.0,-1.4533950931649997e-08,7.783273190398177e-07,4.38751535103421e-10,2.7364829152665138e-11,2.2865979942832126e-10,3.2297247543056073e-08,7.776599204589729e-07,3.0558533126168186e-07,1.6796697366316948e-07,2.384052510961965e-09,1.376183718093671e-07,9.986431237507531e-09,0.0,0.0
4.6282500989036635e-05,0.019926694221794605,0.0009474710547152654,1.1431033340053998e-06,0.0031550214211791524,1.1431454822741216e-06,1.0829110124177532e-06,1.673985394745614e-07,3.4166074414088143e-09,1.378531919726811e-07,4.228371608405723e-08,7.776592383379466e-07,0.0,-1.4534168535362824e-08,7.781549129504128e-07,2.669641452346383e-10,3.600299225414716e-11,2.2866530891008097e-10,3.229725464848343e-08,7.776592383379466e-07,3.047560994673404e-07,1.6713157435788162e-07,3.3778921881832957e-09,1.3762452510945877e-07,9.986462323752221e-09,0.0,0.0
4.6285003918455914e-05,0.019926836830563843,0.0008715263118261873,1.1431059280551567e-06,0.0030033383343107465,1.1431479833845515e-06,1.0830769952008268e-06,1.675696950087513e-07,3.2528466586967397e-09,1.3784821817353077e-07,4.22837551639077e-08,7.7765906780769e-07,0.0,-1.453444742338661e-08,7.781095519021619e-07,2.2185354942028113e-10,2.7353770290505786e-11,2.2866897264606223e-10,3.229725464848343e-08,7.7765906780769e-07,3.04967386455246e-07,1.6734784935579228e-07,3.2276650241414018e-09,1.3761955131030845e-07,9.986499627245848e-09,0.0,0.0
4.628750684787519e-05,0.01992697798414156,0.0009731666396959326,1.1431085319052557e-06,0.003133186832898664,1.143150598181819e-06,1.0829390930666705e-06,1.6743842934374698e-07,3.393050507227713e-09,1.378413259089939e-07,4.228379069104449e-08,7.776593520247843e-07,0.0,-1.4534662362564177e-08,7.781853241795034e-07,2.97324220799311e-10,3.822115540730309e-11,2.286774658522006e-10,3.229725464848343e-08,7.776593520247843e-07,3.047537688871671e-07,1.6714110984139552e-07,3.3516962538726602e-09,1.3761265904577158e-07,9.986534266204217e-09,0.0,0.0
4.629000250133686e-05,0.019927120592910796,0.0010543762255966482,1.1431114233591817e-06,0.003678412246844461,1.1431535540395998e-06,1.0823533784787287e-06,1.6685061154930736e-07,3.981341922809634e-09,1.3784321595267102e-07,4.2283829770894954e-08,7.776595793984598e-07,0.0,-1.4534924375197988e-08,7.782616080476146e-07,3.7332500979481154e-10,2.8593433176737904e-11,2.2869188487373293e-10,3.229725820119711e-08,7.776595793984598e-07,3.0409179885282356e-07,1.664772781850843e-07,3.953585014926375e-09,1.3761453487859399e-07,9.986574234233103e-09,0.0,0.0
4.629250179277733e-05,0.01992726174648851,0.0009895439356455427,1.143114308425615e-06,0.0031062996129120135,1.1431563962105429e-06,1.0829734264916624e-06,1.674639662496702e-07,3.3640399355050477e-09,1.3785003716293431e-07,4.228386885074542e-08,7.776593520247843e-07,0.0,-1.4535152637051851e-08,7.78222215558344e-07,3.341358856268073e-10,2.77286492378348e-11,2.2870920435291708e-10,3.229725820119711e-08,7.776593520247843e-07,3.047511540898995e-07,1.6712982642275165e-07,3.3375531227619604e-09,1.3762132766714785e-07,9.986610649548311e-09,0.0,0.0
4.629500472219661e-05,0.019927402900066227,0.0008673878108691468,1.143116929551211e-06,0.0033008982393023054,1.1431590110078105e-06,1.082765720639145e-06,1.6725437035347568e-07,3.5740994608346455e-09,1.3785225405626989e-07,4.228390437788221e-08,7.7765906780769e-07,0.0,-1.453536579987258e-08,7.781521276228887e-07,2.6431601352072676e-10,1.704382988909625e-11,2.28725025031018e-10,3.229725820119711e-08,7.7765906780769e-07,3.046135645945469e-07,1.6699004845577292e-07,3.555728156356963e-09,1.376235303496287e-07,9.98664528850668e-09,0.0,0.0
4.629750401363708e-05,0.019927544053643942,0.0008195255510106692,1.1431193106897742e-06,0.0030805612107816555,1.1431613984314026e-06,1.0830055998667376e-06,1.6749783071645652e-07,3.3362650420087903e-09,1.3784868713173637e-07,4.228395056316003e-08,7.7765906780769e-07,0.0,-1.4535617154365355e-08,7.781383715155243e-07,2.5055110763894106e-10,1.3869981552172561e-11,2.2873740401774256e-10,3.229725820119711e-08,7.7765906780769e-07,3.0486722835121327e-07,1.672472791369728e-07,3.3247606889830195e-09,1.3761994921424048e-07,9.986690585606084e-09,0.0,0.0
4.6299999667098746e-05,0.019927685207221657,0.0008587047867989472,1.1431216795719383e-06,0.003003376532622649,1.1431637858549948e-06,1.0830910923687043e-06,1.6758569643116061e-07,3.2529303695127965e-09,1.378461007561782e-07,4.228398253758314e-08,7.776592383379466e-07,0.0,-1.4535813441796108e-08,7.781757176417159e-07,2.8772198512605485e-10,1.7965191834168337e-11,2.2874613314627368e-10,3.229725820119711e-08,7.776592383379466e-07,3.049153178835695e-07,1.6729796925574192e-07,3.2325329080151732e-09,1.376173486278276e-07,9.986724336386033e-09,0.0,0.0
4.6302502596518025e-05,0.019927826360799372,0.0008880742451765622,1.1431241452130368e-06,0.0036552219319571956,1.1431662869654247e-06,1.0823897582667996e-06,1.668814064714752e-07,3.956374783342653e-09,1.3784907082481368e-07,4.2284007406578894e-08,7.776592951813655e-07,0.0,-1.4536069237180982e-08,7.781972612974641e-07,3.091710221170274e-10,2.350143170348762e-11,2.287582623328177e-10,3.229725820119711e-08,7.776592951813655e-07,3.0419255381275434e-07,1.6657223511629127e-07,3.932355774338703e-09,1.3762030448560836e-07,9.986747429024945e-09,0.0,0.0
4.63050018879585e-05,0.019927966059185565,0.0008664902636576072,1.1431265963113403e-06,0.0033427021236617453,1.1431686743890168e-06,1.0827291134773986e-06,1.6721538997899188e-07,3.6192409069712994e-09,1.3785452779302432e-07,4.2284039381002e-08,7.776591814945277e-07,0.0,-1.4536307268997462e-08,7.781783892824023e-07,2.903894624761705e-10,2.8788329359263898e-11,2.2877727490211441e-10,3.229726175391079e-08,7.776591814945277e-07,3.045507526167057e-07,1.6692500537374144e-07,3.5917968599363803e-09,1.3762574724296428e-07,9.986777627091215e-09,0.0,0.0
4.630750117939897e-05,0.01992810721276328,0.0008454797958492577,1.1431290128183288e-06,0.0033759612351628695,1.143171061812609e-06,1.0826953484865953e-06,1.671783991241682e-07,3.6551375259818997e-09,1.3785785313302767e-07,4.228407490813879e-08,7.776591246511089e-07,0.0,-1.4536512438212412e-08,7.781632689329854e-07,2.7535806967904364e-10,2.763919648707258e-11,2.2879344252491052e-10,3.229726175391079e-08,7.776591246511089e-07,3.045321079753194e-07,1.6690303539235174e-07,3.6265201952545567e-09,1.3762905837211292e-07,9.986815818763262e-09,0.0,0.0
4.631000410881825e-05,0.019928246911149472,0.0008999046757125484,1.1431314510922685e-06,0.003396858028484844,1.1431735629230388e-06,1.0826749985426432e-06,1.6715905815090082e-07,3.677693261039394e-09,1.3785663099952217e-07,4.228411754070294e-08,7.776592951813655e-07,0.0,-1.4536764680883607e-08,7.782005013723392e-07,3.124142056165624e-10,3.0229992120656135e-11,2.2880108918599262e-10,3.229726175391079e-08,7.776592951813655e-07,3.044744687485945e-07,1.6684664672084182e-07,3.648188418026166e-09,1.376278220277527e-07,9.986858451327407e-09,0.0,0.0
4.631249976227991e-05,0.019928386609535664,0.0010120253184027206,1.1431341220276154e-06,0.00338871373731179,1.1431761777203064e-06,1.0826861398527399e-06,1.6717181949843507e-07,3.6689133953160535e-09,1.3785484043182805e-07,4.228416372598076e-08,7.776595225550409e-07,0.0,-1.4536969850098558e-08,7.782757052154921e-07,3.873999732117994e-10,2.867587244048675e-11,2.2880575212269605e-10,3.229726175391079e-08,7.776595225550409e-07,3.0441046305895725e-07,1.6678441738804395e-07,3.6393490443487053e-09,1.376260456709133e-07,9.986902860248392e-09,0.0,0.0
4.631500269169919e-05,0.01992852776311338,0.0010347752975878866,1.1431370111599135e-06,0.003524203891953966,1.1431791335780872e-06,1.0825425533766975e-06,1.6702456662187615e-07,3.8151006798159415e-09,1.378586205191823e-07,4.228419925311755e-08,7.776594088682032e-07,0.0,-1.4537207881915037e-08,7.782792863508803e-07,3.9107672655802617e-10,3.26720699106442e-11,2.2881839478738897e-10,3.229726175391079e-08,7.776594088682032e-07,3.042632954475266e-07,1.666334981109685e-07,3.783048097005803e-09,1.376297973365581e-07,9.98693749920676e-09,0.0,0.0
4.6317501983139664e-05,0.019928667461499572,0.0009370537527566836,1.1431397657732753e-06,0.0032025159180033725,1.1431818620621925e-06,1.0828922540895292e-06,1.673685261494029e-07,3.4679796812042696e-09,1.3786464592158154e-07,4.22842241221133e-08,7.7765906780769e-07,0.0,-1.4537453019158875e-08,7.782052193761047e-07,3.173468154926695e-10,3.935257328335773e-11,2.28839044935647e-10,3.229726175391079e-08,7.7765906780769e-07,3.0468697787000565e-07,1.6705118355275772e-07,3.4293008432939587e-09,1.3763580852810264e-07,9.986961480024092e-09,0.0,0.0
4.632000491255894e-05,0.01992880570469424,0.0009081357323172945,1.1431423166221672e-06,0.0033910600002037077,1.1431843631726224e-06,1.082691028386762e-06,1.6716703044039605e-07,3.6714702389417653e-09,1.3786514330149657e-07,4.228425609653641e-08,7.776588404340146e-07,0.0,-1.4537653747481727e-08,7.781841873111262e-07,2.964835599250648e-10,3.742388343663805e-11,2.2885800199379247e-10,3.229726530662447e-08,7.776588404340146e-07,3.045068126539263e-07,1.6687053516761807e-07,3.6327376662370625e-09,1.3763629169716296e-07,9.986991678090362e-09,0.0,0.0
4.6322504203999415e-05,0.019928945403080434,0.0010264786769513257,1.143145019247276e-06,0.0034432304821801,1.1431870916567277e-06,1.0826371408256819e-06,1.6711700823179854e-07,3.727769204431297e-09,1.3786097952106502e-07,4.228429517638688e-08,7.776591246511089e-07,0.0,-1.4537905990152922e-08,7.782644502185576e-07,3.764436540265592e-10,5.2669438255215084e-11,2.2887020056927554e-10,3.229726530662447e-08,7.776591246511089e-07,3.043726621854148e-07,1.6674056269039284e-07,3.675969750815966e-09,1.3763209949502198e-07,9.98702898158399e-09,0.0,0.0
4.632500349543989e-05,0.019929085101466626,0.0011243601317370011,1.1431480239343815e-06,0.00344529275992541,1.1431901612013462e-06,1.0826377092598705e-06,1.6711798878077389e-07,3.730003861335263e-09,1.3786007002636325e-07,4.228432004538263e-08,7.776596362418786e-07,0.0,-1.453811915297365e-08,7.783802971061959e-07,4.918248586172069e-10,5.0657898015282754e-11,2.288789990867457e-10,3.2297268859338146e-08,7.776596362418786e-07,3.0425735531025566e-07,1.6662615109908074e-07,3.677830484605238e-09,1.376311900003202e-07,9.987051186044482e-09,0.0,0.0
4.632749914890155e-05,0.019929223344661295,0.0010638451049302944,1.1431510489792065e-06,0.003918542651523341,1.1431932307459647e-06,1.0821300975294434e-06,1.6660402479828917e-07,4.240372941666237e-09,1.378665785978228e-07,4.2284355572519416e-08,7.776595225550409e-07,0.0,-1.4538334980329637e-08,7.783488626955659e-07,4.6046264023935635e-10,6.534370960986635e-11,2.28891974818346e-10,3.2297268859338146e-08,7.776595225550409e-07,3.0378126325558696e-07,1.6614355047295248e-07,4.174629086861614e-09,1.3763769857177977e-07,9.98708582500285e-09,0.0,0.0
4.633000207832083e-05,0.019929363043047488,0.0008451155063777804,1.1431537157663736e-06,0.0035648037304662,1.1431958455432323e-06,1.0825139042935916e-06,1.6697774185558956e-07,3.858949604307327e-09,1.3787733621484222e-07,4.228440531051092e-08,7.776588404340146e-07,0.0,-1.4538583670287153e-08,7.7818549470976e-07,2.9771646259391105e-10,8.899157105668465e-11,2.2891297191129922e-10,3.2297275964765504e-08,7.776588404340146e-07,3.0432846642725053e-07,1.6668002444930607e-07,3.771534196062021e-09,1.3764842776708974e-07,9.987128457566996e-09,0.0,0.0
4.63325013697613e-05,0.019929501286242157,0.0006747102882460609,1.1431558168221056e-06,0.0035329099149966417,1.1431978919063113e-06,1.0825501703948248e-06,1.6701244476280408e-07,3.82455223046918e-09,1.378791978368099e-07,4.228443373222035e-08,7.776584993735014e-07,0.0,-1.4538791504037363e-08,7.781116551086598e-07,2.2421998979726965e-10,7.031236703980426e-11,2.289340522709793e-10,3.229727951747918e-08,7.776584993735014e-07,3.044384868644556e-07,1.6678822589710762e-07,3.753414024032509e-09,1.37650260967348e-07,9.987155102919587e-09,0.0,0.0
4.6335000661201775e-05,0.019929639529436827,0.0008067548445431783,1.143157864846833e-06,0.0034918139657669736,1.1431999382693903e-06,1.082596213564102e-06,1.670669576014916e-07,3.780224577809577e-09,1.3787034447432234e-07,4.228447281207082e-08,7.776588972774334e-07,0.0,-1.4539028647675423e-08,7.78188734784635e-07,3.009264781805854e-10,9.882532986393855e-11,2.2894794393657492e-10,3.229727951747918e-08,7.776588972774334e-07,3.044074219360482e-07,1.6676602854204248e-07,3.6825638094484248e-09,1.3764139339400572e-07,9.987191518234795e-09,0.0,0.0
4.6337503590621054e-05,0.019929777772631496,0.0010926008849772018,1.1431604905768715e-06,0.0033194983589561115,1.1432025530666579e-06,1.082784478967369e-06,1.6725846307963366e-07,3.5943013010353297e-09,1.3786632280243794e-07,4.2284511891921284e-08,7.776596930852975e-07,0.0,-1.4539249804101928e-08,7.784100262142601e-07,5.213779408208552e-10,8.022538883212249e-11,2.2895631224262303e-10,3.229728662290654e-08,7.776596930852975e-07,3.043744527531089e-07,1.667370810309876e-07,3.513673574317977e-09,1.376373575112666e-07,9.987223492657904e-09,0.0,0.0
4.6340002882061526e-05,0.019929916015826166,0.0011364704140639503,1.1431635721162467e-06,0.003344375442169528,1.143205736298114e-06,1.0827604910446098e-06,1.6722589180062641e-07,3.6211575960010123e-09,1.3787474983928405e-07,4.2284533208203356e-08,7.776598636155541e-07,0.0,-1.4539484283204729e-08,7.784634590279893e-07,5.746312314869328e-10,5.801142899386491e-11,2.2896758100632297e-10,3.229729017562022e-08,7.776598636155541e-07,3.0429706043832994e-07,1.666512616793625e-07,3.564273542977503e-09,1.3764578454811272e-07,9.987243920761557e-09,0.0,0.0
4.6342502173502e-05,0.019930054259020835,0.000911473774927396,1.1431664032597186e-06,0.0029886856340323757,1.143208578469057e-06,1.083147139979701e-06,1.6760257892656227e-07,3.237186296800587e-09,1.378853653477563e-07,4.228456162991279e-08,7.776591814945277e-07,0.0,-1.4539694781490198e-08,7.782788316035294e-07,3.906835965850064e-10,7.060744350306791e-11,2.2898706542040514e-10,3.22972937283339e-08,7.776591814945277e-07,3.048682799544622e-07,1.6721189410873194e-07,3.1663507371604283e-09,1.3765638584573026e-07,9.98726701340047e-09,0.0,0.0
4.634500510292128e-05,0.019930192502215505,0.0007742000886089562,1.1431687335891194e-06,0.0035401237608620657,1.1432108522058115e-06,1.0825539220604696e-06,1.6701150684639288e-07,3.832374861900689e-09,1.3788371688860934e-07,4.2284593604335896e-08,7.776587267471768e-07,0.0,-1.4539918602451962e-08,7.781922590766044e-07,3.0450950094795814e-10,4.215101878646266e-11,2.290122119719129e-10,3.2297297281047577e-08,7.776587267471768e-07,3.043616914055747e-07,1.6670699665155553e-07,3.788476199417801e-09,1.3765469475401915e-07,9.98729632328832e-09,0.0,0.0
4.634750439436175e-05,0.019930330745410174,0.000929759136985453,1.1431710891967886e-06,0.0032478581185563897,1.143213125942566e-06,1.0828713357113884e-06,1.6733980601202347e-07,3.5170124590422347e-09,1.3787247610252962e-07,4.2284622026045326e-08,7.776590109642711e-07,0.0,-1.454019038504839e-08,7.782781494825031e-07,3.900950951152282e-10,6.194934148995301e-11,2.290374140345719e-10,3.2297300833761255e-08,7.776590109642711e-07,3.045931578071759e-07,1.6694971805009118e-07,3.4578981900068584e-09,1.376434397570847e-07,9.987321192284071e-09,0.0,0.0
4.6350000047823414e-05,0.01993046753341332,0.0011574634381794624,1.1431739442668705e-06,0.0030829608345861377,1.143215968113509e-06,1.083051984096528e-06,1.6752559872657002e-07,3.3390068487904045e-09,1.3786663544124167e-07,4.2284654000468436e-08,7.776597499287163e-07,0.0,-1.4540376902516527e-08,7.784599347360199e-07,5.711465189683906e-10,5.6967128930773825e-11,2.290585360276154e-10,3.2297304386474934e-08,7.776597499287163e-07,3.0459202093879867e-07,1.6695445026471134e-07,3.279653659760129e-09,1.3763758488494204e-07,9.987348725815082e-09,0.0,0.0
4.635250297724269e-05,0.019930604321416467,0.0011643651625889984,1.1431771202498499e-06,0.0037151674292020577,1.143219265031803e-06,1.0823727052411414e-06,1.6683951287177479e-07,4.021195820769208e-09,1.3787337138637668e-07,4.2284689527605224e-08,7.776598636155541e-07,0.0,-1.4540624704295624e-08,7.784818762957002e-07,5.929378654734307e-10,4.9246384747902994e-11,2.2907821473072687e-10,3.229730793918861e-08,7.776598636155541e-07,3.038908573671506e-07,1.662465791696377e-07,3.97184463096778e-09,1.3764429240836762e-07,9.98738336477345e-09,0.0,0.0
4.6355002268683165e-05,0.019930741109419614,0.0009314030004112794,1.1431799870092706e-06,0.0032955549621687123,1.143222107202746e-06,1.0828280210262164e-06,1.6728257890008535e-07,3.5685192578682745e-09,1.378862890533128e-07,4.228472505474201e-08,7.776591814945277e-07,0.0,-1.4540868065182622e-08,7.782920192767051e-07,4.037509770959957e-10,6.807316516033168e-11,2.2909865671216778e-10,3.229731149190229e-08,7.776591814945277e-07,3.0453603017122077e-07,1.6687882009591704e-07,3.501659850968508e-09,1.3765719586444902e-07,9.98741445101814e-09,0.0,0.0
4.635750156012364e-05,0.019930879352614284,0.0007769666931913832,1.143182348714112e-06,0.0035344984962308893,1.1432243809395004e-06,1.0825722256413428e-06,1.6702772143162292e-07,3.826349903590653e-09,1.3788567798656004e-07,4.22847605818788e-08,7.776588404340146e-07,0.0,-1.4541066128970215e-08,7.782086299812363e-07,3.2065236577061285e-10,3.6293877625492854e-11,2.2911794683722064e-10,3.229731504461597e-08,7.776588404340146e-07,3.0436362408181594e-07,1.667070677058291e-07,3.788171998309053e-09,1.3765657058684155e-07,9.98744464908441e-09,0.0,0.0
4.636000085156411e-05,0.01993101614061743,0.0009890188268433242,1.1431847643704407e-06,0.0035374086351367203,1.1432267683630926e-06,1.0825712024598033e-06,1.6704207439488528e-07,3.829496719731651e-09,1.3786963393158658e-07,4.2284799661729267e-08,7.77659465711622e-07,0.0,-1.4541329029782446e-08,7.783358455526468e-07,4.472495707119606e-10,7.811271074409376e-11,2.2913887454123483e-10,3.229732215004333e-08,7.77659465711622e-07,3.042353284854471e-07,1.6659481616443372e-07,3.753302557640836e-09,1.3764049811015866e-07,9.987478399864358e-09,0.0,0.0
4.636250378098339e-05,0.019931152928620577,0.00127287986330904,1.143187858376492e-06,0.0032559610736871544,1.1432299515945488e-06,1.0828777021743008e-06,1.6735147312374465e-07,3.525807645843315e-09,1.3786586805508705e-07,4.2284831636152376e-08,7.776603752063238e-07,0.0,-1.4541546633495273e-08,7.78591015659913e-07,7.014235858804341e-10,3.653330069020022e-11,2.291612039018176e-10,3.2297329255470686e-08,7.776603752063238e-07,3.042867433578067e-07,1.66650039545857e-07,3.4882599031504924e-09,1.376367038119497e-07,9.98750238068169e-09,0.0,0.0
4.636499943444505e-05,0.0199312882614322,0.0011286413648683435,1.143191108422692e-06,0.003587299083850873,1.1432333621996804e-06,1.0825233403011225e-06,1.6697892135653092e-07,3.883334986909404e-09,1.3788444164219982e-07,4.228485295243445e-08,7.776599773023918e-07,0.0,-1.4541782000776493e-08,7.784614695083292e-07,5.72335290272008e-10,8.005849455594571e-11,2.2917995279314596e-10,3.2297332808184365e-08,7.776599773023918e-07,3.040618423710839e-07,1.6640657918287616e-07,3.803729331508521e-09,1.3765526318820775e-07,9.987521032428504e-09,0.0,0.0
4.636750236386433e-05,0.019931425049435347,0.0007425948799877347,1.1431936680493854e-06,0.003111580294847715,1.1432358633101103e-06,1.08303891011019e-06,1.674841740850752e-07,3.369962531252213e-09,1.3789576769340783e-07,4.228490269042595e-08,7.776590109642711e-07,0.0,-1.454202624984191e-08,7.782244892950985e-07,3.362989886568357e-10,6.202327540449915e-11,2.291915546237533e-10,3.22973434663254e-08,7.776590109642711e-07,3.04814449236801e-07,1.6714787420823995e-07,3.308887164266139e-09,1.3766657502856106e-07,9.987557447743711e-09,0.0,0.0
4.6370001655304804e-05,0.01993156038224697,0.0007275521581888711,1.1431956576407073e-06,0.003474782523045595,1.1432376822995138e-06,1.0826486231962917e-06,1.6710868067093543e-07,3.7619685144818504e-09,1.3788088892852102e-07,4.228493466484906e-08,7.776590109642711e-07,0.0,-1.4542242077197898e-08,7.782256261634757e-07,3.374523993571188e-10,6.183333706166749e-11,2.2920233766487996e-10,3.229734701903908e-08,7.776590109642711e-07,3.0442291176768776e-07,1.6677122971486824e-07,3.698124251272361e-09,1.3765168205281952e-07,9.98758942216682e-09,0.0,0.0
4.6372500946745276e-05,0.019931697170250118,0.0011050148800713089,1.1431981643725654e-06,0.0032151063235278214,1.1432401834099437e-06,1.0829309076143545e-06,1.6740669650516793e-07,3.4817380090146344e-09,1.3786419117423065e-07,4.2284980850126885e-08,7.776600909892295e-07,0.0,-1.4542498760761191e-08,7.784900617480162e-07,6.007819797204661e-10,9.54224130267356e-11,2.292185746766151e-10,3.2297361229893795e-08,7.776600909892295e-07,3.044408742880478e-07,1.6680591841122805e-07,3.3900506846151757e-09,1.3763497008767445e-07,9.98761873205467e-09,0.0,0.0
4.6375003876164556e-05,0.01993183250306174,0.001288997593647423,1.1432014042569567e-06,0.00260833731788002,1.1432435940150754e-06,1.0835894954652758e-06,1.6805770997052605e-07,2.8263669182848616e-09,1.378709555410751e-07,4.228501992997735e-08,7.776607731102558e-07,0.0,-1.4542706594511401e-08,7.786936748743756e-07,8.036699084001953e-10,3.7440904543384335e-11,2.2923482556613806e-10,3.2297364782607474e-08,7.776607731102558e-07,3.048957637474814e-07,1.6725404350381723e-07,2.7874578201192435e-09,1.3764172024366417e-07,9.987653371013039e-09,0.0,0.0
4.637750316760503e-05,0.019931967835873365,0.000984424677824336,1.1432044809432367e-06,0.0034718948046434505,1.1432466635596938e-06,1.0826598781932262e-06,1.671076148568318e-07,3.758881206294973e-09,1.3789254182938748e-07,4.228505900982782e-08,7.776596930852975e-07,0.0,-1.4542929527294746e-08,7.783978048792051e-07,5.088769960970296e-10,1.226970747225664e-10,2.2924766251986028e-10,3.229737544074851e-08,7.776596930852975e-07,3.042620448923117e-07,1.6659873836033512e-07,3.6344203202531844e-09,1.3766329232112184e-07,9.98768090454405e-09,0.0,0.0
4.63800024590455e-05,0.01993210316868499,0.0006226500803450108,1.143206655842692e-06,0.0032813378280747685,1.1432488236096106e-06,1.0828672429852304e-06,1.6730997742797626e-07,3.5532532471904688e-09,1.37898553020932e-07,4.228509453696461e-08,7.776587835905957e-07,0.0,-1.4543164894575966e-08,7.782205102557782e-07,3.3246772002115677e-10,4.542246787031523e-11,2.292609990739436e-10,3.2297389651603226e-08,7.776587835905957e-07,3.0464678957287106e-07,1.6697751448191411e-07,3.5088614236400417e-09,1.3766928930181166e-07,9.987703997182962e-09,0.0,0.0
4.638250175048597e-05,0.019932238501496613,0.0007951196842874708,1.1432085745503767e-06,0.0036400479737670414,1.1432505289121764e-06,1.0824817309185164e-06,1.6694426108188054e-07,3.9402854312697855e-09,1.3787837360723643e-07,4.2285133616815074e-08,7.776591246511089e-07,0.0,-1.4543378945575114e-08,7.782802526890009e-07,3.918583513229379e-10,1.0964852636963229e-10,2.292757511623833e-10,3.229739675703058e-08,7.776591246511089e-07,3.042015066512249e-07,1.6655241097396356e-07,3.828375838565989e-09,1.3764909567726136e-07,9.987735971606071e-09,0.0,0.0
4.638500467990525e-05,0.019932373834308237,0.0013137059499506165,1.1432114284833997e-06,0.0035041232711584456,1.1432534847699571e-06,1.0826310017364449e-06,1.6710535533093207e-07,3.793672487262256e-09,1.378647880301287e-07,4.2285186907520256e-08,7.776607731102558e-07,0.0,-1.4543636517316827e-08,7.786999844938691e-07,8.098974824122251e-10,8.831404357811934e-11,2.2928921261655688e-10,3.2297421626026335e-08,7.776607731102558e-07,3.039309603991569e-07,1.66295464509858e-07,3.7084568749179425e-09,1.376354958892989e-07,9.987763505137082e-09,0.0,0.0
4.6387500333366916e-05,0.01993250916711986,0.0014100991038752397,1.1432151146853622e-06,0.003063761060840956,1.143257236435602e-06,1.0831098506969283e-06,1.6756609966250835e-07,3.3183897851785105e-09,1.378825658093774e-07,4.228520822380233e-08,7.776611710141879e-07,0.0,-1.4543830140212322e-08,7.788124776197947e-07,9.219651708747278e-10,4.465032163447624e-11,2.2930037035795436e-10,3.2297425178740014e-08,7.776611710141879e-07,3.042974014988431e-07,1.6664412783029547e-07,3.272165871592847e-09,1.376532594576929e-07,9.987781268705476e-09,0.0,0.0
4.6390003262786195e-05,0.01993264304473996,0.0008959942018442746,1.1432182020281972e-06,0.0038647051888117926,1.1432604196670582e-06,1.0822485592143494e-06,1.6668150237819646e-07,4.182571622379783e-09,1.379077048113686e-07,4.228526506722119e-08,7.776593520247843e-07,0.0,-1.454404152667621e-08,7.783385740367521e-07,4.49882547881586e-10,1.60790741832173e-10,2.2931169463280554e-10,3.2297453600449444e-08,7.776593520247843e-07,3.039100135993067e-07,1.662316151396226e-07,4.020013211203377e-09,1.376783984596841e-07,9.987812354950165e-09,0.0,0.0
4.639250255422667e-05,0.019932778377551585,0.00047933373566522164,1.143220063298164e-06,0.003661641939771452,1.1432622386564617e-06,1.0824689979926916e-06,1.6690685811227013e-07,3.963613881552419e-09,1.3790366892862949e-07,4.228531480521269e-08,7.776584425300825e-07,0.0,-1.4544287552098467e-08,7.782123816468811e-07,3.2459707144383287e-10,1.4116554279686166e-11,2.2932380994156176e-10,3.229747136401784e-08,7.776584425300825e-07,3.0425658792410104e-07,1.6658225376886548e-07,3.951221572151553e-09,1.3767433415523556e-07,9.987845217551694e-09,0.0,0.0
4.639500184566714e-05,0.019932912255171686,0.0007149825305106106,1.1432216622203577e-06,0.003752261515338923,1.1432636028985144e-06,1.082372477867466e-06,1.6683556225416396e-07,4.061344593964122e-09,1.378779757033044e-07,4.228535743777684e-08,7.776588972774334e-07,0.0,-1.4544503379454454e-08,7.782522857269214e-07,3.640353574141386e-10,1.3481726846009678e-10,2.293357864724399e-10,3.2297482022158874e-08,7.776588972774334e-07,3.041201637188351e-07,1.6647152278892463e-07,3.924491398521468e-09,1.3764864092991047e-07,9.987874527439544e-09,0.0,0.0
4.639750113710761e-05,0.019933046132791787,0.0012413732434612967,1.1432242813429086e-06,0.0038490793870291353,1.1432663313826197e-06,1.082270387087192e-06,1.6674383118697733e-07,4.165744638129354e-09,1.3786588226594176e-07,4.228541783390938e-08,7.776606594234181e-07,0.0,-1.4544768056623525e-08,7.786883884364215e-07,7.983992356130898e-10,9.016509761039515e-11,2.2934844301492063e-10,3.2297513996581984e-08,7.776606594234181e-07,3.0358197022906097e-07,1.6594543694736785e-07,4.0778593835000265e-09,1.3763653328169312e-07,9.987902949148975e-09,0.0,0.0
4.640000042854808e-05,0.01993318001041189,0.0013515016616618136,1.1432277526221237e-06,0.003222364984911388,1.1432699693614268e-06,1.0829497796294163e-06,1.6740774810841685e-07,3.489659450295335e-09,1.3788100261535874e-07,4.2285456913759845e-08,7.776610573273501e-07,0.0,-1.4544976778552154e-08,7.788302127664792e-07,9.397677080968947e-10,3.733550968387789e-11,2.293618905913064e-10,3.229752110200934e-08,7.776610573273501e-07,3.041196237063559e-07,1.6646798428610055e-07,3.45248851729707e-09,1.3765163942025538e-07,9.987936699928923e-09,0.0,0.0
4.640250335796736e-05,0.01993331388803199,0.000906012565070391,1.1432307749284438e-06,0.0035591452711068333,1.1432730389060453e-06,1.082589278667001e-06,1.6702652771982684e-07,3.853092511718614e-09,1.379033989223899e-07,4.2285510204465027e-08,7.776592951813655e-07,0.0,-1.4545189053194463e-08,7.783633577673754e-07,4.746911197450743e-10,1.575169994438852e-10,2.2937637900177776e-10,3.2297542418291414e-08,7.776592951813655e-07,3.042258640562068e-07,1.6655184253977495e-07,3.6951413040497982e-09,1.3767402151643182e-07,9.987966009816773e-09,0.0,0.0
4.6405002649407834e-05,0.01993344776565209,0.0004854609339091098,1.1432326378000485e-06,0.003172802893044535,1.143274744208611e-06,1.0830076462298166e-06,1.674435878840086e-07,3.4361697931473145e-09,1.379057437134179e-07,4.228555638974285e-08,7.77658271999826e-07,0.0,-1.4545429749546201e-08,7.782052762195235e-07,3.175893992235501e-10,3.007594173709549e-11,2.29390298422949e-10,3.229756373457349e-08,7.77658271999826e-07,3.0480234158858366e-07,1.6712600370283326e-07,3.4077332067283805e-09,1.3767635209660511e-07,9.987993543347784e-09,0.0,0.0
4.6407501940848306e-05,0.01993358164327219,0.0006706050756086768,1.143234185513709e-06,0.003130837370103785,1.1432762221375015e-06,1.083054030459607e-06,1.6751215525800944e-07,3.3908660324044604e-09,1.378833047738226e-07,4.2285602575020675e-08,7.776586130603391e-07,0.0,-1.454564024783167e-08,7.78244270804862e-07,3.562257988587447e-10,1.057227083656187e-10,2.2940453703323982e-10,3.2297570840000844e-08,7.776586130603391e-07,3.048098449198733e-07,1.6715593176286347e-07,3.284623684152166e-09,1.376538989461551e-07,9.988030846841411e-09,0.0,0.0
4.641000123228878e-05,0.019933715520892292,0.0011945342498940192,1.1432366825178495e-06,0.0030374296212111592,1.1432787232479313e-06,1.0831571444214205e-06,1.67629238490008e-07,3.290013594892116e-09,1.3786772967705474e-07,4.228565586572586e-08,7.776602046760672e-07,0.0,-1.4545863180615015e-08,7.786115929775406e-07,7.219907449673713e-10,1.0184360993426012e-10,2.2942162059003124e-10,3.2297599261710275e-08,7.776602046760672e-07,3.0454555144387996e-07,1.6690724180534744e-07,3.1886908669065406e-09,1.3763830963853252e-07,9.988056604015583e-09,0.0,0.0
4.641250052372925e-05,0.01993384794332087,0.0012975765282021712,1.1432399826314646e-06,0.003279220155453649,1.143282133853063e-06,1.082899302673468e-06,1.6735519636768004e-07,3.5510652196535375e-09,1.378833900389509e-07,4.2285691392862645e-08,7.77660716266837e-07,0.0,-1.4546076343435743e-08,7.787692197780416e-07,8.790520533707991e-10,3.690343516882244e-11,2.2943902333594224e-10,3.229760636713763e-08,7.77660716266837e-07,3.041300828954263e-07,1.6647614131670707e-07,3.5125413688774643e-09,1.3765394157871924e-07,9.988085025725013e-09,0.0,0.0
4.641500345314853e-05,0.01993398036574945,0.0008422664549740944,1.1432428162635107e-06,0.0032297979035826483,1.1432850897108437e-06,1.082955236597627e-06,1.673876965924137e-07,3.497726552836866e-09,1.3790848640837794e-07,4.2285751788995185e-08,7.7765906780769e-07,0.0,-1.454632503339326e-08,7.78345565777272e-07,4.570445966134429e-10,1.664720444827239e-10,2.2945716160460705e-10,3.2297627683419705e-08,7.7765906780769e-07,3.046096992420644e-07,1.6693064708306338e-07,3.333504805524967e-09,1.376790379481463e-07,9.98812410557548e-09,0.0,0.0
4.6417502744589e-05,0.01993411424336955,0.00045722168801631824,1.14324455598731e-06,0.0028539807630777185,1.1432866813265719e-06,1.0833624628503458e-06,1.6779380018761003e-07,3.0918956284153865e-09,1.3791049013889278e-07,4.228580152698669e-08,7.776582151564071e-07,0.0,-1.4546505333612458e-08,7.782333568684408e-07,3.456789576805619e-10,2.8511736374636776e-11,2.2947513333981817e-10,3.229764899970178e-08,7.776582151564071e-07,3.0512913440361444e-07,1.6744812114666274e-07,3.0619158319922235e-09,1.3768102746780642e-07,9.98815341546333e-09,0.0,0.0
4.642000567400828e-05,0.019934246665798128,0.000694505341558127,1.143246081132213e-06,0.0037545392638047765,1.1432880455686245e-06,1.0823915772562032e-06,1.668482099148605e-07,4.063881675619996e-09,1.3788474007014884e-07,4.2285844159550834e-08,7.77658669903758e-07,0.0,-1.4546730042752642e-08,7.782844022585778e-07,3.9625561165657075e-10,1.6185189299910974e-10,2.2948883071638448e-10,3.2297659657842814e-08,7.77658669903758e-07,3.0410720341933484e-07,1.664519544419818e-07,3.90013843443171e-09,1.3765524897735304e-07,9.98818538988644e-09,0.0,0.0
4.6422501327469945e-05,0.019934379088226706,0.0012875802783434143,1.1432487058581275e-06,0.0030796891887427454,1.1432907740527298e-06,1.0831221288754023e-06,1.675940950462973e-07,3.335679510385603e-09,1.3786743124910572e-07,4.228591876653809e-08,7.776606025799992e-07,0.0,-1.4546984061780677e-08,7.787880349496845e-07,8.979246235440996e-10,1.0435464298241826e-10,2.294991557905135e-10,3.22976951849796e-08,7.776606025799992e-07,3.0433409392571775e-07,1.6669616798026254e-07,3.236067636080975e-09,1.376379259454552e-07,9.988224469736906e-09,0.0,0.0
4.6425004256889224e-05,0.019934511510655284,0.001364023691437538,1.1432522171765006e-06,0.002878349851291091,1.143294412031537e-06,1.083343136087933e-06,1.6779253542154038e-07,3.1182405546559266e-09,1.378897422910086e-07,4.2285957846388555e-08,7.776608299536747e-07,0.0,-1.4547132387576767e-08,7.78870344220195e-07,9.799916433905764e-10,8.62629828679573e-11,2.2951206213317477e-10,3.229770229040696e-08,7.776608299536747e-07,3.044727634460287e-07,1.6681255488038005e-07,3.0276037232823683e-09,1.3766022277650336e-07,9.988254667803176e-09,0.0,0.0
4.642749991035089e-05,0.019934643933083862,0.0007287814722390928,1.1432549885199238e-06,0.003948255803387164,1.14329725420248e-06,1.0821910336744622e-06,1.6660990809214127e-07,4.27276702907875e-09,1.3792244146770827e-07,4.228602890066213e-08,7.776587267471768e-07,0.0,-1.4547384630247961e-08,7.783291380292212e-07,4.408781395515149e-10,2.1441877440242507e-10,2.2952530154274342e-10,3.229773781754375e-08,7.776587267471768e-07,3.038619524886599e-07,1.6616903053545684e-07,4.0589154259862426e-09,1.3769292195320304e-07,9.988289306761544e-09,0.0,0.0
4.643000283977017e-05,0.019934774900320917,0.0003449729096465237,1.1432563947863705e-06,0.0027801843852142934,1.143298504757695e-06,1.083452616512659e-06,1.6787900847248238e-07,3.0121980465480647e-09,1.379155634140261e-07,4.2286082191367313e-08,7.776580446261505e-07,0.0,-1.4547619109350762e-08,7.78247567723156e-07,3.600102438383601e-10,3.358340341930166e-11,2.295312828692886e-10,3.229775558111214e-08,7.776580446261505e-07,3.052050203677936e-07,1.6751900488998217e-07,2.9821838332111383e-09,1.3768602968866617e-07,9.988323945719912e-09,0.0,0.0
4.643250213121064e-05,0.019934907322749496,0.0008347711842983385,1.1432579570321506e-06,0.003230306201536655,1.1432998689997476e-06,1.0829677421497763e-06,1.6742740172048798e-07,3.4983174135305717e-09,1.3788130104330776e-07,4.228612837664514e-08,7.776590109642711e-07,0.0,-1.454777187603895e-08,7.783834234942333e-07,4.949031184864339e-10,2.3919535796501634e-10,2.295329204482499e-10,3.2297780450107894e-08,7.776590109642711e-07,3.0458426181212417e-07,1.6693249449417635e-07,3.2543021610820233e-09,1.3765176731794782e-07,9.988347038358825e-09,0.0,0.0
4.643500506062992e-05,0.01993503828998655,0.0014457291743072975,1.1432609437404614e-06,0.00358257924729314,1.1433030522312038e-06,1.0825903018485405e-06,1.6705203620404063e-07,3.878465548723398e-09,1.378769525217649e-07,4.2286195878205035e-08,7.776613415444444e-07,0.0,-1.4548036553208021e-08,7.790085874148645e-07,1.1177382353011467e-09,6.787816836384408e-11,2.2953937361958054e-10,3.229781952995836e-08,7.776613415444444e-07,3.035817144336761e-07,1.6593429563727113e-07,3.813796833895822e-09,1.3764741879640496e-07,9.988375460068255e-09,0.0,0.0
4.643750435207039e-05,0.01993517071241513,0.0013159272215990114,1.1432646007929298e-06,0.0028465475752960305,1.1433068038968486e-06,1.083388497136184e-06,1.67819848684303e-07,3.0839168996266153e-09,1.3790783270906104e-07,4.22862349580555e-08,7.776607731102558e-07,0.0,-1.4548234616995614e-08,7.78835214987339e-07,9.448695159619547e-10,1.4220885580229492e-10,2.295531265072981e-10,3.22978301880994e-08,7.776607731102558e-07,3.045532537271356e-07,1.6687496895428922e-07,2.9410789359474165e-09,1.3767828477284638e-07,9.988404769956105e-09,0.0,0.0
4.644000364351086e-05,0.019935301679652184,0.0006754984300627598,1.1432672089080839e-06,0.00361803944677226,1.1433094186941162e-06,1.0825580147866276e-06,1.6696866111942654e-07,3.916737600917486e-09,1.379306979742978e-07,4.228630956504276e-08,7.776586130603391e-07,0.0,-1.454842468717743e-08,7.783170303810039e-07,4.2882603024096966e-10,1.831691603948471e-10,2.2956885004088434e-10,3.22978799260909e-08,7.776586130603391e-07,3.042409559839143e-07,1.665398343675406e-07,3.7316065792936115e-09,1.377011216163737e-07,9.988431415308696e-09,0.0,0.0
4.6442502934951335e-05,0.01993543264688924,0.0003756454161063516,1.1432685855621366e-06,0.0032210037000355973,1.1433106692493311e-06,1.0829872962858644e-06,1.6741122976782208e-07,3.488306088428317e-09,1.3791795083761826e-07,4.228635575032058e-08,7.776581583129882e-07,0.0,-1.4548672488956527e-08,7.78270020873606e-07,3.8226588561229846e-10,2.697683396113426e-11,2.2958270007311654e-10,3.2297890584231936e-08,7.776581583129882e-07,3.047173322556773e-07,1.6702897198683786e-07,3.4644407342909744e-09,1.3768836026883946e-07,9.988464277910225e-09,0.0,0.0
4.6445005864370614e-05,0.019935563614126295,0.0008598965866219999,1.1432702037173602e-06,0.0031281741779242045,1.1433121471782215e-06,1.0830888186319498e-06,1.6754377440975077e-07,3.3880904748428975e-09,1.3788579167339776e-07,4.228641614645312e-08,7.776592383379466e-07,0.0,-1.454884213103469e-08,7.78405592427589e-07,5.167516969883934e-10,2.2244697750473108e-10,2.2959548151568754e-10,3.2297922558655046e-08,7.776592383379466e-07,3.0468322620436084e-07,1.6702702509974188e-07,3.163046047305329e-09,1.3765620110461896e-07,9.988493587798075e-09,0.0,0.0
4.644750151783228e-05,0.01993569458136335,0.0014718323283773316,1.1432732575182959e-06,0.003603097285608866,1.1433153304096777e-06,1.0825791605384438e-06,1.670349973892371e-07,3.9006380347927916e-09,1.3788267949621513e-07,4.228648009529934e-08,7.776613983878633e-07,0.0,-1.4549070392888552e-08,7.790101790305926e-07,1.1191348958661251e-09,3.773363912995542e-11,2.296128009948717e-10,3.2297954533078155e-08,7.776613983878633e-07,3.035689246644324e-07,1.6591586415870552e-07,3.863741326881609e-09,1.3765307471658161e-07,9.988527338578024e-09,0.0,0.0
4.645000444725156e-05,0.019935825548600405,0.0013108744309455744,1.143276901952454e-06,0.0029482198860790896,1.1433190820753225e-06,1.0832895895873662e-06,1.6771436150975205e-07,3.1937759104039287e-09,1.3791454023248662e-07,4.2286522727863485e-08,7.776606025799992e-07,0.0,-1.4549296878385576e-08,7.787830895722436e-07,8.928064954005777e-10,1.3287521083427123e-10,2.2963356216543218e-10,3.229796163850551e-08,7.776606025799992e-07,3.0450647159341315e-07,1.6682155035141477e-07,3.0629494496281495e-09,1.3768490703114367e-07,9.988559313001133e-09,0.0,0.0
4.645250373869203e-05,0.019935955060645938,0.0006632494583271864,1.1432794586806843e-06,0.003060596738821609,1.1433216968725901e-06,1.083170445781434e-06,1.675793157573935e-07,3.315147933946605e-09,1.3793251696370135e-07,4.228659022942338e-08,7.77658669903758e-07,0.0,-1.4549479843140034e-08,7.783091859892011e-07,4.208884907264121e-10,1.3602907689147514e-10,2.2965090940019195e-10,3.229800071835598e-08,7.77658669903758e-07,3.048612882139423e-07,1.6715841866243863e-07,3.1765796659755097e-09,1.3770286955150368e-07,9.988588622888983e-09,0.0,0.0
4.64550030301325e-05,0.019936086027882993,0.0004706202776567636,1.1432809436785493e-06,0.0036115970918868955,1.1433230611146428e-06,1.0825767731148517e-06,1.6700231242339214e-07,3.909831125525898e-09,1.37916217113343e-07,4.228663286198753e-08,7.77658271999826e-07,0.0,-1.4549716098599674e-08,7.782876991768717e-07,3.9972644638730515e-10,2.445431010467125e-11,2.2966153978565274e-10,3.2298011376497016e-08,7.77658271999826e-07,3.042891592031083e-07,1.6660258950196294e-07,3.88524146188729e-09,1.3768655549029063e-07,9.988623261847351e-09,0.0,0.0
4.645750595955178e-05,0.019936215539928526,0.0009189269542275724,1.143282743309593e-06,0.003310421385013078,1.1433247664172086e-06,1.0829032817127882e-06,1.6735073415929946e-07,3.5848661816828553e-09,1.3789323816126853e-07,4.228667904726535e-08,7.776592383379466e-07,0.0,-1.4549947024988796e-08,7.784274771438504e-07,5.385369927779493e-10,1.5679595122275458e-10,2.2966649415590012e-10,3.229803269277909e-08,7.776592383379466e-07,3.044757761472283e-07,1.6681219960901217e-07,3.4291796069396696e-09,1.3766357653821615e-07,9.988647242664683e-09,0.0,0.0
4.6460001613013446e-05,0.019936345051974058,0.0013214047791194616,1.1432856448090475e-06,0.0032211653251368413,1.1433277222749894e-06,1.0830023029484437e-06,1.6744456843298394e-07,3.4885294653008714e-09,1.378969614052039e-07,4.2286725232543176e-08,7.776608299536747e-07,0.0,-1.4550147753311649e-08,7.788175366840733e-07,9.270332279598392e-10,3.164193906890489e-11,2.2967241997129406e-10,3.229805400906116e-08,7.776608299536747e-07,3.0418482310778927e-07,1.6651752332563774e-07,3.456898545195486e-09,1.3766729978215153e-07,9.988672999838855e-09,0.0,0.0
4.6462504542432725e-05,0.019936476019211113,0.0011471566306298087,1.1432888778157208e-06,0.0029612606484394227,1.1433310191932833e-06,1.0832860652953968e-06,1.677024528135007e-07,3.2078923961620376e-09,1.3792342201668362e-07,4.228676431239364e-08,7.776601478326484e-07,0.0,-1.4550375126987092e-08,7.786354672134621e-07,7.455900341568622e-10,9.793135052893476e-11,2.2968593693661887e-10,3.229805756177484e-08,7.776601478326484e-07,3.0465059808193473e-07,1.669568518991582e-07,3.111711111003501e-09,1.376937319719218e-07,9.988704086083544e-09,0.0,0.0
4.64650038338732e-05,0.019936605531256646,0.0006900770175803927,1.1432912572545998e-06,0.0027270656144852195,1.1433334066168754e-06,1.0835411785592441e-06,1.6794469104297605e-07,2.9548878899277042e-09,1.379376044496894e-07,4.2286817603098825e-08,7.776588404340146e-07,0.0,-1.455058651345098e-08,7.783276601003308e-07,4.391370600487221e-10,7.610533730995073e-11,2.297051576727327e-10,3.229808243077059e-08,7.776588404340146e-07,3.0521346161549445e-07,1.675055614214216e-07,2.877898142017443e-09,1.3770790019407286e-07,9.988736948685073e-09,0.0,0.0
4.6467506763292477e-05,0.01993673504330218,0.0005914727546638687,1.1432929170159244e-06,0.003231692256829257,1.1433349982326035e-06,1.0829974144144217e-06,1.6741384456508968e-07,3.4999143583291925e-09,1.3792485731300985e-07,4.228685313023561e-08,7.776587267471768e-07,0.0,-1.4550797899914869e-08,7.782999205119268e-07,4.115164875528876e-10,4.2289696050579195e-11,2.2972199142934357e-10,3.229808598348427e-08,7.776587267471768e-07,3.0469746548078547e-07,1.6700232663424686e-07,3.4561831174784174e-09,1.376951388465386e-07,9.988766258572923e-09,0.0,0.0
4.647000241675414e-05,0.019936863100156188,0.0009954907220564024,1.1432949492314269e-06,0.00324091197521791,1.1433369309088448e-06,1.082989115275268e-06,1.6742399111535633e-07,3.5098723927262654e-09,1.3790534580948588e-07,4.2286906420940795e-08,7.776598067721352e-07,0.0,-1.4551021720876633e-08,7.785287152728415e-07,6.391474016709253e-10,1.2200351839908308e-10,2.2973077606902592e-10,3.229810729976634e-08,7.776598067721352e-07,3.0446045684584533e-07,1.667848437136854e-07,3.3887535000332036e-09,1.3767561313215992e-07,9.988799121174452e-09,0.0,0.0
4.647250534617342e-05,0.01993699261220172,0.0013605866556076762,1.143298000635433e-06,0.0032283250830103826,1.143340114140301e-06,1.0830055998667376e-06,1.674374203730622e-07,3.496294143090495e-09,1.3790707953376113e-07,4.228694550079126e-08,7.77661114170769e-07,0.0,-1.4551230442805263e-08,7.789008691361232e-07,1.0100182912253786e-09,2.0191494309873548e-11,2.2973931090852773e-10,3.229811795790738e-08,7.77661114170769e-07,3.041047307306144e-07,1.6642739808503393e-07,3.474832643846071e-09,1.3767734685643518e-07,9.988828431062302e-09,0.0,0.0
4.6475000999635085e-05,0.019937122124247253,0.0011318047159312172,1.143301228582481e-06,0.003605518879168804,1.143343411058595e-06,1.0826016705323127e-06,1.6700948890502332e-07,3.903340761723939e-09,1.3793203379464103e-07,4.228698458064173e-08,7.776601478326484e-07,0.0,-1.4551450711053349e-08,7.786337619108963e-07,7.438725746489183e-10,1.1743765682137308e-10,2.2975391034130155e-10,3.2298128616048416e-08,7.776601478326484e-07,3.0396790862141643e-07,1.6626562171495607e-07,3.785691760072041e-09,1.3770227269560564e-07,9.988855964593313e-09,0.0,0.0
4.647750029107556e-05,0.019937250181101263,0.0006235141738725192,1.1433034763886291e-06,0.003269516271464835,1.1433456847953494e-06,1.0829661505340482e-06,1.673632965548677e-07,3.5407754506167066e-09,1.379440703885848e-07,4.228704497677427e-08,7.776587835905957e-07,0.0,-1.4551678084728792e-08,7.783356750223902e-07,4.471066294975401e-10,6.26300331041385e-11,2.297723122879347e-10,3.229814993233049e-08,7.776587835905957e-07,3.0463050393336744e-07,1.6691619464381802e-07,3.4796934222924847e-09,1.3771430928954942e-07,9.98889326808694e-09,0.0,0.0
4.6480003220494837e-05,0.019937379693146795,0.0006293994454139584,1.1433050990626863e-06,0.003280388497295077,1.1433471627242398e-06,1.0829556913449778e-06,1.673732015206042e-07,3.552515392968303e-09,1.3792364939035906e-07,4.22870733984837e-08,7.776587835905957e-07,0.0,-1.4551880589408484e-08,7.783458499943663e-07,4.572960621285205e-10,5.025513685752436e-11,2.2978675906504265e-10,3.229815348504417e-08,7.776587835905957e-07,3.0460978450719267e-07,1.669159104267237e-07,3.500961964775229e-09,1.3769385986961424e-07,9.988917248904272e-09,0.0,0.0
4.648250251193531e-05,0.019937507750000805,0.0011458625242353193,1.143307372407315e-06,0.0033112330295051087,1.1433493227741565e-06,1.0829243137777667e-06,1.6736110808324156e-07,3.585814756235095e-09,1.3790310049444088e-07,4.228711958376152e-08,7.776600909892295e-07,0.0,-1.4552120397581803e-08,7.786362630213262e-07,7.463722973000131e-10,1.1528285270845373e-10,2.2979505798215172e-10,3.229817835403992e-08,7.776600909892295e-07,3.042880507564405e-07,1.6661473978274444e-07,3.4719718211562167e-09,1.3767331097369606e-07,9.988943894256863e-09,0.0,0.0
4.648500544135459e-05,0.019937635806854814,0.0013939222770602555,1.1433106247758302e-06,0.003120573061452823,1.1433527333792881e-06,1.083133270185499e-06,1.6756027321207512e-07,3.3799965049041703e-09,1.3791186859180016e-07,4.228715866361199e-08,7.77661114170769e-07,0.0,-1.4552324678618334e-08,7.78923833877343e-07,1.0328817801052992e-09,1.7200419907825726e-11,2.2979747271723028e-10,3.2298189012180956e-08,7.77661114170769e-07,3.0420946472986543e-07,1.665273856588101e-07,3.361568801096837e-09,1.3768206486020063e-07,9.988972315966294e-09,0.0,0.0
4.648750109481625e-05,0.019937763863708824,0.001068108878452989,1.1433137775754727e-06,0.0036107431367517705,1.143356030297582e-06,1.082607241187361e-06,1.6701356742032658e-07,3.909016665915033e-09,1.379336964646427e-07,4.2287204848889814e-08,7.776599773023918e-07,0.0,-1.4552538729617481e-08,7.785857292219589e-07,6.959666731809477e-10,1.2033417318146888e-10,2.2979709801695947e-10,3.229819967032199e-08,7.776599773023918e-07,3.0402151196540217e-07,1.6631760502150428e-07,3.78818088009325e-09,1.3770389273304318e-07,9.989006066746242e-09,0.0,0.0
4.6490000386256725e-05,0.019937891920562834,0.000681755228808617,1.1433160183963979e-06,0.003325016924083418,1.1433581903474987e-06,1.0829173788806656e-06,1.6732158769627858e-07,3.600718612162268e-09,1.379369507503725e-07,4.228725103416764e-08,7.776588972774334e-07,0.0,-1.4552775873255541e-08,7.783593787280552e-07,4.706786627117765e-10,5.885174986230979e-11,2.297994711186746e-10,3.2298217433890386e-08,7.776588972774334e-07,3.0455805699602934e-07,1.6685090997725638e-07,3.5426599431787054e-09,1.3770716122962767e-07,9.989031823920413e-09,0.0,0.0
4.6492503315676004e-05,0.019938019977416843,0.0007057085402006891,1.143317795138851e-06,0.0037525554775412182,1.1433598956500646e-06,1.0824576293089194e-06,1.668791611564302e-07,4.061982306069467e-09,1.3791949982078222e-07,4.228728656130443e-08,7.776589541208523e-07,0.0,-1.4552977489756813e-08,7.783650062265224e-07,4.762470973140864e-10,6.642303373993741e-11,2.298049806004343e-10,3.2298220986604065e-08,7.776589541208523e-07,3.0409262308239704e-07,1.6640291278235964e-07,3.992871810964971e-09,1.376896960891827e-07,9.989062910165103e-09,0.0,0.0
4.6495002607116476e-05,0.01993814657907933,0.001034348064727908,1.143319998079441e-06,0.0038843876862310355,1.1433620556999813e-06,1.082317339751171e-06,1.6675507197305706e-07,4.2041401471237805e-09,1.3790234731914097e-07,4.228733274658225e-08,7.776599204589729e-07,0.0,-1.4553239502390625e-08,7.785586717545812e-07,6.689730991382703e-10,1.0779477310762786e-10,2.2981316849524092e-10,3.229823875017246e-08,7.776599204589729e-07,3.0375863957488036e-07,1.6608609598733892e-07,4.0982990334725855e-09,1.3767252937668673e-07,9.989091331874533e-09,0.0,0.0
4.649749826057814e-05,0.01993827463593334,0.0012100524062645945,1.1433228721880755e-06,0.003624575413708282,1.143365011557762e-06,1.0826001926034223e-06,1.6703472738299752e-07,3.923966040986215e-09,1.3790486264042556e-07,4.228736116829168e-08,7.776606025799992e-07,0.0,-1.4553451777032933e-08,7.787543268023001e-07,8.638768034252564e-10,3.771258999529792e-11,2.2982080127853521e-10,3.2298245855599816e-08,7.776606025799992e-07,3.038458942228317e-07,1.6617084952486039e-07,3.884637944651104e-09,1.376750304871166e-07,9.989113536335026e-09,0.0,0.0
4.650000118999742e-05,0.019938401237595826,0.000908652368902807,1.143325554503544e-06,0.004248113128379498,1.1433677400418674e-06,1.0819304634424043e-06,1.6634513144708762e-07,4.596163005743392e-09,1.379259231271135e-07,4.2287410906283185e-08,7.77659465711622e-07,0.0,-1.4553690697027832e-08,7.784571494084958e-07,5.67878466473104e-10,1.4061027342471277e-10,2.298287671287369e-10,3.229826006645453e-08,7.77659465711622e-07,3.0347334245561797e-07,1.6577725148181344e-07,4.4553032374494705e-09,1.3769609097380453e-07,9.989149063471814e-09,0.0,0.0
4.65025041194167e-05,0.019938529294449836,0.00045059224033838774,1.143327295109429e-06,0.0033873470846185125,1.1433694453444332e-06,1.0828599670276162e-06,1.6726538376587996e-07,3.6680225523610943e-09,1.3793618336421787e-07,4.228745353884733e-08,7.776584425300825e-07,0.0,-1.4553967808694779e-08,7.782671218592441e-07,3.7884048675884685e-10,5.061841223952257e-11,2.2983850933577799e-10,3.2298277830022926e-08,7.776584425300825e-07,3.04592902011791e-07,1.668865508008821e-07,3.6216369903030454e-09,1.377063512109089e-07,9.989173044289146e-09,0.0,0.0
4.6504999772878364e-05,0.019938655896112323,0.0005966361572156131,1.1433286209179904e-06,0.0030375781313380494,1.1433705822128104e-06,1.0832385441972292e-06,1.676675793760296e-07,3.2904217128759683e-09,1.3791225228487747e-07,4.228748196055676e-08,7.776587267471768e-07,0.0,-1.4554157878876595e-08,7.782912234688411e-07,4.0264125367173165e-10,1.3075553140229346e-10,2.2985287284615907e-10,3.229828493545028e-08,7.776587267471768e-07,3.049473491500976e-07,1.672649432293838e-07,3.157853756263762e-09,1.3768239170985908e-07,9.989197025106478e-09,0.0,0.0
4.650750270229764e-05,0.01993878249777481,0.0012700765140678527,1.143330984207266e-06,0.0033532372174192755,1.1433729696364026e-06,1.0828997574208188e-06,1.6734864516365633e-07,3.631219769317795e-09,1.378905096771632e-07,4.228754590940298e-08,7.776606594234181e-07,0.0,-1.4554402127942012e-08,7.787677418491512e-07,8.772528814482428e-10,1.4670903381031053e-10,2.298683743351404e-10,3.229832046258707e-08,7.776606594234181e-07,3.04132043993377e-07,1.664713948912322e-07,3.4855904829100837e-09,1.376606348912901e-07,9.989225446815908e-09,0.0,0.0
4.651000563171692e-05,0.019938909099437296,0.0014602080731563882,1.143334440792944e-06,0.002976818832268222,1.1433766076152097e-06,1.0833095984708052e-06,1.677374967812284e-07,3.2248164139048185e-09,1.3791064645829465e-07,4.228758143653977e-08,7.776613983878633e-07,0.0,-1.4554640159758492e-08,7.790014819875068e-07,1.110195269049541e-09,5.859406709829429e-11,2.2988645709265398e-10,3.229833112072811e-08,7.776613983878633e-07,3.043080596398795e-07,1.6662730217831268e-07,3.165765427581846e-09,1.3768075746156683e-07,9.989252980346919e-09,0.0,0.0
4.651250128517859e-05,0.01993903424590826,0.0008610315985490904,1.1433373457424758e-06,0.0035672216710891484,1.1433796771598281e-06,1.0826749985426432e-06,1.6707252825653995e-07,3.862141717547729e-09,1.3794316089388303e-07,4.2287645385385986e-08,7.776592951813655e-07,0.0,-1.455485332257922e-08,7.784297508806048e-07,5.405204062114422e-10,2.463400872176891e-10,2.299099105540492e-10,3.229836309515122e-08,7.776592951813655e-07,3.042452476620383e-07,1.6653200418659253e-07,3.6142377979331286e-09,1.3771324347544578e-07,9.98928051387793e-09,0.0,0.0
4.6515004214597866e-05,0.019939160847570747,0.0003511577267805155,1.143338880394314e-06,0.003304081957287758,1.1433810414018808e-06,1.0829600114448112e-06,1.6735921803956444e-07,3.578188634278945e-09,1.3794254982713028e-07,4.2287709334232204e-08,7.77658271999826e-07,0.0,-1.4555096683466218e-08,7.783204409861355e-07,4.3226067170110127e-10,4.802605882425759e-11,2.2993537629467653e-10,3.2298395069574326e-08,7.77658271999826e-07,3.0463957045867573e-07,1.6692696647169214e-07,3.5321128244447664e-09,1.377126181978383e-07,9.989315152836298e-09,0.0,0.0
4.651750350603834e-05,0.019939287449233234,0.0005875813763545068,1.143340068853625e-06,0.0034480545879150906,1.1433820645834203e-06,1.0828053973455098e-06,1.6723225826353882e-07,3.733572118136408e-09,1.379144407565036e-07,4.228775551951003e-08,7.776587267471768e-07,0.0,-1.4555317839892723e-08,7.783347655276884e-07,4.460933289429647e-10,1.9254342564778426e-10,2.2996134163566495e-10,3.229840572771536e-08,7.776587267471768e-07,3.0447066023953084e-07,1.6678616532317392e-07,3.538437765016056e-09,1.376844807055022e-07,9.989348903616246e-09,0.0,0.0
4.652000643545762e-05,0.019939412595704198,0.0012089406886985898,1.1433423171375895e-06,0.003620398535604617,1.1433843383201747e-06,1.0826213383552385e-06,1.6706401595456555e-07,3.919520707995616e-09,1.378964782361436e-07,4.228783723192464e-08,7.776608867970936e-07,0.0,-1.4555613603306483e-08,7.788165135025338e-07,9.256719835093463e-10,2.0325202632065498e-10,2.2998286608455487e-10,3.2298459018420544e-08,7.776608867970936e-07,3.038048532744142e-07,1.6613834930012672e-07,3.718910734917813e-09,1.3766650397428748e-07,9.989378213504096e-09,0.0,0.0
4.652250208891928e-05,0.019939539197366685,0.001454371252057829,1.1433456889347837e-06,0.002718038351592562,1.143387862612144e-06,1.083598817785969e-06,1.6802509605895466e-07,2.945263144482624e-09,1.3791164121812471e-07,4.2287883417202465e-08,7.776620805088896e-07,0.0,-1.4555824989770372e-08,7.791791745148657e-07,1.2870574606083096e-09,4.9763086013010494e-11,2.299974793951165e-10,3.229846967656158e-08,7.776620805088896e-07,3.0441970011452213e-07,1.6673803315825353e-07,2.8965301268613075e-09,1.3768165274541388e-07,9.989411076105625e-09,0.0,0.0
4.6525001380359754e-05,0.01993966434383765,0.0010198919813227403,1.1433487853879027e-06,0.003294007614300456,1.1433910458436003e-06,1.082979679267737e-06,1.6737726582505275e-07,3.5673433096405915e-09,1.3794245035114727e-07,4.228795091876236e-08,7.776599773023918e-07,0.0,-1.4556032823520582e-08,7.785825459905027e-07,6.925362505683097e-10,2.523125597342357e-10,2.3001159310531705e-10,3.229850520369837e-08,7.776599773023918e-07,3.043971616989438e-07,1.666847282422168e-07,3.3122675713315175e-09,1.3771244766758173e-07,9.989446603242413e-09,0.0,0.0
4.652750430977903e-05,0.019939789490308613,0.0004590174212482645,1.1433506361908287e-06,0.003192998583585722,1.1433928648330038e-06,1.0830901828740025e-06,1.6748381881370733e-07,3.458305419812291e-09,1.3794769415653718e-07,4.228801486760858e-08,7.776586130603391e-07,0.0,-1.455636322589271e-08,7.783460773680417e-07,4.5741913035080017e-10,4.907557346611746e-11,2.3002777460590096e-10,3.229854073083516e-08,7.776586130603391e-07,3.0474407708425133e-07,1.670263998221344e-07,3.4120248848523715e-09,1.3771767726211692e-07,9.989474136773424e-09,0.0,0.0
4.65299999632407e-05,0.019939914636779577,0.0006052466488402075,1.143351968079754e-06,0.0029973874902296483,1.143394001701381e-06,1.083302322513191e-06,1.6772465016856586e-07,3.2470768296377628e-09,1.379186329586446e-07,4.2288057500172727e-08,7.776590109642711e-07,0.0,-1.4556554184252946e-08,7.783588671372854e-07,4.698395561497648e-10,1.2892946432696561e-10,2.3004574634111208e-10,3.2298547836262514e-08,7.776590109642711e-07,3.0494339853248675e-07,1.6725481088997185e-07,3.115561808542111e-09,1.376885876425149e-07,9.989508775731792e-09,0.0,0.0
4.653249925468117e-05,0.01994003978325054,0.001278228802329584,1.1433543251828127e-06,0.003757139301892858,1.1433962754381355e-06,1.082484345715784e-06,1.6692493431946787e-07,4.067044478972548e-09,1.3789831143640185e-07,4.22881285544463e-08,7.776610573273501e-07,0.0,-1.4556821525957275e-08,7.78815604007832e-07,9.244836007837876e-10,1.407221977833828e-10,2.3006524463298206e-10,3.229858691611298e-08,7.776610573273501e-07,3.0366868486453313e-07,1.660004471659704e-07,3.92617272026996e-09,1.3766823769856273e-07,9.989542526511741e-09,0.0,0.0
4.6535005822079256e-05,0.019940164929721504,0.001483269814056859,1.143357781100877e-06,0.003007066142805555,1.1433999134169426e-06,1.0832970929186558e-06,1.6771764421719126e-07,3.257546010715373e-09,1.3791731134915608e-07,4.228817473972413e-08,7.776621373523085e-07,0.0,-1.4557117289371035e-08,7.791107350385573e-07,1.2184818709570777e-09,1.8837239060265354e-11,2.3008758787135264e-10,3.229859757425402e-08,7.776621373523085e-07,3.0418638630180794e-07,1.664991629013457e-07,3.241759305439018e-09,1.3768722340046224e-07,9.989578941826949e-09,0.0,0.0
4.653750147554092e-05,0.01994029007619247,0.001020618314257371,1.1433609146285065e-06,0.0030347745986533097,1.1434030966483988e-06,1.0832701491381158e-06,1.6766622934483166e-07,3.2874807320837363e-09,1.3794345932183205e-07,4.228823158314299e-08,7.776604320497427e-07,0.0,-1.4557300254125494e-08,7.78609376084205e-07,7.188286077486339e-10,1.4422558980431432e-10,2.3011047234344773e-10,3.229861533782241e-08,7.776604320497427e-07,3.046607730539108e-07,1.669474016807726e-07,3.140497195630587e-09,1.377133571622835e-07,9.989614468963737e-09,0.0,0.0
4.654000076698139e-05,0.01994041376747191,0.0006612867258946054,1.1433629949983697e-06,0.0034136495578564576,1.1434051430114778e-06,1.0828626955117215e-06,1.6726492901852907e-07,3.69651376175284e-09,1.379385423661006e-07,4.228828842656185e-08,7.776592383379466e-07,0.0,-1.4557612892929228e-08,7.783997375554463e-07,5.10355258054318e-10,2.1907867880921472e-11,2.3012826366741734e-10,3.2298636654104484e-08,7.776592383379466e-07,3.0446298637798463e-07,1.6675457459314202e-07,3.6761251820394136e-09,1.377084117848426e-07,9.989649107922105e-09,0.0,0.0
4.654250369640067e-05,0.019940538913942873,0.0008283089661453857,1.1433648591748099e-06,0.0027880240465057034,1.1434068483140436e-06,1.0835398143171915e-06,1.6796279567188321e-07,3.020935057662655e-09,1.3791735398172023e-07,4.228832040098496e-08,7.776596362418786e-07,0.0,-1.4557848260210449e-08,7.784607873873028e-07,5.7100402184318e-10,7.078351099698565e-11,2.3014259942222282e-10,3.229864375953184e-08,7.776596362418786e-07,3.050789985081792e-07,1.6739178931857168e-07,2.9507081222845954e-09,1.3768720918960753e-07,9.989679305988375e-09,0.0,0.0
4.654500662581995e-05,0.019940662605222315,0.0012009583720029582,1.1433673692015437e-06,0.0032549502812601397,1.1434094631113112e-06,1.0830377732418128e-06,1.6746922426591482e-07,3.525234104628794e-09,1.3790749164854788e-07,4.228837369169014e-08,7.776610004839313e-07,0.0,-1.4558064975744855e-08,7.787635922795744e-07,8.723899935780821e-10,6.581163392027634e-11,2.301567686435746e-10,3.2298665075813915e-08,7.776610004839313e-07,3.0427418096223846e-07,1.66596848316658e-07,3.4576703722422053e-09,1.3767733264558046e-07,9.989710392233064e-09,0.0,0.0
4.6547502279281616e-05,0.019940786296501756,0.0013175425134885899,1.1433704843675117e-06,0.003018047935471985,1.1434126463427674e-06,1.0832964107976295e-06,1.6771727473496867e-07,3.269440496111997e-09,1.3791759556625038e-07,4.2288419876967964e-08,7.77661512074701e-07,0.0,-1.4558364291872294e-08,7.78903824993904e-07,1.012118500121062e-09,2.0490477370405102e-11,2.3017091010935076e-10,3.2298668628527594e-08,7.77661512074701e-07,3.043925858037255e-07,1.6670516345129727e-07,3.2512841308118823e-09,1.3768742235242826e-07,9.989750360261951e-09,0.0,0.0
4.6550005208700895e-05,0.01994091144297272,0.0010135112993125972,1.1433734015990947e-06,0.002988103234135621,1.1434156022005482e-06,1.0833314263436478e-06,1.6773458355601178e-07,3.237106138698209e-09,1.379365954790046e-07,4.228845895681843e-08,7.776602615194861e-07,0.0,-1.455855613841095e-08,7.785769184920355e-07,6.864398494066393e-10,9.877681311776243e-11,2.3018101313887485e-10,3.229868283938231e-08,7.776602615194861e-07,3.0475456469503115e-07,1.6704815664070338e-07,3.1358220464738906e-09,1.3770642226518248e-07,9.989778781971381e-09,0.0,0.0
4.655250450014137e-05,0.01994103513425216,0.0006384110491843842,1.143375444882983e-06,0.0036005892078562396,1.1434175348767894e-06,1.0826720426848624e-06,1.670730398473097e-07,3.898257272538785e-09,1.379396792344778e-07,4.2288508694809934e-08,7.776592951813655e-07,0.0,-1.4558833250077896e-08,7.783906994518475e-07,5.012182890951067e-10,2.4405262533111483e-11,2.3018441319688776e-10,3.2298693497523345e-08,7.776592951813655e-07,3.042813148113055e-07,1.6657182300150453e-07,3.87383769506755e-09,1.3770949180980097e-07,9.98981164457291e-09,0.0,0.0
4.655500015360303e-05,0.01994115737034008,0.0006958758997583914,1.143377075863151e-06,0.0031975728400870356,1.1434191264925175e-06,1.0831081453943625e-06,1.6752485976212483e-07,3.4633171885900538e-09,1.3792390518574393e-07,4.228854422194672e-08,7.776594088682032e-07,0.0,-1.4559082828213832e-08,7.783949058648432e-07,5.053277241096055e-10,5.0931387579611354e-11,2.30186272820454e-10,3.2298697050237024e-08,7.776594088682032e-07,3.0471326795122877e-07,1.6701953597930697e-07,3.4131037995877023e-09,1.376937177610671e-07,9.989847171709698e-09,0.0,0.0
4.6557499445043504e-05,0.01994128106161952,0.0010951398106016086,1.1433792911933982e-06,0.003670402745207767,1.1434212865424342e-06,1.0825998515429092e-06,1.670260303399118e-07,3.973577467064615e-09,1.3791333230983582e-07,4.228858330179719e-08,7.776604888931615e-07,0.0,-1.4559301320105078e-08,7.786296691847383e-07,7.390016376618291e-10,6.4475189076596e-11,2.3019432193738254e-10,3.229871126109174e-08,7.776604888931615e-07,3.0397015393646143e-07,1.6628702326215716e-07,3.9065084500577996e-09,1.3768313067430427e-07,9.98987204070545e-09,0.0,0.0
4.656000237446278e-05,0.01994140475289896,0.0012507571405055984,1.1433821928633514e-06,0.0036950297410673883,1.1434243560870527e-06,1.0825759773069876e-06,1.6698972160611447e-07,4.000150433114413e-09,1.3792515574095887e-07,4.2288629487075013e-08,7.776610573273501e-07,0.0,-1.4559604188946196e-08,7.787852496221603e-07,8.939906592786429e-10,2.0336539743870397e-11,2.3020767236925366e-10,3.229871481380542e-08,7.776610573273501e-07,3.0379067084140843e-07,1.6609573094683583e-07,3.982440155425593e-09,1.3769495410542731e-07,9.989912008734336e-09,0.0,0.0
4.6562501665903255e-05,0.019941528444178402,0.0009922607589860633,1.1433849672808894e-06,0.003051359186153497,1.143427084571158e-06,1.0832732186827343e-06,1.6766996679962176e-07,3.3054556869416274e-09,1.379430472070453e-07,4.228866856692548e-08,7.776601478326484e-07,0.0,-1.4559822680837442e-08,7.785594107190263e-07,6.690129561448543e-10,5.894303795050959e-11,2.3022669881633817e-10,3.2298721919232776e-08,7.776601478326484e-07,3.047137795419985e-07,1.6700094818133948e-07,3.246800828193841e-09,1.3771281714980432e-07,9.989945759514285e-09,0.0,0.0
4.656500095734373e-05,0.01994165068026632,0.0007904061626220482,1.143387146343195e-06,0.0033981405316711975,1.1434292446210748e-06,1.0829006669155206e-06,1.672985234790758e-07,3.6798486480194015e-09,1.3794270614653215e-07,4.228869698863491e-08,7.776594088682032e-07,0.0,-1.45600642653676e-08,7.784142326272558e-07,5.245430756417591e-10,3.203375759097682e-11,2.3024997186649188e-10,3.229872902466013e-08,7.776594088682032e-07,3.044864342882647e-07,1.6677397240982827e-07,3.6464458119667142e-09,1.3771244766758173e-07,9.989967963974777e-09,0.0,0.0
4.65675002487842e-05,0.01994177291635424,0.0008736342069184388,1.1433891804010441e-06,0.0034371158522389644,1.1434312909841537e-06,1.0828603080881294e-06,1.6726578166981199e-07,3.7219163306900782e-09,1.379350038632765e-07,4.2288743173912735e-08,7.77659465711622e-07,0.0,-1.456032983071509e-08,7.784543072375527e-07,5.645549028265862e-10,3.0269734635490764e-11,2.302738000281579e-10,3.229872902466013e-08,7.77659465711622e-07,3.044059440071578e-07,1.6670122704454116e-07,3.6925460467074345e-09,1.3770473117347137e-07,9.990013261074182e-09,0.0,0.0
4.657000317820348e-05,0.01994189660763368,0.0009980691256377128,1.1433914955348436e-06,0.0031882236852048967,1.1434335647209082e-06,1.0831309964487446e-06,1.675365126629913e-07,3.453263897057468e-09,1.379345349050709e-07,4.2288775148335844e-08,7.776599204589729e-07,0.0,-1.4560581185207866e-08,7.785433240314887e-07,6.531124530084753e-10,3.554663507987499e-11,2.3029503304350385e-10,3.229873257737381e-08,7.776599204589729e-07,3.045876439955464e-07,1.6688339599113533e-07,3.418151539591463e-09,1.3770423379355634e-07,9.990042570962032e-09,0.0,0.0
4.657250610762276e-05,0.0199420188437216,0.0010418290218030535,1.1433939890265365e-06,0.0031482752185858737,1.143436065831338e-06,1.0831763574969955e-06,1.6757665832756174e-07,3.410137283665904e-09,1.3793960818020423e-07,4.2288807122758953e-08,7.776600341458106e-07,0.0,-1.4560812999775408e-08,7.78593857830856e-07,7.03507585519958e-10,2.049898098488434e-11,2.3031206108914404e-10,3.229873613008749e-08,7.776600341458106e-07,3.045824428227206e-07,1.6687314996488567e-07,3.3897487039524776e-09,1.3770929285783495e-07,9.990072769028302e-09,0.0,0.0
4.657500539906323e-05,0.019942141079809517,0.0009820350368059394,1.1433964629187866e-06,0.003159127366431715,1.143438566941768e-06,1.0831668078026269e-06,1.675581131621584e-07,3.4218619049397603e-09,1.379490157660257e-07,4.228884620260942e-08,7.776596930852975e-07,0.0,-1.456104126162927e-08,7.785213256283896e-07,6.31312890853053e-10,3.055923569750263e-11,2.303224694299999e-10,3.229873613008749e-08,7.776596930852975e-07,3.0464548217423726e-07,1.6692679594143556e-07,3.390926428537e-09,1.377186862328017e-07,9.99010918434351e-09,0.0,0.0
4.65775046905037e-05,0.019942261860705912,0.0008466148584389543,1.143398671578522e-06,0.003320342557154947,1.1434408406785224e-06,1.0829946859303163e-06,1.673822822567672e-07,3.5959133448670855e-09,1.3795309428132896e-07,4.228887462431885e-08,7.776593520247843e-07,0.0,-1.4561292616122046e-08,7.784375952724076e-07,5.47904721592829e-10,1.6803445787583193e-11,2.3033271123740207e-10,3.229873968280117e-08,7.776593520247843e-07,3.0455714750132756e-07,1.6683436854236788e-07,3.5788523256030658e-09,1.3772276474810496e-07,9.990133165160842e-09,0.0,0.0
4.6580000343965366e-05,0.01994238409679383,0.0008694900520431759,1.1434007692780293e-06,0.0032181509724671957,1.1434428870416014e-06,1.0831067811523098e-06,1.675024918768031e-07,3.48560114105112e-09,1.3794483777473943e-07,4.228890304602828e-08,7.77659465711622e-07,0.0,-1.456151643708381e-08,7.784602757965331e-07,5.704426930819295e-10,2.4497617476249012e-11,2.3035147400651823e-10,3.229873968280117e-08,7.77659465711622e-07,3.046465337774862e-07,1.6693205395768018e-07,3.4614282551359565e-09,1.3771449403066072e-07,9.990160698691852e-09,0.0,0.0
4.658249963540584e-05,0.01994250633288175,0.0010764231118578493,1.143403147886155e-06,0.003373490987480437,1.1434451607783558e-06,1.0829412531165872e-06,1.6734379926219844e-07,3.6532925573595776e-09,1.3793737707601395e-07,4.228893857316507e-08,7.776600341458106e-07,0.0,-1.456175180436503e-08,7.786139235577139e-07,7.235367305291618e-10,1.6044224976363708e-11,2.3036957064181962e-10,3.229874323551485e-08,7.776600341458106e-07,3.0432727271545446e-07,1.6662026780522865e-07,3.6364748989825557e-09,1.3770701912108052e-07,9.990192673114962e-09,0.0,0.0
4.658500256482512e-05,0.019942627113778144,0.0011120514680627025,1.1434057911453702e-06,0.0033254572108985716,1.143447889262461e-06,1.0829954817381804e-06,1.673893876841248e-07,3.6014551341168044e-09,1.3794608832995436e-07,4.22889669948745e-08,7.776600341458106e-07,0.0,-1.456199250071677e-08,7.786355809002998e-07,7.451378958300836e-10,1.5477353773607483e-11,2.303871260433965e-10,3.229874678822853e-08,7.776600341458106e-07,3.043599576812994e-07,1.666442557279879e-07,3.5864378133965147e-09,1.377157019533115e-07,9.990222871181231e-09,0.0,0.0
4.658750185626559e-05,0.019942749349866062,0.0008753553393372471,1.1434082204737026e-06,0.0035262825082300513,1.143450390372891e-06,1.0827809546753997e-06,1.6716376194381155e-07,3.818191540716498e-09,1.3795788333936798e-07,4.228899541658393e-08,7.776593520247843e-07,0.0,-1.456219855811014e-08,7.784695981172263e-07,5.798477809015878e-10,2.915189270535912e-11,2.304084284476815e-10,3.2298750340942206e-08,7.776593520247843e-07,3.0431138497988286e-07,1.6658391643886716e-07,3.787670621591133e-09,1.377274827518704e-07,9.990245075641724e-09,0.0,0.0
4.659000478568487e-05,0.019942870130762458,0.0007437006467139184,1.1434101759840358e-06,0.0035480375995506114,1.1434523230491322e-06,1.0827591268025571e-06,1.6714758999114565e-07,3.841670093152061e-09,1.3795249742543092e-07,4.228903094372072e-08,7.776590109642711e-07,0.0,-1.456246501163605e-08,7.784050808368193e-07,5.156557403296347e-10,8.676347834635223e-12,2.3043338071015995e-10,3.2298750340942206e-08,7.776590109642711e-07,3.0435398912231904e-07,1.6663193491694983e-07,3.8345033814835006e-09,1.3772206841622392e-07,9.990279714600092e-09,0.0,0.0
4.659250407712534e-05,0.019942990911658853,0.0009136978868169443,1.1434121778048413e-06,0.0031744467012694262,1.1434542557253735e-06,1.0831640793185215e-06,1.675660570299442e-07,3.4384466385262158e-09,1.3793857078781002e-07,4.228906291814383e-08,7.776594088682032e-07,0.0,-1.4562665739958902e-08,7.785042726027314e-07,6.144043052103143e-10,2.9925655703477716e-11,2.3045648722685996e-10,3.2298753893655885e-08,7.776594088682032e-07,3.0465977829408075e-07,1.6695165072633245e-07,3.408418658423784e-09,1.377081133568936e-07,9.990307248131103e-09,0.0,0.0
4.659500336856581e-05,0.01994311169255525,0.0010750706373914842,1.1434145798572922e-06,0.0035372634141647382,1.1434566431489657e-06,1.0827745882124873e-06,1.671757843269006e-07,3.830058936671321e-09,1.3793885500490433e-07,4.228909133985326e-08,7.776599773023918e-07,0.0,-1.4562893113634345e-08,7.786425157974008e-07,7.52054751806952e-10,8.415180011156487e-12,2.3046815844640633e-10,3.2298757446369564e-08,7.776599773023918e-07,3.041321292585053e-07,1.664237316845174e-07,3.820665561704573e-09,1.3770838336313318e-07,9.990333893483694e-09,0.0,0.0
4.6597502660006285e-05,0.019943232473451644,0.0009678730333359808,1.1434170473429705e-06,0.003247407826165498,1.1434591442593955e-06,1.0830897281266516e-06,1.6747847553233441e-07,3.51723405955795e-09,1.3795148845474614e-07,4.2289130419703724e-08,7.776596930852975e-07,0.0,-1.4563155126268157e-08,7.785614570821053e-07,6.712829736521542e-10,2.2883341055379702e-11,2.304744867176467e-10,3.229876099908324e-08,7.776596930852975e-07,3.045282142011274e-07,1.6680719738815242e-07,3.4966300965777464e-09,1.37721016812975e-07,9.990371196977321e-09,0.0,0.0
4.660000195144676e-05,0.01994335325434804,0.0007829573978482829,1.1434191620116596e-06,0.0029490779336136677,1.1434613043093123e-06,1.0834137356141582e-06,1.677969549973568e-07,3.1950715406736663e-09,1.3795757070056425e-07,4.2289162394126834e-08,7.776591814945277e-07,0.0,-1.4563347860985232e-08,7.784316267134272e-07,5.419981130572182e-10,1.4745763637913356e-11,2.3048048192197967e-10,3.229876455179692e-08,7.776591814945277e-07,3.049820520573121e-07,1.6725496720937372e-07,3.1797400268374076e-09,1.377270990587931e-07,9.990397842329912e-09,0.0,0.0
4.660250124288723e-05,0.019943474035244435,0.0008065648396128333,1.1434210818508665e-06,0.003098628469705987,1.1434631232987158e-06,1.083253778233484e-06,1.676428951213893e-07,3.3566009971508493e-09,1.3795165898500272e-07,4.2289190815836264e-08,7.776591814945277e-07,0.0,-1.4563599215478007e-08,7.784331046423176e-07,5.434098726553316e-10,1.4263099382127997e-11,2.3048653263746388e-10,3.229876455179692e-08,7.776591814945277e-07,3.0482067359116627e-07,1.670994862479347e-07,3.3430704871051375e-09,1.3772117313237686e-07,9.990423599504084e-09,0.0,0.0
4.660500417230651e-05,0.01994359481614083,0.0010374929342250594,1.1434233091203758e-06,0.0026837606076171062,1.1434653970354702e-06,1.0837038644240238e-06,1.681000014741585e-07,2.9084017416636243e-09,1.3794401354516594e-07,4.228922634297305e-08,7.776598636155541e-07,0.0,-1.4563820371904512e-08,7.785837965457176e-07,6.934449126028142e-10,4.062968364526576e-11,2.3048755959376166e-10,3.229877165722428e-08,7.776598636155541e-07,3.051200963000156e-07,1.674065686074755e-07,2.868101534048151e-09,1.3771352769254008e-07,9.990454685748773e-09,0.0,0.0
4.660749982576817e-05,0.019943714141845703,0.0012381307839191003,1.1434260245244177e-06,0.003215139134097129,1.1434681255195756e-06,1.0831323606907972e-06,1.6752601084135677e-07,3.4824212402639887e-09,1.3794581832371478e-07,4.228926187010984e-08,7.776605457365804e-07,0.0,-1.4564029093833142e-08,7.787750746501843e-07,8.84030459946672e-10,8.734505306529083e-12,2.3048309094608754e-10,3.229877520993796e-08,7.776605457365804e-07,3.043573144623224e-07,1.6664198199123348e-07,3.471559706369476e-09,1.3771533247108891e-07,9.990484883815043e-09,0.0,0.0
4.661000275518745e-05,0.0199438349227421,0.0011532929115292967,1.1434289129073936e-06,0.0030453960313020223,1.1434710813773563e-06,1.0833183523573098e-06,1.676992553711898e-07,3.299133410905597e-09,1.379589207317622e-07,4.228929384453295e-08,7.776601478326484e-07,0.0,-1.4564307093678508e-08,7.786655373820395e-07,7.749275110491283e-10,3.928521397078555e-11,2.3048772612721535e-10,3.2298778762651636e-08,7.776601478326484e-07,3.0465275813185144e-07,1.669243232527151e-07,3.2622364809498094e-09,1.3772843487913633e-07,9.990513305524473e-09,0.0,0.0
4.6612502046627924e-05,0.01994395424844697,0.0008513287724366547,1.1434313049363479e-06,0.0029142239663921157,1.1434734688009485e-06,1.0834621662070276e-06,1.678349121903011e-07,3.157451411439638e-09,1.379680014679252e-07,4.2289336477097095e-08,7.776592383379466e-07,0.0,-1.4564521144677656e-08,7.784410627209581e-07,5.513089984532371e-10,4.164159989050731e-11,2.304981067124956e-10,3.229878942079267e-08,7.776592383379466e-07,3.050211034860695e-07,1.6728360208162485e-07,3.113953317424034e-09,1.3773750140444463e-07,9.990548832661261e-09,0.0,0.0
4.66150049760472e-05,0.019944073574151844,0.0007081278735994179,1.143433165768983e-06,0.0032029205015946466,1.143475287790352e-06,1.0831518011400476e-06,1.675312830684561e-07,3.469249110210626e-09,1.3796166342672223e-07,4.228937200423388e-08,7.776588972774334e-07,0.0,-1.4564791150917245e-08,7.783761475366191e-07,4.867160008359406e-10,1.3043940060020187e-11,2.3050632236287782e-10,3.229879297350635e-08,7.776588972774334e-07,3.0477571044684737e-07,1.6704456129446044e-07,3.4575551310922492e-09,1.3773114915238693e-07,9.99058169526279e-09,0.0,0.0
4.661750062950887e-05,0.019944192899856716,0.0008695586102152597,1.1434350483545005e-06,0.0027027406018329736,1.1434771067797556e-06,1.0836937462954666e-06,1.6808279212909838e-07,2.928943088065239e-09,1.3795165898500272e-07,4.228940753137067e-08,7.776592951813655e-07,0.0,-1.4565002537381133e-08,7.784466333760065e-07,5.568205896366862e-10,4.128146088855367e-11,2.3051573150301152e-10,3.229879652622003e-08,7.776592951813655e-07,3.0524711291946005e-07,1.6752596820879262e-07,2.887385441852075e-09,1.3772114471066743e-07,9.99061100515064e-09,0.0,0.0
4.661999992094934e-05,0.01994431222556159,0.001081499131002639,1.1434373764679027e-06,0.0036054085105803237,1.1434794942033477e-06,1.0827211553987581e-06,1.6711054229290312e-07,3.903652068260044e-09,1.3795057896004437e-07,4.2289453716648495e-08,7.776599773023918e-07,0.0,-1.4565230799234996e-08,7.786088076500164e-07,7.183040273694985e-10,2.971681234420487e-11,2.3052451614269387e-10,3.229880007893371e-08,7.776599773023918e-07,3.041122909053229e-07,1.6639224043046852e-07,3.870183729048904e-09,1.3772006468570908e-07,9.990651861357946e-09,0.0,0.0
4.662250285036862e-05,0.01994443155126646,0.0010978871953923885,1.1434399770359985e-06,0.0037083581324750528,1.1434821090006153e-06,1.0826123570950585e-06,1.6699307536782726e-07,4.014714338751446e-09,1.3795914810543763e-07,4.228948924378528e-08,7.776601478326484e-07,0.0,-1.4565507910901943e-08,7.786403557474841e-07,7.496605003431966e-10,1.8574784071967443e-11,2.3053083053614642e-10,3.229880363164739e-08,7.776601478326484e-07,3.0397202976928384e-07,1.662434101490362e-07,3.9986214339648996e-09,1.3772861962024763e-07,9.990685612137895e-09,0.0,0.0
4.662500214180909e-05,0.019944550876971334,0.0009559126986538047,1.1434424277471987e-06,0.003404632497419339,1.1434844964242075e-06,1.0829422762981267e-06,1.6731640073430754e-07,3.687020466713875e-09,1.379662251110858e-07,4.2289514112781035e-08,7.776596930852975e-07,0.0,-1.4565715744652152e-08,7.78498701947683e-07,6.084930337380001e-10,3.562946465640593e-11,2.3053400854955441e-10,3.229880718436107e-08,7.776596930852975e-07,3.044436027721531e-07,1.6670792035711202e-07,3.649953450590715e-09,1.377356966258958e-07,9.990708704776807e-09,0.0,0.0
4.662750507122837e-05,0.019944668747484684,0.0008320294421366725,1.1434445352037784e-06,0.003728684380986415,1.1434866564741242e-06,1.0825945082615362e-06,1.6696985483122262e-07,4.036653233896459e-09,1.3796527298381989e-07,4.22895531926315e-08,7.776592951813655e-07,0.0,-1.4565994632675938e-08,7.784053082104947e-07,5.15440745640916e-10,1.87123407047185e-11,2.305323987261687e-10,3.2298810737074746e-08,7.776592951813655e-07,3.041891716293321e-07,1.6645441291984753e-07,4.0191410199952315e-09,1.3773474449862988e-07,9.990744231913595e-09,0.0,0.0
4.663000436266884e-05,0.019944788073189557,0.0008231079853473489,1.1434465102081802e-06,0.0030002586220262443,1.1434885891503654e-06,1.083382358046947e-06,1.677607599503972e-07,3.2504272606814766e-09,1.379622034392014e-07,4.228958871976829e-08,7.776594088682032e-07,0.0,-1.4566214012745604e-08,7.783941100569791e-07,5.041996820054351e-10,1.977343809522747e-11,2.305323987261687e-10,3.2298810737074746e-08,7.776594088682032e-07,3.0498824798996793e-07,1.6725655882510182e-07,3.2320557341591893e-09,1.377316749540114e-07,9.990778870871964e-09,0.0,0.0
4.663250001613051e-05,0.019944905943702906,0.0009099604732210054,1.143448552984869e-06,0.0035102141122743433,1.1434906355134444e-06,1.0828335916812648e-06,1.6721394047181093e-07,3.80097775476429e-09,1.3795994391330169e-07,4.22896206941914e-08,7.776596930852975e-07,0.0,-1.4566428951923172e-08,7.784473723404517e-07,5.571206274090912e-10,2.4322625510886375e-11,2.305373669742039e-10,3.2298810737074746e-08,7.776596930852975e-07,3.043862193408131e-07,1.6665681812355615e-07,3.773438894683068e-09,1.3772941542811168e-07,9.990809957116653e-09,0.0,0.0
4.663499930757098e-05,0.019945023814216256,0.0009914238297991096,1.1434507941563078e-06,0.0035593044288708747,1.1434929092501989e-06,1.0827825462911278e-06,1.6716144557449297e-07,3.853952712518094e-09,1.3796122289022605e-07,4.2289659774041866e-08,7.776599204589729e-07,0.0,-1.4566711392660636e-08,7.784969398016983e-07,6.064889701562493e-10,2.4198254511276218e-11,2.3054939901623328e-10,3.2298810737074746e-08,7.776599204589729e-07,3.042856349111389e-07,1.6655495471695758e-07,3.832740791409606e-09,1.3773066598332662e-07,9.9908481487887e-09,0.0,0.0
4.6637505874969065e-05,0.01994514313992113,0.000947459163133324,1.1434531077421059e-06,0.0030151864118393725,1.1434951829869533e-06,1.0833720125447144e-06,1.6774784228346107e-07,3.266568571191897e-09,1.379644345433917e-07,4.2289688195751296e-08,7.776597499287163e-07,0.0,-1.456690679191297e-08,7.78458684180805e-07,5.683529202826776e-10,3.105265350411557e-11,2.3056474784954872e-10,3.2298810737074746e-08,7.776597499287163e-07,3.049133567856188e-07,1.6717949335998128e-07,3.2345663925070767e-09,1.3773387763649225e-07,9.99087745867655e-09,0.0,0.0
4.664000516640954e-05,0.01994526101043448,0.0008435230074663735,1.1434552187819843e-06,0.00351754177066396,1.14349734303687e-06,1.0828315453181858e-06,1.6720748874377023e-07,3.808905191249323e-09,1.379645340193747e-07,4.2289720170174405e-08,7.776595225550409e-07,0.0,-1.4567161699119424e-08,7.783881414979987e-07,4.980466039583575e-10,3.202104553734486e-11,2.3058166487288645e-10,3.2298814289788425e-08,7.776595225550409e-07,3.044434038201871e-07,1.6670944091856654e-07,3.776709611713613e-09,1.3773394869076583e-07,9.99090765674282e-09,0.0,0.0
4.66425008198712e-05,0.01994537888094783,0.0007988268393290809,1.1434571546281797e-06,0.0030423625934678346,1.1434992757131113e-06,1.0833462056325516e-06,1.6772138167198136e-07,3.295931971791788e-09,1.3796540088151232e-07,4.228975569731119e-08,7.776594088682032e-07,0.0,-1.4567387296438028e-08,7.783590945109609e-07,4.691053656635802e-10,2.4832465944646387e-11,2.305993590523414e-10,3.2298814289788425e-08,7.776594088682032e-07,3.049870826998813e-07,1.6725226714697783e-07,3.272351944971774e-09,1.3773480134204874e-07,9.990943183879608e-09,0.0,0.0
4.6645000111311674e-05,0.019945495296269655,0.0008661990789740059,1.143459092973461e-06,0.0034534521295861297,1.1435012083893525e-06,1.0829040775206522e-06,1.6728077412153652e-07,3.7397573926511996e-09,1.379636955789465e-07,4.228979122444798e-08,7.776595793984598e-07,0.0,-1.4567597794723497e-08,7.783944511174923e-07,5.042995465665001e-10,2.9318273503387005e-11,2.3061279275093938e-10,3.2298814289788425e-08,7.776595793984598e-07,3.0450954113803164e-07,1.6677647352025815e-07,3.707860463109114e-09,1.377330818286282e-07,9.990976934659557e-09,0.0,0.0
4.664750304073095e-05,0.019945613166783005,0.001028075656272165,1.1434613257648158e-06,0.003394519575825426,1.1435033684392693e-06,1.0829695611391799e-06,1.6735008045998256e-07,3.6761613753100164e-09,1.379594039008225e-07,4.228982319887109e-08,7.776600341458106e-07,0.0,-1.4567876682747283e-08,7.785128559589793e-07,6.221841375442239e-10,3.2601935040510455e-11,2.306227986359488e-10,3.22988178425021e-08,7.776600341458106e-07,3.044566767584911e-07,1.667279008188416e-07,3.6464415931192207e-09,1.377287759396495e-07,9.991004468190567e-09,0.0,0.0
4.665000597015023e-05,0.019945731037296355,0.0011159106076874536,1.1434638528924313e-06,0.003014418457805006,1.1435059832365368e-06,1.0833822443601093e-06,1.6776118627603864e-07,3.2657674342573273e-09,1.3796075393202045e-07,4.228985162058052e-08,7.776603183629049e-07,0.0,-1.4568056094788062e-08,7.785938009874371e-07,7.0284628117534e-10,1.954774536683246e-11,2.3063162490899458e-10,3.22988178425021e-08,7.776603183629049e-07,3.047884433726722e-07,1.6705833161267947e-07,3.2445246489487545e-09,1.3773011175999272e-07,9.991032889899998e-09,0.0,0.0
4.6652505261590704e-05,0.01994584745261818,0.000993551034600415,1.143466308628991e-06,0.0035897531273863838,1.1435084843469667e-06,1.0827633332155528e-06,1.6713366335352475e-07,3.886853061629836e-09,1.3796982045732875e-07,4.228989070043099e-08,7.776599204589729e-07,0.0,-1.4568317219243454e-08,7.784830131640774e-07,5.925039903154072e-10,3.7150081622083775e-11,2.3064024301522323e-10,3.229882139521578e-08,7.776599204589729e-07,3.0428034847318486e-07,1.6654117018788384e-07,3.8497871557297e-09,1.3773919249615574e-07,9.991071081572045e-09,0.0,0.0
4.6655004553031176e-05,0.01994596532313153,0.0007963987391903515,1.143468418451978e-06,0.0030314955377193577,1.1435105307100457e-06,1.0833678061317187e-06,1.6773088873378583e-07,3.2842246699971156e-09,1.3797765063827683e-07,4.2289929780281454e-08,7.776592951813655e-07,0.0,-1.4568548145632576e-08,7.783550017848029e-07,4.6507891982017213e-10,2.3033359941582177e-11,2.3064820886542492e-10,3.229882494792946e-08,7.776592951813655e-07,3.050128043469158e-07,1.6726581009152142e-07,3.2626334967034154e-09,1.377470084662491e-07,9.991103944173574e-09,0.0,0.0
4.665750020649284e-05,0.01994608173845336,0.0008350831819381455,1.143470317746907e-06,0.003387702753559062,1.1435123496994493e-06,1.0829847951754346e-06,1.6735444319238013e-07,3.6688305726784165e-09,1.3797105680168897e-07,4.2289961754704564e-08,7.776593520247843e-07,0.0,-1.456874354488491e-08,7.783731916788383e-07,4.832190758641275e-10,3.0996580302478094e-11,2.3065184484583057e-10,3.229882494792946e-08,7.776593520247843e-07,3.0461163191830565e-07,1.668712172886444e-07,3.6353859922400034e-09,1.3774040041880653e-07,9.991135030418263e-09,0.0,0.0
4.665999949793331e-05,0.019946198153775185,0.0011078780320912252,1.1434725796514574e-06,0.0034034134021205128,1.1435146234362037e-06,1.0829697885128553e-06,1.673480483077583e-07,3.685793892316269e-09,1.379616350050128e-07,4.229001149269607e-08,7.776600909892295e-07,0.0,-1.4569016215659758e-08,7.785713478369871e-07,6.805506713725151e-10,4.615554466402827e-11,2.306552865372069e-10,3.22988356060705e-08,7.776600909892295e-07,3.043984690975776e-07,1.6666750468630198e-07,3.6419229854089963e-09,1.3773097862213035e-07,9.99117677480399e-09,0.0,0.0
4.666250242735259e-05,0.019946314569097012,0.0012297355690995548,1.1434753009918543e-06,0.003030053671788287,1.1435174656071467e-06,1.083375423149846e-06,1.6774764333149506e-07,3.28268567884038e-09,1.3796731934689888e-07,4.22900399144055e-08,7.776604888931615e-07,0.0,-1.4569208950376833e-08,7.786957780808734e-07,8.046373012327024e-10,1.7987399764107792e-11,2.3066146215278138e-10,3.22988356060705e-08,7.776604888931615e-07,3.0467967349068203e-07,1.669430105266656e-07,3.2637357261222633e-09,1.3773666296401643e-07,9.991204308335e-09,0.0,0.0
4.6665001718793064e-05,0.01994643098441884,0.0010083179117410523,1.1434779064290167e-06,0.0035668883036665323,1.1435200804044143e-06,1.082798348761571e-06,1.6715723916149727e-07,3.862220765427082e-09,1.379814591473405e-07,4.2290089652397e-08,7.776596362418786e-07,0.0,-1.4569449646728572e-08,7.784787499076629e-07,5.88468385132046e-10,7.493760473264999e-11,2.306719815159397e-10,3.2298842711497855e-08,7.776596362418786e-07,3.043195704321988e-07,1.6656876766774076e-07,3.786289504148499e-09,1.3775078855360334e-07,9.991245164542306e-09,0.0,0.0
4.6667504648212343e-05,0.019946547399740666,0.0006944162545110544,1.1434798886724762e-06,0.0033469805322984933,1.1435220130806556e-06,1.083037318494462e-06,1.6739038244395488e-07,3.624904820753727e-09,1.379881808816208e-07,4.2290135837674825e-08,7.776587267471768e-07,0.0,-1.4569682349474533e-08,7.783131081851025e-07,4.236840878135695e-10,3.423121855417044e-11,2.30688856905914e-10,3.229885692235257e-08,7.776587267471768e-07,3.0472418188765005e-07,1.6696670002147584e-07,3.5919123231309413e-09,1.377574818661742e-07,9.991282468035934e-09,0.0,0.0
4.667000030167401e-05,0.019946663815062493,0.0006820717210764826,1.1434814911153829e-06,0.0033829860532295993,1.143523491009546e-06,1.082999688151176e-06,1.6736137808948115e-07,3.663772840667434e-09,1.379795833145181e-07,4.22901571539569e-08,7.776587267471768e-07,0.0,-1.4569903505901038e-08,7.782987268001307e-07,4.093065608667956e-10,4.544674359063805e-11,2.307032342940829e-10,3.229885692235257e-08,7.776587267471768e-07,3.047009613510454e-07,1.669520770519739e-07,3.6173983808396315e-09,1.377488842990715e-07,9.991301119782747e-09,0.0,0.0
4.667250323109329e-05,0.019946778775192797,0.0010533695197909032,1.1434834861808946e-06,0.003337137442416594,1.143525537372625e-06,1.0830508472281508e-06,1.6742572483963158e-07,3.614289534326076e-09,1.3796530140552932e-07,4.22902068919484e-08,7.776598067721352e-07,0.0,-1.457019749295796e-08,7.785307047925016e-07,6.401785768161972e-10,9.905526399123232e-11,2.3071111687755774e-10,3.2298874685920964e-08,7.776598067721352e-07,3.045201424356492e-07,1.6678554004556645e-07,3.5164184897240602e-09,1.37734588179228e-07,9.991331317849017e-09,0.0,0.0
4.6675006160512567e-05,0.019946895190514624,0.0013493533812318353,1.1434862833184925e-06,0.0033843497751330806,1.143528379543568e-06,1.0830024166352814e-06,1.6737313046633062e-07,3.6652589852081974e-09,1.3796839937185723e-07,4.2290249524512546e-08,7.776609436405124e-07,0.0,-1.4570390227675034e-08,7.788557923049666e-07,9.64119117874418e-10,1.566912745387672e-11,2.307190133388204e-10,3.2298885344062e-08,7.776609436405124e-07,3.041467095954431e-07,1.6640900923903246e-07,3.647550927965426e-09,1.3773768614555593e-07,9.991364180450546e-09,0.0,0.0
4.667750545195304e-05,0.019947010150644928,0.0011251881568007382,1.143489128054669e-06,0.0037056527707072986,1.1435313354013488e-06,1.0826584002643358e-06,1.6700813887382537e-07,4.011956100669067e-09,1.3799028408811864e-07,4.229029215707669e-08,7.776600341458106e-07,0.0,-1.4570643358524649e-08,7.785928914927354e-07,7.021543346752424e-10,9.843043047297328e-11,2.3072535548784856e-10,3.229889244948936e-08,7.776600341458106e-07,3.0406553719330986e-07,1.6630598054234724e-07,3.914969237683863e-09,1.3775957086181734e-07,9.991400595765754e-09,0.0,0.0
4.668000474339351e-05,0.019947126565966755,0.000645895261941476,1.1434911898671308e-06,0.003045244569138303,1.1435333817644278e-06,1.0833730357262539e-06,1.6771031141615822e-07,3.299135853396251e-09,1.380040828280471e-07,4.229035255320923e-08,7.776586130603391e-07,0.0,-1.4570870732200092e-08,7.782658713040291e-07,3.765382727838329e-10,7.263813855962198e-11,2.3072514732103144e-10,3.229891731848511e-08,7.776586130603391e-07,3.051071360005153e-07,1.673337663987695e-07,3.2269129590645207e-09,1.3777335539089108e-07,9.991436122902542e-09,0.0,0.0
4.668250403483398e-05,0.01994724152609706,0.0006054648874744828,1.143492628432389e-06,0.0038711436245768708,1.1435346323196427e-06,1.082482754100056e-06,1.6683385695159814e-07,4.190446212248844e-09,1.3799045461837522e-07,4.2290398738487056e-08,7.776584425300825e-07,0.0,-1.457105192059771e-08,7.782539341860684e-07,3.64737212654731e-10,3.402286785636477e-11,2.3072367627552381e-10,3.229892087119879e-08,7.776584425300825e-07,3.0422884833569697e-07,1.6646912115447776e-07,4.15287182420343e-09,1.377597271812192e-07,9.991476979109848e-09,0.0,0.0
4.668499968829565e-05,0.019947356486227363,0.0010745974817325532,1.143494559834278e-06,0.003685624686889431,1.143536564995884e-06,1.082684434550174e-06,1.6705283201190468e-07,3.990368480089046e-09,1.3797196629639075e-07,4.229044847647856e-08,7.776595793984598e-07,0.0,-1.4571337914048854e-08,7.784809668009984e-07,5.906610200945295e-10,1.3405732079974086e-10,2.3072556365466568e-10,3.229894218748086e-08,7.776595793984598e-07,3.0420341090575675e-07,1.6646217204652203e-07,3.860467501226594e-09,1.3774123885923473e-07,9.991508953532957e-09,0.0,0.0
4.6687502617714927e-05,0.019947471446357667,0.0014099188541116803,1.143497416037495e-06,0.0030680279786353217,1.1435395208536647e-06,1.0833537089638412e-06,1.677157257518047e-07,3.3237594898594125e-09,1.3797699693895993e-07,4.229049821447006e-08,7.776610004839313e-07,0.0,-1.4571516437911214e-08,7.788548828102648e-07,9.631464514825439e-10,2.3748749494734156e-11,2.307316560035133e-10,3.2298956398335577e-08,7.776610004839313e-07,3.044988545752858e-07,1.667525850734819e-07,3.298691986231006e-09,1.377462695018039e-07,9.991542704312906e-09,0.0,0.0
4.66900019091554e-05,0.01994758640648797,0.0012464185759775148,1.143500469766466e-06,0.0034935904237142403,1.1435425903982832e-06,1.0828971426235512e-06,1.672404579267095e-07,3.783199087337152e-09,1.3799646580991975e-07,4.2290547952461566e-08,7.776602046760672e-07,0.0,-1.4571748252478756e-08,7.786331366332888e-07,7.422232273235352e-10,9.686087348859118e-11,2.3073865040856845e-10,3.2298963503762934e-08,7.776602046760672e-07,3.0426397756855295e-07,1.664982391957892e-07,3.6873475384169296e-09,1.3776572416190902e-07,9.991584448698632e-09,0.0,0.0
4.669250120059587e-05,0.019947699911426753,0.000829660519839237,1.1435028262187728e-06,0.002665177988875033,1.1435449778218754e-06,1.0837939043994993e-06,1.6812801106880215e-07,2.8885036584824775e-09,1.3800705289668258e-07,4.229059769045307e-08,7.776588404340146e-07,0.0,-1.457197207344052e-08,7.783187356835697e-07,4.291375588216795e-10,6.655793971521717e-11,2.3074543664680647e-10,3.229898482004501e-08,7.776588404340146e-07,3.054751687159296e-07,1.6769887167811248e-07,2.8238080762577056e-09,1.3777631124867185e-07,9.991613758586482e-09,0.0,0.0
4.669500413001515e-05,0.019947814871557057,0.0006829856764909437,1.1435045651588111e-06,0.003211121951044802,1.1435466831244412e-06,1.08320557501429e-06,1.6755069509599707e-07,3.4783051994224934e-09,1.379962384362443e-07,4.229062966487618e-08,7.776586130603391e-07,0.0,-1.4572141715518683e-08,7.782574584780377e-07,3.680989402177204e-10,2.9123439770906145e-11,2.3075322208576665e-10,3.2298988372758686e-08,7.776586130603391e-07,3.0494808811454277e-07,1.671826055371639e-07,3.4451950181590973e-09,1.3776548257737886e-07,9.991642180295912e-09,0.0,0.0
4.669750342145562e-05,0.019947928376495838,0.0010572916122058018,1.1435065404594823e-06,0.0035211694690325413,1.1435485021138447e-06,1.0828724725797656e-06,1.672368057370477e-07,3.812977489303648e-09,1.379760306008393e-07,4.229069006100872e-08,7.776596362418786e-07,0.0,-1.4572413498115111e-08,7.784642548358534e-07,5.738776676089685e-10,1.0172829245647108e-10,2.3076239530350762e-10,3.22990025836134e-08,7.776596362418786e-07,3.044081893222028e-07,1.6666292879108369e-07,3.7137699582245887e-09,1.3774526053111913e-07,9.991687477395317e-09,0.0,0.0
4.669999907491729e-05,0.019948043336626142,0.0014087844789527626,1.14350937546377e-06,0.002954661112539282,1.1435514579716255e-06,1.0834867225639755e-06,1.678480003874938e-07,3.201336085112416e-09,1.379778211685334e-07,4.229074690442758e-08,7.776609436405124e-07,0.0,-1.4572611561902704e-08,7.78815604007832e-07,9.23890575155184e-10,2.368260448859516e-11,2.3077190158815597e-10,3.229901324175444e-08,7.776609436405124e-07,3.046711469778529e-07,1.6692411008989438e-07,3.176588103670497e-09,1.3774705109881324e-07,9.991731886316302e-09,0.0,0.0
4.6702502004336566e-05,0.019948156841564924,0.0011587821378923162,1.1435122897786866e-06,0.003783466104892925,1.143554527516244e-06,1.0825949630088871e-06,1.6693437032699876e-07,4.095961347871935e-09,1.38000345373257e-07,4.2290782431564367e-08,7.776602046760672e-07,0.0,-1.4572821172009753e-08,7.785845923535817e-07,6.936445307026418e-10,8.85608184009179e-11,2.3078056132774805e-10,3.2299020347181795e-08,7.776602046760672e-07,3.0401028539017716e-07,1.6624072429749503e-07,4.0058694139588624e-09,1.3776957530353684e-07,9.991762972560991e-09,0.0,0.0
4.6705004933755845e-05,0.019948270346503705,0.0006890678257257254,1.1435143871796567e-06,0.0030050299784543794,1.143556573879323e-06,1.0834368140422157e-06,1.6776915856553387e-07,3.255760105957961e-09,1.3800880083181255e-07,4.2290846380410585e-08,7.776588972774334e-07,0.0,-1.457309561914144e-08,7.782594479976979e-07,3.697622485976382e-10,8.482769348061581e-11,2.3079098354639171e-10,3.229903811075019e-08,7.776588972774334e-07,3.051774228879367e-07,1.6739939212584432e-07,3.1759797014530022e-09,1.3777801655123767e-07,9.991807381481976e-09,0.0,0.0
4.670750058721751e-05,0.019948383851442486,0.0006127328644167651,1.1435158647877331e-06,0.002507470296225324,1.1435579381213756e-06,1.0839758033398539e-06,1.683193175949782e-07,2.718037128701667e-09,1.3799777320855355e-07,4.229088546026105e-08,7.77658669903758e-07,0.0,-1.4573251938543308e-08,7.782408033563115e-07,3.5130676145911366e-10,4.469817571628454e-11,2.308009061646743e-10,3.229904166346387e-08,7.77658669903758e-07,3.0573497156183294e-07,1.679680110555637e-07,2.670807131011088e-09,1.3776696050626924e-07,9.991842908618764e-09,0.0,0.0
4.671000351663679e-05,0.019948497356381267,0.0009070929101548941,1.1435175898650482e-06,0.003421508939105481,1.1435596434239415e-06,1.0829897973962943e-06,1.6734452401578892e-07,3.7054592727514546e-09,1.3798579345802864e-07,4.22909280928252e-08,7.776594088682032e-07,0.0,-1.457348197675401e-08,7.783614250911342e-07,4.712005230445016e-10,1.1695416857193663e-10,2.3080590216828512e-10,3.2299052321604904e-08,7.776594088682032e-07,3.046283154617413e-07,1.6687332049514225e-07,3.587420138728703e-09,1.3775499496659904e-07,9.991875771220293e-09,0.0,0.0
4.671250280807726e-05,0.01994861086132005,0.0011983575973616434,1.1435199796553577e-06,0.0028118617804258716,1.1435620308475336e-06,1.0836502042366192e-06,1.680047603258572e-07,3.0470745926436393e-09,1.379850118610193e-07,4.229098138353038e-08,7.776604320497427e-07,0.0,-1.457375109481518e-08,7.786195510561811e-07,7.283199043861543e-10,5.844898176565749e-11,2.3080291844390644e-10,3.229906297974594e-08,7.776604320497427e-07,3.050306531804381e-07,1.672764398108484e-07,2.992148306901754e-09,1.377542133695897e-07,9.99191485107076e-09,0.0,0.0
4.671500209951773e-05,0.01994872436625883,0.0011489039365856213,1.1435226439131248e-06,0.0025795690161566054,1.143564759331639e-06,1.083903839571576e-06,1.6824461113174038e-07,2.7960047610520178e-09,1.379991374506062e-07,4.229100980523981e-08,7.776600909892295e-07,0.0,-1.4573920736893342e-08,7.785285447425849e-07,6.376800198992782e-10,9.424096919508074e-11,2.3080062860891815e-10,3.229906653245962e-08,7.776600909892295e-07,3.0537526640728174e-07,1.6760692744810513e-07,2.699341417056189e-09,1.3776833895917662e-07,9.99194238460177e-09,0.0,0.0
4.6717501390958205e-05,0.019948836416006088,0.0007913336754266087,1.1435248179444653e-06,0.0033720130593991185,1.1435670330683934e-06,1.0830497103597736e-06,1.673792837664223e-07,3.6520577673115895e-09,1.38011472472499e-07,4.2291055990517634e-08,7.776589541208523e-07,0.0,-1.4574168538672438e-08,7.782680881973647e-07,3.7836489497067305e-10,1.0485275148131024e-10,2.308017804653062e-10,3.2299084296028013e-08,7.776589541208523e-07,3.0478159374069946e-07,1.6700091975963005e-07,3.5458795899501183e-09,1.377806739810694e-07,9.991971694489621e-09,0.0,0.0
4.6720004320377484e-05,0.01994894992094487,0.000618742773150438,1.143526418450875e-06,0.003253004791229763,1.1435685109972837e-06,1.083179427041614e-06,1.6751643272527872e-07,3.5235878659278796e-09,1.380044523102697e-07,4.229110572850914e-08,7.776584993735014e-07,0.0,-1.457440212959682e-08,7.781985686960979e-07,3.0924748872784846e-10,6.369068467071415e-11,2.3080298783284547e-10,3.229908784874169e-08,7.776584993735014e-07,3.049808299238066e-07,1.672071761049665e-07,3.4608600429919534e-09,1.377736538188401e-07,9.992020544302704e-09,0.0,0.0
4.6722503611817956e-05,0.019949061970692128,0.0009051001797109048,1.1435281259130524e-06,0.00341597425313178,1.1435701026130118e-06,1.0830049177457113e-06,1.673576974781099e-07,3.699516915034451e-09,1.3798808140563779e-07,4.229116612464168e-08,7.7765906780769e-07,0.0,-1.4574602857919672e-08,7.782993520777381e-07,4.094452554781469e-10,1.343422317834353e-10,2.308051527677435e-10,3.229909495416905e-08,7.7765906780769e-07,3.047055372462637e-07,1.669482543320555e-07,3.5630671746389453e-09,1.3775726870335347e-07,9.992069394115788e-09,0.0,0.0
4.672500290325843e-05,0.01994917547563091,0.001258174623426811,1.1435305813367934e-06,0.003856544645060675,1.1435726037234417e-06,1.082531753127114e-06,1.6688625237293309e-07,4.174832035630516e-09,1.3798525344554946e-07,4.229121586263318e-08,7.776602046760672e-07,0.0,-1.45748746405161e-08,7.785823186168273e-07,6.912853067753133e-10,9.295966080236084e-11,2.3080717892476343e-10,3.2299109165023765e-08,7.776602046760672e-07,3.0394940608857723e-07,1.6619496534531208e-07,4.082040927499975e-09,1.3775445495411986e-07,9.992105809430996e-09,0.0,0.0
4.67275021946989e-05,0.019949287525378168,0.0012049644262717152,1.1435333412778733e-06,0.0034633788714452736,1.1435754458943848e-06,1.0829584198290831e-06,1.6729769924950233e-07,3.750695309889807e-09,1.3800064380120602e-07,4.229125494248365e-08,7.776600909892295e-07,0.0,-1.4575102014191543e-08,7.785364459778066e-07,6.455473933186795e-10,9.894472047244918e-11,2.3081218880616206e-10,3.2299109165023765e-08,7.776600909892295e-07,3.0442197385127656e-07,1.6665215696320956e-07,3.6529586022737703e-09,1.3776983109892171e-07,9.992143112924623e-09,0.0,0.0
4.673000148613937e-05,0.019949399575125426,0.00085639921294689,1.143535651030621e-06,0.0035290838341716186,1.143577833317977e-06,1.0828895256054238e-06,1.6721851636702922e-07,3.8216079190078744e-09,1.3801214038267062e-07,4.229129757504779e-08,7.776589541208523e-07,0.0,-1.457532139426121e-08,7.782375064380176e-07,3.477764742854106e-10,1.301455609947766e-10,2.3082369349225473e-10,3.229912337587848e-08,7.776589541208523e-07,3.046520475891157e-07,1.6687073411958409e-07,3.6905880573812055e-09,1.377813134695316e-07,9.992173310990893e-09,0.0,0.0
4.673250441555865e-05,0.019949511624872684,0.0006845703371176626,1.1435373776831072e-06,0.0033829256691817657,1.143579424933705e-06,1.083048687178234e-06,1.6738206909394648e-07,3.6638732048288603e-09,1.3800814713249565e-07,4.229133665489826e-08,7.776584425300825e-07,0.0,-1.4575565643326627e-08,7.781504223203228e-07,2.6113797235716163e-10,6.812233416253477e-11,2.3083486511144002e-10,3.229913048130584e-08,7.776584425300825e-07,3.0489823643620184e-07,1.6712093042769993e-07,3.5976608359078455e-09,1.3777732021935662e-07,9.992207061770841e-09,0.0,0.0
4.6735000069020316e-05,0.019949623674619943,0.0009201010838850721,1.1435391757133788e-06,0.003037172258946427,1.1435811302362708e-06,1.0834235126822023e-06,1.6776873223989242e-07,3.290543837408677e-09,1.3799574105632928e-07,4.2291379287462405e-08,7.776590109642711e-07,0.0,-1.4575758378043702e-08,7.782451802995638e-07,3.552900473824394e-10,1.2734535648206702e-10,2.3084083256019738e-10,3.2299137586733195e-08,7.776590109642711e-07,3.051783608043479e-07,1.6741344666115765e-07,3.1627300778325207e-09,1.3776489993233554e-07,9.992243477086049e-09,0.0,0.0
4.6737502998439595e-05,0.0199497357243672,0.0013124986967909535,1.1435416773357904e-06,0.0034121235330953547,1.1435837450335384e-06,1.0830208339029923e-06,1.6737016039769514e-07,3.6954008741929556e-09,1.379903409315375e-07,4.229142547274023e-08,7.776603752063238e-07,0.0,-1.457599996257386e-08,7.785964157847047e-07,7.052223804926427e-10,8.092631426093178e-11,2.3084012479301919e-10,3.229915179758791e-08,7.776603752063238e-07,3.04424446539997e-07,1.6666494673245325e-07,3.6134564229683974e-09,1.3775949980754376e-07,9.992274563330739e-09,0.0,0.0
4.6740005927858874e-05,0.019949846318922937,0.001380316706523388,1.1435446554430224e-06,0.003544812138416553,1.143586814578157e-06,1.0828805443452438e-06,1.6721651263651438e-07,3.838608098050145e-09,1.380034291287302e-07,4.229145744716334e-08,7.776605457365804e-07,0.0,-1.4576230888962982e-08,7.786545666021993e-07,7.631751897108074e-10,6.185604112252108e-11,2.308348234780766e-10,3.229915535030159e-08,7.776605457365804e-07,3.0422592089962563e-07,1.664533471057439e-07,3.776262857968504e-09,1.3777258800473646e-07,9.992302985040169e-09,0.0,0.0
4.6742505219299346e-05,0.019949958368670195,0.000998138412636962,1.1435473204959722e-06,0.0038422695368962763,1.1435895430622622e-06,1.0825619938259479e-06,1.6688203174908267e-07,4.159494970679134e-09,1.3802078058233747e-07,4.22915142905822e-08,7.776591814945277e-07,0.0,-1.4576482243455757e-08,7.782805369060952e-07,3.905206158449914e-10,1.3888316885424246e-10,2.3083665534606723e-10,3.2299169561156305e-08,7.776591814945277e-07,3.0428145691985264e-07,1.664915032506542e-07,4.019540700284097e-09,1.3778993945834372e-07,9.992345617604315e-09,0.0,0.0
4.674500087276101e-05,0.01995006896322593,0.0006128229776098948,1.1435491021315647e-06,0.003650960462400659,1.143591248364828e-06,1.0827696996784653e-06,1.6708925443253975e-07,3.953149363411512e-09,1.3802217324609956e-07,4.2291585344855775e-08,7.776583288432448e-07,0.0,-1.4576754026052186e-08,7.781150657137914e-07,2.2589588533072913e-10,6.29836183207999e-11,2.308484792212795e-10,3.229918377201102e-08,7.776583288432448e-07,3.046546908080927e-07,1.668633586859869e-07,3.892659528048625e-09,1.377913179112511e-07,9.992398020131077e-09,0.0,0.0
4.674750016420148e-05,0.019950179557781667,0.0006703897296388428,1.1435505212949575e-06,0.003196768101551509,1.1435926126068807e-06,1.083261054191098e-06,1.6759490506501606e-07,3.462934383691163e-09,1.380077208068542e-07,4.2291620871992563e-08,7.776584425300825e-07,0.0,-1.4576940543520323e-08,7.781284807606426e-07,2.391821185554477e-10,9.076287638132285e-11,2.308598451294941e-10,3.22991873247247e-08,7.776584425300825e-07,3.051325734304555e-07,1.673557221693045e-07,3.3715421565716497e-09,1.3777686547200574e-07,9.992433547267865e-09,0.0,0.0
4.675000309362076e-05,0.019950291607528925,0.0010627861176187216,1.1435524633141139e-06,0.0036113063869573584,1.1435944315962843e-06,1.082815174413554e-06,1.671607208209025e-07,3.910377355254013e-09,1.379950163027388e-07,4.2291670609984067e-08,7.776595225550409e-07,0.0,-1.4577188345299419e-08,7.783473847666755e-07,4.5704759421560937e-10,1.3676187959887898e-10,2.30862162720058e-10,3.229920508829309e-08,7.776595225550409e-07,3.044678180685878e-07,1.6670367131155217e-07,3.773113377292248e-09,1.3776416096789035e-07,9.992467298047814e-09,0.0,0.0
4.6752502385061234e-05,0.01995040220208466,0.0012628906880466917,1.143555035386045e-06,0.0033098174696528735,1.1435971600803896e-06,1.0831429335667053e-06,1.6747982556353236e-07,3.5850054036501433e-09,1.3800278964026802e-07,4.229172390068925e-08,7.776603752063238e-07,0.0,-1.4577437035256935e-08,7.785649245306558e-07,6.737183588789719e-10,8.603799617201702e-11,2.308580965282303e-10,3.229921219372045e-08,7.776603752063238e-07,3.045780374577589e-07,1.6680610315233935e-07,3.500306267056885e-09,1.3777192009456485e-07,9.992509930611959e-09,0.0,0.0
4.6755001676501706e-05,0.019950512796640396,0.001003939873770305,1.143557542377234e-06,0.0034330905759370187,1.1435996611908195e-06,1.0830121937033255e-06,1.6733083896269818e-07,3.718078955827764e-09,1.3802186060729582e-07,4.229177008596707e-08,7.776595225550409e-07,0.0,-1.4577638651758207e-08,7.783112323522801e-07,4.2087633378429246e-10,1.7274057184657465e-10,2.3086031697427956e-10,3.229921929914781e-08,7.776595225550409e-07,3.047009613510454e-07,1.6690995607859804e-07,3.5434377654297577e-09,1.3779099106159265e-07,9.992549898640846e-09,0.0,0.0
4.675750096794218e-05,0.01995062193600461,0.000602823959480317,1.143559295989066e-06,0.0036910654932779214,1.143601480180223e-06,1.0827352525666356e-06,1.67046678711813e-07,3.996446729104264e-09,1.3803011711388535e-07,4.2291823376672255e-08,7.776584993735014e-07,0.0,-1.4577891782607821e-08,7.780820396874333e-07,1.9267497319841453e-10,1.39045747138411e-10,2.3087347311712136e-10,3.22992370627162e-08,7.776584993735014e-07,3.0465324130091176e-07,1.668540079435843e-07,3.8582248507168515e-09,1.3779923335732747e-07,9.992585425777634e-09,0.0,0.0
4.676000025938265e-05,0.019950732530560344,0.0005729527684117386,1.1435605963341146e-06,0.0034660502329733073,1.1436026170486002e-06,1.0829789971467108e-06,1.6730238883155835e-07,3.753659605365556e-09,1.380181942067793e-07,4.22918660092364e-08,7.776584425300825e-07,0.0,-1.457810405725013e-08,7.780662940604088e-07,1.7696738519035193e-10,1.1509653646823992e-10,2.3089030687373224e-10,3.229924061542988e-08,7.776584425300825e-07,3.0491273150801135e-07,1.6712542105778994e-07,3.6380063406227237e-09,1.377873104502214e-07,9.9926245056281e-09,0.0,0.0
4.676250318880193e-05,0.01995084312511608,0.0009876019911487788,1.143562322222718e-06,0.003807264266297642,1.143604322351166e-06,1.0826122434082208e-06,1.6695167914804188e-07,4.121790908584444e-09,1.3800111275941163e-07,4.229191929994158e-08,7.776595225550409e-07,0.0,-1.4578319884606117e-08,7.782646775922331e-07,3.7426287069486364e-10,1.7403782581748573e-10,2.3090168665973465e-10,3.2299258378998275e-08,7.776595225550409e-07,3.043476226594066e-07,1.665774078674076e-07,3.947662641223815e-09,1.3777021479199902e-07,9.992662697300148e-09,0.0,0.0
4.67650024802424e-05,0.019950953719671816,0.0013316968208947344,1.1435648872409355e-06,0.0031945060417485475,1.1436069371484336e-06,1.0832758334800019e-06,1.6761033805323677e-07,3.4605311949320594e-09,1.38004836003347e-07,4.2291972590646765e-08,7.77660716266837e-07,0.0,-1.4578553475530498e-08,7.785898787915357e-07,6.98265834042644e-10,7.865680329288693e-11,2.3090543366244276e-10,3.229926903713931e-08,7.77660716266837e-07,3.04686011531885e-07,1.669120734959506e-07,3.384658775473781e-09,1.377739380359344e-07,9.992704441685873e-09,0.0,0.0
4.676750177168287e-05,0.01995106285903603,0.0011338536757001805,1.1435675781270717e-06,0.003207435713221238,1.1436097793193767e-06,1.0832644647962297e-06,1.675752088203808e-07,3.4745011312509178e-09,1.3802936393858545e-07,4.229203653949298e-08,7.776598636155541e-07,0.0,-1.4578733775749697e-08,7.783527848914673e-07,4.620076266004247e-10,1.5558389299119568e-10,2.3090562795147207e-10,3.229927614256667e-08,7.776598636155541e-07,3.049116799047624e-07,1.6711321393358958e-07,3.316412700016258e-09,1.3779846597117285e-07,9.992761285104734e-09,0.0,0.0
4.6770001063123345e-05,0.01995117199840024,0.0006839608068744951,1.1435695620782405e-06,0.003425559160005555,1.143611711995618e-06,1.0830306109710364e-06,1.6733083896269818e-07,3.7099854299782464e-09,1.3804115894799907e-07,4.229210759376656e-08,7.776586130603391e-07,0.0,-1.4578980689350374e-08,7.780638497933978e-07,1.7431758814190346e-10,1.107726965710043e-10,2.3090825085336775e-10,3.229929745884874e-08,7.776586130603391e-07,3.04966789599348e-07,1.671565286187615e-07,3.6014282667196085e-09,1.3781026098058646e-07,9.992811023096237e-09,0.0,0.0
4.677250035456382e-05,0.019951281137764454,0.0006798540230406047,1.143571050537075e-06,0.0028124497758824155,1.1436130762376706e-06,1.083693973669142e-06,1.680133578929599e-07,3.0478348733709026e-09,1.3802198850498826e-07,4.229213956818967e-08,7.776586130603391e-07,0.0,-1.4579184082208485e-08,7.780582222949306e-07,1.686961959013189e-10,9.925449351300131e-11,2.3091796530483322e-10,3.229930101156242e-08,7.776586130603391e-07,3.0563572295250196e-07,1.6784466083663574e-07,2.9482949415182702e-09,1.3779106211586623e-07,9.992841221162507e-09,0.0,0.0
4.6775003283983096e-05,0.01995139173232019,0.0011199114538813504,1.1435730409797084e-06,0.0034097721906122353,1.1436150089139119e-06,1.0830505061676376e-06,1.6738725605591753e-07,3.6929554969589162e-09,1.380035143938585e-07,4.229219285889485e-08,7.776597499287163e-07,0.0,-1.4579383922352918e-08,7.783154956086946e-07,4.248327800659979e-10,1.3852492763977153e-10,2.3092730505602788e-10,3.2299318775130814e-08,7.776597499287163e-07,3.0473501055894303e-07,1.6696242255420657e-07,3.553039418235926e-09,1.3777258800473646e-07,9.992876748299295e-09,0.0,0.0
4.677750257542357e-05,0.019951500871684402,0.0013101038795195752,1.1435756930829935e-06,0.0030149616413672315,1.1436177373980172e-06,1.0834792192326859e-06,1.6780363409907295e-07,3.266648285205065e-09,1.380152099272891e-07,4.2292239044172675e-08,7.776604320497427e-07,0.0,-1.4579631724132014e-08,7.785122875247907e-07,6.209034397741675e-10,6.751919856551325e-11,2.3092679157787899e-10,3.229932232784449e-08,7.776604320497427e-07,3.049670169730234e-07,1.6718273343485635e-07,3.2017795081884515e-09,1.3778428353816707e-07,9.992914939971342e-09,0.0,0.0
4.678000186686404e-05,0.019951610011048615,0.0009875254683042456,1.1435782007010558e-06,0.0029799342565339643,1.1436203521952848e-06,1.0835194643732393e-06,1.6782320244601578e-07,3.228816769507148e-09,1.380368814807298e-07,4.229228878216418e-08,7.776593520247843e-07,0.0,-1.4579806695280695e-08,7.78209994223289e-07,3.196828080032077e-10,1.3329901071834627e-10,2.309234331532295e-10,3.229933298598553e-08,7.776593520247843e-07,3.0530947014995036e-07,1.6750352926919732e-07,3.0927713723372108e-09,1.3780595509160776e-07,9.992956684357068e-09,0.0,0.0
4.678250115830451e-05,0.019951717695221305,0.0006394727368835285,1.1435799527206127e-06,0.003704926818846464,1.1436220574978506e-06,1.0827382084244164e-06,1.6704146332813252e-07,4.011465826181393e-09,1.3803825993363716e-07,4.2292352731010396e-08,7.776584993735014e-07,0.0,-1.4580033180777718e-08,7.78023775183101e-07,1.3435741408329704e-10,6.518691836321366e-11,2.3092630585530571e-10,3.2299343644126566e-08,7.776584993735014e-07,3.047144332413154e-07,1.669070996968003e-07,3.945793913828766e-09,1.3780733354451513e-07,9.99300908688383e-09,0.0,0.0
4.6785000449744985e-05,0.019951826834585518,0.0006946442830226829,1.143581408767446e-06,0.0033290037164610993,1.1436234217399033e-06,1.0831449799297843e-06,1.6746251674248924e-07,3.6057936636524346e-09,1.380237932835371e-07,4.229239891628822e-08,7.77658669903758e-07,0.0,-1.4580271212594198e-08,7.780402029311517e-07,1.5059117841609293e-10,7.816412794792171e-11,2.3093299494902908e-10,3.2299347196840245e-08,7.77658669903758e-07,3.051047769986326e-07,1.6731192431507225e-07,3.528932479568425e-09,1.3779285268356034e-07,9.993050831269557e-09,0.0,0.0
4.6787503379164264e-05,0.01995193597394973,0.0009770679015730366,1.1435832332634956e-06,0.003527937625694591,1.1436252407293068e-06,1.0829318171090563e-06,1.672549387876643e-07,3.820515903640853e-09,1.3801731313378696e-07,4.2292448654279724e-08,7.776595793984598e-07,0.0,-1.4580458618240755e-08,7.782310262882675e-07,3.404778126103736e-10,7.365503346123958e-11,2.3094130774392596e-10,3.229935785498128e-08,7.776595793984598e-07,3.0470081924249826e-07,1.6691446091954276e-07,3.745256549336773e-09,1.377863725338102e-07,9.993089022941604e-09,0.0,0.0
4.6790002670604736e-05,0.01995204365812242,0.001083115562127368,1.1435854517550145e-06,0.0033918003455670003,1.1436275144660613e-06,1.0830807468664716e-06,1.6739286934353004e-07,3.6735936514986633e-09,1.3802794285311393e-07,4.229249839227123e-08,7.776599773023918e-07,0.0,-1.4580706420019851e-08,7.783311843923002e-07,4.403070408276477e-10,3.7849366002484786e-11,2.3095056422839377e-10,3.229936140769496e-08,7.776599773023918e-07,3.047495624741714e-07,1.6695256022103422e-07,3.6381129220330877e-09,1.3779698804228246e-07,9.993136984576267e-09,0.0,0.0
4.67924983240664e-05,0.01995215134229511,0.000885226084934132,1.1435875713474329e-06,0.0031250652993610635,1.143629674515978e-06,1.0833706483026617e-06,1.6766873045526154e-07,3.385604019356947e-09,1.380427789854366e-07,4.229254457754905e-08,7.776591814945277e-07,0.0,-1.4580900042915346e-08,7.781456474731385e-07,2.555004541271444e-10,6.36666205866554e-11,2.3095644841042429e-10,3.229936496040864e-08,7.776591814945277e-07,3.0522505767294206e-07,1.6741323349833692e-07,3.3203479965493443e-09,1.3781182417460514e-07,9.993176952605154e-09,0.0,0.0
4.679500125348568e-05,0.019952260481659323,0.0006708579610155141,1.1435892696476673e-06,0.003681583650229238,1.1436313798185438e-06,1.082771404981031e-06,1.6706974292901577e-07,3.986313501513905e-09,1.3804303478082147e-07,4.229258010468584e-08,7.776586130603391e-07,0.0,-1.4581111429379234e-08,7.780240594001953e-07,1.3450164593198366e-10,3.505145826365741e-11,2.3095975132392255e-10,3.2299372065835996e-08,7.776586130603391e-07,3.047473171591264e-07,1.669352371891364e-07,3.951006632973986e-09,1.3781207996999e-07,9.993209815206683e-09,0.0,0.0
4.679750418290496e-05,0.019952368165832013,0.0007816452196238721,1.1435908337637006e-06,0.0031303979318429427,1.1436328577474342e-06,1.0833675787580432e-06,1.6767754118518496e-07,3.3913716279698747e-09,1.3803121134969842e-07,4.2292622737249985e-08,7.776587835905957e-07,0.0,-1.4581349461195714e-08,7.780733426443476e-07,1.836154700507464e-10,5.57332721640158e-11,2.3096737022942904e-10,3.2299372065835996e-08,7.776587835905957e-07,3.052941792702768e-07,1.6749393694226455e-07,3.338007870112847e-09,1.3780024232801225e-07,9.993251559592409e-09,0.0,0.0
4.6799999836366624e-05,0.019952475850004703,0.0010315534520648484,1.1435927862916894e-06,0.003121669060548822,1.1436347904236754e-06,1.08337872006814e-06,1.676909420211814e-07,3.3819498312936958e-09,1.3802841181131953e-07,4.229265826438677e-08,7.776593520247843e-07,0.0,-1.4581535090485431e-08,7.782281841173244e-07,3.37877559264399e-10,5.6254063907079654e-11,2.3098391255249595e-10,3.2299375618549675e-08,7.776593520247843e-07,3.051504791073967e-07,1.6735306473947276e-07,3.323743058558648e-09,1.3779742857877864e-07,9.993282645837098e-09,0.0,0.0
4.68025027657859e-05,0.019952583534177393,0.0010760752795846429,1.1435950558742525e-06,0.0033679659325668103,1.1436371778472676e-06,1.0831147392309504e-06,1.6742016839543794e-07,3.6478935427908254e-09,1.3803513354559982e-07,4.229269379152356e-08,7.776595225550409e-07,0.0,-1.458177578683717e-08,7.782707598380512e-07,3.8024541848535875e-10,4.646357257276357e-11,2.3100160673195091e-10,3.2299375618549675e-08,7.776595225550409e-07,3.048440646580275e-07,1.6703991434496857e-07,3.602786069478725e-09,1.378041361022042e-07,9.993318172973886e-09,0.0,0.0
4.6805002057226375e-05,0.019952691218350083,0.000989882654092611,1.1435972805839615e-06,0.0028210386326695336,1.1436393378971843e-06,1.0837075024028309e-06,1.6800944990791322e-07,3.0571807307921972e-09,1.380388425786805e-07,4.2292739976801386e-08,7.776591814945277e-07,0.0,-1.4581991614193157e-08,7.781912358950649e-07,3.0102945136611936e-10,4.808279815970984e-11,2.310125840621069e-10,3.2299379171263354e-08,7.776591814945277e-07,3.0551623808605655e-07,1.677084213724811e-07,3.0097075942592255e-09,1.3780781671357545e-07,9.993360805538032e-09,0.0,0.0
4.6807504986645654e-05,0.01995279744733125,0.0009206708365674388,1.1435993101454692e-06,0.003270861743167655,1.1436413842602633e-06,1.0832234238478122e-06,1.6752414921938907e-07,3.5430740563668905e-09,1.380403489292803e-07,4.2292771951224495e-08,7.776588972774334e-07,0.0,-1.458218967798075e-08,7.781263207107258e-07,2.3642229840525886e-10,3.924530839194418e-11,2.3102120216833555e-10,3.2299379171263354e-08,7.776588972774334e-07,3.050970462936675e-07,1.6728772322949226e-07,3.501500200897567e-09,1.3780932306417526e-07,9.993392779961141e-09,0.0,0.0
4.681000064010732e-05,0.01995290513150394,0.0008753679605284503,1.1436012441949891e-06,0.003319336602502622,1.1436433169365046e-06,1.0831727195181884e-06,1.6747357278745767e-07,3.5954148547290288e-09,1.380402494532973e-07,4.229280747836128e-08,7.776588404340146e-07,0.0,-1.4582438367938266e-08,7.780992063999292e-07,2.0931345545704971e-10,3.3399161908365116e-11,2.3103481627817501e-10,3.2299379171263354e-08,7.776588404340146e-07,3.050734846965497e-07,1.6726426110835746e-07,3.5639966533551615e-09,1.3780922358819225e-07,9.99342653074109e-09,0.0,0.0
4.68125035695266e-05,0.019953011360485107,0.0009089688468222334,1.1436031396778002e-06,0.0030563093252178,1.1436452496127458e-06,1.0834584145413828e-06,1.677625363072366e-07,3.311384055848521e-09,1.3803675358303735e-07,4.229284300549807e-08,7.7765906780769e-07,0.0,-1.4582625773584823e-08,7.781280828567105e-07,2.3794671788479604e-10,3.1626836566323036e-11,2.310519969794811e-10,3.229938272397703e-08,7.7765906780769e-07,3.0533030326296284e-07,1.6752458975588524e-07,3.278231464065584e-09,1.3780569929622288e-07,9.993460281521038e-09,0.0,0.0
4.681500286096707e-05,0.019953119044657797,0.0009656229593559829,1.143605158316478e-06,0.0037176122319477756,1.1436472959758248e-06,1.0827462801898946e-06,1.6704797189959208e-07,4.0252308153299055e-09,1.380390415306465e-07,4.229287497992118e-08,7.776592951813655e-07,0.0,-1.4582847818189748e-08,7.781699196129921e-07,2.7957816617352194e-10,2.3674081792157686e-11,2.3106914992521155e-10,3.229938272397703e-08,7.776592951813655e-07,3.045763605769025e-07,1.6676840175477992e-07,4.000559439276685e-09,1.3780797303297732e-07,9.993491367765728e-09,0.0,0.0
4.681750215240754e-05,0.019953225273638964,0.0009211627246195064,1.143607162629687e-06,0.0033322488207955616,1.143649228652066e-06,1.083163851944846e-06,1.6745727293709933e-07,3.6093714683715916e-09,1.380474543566379e-07,4.229290340163061e-08,7.776591814945277e-07,0.0,-1.4583098284504104e-08,7.781385420457809e-07,2.4826818378897997e-10,2.1390557727873905e-11,2.3108573388164189e-10,3.229938272397703e-08,7.776591814945277e-07,3.0502536674248404e-07,1.6720900930522475e-07,3.5900398209776085e-09,1.37816371648114e-07,9.993521565831998e-09,0.0,0.0
4.682000508182682e-05,0.01995333150262013,0.0008692951971255025,1.1436090646148955e-06,0.003429064511188337,1.1436511613283074e-06,1.0830610790435458e-06,1.6735305052861804e-07,3.7138863095975694e-09,1.3804893228552828e-07,4.229293182334004e-08,7.7765906780769e-07,0.0,-1.4583278584723303e-08,7.78109495058743e-07,2.1933990734801512e-10,1.5734471017769813e-11,2.3109787694597372e-10,3.229938272397703e-08,7.7765906780769e-07,3.049515555630933e-07,1.6713372019694361e-07,3.69565400504257e-09,1.3781783536614967e-07,9.993549987541428e-09,0.0,0.0
4.682250437326729e-05,0.019953437731601298,0.0009601962531851083,1.1436110080650238e-06,0.0038894810647339085,1.1436530940045486e-06,1.0825659728652681e-06,1.6686512083197158e-07,4.210619852784703e-09,1.380414715868028e-07,4.229295669233579e-08,7.776594088682032e-07,0.0,-1.4583520169253461e-08,7.781841873111262e-07,2.936867971037316e-10,1.846337319144631e-11,2.3110768854195385e-10,3.229938272397703e-08,7.776594088682032e-07,3.043818139758514e-07,1.665714250975725e-07,4.192700409078043e-09,1.3781037466742418e-07,9.99357485653718e-09,0.0,0.0
4.6825003664707765e-05,0.019953543960582465,0.0010707339176962982,1.1436131655014526e-06,0.003341761938135616,1.1436552540544653e-06,1.0831588497239863e-06,1.6745842401633126e-07,3.6196590169623732e-09,1.3804074683321232e-07,4.229299577218626e-08,7.776596930852975e-07,0.0,-1.4583754648356262e-08,7.782700777170248e-07,3.792930969304109e-10,1.0949393301762367e-11,2.311180968828097e-10,3.229938627669071e-08,7.776596930852975e-07,3.048887720069615e-07,1.6707913630398252e-07,3.610504339945919e-09,1.37809635702979e-07,9.993612160030807e-09,0.0,0.0
4.682749931816943e-05,0.019953650189563632,0.0009655495740847897,1.1436153286246595e-06,0.0032904093500405276,1.143657414104382e-06,1.0832162615770358e-06,1.6750526299347257e-07,3.5642249152090244e-09,1.3805167498048831e-07,4.2293038404750405e-08,7.776592951813655e-07,0.0,-1.4583956264857534e-08,7.781873136991635e-07,2.9685706670612433e-10,2.6553901438797212e-11,2.3113043423617086e-10,3.229938627669071e-08,7.776592951813655e-07,3.0502894787787227e-07,1.67208398238472e-07,3.5367353490300957e-09,1.3782053542854555e-07,9.993652128059693e-09,0.0,0.0
4.683000224758871e-05,0.0199537564185448,0.0007941432097275936,1.1436171979283754e-06,0.003429390364278955,1.1436593467806233e-06,1.0830677865669713e-06,1.673529226309256e-07,3.7142622311137075e-09,1.3805600929117645e-07,4.2293070379173514e-08,7.776588404340146e-07,0.0,-1.4584182750354557e-08,7.780884629937646e-07,1.9849145938000134e-10,1.6875919064962552e-11,2.311440067126469e-10,3.229938982940439e-08,7.776588404340146e-07,3.0497929515149735e-07,1.6715443962311838e-07,3.697632644517057e-09,1.3782485552837898e-07,9.993682326125963e-09,0.0,0.0
4.683250153902918e-05,0.019953862647525966,0.0008842387458809498,1.143618980856427e-06,0.003237706195733097,1.1436610520831891e-06,1.083276174540515e-06,1.6757030607550405e-07,3.5073299819998738e-09,1.3804685750073986e-07,4.229310235359662e-08,7.776590109642711e-07,0.0,-1.4584397689532125e-08,7.781373483339848e-07,2.471467752673817e-10,2.983394087330282e-11,2.3115098723991423e-10,3.229938982940439e-08,7.776590109642711e-07,3.0513885462823964e-07,1.6732315089029726e-07,3.4782878799433092e-09,1.3781570373794239e-07,9.993712524192233e-09,0.0,0.0
4.683500083046965e-05,0.01995396742131561,0.0011222598807992812,1.1436210831410772e-06,0.003105566243623995,1.1436630984462681e-06,1.083420784198097e-06,1.6772007427334756e-07,3.3646350150462467e-09,1.380409173634689e-07,4.229314143344709e-08,7.776597499287163e-07,0.0,-1.458461973413705e-08,7.783160640428832e-07,4.251737295568603e-10,3.073054657964924e-11,2.311505986618556e-10,3.229939338211807e-08,7.776597499287163e-07,3.0510466331179487e-07,1.6729489971112343e-07,3.33407346175818e-09,1.3780976360067143e-07,9.993745386793762e-09,0.0,0.0
4.683750375988893e-05,0.019954073650296777,0.001160546159687692,1.143623508142676e-06,0.003079189132124502,1.143665599556698e-06,1.0834514796442818e-06,1.6774278321918246e-07,3.3361520213048834e-09,1.3804864806843398e-07,4.229316985515652e-08,7.776600341458106e-07,0.0,-1.4584838226028296e-08,7.783691557960992e-07,4.780005280480282e-10,1.523243510492822e-11,2.311504043728263e-10,3.229939693483175e-08,7.776600341458106e-07,3.050822670047637e-07,1.672647726991272e-07,3.32102723099581e-09,1.378174943056365e-07,9.993772920324773e-09,0.0,0.0
4.6840003051329404e-05,0.01995417842408642,0.0009864849792547703,1.1436257576685651e-06,0.002975127135157724,1.1436678732934524e-06,1.0835658486030297e-06,1.6784669298886001e-07,3.22374615890908e-09,1.380597893785307e-07,4.229320538229331e-08,7.776594088682032e-07,0.0,-1.4585060270633221e-08,7.782001034684072e-07,3.09573117140971e-10,4.116009963417433e-11,2.3115596936573723e-10,3.2299400487545427e-08,7.776594088682032e-07,3.0536574513462256e-07,1.6753712372974405e-07,3.1831934865778067e-09,1.3782863561573322e-07,9.993804006569462e-09,0.0,0.0
4.6842502342769876e-05,0.019954283197876066,0.0008363638333408474,1.1436276675363455e-06,0.0028784398057338802,1.1436698059696937e-06,1.083671918422624e-06,1.6794936641417735e-07,3.1192843863436792e-09,1.380637115744321e-07,4.2293248014857454e-08,7.776588404340146e-07,0.0,-1.4585284091594986e-08,7.78097273723688e-07,2.072128996166711e-10,1.8141745050659353e-11,2.3116517033905382e-10,3.2299407592972784e-08,7.776588404340146e-07,3.055747015423549e-07,1.67742157941575e-07,3.101155554574575e-09,1.378325436007799e-07,9.99384219824151e-09,0.0,0.0
4.6845005272189155e-05,0.01995438797166571,0.0008833113694717287,1.1436294693052252e-06,0.002869541812825129,1.1436715112722595e-06,1.0836830597327207e-06,1.679669026088959e-07,3.109673851753314e-09,1.3805720300297253e-07,4.2293276436566885e-08,7.776589541208523e-07,0.0,-1.4585495478058874e-08,7.78112394073105e-07,2.222221989756079e-10,3.626790187616358e-11,2.311731223114677e-10,3.2299407592972784e-08,7.776589541208523e-07,3.0557072250303463e-07,1.677446874737143e-07,3.073536092301765e-09,1.3782603502932034e-07,9.99386795541568e-09,0.0,0.0
4.684750092565082e-05,0.019954492745455354,0.0010985839698065547,1.143631545812079e-06,0.0028995923408872957,1.1436735576353385e-06,1.0836523642865359e-06,1.6794366786143655e-07,3.142150095669649e-09,1.380490317615113e-07,4.229331196370367e-08,7.776596930852975e-07,0.0,-1.4585717522663799e-08,7.782767852404504e-07,3.8587202877415905e-10,4.874875503269038e-11,2.3118001957200818e-10,3.229941469840014e-08,7.776596930852975e-07,3.0537563588950434e-07,1.6755780052335467e-07,3.0925417782157183e-09,1.3781784957700438e-07,9.99389726530353e-09,0.0,0.0
4.68500038550701e-05,0.019954597519245,0.0011982633576934631,1.1436339523060663e-06,0.0034845943582130444,1.1436760587457684e-06,1.0830228802660713e-06,1.6730901108985563e-07,3.7738954183907936e-09,1.3805376397613145e-07,4.229335104355414e-08,7.776600909892295e-07,0.0,-1.4585939567268724e-08,7.783774549352529e-07,4.861871460981604e-10,2.70795937756807e-11,2.3118837400026848e-10,3.229941825111382e-08,7.776600909892295e-07,3.0464539690910897e-07,1.6682282932833914e-07,3.744457188759043e-09,1.3782258179162454e-07,9.993933680618738e-09,0.0,0.0
4.685250314651057e-05,0.019954702293034643,0.001003643304752444,1.143636259327121e-06,0.00352963236448085,1.1436784461693605e-06,1.0829762686626054e-06,1.6725104501347232e-07,3.8225080878362405e-09,1.380658716243488e-07,4.229338301797725e-08,7.776594088682032e-07,0.0,-1.4586185592690981e-08,7.781959538988303e-07,3.053258201823894e-10,5.2709076686641154e-11,2.3119828274076326e-10,3.22994218038275e-08,7.776594088682032e-07,3.047804000289034e-07,1.669457247999162e-07,3.772162138204749e-09,1.3783467522898718e-07,9.993962990506589e-09,0.0,0.0
4.685500243795104e-05,0.019954805611632764,0.0007566888448128362,1.1436380780776202e-06,0.002927138746581537,1.1436801514719264e-06,1.0836284900506143e-06,1.6790185952686443e-07,3.1719309401267992e-09,1.3806784693315421e-07,4.229341499240036e-08,7.776587835905957e-07,0.0,-1.4586388985549092e-08,7.780446367178229e-07,1.546389682971494e-10,2.4371076337570408e-11,2.3120680370247726e-10,3.229942535654118e-08,7.776587835905957e-07,3.055838533327915e-07,1.677472170058536e-07,3.1475513306844505e-09,1.3783663632693788e-07,9.9939905240376e-09,0.0,0.0
4.685750536737032e-05,0.01995491038542241,0.0008179992627359578,1.1436397279380256e-06,0.0033970292648215724,1.1436817430876545e-06,1.0831223562490777e-06,1.6740786179525458e-07,3.6793983415606135e-09,1.38055582965535e-07,4.2293450519537146e-08,7.776588972774334e-07,0.0,-1.4586595042942463e-08,7.780728878969967e-07,1.827963891365414e-10,3.697597783514084e-11,2.3121318748486885e-10,3.229942890925486e-08,7.776588972774334e-07,3.050494399303716e-07,1.6722506757105293e-07,3.6413176918159706e-09,1.3782437235931866e-07,9.994024274817548e-09,0.0,0.0
4.686000102083199e-05,0.01995501370402053,0.0010909327432430116,1.1436417002198133e-06,0.00302013872695114,1.1436837894507335e-06,1.083531060430687e-06,1.6782298928319506e-07,3.272414117461153e-09,1.3804842069475853e-07,4.229348959938761e-08,7.776596362418786e-07,0.0,-1.4586828633866844e-08,7.782560373925662e-07,3.6519187673889064e-10,3.875372245332187e-11,2.3121837777750898e-10,3.2299432461968536e-08,7.776596362418786e-07,3.052749946164113e-07,1.674577987387238e-07,3.235788526012584e-09,1.378172100885422e-07,9.994055361062237e-09,0.0,0.0
4.6862503950251266e-05,0.019955118477810174,0.0011412719360333057,1.1436440389852484e-06,0.0032867706116478383,1.1436861768743256e-06,1.0832452517206548e-06,1.6752815668041876e-07,3.560378658562513e-09,1.3805724563553667e-07,4.229351802109704e-08,7.776598636155541e-07,0.0,-1.4587007157729204e-08,7.783021374052623e-07,4.110996543182921e-10,2.9766283188292775e-11,2.3122635750549847e-10,3.2299432461968536e-08,7.776598636155541e-07,3.04943085893683e-07,1.671170650752174e-07,3.527045988604982e-09,1.3782602081846562e-07,9.994083782771668e-09,0.0,0.0
4.686499960371293e-05,0.019955221796408296,0.0009233105857191504,1.143646172082967e-06,0.0037010892224388935,1.1436883369242423e-06,1.0827999403772992e-06,1.670745461979095e-07,4.007539189387899e-09,1.3806618426315254e-07,4.229355354823383e-08,7.776592383379466e-07,0.0,-1.4587262953114077e-08,7.781261501804693e-07,2.356871087183521e-10,4.7977143091681995e-11,2.312417063388139e-10,3.2299439567395893e-08,7.776592383379466e-07,3.0467379019682994e-07,1.668388591724579e-07,3.96174515415737e-09,1.3783493102437205e-07,9.994114869016357e-09,0.0,0.0
4.686750253313221e-05,0.019955325115006417,0.0007814522396802914,1.1436479334200196e-06,0.0028430253398558122,1.1436900422268081e-06,1.0837279660336208e-06,1.68005868772525e-07,3.081066068943983e-09,1.3806321419451706e-07,4.229357841722958e-08,7.776588404340146e-07,0.0,-1.4587469010507448e-08,7.780402597745706e-07,1.5013851273337764e-10,2.31980268328158e-11,2.312649655111798e-10,3.2299439567395893e-08,7.776588404340146e-07,3.0568767783734074e-07,1.6785573109245888e-07,3.0589328847696606e-09,1.3783194674488186e-07,9.994138849833689e-09,0.0,0.0
4.687000182457268e-05,0.01995542843360454,0.0008710942512279995,1.1436496408078873e-06,0.0033396922904877125,1.143691747529374e-06,1.0831929557753028e-06,1.6747887343626644e-07,3.6175311635133767e-09,1.3805498610963696e-07,4.2293596180797977e-08,7.7765906780769e-07,0.0,-1.458767062700872e-08,7.780893724884663e-07,1.9899978886961378e-10,3.001588214091022e-11,2.3128736426070162e-10,3.229944312010957e-08,7.7765906780769e-07,3.051035548651271e-07,1.6727986462683475e-07,3.5852036894823414e-09,1.3782369023829233e-07,9.994154837045244e-09,0.0,0.0
4.687250475399196e-05,0.01995553175220266,0.001059673604316913,1.1436516356501687e-06,0.0032677657655838803,1.1436936802056152e-06,1.0832723091880325e-06,1.6756121112848632e-07,3.539880166769649e-09,1.3805143339595816e-07,4.2293628155221086e-08,7.776596362418786e-07,0.0,-1.4587913987895718e-08,7.782311399751052e-07,3.401772197264563e-10,2.7649172881782924e-11,2.3130450332864427e-10,3.229944667282325e-08,7.776596362418786e-07,3.0504116921292734e-07,1.6722103168831381e-07,3.5142915244534834e-09,1.3782012331375881e-07,9.994183258754674e-09,0.0,0.0
4.6875004045432433e-05,0.01995563507080078,0.0011188503060939325,1.1436538864705327e-06,0.0031111025827328656,1.1436959539423697e-06,1.0834435215656413e-06,1.6772781918916735e-07,3.3707039381880577e-09,1.3805583876091987e-07,4.2293656576930516e-08,7.776598636155541e-07,0.0,-1.4588096064471756e-08,7.782937245792709e-07,4.025179356492714e-10,1.849114437957322e-11,2.3132207260800897e-10,3.229944667282325e-08,7.776598636155541e-07,3.051498254080798e-07,1.6732529672935925e-07,3.3505964669444666e-09,1.378245144678658e-07,9.994209015928845e-09,0.0,0.0
4.68774996988941e-05,0.019955738389398903,0.0009544018072793481,1.1436560285255517e-06,0.003495400319920239,1.1436981139922864e-06,1.0830304972841986e-06,1.6730784579976898e-07,3.785625146690563e-09,1.3806328524879063e-07,4.229368144592627e-08,7.776594088682032e-07,0.0,-1.4588337649001915e-08,7.781688395880337e-07,2.781243291227753e-10,3.710340368279219e-11,2.3134313908990123e-10,3.229945022553693e-08,7.776594088682032e-07,3.048616576961649e-07,1.6702971095128305e-07,3.7492560167606825e-09,1.3783193253402715e-07,9.994231220389338e-09,0.0,0.0
4.688000262831338e-05,0.0199558402528055,0.0007394613665902324,1.1436577539522837e-06,0.0028808436390088087,1.1436998192948522e-06,1.0836956789717078e-06,1.6797238799881598e-07,3.1219578033869766e-09,1.3806433685203956e-07,4.2293720525776735e-08,7.776588972774334e-07,0.0,-1.4588554364536321e-08,7.780561759318516e-07,1.6587110851506992e-10,2.1585754017561243e-11,2.313633312711616e-10,3.229945377825061e-08,7.776588972774334e-07,3.056394746181468e-07,1.6780651890258014e-07,3.101555012818835e-09,1.3783296992642136e-07,9.994265859347706e-09,0.0,0.0
4.688250191975385e-05,0.019955943571403623,0.0007842155126545625,1.1436593281938753e-06,0.0033122859560961145,1.1437014109105803e-06,1.0832309271791019e-06,1.6751748432852764e-07,3.587970587304312e-09,1.3805433241032006e-07,4.2293748947486165e-08,7.7765906780769e-07,0.0,-1.4588743546539717e-08,7.780907935739378e-07,2.0031928893438078e-10,3.0430671871251036e-11,2.3137936011607962e-10,3.229945377825061e-08,7.7765906780769e-07,3.05140133605164e-07,1.6731716812046216e-07,3.5553864297099835e-09,1.3782295127384714e-07,9.994293392878717e-09,0.0,0.0
4.688500121119432e-05,0.01995604543481022,0.0010444911984830163,1.143661190976828e-06,0.003061219332200421,1.1437032298999839e-06,1.083503661902796e-06,1.6779543443590228e-07,3.316842356326788e-09,1.3804844911646796e-07,4.2293773816481917e-08,7.776597499287163e-07,0.0,-1.4589005559173529e-08,7.782675197631761e-07,3.763646061472059e-10,2.9434878145995214e-11,2.3138933824551344e-10,3.229945733096429e-08,7.776597499287163e-07,3.052361137179105e-07,1.6741907415962487e-07,3.2904270419464865e-09,1.3781705376914033e-07,9.99431648551763e-09,0.0,0.0
4.68875041406136e-05,0.019956148753408343,0.0011219211129926965,1.1436634292836577e-06,0.002959467808878881,1.1437055036367383e-06,1.0836156434379518e-06,1.6789999790489674e-07,3.206925613952194e-09,1.38055582965535e-07,4.2293805790905026e-08,7.776600341458106e-07,0.0,-1.4589170760359593e-08,7.783456794641097e-07,4.5424586314624094e-10,1.4277414320251758e-11,2.3139269667016293e-10,3.2299460883677966e-08,7.776600341458106e-07,3.0526993555213267e-07,1.674457479339253e-07,3.1895139862569977e-09,1.3782418761820736e-07,9.99434490722706e-09,0.0,0.0
4.689000343205407e-05,0.01995625061681494,0.000960080232548316,1.1436655500811537e-06,0.003584672530502342,1.143707663686655e-06,1.0829423899849644e-06,1.6721955375942343e-07,3.881993837495656e-09,1.3806322840537177e-07,4.2293837765328135e-08,7.776596362418786e-07,0.0,-1.4589422114852368e-08,7.782217039675743e-07,3.306663276525512e-10,2.44960007139694e-11,2.31394570171517e-10,3.2299460883677966e-08,7.776596362418786e-07,3.0472071443909954e-07,1.6688889559191011e-07,3.858907415832391e-09,1.3783183305804414e-07,9.99437510529333e-09,0.0,0.0
4.6892502723494545e-05,0.01995635248022154,0.0008381306945536432,1.143667381800062e-06,0.002634438142036187,1.1437094826760585e-06,1.0839703463716432e-06,1.6824721171815327e-07,2.855652825317634e-09,1.3806392473725282e-07,4.229385197618285e-08,7.776591814945277e-07,0.0,-1.4589647712170972e-08,7.781232511661074e-07,2.3268030557854757e-10,1.5321735200024555e-11,2.314009817094842e-10,3.2299464436391645e-08,7.776591814945277e-07,3.0584706678382645e-07,1.6801453739390126e-07,2.842116986201404e-09,1.3783252938992518e-07,9.994388427969625e-09,0.0,0.0
4.689499837695621e-05,0.01995645434362814,0.0008589042422979531,1.1436691104576597e-06,0.0032140330500840153,1.1437111879786244e-06,1.0833455235115252e-06,1.6762693633154413e-07,3.481908317226612e-09,1.3805944831801753e-07,4.229388395060596e-08,7.776591814945277e-07,0.0,-1.4589823571498073e-08,7.781327440170571e-07,2.4214921734433403e-10,1.2959001927104197e-11,2.314084479593248e-10,3.2299464436391645e-08,7.776591814945277e-07,3.0521280791617755e-07,1.673847833671971e-07,3.465446152262075e-09,1.3782803875983518e-07,9.994418626035895e-09,0.0,0.0
4.689750130637549e-05,0.019956556207034737,0.0009855255716715305,1.1436709892567004e-06,0.0032645602476958657,1.143713006968028e-06,1.083292545445147e-06,1.6758040999320656e-07,3.536473780485494e-09,1.380524992100618e-07,4.229391947774275e-08,7.776596362418786e-07,0.0,-1.4590094465916081e-08,7.78230798914592e-07,3.3974062452202247e-10,2.152628249263433e-11,2.3141352722966246e-10,3.2299467989105324e-08,7.776596362418786e-07,3.0506174653055496e-07,1.6724067108953022e-07,3.5179372748217475e-09,1.3782108965187945e-07,9.994451488637424e-09,0.0,0.0
4.690000423579477e-05,0.019956658070441335,0.0010895567429294317,1.1436731030062358e-06,0.002850158991616852,1.1437151670179446e-06,1.0837420632014982e-06,1.6803041091861814e-07,3.088837186027149e-09,1.3805177445647132e-07,4.22939443467385e-08,7.776599204589729e-07,0.0,-1.4590282759741058e-08,7.783157229823701e-07,4.2436223979258614e-10,8.352515727672039e-12,2.3141956406735886e-10,3.2299471541819e-08,7.776599204589729e-07,3.0542639706254704e-07,1.6760604637511278e-07,3.078796995126254e-09,1.3782035068743426e-07,9.994474581276336e-09,0.0,0.0
4.690250352723524e-05,0.01995675847865641,0.000961750086028168,1.1436751626868085e-06,0.0034114359745281496,1.1437173270678613e-06,1.0831377039721701e-06,1.6741670094688743e-07,3.6950549286984824e-09,1.3806169363306253e-07,4.229397987387529e-08,7.776593520247843e-07,0.0,-1.45905145743086e-08,7.781966360198567e-07,3.058700792646363e-10,3.404920442817705e-11,2.3142843197376806e-10,3.229947509453268e-08,7.776593520247843e-07,3.049410963740229e-07,1.6711082650999742e-07,3.661201786187007e-09,1.3783025565317075e-07,9.994506555699445e-09,0.0,0.0
4.690500281867571e-05,0.01995686034206301,0.0007001897797709322,1.1436768555953714e-06,0.002946775128459378,1.1437189186835894e-06,1.0836409956027637e-06,1.6791409507277422e-07,3.1932463340211825e-09,1.3806813115024852e-07,4.2294018953725754e-08,7.776587267471768e-07,0.0,-1.4590743724340882e-08,7.780557780279196e-07,1.6563267424274386e-10,1.2054593434562832e-11,2.3143911787038007e-10,3.229947864724636e-08,7.776587267471768e-07,3.055851607314253e-07,1.6774846756106854e-07,3.1815952095115563e-09,1.3783669317035674e-07,9.994539418300974e-09,0.0,0.0
4.690750574809499e-05,0.019956960750278085,0.0007582028087020354,1.1436783199413382e-06,0.0036478774814024083,1.1437203966124798e-06,1.0828850918187527e-06,1.6717095263629744e-07,3.950232141392007e-09,1.3805528453758598e-07,4.2294043822721505e-08,7.776588972774334e-07,0.0,-1.4590943564485315e-08,7.780835744597425e-07,1.932224102940694e-10,3.829148803591309e-11,2.3144851313272596e-10,3.229948219996004e-08,7.776588972774334e-07,3.048015457807196e-07,1.6697772764473484e-07,3.908772860938825e-09,1.3782383234683948e-07,9.994563399118306e-09,0.0,0.0
4.6910001401556656e-05,0.019957062613684684,0.0011460056523198148,1.1436802596329454e-06,0.0036228542262222835,1.143722329288721e-06,1.0829137409018585e-06,1.672108282946283e-07,3.923238622860481e-09,1.380429779374026e-07,4.2294079349858293e-08,7.776599204589729e-07,0.0,-1.4591199359870188e-08,7.783561386531801e-07,4.647293661008689e-10,4.507493336913804e-11,2.3145521610423714e-10,3.2299489305387397e-08,7.776599204589729e-07,3.045576306703879e-07,1.6674609071287705e-07,3.881118981752252e-09,1.3781152574665612e-07,9.994588268114057e-09,0.0,0.0
4.691250069299713e-05,0.01995716302189976,0.001238657799711329,1.143682654030953e-06,0.0031739596014094683,1.1437247167123132e-06,1.0834005479409825e-06,1.6768503030561988e-07,3.4386695713095605e-09,1.3805527032673126e-07,4.22941113242814e-08,7.776603183629049e-07,0.0,-1.4591404529085139e-08,7.784477702443837e-07,5.559993021542198e-10,2.7203133842745864e-11,2.314588798402184e-10,3.2299492858101075e-08,7.776603183629049e-07,3.0495283454001765e-07,1.671290306148876e-07,3.4101799162300495e-09,1.3782380392513005e-07,9.994616689823488e-09,0.0,0.0
4.691500362241641e-05,0.019957263430114836,0.0008515763813772281,1.143684752797785e-06,0.0036798128079951653,1.14372687676223e-06,1.0828564427356469e-06,1.6712158412701683e-07,3.984709007198717e-09,1.3807566290324758e-07,4.229413974599083e-08,7.776591814945277e-07,0.0,-1.4591654107221075e-08,7.781323461131251e-07,2.416893907231099e-10,1.0505574188357514e-10,2.3146640160121024e-10,3.229950706895579e-08,7.776591814945277e-07,3.0472409662252176e-07,1.6687988591002068e-07,3.8798164680997616e-09,1.3784419650164637e-07,9.994634453391882e-09,0.0,0.0
4.691750291385688e-05,0.01995736383832991,0.0005687534676255268,1.1436861789256346e-06,0.0030387961676882277,1.1437282410042826e-06,1.0835495913852355e-06,1.6781379486019432e-07,3.2926863458015987e-09,1.3807732557324925e-07,4.22941788258413e-08,7.776584425300825e-07,0.0,-1.4591869046398642e-08,7.780194550832675e-07,1.295582668925377e-10,4.139008580317238e-11,2.3147728178685156e-10,3.229951772709683e-08,7.776584425300825e-07,3.0553007945854915e-07,1.6768423449775582e-07,3.2532829763454174e-09,1.3784584496079333e-07,9.994661098744473e-09,0.0,0.0
4.692000220529735e-05,0.019957464246544987,0.0007507458963793567,1.143687503811394e-06,0.003253932139805171,1.1437294915594975e-06,1.083318238670472e-06,1.6759628351792344e-07,3.525044034446978e-09,1.380630578751152e-07,4.229421435297809e-08,7.776588972774334e-07,0.0,-1.4592059116580458e-08,7.780780038046942e-07,1.8763934850341002e-10,1.1115640352610257e-10,2.3148578887077775e-10,3.2299524832524185e-08,7.776588972774334e-07,3.0524020644406846e-07,1.6740865760311863e-07,3.4117266789479572e-09,1.3783156305180455e-07,9.994690408632323e-09,0.0,0.0
4.692250513471663e-05,0.019957564654760063,0.0011350823917464226,1.1436893973379176e-06,0.00332512952066191,1.1437314242357388e-06,1.0832429779839003e-06,1.6752834142153006e-07,3.6019232041439864e-09,1.3805424714519177e-07,4.229426409096959e-08,7.776603752063238e-07,0.0,-1.4592302477467456e-08,7.784013860145933e-07,5.095187605164142e-10,1.1262662330535633e-10,2.3149271388689385e-10,3.229954614880626e-08,7.776603752063238e-07,3.048415635475976e-07,1.670188254365712e-07,3.4907083890090007e-09,1.3782275232188113e-07,9.994717942163334e-09,0.0,0.0
4.6925000788178295e-05,0.01995766506297514,0.0012744778527817857,1.1436918167343504e-06,0.0034275436177026294,1.1437339253461687e-06,1.0831346344275516e-06,1.6740857233799034e-07,3.7124912033448254e-09,1.3806509002733947e-07,4.22942960653927e-08,7.776610004839313e-07,0.0,-1.4592476560437717e-08,7.785880029587133e-07,6.95508983739046e-10,4.7166458239100706e-11,2.3150076300382239e-10,3.2299553254233615e-08,7.776610004839313e-07,3.0454665989054774e-07,1.6671306468651892e-07,3.6624396848594643e-09,1.3783359520402882e-07,9.994744587515925e-09,0.0,0.0
4.692750007961877e-05,0.01995776401599869,0.0009870901106907581,1.14369405462423e-06,0.004087702525032016,1.1437361990829231e-06,1.0824245464391424e-06,1.6667908653289487e-07,4.424629551635917e-09,1.3808585208607838e-07,4.2294345803384203e-08,7.776595793984598e-07,0.0,-1.4592726138573653e-08,7.782375064380176e-07,3.464275255549154e-10,1.4480297516605845e-10,2.3151459915826678e-10,3.229956746508833e-08,7.776595793984598e-07,3.04186983157706e-07,1.6633265431664768e-07,4.280155785352235e-09,1.3785434305191302e-07,9.994778338295873e-09,0.0,0.0
4.692999937105924e-05,0.019957864424213767,0.0006272044528383702,1.1436956755085874e-06,0.003381159712117313,1.1437377906986512e-06,1.083187953554443e-06,1.6743800301810552e-07,3.662431469209082e-09,1.3809145116283617e-07,4.229438488323467e-08,7.776585562169203e-07,0.0,-1.4592963282211713e-08,7.780571991133911e-07,1.6708902317308372e-10,5.145628714786632e-11,2.3153443051704414e-10,3.2299585228656724e-08,7.776585562169203e-07,3.0513083970618027e-07,1.6727091178836417e-07,3.6132754566153835e-09,1.3785991370696138e-07,9.994799654577946e-09,0.0,0.0
4.693249866249971e-05,0.01995796337723732,0.0007632270925087559,1.143697051382642e-06,0.0034260405504787975,1.1437390412538662e-06,1.0831406598299509e-06,1.674094818326921e-07,3.710883822449773e-09,1.3807225229811593e-07,4.229441685765778e-08,7.776588972774334e-07,0.0,-1.4593154240571948e-08,7.781068802614755e-07,2.164593504438983e-10,1.1220433610015235e-10,2.315554692433608e-10,3.22995887813704e-08,7.776588972774334e-07,3.050337227250566e-07,1.6719302209367015e-07,3.5973761747243316e-09,1.3784070063138643e-07,9.994826299930537e-09,0.0,0.0
4.693500159191899e-05,0.019958062330260873,0.0012909590091410017,1.143699084061899e-06,0.0032102183738969745,1.1437410876169452e-06,1.0833753094630083e-06,1.676575749343101e-07,3.47787132426447e-09,1.380573735332291e-07,4.229447370107664e-08,7.776604320497427e-07,0.0,-1.4593395825102107e-08,7.785209277244576e-07,6.289442855411664e-10,9.27981511078535e-11,2.3157509243532104e-10,3.2299613650366155e-08,7.776604320497427e-07,3.0485441016026016e-07,1.670286309263247e-07,3.3878155836220003e-09,1.3782579344479018e-07,9.994862715245745e-09,0.0,0.0
4.693750088335946e-05,0.01995816273847595,0.0014319863213152484,1.1437018181227029e-06,0.0027954952981134604,1.1437439297878882e-06,1.0838259640877368e-06,1.6809096337055962e-07,3.0298303865805565e-09,1.3807414234179305e-07,4.229450212278607e-08,7.776608867970936e-07,0.0,-1.4593588559819182e-08,7.78676337631623e-07,7.838200088983172e-10,3.607369264413407e-11,2.315933139707127e-10,3.2299617203079833e-08,7.776608867970936e-07,3.051496832995326e-07,1.6730713525703322e-07,2.9926889855147465e-09,1.378425480424994e-07,9.994884919706237e-09,0.0,0.0
4.694000381277874e-05,0.0199582616914995,0.0009487666405126327,1.143704173949742e-06,0.0032242277982515964,1.1437463172114803e-06,1.0833649639607756e-06,1.6760635901391652e-07,3.4930154324541718e-09,1.3809930976549367e-07,4.2294548308063895e-08,7.776592951813655e-07,0.0,-1.459380172263991e-08,7.782277293699735e-07,3.36820182855746e-10,1.2712834951411622e-10,2.3161010609396016e-10,3.229963496664823e-08,7.776592951813655e-07,3.051372345908021e-07,1.6726954754631151e-07,3.3660654263911738e-09,1.378677012553453e-07,9.994913341415668e-09,0.0,0.0
4.694250674219802e-05,0.019958360644523054,0.0005881109773971938,1.1437056947366132e-06,0.0026873915090223485,1.1437477951403707e-06,1.0839461310752085e-06,1.6819305415083363e-07,2.912987628889141e-09,1.3809471965942066e-07,4.229459449334172e-08,7.776583856866637e-07,0.0,-1.459401044456854e-08,7.780770374665735e-07,1.8701212800564804e-10,1.3227833758899799e-11,2.3162323448122635e-10,3.229965273021662e-08,7.776583856866637e-07,3.0586912203034444e-07,1.6800603930278157e-07,2.901220153006534e-09,1.3786309693841758e-07,9.994943539481937e-09,0.0,0.0
4.694500603363849e-05,0.019958459597546607,0.0008297271875771783,1.1437070977303465e-06,0.00299358009786405,1.1437490456955857e-06,1.0836163255589781e-06,1.678849201880439e-07,3.243892265913928e-09,1.3807256493691966e-07,4.2294633573192186e-08,7.776588972774334e-07,0.0,-1.4594197850215096e-08,7.781603699186235e-07,2.698438139603354e-10,8.378709531742246e-11,2.3163289342154059e-10,3.229965983564398e-08,7.776588972774334e-07,3.054560124837735e-07,1.6761508447871165e-07,3.1577911396851732e-09,1.3784092800506187e-07,9.994973737548207e-09,0.0,0.0
4.694750168710016e-05,0.019958557095378637,0.0012304998658962396,1.1437091064070586e-06,0.0030835561089309752,1.1437512057455024e-06,1.0835209423021297e-06,1.677946954714571e-07,3.3410976207903786e-09,1.3806608478716953e-07,4.229468331118369e-08,7.776601478326484e-07,0.0,-1.4594427888425798e-08,7.784743729644106e-07,5.825783189195022e-10,5.74976385947501e-11,2.3164391238506e-10,3.229967759921237e-08,7.776601478326484e-07,3.050465409160097e-07,1.6721212148240738e-07,3.2851343867434935e-09,1.3783443364445702e-07,9.995003935614477e-09,0.0,0.0
4.6950004616519436e-05,0.01995865604840219,0.0012728851534677954,1.1437115835822265e-06,0.003086218523056852,1.1437537068559323e-06,1.083520373867941e-06,1.6778183464793983e-07,3.3439806479407252e-09,1.380781213811133e-07,4.2294722391034156e-08,7.776604320497427e-07,0.0,-1.4594623287678132e-08,7.785512252667104e-07,6.591384660303845e-10,2.4022598146822283e-11,2.316572489391433e-10,3.229968115192605e-08,7.776604320497427e-07,3.0496917702294013e-07,1.6712270678453933e-07,3.3174629709975534e-09,1.378464702384008e-07,9.995038574572845e-09,0.0,0.0
4.69525002699811e-05,0.019958755001425743,0.0009337550388721638,1.1437137671194158e-06,0.003734308476599932,1.143755866905849e-06,1.0828226777448435e-06,1.6707016925465723e-07,4.0435939041572055e-09,1.3809336962822272e-07,4.22947650235983e-08,7.776591246511089e-07,0.0,-1.4594860431316192e-08,7.78227558839717e-07,3.367189582714758e-10,8.789657196528466e-11,2.3166904505877994e-10,3.229969536278077e-08,7.776591246511089e-07,3.04595147326836e-07,1.6673344305218052e-07,3.955841876290833e-09,1.378617042746555e-07,9.995068772639115e-09,0.0,0.0
4.695500319940038e-05,0.019958852499257773,0.0006075822604116876,1.143715269889867e-06,0.0029705007134353343,1.1437573448347393e-06,1.0836484989340534e-06,1.678965872997651e-07,3.2189786391967345e-09,1.3809356858018873e-07,4.229480055073509e-08,7.776583856866637e-07,0.0,-1.45950727059585e-08,7.780778332744376e-07,1.8779001964563946e-10,1.570462163091868e-11,2.3167620599728878e-10,3.2299706020921803e-08,7.776583856866637e-07,3.055706940813252e-07,1.677087908547037e-07,3.2062137389488043e-09,1.378618890157668e-07,9.995094529813286e-09,0.0,0.0
4.695750249084085e-05,0.019958951452281326,0.0007301359740733426,1.1437165936025065e-06,0.0030591953874992014,1.1437585953899543e-06,1.0835536841113935e-06,1.6781946499122569e-07,3.3148024325413417e-09,1.3807564869239286e-07,4.229483963058556e-08,7.776586130603391e-07,0.0,-1.4595244124393503e-08,7.781166004861007e-07,2.2631838070275023e-10,5.871714225946789e-11,2.3168160445674602e-10,3.229970957363548e-08,7.776586130603391e-07,3.054371120470023e-07,1.6759314291903138e-07,3.2532494476100737e-09,1.378439549171162e-07,9.995127392414815e-09,0.0,0.0
4.6960001782281324e-05,0.019959048950113356,0.0011100760593442116,1.1437183877693438e-06,0.003245286888982227,1.1437604143793578e-06,1.0833542773980298e-06,1.676287837426571e-07,3.5157954325626406e-09,1.3806585741349409e-07,4.22948822631497e-08,7.776595793984598e-07,0.0,-1.4595495478886278e-08,7.783698379171256e-07,4.785232210480217e-10,4.772932743479785e-11,2.3169299812053623e-10,3.22997237844902e-08,7.776595793984598e-07,3.0498443948090426e-07,1.671502616318321e-07,3.47079209817025e-09,1.3783416363821743e-07,9.995159366837925e-09,0.0,0.0
4.69625047117006e-05,0.019959146447945386,0.001165350020798428,1.1437206062604414e-06,0.0025094387632784757,1.1437626881161123e-06,1.0841515631909715e-06,1.6841255501276464e-07,2.7206119579403776e-09,1.3807920140607166e-07,4.2294907132145454e-08,7.776597499287163e-07,0.0,-1.4595681108175995e-08,7.78423952851881e-07,5.324562457609261e-10,3.679285001667587e-11,2.3171144170053282e-10,3.22997237844902e-08,7.776597499287163e-07,3.0572758191738103e-07,1.6788008849744074e-07,2.6835800248647956e-09,1.378474934199403e-07,9.995181571298417e-09,0.0,0.0
4.696500036516227e-05,0.019959243945777416,0.0008447172552523696,1.143722566032458e-06,0.0033561443738162854,1.1437647344791912e-06,1.0832384305103915e-06,1.6748394671139977e-07,3.6355045640590333e-09,1.3809562915412243e-07,4.229494621199592e-08,7.776587835905957e-07,0.0,-1.4595878283785169e-08,7.781777640047949e-07,2.8722010880777304e-10,7.978998711744012e-11,2.3173243879348604e-10,3.2299734442631234e-08,7.776587835905957e-07,3.0506060966217774e-07,1.671967169158961e-07,3.552638849768641e-09,1.3786390695713635e-07,9.995209993007848e-09,0.0,0.0
4.696749965660274e-05,0.019959341443609446,0.0006312666455428051,1.1437240050847623e-06,0.003354938448668685,1.143766098721244e-06,1.0832408179339836e-06,1.6748674624977866e-07,3.6342062692540367e-09,1.38095700208396e-07,4.229498173913271e-08,7.776583288432448e-07,0.0,-1.4596119868315327e-08,7.780951136737713e-07,2.050310060619509e-10,2.8413211020095197e-11,2.317531305751075e-10,3.229974154805859e-08,7.776583288432448e-07,3.051456474167935e-07,1.6728171203794773e-07,3.6079979004455254e-09,1.378639495897005e-07,9.995239302895698e-09,0.0,0.0
4.6970006224000826e-05,0.019959438941441476,0.000827569828276236,1.143725427418697e-06,0.003081899396659179,1.1437674629632966e-06,1.083536744772573e-06,1.6779631550889462e-07,3.3393512399726433e-09,1.380816740947921e-07,4.229500660812846e-08,7.776587835905957e-07,0.0,-1.4596303721248205e-08,7.781776503179572e-07,2.8704874588392215e-10,7.808182572732747e-11,2.3177311458955074e-10,3.229974510077227e-08,7.776587835905957e-07,3.0535917971974413e-07,1.6750927045450226e-07,3.2600799837467775e-09,1.3784989505438716e-07,9.99526150735619e-09,0.0,0.0
4.697250187746249e-05,0.019959536439273506,0.0011661713758880365,1.1437273712731474e-06,0.003572400170418634,1.1437693956395378e-06,1.0830088967850315e-06,1.6727479135170142e-07,3.868941167439743e-09,1.380741991852119e-07,4.229504568797893e-08,7.776599204589729e-07,0.0,-1.4596520436782612e-08,7.784464628457499e-07,5.547844961206749e-10,5.127018601336353e-11,2.3179194674760595e-10,3.2299759311626985e-08,7.776599204589729e-07,3.045624339392816e-07,1.6672001379447465e-07,3.817198557243273e-09,1.3784240593395225e-07,9.995287264530361e-09,0.0,0.0
4.697500480688177e-05,0.019959632481914014,0.001144762261863358,1.1437295907548335e-06,0.0030699147116022107,1.14377178306313e-06,1.083553456737718e-06,1.6780467149146716e-07,3.3264166976465503e-09,1.3808892163069686e-07,4.2295077662402036e-08,7.776598636155541e-07,0.0,-1.4596753139528573e-08,7.784404942867695e-07,5.488118848262502e-10,6.032029042923881e-11,2.318112091170832e-10,3.2299759311626985e-08,7.776598636155541e-07,3.05112990872658e-07,1.6725586249322077e-07,3.268831427760688e-09,1.3785711416858248e-07,9.995317462596631e-09,0.0,0.0
4.697750409832224e-05,0.019959729979746044,0.0007425428267762157,1.1437314308363788e-06,0.0028394221438520074,1.1437736020525335e-06,1.0838041362148942e-06,1.6803876690119068e-07,3.0773774639669682e-09,1.3810668519909086e-07,4.2295109636825146e-08,7.776587267471768e-07,0.0,-1.4596936992461451e-08,7.781540602991299e-07,2.6353050297522884e-10,1.0537726247150658e-10,2.31827904095816e-10,3.229977707519538e-08,7.776587267471768e-07,3.0565010433747375e-07,1.6777524081135198e-07,2.9703708381845217e-09,1.3787486352612177e-07,9.995332561629766e-09,0.0,0.0
4.6980003389762715e-05,0.01995982602238655,0.0005387517854668067,1.1437326614255571e-06,0.003439237862792562,1.1437747389209107e-06,1.0831572581082582e-06,1.6739903685447644e-07,3.7252354534444976e-09,1.3809984977797285e-07,4.2295141611248255e-08,7.776583288432448e-07,0.0,-1.459714926710376e-08,7.780889745845343e-07,1.988216813408883e-10,4.597327032951348e-11,2.3183935327075744e-10,3.229978062790906e-08,7.776583288432448e-07,3.050682266803051e-07,1.6720021278615604e-07,3.6783913692772785e-09,1.3786801389414904e-07,9.995358318803937e-09,0.0,0.0
4.6982502681203187e-05,0.01995992352021858,0.0008524620047016263,1.1437340178288414e-06,0.003218988257978885,1.1437759894761257e-06,1.0833960004674736e-06,1.676589818089269e-07,3.4874390042460846e-09,1.3807785137487372e-07,4.229518069109872e-08,7.776591814945277e-07,0.0,-1.4597375752600783e-08,7.782262514410831e-07,3.351982025279199e-10,1.3865640580146277e-10,2.3184971997824988e-10,3.2299794838763773e-08,7.776591814945277e-07,3.051697774480999e-07,1.6732379037875944e-07,3.3497173923535684e-09,1.378460012801952e-07,9.995385852334948e-09,0.0,0.0
4.6985005610622466e-05,0.019960019562859088,0.0012568150494404184,1.1437360436342199e-06,0.0035326528186862384,1.1437781495260424e-06,1.0830592600541422e-06,1.6732528251850454e-07,3.826072347834497e-09,1.3807330390136485e-07,4.229521621823551e-08,7.776606594234181e-07,0.0,-1.4597555164641562e-08,7.786054538883036e-07,7.128995727079257e-10,5.0056413875010364e-11,2.3186456921120424e-10,3.229981260233217e-08,7.776606594234181e-07,3.0445383458754804e-07,1.666123807808617e-07,3.773418466579415e-09,1.3784143959583162e-07,9.995405392260182e-09,0.0,0.0
4.698750490206294e-05,0.019960115605499595,0.001197264432315201,1.1437384005969542e-06,0.003859169228501587,1.1437805369496346e-06,1.0827091045939596e-06,1.669553455485584e-07,4.178357659867515e-09,1.3809352594762458e-07,4.229524819265862e-08,7.776602615194861e-07,0.0,-1.4597793196458042e-08,7.784955755596457e-07,6.034037158819672e-10,9.740794976176304e-11,2.3188602427115512e-10,3.2299816155045846e-08,7.776602615194861e-07,3.0421358587773284e-07,1.663519384464962e-07,4.082193250098953e-09,1.3786164743123663e-07,9.995430261255933e-09,0.0,0.0
4.699000419350341e-05,0.019960211648140103,0.0007760123323633517,1.1437402957840636e-06,0.003230841179617906,1.1437824696258758e-06,1.083388951883535e-06,1.676208398748713e-07,3.5002576392884066e-09,1.3810908683353773e-07,4.229529437793644e-08,7.776589541208523e-07,0.0,-1.459800458292193e-08,7.781825388519792e-07,2.916438202049676e-10,9.105022291677756e-11,2.3191214226780943e-10,3.229983747132792e-08,7.776589541208523e-07,3.052063846098463e-07,1.6732920471440593e-07,3.410580928786544e-09,1.3787717989544035e-07,9.995456018430104e-09,0.0,0.0
4.699250348494388e-05,0.01996030769078061,0.0006343486388027397,1.143741650331981e-06,0.0034990333480125857,1.1437837201810908e-06,1.0831004146893974e-06,1.6734550456476427e-07,3.789804470244462e-09,1.380961549557469e-07,4.2295319246932195e-08,7.776587835905957e-07,0.0,-1.459818399496271e-08,7.781329713907326e-07,2.4227689299216593e-10,4.6003343495693017e-11,2.3193941212085178e-10,3.22998410240416e-08,7.776587835905957e-07,3.049674432986649e-07,1.671032237027248e-07,3.74165187722042e-09,1.3786420538508537e-07,9.995479111069017e-09,0.0,0.0
4.699500641436316e-05,0.019960403733421117,0.0010272185106277032,1.1437432461449452e-06,0.003601799425881792,1.1437851981099811e-06,1.082990706890996e-06,1.6725816465168464e-07,3.9007153063153055e-09,1.3807262178033852e-07,4.229536187949634e-08,7.776599773023918e-07,0.0,-1.4598426467671288e-08,7.783589808241231e-07,4.67077709842556e-10,1.2468852339519998e-10,2.3196335130482026e-10,3.229985878760999e-08,7.776599773023918e-07,3.046317544885824e-07,1.667910964897601e-07,3.77787445771105e-09,1.3784065799882228e-07,9.995502203707929e-09,0.0,0.0
4.6997502067824826e-05,0.019960499776061624,0.0013998370234415414,1.1437455771531666e-06,0.0030600576707480475,1.1437875855335733e-06,1.0835777857209905e-06,1.678436944985151e-07,3.3158105150477013e-09,1.380727923105951e-07,4.229539740663313e-08,7.776613415444444e-07,0.0,-1.4598622755102042e-08,7.787416507198941e-07,8.483161950678664e-10,2.7097605409531766e-11,2.3198661047718616e-10,3.229987299846471e-08,7.776613415444444e-07,3.0483619184451527e-07,1.6699537752629112e-07,3.289234662418039e-09,1.3784080010736943e-07,9.99552707270368e-09,0.0,0.0
4.70000013592653e-05,0.01996059436351061,0.001183453740242868,1.1437480206219999e-06,0.003294959080348073,1.1437902003308409e-06,1.083326424122788e-06,1.6757064713601721e-07,3.569516238144388e-09,1.3809528809360927e-07,4.229542582834256e-08,7.776604888931615e-07,0.0,-1.4598820818889635e-08,7.785056936882029e-07,6.131814500598409e-10,1.0503190678301522e-10,2.3201231214020623e-10,3.2299880103892065e-08,7.776604888931615e-07,3.0482075885629456e-07,1.6695746296591096e-07,3.4637273049753503e-09,1.3786328167952888e-07,9.995548388985753e-09,0.0,0.0
4.700250428868458e-05,0.019960690406151116,0.0006824333168071739,1.1437498126691984e-06,0.003108216017416432,1.1437920193202444e-06,1.0835295825017965e-06,1.677646963571533e-07,3.3678440036766233e-09,1.3810590360208153e-07,4.229547556633406e-08,7.776590109642711e-07,0.0,-1.4599040198959301e-08,7.781814588270208e-07,2.9041943849783536e-10,8.106575133393079e-11,2.3203715338038222e-10,3.229990142017414e-08,7.776590109642711e-07,3.053481236747757e-07,1.6747426911933871e-07,3.287985217426126e-09,1.37873854555437e-07,9.995572369803085e-09,0.0,0.0
4.700500358012505e-05,0.0199607849936001,0.0005908879560665992,1.1437510170713077e-06,0.003132829713467178,1.143793042501784e-06,1.0835038892764715e-06,1.677568519653505e-07,3.394433178982581e-09,1.3808823950967053e-07,4.229550754075717e-08,7.776588404340146e-07,0.0,-1.4599237374568474e-08,7.781624162817025e-07,2.7155352966268254e-10,4.0050428251614534e-11,2.3205586063834716e-10,3.2299904972887816e-08,7.776588404340146e-07,3.05341472994769e-07,1.674852967425977e-07,3.353171518227782e-09,1.3785617625217128e-07,9.995601679690935e-09,0.0,0.0
4.700750287156552e-05,0.019960881036240608,0.0009924205025156063,1.1437525377225588e-06,0.0032928784783223287,1.1437945204306743e-06,1.0833322221515118e-06,1.6760638743562595e-07,3.5672813591958175e-09,1.3806585741349409e-07,4.229555017332132e-08,7.776600341458106e-07,0.0,-1.4599452313746042e-08,7.783734758959326e-07,4.81405693086856e-10,1.247420222671991e-10,2.3206171706480205e-10,3.229992628916989e-08,7.776600341458106e-07,3.049587746772886e-07,1.6712498052129376e-07,3.4431648643362678e-09,1.3783379415599484e-07,9.995623884151428e-09,0.0,0.0
4.701000216300599e-05,0.019960975623689592,0.001316866281509732,1.1437547220180175e-06,0.0031029918857852336,1.1437967941674287e-06,1.0835393595698406e-06,1.678089063261723e-07,3.362213840674144e-09,1.3806916854264273e-07,4.2295582147744426e-08,7.776612847010256e-07,0.0,-1.4599651265712055e-08,7.787058962094306e-07,8.125948802728544e-10,2.192722912963685e-11,2.3205866395148433e-10,3.2299936947310925e-08,7.776612847010256e-07,3.048334349387005e-07,1.6699631544270233e-07,3.3400764376523284e-09,1.3783710528514348e-07,9.9956452004335e-09,0.0,0.0
4.701250509242527e-05,0.019961070211138576,0.0010870185530791332,1.143756995791359e-06,0.0034095085058989173,1.143799181591021e-06,1.083210463548312e-06,1.6745421760333556e-07,3.6932152891466785e-09,1.3809599863634503e-07,4.2295617674881214e-08,7.776602615194861e-07,0.0,-1.4599855546748586e-08,7.784311151226575e-07,5.388172685805159e-10,1.2296584583904036e-10,2.320603986749603e-10,3.229994760545196e-08,7.776602615194861e-07,3.0477932000394503e-07,1.6691539883595397e-07,3.569125217595115e-09,1.3786393537884578e-07,9.995670069429252e-09,0.0,0.0
4.701500074588694e-05,0.01996116479858756,0.000646073669479108,1.143758635079081e-06,0.0035167301633019536,1.143800773206749e-06,1.083096094589564e-06,1.6732873575620033e-07,3.808956705597666e-09,1.3810839050165669e-07,4.229566386015904e-08,7.776589541208523e-07,0.0,-1.4600061604141956e-08,7.781778208482137e-07,2.8675603558347973e-10,5.344167122722787e-11,2.32071903361053e-10,3.2299968921734035e-08,7.776589541208523e-07,3.049183021630597e-07,1.6704197491890227e-07,3.7556211474054635e-09,1.3787631303330272e-07,9.995694938425004e-09,0.0,0.0
4.7017503675306216e-05,0.019961259386036545,0.000719246752417026,1.1437599265008386e-06,0.0034982084973987104,1.1438019100751262e-06,1.0831170129677048e-06,1.67370117765131e-07,3.788969138440734e-09,1.3808777055146493e-07,4.229569228186847e-08,7.776591246511089e-07,0.0,-1.4600272990605845e-08,7.781987960697734e-07,3.075537047259047e-10,8.174094040525048e-11,2.3208641952709996e-10,3.2299972474447713e-08,7.776591246511089e-07,3.0491824531964085e-07,1.670625664473846e-07,3.7074536773928912e-09,1.3785567887225625e-07,9.995718919242336e-09,0.0,0.0
4.7020006604725495e-05,0.01996135397348553,0.0012375287252932576,1.1437617773648454e-06,0.003200530006356742,1.1438038427513675e-06,1.083439997273672e-06,1.6771026878359407e-07,3.4675822213614538e-09,1.3806894116896729e-07,4.229574557257365e-08,7.776607731102558e-07,0.0,-1.4600487041604993e-08,7.785605475874036e-07,6.677139952060429e-10,1.1464039439967877e-10,2.3210044997057366e-10,3.2300000896157144e-08,7.776607731102558e-07,3.048794212645589e-07,1.670425575639456e-07,3.354469368943569e-09,1.378368494897586e-07,9.995747340951766e-09,0.0,0.0
4.702250225818716e-05,0.01996144710574299,0.0014026089710050815,1.143764236184682e-06,0.003229460728258822,1.1438063438617974e-06,1.0834111208168906e-06,1.6766566091064306e-07,3.4988336672370224e-09,1.3808394783154654e-07,4.229577754699676e-08,7.776614552312822e-07,0.0,-1.4600664677288933e-08,7.787781441948027e-07,8.8452134505701e-10,3.497319794876219e-11,2.3211592370397938e-10,3.23000080015845e-08,7.776614552312822e-07,3.046329766220879e-07,1.6678114889145945e-07,3.4616209898530315e-09,1.3785184194148314e-07,9.995772209947518e-09,0.0,0.0
4.702500154962763e-05,0.019961541693191975,0.0009594741618550451,1.1437664704188602e-06,0.003810097409491941,1.1438086175985518e-06,1.0827864116436103e-06,1.6701524430118297e-07,4.125521702036394e-09,1.381114032028563e-07,4.2295820179560906e-08,7.776597499287163e-07,0.0,-1.4600894715499635e-08,7.783395972182916e-07,4.4770859242149186e-10,1.6921505863187747e-10,2.3213395095034173e-10,3.2300025765152895e-08,7.776597499287163e-07,3.0444681442531873e-07,1.6656754553423525e-07,3.956300620444608e-09,1.3787926889108348e-07,9.99579352622959e-09,0.0,0.0
4.7027500841068104e-05,0.019961634825449437,0.0005254992442112472,1.143767853408116e-06,0.0030662404035881755,1.1438099818406045e-06,1.0835904049599776e-06,1.678167791396845e-07,3.3225486806287563e-09,1.381150411816634e-07,4.229586636483873e-08,7.776586130603391e-07,0.0,-1.4601126530067177e-08,7.78175660798297e-07,2.8486507597236255e-10,3.696271413944352e-11,2.321491610057791e-10,3.230004708143497e-08,7.776586130603391e-07,3.0541480100509943e-07,1.675319225569183e-07,3.289083450042085e-09,1.3788289265903586e-07,9.995818395225342e-09,0.0,0.0
4.703000377048738e-05,0.01996172941289842,0.0007105570585387855,1.1437690225622408e-06,0.002876624634683503,1.143811005022144e-06,1.0837961781362537e-06,1.680454175811974e-07,3.1176747850025777e-09,1.380916785365116e-07,4.229590189197552e-08,7.7765906780769e-07,0.0,-1.460129261943166e-08,7.782138595757715e-07,3.2260746851697775e-10,1.330488358375348e-10,2.3215744604510036e-10,3.2300057739576005e-08,7.7765906780769e-07,3.0558234698219167e-07,1.677228169683076e-07,2.9824003267009402e-09,1.3785953001388407e-07,9.995845928756353e-09,0.0,0.0
4.7032503061927855e-05,0.019961822545155883,0.001285866602488639,1.1437708818766648e-06,0.0032806021329425824,1.1438129376983852e-06,1.0833613259819685e-06,1.67624946811884e-07,3.5540774767639505e-09,1.3807535026444384e-07,4.229596228810806e-08,7.776610573273501e-07,0.0,-1.46015288748913e-08,7.786711648805067e-07,7.779347166447792e-10,1.253607218032471e-10,2.3215902811291045e-10,3.230009326671279e-08,7.776610573273501e-07,3.046901895231713e-07,1.6684701620306441e-07,3.429818651312644e-09,1.3784318753096159e-07,9.995870797752104e-09,0.0,0.0
4.703500235336833e-05,0.019961915677413344,0.0014708297593042374,1.1437734492502179e-06,0.002663078765705691,1.1438155524956528e-06,1.0840310551429866e-06,1.6827742399527779e-07,2.8868600843168224e-09,1.3809182064505876e-07,4.229599426253117e-08,7.776617394483765e-07,0.0,-1.4601742925890449e-08,7.788932521179959e-07,9.993338379032934e-10,4.525815833211766e-11,2.3216127631453531e-10,3.230010037214015e-08,7.776617394483765e-07,3.0513774618157186e-07,1.6727808826999535e-07,2.842665214330964e-09,1.378596579115765e-07,9.995893002212597e-09,0.0,0.0
4.70375016448088e-05,0.019962008809670806,0.0009598051519859041,1.1437757129553813e-06,0.0030561236724310496,1.143817939919245e-06,1.0836083674803376e-06,1.6782718148533604e-07,3.311641183501024e-09,1.3812143606628524e-07,4.229605110595003e-08,7.776596930852975e-07,0.0,-1.4601941877856461e-08,7.783513069625769e-07,4.594216951314678e-10,2.193228237912237e-10,2.3216972788731027e-10,3.230013234656326e-08,7.776596930852975e-07,3.0525703209605126e-07,1.6736775876324828e-07,3.089968947378452e-09,1.3788927333280299e-07,9.995918759386768e-09,0.0,0.0
4.704000457422808e-05,0.01996210339711979,0.0004177704972860852,1.1437770159690458e-06,0.003105998707619325,1.14381919047446e-06,1.0835553894139593e-06,1.6777403288870119e-07,3.3655216391537124e-09,1.381228855734662e-07,4.229610084394153e-08,7.776584425300825e-07,0.0,-1.4602188791457138e-08,7.781859494571108e-07,2.9535929257917815e-10,3.7011647219253874e-11,2.3218259259660812e-10,3.230016076827269e-08,7.776584425300825e-07,3.0536938311342965e-07,1.6747867448430043e-07,3.330335784923477e-09,1.3789070862912922e-07,9.9959427402041e-09,0.0,0.0
4.704250386566855e-05,0.01996219507418573,0.0006320657352461012,1.143777978428101e-06,0.0028941418359160614,1.143819986282324e-06,1.0837848094524816e-06,1.6803311098101403e-07,3.136626958166744e-09,1.3809285803745297e-07,4.229613637107832e-08,7.776588972774334e-07,0.0,-1.4602378861638954e-08,7.782080615470477e-07,3.169613738140953e-10,1.5597807767608884e-10,2.321951936279376e-10,3.2300171426413726e-08,7.776588972774334e-07,3.0557680474885274e-07,1.6771615207744617e-07,2.9793958411516996e-09,1.3786066688226128e-07,9.995964944664593e-09,0.0,0.0
4.704500315710902e-05,0.01996228820644319,0.001287035178027196,1.1437797657301044e-06,0.003293292382433303,1.1438218052717275e-06,1.0833551868927316e-06,1.6761917720486963e-07,3.5678053844634405e-09,1.3807505183649482e-07,4.229620031992454e-08,7.776609436405124e-07,0.0,-1.4602617781633853e-08,7.786817377564148e-07,7.885798680717926e-10,1.4809779791402633e-10,2.322083220152038e-10,3.230021050626419e-08,7.776609436405124e-07,3.046734491363168e-07,1.6683060266586835e-07,3.4195328790787016e-09,1.3784284647044842e-07,9.995989813660344e-09,0.0,0.0
4.7047502448549494e-05,0.019962381338700652,0.0014491599313992687,1.1437823140103784e-06,0.003161784454653938,1.143824420068995e-06,1.083499569176638e-06,1.6774383482243138e-07,3.4257920944469333e-09,1.3809399490583019e-07,4.2296232294347647e-08,7.776617962917953e-07,0.0,-1.4602828279919322e-08,7.789357141518849e-07,1.041745467666999e-09,4.136528966580677e-11,2.3222618272811246e-10,3.230022116440523e-08,7.776617962917953e-07,3.0456385502475314e-07,1.6670207969582407e-07,3.3842197932898443e-09,1.3786176111807436e-07,9.996010241763997e-09,0.0,0.0
4.7050001739989966e-05,0.01996247301576659,0.0009554795215999667,1.1437845185132754e-06,0.0035879675159139726,1.1438266938057495e-06,1.0830415249074576e-06,1.6726107787690125e-07,3.8859178097538916e-09,1.3812068289098534e-07,4.229627847962547e-08,7.776597499287163e-07,0.0,-1.460304410727531e-08,7.783893920532137e-07,4.974048950501242e-10,2.2052397408156565e-10,2.3224820677736346e-10,3.230024958611466e-08,7.776597499287163e-07,3.0465210443253454e-07,1.6676366954015975e-07,3.6636973455017596e-09,1.378884348923748e-07,9.996028893510811e-09,0.0,0.0
4.7052504669409245e-05,0.019962566148024052,0.00047582732416498463,1.143785851521652e-06,0.0035253823263360572,1.1438279443609645e-06,1.083109964383766e-06,1.673296310400474e-07,3.818376725917005e-09,1.381218623919267e-07,4.229633532304433e-08,7.776584993735014e-07,0.0,-1.4603292797232825e-08,7.782241482345853e-07,3.333812670369696e-10,4.6222647237526004e-11,2.3226613687921116e-10,3.230027800782409e-08,7.776584993735014e-07,3.048858445708902e-07,1.6699625859928346e-07,3.7741267888691254e-09,1.3788958597160672e-07,9.996054650684982e-09,0.0,0.0
4.705500032287091e-05,0.01996265782508999,0.0006254392304779199,1.1437868611305174e-06,0.0032031287053250596,1.1438288538556662e-06,1.0834586419150583e-06,1.6770184174674796e-07,3.470457476950628e-09,1.3809790289087687e-07,4.229636729746744e-08,7.776588404340146e-07,0.0,-1.460348375559306e-08,7.782282409607433e-07,3.371401768870186e-10,1.4682563498347179e-10,2.3227696155370126e-10,3.230028866596513e-08,7.776588404340146e-07,3.052303156891867e-07,1.673647034294845e-07,3.322750963263843e-09,1.378656264705569e-07,9.996079519680734e-09,0.0,0.0
4.705750325229019e-05,0.019962750957347453,0.0012533553218135873,1.1437886108942971e-06,0.003828484919014334,1.143830559158232e-06,1.0827850474015577e-06,1.6704467498129816e-07,4.145426224511084e-09,1.3807957088829426e-07,4.229642769359998e-08,7.776608299536747e-07,0.0,-1.4603698694770628e-08,7.786749733895704e-07,7.818616865051808e-10,1.572552227324664e-10,2.322848441371761e-10,3.2300327745815594e-08,7.776608299536747e-07,3.041100740119873e-07,1.6626280796572246e-07,3.9863712331111856e-09,1.3784728025711956e-07,9.996097283249128e-09,0.0,0.0
4.706000254373066e-05,0.01996284263441339,0.0015385007384036697,1.1437911703860184e-06,0.0035586444044784955,1.1438332876423374e-06,1.0830785868165549e-06,1.6732045082790137e-07,3.8542915525852095e-09,1.380962402208752e-07,4.229646322073677e-08,7.77661909978633e-07,0.0,-1.4603944720192885e-08,7.790061999912723e-07,1.1120436793632393e-09,4.147108004226574e-11,2.3229189405338246e-10,3.230033840395663e-08,7.77661909978633e-07,3.0407235840357316e-07,1.6620840881387267e-07,3.815833871101404e-09,1.378639495897005e-07,9.996123928601719e-09,0.0,0.0
4.706250547314994e-05,0.01996293431147933,0.0010910026979652487,1.1437935810376177e-06,0.0032021565392594013,1.1438357887527673e-06,1.083465690498997e-06,1.676793459637338e-07,3.469426745894566e-09,1.381263530220167e-07,4.2296505853300914e-08,7.776600341458106e-07,0.0,-1.4604128573125763e-08,7.784919944242574e-07,5.996652063799957e-10,1.8581915173232488e-10,2.3229984602579634e-10,3.23003597202387e-08,7.776600341458106e-07,3.04973724496449e-07,1.670796763164617e-07,3.2820917095222057e-09,1.378940481799873e-07,9.996146133062211e-09,0.0,0.0
4.706500476459041e-05,0.01996302598854527,0.0005794906626478413,1.1437951124969174e-06,0.0036708196862214036,1.1438372666816576e-06,1.082960920939513e-06,1.6717525852527615e-07,3.975354267993225e-09,1.3812702093218832e-07,4.229655559129242e-08,7.77658669903758e-07,0.0,-1.4604378151261699e-08,7.782396096445154e-07,3.4864022779856896e-10,5.113346551732789e-11,2.3230876944335677e-10,3.2300384589234454e-08,7.77658669903758e-07,3.04721339716707e-07,1.668266236265481e-07,3.924478519934382e-09,1.378947160901589e-07,9.996170113879543e-09,0.0,0.0
4.706750041805208e-05,0.019963117665611207,0.0007084360018203562,1.1437962932302949e-06,0.003091478492150207,1.1438382898631971e-06,1.0835872217285214e-06,1.678249930137099e-07,3.3498865903425212e-09,1.381033456482328e-07,4.229659822385656e-08,7.776588972774334e-07,0.0,-1.4604603748580303e-08,7.782797410982312e-07,3.884984833835148e-10,9.856992305712353e-11,2.3232238355319623e-10,3.230039169466181e-08,7.776588972774334e-07,3.0530750905199966e-07,1.674364966675057e-07,3.253325830954168e-09,1.3787102659534867e-07,9.99620741737317e-09,0.0,0.0
4.7070003347471356e-05,0.019963209342677146,0.0012267047546492549,1.1437980673105621e-06,0.003028902632721643,1.1438401088526007e-06,1.0836563433258561e-06,1.6790704648883548e-07,3.282289551265194e-09,1.3808890741984214e-07,4.2296651514561745e-08,7.776603752063238e-07,0.0,-1.4604795595118958e-08,7.78644505317061e-07,7.517635403075928e-10,1.257731002679563e-10,2.3234039692177078e-10,3.230042011637124e-08,7.776603752063238e-07,3.0501183800879517e-07,1.6715527806354658e-07,3.155561811851726e-09,1.378565599452486e-07,9.996231398190503e-09,0.0,0.0
4.707249900093302e-05,0.019963299564551562,0.001434569065335567,1.1438004683616858e-06,0.003151051719052785,1.1438426099630306e-06,1.0835266266440158e-06,1.6776468214629858e-07,3.414248439526091e-09,1.3810060295327276e-07,4.229668704169853e-08,7.776613415444444e-07,0.0,-1.4605033626935437e-08,7.789338951624813e-07,1.0401697281281486e-09,2.209687294252305e-11,2.3235877111282832e-10,3.23004272217986e-08,7.776613415444444e-07,3.0459275990324386e-07,1.6672451863541937e-07,3.3925546816249152e-09,1.378682412678245e-07,9.996258043543094e-09,0.0,0.0
4.70750019303523e-05,0.0199633912416175,0.0010946111817176918,1.1438027870399285e-06,0.003067589112737267,1.1438449973866227e-06,1.0836189403562457e-06,1.6783477008175396e-07,3.3240976637927133e-09,1.381242071829547e-07,4.229673322697636e-08,7.776599204589729e-07,0.0,-1.4605244125220906e-08,7.785467346366204e-07,6.544682573661476e-10,1.251303921590008e-10,2.3237198276682136e-10,3.2300441432653315e-08,7.776599204589729e-07,3.0507212045449705e-07,1.6718030337870005e-07,3.1983709014582473e-09,1.3789183128665172e-07,9.996292682501462e-09,0.0,0.0
4.707750122179277e-05,0.019963481463491917,0.000674031281365943,1.1438043827423104e-06,0.0034719174210044454,1.1438465890023508e-06,1.083183519767772e-06,1.673971325999446e-07,3.760723732426641e-09,1.3812771726406936e-07,4.229677941225418e-08,7.776587267471768e-07,0.0,-1.4605479492502127e-08,7.78301853188168e-07,4.1078118684367837e-10,3.813294818799662e-11,2.323804065840207e-10,3.230046274893539e-08,7.776587267471768e-07,3.048816665796039e-07,1.6698633942269225e-07,3.7214411552355386e-09,1.3789532715691166e-07,9.996318439675633e-09,0.0,0.0
4.7080000513233244e-05,0.019963573140557855,0.0006852555682845818,1.143805628896612e-06,0.0033178376374609175,1.143847725870728e-06,1.0833507531060604e-06,1.6758103527081403e-07,3.5943819032269175e-09,1.3811097687721485e-07,4.229681138667729e-08,7.776587267471768e-07,0.0,-1.4605740616957519e-08,7.783094702062954e-07,4.183210167152396e-10,3.423395594781553e-11,2.3238637403277806e-10,3.230046630164907e-08,7.776587267471768e-07,3.050413113214745e-07,1.6716272455141734e-07,3.561844597044228e-09,1.3787858677005715e-07,9.996346861385064e-09,0.0,0.0
4.7082499804673716e-05,0.01996366336243227,0.0010223902296395693,1.1438071695666591e-06,0.0031001466534616245,1.1438492037996184e-06,1.0835872217285214e-06,1.6782767886525107e-07,3.359279299175455e-09,1.38099792934554e-07,4.229684691381408e-08,7.776596930852975e-07,0.0,-1.4605937792566692e-08,7.784943250044307e-07,6.022091159074705e-10,6.093992671596382e-11,2.3238826141191993e-10,3.23004769597901e-08,7.776596930852975e-07,3.0509286830238125e-07,1.6722546547498496e-07,3.2976250619043412e-09,1.378674028273963e-07,9.996369065845556e-09,0.0,0.0
4.7085002734092996e-05,0.019963753584306687,0.001213991440312867,1.143809187272121e-06,0.0033586734002706295,1.1438512501626974e-06,1.083309712157643e-06,1.6754225384829624e-07,3.6384835144787075e-09,1.3810705468131346e-07,4.2296885993664546e-08,7.776604320497427e-07,0.0,-1.4606196252486825e-08,7.786778724039323e-07,7.85059295349555e-10,6.46328346745606e-12,2.3238913571255182e-10,3.230048406521746e-08,7.776604320497427e-07,3.046318681754201e-07,1.6675720360126434e-07,3.632135481268506e-09,1.3787466457415576e-07,9.996402816625505e-09,0.0,0.0
4.708750202553347e-05,0.019963843806181103,0.0010214689742511496,1.1438112041464087e-06,0.003018582477937798,1.1438534102126141e-06,1.083678853319725e-06,1.678949104189087e-07,3.271173998342647e-09,1.3812412191782641e-07,4.2296921520801334e-08,7.776598067721352e-07,0.0,-1.4606459153299056e-08,7.784967692714417e-07,6.045768330409373e-10,4.4693550943497584e-11,2.3239186963674996e-10,3.230048761793114e-08,7.776598067721352e-07,3.0518205562657386e-07,1.6729033802675985e-07,3.227486500279042e-09,1.37891717599814e-07,9.996433902870194e-09,0.0,0.0
4.709000131697394e-05,0.01996393402805552,0.0007475840247668231,1.1438128002191838e-06,0.003259803060787357,1.1438550018283422e-06,1.0834196473297197e-06,1.6763230803462648e-07,3.531734682482579e-09,1.3812827148740325e-07,4.22969606006518e-08,7.776590109642711e-07,0.0,-1.460665277619455e-08,7.78317371441517e-07,4.2597017579915075e-10,1.7879146080312935e-11,2.323953252059141e-10,3.23004947233585e-08,7.776590109642711e-07,3.0510221904478385e-07,1.672063376645383e-07,3.5116043406446806e-09,1.3789586716939084e-07,9.996465877293303e-09,0.0,0.0
4.709250060841441e-05,0.019964024249929935,0.000809282902898445,1.143814204853708e-06,0.0036340664484378273,1.1438562523835571e-06,1.0830166274899966e-06,1.6724257534406206e-07,3.935754389061685e-09,1.3811497012738982e-07,4.229699612778859e-08,7.776591246511089e-07,0.0,-1.4606897913438388e-08,7.783424393892346e-07,4.5092951594938313e-10,2.6117925530644293e-11,2.3239900281968318e-10,3.23004947233585e-08,7.776591246511089e-07,3.046742165224714e-07,1.6679163650223927e-07,3.9100864768215615e-09,1.378825658093774e-07,9.996501404430091e-09,0.0,0.0
4.7094999899854884e-05,0.01996411447180435,0.00108276679131869,1.143815911896407e-06,0.003264263977203602,1.143857957686123e-06,1.0834172599061276e-06,1.676519616466976e-07,3.536559933792205e-09,1.3810546306558535e-07,4.22970281022117e-08,7.776598067721352e-07,0.0,-1.4607148379752743e-08,7.785165507812053e-07,6.243338623868055e-10,3.6497468242080444e-11,2.3240345758956948e-10,3.2300501828785855e-08,7.776598067721352e-07,3.0490068070321286e-07,1.6702763616649463e-07,3.5011971100118444e-09,1.3787305874757294e-07,9.996527161604263e-09,0.0,0.0
4.709750282927416e-05,0.019964204693678766,0.001131098415147136,1.1438179092870934e-06,0.0032436997805625365,1.143860004049202e-06,1.0834412478288868e-06,1.676672951589353e-07,3.514358137834961e-09,1.3811394694585033e-07,4.229706007663481e-08,7.776600341458106e-07,0.0,-1.4607354437146114e-08,7.785678235450177e-07,6.754101167238957e-10,2.6094758298622622e-11,2.32413241429974e-10,3.2300505381499534e-08,7.776600341458106e-07,3.048734242838691e-07,1.6699188165603118e-07,3.4874683141339347e-09,1.3788154262783792e-07,9.996557359670533e-09,0.0,0.0
4.7100002120714635e-05,0.01996429346036166,0.0008713068870811469,1.1438196867558583e-06,0.0034096701865548016,1.1438618230386055e-06,1.083263555301528e-06,1.6747627284985356e-07,3.6935714486929783e-09,1.3812808674629196e-07,4.2297095603771595e-08,7.776592383379466e-07,0.0,-1.4607583587178397e-08,7.783780802128604e-07,4.864061931009189e-10,6.332326329960836e-11,2.324270914622062e-10,3.230050893421321e-08,7.776592383379466e-07,3.0488553193208645e-07,1.6698987792551634e-07,3.6303766659528947e-09,1.378956540065701e-07,9.996584893201543e-09,0.0,0.0
4.710250141215511e-05,0.019964383682236075,0.0006694768134991591,1.1438210768797936e-06,0.00319995959152778,1.1438631872806582e-06,1.0834911563506466e-06,1.677056076232475e-07,3.467127918099777e-09,1.3812676513680344e-07,4.2297124025481025e-08,7.776587267471768e-07,0.0,-1.4607819842638037e-08,7.782923603372183e-07,4.0115091803905045e-10,2.5380185800227828e-11,2.3244316194048764e-10,3.230051603964057e-08,7.776587267471768e-07,3.0519876759171893e-07,1.6730444940549205e-07,3.4423801587024627e-09,1.378943323970816e-07,9.996607097662036e-09,0.0,0.0
4.7105004341574386e-05,0.01996447244891897,0.0008183523240674617,1.143822397576366e-06,0.0034932270570859976,1.143864437835873e-06,1.0831755616891314e-06,1.6740531805226055e-07,3.783778179666797e-09,1.3811103372063371e-07,4.2297152447190456e-08,7.776591814945277e-07,0.0,-1.4608009912819853e-08,7.783546038808709e-07,4.629328864691473e-10,8.01964536445432e-11,2.3246052305303522e-10,3.230051959235425e-08,7.776591814945277e-07,3.0482095780826057e-07,1.6694238524905813e-07,3.7011713693857473e-09,1.3787857255920244e-07,9.996631078479368e-09,0.0,0.0
4.710750363301486e-05,0.019964562670793384,0.0011314366879631166,1.1438241567125598e-06,0.0037372173139757045,1.1438662568252767e-06,1.0829136272150208e-06,1.6714946582396806e-07,4.047083557168207e-09,1.3810394250413083e-07,4.229719152704092e-08,7.776602615194861e-07,0.0,-1.4608278142702602e-08,7.786110813867708e-07,7.183547645617239e-10,6.261862556256048e-11,2.324729297953354e-10,3.2300533803208964e-08,7.776602615194861e-07,3.0430257424995943e-07,1.664311071181146e-07,3.986381447163012e-09,1.3787146713184484e-07,9.996658612010378e-09,0.0,0.0
4.711000292445533e-05,0.019964651437476277,0.001194521945016902,1.1438262213888837e-06,0.0028791740076074285,1.1438683031883556e-06,1.0838421076186933e-06,1.6806539804292697e-07,3.120570024606195e-09,1.381162633151689e-07,4.2297216396036674e-08,7.776603752063238e-07,0.0,-1.4608500187307527e-08,7.786570108692104e-07,7.641394184076944e-10,5.832338084710287e-11,2.3248492020400136e-10,3.2300533803208964e-08,7.776603752063238e-07,3.0518503990606405e-07,1.6730126617403585e-07,3.0640094905720616e-09,1.3788378794288292e-07,9.99668170464929e-09,0.0,0.0
4.71125022158958e-05,0.01996474020415917,0.000919301961356922,1.1438280977602476e-06,0.0033451979926199175,1.143870235864597e-06,1.08334029391699e-06,1.6754948717334628e-07,3.6239877765353867e-09,1.381314120862953e-07,4.229725547588714e-08,7.77659465711622e-07,0.0,-1.4608664500315172e-08,7.784240665387188e-07,5.321274532121834e-10,8.259858075287951e-11,2.32496716323638e-10,3.230054090863632e-08,7.77659465711622e-07,3.0491628422169015e-07,1.6701736171853554e-07,3.5378611151770656e-09,1.378989082922999e-07,9.99671279089398e-09,0.0,0.0
4.7115001507336274e-05,0.019964828970842063,0.0007290882049701963,1.1438295609815194e-06,0.003619711613656129,1.1438717137934873e-06,1.083045049199427e-06,1.6725921625493356e-07,3.9203107426999395e-09,1.3812689303449588e-07,4.229729455573761e-08,7.776590109642711e-07,0.0,-1.4608958487372092e-08,7.78330047523923e-07,4.3856579479140123e-10,4.448157467362712e-11,2.3250552871889596e-10,3.230054446135e-08,7.776590109642711e-07,3.0471503009721346e-07,1.66820640856713e-07,3.878012133640141e-09,1.3789438924050046e-07,9.996749206209188e-09,0.0,0.0
4.7117500798776746e-05,0.019964917737524956,0.0009089573969127684,1.1438310150202643e-06,0.003036932217847652,1.14387307803554e-06,1.083675556401431e-06,1.6790518486686778e-07,3.2910492109294864e-09,1.3811089161208656e-07,4.229732653016072e-08,7.77659465711622e-07,0.0,-1.4609165432943882e-08,7.784281024214579e-07,5.361242005896827e-10,6.948783909388467e-11,2.3251420233627584e-10,3.230054801406368e-08,7.77659465711622e-07,3.052474255582638e-07,1.6736905195102736e-07,3.221509281559065e-09,1.3787837360723643e-07,9.996777627918618e-09,0.0,0.0
4.712000009021722e-05,0.019965005049016327,0.0011133276888644628,1.1438327807075324e-06,0.0034571514921915973,1.1438748970249435e-06,1.0832233101609745e-06,1.6745381969940354e-07,3.744867083099734e-09,1.3810935683977732e-07,4.2297358504583826e-08,7.776600909892295e-07,0.0,-1.460937948394303e-08,7.785951652294898e-07,7.025080517308879e-10,4.21402635009116e-11,2.3252522129979525e-10,3.230055511949104e-08,7.776600909892295e-07,3.046281449314847e-07,1.6675132030741224e-07,3.7020952969868404e-09,1.3787683883492718e-07,9.996805161449629e-09,0.0,0.0
4.71225030196365e-05,0.01996509381569922,0.0009660403901496639,1.1438346264936012e-06,0.0028327384170785223,1.1438768297011848e-06,1.083899405784905e-06,1.681149655041736e-07,3.070403487015483e-09,1.3812469035201502e-07,4.2297394031720614e-08,7.776596930852975e-07,0.0,-1.4609644161112101e-08,7.784939839439176e-07,6.017598086494047e-10,6.717544576151369e-11,2.325428877236746e-10,3.230055511949104e-08,7.776596930852975e-07,3.0540536499756854e-07,1.6751320686125837e-07,3.0064402078977537e-09,1.3789214392545546e-07,9.996836247694318e-09,0.0,0.0
4.712500231107697e-05,0.019965182582382113,0.000658004272321544,1.1438360681041767e-06,0.0029160805876806747,1.1438781939432374e-06,1.0838105026778067e-06,1.6801854485493095e-07,3.160478767583186e-09,1.3813310317800642e-07,4.2297426006143723e-08,7.776588404340146e-07,0.0,-1.4609809362298165e-08,7.783299906805041e-07,4.385609653212441e-10,5.579040007752667e-11,2.3256020720285875e-10,3.230056577763207e-08,7.776588404340146e-07,3.0548051199730253e-07,1.675799836675651e-07,3.1011329060248727e-09,1.3790054254059214e-07,9.99686022851165e-09,0.0,0.0
4.712750524049625e-05,0.019965269893873483,0.0006250246793575442,1.1438371883358892e-06,0.0033683666570005666,1.1438793308116146e-06,1.0833226724571432e-06,1.675411880341926e-07,3.6490279686773874e-09,1.381227008323549e-07,4.2297454427853154e-08,7.776587835905957e-07,0.0,-1.4610097132106148e-08,7.783174851283547e-07,4.2609960004824643e-10,4.95273405620722e-11,2.3257619441441335e-10,3.230056577763207e-08,7.776587835905957e-07,3.050052157504979e-07,1.6711508976641198e-07,3.601660303331755e-09,1.378901259840859e-07,9.99688865022108e-09,0.0,0.0
4.713000453193672e-05,0.019965358660556376,0.0009347378974506881,1.1438385728853897e-06,0.002580600012724789,1.1438805813668296e-06,1.0841749826795422e-06,1.6840549221797119e-07,2.7978219740987242e-09,1.3810974053285463e-07,4.22974970604173e-08,7.776597499287163e-07,0.0,-1.4610319176711073e-08,7.784881859151938e-07,5.958467608202511e-10,1.019071563246321e-10,2.325903081246139e-10,3.230057998848679e-08,7.776597499287163e-07,3.056867967643484e-07,1.6780964529061748e-07,2.6963906663013404e-09,1.3787715147373092e-07,9.996917071930511e-09,0.0,0.0
4.713250382337719e-05,0.019965445972047746,0.0012214193645405658,1.1438404554584514e-06,0.003325914078982647,1.1438825140430708e-06,1.083371330423688e-06,1.675983156701477e-07,3.6031999606223053e-09,1.3811212795644678e-07,4.229752903484041e-08,7.776608299536747e-07,0.0,-1.4610512799606568e-08,7.787773483869387e-07,8.838891840667884e-10,3.765304734670849e-11,2.3260172954397973e-10,3.2300590646627825e-08,7.776608299536747e-07,3.0459395361503994e-07,1.6671442892857158e-07,3.5623535232787162e-09,1.3787953889732307e-07,9.996941940926263e-09,0.0,0.0
4.713499947683886e-05,0.019965533283539116,0.0011576274222449001,1.1438425326396813e-06,0.003251835404496087,1.1438846740929876e-06,1.0834530712600099e-06,1.6766443877713755e-07,3.523211056233322e-09,1.3812824306569382e-07,4.229757877283191e-08,7.776604320497427e-07,0.0,-1.461080056941455e-08,7.786680384924693e-07,7.749795805089832e-10,7.762347709050488e-11,2.3261771675553433e-10,3.2300594199341504e-08,7.776604320497427e-07,3.047850896109594e-07,1.6688946402609872e-07,3.448486607382506e-09,1.3789562558486068e-07,9.996988126204087e-09,0.0,0.0
4.713749876827933e-05,0.019965620595030487,0.0008199544526377167,1.1438442592959094e-06,0.003031121995585204,1.1438863793955534e-06,1.0836929504876025e-06,1.6789320511634287e-07,3.2848055386835995e-09,1.3814052124416776e-07,4.2297632063537094e-08,7.776592383379466e-07,0.0,-1.46110101795216e-08,7.784051376802381e-07,5.132200220359096e-10,8.392263273204748e-11,2.3263635462456023e-10,3.230060841019622e-08,7.776592383379466e-07,3.0528786965078325e-07,1.6737998009830335e-07,3.198566744799791e-09,1.379078895524799e-07,9.997024541519295e-09,0.0,0.0
4.714000169769861e-05,0.019965707906521857,0.000643989630905395,1.1438455374873216e-06,0.0035107853366955944,1.1438876299507683e-06,1.0831759027496446e-06,1.673821827807842e-07,3.802798076435465e-09,1.381348511131364e-07,4.229767114338756e-08,7.776588404340146e-07,0.0,-1.4611273080333831e-08,7.783421551721403e-07,4.5065412512812486e-10,3.5813373100435086e-11,2.326522724471758e-10,3.23006119629099e-08,7.776588404340146e-07,3.0483374757750425e-07,1.6693152815605572e-07,3.768240830481773e-09,1.3790220521059382e-07,9.997060068656083e-09,0.0,0.0
4.714250098913908e-05,0.019965795218013227,0.0008995261829447543,1.1438468851539983e-06,0.002686614937555817,1.143888994192821e-06,1.084067207557382e-06,1.6828894899845181e-07,2.9124711531380854e-09,1.3811876442559878e-07,4.229770667052435e-08,7.776595225550409e-07,0.0,-1.4611507559436632e-08,7.784564672874694e-07,5.6427329475639e-10,8.900567088909739e-11,2.3266989723769171e-10,3.2300619068337255e-08,7.776595225550409e-07,3.0561076869162207e-07,1.677246785902753e-07,2.825177869425488e-09,1.3788609010134678e-07,9.997090266722353e-09,0.0,0.0
4.714500028057955e-05,0.019965882529504597,0.0012373013721393988,1.1438487508500047e-06,0.0031002862929356946,1.1438908131822245e-06,1.0836217825271888e-06,1.6784581191586767e-07,3.3595377590955877e-09,1.3811526855533884e-07,4.2297745750374816e-08,7.77660716266837e-07,0.0,-1.4611735821290495e-08,7.787470508446859e-07,8.536157891647633e-10,5.488925286512014e-11,2.326888820514128e-10,3.230062972647829e-08,7.77660716266837e-07,3.0487478852592176e-07,1.6699219429483492e-07,3.302172313368601e-09,1.3788258002023213e-07,9.997116023896524e-09,0.0,0.0
4.714750320999883e-05,0.019965969840995967,0.0012219703841189755,1.143850898076852e-06,0.0029586224507109566,1.143893086918979e-06,1.0837767376870033e-06,1.6798688307062548e-07,3.2064861876790474e-09,1.381290530844126e-07,4.229778483022528e-08,7.776608299536747e-07,0.0,-1.4612002274816405e-08,7.787705271766754e-07,8.77006411936776e-10,5.062019206580892e-11,2.3270747828707528e-10,3.230062972647829e-08,7.776608299536747e-07,3.0500621051032795e-07,1.671098743827315e-07,3.158484807030959e-09,1.3789633612759644e-07,9.997153327390151e-09,0.0,0.0
4.71500025014393e-05,0.019966055697295815,0.0009732532466415478,1.1438527828146348e-06,0.0029843712940340224,1.1438949059083825e-06,1.0837505897143274e-06,1.6795188173546194e-07,3.234314149835882e-09,1.3813884436331136e-07,4.229783101550311e-08,7.776598636155541e-07,0.0,-1.4612180798678764e-08,7.785411071381532e-07,6.484675019180486e-10,8.492752334721132e-11,2.3272264670914922e-10,3.230064038461933e-08,7.776598636155541e-07,3.0520953941959306e-07,1.6730341201309784e-07,3.1457381144406327e-09,1.379061131956405e-07,9.997190630883779e-09,0.0,0.0
4.7152501792879775e-05,0.019966143008787185,0.0008332317582286919,1.143854360083634e-06,0.0039252040640505815,1.1438964975241106e-06,1.0827361620613374e-06,1.6694286841811845e-07,4.24996038361769e-09,1.3813387056416104e-07,4.229787720078093e-08,7.77659465711622e-07,0.0,-1.4612465015773068e-08,7.784649938002985e-07,5.728001406524186e-10,5.1697569836139934e-11,2.3273209748264634e-10,3.230064393733301e-08,7.77659465711622e-07,3.0427119668274827e-07,1.663700714971128e-07,4.197818093132355e-09,1.3790113939649018e-07,9.997233263447924e-09,0.0,0.0
4.715500108432025e-05,0.019966228865087032,0.0009124329461407399,1.1438558588467567e-06,0.003468773938830571,1.143897975453001e-06,1.0832299039975624e-06,1.674458474099083e-07,3.757479660748686e-09,1.3812417876124528e-07,4.22979162806314e-08,7.776598067721352e-07,0.0,-1.461269771851903e-08,7.785220077494159e-07,6.294164633935395e-10,7.606339863519551e-11,2.327435882909512e-10,3.2300647490046686e-08,7.776598067721352e-07,3.04707867826437e-07,1.668164344437173e-07,3.6823841753630404e-09,1.378914333827197e-07,9.997270566941552e-09,0.0,0.0
4.715750037576072e-05,0.01996631472138688,0.0010653964231632784,1.1438575569378706e-06,0.003910476160595573,1.1438996807555668e-06,1.082754693015886e-06,1.6697032378942822e-07,4.2340864148116e-09,1.3812380927902268e-07,4.229797312405026e-08,7.776605457365804e-07,0.0,-1.4612914434053437e-08,7.786770765960682e-07,7.837250293185605e-10,5.58765811398132e-11,2.3276164329288918e-10,3.2300651042760364e-08,7.776605457365804e-07,3.040776448415272e-07,1.6618659515188483e-07,4.176137213818265e-09,1.3789104968964239e-07,9.997320304933055e-09,0.0,0.0
4.716000330518e-05,0.01996640203287825,0.0010503386611455667,1.143859404217726e-06,0.0035863025285708633,1.1439014997449704e-06,1.0831059853444458e-06,1.673108585009686e-07,3.884345733951022e-09,1.3813455268518737e-07,4.229801930932808e-08,7.776605457365804e-07,0.0,-1.4613209309288777e-08,7.786804872011999e-07,7.87175491456793e-10,5.4624985090789835e-11,2.327830012083254e-10,3.2300651042760364e-08,7.776605457365804e-07,3.044254697215365e-07,1.6652367662572942e-07,3.833364292660235e-09,1.3790177888495236e-07,9.997367378389299e-09,0.0,0.0
4.716250259662047e-05,0.019966487889178097,0.0008669146114905768,1.1438610503004446e-06,0.003197480302623409,1.1439032050475362e-06,1.0835271950782044e-06,1.6772622757343925e-07,3.4645568636193502e-09,1.3814097599151864e-07,4.229805483646487e-08,7.776599773023918e-07,0.0,-1.461338072772378e-08,7.785552043060306e-07,6.624093495943839e-10,4.946014431350676e-11,2.3280169458850253e-10,3.230065459547404e-08,7.776599773023918e-07,3.0497199077217374e-07,1.6706381700259954e-07,3.4130134274334978e-09,1.379081737695742e-07,9.997399352812408e-09,0.0,0.0
4.716500188806094e-05,0.019966573745477945,0.000776789800552069,1.1438624615242332e-06,0.003676096960037874,1.1439045692895888e-06,1.0830115115822991e-06,1.6721617157600122e-07,3.981255325413713e-09,1.3813559007758158e-07,4.229809746902902e-08,7.776597499287163e-07,0.0,-1.4613682708386477e-08,7.785084790157271e-07,6.158789589427727e-10,3.502448331360597e-11,2.3281855610068902e-10,3.230065459547404e-08,7.776597499287163e-07,3.045030609882815e-07,1.6660028734349908e-07,3.947641769030952e-09,1.3790277364478243e-07,9.997442873554974e-09,0.0,0.0
4.716750481748022e-05,0.019966659601777792,0.0008567865565030364,1.1438638640524485e-06,0.0027767055204689674,1.1439059335316415e-06,1.0839839887921698e-06,1.6819045356442075e-07,3.009904325779189e-09,1.3813368582304975e-07,4.2298132996165805e-08,7.776598636155541e-07,0.0,-1.4613931398343993e-08,7.785494631207257e-07,6.567908439336634e-10,2.9629056153002153e-11,2.3283530659057305e-10,3.230065459547404e-08,7.776598636155541e-07,3.0543452567144413e-07,1.6753365628119354e-07,2.981791258349631e-09,1.3790085517939588e-07,9.997477512513342e-09,0.0,0.0
4.7170004108920693e-05,0.01996674545807764,0.0009019163516184037,1.1438653740096906e-06,0.0034753353323299257,1.1439075251473696e-06,1.0832305861185887e-06,1.6742887964937836e-07,3.7645895289983855e-09,1.3814189969707513e-07,4.229817562872995e-08,7.776598067721352e-07,0.0,-1.4614125909417908e-08,7.785724278619455e-07,6.797742924113948e-10,2.3806231291834123e-11,2.32849101111654e-10,3.230065814818772e-08,7.776598067721352e-07,3.046581582566432e-07,1.6674910341407667e-07,3.736914777618949e-09,1.3790905484256655e-07,9.997518368720648e-09,0.0,0.0
4.7172503400361165e-05,0.019966829859185964,0.0009067248001173311,1.1438669005228683e-06,0.003444407779224665,1.14390900307626e-06,1.083265146917256e-06,1.67463227285225e-07,3.7312068990047464e-09,1.38142056016477e-07,4.2298225366721454e-08,7.776598636155541e-07,0.0,-1.4614454535433197e-08,7.785838533891365e-07,6.911325400871249e-10,2.9185612260285154e-11,2.328620074543153e-10,3.230065814818772e-08,7.776598636155541e-07,3.0468129352811957e-07,1.6677209657700587e-07,3.705807882781187e-09,1.379091969511137e-07,9.997568106712151e-09,0.0,0.0
4.717500269180164e-05,0.01996691571548581,0.001044492059552482,1.143868575765466e-06,0.0029111213419434254,1.1439107083788258e-06,1.0838425623660441e-06,1.6804844449325174e-07,3.155197214610439e-09,1.3813394161843462e-07,4.229826089385824e-08,7.776602046760672e-07,0.0,-1.4614616183905582e-08,7.786919127283909e-07,7.988515404733221e-10,2.5438104747643742e-11,2.328776893545381e-10,3.230065814818772e-08,7.776602046760672e-07,3.0515064963765326e-07,1.6724959550629137e-07,3.127779368838901e-09,1.379010541313619e-07,9.99760008113526e-09,0.0,0.0
4.717750198324211e-05,0.01996700157178566,0.0011026246843606202,1.1438704192004558e-06,0.003743047864002951,1.1439125273682293e-06,1.082945800590096e-06,1.6714767525627394e-07,4.053517965729725e-09,1.3813797750117374e-07,4.2298310631849745e-08,7.776602046760672e-07,0.0,-1.4614872867468875e-08,7.78717605953716e-07,8.245186200461774e-10,2.913374402835345e-11,2.3289659090153236e-10,3.23006617009014e-08,7.776602046760672e-07,3.0422825147979893e-07,1.6632316146569792e-07,4.023309685408094e-09,1.37905090014101e-07,9.997648930948344e-09,0.0,0.0
4.718000127468258e-05,0.019967085972893983,0.0008541514572115716,1.1438720707412066e-06,0.003431272359509161,1.1439142326707952e-06,1.0832836778718047e-06,1.6747165432207112e-07,3.717041341388949e-09,1.3815258625982096e-07,4.2298367475268606e-08,7.77659465711622e-07,0.0,-1.4615136656459526e-08,7.785544653415855e-07,6.621370118864434e-10,4.678311210648545e-11,2.329152704039217e-10,3.230066525361508e-08,7.77659465711622e-07,3.047291841085098e-07,1.66809513757471e-07,3.671426940243805e-09,1.379196703510388e-07,9.997703109831946e-09,0.0,0.0
4.718250420410186e-05,0.019967170374002308,0.0007060400411162959,1.1438733875601233e-06,0.0035734829775898222,1.1439154832260101e-06,1.08313122382242e-06,1.6731956975490903e-07,3.87055099082545e-09,1.3815255783811153e-07,4.229841010783275e-08,7.7765906780769e-07,0.0,-1.461536491831339e-08,7.784842637192924e-07,5.922990431450614e-10,2.9942472112853835e-11,2.3293034168148097e-10,3.230066880632876e-08,7.7765906780769e-07,3.046469032597088e-07,1.6672727554123412e-07,3.839736084643164e-09,1.3791962771847466e-07,9.997742189682413e-09,0.0,0.0
4.718500349554233e-05,0.019967256230302155,0.0009847565819782744,1.1438748392155418e-06,0.003176027287323738,1.1439168474680628e-06,1.0835613011295209e-06,1.6776384370587039e-07,3.441420259875372e-09,1.38137764338353e-07,4.2298456293110576e-08,7.776597499287163e-07,0.0,-1.4615674004403445e-08,7.786401283738087e-07,7.47444772741801e-10,9.069923978533012e-11,2.329502979403486e-10,3.2300675911756116e-08,7.776597499287163e-07,3.049212011774216e-07,1.670163953804149e-07,3.3539337973564898e-09,1.379048057970067e-07,9.99778038135446e-09,0.0,0.0
4.7187502786982805e-05,0.01996734063141048,0.0013208938238555845,1.1438767852100385e-06,0.0028042518810329265,1.1439188938311418e-06,1.0839647757165949e-06,1.681696488731177e-07,3.0397102612766957e-09,1.3813414057040063e-07,4.229849892567472e-08,7.776610004839313e-07,0.0,-1.4615848087373706e-08,7.789819846948376e-07,1.087972378854829e-09,4.546988827125453e-11,2.329762494035492e-10,3.230068656989715e-08,7.776610004839313e-07,3.0498284786517615e-07,1.6708168004697654e-07,2.9925228961502626e-09,1.379011678181996e-07,9.99781146759915e-09,0.0,0.0
4.7190005716402084e-05,0.019967425032518804,0.0012422478736198173,1.1438789485300392e-06,0.003398051303490492,1.1439210538810585e-06,1.0833252872544108e-06,1.675139884582677e-07,3.681194904459062e-09,1.3815052568588726e-07,4.229853445281151e-08,7.776607731102558e-07,0.0,-1.461610565911542e-08,7.789083724674128e-07,1.0146486983941827e-09,6.581468009470015e-11,2.329992865313102e-10,3.230069012261083e-08,7.776607731102558e-07,3.044168579435791e-07,1.66499347642457e-07,3.615080679253424e-09,1.379175245119768e-07,9.997846106557517e-09,0.0,0.0
4.7192505007842556e-05,0.01996750943362713,0.0008442598607274476,1.1438807095656922e-06,0.003034494382085827,1.143922872870462e-06,1.0837194395207916e-06,1.6789216772394866e-07,3.2885405509830434e-09,1.381679624046228e-07,4.229859484894405e-08,7.776592383379466e-07,0.0,-1.4616350796359256e-08,7.785584443809057e-07,6.6615662985825e-10,1.0990880427996785e-10,2.330168558106749e-10,3.2300711438892904e-08,7.776592383379466e-07,3.051609667181765e-07,1.6722600548746414e-07,3.179448926360351e-09,1.3793494701985765e-07,9.997884298229565e-09,0.0,0.0
4.719500066130422e-05,0.019967593834735453,0.0006393754960711817,1.1438819617703767e-06,0.0034432178224458898,1.1439240097388392e-06,1.0832789030246204e-06,1.674549139352166e-07,3.729965225574006e-09,1.3816529076393635e-07,4.229864103422187e-08,7.776587267471768e-07,0.0,-1.4616540866541072e-08,7.784954618728079e-07,6.037303434958119e-10,2.6728171759193842e-11,2.330326487332002e-10,3.230071854432026e-08,7.776587267471768e-07,3.0478344115181244e-07,1.6685117998349597e-07,3.700992179389573e-09,1.3793224695746176e-07,9.997923378080031e-09,0.0,0.0
4.71975035907235e-05,0.019967676780652255,0.0009186962051899172,1.1438832541272339e-06,0.0033291479206928897,1.1439252602940542e-06,1.0834029353645747e-06,1.6759720722347993e-07,3.606808629541547e-09,1.3814630506203684e-07,4.2298694324927055e-08,7.77659465711622e-07,0.0,-1.4616824195456957e-08,7.786194373693434e-07,7.269027046952203e-10,1.3253781405708764e-10,2.3304855267802793e-10,3.230073275517498e-08,7.77659465711622e-07,3.0478355483865016e-07,1.6687029358308791e-07,3.477183652123017e-09,1.3791324704470753e-07,9.997963346108918e-09,0.0,0.0
4.720000288216397e-05,0.01996776118176058,0.0013354450217306635,1.1438851566474126e-06,0.0028516809256534195,1.1439271929702954e-06,1.0839204378498835e-06,1.6811920033887873e-07,3.0909952375424155e-09,1.381401801836546e-07,4.229874761563224e-08,7.77661114170769e-07,0.0,-1.4617008048389835e-08,7.790412723807094e-07,1.147090644693094e-09,5.007466663542459e-11,2.330628745550456e-10,3.230075051874337e-08,7.77661114170769e-07,3.048792223125929e-07,1.6697210014626762e-07,3.0400368888905405e-09,1.3790710795547056e-07,9.997997985067286e-09,0.0,0.0
4.7202502173604444e-05,0.019967845582868904,0.001297619340713263,1.1438873789829175e-06,0.003206998328319994,1.1439294667070499e-06,1.0835385637619765e-06,1.677182268622346e-07,3.474906362654906e-09,1.3815952115692198e-07,4.229879735362374e-08,7.776608299536747e-07,0.0,-1.4617237198422117e-08,7.789823825987696e-07,1.0884638745878306e-09,7.709378274656231e-11,2.3307714092091203e-10,3.230075407145705e-08,7.776608299536747e-07,3.0455620958491636e-07,1.666297606561784e-07,3.3982339164850828e-09,1.3792643471788324e-07,9.998041505809852e-09,0.0,0.0
4.7205001465044916e-05,0.019967928528785706,0.0007846999128087728,1.143889106181713e-06,0.002604969149845931,1.1439312856964534e-06,1.0841906714631477e-06,1.6835218730193446e-07,2.824283251712245e-09,1.381793452992497e-07,4.229886130246996e-08,7.776591246511089e-07,0.0,-1.4617472565703338e-08,7.785848197272571e-07,6.925874318497449e-10,1.1572520025593391e-10,2.3308768803964597e-10,3.23007789404528e-08,7.776591246511089e-07,3.056058517358906e-07,1.6765960708653438e-07,2.7103883581958144e-09,1.3794625886021095e-07,9.998081473838738e-09,0.0,0.0
4.7207504394464195e-05,0.019968011474702507,0.0004780214853337128,1.1438901535575532e-06,0.0028708523472800846,1.143932308877993e-06,1.0839039532584138e-06,1.6807277347652416e-07,3.1117282084380804e-09,1.3817269461924298e-07,4.2298900382320426e-08,7.776584993735014e-07,0.0,-1.4617648425030438e-08,7.785030788909353e-07,6.114475592511326e-10,8.98601852650227e-12,2.330917958648371e-10,3.230078959859384e-08,7.776584993735014e-07,3.054009312108974e-07,1.6746133724154788e-07,3.09995651370798e-09,1.3793959396934952e-07,9.998109895548168e-09,0.0,0.0
4.721000368590467e-05,0.019968095875810832,0.000811950535756556,1.143891242308236e-06,0.003255797452706415,1.1439332183726947e-06,1.0834887689270545e-06,1.6767960175911867e-07,3.5276199739087133e-09,1.381499146191345e-07,4.229893946217089e-08,7.776592951813655e-07,0.0,-1.4617905108593732e-08,7.786044307067641e-07,7.120692369078085e-10,1.158201937134784e-10,2.3309171259811023e-10,3.230080380944855e-08,7.776592951813655e-07,3.048843666419998e-07,1.6696753846190404e-07,3.4124432168880503e-09,1.3791682818009576e-07,9.998137429079179e-09,0.0,0.0
4.721250297734514e-05,0.019968178821727633,0.001270415826013671,1.143892969546106e-06,0.003109374832797814,1.1439350373620982e-06,1.0836484989340534e-06,1.6784213130449643e-07,3.3694693701846745e-09,1.3814536714562564e-07,4.2298996305589753e-08,7.776609436405124e-07,0.0,-1.4618105836916584e-08,7.789918754497194e-07,1.0978403741646048e-09,4.764003427859542e-11,2.330964865571161e-10,3.2300825125730626e-08,7.776609436405124e-07,3.046565666409151e-07,1.6674430014518293e-07,3.3209230920761e-09,1.379122807065869e-07,9.998172068037547e-09,0.0,0.0
4.721500590676442e-05,0.019968261767644435,0.0012275887154462595,1.1438950415388746e-06,0.0035220849696561774,1.143937197412015e-06,1.0832046655195882e-06,1.6737932639898645e-07,3.8151388714879886e-09,1.3816445232350816e-07,4.229903538544022e-08,7.776609436405124e-07,0.0,-1.4618318999737312e-08,7.789636811139644e-07,1.0696482588556933e-09,4.623553623295251e-11,2.3311089170086063e-10,3.2300828678444304e-08,7.776609436405124e-07,3.042410128273332e-07,1.663096753645732e-07,3.768572121032321e-09,1.3793133746275998e-07,9.998207595174335e-09,0.0,0.0
4.721750519820489e-05,0.019968344713561237,0.0008337254033250474,1.1438967513147686e-06,0.0031332068061883144,1.1439389027145808e-06,1.0836259889401845e-06,1.6778726319444104e-07,3.395224323909929e-09,1.3817937372095912e-07,4.229909578157276e-08,7.776594088682032e-07,0.0,-1.4618552590661693e-08,7.785972115925688e-07,7.046908612196034e-10,8.9897207733447e-11,2.331231041541315e-10,3.23008464420127e-08,7.776594088682032e-07,3.050288057693251e-07,1.6708256111996889e-07,3.3069746940839195e-09,1.3794624464935623e-07,9.998247563203222e-09,0.0,0.0
4.7220000851666555e-05,0.01996842765947804,0.0006551443252789113,1.143897986271415e-06,0.0032206775917643466,1.143940039582958e-06,1.0835325383595773e-06,1.6769946853401052e-07,3.489708966242233e-09,1.3817414412642393e-07,4.229914551956426e-08,7.776588972774334e-07,0.0,-1.4618732002702473e-08,7.785230877743743e-07,6.310410527454735e-10,7.697359243052926e-12,2.331314030712406e-10,3.2300853547440056e-08,7.776588972774334e-07,3.050094221634936e-07,1.6706842131952726e-07,3.4800760051467705e-09,1.3794100084396632e-07,9.998289307588948e-09,0.0,0.0
4.7222503781085834e-05,0.01996851060539484,0.0009495184012990876,1.1438993172736252e-06,0.003438854726844093,1.1439414038250106e-06,1.0832978887265199e-06,1.6748140296840575e-07,3.7253040652274194e-09,1.3815680688367138e-07,4.229918459941473e-08,7.776596930852975e-07,0.0,-1.4618979804481569e-08,7.786451874380873e-07,7.523858203128952e-10,1.001301749847805e-10,2.331438375691164e-10,3.230086420558109e-08,7.776596930852975e-07,3.0465267286672315e-07,1.667290234763641e-07,3.6265535019452955e-09,1.3792366360121378e-07,9.998320393833637e-09,0.0,0.0
4.7225003072526306e-05,0.01996859209612012,0.001401796414825185,1.1439012333771225e-06,0.0029476516541037364,1.143943336501252e-06,1.0838301705007325e-06,1.680207333265571e-07,3.1947537948440186e-09,1.3814805299716681e-07,4.229924854826095e-08,7.776613415444444e-07,0.0,-1.4619192967302297e-08,7.79067590883642e-07,1.1730832971679206e-09,3.5663180741885014e-11,2.331538018207624e-10,3.2300885521863165e-08,7.776613415444444e-07,3.047625511953811e-07,1.6684764148067188e-07,3.1595437377518465e-09,1.379149097147092e-07,9.998363026397783e-09,0.0,0.0
4.722750236396678e-05,0.01996867504203692,0.0013919274164457818,1.1439035506569672e-06,0.003260957822229278,1.143945723924844e-06,1.0834937711479142e-06,1.6766722410466173e-07,3.53322748836149e-09,1.3816539023991936e-07,4.229929828625245e-08,7.776611710141879e-07,0.0,-1.461939014291147e-08,7.790316089995031e-07,1.1372901509432154e-09,6.093325150002826e-11,2.331621562490227e-10,3.2300889074576844e-08,7.776611710141879e-07,3.0446216214841115e-07,1.665299294018041e-07,3.4709950469391515e-09,1.3793223274660704e-07,9.998408323497188e-09,0.0,0.0
4.723000529338606e-05,0.0199687565327622,0.0008489797291577617,1.143905376788453e-06,0.003077963205754351,1.1439475429142476e-06,1.0836930641744402e-06,1.6784737510988634e-07,3.335567377860116e-09,1.3818630861806014e-07,4.2299344471530276e-08,7.776593520247843e-07,0.0,-1.461962728654953e-08,7.785906177559809e-07,6.980948596968517e-10,1.2756937173286076e-10,2.331737025684788e-10,3.2300917496286274e-08,7.776593520247843e-07,3.0510241799674986e-07,1.6714928108285676e-07,3.210307575329807e-09,1.379531369138931e-07,9.99842963977926e-09,0.0,0.0
4.723250458482653e-05,0.019968839478679,0.000508697529361557,1.1439065029263024e-06,0.002692482731704813,1.143948566095787e-06,1.084110522242554e-06,1.6827290494347835e-07,2.9189488603975633e-09,1.3817894739531766e-07,4.229938355138074e-08,7.776586130603391e-07,0.0,-1.4619811139482408e-08,7.784943818478496e-07,6.025454579727807e-10,1.223530218114055e-11,2.331836668201248e-10,3.230092815442731e-08,7.776586130603391e-07,3.05616111972995e-07,1.6767035049269907e-07,2.906009211045557e-09,1.3794576148029591e-07,9.998456285131851e-09,0.0,0.0
4.7235000238288194e-05,0.01996892096940428,0.0008437905666367485,1.1439076050786611e-06,0.003184350338735098,1.1439497029641643e-06,1.0835797183972318e-06,1.677661884968984e-07,3.450497443324707e-09,1.3815409261042078e-07,4.2299433289372246e-08,7.776594088682032e-07,0.0,-1.4620018973232618e-08,7.785870366205927e-07,6.944089747662474e-10,1.378986647093683e-10,2.331861648219302e-10,3.2300942365282026e-08,7.776594088682032e-07,3.049926817766391e-07,1.6707178929209476e-07,3.311468876887602e-09,1.3792090669539903e-07,9.99849270044706e-09,0.0,0.0
4.7237499529728666e-05,0.01996900246012956,0.0013377074760150265,1.1439093827972381e-06,0.0030168571852630366,1.1439515219535679e-06,1.083762185771775e-06,1.6795429758076352e-07,3.2695557372619533e-09,1.3814656085742172e-07,4.22995078963595e-08,7.776612847010256e-07,0.0,-1.4620258781405937e-08,7.790202971591498e-07,1.1258226573218622e-09,6.888157405571249e-11,2.33185748488296e-10,3.230096723427778e-08,7.776612847010256e-07,3.0474186019091576e-07,1.6682847103766107e-07,3.2019327189658497e-09,1.3791337494239997e-07,9.998538885724884e-09,0.0,0.0
4.7240002459147945e-05,0.019969083950854838,0.001291017092400537,1.1439115249639545e-06,0.003027566787780238,1.1439536820034846e-06,1.0837525223905686e-06,1.6792526480458037e-07,3.2811331429627444e-09,1.3816594446325325e-07,4.2299557634351004e-08,7.776613415444444e-07,0.0,-1.462045595701511e-08,7.790135327923053e-07,1.1189926762966707e-09,5.826069487957497e-11,2.331944637390393e-10,3.2300974339705135e-08,7.776613415444444e-07,3.047390180199727e-07,1.6680627368259593e-07,3.2216229683967867e-09,1.379327585482315e-07,9.998586847359547e-09,0.0,0.0
4.724250175058842e-05,0.019969165441580117,0.0007766205687342875,1.1439132098968808e-06,0.003374313789265279,1.1439553873060504e-06,1.083379515876004e-06,1.675345515650406e-07,3.6556624394279424e-09,1.3818539912335837e-07,4.229962158319722e-08,7.776595225550409e-07,0.0,-1.4620671784371098e-08,7.785581033203925e-07,6.653998463335142e-10,1.442965608111635e-10,2.332090354162375e-10,3.230099920870089e-08,7.776595225550409e-07,3.048213557121926e-07,1.668691567147107e-07,3.5109095630758702e-09,1.379521989974819e-07,9.998622374496335e-09,0.0,0.0
4.7245004680007696e-05,0.019969246932305396,0.00045383450038372075,1.1439142126036408e-06,0.00319621870437355,1.1439562968007522e-06,1.0835724424396176e-06,1.6773267930147995e-07,3.463334508069238e-09,1.3818109323437966e-07,4.2299667768475047e-08,7.77658669903758e-07,0.0,-1.4620898269868121e-08,7.78471360263211e-07,5.794441593209854e-10,1.1937327862310276e-11,2.332211090916303e-10,3.23010134195556e-08,7.77658669903758e-07,3.0510111059811607e-07,1.6715323170046759e-07,3.4524185732465185e-09,1.3794786468679376e-07,9.998651684384186e-09,0.0,0.0
4.724750397144817e-05,0.019969328423030674,0.000718526050675905,1.1439151679687567e-06,0.0033363598287816667,1.143957206295454e-06,1.0834218073796364e-06,1.6760313314989617e-07,3.6146849957674476e-09,1.3815933641581069e-07,4.2299706848325513e-08,7.776592951813655e-07,0.0,-1.4621082122800999e-08,7.785235425217252e-07,6.310571509793306e-10,1.2640591351420483e-10,2.332244952718554e-10,3.230102407769664e-08,7.776592951813655e-07,3.04898179592783e-07,1.669720859354129e-07,3.4861358244597795e-09,1.379261078682248e-07,9.998680994272036e-09,0.0,0.0
4.725000326288864e-05,0.019969409913755953,0.0012381108117409667,1.1439167624463269e-06,0.003709731654034155,1.143958797911182e-06,1.0830200380951283e-06,1.672114819939452e-07,4.0177137172747734e-09,1.3814744193041406e-07,4.229977790259909e-08,7.776610573273501e-07,0.0,-1.4621325483687997e-08,7.789437290739443e-07,1.049407782893752e-09,7.881821584287962e-11,2.3322563325045564e-10,3.230105605211975e-08,7.776610573273501e-07,3.0407628059947456e-07,1.661620814275011e-07,3.939762738269792e-09,1.3791421338282817e-07,9.998723626836181e-09,0.0,0.0
4.7252498916350305e-05,0.019969491404481232,0.0013441123290860446,1.1439188667186926e-06,0.0031795153067540887,1.1439609579610988e-06,1.0835943839992979e-06,1.6776860434219998e-07,3.4453049302385352e-09,1.3816435284752515e-07,4.229981342973588e-08,7.776613983878633e-07,0.0,-1.4621530652902948e-08,7.790445692990033e-07,1.1499261542979866e-09,4.808052567195631e-11,2.3323395992314033e-10,3.2301059604833426e-08,7.776613983878633e-07,3.045497862785851e-07,1.6661867618950055e-07,3.3980835922875485e-09,1.3793111008908454e-07,9.99875471308087e-09,0.0,0.0
4.7255001845769584e-05,0.019969571440014988,0.0009020405993016567,1.1439206644391779e-06,0.0035881123078331948,1.14396289063734e-06,1.0831547569978284e-06,1.6730875529447076e-07,3.8864809148719814e-09,1.381864507266073e-07,4.229987027315474e-08,7.776595793984598e-07,0.0,-1.4621720723084763e-08,7.786054538883036e-07,7.126430556780861e-10,1.607624727784085e-10,2.3324461806417673e-10,3.230108447382918e-08,7.776595793984598e-07,3.0454930310952477e-07,1.665961093522128e-07,3.7235499128485117e-09,1.3795320796816668e-07,9.99878491114714e-09,0.0,0.0
4.725750477518886e-05,0.019969652930740267,0.0005038322122606909,1.1439218100951285e-06,0.0035352742016221805,1.1439639138188795e-06,1.0832126235982287e-06,1.67370316717097e-07,3.8294536430782955e-09,1.381836653990831e-07,4.229992356385992e-08,7.776586130603391e-07,0.0,-1.462196941304228e-08,7.784679496580793e-07,5.760582011404836e-10,3.773786144689595e-11,2.332486703782166e-10,3.230110223739757e-08,7.776586130603391e-07,3.0474467394014937e-07,1.6679425129950687e-07,3.79422404606089e-09,1.379504226406425e-07,9.998822214640768e-09,0.0,0.0
4.7260004066629335e-05,0.019969732966274023,0.0007149215200118117,1.1439227855311832e-06,0.002877629632579993,1.1439648233135813e-06,1.0839236210813397e-06,1.6810629688279732e-07,3.119130731477071e-09,1.3815819954743347e-07,4.229996264371039e-08,7.7765906780769e-07,0.0,-1.4622159483224095e-08,7.784952913425514e-07,6.029838295340539e-10,1.39783809527394e-10,2.3324514542011343e-10,3.230110934282493e-08,7.7765906780769e-07,3.0542827289536945e-07,1.675033161063766e-07,2.98016455957395e-09,1.3792495678899286e-07,9.998852412707038e-09,0.0,0.0
4.726250335806981e-05,0.01996981300180778,0.0012559151915372269,1.1439243629008647e-06,0.003077489568805039,1.1439664149293094e-06,1.0837089803317212e-06,1.6790261270216433e-07,3.3351030825912176e-09,1.3814559451930108e-07,4.2300026592556605e-08,7.77660716266837e-07,0.0,-1.4622360211546948e-08,7.788741527292586e-07,9.80189596155867e-10,9.369544029524945e-11,2.332381232594827e-10,3.230113421182068e-08,7.77660716266837e-07,3.0483477075904375e-07,1.66922433209038e-07,3.2402946992249326e-09,1.3791235176086047e-07,9.998892380735924e-09,0.0,0.0
4.7265006287489086e-05,0.019969893037341535,0.0013116165021713755,1.14392641783856e-06,0.0030407906834136354,1.143968574979226e-06,1.0837504760274896e-06,1.6792301948953536e-07,3.2954583506494828e-09,1.38166456054023e-07,4.230007277783443e-08,7.776610004839313e-07,0.0,-1.462259024975765e-08,7.789345204400888e-07,1.0403102823630661e-09,5.728051019615599e-11,2.3323520892404304e-10,3.230113776453436e-08,7.776610004839313e-07,3.048159271656914e-07,1.66882713870109e-07,3.2393585591705687e-09,1.379332275064371e-07,9.998931460586391e-09,0.0,0.0
4.726750557892956e-05,0.019969974528066814,0.0008122700790309523,1.143928148609139e-06,0.0028416578716859387,1.143970280281792e-06,1.083967163140187e-06,1.681195413993919e-07,3.0802638217863887e-09,1.3818817024002783e-07,4.2300118963112254e-08,7.77659465711622e-07,0.0,-1.4622782984474725e-08,7.785165507812053e-07,6.23865403781565e-10,1.2627067447201767e-10,2.332442017305425e-10,3.230115908081643e-08,7.77659465711622e-07,3.0545061235898174e-07,1.6749568487739452e-07,2.9537505774612782e-09,1.3795492748158722e-07,9.998958994117402e-09,0.0,0.0
4.727000123239122e-05,0.019970053108409047,0.0005127878596944413,1.143929189844202e-06,0.002989249718014127,1.1439713034633314e-06,1.08380834262789e-06,1.6796825264009385e-07,3.2397737825817785e-09,1.381814200840381e-07,4.230015449024904e-08,7.776587267471768e-07,0.0,-1.4622998811830712e-08,7.784071840433171e-07,5.152273052644318e-10,2.195394907533732e-11,2.332598558751897e-10,3.230116973895747e-08,7.776587267471768e-07,3.0540118700628227e-07,1.674530238915395e-07,3.2177740472150163e-09,1.3794816311474278e-07,9.998982974934734e-09,0.0,0.0
4.72725041618105e-05,0.019970133143942803,0.0007310161647353652,1.143930185329392e-06,0.002766869048492984,1.1439722129580332e-06,1.0840494724106975e-06,1.6822703230445768e-07,2.999422932248308e-09,1.381631733465838e-07,4.230019712281319e-08,7.776592383379466e-07,0.0,-1.462321197465144e-08,7.784691433698754e-07,5.766543909047073e-10,8.138999890716647e-11,2.3326954257107957e-10,3.230117684438483e-08,7.776592383379466e-07,3.0558027219740325e-07,1.676503700309695e-07,2.9189428651932303e-09,1.3792990216643375e-07,9.999019390249941e-09,0.0,0.0
4.727499981527217e-05,0.01997021317947656,0.0010683909474238362,1.1439316254944786e-06,0.0027942591031604115,1.1439736908869236e-06,1.084021050701267e-06,1.6820128223571373e-07,3.0290356889395298e-09,1.381592653615371e-07,4.230024330809101e-08,7.776604888931615e-07,0.0,-1.4623408262082194e-08,7.787248819113302e-07,8.31170521298219e-10,4.46184582336695e-11,2.3327254017324606e-10,3.230119460795322e-08,7.776604888931615e-07,3.0529611194651807e-07,1.67370117765131e-07,2.983591596006363e-09,1.3792599418138707e-07,9.999050476494631e-09,0.0,0.0
4.7277502744691446e-05,0.019970293215010315,0.001124313439333946,1.1439333804371382e-06,0.0030054395646887558,1.1439755098763271e-06,1.0837943591468502e-06,1.679614740623947e-07,3.2572784469664384e-09,1.3817221145018266e-07,4.230027172980044e-08,7.776606594234181e-07,0.0,-1.462362408943818e-08,7.787775189171953e-07,8.835768228188101e-10,2.4101083975769377e-11,2.3327714759879825e-10,3.23011981606669e-08,7.776606594234181e-07,3.050168402296549e-07,1.670778999596223e-07,3.2324105614378595e-09,1.3793894027003262e-07,9.999075345490382e-09,0.0,0.0
4.728000203613192e-05,0.01997037179535255,0.000852491940865896,1.1439349338175712e-06,0.003264750341698263,1.1439771014920552e-06,1.0835155990207568e-06,1.676688725638087e-07,3.5374079221384136e-09,1.381871044259242e-07,4.230031436236459e-08,7.776595793984598e-07,0.0,-1.4623827482296292e-08,7.78532182721392e-07,6.393216511746402e-10,6.710414168775714e-11,2.332900539414595e-10,3.2301208818807936e-08,7.776595793984598e-07,3.049833594559459e-07,1.6702955463188118e-07,3.4696947537327105e-09,1.3795381903491943e-07,9.999104655378233e-09,0.0,0.0
4.72825049655512e-05,0.019970451830886304,0.0005907219036207501,1.143936088901475e-06,0.003149578281933485,1.1439782383604324e-06,1.0836407682290883e-06,1.6779529232735513e-07,3.4130114290320535e-09,1.3818659283515444e-07,4.2300349889501376e-08,7.776588972774334e-07,0.0,-1.4624053967793316e-08,7.784240096952999e-07,5.317768447810067e-10,1.0475546645405398e-11,2.3330842813251707e-10,3.2301215924235294e-08,7.776588972774334e-07,3.052167869554978e-07,1.6726350793305755e-07,3.403768822352049e-09,1.3795329323329497e-07,9.999133965266083e-09,0.0,0.0
4.728500061901286e-05,0.019970530411228538,0.0007655561423522972,1.1439371546694051e-06,0.0030250793592412457,1.143979261541972e-06,1.083776055565977e-06,1.679477321658851e-07,3.2785085757325305e-09,1.381689713753076e-07,4.2300385416638164e-08,7.776593520247843e-07,0.0,-1.4624251143402489e-08,7.784944386912684e-07,6.01724114979163e-10,6.45453482328584e-11,2.3332513698903767e-10,3.230121947694897e-08,7.776593520247843e-07,3.05281645296418e-07,1.6734601615553402e-07,3.2128002480646956e-09,1.379356433517387e-07,9.999164163332352e-09,0.0,0.0
4.728750354843214e-05,0.019970610446762294,0.0012006173911771612,1.1439387283068873e-06,0.0035381378131738926,1.1439807394708623e-06,1.0832233101609745e-06,1.674027316767024e-07,3.8325933537919354e-09,1.3815994748256344e-07,4.230043160191599e-08,7.776606025799992e-07,0.0,-1.46244545362606e-08,7.788140692355228e-07,9.201249207002604e-10,4.0009124485651526e-11,2.3333365795075167e-10,3.230123368780369e-08,7.776606025799992e-07,3.044092125037423e-07,1.664826072556025e-07,3.791638114591933e-09,1.3792661945899454e-07,9.999197914112301e-09,0.0,0.0
4.7289999201893806e-05,0.019970689027104527,0.0012628011374467007,1.1439406640695978e-06,0.003342798413206166,1.1439827858339413e-06,1.083435904547514e-06,1.6759946674937964e-07,3.6217078225320165e-09,1.3817566468787845e-07,4.230046002362542e-08,7.776608299536747e-07,0.0,-1.4624684574471303e-08,7.788680136400217e-07,9.738629902500406e-10,2.512478766703019e-11,2.3333163179373173e-10,3.2301237240517366e-08,7.776608299536747e-07,3.045679193292017e-07,1.6662559687574685e-07,3.5978799939329065e-09,1.3794232245345484e-07,9.999223671286472e-09,0.0,0.0
4.7292502131313086e-05,0.01997076760744676,0.0008709100988202323,1.1439423407471896e-06,0.00325367780670806,1.1439844911365071e-06,1.0835336752279545e-06,1.6767998545219598e-07,3.5254694719100144e-09,1.3819405353387992e-07,4.2300499103475886e-08,7.776596362418786e-07,0.0,-1.4624882638258896e-08,7.785453703945677e-07,6.524105700123073e-10,7.801623236325383e-11,2.3332935583653125e-10,3.23012478986584e-08,7.776596362418786e-07,3.049883048333868e-07,1.6702757932307577e-07,3.4470719612045286e-09,1.379607112994563e-07,9.999248540282224e-09,0.0,0.0
4.7295005060732365e-05,0.019970846187788993,0.0005947242447137402,1.1439434924476726e-06,0.0031424099928849644,1.1439856280048843e-06,1.0836546380232903e-06,1.6780332146026922e-07,3.4052871633605264e-09,1.381924477072971e-07,4.230054173604003e-08,7.776588972774334e-07,0.0,-1.4625094024722785e-08,7.784243507558131e-07,5.320981988354845e-10,1.496080863361282e-11,2.333351012406837e-10,3.230125855679944e-08,7.776588972774334e-07,3.052303441108961e-07,1.672712244271679e-07,3.391707803501731e-09,1.379591196837282e-07,9.999284067419012e-09,0.0,0.0
4.729750435217284e-05,0.019970924768131226,0.0007633240426905274,1.1439445596066644e-06,0.002848562893436802,1.1439866511864238e-06,1.0839729611689108e-06,1.6813437753171456e-07,3.087765154674571e-09,1.3817931687754026e-07,4.23005808158905e-08,7.776592951813655e-07,0.0,-1.4625295641224056e-08,7.784790341247572e-07,5.863872165612349e-10,5.413306608526014e-11,2.333452875369346e-10,3.230126210951312e-08,7.776592951813655e-07,3.054939554658631e-07,1.6754799503360118e-07,3.033389317508295e-09,1.3794597464311664e-07,9.99931870637738e-09,0.0,0.0
4.730000364361331e-05,0.01997100334847346,0.0010953616906590469,1.1439460201682748e-06,0.0032807149078717874,1.1439881291153142e-06,1.083507299881603e-06,1.6767228316894034e-07,3.5546785515094825e-09,1.3817464150633896e-07,4.2300616343027286e-08,7.776603752063238e-07,0.0,-1.4625489264119551e-08,7.787060667396872e-07,8.123098305112819e-10,5.513868875373085e-11,2.333557513889417e-10,3.230127632036783e-08,7.776603752063238e-07,3.048012615636253e-07,1.6685997650256468e-07,3.497925060713669e-09,1.3794128506106063e-07,9.999340910837873e-09,0.0,0.0
4.730250293505378e-05,0.019971081928815693,0.0012225626816142476,1.1439478416011793e-06,0.0031505306431746636,1.1439899481047178e-06,1.0836495221155928e-06,1.6780506939539919e-07,3.4140710258867557e-09,1.381835517122454e-07,4.2300651870164074e-08,7.776608867970936e-07,0.0,-1.4625732625006549e-08,7.78838455062214e-07,9.442030490802722e-10,1.8689249800529772e-11,2.3336646504112935e-10,3.230127987308151e-08,7.776608867970936e-07,3.048110670533788e-07,1.6686087178641174e-07,3.3976510493971546e-09,1.3795019526696706e-07,9.999372885260982e-09,0.0,0.0
4.730500222649425e-05,0.019971159053966403,0.001034883873705511,1.1439495826602372e-06,0.002860098638128633,1.1439917670941213e-06,1.0839648894034326e-06,1.681069221604048e-07,3.100246503962012e-09,1.381979615189266e-07,4.2300683844587184e-08,7.776600341458106e-07,0.0,-1.4625913813404168e-08,7.78631431330723e-07,7.380175359728014e-10,6.683507219884532e-11,2.333773729823463e-10,3.230128342579519e-08,7.776600341458106e-07,3.0533348649441905e-07,1.673688956316255e-07,3.0319897703634524e-09,1.3796459086279356e-07,9.999398642435153e-09,0.0,0.0
4.7307501517934725e-05,0.019971237634308636,0.0007407497647768935,1.1439509779592272e-06,0.003482901573874133,1.143993131336174e-06,1.0832932275661733e-06,1.6743112496442336e-07,3.773003687257415e-09,1.3820297795064107e-07,4.230071581901029e-08,7.776591814945277e-07,0.0,-1.4626121647154378e-08,7.78451749283704e-07,5.592075691396303e-10,3.781470622743477e-11,2.3338889154622677e-10,3.230129408393623e-08,7.776591814945277e-07,3.0484150670417876e-07,1.6687192783138016e-07,3.734345721539967e-09,1.379695930836533e-07,9.999421735074066e-09,0.0,0.0
4.7310004447354004e-05,0.019971314759459347,0.0007462454027624688,1.1439521248064914e-06,0.002970053043749452,1.1439942682045512e-06,1.0838480193342548e-06,1.6799850754978252e-07,3.2190861087855183e-09,1.3819034450079926e-07,4.23007477934334e-08,7.776591814945277e-07,0.0,-1.4626367672576635e-08,7.784520903442171e-07,5.59495783036823e-10,3.797238565250716e-11,2.3340179788888804e-10,3.230129408393623e-08,7.776591814945277e-07,3.053959574117471e-07,1.674390119887903e-07,3.184080998863692e-09,1.3795694542295678e-07,9.999453709497175e-09,0.0,0.0
4.7312503738794476e-05,0.01997139333980158,0.0010208543362217881,1.143953513399514e-06,0.0027367069056430902,1.1439956324466038e-06,1.0841014272955363e-06,1.6826197679620236e-07,2.9668678624972245e-09,1.381795442512157e-07,4.230078332057019e-08,7.776598636155541e-07,0.0,-1.4626531985584279e-08,7.78611422447284e-07,7.181254479959875e-10,4.5449592006585604e-11,2.334104021173289e-10,3.2301301189363585e-08,7.776598636155541e-07,3.0548997642654285e-07,1.6754384546402434e-07,2.9197835260674765e-09,1.379461309625185e-07,9.999483907563445e-09,0.0,0.0
4.731500303023495e-05,0.01997147046495229,0.0011255569025969692,1.1439551688224167e-06,0.003180204750206522,1.1439973377491697e-06,1.0836236015165923e-06,1.6777707401161024e-07,3.4461449249789666e-09,1.3818623756378656e-07,4.23008152949933e-08,7.776602615194861e-07,0.0,-1.4626746924761846e-08,7.787033950990008e-07,8.097195136613777e-10,1.8941206242351072e-11,2.334109572288412e-10,3.2301301189363585e-08,7.776602615194861e-07,3.049201779958821e-07,1.6696735372079274e-07,3.4271325777268657e-09,1.3795282427508937e-07,9.999514105629714e-09,0.0,0.0
4.731750232167542e-05,0.019971547590103,0.0009497418749404574,1.1439567693997265e-06,0.002912098092852751,1.1439989293648978e-06,1.0839146398211597e-06,1.680557915051395e-07,3.1564657554383757e-09,1.3819914101986797e-07,4.230084371670273e-08,7.776596930852975e-07,0.0,-1.4626970745723611e-08,7.785549200889363e-07,6.61793675416078e-10,4.119377061684304e-11,2.334075432930405e-10,3.2301304742077264e-08,7.776596930852975e-07,3.053597197322233e-07,1.6739399200105254e-07,3.115866897829278e-09,1.3796572773117077e-07,9.999539862803886e-09,0.0,0.0
4.73200052510947e-05,0.01997162471525371,0.0007821500002407333,1.1439581051239454e-06,0.0031904803695673475,1.1440001799201127e-06,1.0836149613169255e-06,1.677537682098773e-07,3.4572522622511315e-09,1.3820201161252044e-07,4.2300886349266875e-08,7.776591814945277e-07,0.0,-1.462715015776439e-08,7.784419722156599e-07,5.493987487170671e-10,1.790487202946167e-11,2.3340751553746486e-10,3.230130829479094e-08,7.776591814945277e-07,3.0517296067955613e-07,1.672043765665876e-07,3.4376070878749942e-09,1.3796859832382324e-07,9.999576278119093e-09,0.0,0.0
4.7322500904556364e-05,0.01997170184040442,0.0008798884247767091,1.1439593869735856e-06,0.003255697077353221,1.1440014304753277e-06,1.0835454986590776e-06,1.676960721397336e-07,3.5276959131635977e-09,1.3818998922943138e-07,4.230091121826263e-08,7.776594088682032e-07,0.0,-1.4627391742294549e-08,7.784832405377529e-07,5.903965649700638e-10,3.514019977779448e-11,2.3340837596030894e-10,3.230131184750462e-08,7.776594088682032e-07,3.050622581213247e-07,1.671056679697358e-07,3.4940761395318987e-09,1.379565901515889e-07,9.999599370758006e-09,0.0,0.0
4.732500383397564e-05,0.01997177896555513,0.00109758155175399,1.1439609121002854e-06,0.0028826253872243648,1.1440030220910558e-06,1.0839498827408534e-06,1.681064532021992e-07,3.1246214504676573e-09,1.3818325328429637e-07,4.230093963997206e-08,7.776601478326484e-07,0.0,-1.4627604016936857e-08,7.786397873132955e-07,7.462472861874403e-10,2.345889107968624e-11,2.334109294732656e-10,3.23013154002183e-08,7.776601478326484e-07,3.053100670058484e-07,1.673602127993945e-07,3.1011977430495108e-09,1.3794983999559918e-07,9.999624239753757e-09,0.0,0.0
4.7327503125416115e-05,0.019971856090705842,0.0010527040766774576,1.143962570511317e-06,0.0031094983542279053,1.1440047273936216e-06,1.0837061381607782e-06,1.6784959200322191e-07,3.369782453077619e-09,1.3819662569858338e-07,4.230096806168149e-08,7.776599773023918e-07,0.0,-1.4627799416189191e-08,7.785955631334218e-07,7.022114556498593e-10,3.7185938356332215e-11,2.334153703653641e-10,3.230131895293198e-08,7.776599773023918e-07,3.051105750273564e-07,1.6714737682832492e-07,3.33194094537248e-09,1.3796319819903147e-07,9.999650885106348e-09,0.0,0.0
4.733000241685659e-05,0.019971933215856552,0.0008032573503058416,1.1439640019243649e-06,0.003099329929914932,1.1440060916356742e-06,1.0837183026524144e-06,1.6785197942681407e-07,3.3588005710072366e-09,1.3820718436363677e-07,4.23010000361046e-08,7.776591814945277e-07,0.0,-1.462800813811782e-08,7.784318540871027e-07,5.392847834961856e-10,3.535333484294689e-11,2.3342008881321874e-10,3.230132250564566e-08,7.776591814945277e-07,3.0528644856531173e-07,1.6731269170122687e-07,3.3236404739511727e-09,1.3797375686408486e-07,9.999677530458939e-09,0.0,0.0
4.7332505346275866e-05,0.01997200888581574,0.0007686974792946444,1.143965191421943e-06,0.003294512962192155,1.1440073421908892e-06,1.0835084367499803e-06,1.6765147847763728e-07,3.5696325895173686e-09,1.3819789046465303e-07,4.230102845781403e-08,7.7765906780769e-07,0.0,-1.4628207978262253e-08,7.784145168443501e-07,5.22016152526561e-10,3.001502865696004e-11,2.3342919264202067e-10,3.2301326058359336e-08,7.7765906780769e-07,3.0509391990563017e-07,1.6712945694052905e-07,3.5381457763605795e-09,1.3796446296510112e-07,9.99970328763311e-09,0.0,0.0
4.733500463771634e-05,0.01997208601096645,0.001011998034405437,1.1439665647860415e-06,0.003495248085030934,1.1440085927461041e-06,1.0832927728188224e-06,1.6744795061640616e-07,3.7863769897228394e-09,1.3818494437600748e-07,4.230107464309185e-08,7.776598636155541e-07,0.0,-1.4628430911045598e-08,7.785747584421188e-07,6.814838138247126e-10,6.213227154994172e-11,2.334411275395354e-10,3.2301333163786694e-08,7.776598636155541e-07,3.047179575332848e-07,1.6676646907853865e-07,3.724959007911366e-09,1.3795150266560086e-07,9.999741479305158e-09,0.0,0.0
4.733750392915681e-05,0.019972161680925637,0.0011682533532517692,1.1439682145813768e-06,0.0031708859397054376,1.14401029804867e-06,1.083644519894733e-06,1.6779571865299658e-07,3.4361131717730586e-09,1.3818821287259198e-07,4.230110661751496e-08,7.776605457365804e-07,0.0,-1.4628628086654771e-08,7.787463687236595e-07,8.523458050468946e-10,1.989302125804393e-11,2.3345156363596686e-10,3.230134026921405e-08,7.776605457365804e-07,3.0489815117107355e-07,1.6694336579803348e-07,3.4167260132278443e-09,1.3795477116218535e-07,9.999769012836168e-09,0.0,0.0
4.734000322059728e-05,0.019972238806076348,0.000992461608268852,1.1439698810360473e-06,0.0034059337999566195,1.1440120033512358e-06,1.0833921351149911e-06,1.6752822773469234e-07,3.689961891595317e-09,1.3820405797559943e-07,4.230113503922439e-08,7.776598636155541e-07,0.0,-1.462881105140923e-08,7.785687898831384e-07,6.754758974381048e-10,6.824542320149618e-11,2.334610005316762e-10,3.230134382192773e-08,7.776598636155541e-07,3.0482334523185273e-07,1.6685274317751464e-07,3.6202500997006837e-09,1.379706020543381e-07,9.999790329118241e-09,0.0,0.0
4.7342502512037754e-05,0.019972314476035535,0.0007177635809519911,1.1439711751627499e-06,0.0035134295549107603,1.1440132539064507e-06,1.0832770840352168e-06,1.6740850128371676e-07,3.806017723206878e-09,1.3820957178722892e-07,4.2301181224502216e-08,7.776590109642711e-07,0.0,-1.4629033096014155e-08,7.784016133882687e-07,5.091679300406327e-10,3.04102680537266e-11,2.334683557592143e-10,3.230135448006877e-08,7.776590109642711e-07,3.0487544222523866e-07,1.6689932635927107e-07,3.776443602276913e-09,1.3797610165511287e-07,9.999827632611868e-09,0.0,0.0
4.7345001803478226e-05,0.019972390145994723,0.0007650942580746944,1.1439722972406715e-06,0.003355654752535962,1.144014390774828e-06,1.0834482964128256e-06,1.6759337029270682e-07,3.6356784249846896e-09,1.3819577304730046e-07,4.230120609349797e-08,7.776591246511089e-07,0.0,-1.4629217837125452e-08,7.784157105561462e-07,5.231308164432846e-10,4.615313339839666e-11,2.334697157824195e-10,3.230135448006877e-08,7.776591246511089e-07,3.0503255743496993e-07,1.670702403089308e-07,3.589051722485692e-09,1.379623029151844e-07,9.99985250160762e-09,0.0,0.0
4.73475010949187e-05,0.01997246581595391,0.0010932780740879888,1.1439737034702568e-06,0.0036310587334126335,1.1440157550168806e-06,1.0831521422005608e-06,1.6730727736558038e-07,3.932989045551949e-09,1.3818474542404147e-07,4.2301245173348434e-08,7.776600909892295e-07,0.0,-1.4629416789091465e-08,7.78631431330723e-07,7.37871486133912e-10,5.4951806993663865e-11,2.3346855004824363e-10,3.23013651382098e-08,7.776600909892295e-07,3.0452068244812835e-07,1.6656940715620294e-07,3.877671073126976e-09,1.379512752919254e-07,9.999879146960211e-09,0.0,0.0
4.735000402433798e-05,0.019972541485913098,0.0012033082972918163,1.1439754412962266e-06,0.0032335128779312906,1.1440175740062841e-06,1.083582901628688e-06,1.6772790445429564e-07,3.5037792667225176e-09,1.3819446564866666e-07,4.230127714777154e-08,7.776604888931615e-07,0.0,-1.4629644162766908e-08,7.787285198901372e-07,8.345550361887888e-10,3.38794270415832e-11,2.334702708939318e-10,3.230136869092348e-08,7.776604888931615e-07,3.048543533168413e-07,1.668933578002907e-07,3.4723515174306385e-09,1.379609955165506e-07,9.999908456848061e-09,0.0,0.0
4.735250331577845e-05,0.019972617155872285,0.0009422244695578286,1.1439770648199957e-06,0.002887037843140998,1.1440191656220122e-06,1.083958636627358e-06,1.6809013914098614e-07,3.129429604342704e-09,1.382088896662026e-07,4.230130912219465e-08,7.776596362418786e-07,0.0,-1.4629820022094009e-08,7.7850035040683e-07,6.072322089600846e-10,7.834362325542799e-11,2.3347512811966453e-10,3.230137224363716e-08,7.776596362418786e-07,3.054583146422374e-07,1.6748290931900556e-07,3.0504365700068092e-09,1.3797541953408654e-07,9.999935990379072e-09,0.0,0.0
4.735500624519773e-05,0.019972692825831473,0.000721138660018994,1.143978323486197e-06,0.003377778573296368,1.1440204161772272e-06,1.0834295380846015e-06,1.6756332854583889e-07,3.659585079418548e-09,1.3820719857449149e-07,4.230134464933144e-08,7.776589541208523e-07,0.0,-1.4630012756811084e-08,7.783722821841366e-07,4.798343389289528e-10,4.455408611492295e-11,2.334811510795731e-10,3.230137934906452e-08,7.776589541208523e-07,3.050572274787555e-07,1.670834990363801e-07,3.6135754388766372e-09,1.3797371423152072e-07,9.999962635731663e-09,0.0,0.0
4.735750189865939e-05,0.019972767040599138,0.0008230228187926514,1.1439794694820508e-06,0.0032910842902856407,1.1440215530456044e-06,1.0835240118467482e-06,1.6767022259500663e-07,3.5659688535361056e-09,1.3819457933550439e-07,4.230138017646823e-08,7.776591814945277e-07,0.0,-1.463023213688075e-08,7.784127546983655e-07,5.200773700586581e-10,5.96431237731565e-11,2.334868132169987e-10,3.23013829017782e-08,7.776591814945277e-07,3.051112287266733e-07,1.671501479449944e-07,3.5077951654471917e-09,1.3796109499253362e-07,9.99999905104687e-09,0.0,0.0
4.7360001190099865e-05,0.019972842710558325,0.0010661752803855506,1.1439808990374815e-06,0.0031952903846460515,1.1440230309744948e-06,1.083628603737452e-06,1.6778132305717008e-07,3.462508058049707e-09,1.381873886430185e-07,4.2301419256318695e-08,7.776599204589729e-07,0.0,-1.463041154892153e-08,7.785761795275903e-07,6.827681753307502e-10,4.942801723473167e-11,2.334917537094583e-10,3.2301390007205555e-08,7.776599204589729e-07,3.050524526315712e-07,1.670985483315235e-07,3.411712468093242e-09,1.37953890089193e-07,1.000002924911314e-08,0.0,0.0
4.736250048154034e-05,0.019972918380517513,0.001096403430562276,1.1439825354599095e-06,0.0036406662900980856,1.1440246225902229e-06,1.08314918634278e-06,1.6729462970488385e-07,3.943384729865329e-09,1.3819446564866666e-07,4.230144412531445e-08,7.776600909892295e-07,0.0,-1.4630620270850159e-08,7.786078413118958e-07,7.142664792958442e-10,3.2273766992219066e-11,2.334972770690058e-10,3.2301390007205555e-08,7.776600909892295e-07,3.0454134503088426e-07,1.6658036372518836e-07,3.9108476457272445e-09,1.3796096709484118e-07,1.0000052341752053e-08,0.0,0.0
4.736499977298081e-05,0.019972992595285177,0.0008271780668618334,1.1439839630414486e-06,0.0031182971984624525,1.1440261005191132e-06,1.0837144372999319e-06,1.678469487842449e-07,3.3793436937656907e-09,1.3820822175603098e-07,4.2301479652451235e-08,7.776592951813655e-07,0.0,-1.4630844979990343e-08,7.78406388235453e-07,5.136036596020688e-10,5.703383945676599e-11,2.3350341105121686e-10,3.230139711263291e-08,7.776592951813655e-07,3.0530804906447884e-07,1.6733334007312806e-07,3.3250213693492014e-09,1.3797470899135078e-07,1.0000084316175162e-08,0.0,0.0
4.736750270240009e-05,0.019973066810052842,0.0006203896447196655,1.1439850373504626e-06,0.002944690170346262,1.1440271237006527e-06,1.0839028163900366e-06,1.680348447052893e-07,3.19175796903437e-09,1.382092733592799e-07,4.2301511626874344e-08,7.776587267471768e-07,0.0,-1.4631024392031122e-08,7.78307594373473e-07,4.1533373962288067e-10,1.4977017889772348e-11,2.3350957278900353e-10,3.230140066534659e-08,7.776587267471768e-07,3.055952788599825e-07,1.6761950405452808e-07,3.1750282403208985e-09,1.379757605945997e-07,1.0000110073349333e-08,0.0,0.0
4.737000563181937e-05,0.01997314248001203,0.0008005342148322825,1.1439861125629673e-06,0.003290701089590423,1.1440281468821922e-06,1.083529809875472e-06,1.6767417321261746e-07,3.5655727259609193e-09,1.3819642674661736e-07,4.2301540048583774e-08,7.776592383379466e-07,0.0,-1.4631234890316591e-08,7.783784781167924e-07,4.857487190257359e-10,5.4335903831859156e-11,2.335151794152779e-10,3.230140421806027e-08,7.776592383379466e-07,3.051513317586796e-07,1.6718843198759714e-07,3.5123417507776367e-09,1.3796291398193716e-07,1.0000134942345085e-08,0.0,0.0
4.737250492325984e-05,0.019973216694779694,0.001126483466904915,1.1439875426946626e-06,0.002438990114608682,1.1440296248110826e-06,1.0844515827557188e-06,1.6859969775850914e-07,2.6449666901129376e-09,1.381915950560142e-07,4.230157557572056e-08,7.776603183629049e-07,0.0,-1.463144361224522e-08,7.78626940700633e-07,7.330691609297446e-10,3.350297470006147e-11,2.335201754188887e-10,3.2301414876201306e-08,7.776603183629049e-07,3.058246988985047e-07,1.6786663081802544e-07,2.6140487552339664e-09,1.37958082291334e-07,1.0000158923162417e-08,0.0,0.0
4.737500421470031e-05,0.01997329090954736,0.0011340018566059484,1.1439892203085936e-06,0.002697114356807716,1.1440313301136484e-06,1.0841739594980027e-06,1.683084747128305e-07,2.9241411514391302e-09,1.3820503852457477e-07,4.2301600444716314e-08,7.776604888931615e-07,0.0,-1.4631611477966544e-08,7.786443916302233e-07,7.503926369167857e-10,2.656048991855897e-11,2.3352528244480197e-10,3.2301418428914985e-08,7.776604888931615e-07,3.0552959628948884e-07,1.6755807052959426e-07,2.8942073182491868e-09,1.3797152575989458e-07,1.0000183792158168e-08,0.0,0.0
4.7377503506140783e-05,0.019973365124315023,0.0008176448632646327,1.1439906687186725e-06,0.0030993953196377807,1.1440328080425388e-06,1.0837403578989324e-06,1.6786059120477148e-07,3.3589397929745246e-09,1.3822037203681248e-07,4.230163952456678e-08,7.776594088682032e-07,0.0,-1.4631838851641987e-08,7.783871183164592e-07,4.94160712349867e-10,6.69650168649838e-11,2.3353161071604234e-10,3.230142908705602e-08,7.776594088682032e-07,3.053532680041826e-07,1.6736643715375976e-07,3.2932312432620847e-09,1.3798684506127756e-07,1.000020954933234e-08,0.0,0.0
4.7380002797581255e-05,0.019973439339082688,0.0006180431416495935,1.1439917342111897e-06,0.0030316300775919606,1.1440338312240783e-06,1.083814481717127e-06,1.6793630663869408e-07,3.285724581303384e-09,1.3821924937928998e-07,4.230167149898989e-08,7.776588972774334e-07,0.0,-1.463200671736331e-08,7.783028195262887e-07,4.1040856824103855e-10,1.7135457983097346e-11,2.3353716183116546e-10,3.23014326397697e-08,7.776588972774334e-07,3.055116053474194e-07,1.6752589715451904e-07,3.265924863882219e-09,1.3798572240375506e-07,1.000023530650651e-08,0.0,0.0
4.738250208902173e-05,0.01997351209865883,0.0008181963406457271,1.1439927792129495e-06,0.0039623901622247715,1.1440348544056178e-06,1.0828103995663696e-06,1.669454405828219e-07,4.290517274796457e-09,1.382055359044898e-07,4.2301703473413e-08,7.776594088682032e-07,0.0,-1.463221543929194e-08,7.783883688716742e-07,4.954062160500428e-10,7.835025683800012e-11,2.3354423950294745e-10,3.230143974519706e-08,7.776594088682032e-07,3.044220306946954e-07,1.6645003597659525e-07,4.211405002507718e-09,1.3797199471810018e-07,1.0000264616394361e-08,0.0,0.0
4.7385005018441007e-05,0.019973586313426495,0.001179739189911544,1.1439942619761617e-06,0.0030753364437998373,1.1440363323345082e-06,1.0837692343557137e-06,1.679098744489238e-07,3.332955023083173e-09,1.381986152182435e-07,4.2301742553263466e-08,7.77660716266837e-07,0.0,-1.4632442812967383e-08,7.786997571201937e-07,8.055200950707331e-10,5.607317735134565e-11,2.335587279134188e-10,3.230145395605177e-08,7.77660716266837e-07,3.0506942039210116e-07,1.671043463602473e-07,3.2809612804385324e-09,1.3796505982099916e-07,1.0000288597211693e-08,0.0,0.0
4.738750430988148e-05,0.01997366052819416,0.0012631581176947293,1.1439960749667229e-06,0.00323745808299434,1.1440381513239117e-06,1.0835957482413505e-06,1.6772632704942225e-07,3.5080958138422602e-09,1.3820844912970642e-07,4.2301770974972897e-08,7.776609436405124e-07,0.0,-1.4632579592444017e-08,7.787875802023336e-07,8.930615691404853e-10,3.180831292803887e-11,2.335801829733697e-10,3.230145750876545e-08,7.776609436405124e-07,3.0480813961730746e-07,1.668332600957001e-07,3.4716147734314973e-09,1.3797487952160736e-07,1.0000313466207444e-08,0.0,0.0
4.739000360132195e-05,0.0199737332877703,0.0009622127295285665,1.1439976941371188e-06,0.0038381153722480553,1.1440398566264776e-06,1.0829487564478768e-06,1.6706383121345425e-07,4.156482269479511e-09,1.3822511846228736e-07,4.2301806502109685e-08,7.776597499287163e-07,0.0,-1.4632846934148347e-08,7.784867648297222e-07,5.934245872474264e-10,8.417355007450666e-11,2.336020266113792e-10,3.230146816690649e-08,7.776597499287163e-07,3.044619347747357e-07,1.6647041434225684e-07,4.075179305118581e-09,1.3799152043247886e-07,1.0000339223381616e-08,0.0,0.0
4.739250289276242e-05,0.019973807502537966,0.0007014537788663094,1.1439989288233528e-06,0.0025800185424436073,1.1440409934948548e-06,1.084308564713865e-06,1.6842376737713494e-07,2.7975362026921857e-09,1.3822585742673255e-07,4.230184558196015e-08,7.776589541208523e-07,0.0,-1.4633048550649619e-08,7.783453384035965e-07,4.527359043215995e-10,1.7634988955239628e-11,2.336204840691636e-10,3.2301478825047525e-08,7.776589541208523e-07,3.0596325473197794e-07,1.6797102375676332e-07,2.7819371251069924e-09,1.3799224518606934e-07,1.0000368533269466e-08,0.0,0.0
4.73950058221817e-05,0.019973880262114108,0.0008879885145345323,1.1440000852948284e-06,0.0032958217823967624,1.144042130363232e-06,1.083535948964709e-06,1.6766723831551644e-07,3.571141382607834e-09,1.3820924493757047e-07,4.230187400366958e-08,7.776594088682032e-07,0.0,-1.4633208422765165e-08,7.784269087096618e-07,5.338638420226971e-10,6.289346821120034e-11,2.3363536105769356e-10,3.2301482377761204e-08,7.776594088682032e-07,3.051089834116283e-07,1.6713337913643045e-07,3.5039928736324555e-09,1.3797561848605255e-07,1.0000392514086798e-08,0.0,0.0
4.7397505113622174e-05,0.01997395302169025,0.0012607292978765727,1.1440016486928012e-06,0.0034196293652786996,1.14404372197896e-06,1.0834035037987633e-06,1.6754046328060213e-07,3.704838436036084e-09,1.3820238109474303e-07,4.230190953080637e-08,7.776606594234181e-07,0.0,-1.4633462441793199e-08,7.787275535520166e-07,8.332308731873184e-10,4.373843995320037e-11,2.3364832291150606e-10,3.230149658861592e-08,7.776606594234181e-07,3.046759786684561e-07,1.6670723823608569e-07,3.6642664458241825e-09,1.379687404323704e-07,1.000041383036887e-08,0.0,0.0
4.7400004405062646e-05,0.01997402578126639,0.001289596531022008,1.1440035042990644e-06,0.002966867107552049,1.1440456546552014e-06,1.0838942898772075e-06,1.6801742219740845e-07,3.2157703167001728e-09,1.3821603772612434e-07,4.23019379525158e-08,7.776608867970936e-07,0.0,-1.4633621425730325e-08,7.787742788423202e-07,8.797841344332369e-10,2.8974130386605346e-11,2.336626447885237e-10,3.230149658861592e-08,7.776608867970936e-07,3.051200110348873e-07,1.67137642392845e-07,3.1851130621873835e-09,1.3798236864204227e-07,1.0000439587543042e-08,0.0,0.0
4.740250369650312e-05,0.019974098540842533,0.0009631016527624492,1.1440051433527148e-06,0.0035568896979695105,1.1440473599577672e-06,1.0832584393938305e-06,1.673688103664972e-07,3.853030783318445e-09,1.382299217311811e-07,4.230196637422523e-08,7.776597499287163e-07,0.0,-1.4633833700372634e-08,7.784776130392856e-07,5.841975236897667e-10,7.387430944749696e-11,2.3368137980206427e-10,3.2301507246756955e-08,7.776597499287163e-07,3.0478085477625427e-07,1.6678461634000996e-07,3.779073498577645e-09,1.379962384362443e-07,1.0000460903825115e-08,0.0,0.0
4.740499934996478e-05,0.019974171300418675,0.0007156308516151413,1.1440063647913695e-06,0.0032043959595796133,1.1440484968261444e-06,1.083640086108062e-06,1.677534697819283e-07,3.472411913563178e-09,1.3822752009673422e-07,4.230199834864834e-08,7.7765906780769e-07,0.0,-1.4634033540517066e-08,7.783459068377852e-07,4.531278408048678e-10,2.4414725449672936e-11,2.337006421715415e-10,3.230151435218431e-08,7.7765906780769e-07,3.052941792702768e-07,1.6730034246847936e-07,3.4482570132610135e-09,1.3799382259094273e-07,1.0000483108285607e-08,0.0,0.0
4.740750227938406e-05,0.019974244059994817,0.000839017746943671,1.1440074959471003e-06,0.0037424656140003193,1.144049520007684e-06,1.0830600558620063e-06,1.6718821882477641e-07,4.0533150169608234e-09,1.382124423798814e-07,4.230202321764409e-08,7.776593520247843e-07,0.0,-1.4634216505271525e-08,7.783997375554463e-07,5.066438935052986e-10,6.288644605056959e-11,2.3371435342589564e-10,3.230151790489799e-08,7.776593520247843e-07,3.046602898848505e-07,1.6668157343247003e-07,3.988417152100965e-09,1.3797871645238047e-07,1.000050620092452e-08,0.0,0.0
4.7410001570824534e-05,0.01997431681957096,0.0011588955631078868,1.1440089496203565e-06,0.0034238537036639645,1.1440509979365743e-06,1.0834050954144914e-06,1.6754022169607197e-07,3.709420548503317e-09,1.3820455535551446e-07,4.230205874478088e-08,7.776603183629049e-07,0.0,-1.4634450096195906e-08,7.786479159221926e-07,7.539007196299963e-10,4.690446642197088e-11,2.337217086534338e-10,3.230152856303903e-08,7.776603183629049e-07,3.047571510705893e-07,1.6678632164257579e-07,3.6658009960888194e-09,1.3797082942801353e-07,1.0000530181741851e-08,0.0,0.0
4.7412500862265006e-05,0.0199743895791471,0.0012334260009083664,1.1440106902633864e-06,0.003139023395423339,1.1440528169259778e-06,1.0837143236130942e-06,1.6783809542175732e-07,3.401804615776882e-09,1.3821576771988475e-07,4.230208006106295e-08,7.776604320497427e-07,0.0,-1.4634603751062514e-08,7.787057256791741e-07,8.115367822192354e-10,3.159394967866547e-11,2.3372978552593793e-10,3.230152856303903e-08,7.776604320497427e-07,3.050085979339201e-07,1.6702655614153628e-07,3.368187950769652e-09,1.3798204179238382e-07,1.0000552386202344e-08,0.0,0.0
4.7415003791684285e-05,0.01997446088353172,0.0009431244856604737,1.1440122422393168e-06,0.0035816215231060026,1.144054408541706e-06,1.0832377483893652e-06,1.673465703788679e-07,3.879747634272235e-09,1.3823175493143935e-07,4.230211558819974e-08,7.776594088682032e-07,0.0,-1.46348240193106e-08,7.784473154970328e-07,5.541710978995695e-10,6.495945448214968e-11,2.337421645126625e-10,3.2301539221180064e-08,7.776594088682032e-07,3.047904044706229e-07,1.667924038883939e-07,3.815830762476935e-09,1.37998000582229e-07,1.0000575478841256e-08,0.0,0.0
4.741750308312476e-05,0.01997453364310786,0.0007171592057818588,1.1440134502546933e-06,0.0029222114890157702,1.1440555454100831e-06,1.0839509059223928e-06,1.6806237113087263e-07,3.167533790815469e-09,1.3822968014665094e-07,4.230214400990917e-08,7.776587835905957e-07,0.0,-1.4635016754027674e-08,7.783253863635764e-07,4.3282236128483476e-10,2.256647993470473e-11,2.337568749677388e-10,3.230154277389374e-08,7.776587835905957e-07,3.056254627153976e-07,1.6762955112881173e-07,3.1456173221755535e-09,1.3799592579744058e-07,1.0000598571480168e-08,0.0,0.0
4.742000237456523e-05,0.01997460494749248,0.0008944279294444968,1.1440145993869828e-06,0.0037775314386333746,1.1440566822784604e-06,1.0830281098606065e-06,1.6715412698431464e-07,4.0911727339221216e-09,1.3821480138176412e-07,4.230216887890492e-08,7.776592383379466e-07,0.0,-1.463517929067848e-08,7.784097419971658e-07,5.167390959570639e-10,5.789166021563652e-11,2.337755267145525e-10,3.230154632660742e-08,7.776592383379466e-07,3.046184247068595e-07,1.6663737767430575e-07,4.029338196431809e-09,1.3798103282169905e-07,1.000062077594066e-08,0.0,0.0
4.74225016660057e-05,0.019974677707068622,0.0011784688672591415,1.144016107617906e-06,0.0037338054939926577,1.1440581602073507e-06,1.083076540453476e-06,1.6720240125778218e-07,4.043997137159749e-09,1.3821410504988307e-07,4.230219730061435e-08,7.776600341458106e-07,0.0,-1.4635432421528094e-08,7.786180731272907e-07,7.242159649756275e-10,3.3871676297092534e-11,2.3379323477179526e-10,3.230155343203478e-08,7.776600341458106e-07,3.0445849574789463e-07,1.6647818767978606e-07,4.013527288293517e-09,1.3798030806810857e-07,1.0000643868579573e-08,0.0,0.0
4.742500095744617e-05,0.01997474901145324,0.0011150380706137497,1.144017742988914e-06,0.003330561920122942,1.1440598655099166e-06,1.0835133252840023e-06,1.676224314905994e-07,3.6087082211366805e-09,1.382310585995583e-07,4.2302222169610104e-08,7.776598636155541e-07,0.0,-1.4635588740929961e-08,7.785665729898028e-07,6.728947399281537e-10,4.350011323372982e-11,2.338055860029442e-10,3.230155343203478e-08,7.776598636155541e-07,3.0494678071590897e-07,1.6694953330897988e-07,3.563640271764257e-09,1.379972616177838e-07,1.0000666073040065e-08,0.0,0.0
4.742750388686545e-05,0.01997482031583786,0.0008125453415582795,1.1440191174404042e-06,0.0036056779646207915,1.1440612297519692e-06,1.0832175121322507e-06,1.6731563334815291e-07,3.905733514386611e-09,1.3824285360897193e-07,4.230225769674689e-08,7.776589541208523e-07,0.0,-1.4635806344642788e-08,7.783621072121605e-07,4.693322397386623e-10,5.047821882708803e-11,2.33818381323303e-10,3.2301564090175816e-08,7.776589541208523e-07,3.0485531965496193e-07,1.6684629144947394e-07,3.857036912080503e-09,1.38009028205488e-07,1.0000692718392656e-08,0.0,0.0
4.743000681628473e-05,0.01997489162022248,0.0006932600323086291,1.1440201911456597e-06,0.0026880710178395118,1.1440622529335087e-06,1.0842095434782095e-06,1.683132495600148e-07,2.9144322510887832e-09,1.382375955927273e-07,4.2302282565742644e-08,7.776587267471768e-07,0.0,-1.4636016842928257e-08,7.783115734127932e-07,4.190515157098673e-10,2.217627470546546e-11,2.3383264768916945e-10,3.2301564090175816e-08,7.776587267471768e-07,3.058979700654163e-07,1.6789419987617293e-07,2.8940869700733174e-09,1.3800375597838865e-07,1.0000717587388408e-08,0.0,0.0
4.7432502469746396e-05,0.019974962924607098,0.0008915899284431816,1.1440213212131712e-06,0.0031664884376152664,1.144063389801886e-06,1.0836934052349534e-06,1.6780879263933457e-07,3.4315026375963953e-09,1.3822528899254394e-07,4.230231454016575e-08,7.776592951813655e-07,0.0,-1.4636185596828e-08,7.78412925228622e-07,5.198073638190692e-10,6.094611620932611e-11,2.338420013181519e-10,3.2301571195603174e-08,7.776592951813655e-07,3.052804231629125e-07,1.672889879955619e-07,3.3673939192624402e-09,1.379914493782053e-07,1.000074245638416e-08,0.0,0.0
4.7435005399165675e-05,0.019975034228991717,0.0011473766064007407,1.1440227750857114e-06,0.00319445472686357,1.1440648677307763e-06,1.0836644150913344e-06,1.6778035671904945e-07,3.461716913122359e-09,1.382238536962177e-07,4.230234651458886e-08,7.776601478326484e-07,0.0,-1.4636416523217122e-08,7.786309765833721e-07,7.369864163386808e-10,2.435417319202049e-11,2.338467475215822e-10,3.230157830103053e-08,7.776601478326484e-07,3.050333816645434e-07,1.6704336758266436e-07,3.4401304027653623e-09,1.3799001408187905e-07,1.0000766437201491e-08,0.0,0.0
4.743750469060615e-05,0.019975105533376336,0.0011151815049492697,1.1440243883888492e-06,0.002912843600473827,1.1440664593465044e-06,1.0839701189979678e-06,1.6807464930934657e-07,3.1574354242280833e-09,1.3823552080793888e-07,4.2302364278157256e-08,7.776599773023918e-07,0.0,-1.4636576395332668e-08,7.785906745993998e-07,6.968575716470582e-10,3.480469731864666e-11,2.3385215985882724e-10,3.230158185374421e-08,7.776599773023918e-07,3.05379444398568e-07,1.673777916266772e-07,3.120292246805434e-09,1.3800166698274552e-07,1.0000783312591466e-08,0.0,0.0
4.744000398204662e-05,0.019975175382569432,0.0008284965112589594,1.1440257460322599e-06,0.003699244509192692,1.1440679372753948e-06,1.0831220151885645e-06,1.672175642397633e-07,4.006733167472021e-09,1.3824538314111123e-07,4.230240335800772e-08,7.776590109642711e-07,0.0,-1.4636784229082878e-08,7.783689284224238e-07,4.760574157103292e-10,5.256386645391409e-11,2.3385945957521415e-10,3.230158895917157e-08,7.776590109642711e-07,3.047530299227219e-07,1.6674150060680404e-07,3.9538505802738655e-09,1.3801152931591787e-07,1.0000813510657736e-08,0.0,0.0
4.744250327348709e-05,0.01997524668695405,0.0006898095980835683,1.1440268286510879e-06,0.0030294475219043446,1.1440689604569343e-06,1.0838460866580135e-06,1.6794750479220966e-07,3.2834548413518405e-09,1.3823988354033645e-07,4.2302428227003475e-08,7.77658669903758e-07,0.0,-1.4636992062833087e-08,7.783011710671417e-07,4.0863137873436983e-10,1.909085216300621e-11,2.3386795278135253e-10,3.2301592511885246e-08,7.77658669903758e-07,3.055448871691624e-07,1.6753887166487402e-07,3.266390713463352e-09,1.3800601550428837e-07,1.0000833938761389e-08,0.0,0.0
4.7444998926948756e-05,0.019975316536147147,0.0009040337266348619,1.1440279419377894e-06,0.0034855096141253395,1.1440699836384738e-06,1.0833543910848675e-06,1.6747038955600146e-07,3.776042145631209e-09,1.3822473476921004e-07,4.2302453095999226e-08,7.776592383379466e-07,0.0,-1.4637158152197571e-08,7.784033186908346e-07,5.102310240978625e-10,6.480275344111774e-11,2.3388008196789656e-10,3.2301596064598925e-08,7.776592383379466e-07,3.049510155506141e-07,1.6696016302830685e-07,3.707815832143524e-09,1.3799085252230725e-07,1.0000854366865042e-08,0.0,0.0
4.744750549434684e-05,0.019975387840531766,0.0011945668541237173,1.1440294383320192e-06,0.003550445044591696,1.1440714615673642e-06,1.0832854968612082e-06,1.674045222443965e-07,3.84614562420893e-09,1.3822072730818036e-07,4.2302488623136014e-08,7.776602615194861e-07,0.0,-1.463739973672773e-08,7.786450737512496e-07,7.509626809287795e-10,3.7765165994407823e-11,2.338981230920467e-10,3.230160672273996e-08,7.776602615194861e-07,3.046403946882492e-07,1.6665356383782637e-07,3.811370774542411e-09,1.3798681663956813e-07,1.0000881012217633e-08,0.0,0.0
4.7450004785787314e-05,0.019975457689724863,0.001178505890327983,1.1440310959041827e-06,0.003069201550439435,1.1440732805567677e-06,1.0838067510121618e-06,1.6791462087439868e-07,3.3264213605832538e-09,1.3823191125084122e-07,4.230250993941809e-08,7.776602046760672e-07,0.0,-1.4637559608843276e-08,7.786292712808063e-07,7.351769193419955e-10,4.672959241780461e-11,2.33920272041388e-10,3.230160672273996e-08,7.776602046760672e-07,3.0517745130964613e-07,1.6717945072741713e-07,3.278565863240601e-09,1.3799798637137428e-07,1.0000901440321286e-08,0.0,0.0
4.7452504077227786e-05,0.01997552753891796,0.0008872228597582785,1.1440325387990463e-06,0.0035876535063622235,1.1440746447988204e-06,1.0832480938915978e-06,1.6734790619921114e-07,3.886318822310386e-09,1.3824089251102123e-07,4.230253836112752e-08,7.776592951813655e-07,0.0,-1.4637763889879807e-08,7.783968953845033e-07,5.036596140151062e-10,7.149882075285774e-11,2.3394652881592037e-10,3.2301617380881e-08,7.776592951813655e-07,3.048511985070945e-07,1.6684424508639495e-07,3.814291549275595e-09,1.3800693920984486e-07,1.0000922756603359e-08,0.0,0.0
4.745499973068945e-05,0.019975598843302578,0.0007155571128061311,1.1440336816514425e-06,0.0032810789757687065,1.1440757816671976e-06,1.0835799457709072e-06,1.6768666455391212e-07,3.555311378633519e-09,1.382344123612711e-07,4.230256678283695e-08,7.776588404340146e-07,0.0,-1.4637966394559498e-08,7.783156092955323e-07,4.22801710309173e-10,3.060532730025933e-11,2.3397475623632147e-10,3.230162093359468e-08,7.776588404340146e-07,3.0526430805366545e-07,1.6726386320442543e-07,3.5259721808955646e-09,1.3800044484924e-07,1.0000945849242271e-08,0.0,0.0
4.745750266010873e-05,0.019975668692495674,0.0008653687800865839,1.1440347859154222e-06,0.003256859996274986,1.144076804848737e-06,1.083607003238285e-06,1.6772717970070516e-07,3.5291563005301896e-09,1.382204857236502e-07,4.23025916518327e-08,7.776592951813655e-07,0.0,-1.4638158241098154e-08,7.783903015479154e-07,4.969860079029331e-10,5.672142269763647e-11,2.3399765458620436e-10,3.2301624486308356e-08,7.776592951813655e-07,3.052166732686601e-07,1.672301834787504e-07,3.4721472363941075e-09,1.3798648978990968e-07,1.0000968053702763e-08,0.0,0.0
4.74600019515492e-05,0.01997573854168877,0.0011010597614342643,1.1440361594498913e-06,0.0029329416854683723,1.1440782827776275e-06,1.0839580681931693e-06,1.680819678995249e-07,3.1791858035035148e-09,1.3821598088270548e-07,4.230261652082845e-08,7.776600909892295e-07,0.0,-1.4638379397524659e-08,7.785821480865707e-07,6.88017087746573e-10,3.2262414961792274e-11,2.3400939519468977e-10,3.230163159173571e-08,7.776600909892295e-07,3.0537592010659864e-07,1.673939493684884e-07,3.1490909879750006e-09,1.3798197073811025e-07,1.0000985817271157e-08,0.0,0.0
4.7462501242989674e-05,0.019975808390881866,0.0011193807181811843,1.1440377104096495e-06,0.002769404238830125,1.1440798743933556e-06,1.084136215467879e-06,1.6825316606627894e-07,3.002411430585994e-09,1.3822285893638764e-07,4.230264494253788e-08,7.776602046760672e-07,0.0,-1.4638549927781241e-08,7.785961315676104e-07,7.019206327285588e-10,2.531512846570827e-11,2.3401222626340257e-10,3.230163159173571e-08,7.776602046760672e-07,3.055401123219781e-07,1.6755124931933096e-07,2.975431678819973e-09,1.379888487917924e-07,1.0001010686266909e-08,0.0,0.0
4.7465000534430146e-05,0.01997587678488344,0.0008823856521019691,1.1440390794977722e-06,0.003251452525082119,1.1440812386354082e-06,1.0836164392458159e-06,1.6772510491591675e-07,3.5233274076063026e-09,1.3823191125084122e-07,4.230267336424731e-08,7.77659465711622e-07,0.0,-1.4638757761531451e-08,7.78397406975273e-07,5.039205164258931e-10,4.9523732337242166e-11,2.34011254818256e-10,3.230163869716307e-08,7.77659465711622e-07,3.0521908911396167e-07,1.6722118800771568e-07,3.4737412946128643e-09,1.37997901106246e-07,1.0001034667084241e-08,0.0,0.0
4.7467503463849425e-05,0.019975946634076536,0.0007009134347085721,1.1440401854194087e-06,0.0028030743540042534,1.1440822618169477e-06,1.0841017683560494e-06,1.682125514435029e-07,3.038817864009502e-09,1.382302912134037e-07,4.2302698233243063e-08,7.776589541208523e-07,0.0,-1.463896914799534e-08,7.782921898069617e-07,3.991945107806316e-10,2.2640377420057867e-11,2.3401006132850455e-10,3.230164224987675e-08,7.776589541208523e-07,3.058096353925066e-07,1.6781335432369815e-07,3.017904592894638e-09,1.3799628106880846e-07,1.0001054207009474e-08,0.0,0.0
4.746999911731109e-05,0.019976016483269632,0.000844726381469485,1.1440412650363486e-06,0.0028946929581493315,1.1440832849984872e-06,1.0840036566150957e-06,1.6812462888537993e-07,3.1378577514118433e-09,1.3821967570493143e-07,4.2302719549525136e-08,7.776592951813655e-07,0.0,-1.463914856003612e-08,7.783494879731734e-07,4.561703237371262e-10,4.545961870827675e-11,2.3401269810818803e-10,3.230164224987675e-08,7.776592951813655e-07,3.0565411179850344e-07,1.6766844623816723e-07,3.0904061532055493e-09,1.379856655603362e-07,1.0001075523291547e-08,0.0,0.0
4.7472505684709176e-05,0.019976084877271205,0.0011094038394744987,1.1440426015442026e-06,0.003152814066441592,1.1440846492405399e-06,1.083725805983704e-06,1.678475172184335e-07,3.416785965271174e-09,1.3821818356518634e-07,4.2302747971234567e-08,7.776600909892295e-07,0.0,-1.463935372925107e-08,7.785258731018985e-07,6.317600331762208e-10,3.940742177022116e-11,2.340218574481412e-10,3.230164935530411e-08,7.776600909892295e-07,3.051999328818056e-07,1.6721575946121447e-07,3.3781688557610323e-09,1.379841592097364e-07,1.000109861593046e-08,0.0,0.0
4.747500497614965e-05,0.0199761547264643,0.0011499259829595987,1.144044179667853e-06,0.0030240595941183513,1.144086240856268e-06,1.083866322915128e-06,1.6797669388779468e-07,3.2776763525532715e-09,1.3822929645357362e-07,4.230276928751664e-08,7.776603183629049e-07,0.0,-1.4639544687611306e-08,7.785592401887698e-07,6.649100714462008e-10,3.06423879326001e-11,2.340385385490862e-10,3.230164935530411e-08,7.776603183629049e-07,3.0530705430464877e-07,1.673117822065251e-07,3.2459959165009877e-09,1.3799525788726896e-07,1.0001117267677273e-08,0.0,0.0
4.747750426759012e-05,0.019976223120465875,0.000993076310363522,1.144045645352875e-06,0.003523234864873317,1.144087832471996e-06,1.083328470485867e-06,1.674315370792101e-07,3.816820637325691e-09,1.382370271585387e-07,4.230279060379871e-08,7.776598636155541e-07,0.0,-1.4639749856826256e-08,7.784250328768394e-07,5.311389661422083e-10,4.063862441006094e-11,2.340614646545447e-10,3.2301652908017786e-08,7.776598636155541e-07,3.049033523438993e-07,1.6690040638422943e-07,3.775249446391626e-09,1.380029601705246e-07,1.0001138583959346e-08,0.0,0.0
4.7479999921051785e-05,0.019976291514467448,0.0008969217583800759,1.144046937998184e-06,0.003310030075449382,1.144089083027211e-06,1.0835597095137928e-06,1.6766379928867536e-07,3.5866152270358498e-09,1.3823630240494822e-07,4.230281902550814e-08,7.776595793984598e-07,0.0,-1.4639951473327528e-08,7.783577871123271e-07,4.641435291663498e-10,3.0092980191076535e-11,2.3408611160569137e-10,3.2301652908017786e-08,7.776595793984598e-07,3.0520186555804685e-07,1.6719964435196744e-07,3.5576812607018837e-09,1.380022212060794e-07,1.0001163452955097e-08,0.0,0.0
