time_s,macro_strain,force_N_per_1mm_b,W_path_N_mm,KE_IE_ratio,ALLWK,ALLIE,ALLSE,ALLKE,ALLAE,ALLVD,ALLDMD,ALLDC,ETOTAL,ITO:ALLIE,ITO:ALLSE,ITO:ALLKE,ITO:ALLAE,ITO:ALLVD,ITO:ALLDMD,PDMS:ALLIE,PDMS:ALLSE,PDMS:ALLKE,PDMS:ALLAE,PDMS:ALLVD,PDMS:ALLDMD,PDMS:ALLDC
4.201250339974649e-05,0.01936753251357004,0.0005987776132636569,1.1326458657039445e-06,0.003601544208684485,1.1326885669404874e-06,1.0725840411396348e-06,1.590796472328293e-07,3.862958841693853e-09,1.3584558189450036e-07,4.2193406102342124e-08,7.776587835905957e-07,0.0,-1.4048147534140298e-08,7.781859494571108e-07,3.168373063910934e-10,1.3605926107995714e-10,2.1032424413203188e-10,3.227497558100367e-08,7.776587835905957e-07,2.943980632608145e-07,1.5876280201609916e-07,3.7228100602249015e-09,1.3563526124471537e-07,9.91843052133845e-09,0.0,0.0
4.2015002691186965e-05,0.019368072389625013,0.00043328806518538876,1.132651437579414e-06,0.004352519320934755,1.1326933417876717e-06,1.07178641428618e-06,1.5829938604383642e-07,4.664971076095981e-09,1.3582855729055154e-07,4.2193462945760984e-08,7.776584425300825e-07,0.0,-1.4048531227217609e-08,7.781667363815359e-07,2.9795019229617026e-10,3.3928079096190444e-11,2.1033277897153368e-10,3.227498268643103e-08,7.776584425300825e-07,2.936196494829346e-07,1.580014412638775e-07,4.6317572000020846e-09,1.3561822242991184e-07,9.918479371151534e-09,0.0,0.0
4.2017501982627437e-05,0.019368612265679985,0.0009382675216684788,1.132658842279608e-06,0.0038588456214957907,1.1327005040584481e-06,1.072320173989283e-06,1.588551015174744e-07,4.137918008240149e-09,1.358053367539469e-07,4.2193548210889276e-08,7.776596930852975e-07,0.0,-1.404882521427453e-08,7.783560818097612e-07,4.860257196703799e-10,1.8588015848752804e-10,2.1034822494936378e-10,3.227501110814046e-08,7.776596930852975e-07,2.9396406375781226e-07,1.5836907607535977e-07,3.95262178543021e-09,1.355950018933072e-07,9.918538879105654e-09,0.0,0.0
4.202000127406791e-05,0.019369152141734958,0.0013957839312830345,1.1326714432645134e-06,0.004161232340390761,1.1327134643579484e-06,1.072009808922303e-06,1.5854162427331175e-07,4.460881886103607e-09,1.3580658730916184e-07,4.219362281787653e-08,7.776615689181199e-07,0.0,-1.4049132524007746e-08,7.788610218995018e-07,9.891242269688405e-10,2.6541845110639173e-11,2.103629909155913e-10,3.227503597713621e-08,7.776615689181199e-07,2.9314873017938226e-07,1.5755250615256955e-07,4.433059253017291e-09,1.355962240268127e-07,9.918586840740318e-09,0.0,0.0
4.202250056550838e-05,0.01936969201778993,0.0012187558445404534,1.1326855585387107e-06,0.004171128077831027,1.1327281299600145e-06,1.07201344690111e-06,1.5852097590141057e-07,4.47150538818164e-09,1.3583181157628132e-07,4.2193697424863785e-08,7.77660716266837e-07,0.0,-1.4049478025413009e-08,7.786151172695099e-07,7.440293381399954e-10,1.355541234815405e-10,2.1036987429834397e-10,3.227504308256357e-08,7.77660716266837e-07,2.933983864750189e-07,1.5777695239194145e-07,4.3363859170142405e-09,1.356214482939322e-07,9.918653454121795e-09,0.0,0.0
4.202500349492766e-05,0.01937023043865338,0.000649466144166555,1.1326956174356736e-06,0.004428092132682408,1.1327382480885717e-06,1.0717488976297318e-06,1.5824092258753808e-07,4.7458028618052595e-09,1.3584912039732444e-07,4.219379690084679e-08,7.776588404340146e-07,0.0,-1.4049764018864153e-08,7.782107331877341e-07,3.4152186634273107e-10,1.2150057349114007e-10,2.103736490566277e-10,3.227507860970036e-08,7.776588404340146e-07,2.935381360202882e-07,1.5789939311616763e-07,4.622334959236696e-09,1.356387429041206e-07,9.918718291146433e-09,0.0,0.0
4.202750278636813e-05,0.019370770314708352,0.0004868225240874935,1.1327017519861088e-06,0.004580473302738638,1.1327437050567823e-06,1.0715913276726496e-06,1.5809834508218046e-07,4.9083954678508235e-09,1.3583448321696778e-07,4.219385729697933e-08,7.776584993735014e-07,0.0,-1.4050132612908328e-08,7.781931685713062e-07,3.2426922258466107e-10,2.5719561896897503e-11,2.103786450602385e-10,3.2275085715127716e-08,7.776584993735014e-07,2.933981875230529e-07,1.5777408179928898e-07,4.884479931632768e-09,1.3562410572376393e-07,9.918770693673196e-09,0.0,0.0
4.2030002077808604e-05,0.0193713087355718,0.0009659645123578642,1.1327095740946146e-06,0.003909826935083696,1.132751208388072e-06,1.0723142622737214e-06,1.5884390336395882e-07,4.192563185512199e-09,1.358108505655764e-07,4.2193931903966586e-08,7.776595225550409e-07,0.0,-1.4050438146284705e-08,7.78361879838485e-07,4.919590845808841e-10,1.3533098253137865e-10,2.1038623621016939e-10,3.227510347869611e-08,7.776595225550409e-07,2.939524108569458e-07,1.5835195199542795e-07,4.057979285931879e-09,1.3560047307237255e-07,9.918826648913637e-09,0.0,0.0
4.2032501369249076e-05,0.01937184715643525,0.0013371493054030736,1.1327219745399183e-06,0.00442234386073023,1.1327641686875722e-06,1.0717795930759166e-06,1.583051698617055e-07,4.739777903495224e-09,1.35813465362844e-07,4.219400651095384e-08,7.776609436405124e-07,0.0,-1.4050769436835253e-08,7.787277809256921e-07,8.564256526177871e-10,2.6159326441121955e-11,2.1039889275265011e-10,3.227512479497818e-08,7.776609436405124e-07,2.930518121502246e-07,1.5744873849143914e-07,4.711507184396169e-09,1.3560305944793072e-07,9.918883492332498e-09,0.0,0.0
4.2035004298668355e-05,0.0193723855772987,0.0010471392993167683,1.132734812047211e-06,0.004129039471933144,1.1327774700475857e-06,1.0721055332396645e-06,1.5860716473525827e-07,4.4267660648245055e-09,1.3583810698492016e-07,4.219407045980006e-08,7.776602046760672e-07,0.0,-1.405116201169676e-08,7.785097864143609e-07,6.391762674695656e-10,9.823988844637199e-11,2.1041623998740988e-10,3.227513190040554e-08,7.776602046760672e-07,2.935956899818848e-07,1.579679889118779e-07,4.331502267973519e-09,1.3562768685915216e-07,9.9189376712161e-09,0.0,0.0
4.203749995213002e-05,0.019372922542970628,0.0005924382171755838,1.1327436160156392e-06,0.0041217890519623605,1.1327861102472525e-06,1.0721214493969455e-06,1.586148670185139e-07,4.419058452498348e-09,1.3584781299869064e-07,4.21941308559326e-08,7.776587835905957e-07,0.0,-1.4051435570650028e-08,7.782115289955982e-07,3.423026029292231e-10,8.131666173749608e-11,2.1043182474311806e-10,3.227515676940129e-08,7.776587835905957e-07,2.9390994882305677e-07,1.5827255595013412e-07,4.334027359220727e-09,1.3563737866206793e-07,9.918976751066566e-09,0.0,0.0
4.2040006519528106e-05,0.019373460963834077,0.0005943303873134909,1.1327500058254067e-06,0.005058673595696845,1.1327919082759763e-06,1.0711274853747454e-06,1.5763684757530427e-07,5.418484327890383e-09,1.3583189684140962e-07,4.219419125206514e-08,7.776587267471768e-07,0.0,-1.4051811270121561e-08,7.782217608109931e-07,3.526341163517799e-10,5.710048753271302e-11,2.1043815301435842e-10,3.227516032211497e-08,7.776587267471768e-07,2.9290566772033344e-07,1.5728421942640125e-07,5.361277644055917e-09,1.356214625047869e-07,9.919032706307007e-09,0.0,0.0
4.2042498535010964e-05,0.019373997929506004,0.0009811048640990805,1.1327584653718902e-06,0.004264724188178175,1.1328003211019677e-06,1.0719821830207366e-06,1.585054008046427e-07,4.571708345224579e-09,1.3581686175712093e-07,4.2194262306338715e-08,7.776599204589729e-07,0.0,-1.4052153218813146e-08,7.784427111801051e-07,5.723406748536775e-10,1.2780186631200507e-10,2.1044650744261872e-10,3.2275181638397044e-08,7.776599204589729e-07,2.9353947184063145e-07,1.5793305863098794e-07,4.4468948523501695e-09,1.356064132096435e-07,9.919079779763251e-09,0.0,0.0
4.204500146443024e-05,0.01937453489517793,0.0012365055633338784,1.1327703731786225e-06,0.004171909501739671,1.1328125992804416e-06,1.0720931413743529e-06,1.5860652524679608e-07,4.472675563249595e-09,1.3582574354131793e-07,4.219430849161654e-08,7.776608867970936e-07,0.0,-1.4052449870405326e-08,7.787124332025996e-07,8.410656060497956e-10,3.776039550484889e-11,2.104627999655051e-10,3.227519229653808e-08,7.776608867970936e-07,2.9338073659346264e-07,1.5776545581047685e-07,4.433934552849905e-09,1.356152807829858e-07,9.919117083256879e-09,0.0,0.0
4.2047500755870715e-05,0.019375071860849857,0.0009614541030521506,1.1327821754675137e-06,0.00394645610839048,1.1328247637720779e-06,1.0723456398409326e-06,1.588344389347185e-07,4.231965000656146e-09,1.358514225557883e-07,4.219438665131747e-08,7.776598067721352e-07,0.0,-1.4052807806308465e-08,7.784282161082956e-07,5.579388062670887e-10,1.3654048724998091e-10,2.104819651904677e-10,3.2275202954679116e-08,7.776598067721352e-07,2.939174521543464e-07,1.5827650656774495e-07,4.097882477793746e-09,1.3564094558660145e-07,9.919184584816776e-09,0.0,0.0
4.205000004731119e-05,0.019375608826521784,0.0005102882205318127,1.1327900782185705e-06,0.0036614302718438784,1.132832494477043e-06,1.072657482836803e-06,1.5913904860553885e-07,3.9274605789785255e-09,1.3585979274921556e-07,4.219445060016369e-08,7.77658669903758e-07,0.0,-1.4053097352473287e-08,7.782121542732057e-07,3.4296512851916816e-10,6.956186321405156e-11,2.1050004794798127e-10,3.227521716553383e-08,7.77658669903758e-07,2.944453569853067e-07,1.5879608383784216e-07,3.856323704809483e-09,1.3564928735831927e-07,9.91923165827302e-09,0.0,0.0
4.2052502976730466e-05,0.01937614579219371,0.0006398641720757325,1.1327962541420935e-06,0.004419016930119601,1.1328379514452536e-06,1.0718534895204357e-06,1.5835696842714242e-07,4.736538716798577e-09,1.3583765223756927e-07,4.219448968001416e-08,7.776588972774334e-07,0.0,-1.4053438412986452e-08,7.782601301187242e-07,3.906931722585938e-10,1.165316038109765e-10,2.1051640985980669e-10,3.227522071824751e-08,7.776588972774334e-07,2.9359341624513036e-07,1.5796626939845737e-07,4.6180175239385335e-09,1.3562713263581827e-07,9.919268961766647e-09,0.0,0.0
4.205499863019213e-05,0.019376681302674115,0.0011786348463225238,1.132805992394923e-06,0.0044721381150793086,1.1328477285132976e-06,1.0718061957959435e-06,1.5832176814001286e-07,4.793265340197195e-09,1.3582405244960682e-07,4.219457494514245e-08,7.776603183629049e-07,0.0,-1.4053777697142777e-08,7.786235300955013e-07,7.52687245864081e-10,1.180622960506028e-10,2.105340207725348e-10,3.227524203452958e-08,7.776603183629049e-07,2.931826088570233e-07,1.5756907600916747e-07,4.675621223526605e-09,1.356135186370011e-07,9.919332910612866e-09,0.0,0.0
4.205750519759022e-05,0.01937721681315452,0.0012477622189061705,1.1328189860055036e-06,0.004618545995554636,1.132861484620662e-06,1.0716631777540897e-06,1.5815780329830886e-07,4.949525678199507e-09,1.3584474345407216e-07,4.219463178856131e-08,7.776606594234181e-07,0.0,-1.405409744137387e-08,7.787313620610803e-07,8.60172655325897e-10,7.217314246243944e-11,2.1055464316521721e-10,3.227524558724326e-08,7.776606594234181e-07,2.929318156930094e-07,1.572976344732524e-07,4.8765351756685504e-09,1.3563419543061173e-07,9.919383536782789e-09,0.0,0.0
4.206000085105188e-05,0.019377752323634923,0.0007975059966013331,1.13282993863115e-06,0.00442089121343838,1.132872512243921e-06,1.0718847534008091e-06,1.583590005793667e-07,4.738685888128202e-09,1.35866457640077e-07,4.219468507926649e-08,7.776592383379466e-07,0.0,-1.4054444719135972e-08,7.783740443301213e-07,5.04186470351442e-10,1.3590568948007586e-10,2.1057536270241428e-10,3.2275263350811656e-08,7.776592383379466e-07,2.9351068064897845e-07,1.5785481366492604e-07,4.605300585325267e-09,1.3565588119490712e-07,9.919423504811675e-09,0.0,0.0
4.206250378047116e-05,0.019378287834115326,0.0005679216773013945,1.1328372506394461e-06,0.0038664188181906454,1.1328793334541842e-06,1.0724832009145757e-06,1.5896516458724363e-07,4.146669230209454e-09,1.3585940905613825e-07,4.219474547539903e-08,7.77658669903758e-07,0.0,-1.405474669979867e-08,7.782906550346524e-07,4.214388282797188e-10,4.337734685333494e-11,2.1059265442602282e-10,3.227527400895269e-08,7.77658669903758e-07,2.9419254587992327e-07,1.585437132689549e-07,4.1031622544096535e-09,1.3564881840011367e-07,9.919471466446339e-09,0.0,0.0
4.206500307191163e-05,0.01937882334459573,0.0008417387026016243,1.1328447995185186e-06,0.004201583875620933,1.1328866094117984e-06,1.0721321359596914e-06,1.5863231794810417e-07,4.504653094983269e-09,1.3584049440851231e-07,4.219480587153157e-08,7.776592951813655e-07,0.0,-1.4055058450423985e-08,7.783984301568125e-07,5.285279436328949e-10,1.227176693596732e-10,2.1060306276687868e-10,3.227528111438005e-08,7.776592951813655e-07,2.937336773811694e-07,1.5810378783953638e-07,4.3815124861623644e-09,1.3562988954163302e-07,9.919524757151521e-09,0.0,0.0
4.206750600133091e-05,0.01937935739988461,0.0011808871065970838,1.1328556014586268e-06,0.004089720868824838,1.1328976370350574e-06,1.0722620800152072e-06,1.587628446486633e-07,4.385252605487722e-09,1.3583868962996348e-07,4.219485916223675e-08,7.776605457365804e-07,0.0,-1.4055379971011916e-08,7.787169806761085e-07,8.457871625289215e-10,6.699959337330696e-11,2.1061212496231718e-10,3.2275298877948444e-08,7.776605457365804e-07,2.935451277608081e-07,1.5791705720857863e-07,4.3177279529516e-09,1.3562807055222947e-07,9.919561172466729e-09,0.0,0.0
4.207000165479258e-05,0.019379891455173492,0.0011566777952700669,1.1328680853476163e-06,0.00460509919432909,1.13291048364772e-06,1.0717244549596217e-06,1.5820680232536688e-07,4.935397424077337e-09,1.3585717795194796e-07,4.219491955836929e-08,7.776604888931615e-07,0.0,-1.4055707708848786e-08,7.786852052049653e-07,8.140702556502788e-10,7.896906045745666e-11,2.1062980526398434e-10,3.227530243066212e-08,7.776604888931615e-07,2.9303927817636577e-07,1.5739273351300653e-07,4.8553698839270965e-09,1.3564654466335924e-07,9.91961801588559e-09,0.0,0.0
4.207250094623305e-05,0.019380425510462373,0.000830491568795444,1.1328786979307042e-06,0.004010148852832031,1.1329211702104658e-06,1.0723697414505295e-06,1.5883703952113137e-07,4.300362288489623e-09,1.358733783263233e-07,4.219499061264287e-08,7.776593520247843e-07,0.0,-1.405605232207563e-08,7.783992259646766e-07,5.292073446128143e-10,9.534686234990986e-11,2.1065522937124825e-10,3.227531664151684e-08,7.776593520247843e-07,2.939705723292718e-07,1.5830784150239197e-07,4.208629444946155e-09,1.3566273082687985e-07,9.91967485930445e-09,0.0,0.0
4.207500023767352e-05,0.019380959565751255,0.0006472130840741164,1.1328865896905569e-06,0.003875074106977138,1.1329287872285931e-06,1.0725212860052125e-06,1.5899566108146246e-07,4.15609946458062e-09,1.35866656592043e-07,4.2195026139779657e-08,7.776589541208523e-07,0.0,-1.4056333874634674e-08,7.783285695950326e-07,4.5891776490059044e-10,2.8802977364295046e-11,2.10674311329484e-10,3.2275323746944196e-08,7.776589541208523e-07,2.941927448318893e-07,1.5853674995014444e-07,4.124651731274298e-09,1.3565599488174485e-07,9.91970505737072e-09,0.0,0.0
4.20775031670928e-05,0.019381493621040136,0.0008531800032983705,1.132894602619194e-06,0.0042725640140845594,1.1329365179335582e-06,1.0721040553107741e-06,1.585931812542185e-07,4.5806332060749355e-09,1.358514083449336e-07,4.2195086535912196e-08,7.776595225550409e-07,0.0,-1.405667227061258e-08,7.784241802255565e-07,5.539878555893551e-10,6.681949438203105e-11,2.106840812921007e-10,3.2275327299657874e-08,7.776595225550409e-07,2.936799035069271e-07,1.5803918529400107e-07,4.515289031559178e-09,1.35640718212926e-07,9.919758348075902e-09,0.0,0.0
4.208000609651208e-05,0.019382026221137494,0.0011383646880182563,1.132905209588159e-06,0.003793785846238589,1.132947204496304e-06,1.0726257642090786e-06,1.5911494699594186e-07,4.069312442567252e-09,1.3585052727194125e-07,4.219514337933106e-08,7.776603183629049e-07,0.0,-1.4056979580345796e-08,7.786495643813396e-07,7.785108113722572e-10,2.8179954897344928e-11,2.1069482269986395e-10,3.227533440508523e-08,7.776603183629049e-07,2.9397628509286733e-07,1.5833643374207895e-07,4.04055899849709e-09,1.3563983713993366e-07,9.919806309710566e-09,0.0,0.0
4.2082501749973744e-05,0.019382558821234852,0.001078725151664628,1.1329170178108036e-06,0.004490969592259445,1.132959482674778e-06,1.0718930525399628e-06,1.5836953082271066e-07,4.8138391051111284e-09,1.3586351599315094e-07,4.21951860118952e-08,7.776600341458106e-07,0.0,-1.4057318864502122e-08,7.785980642438517e-07,7.273225355319823e-10,5.2027566282975e-11,2.107094637660012e-10,3.227533795779891e-08,7.776600341458106e-07,2.9329501671782054e-07,1.5764221927838662e-07,4.760267735548496e-09,1.3565281165028864e-07,9.919847165917872e-09,0.0,0.0
4.2085001041414216e-05,0.01938309142133221,0.0007673808422907769,1.1329268501731248e-06,0.003824841870838748,1.132969259742822e-06,1.0726138270911179e-06,1.5908145201137813e-07,4.102578277098701e-09,1.3587315095264785e-07,4.219523219717303e-08,7.776591814945277e-07,0.0,-1.4057667030442644e-08,7.784022955092951e-07,5.323825824632422e-10,5.847663325786456e-11,2.1073150169304e-10,3.227534506322627e-08,7.776591814945277e-07,2.9421150316011335e-07,1.5854907076118252e-07,4.048573476467254e-09,1.3566243239893083e-07,9.919889798482018e-09,0.0,0.0
4.2087503970833495e-05,0.01938362402142957,0.0007129003156265412,1.132934734152013e-06,0.00354292890407484,1.1329767630741117e-06,1.0729222594818566e-06,1.5939930619879306e-07,3.801287284943555e-09,1.3586387126451882e-07,4.219528548787821e-08,7.7765906780769e-07,0.0,-1.4057952135715368e-08,7.783843898323539e-07,5.146016945900556e-10,4.873390233028907e-11,2.107458652034211e-10,3.227534506322627e-08,7.7765906780769e-07,2.9453784122779325e-07,1.5888470272784616e-07,3.749409671627291e-09,1.3565312428909237e-07,9.919938648295101e-09,0.0,0.0
4.209000326227397e-05,0.019384156621526927,0.0009824534461628787,1.1329437636077989e-06,0.00424875327259689,1.1329857443342917e-06,1.0721767012000782e-06,1.5866162073052692e-07,4.55541426802597e-09,1.3585537317339913e-07,4.2195324567728676e-08,7.776596930852975e-07,0.0,-1.4058310071618507e-08,7.78536673351482e-07,6.662483897912352e-10,5.7627770611023976e-11,2.1075506617673767e-10,3.227534861593995e-08,7.776596930852975e-07,2.936399994268868e-07,1.579953732289141e-07,4.4985770664141e-09,1.3564462619797268e-07,9.919975063610309e-09,0.0,0.0
4.209250255371444e-05,0.019384689221624285,0.001078241374692368,1.132954738870421e-06,0.0035720274175010313,1.1329969993312261e-06,1.0729105497375713e-06,1.5938515218749671e-07,3.8324659001887085e-09,1.3586532077169977e-07,4.219536720029282e-08,7.776600909892295e-07,0.0,-1.4058623598600661e-08,7.786267133269575e-07,7.558787484818197e-10,3.992532346397404e-11,2.1076368428296632e-10,3.2275352168653626e-08,7.776600909892295e-07,2.942838079889043e-07,1.5862927682519512e-07,3.793533487339573e-09,1.356545453745639e-07,9.920017696174455e-09,0.0,0.0
4.209500184515491e-05,0.01938522036653012,0.0009204110683250707,1.1329653546110573e-06,0.004046044304200039,1.133007685893972e-06,1.0724143066909164e-06,1.5887935944647325e-07,4.339035797329416e-09,1.3587512626145326e-07,4.219542759642536e-08,7.776598067721352e-07,0.0,-1.4058937125582815e-08,7.785372986290895e-07,6.667443264163353e-10,5.0976462634411135e-11,2.10769846020753e-10,3.2275352168653626e-08,7.776598067721352e-07,2.938769796401175e-07,1.582126145649454e-07,4.286097698980029e-09,1.356643650751721e-07,9.920073651414896e-09,0.0,0.0
4.209750113659538e-05,0.019385751511435956,0.0008373340584091338,1.1329746907847556e-06,0.0038074682378813774,1.1330168945278274e-06,1.0726779464675928e-06,1.591411518120367e-07,4.08418721065118e-09,1.3587732894393412e-07,4.219546312356215e-08,7.776595225550409e-07,0.0,-1.405927996245282e-08,7.784709623592789e-07,6.006567465632884e-10,5.2602363437292965e-11,2.107826552188996e-10,3.2275355721367305e-08,7.776595225550409e-07,2.942070409517328e-07,1.5854050161578925e-07,4.033775091727421e-09,1.3566655354679824e-07,9.920108290373264e-09,0.0,0.0
4.210000406601466e-05,0.01938628265634179,0.0007894456313053411,1.1329833313422066e-06,0.00395908651921349,1.1330255347274942e-06,1.0725242418629932e-06,1.589841929217073e-07,4.246216267489444e-09,1.3588052638624504e-07,4.2195502203412616e-08,7.776595225550409e-07,0.0,-1.4059579278580259e-08,7.784565241308883e-07,5.861787166772103e-10,4.758712174313118e-11,2.1080667766959493e-10,3.2275355721367305e-08,7.776595225550409e-07,2.9406774615381437e-07,1.5839800937555992e-07,4.1957344265597385e-09,1.3566972256739973e-07,9.920145593866891e-09,0.0,0.0
4.2102503357455134e-05,0.019386813801247627,0.0008087824864873028,1.1329918202494378e-06,0.004224662290128353,1.1330339475534856e-06,1.0722485512815183e-06,1.587100371125416e-07,4.5298880202437886e-09,1.358785368665849e-07,4.219555904683148e-08,7.776599204589729e-07,0.0,-1.4059949648981274e-08,7.78505636844784e-07,6.348811476541982e-10,5.0389220573876514e-11,2.1083233769925158e-10,3.2275359274080984e-08,7.776599204589729e-07,2.937428575933154e-07,1.5807516717813996e-07,4.4816723665519476e-09,1.3566770462603017e-07,9.920197108215234e-09,0.0,0.0
4.2105002648895606e-05,0.01938734349096194,0.0010310251234457724,1.1330015655211108e-06,0.0036795473886439495,1.133043610934692e-06,1.0728401775850216e-06,1.5930368135741446e-07,3.947566273865277e-09,1.3587596470188146e-07,4.2195594573968265e-08,7.776605457365804e-07,0.0,-1.4060239195146096e-08,7.786633204887039e-07,7.91959720025659e-10,3.219231478612805e-11,2.108435787073759e-10,3.227536282679466e-08,7.776605457365804e-07,2.9417682867460826e-07,1.5851171042413625e-07,3.914146784467221e-09,1.35665118250472e-07,9.920231747173602e-09,0.0,0.0
4.210750194033608e-05,0.019387874635867774,0.0011075511059104315,1.1330129244598104e-06,0.0048654527500370266,1.1330552069921396e-06,1.0715853022702504e-06,1.5804029374066886e-07,5.213747655830048e-09,1.3588439173872757e-07,4.219563365381873e-08,7.776606025799992e-07,0.0,-1.4060542063987214e-08,7.787000981807068e-07,8.286581421046435e-10,2.8544984084777347e-11,2.1085283519184372e-10,3.227536637950834e-08,7.776606025799992e-07,2.928851756678341e-07,1.5721164459137071e-07,5.181847395618888e-09,1.3567354528731812e-07,9.92026993884565e-09,0.0,0.0
4.211000123177655e-05,0.019388404325582087,0.0008816400474174202,1.1330234610007476e-06,0.004149424915121268,1.1330658935548854e-06,1.0723596233219723e-06,1.5880718251537473e-07,4.4496757389822506e-09,1.3589239244993223e-07,4.2195683391810235e-08,7.776600341458106e-07,0.0,-1.4060914210745068e-08,7.785581601638114e-07,6.872585278649979e-10,3.144281016109751e-11,2.1087200041680632e-10,3.227536637950834e-08,7.776600341458106e-07,2.938014347364515e-07,1.5811991715963813e-07,4.4241863506044865e-09,1.3568151757681335e-07,9.920317012301894e-09,0.0,0.0
4.211250052321702e-05,0.0193889340152964,0.0008327607176042418,1.133032542005262e-06,0.004088986095781121,1.1330745337545522e-06,1.0724324965849519e-06,1.5889027338289452e-07,4.385161567199702e-09,1.3588240221906744e-07,4.219572602437438e-08,7.776598636155541e-07,0.0,-1.4061163788881004e-08,7.785217803757405e-07,6.510541550319715e-10,2.5257938102152266e-11,2.108933028210913e-10,3.227536993222202e-08,7.776598636155541e-07,2.939107162092114e-07,1.5823921728497226e-07,4.353545079993637e-09,1.3567149892423913e-07,9.92035875668762e-09,0.0,0.0
4.2114999814657494e-05,0.019389463705010712,0.0010387231876297087,1.133042455063013e-06,0.005165298745977745,1.133084424509434e-06,1.0712935818446567e-06,1.5775771089465707e-07,5.533551394876213e-09,1.35875637852223e-07,4.219578286779324e-08,7.776602046760672e-07,0.0,-1.4061583897273522e-08,7.786273954479839e-07,7.562848680642276e-10,2.5772882092378602e-11,2.109096092217655e-10,3.227536993222202e-08,7.776602046760672e-07,2.926661579749634e-07,1.5700142341756873e-07,5.510983225320842e-09,1.356647345573947e-07,9.920412047392801e-09,0.0,0.0
4.211750638205558e-05,0.019389993394725025,0.0010352191600870309,1.1330534405223096e-06,0.003433742167599532,1.1330957931932062e-06,1.0731531574492692e-06,1.5960675625592557e-07,3.6849312490261354e-09,1.358861823064217e-07,4.219583615849842e-08,7.776602046760672e-07,0.0,-1.4061890318828318e-08,7.786233027218259e-07,7.521865907911263e-10,2.6214953818826103e-11,2.1091808855011607e-10,3.227536993222202e-08,7.776602046760672e-07,2.945298263057339e-07,1.5885456150499522e-07,3.6614227205689076e-09,1.3567526480073866e-07,9.920465338097983e-09,0.0,0.0
4.212000567349605e-05,0.019390521629247814,0.0008959659178056079,1.13306364170859e-06,0.0047024596250472015,1.1331057976349257e-06,1.0718076737248339e-06,1.5826044830191677e-07,5.040132311506795e-09,1.3588726233138004e-07,4.219587879106257e-08,7.776599773023918e-07,0.0,-1.4062155884175809e-08,7.785535558468837e-07,6.826820220240393e-10,2.0840806511102095e-11,2.1092359803187577e-10,3.22753734849357e-08,7.776599773023918e-07,2.932541178779502e-07,1.5757775884139846e-07,5.012538384363552e-09,1.3567634482569702e-07,9.92050619430529e-09,0.0,0.0
4.2122504964936525e-05,0.019391049863770604,0.0009624250056226025,1.133073458371016e-06,0.004595162224509185,1.1331155747029698e-06,1.071931365004275e-06,1.5839160028008337e-07,4.9256985157342115e-09,1.3587963110239798e-07,4.219591431819936e-08,7.776601478326484e-07,0.0,-1.4062560005356772e-08,7.78592209371709e-07,7.211390373740301e-10,1.9226533559679737e-11,2.1093196633792388e-10,3.22753734849357e-08,7.776601478326484e-07,2.9333915563256596e-07,1.5767045624670573e-07,4.9131076984565425e-09,1.3566869938586024e-07,9.920539945085238e-09,0.0,0.0
4.212500061839819e-05,0.019391578098293394,0.0010143408613103588,1.1330839003307598e-06,0.0036121054390889132,1.1331261475788779e-06,1.0729916084528668e-06,1.5944891629260383e-07,3.8757588249893615e-09,1.3588247327334102e-07,4.219596405619086e-08,7.776602046760672e-07,0.0,-1.4062823794347423e-08,7.786148330524156e-07,7.436505855551445e-10,1.761352869111832e-11,2.109421110008114e-10,3.22753734849357e-08,7.776602046760672e-07,2.943768038221606e-07,1.587052622653573e-07,3.8552987469131494e-09,1.3567152734594856e-07,9.920589683076741e-09,0.0,0.0
4.212749990983866e-05,0.019392106332816184,0.0008532846996871513,1.1330937657737294e-06,0.004818462188892494,1.1331360383337596e-06,1.071712858902174e-06,1.5816392817669112e-07,5.164007887970001e-09,1.3588895342309115e-07,4.219601734689604e-08,7.776599773023918e-07,0.0,-1.4063172848466365e-08,7.785329785292561e-07,6.62060350986593e-10,1.88103733977929e-11,2.1095138136306701e-10,3.22753734849357e-08,7.776599773023918e-07,2.93179880372918e-07,1.5750187287721928e-07,5.14469977730414e-09,1.356780074956987e-07,9.920642085603504e-09,0.0,0.0
4.213000647723675e-05,0.019392634567338973,0.0008164556936023359,1.1331025859189278e-06,0.0035957570180007443,1.1331446785334265e-06,1.0730267376857228e-06,1.5948091913742246e-07,3.8583434225358815e-09,1.3588594072189153e-07,4.219605997946019e-08,7.776599204589729e-07,0.0,-1.4063519238050048e-08,7.785176308061637e-07,6.467896773720838e-10,1.7777390670659088e-11,2.1095770963430738e-10,3.22753734849357e-08,7.776599204589729e-07,2.945091068795591e-07,1.5883412629591476e-07,3.844860430035624e-09,1.3567498058364436e-07,9.92068294181081e-09,0.0,0.0
4.213250213069841e-05,0.019393162801861763,0.0009926363036356634,1.1331121421674063e-06,0.004270937856956262,1.1331541145409574e-06,1.0723144896473968e-06,1.5877404280217888e-07,4.579788548397801e-09,1.358802137474413e-07,4.219610971745169e-08,7.776602046760672e-07,0.0,-1.4063774145256502e-08,7.786192668390868e-07,7.481092412220391e-10,2.6649302556358556e-11,2.1096321911606708e-10,3.227537703764938e-08,7.776602046760672e-07,2.9369519438660063e-07,1.580259407774065e-07,4.546412579742309e-09,1.3566925360919413e-07,9.920730903445474e-09,0.0,0.0
4.2135001422138885e-05,0.01939368958119303,0.0010300264507279167,1.1331227971367376e-06,0.004646363328311456,1.1331650284773787e-06,1.0719242027334985e-06,1.583805158134055e-07,4.980549306310422e-09,1.358832975029145e-07,4.2196152350015836e-08,7.776603752063238e-07,0.0,-1.4064177378259046e-08,7.786721312186273e-07,8.008170238049672e-10,2.4881168306234436e-11,2.1097157354432738e-10,3.227537703764938e-08,7.776603752063238e-07,2.9325201467145234e-07,1.5757969151763973e-07,4.9611577068731094e-09,1.356723231538126e-07,9.92077353600962e-09,0.0,0.0
4.213750071357936e-05,0.019394216360524297,0.0008484678786047084,1.1331326926566036e-06,0.0033161478619248706,1.1331750329190982e-06,1.0733550652730628e-06,1.5980425871475745e-07,3.559404104791497e-09,1.3589090031018713e-07,4.21961914298663e-08,7.776598636155541e-07,0.0,-1.4064456266282832e-08,7.785519073877367e-07,6.810646491217653e-10,4.223081259691064e-11,2.109817459627905e-10,3.2275380590363056e-08,7.776598636155541e-07,2.9480312946361664e-07,1.591232035025314e-07,3.516881230680724e-09,1.3567992596108525e-07,9.920812615860086e-09,0.0,0.0
4.2140003642998636e-05,0.019394743139855564,0.0006819327778746498,1.1331407544909475e-06,0.004447862441400528,1.1331829909977387e-06,1.0721531680246699e-06,1.5859959034969506e-07,4.768789807485518e-09,1.3589429670446407e-07,4.2196248273285164e-08,7.776592951813655e-07,0.0,-1.4064752917875012e-08,7.784562967572128e-07,5.860126828238776e-10,3.079779486991896e-11,2.1099443026084685e-10,3.2275384143076735e-08,7.776592951813655e-07,2.9369689968916646e-07,1.5801357733380428e-07,4.734661107619331e-09,1.3568330814450746e-07,9.92086235385159e-09,0.0,0.0
4.21424992964603e-05,0.019395268463995308,0.0006872158313848686,1.133147946959101e-06,0.003923252746126273,1.1331900395816774e-06,1.0727201242843876e-06,1.5916921825009922e-07,4.208552173423641e-09,1.3589153979864932e-07,4.219629801127667e-08,7.776592951813655e-07,0.0,-1.4065132170060224e-08,7.784601621096954e-07,5.898793120628909e-10,2.4195289868855774e-11,2.1100364511195124e-10,3.2275387695790414e-08,7.776592951813655e-07,2.942598769095639e-07,1.585793398817259e-07,4.189288471678765e-09,1.35680537027838e-07,9.920912091843093e-09,0.0,0.0
4.214500222587958e-05,0.019395795243326575,0.0008831631498996129,1.1331562193909969e-06,0.0035362135787952967,1.1331982250339934e-06,1.0731415613918216e-06,1.5959774657403614e-07,3.794857761363346e-09,1.358838659371031e-07,4.219634064384081e-08,7.776599773023918e-07,0.0,-1.4065413722619269e-08,7.785767479617789e-07,7.057893158801676e-10,5.870325059387227e-11,2.1100599045809076e-10,3.227539480121777e-08,7.776599773023918e-07,2.945648134300427e-07,1.5889196447460563e-07,3.733287012863684e-09,1.356728631662918e-07,9.92094761897988e-09,0.0,0.0
4.214750151732005e-05,0.01939632202265784,0.0010889946926990746,1.1331666083108916e-06,0.004219942938387796,1.1332086842230638e-06,1.072421014214342e-06,1.588740730085192e-07,4.525555485912491e-09,1.3588623914984055e-07,4.2196390381832316e-08,7.776606594234181e-07,0.0,-1.4065743236812978e-08,7.787668323544494e-07,8.951435148674136e-10,1.7737812954554677e-11,2.110115554510017e-10,3.227540190664513e-08,7.776606594234181e-07,2.9365415343818313e-07,1.5797893127000862e-07,4.508248441226215e-09,1.3567522216817451e-07,9.920992027900866e-09,0.0,0.0
4.2150000808760524e-05,0.019396847346797585,0.0010123537597330756,1.1331776472015724e-06,0.003520827921838881,1.133220052906836e-06,1.0731790780482697e-06,1.596152827687547e-07,3.778478863125656e-09,1.359036758685761e-07,4.2196450777964856e-08,7.776600909892295e-07,0.0,-1.4066064757400909e-08,7.786444484736421e-07,7.732905982216209e-10,5.643276471123393e-11,2.1102306013709438e-10,3.227540545935881e-08,7.776600909892295e-07,2.945346295746276e-07,1.5884198489857226e-07,3.724283992312394e-09,1.3569264467605535e-07,9.921047094962887e-09,0.0,0.0
4.21525037381798e-05,0.01939737267093733,0.000750635965314217,1.1331869086121793e-06,0.0036181612457748193,1.1332292615406914e-06,1.073083808478259e-06,1.595129361930958e-07,3.882590249304485e-09,1.3591154868208832e-07,4.219650406867004e-08,7.776593520247843e-07,0.0,-1.406635963263625e-08,7.78476248797233e-07,6.059013846204664e-10,2.3961043219000722e-11,2.1103399583388693e-10,3.2275412564786166e-08,7.776593520247843e-07,2.9460755968102603e-07,1.5890702798060374e-07,3.8564005322427874e-09,1.3570051748956757e-07,9.921089727527033e-09,0.0,0.0
4.215500666759908e-05,0.019397897995077074,0.0007598147407748002,1.1331948433743573e-06,0.00407642134885052,1.1332368785588187e-06,1.0726012078521308e-06,1.59041590563902e-07,4.37237446249128e-09,1.3590023684173502e-07,4.219655025394786e-08,7.776594088682032e-07,0.0,-1.4066696252257316e-08,7.784856848047639e-07,6.152226506017655e-10,3.338845866451834e-11,2.110440433522598e-10,3.2275412564786166e-08,7.776594088682032e-07,2.941155514690763e-07,1.5842636003071675e-07,4.3387613501977285e-09,1.3568919143835956e-07,9.921135912804857e-09,0.0,0.0
4.215750232106075e-05,0.019398421864025295,0.001042097283232124,1.1332042830319253e-06,0.003864563832930777,1.1332463145663496e-06,1.0728366532930522e-06,1.5928256402730767e-07,4.146045728958825e-09,1.358938561679679e-07,4.2196603544653044e-08,7.776601478326484e-07,0.0,-1.4067017772845247e-08,7.786766218487173e-07,8.053807065699914e-10,3.401161297045263e-11,2.11054354548601e-10,3.227541967021352e-08,7.776601478326484e-07,2.9416000302262546e-07,1.5847719225803303e-07,4.1128771499643335e-09,1.3568281076459243e-07,9.921182986261101e-09,0.0,0.0
4.216000161250122e-05,0.01939894718816504,0.0011048620831726197,1.1332155615277475e-06,0.003989804086441143,1.1332577969369595e-06,1.0727139851951506e-06,1.5914784512460756e-07,4.2799186417141755e-09,1.3590579328592867e-07,4.219664617721719e-08,7.776603183629049e-07,0.0,-1.4067316200794266e-08,7.787330105202273e-07,8.616340974043624e-10,2.892021865041894e-11,2.1106250081004418e-10,3.22754232229272e-08,7.776603183629049e-07,2.939809462532139e-07,1.5828619837066071e-07,4.249446128312684e-09,1.3569473367169849e-07,9.921223842468407e-09,0.0,0.0
4.21625045419205e-05,0.01939947105711326,0.0008544590976242716,1.1332258258030097e-06,0.004198757808478563,1.1332682561260299e-06,1.0725007086875848e-06,1.5892304361386778e-07,4.503170725200789e-09,1.3591814251867618e-07,4.219669946792237e-08,7.776595793984598e-07,0.0,-1.4067654596772172e-08,7.785508273627784e-07,6.801904595121755e-10,5.467325897567932e-11,2.1107020298227752e-10,3.227542677564088e-08,7.776595793984598e-07,2.939499097465159e-07,1.5824284105292463e-07,4.449502100101199e-09,1.3570706869359128e-07,9.92127358045991e-09,0.0,0.0
4.216500019538216e-05,0.01939999492606148,0.0007266090660920099,1.1332341085281696e-06,0.0036497108446575735,1.1332762142046704e-06,1.0730950634751935e-06,1.5952029741583829e-07,3.916486690513921e-09,1.3591557035397273e-07,4.2196749205913875e-08,7.776591814945277e-07,0.0,-1.40679849991443e-08,7.784763056406518e-07,6.060305035582303e-10,3.5903016670779664e-11,2.1108362280308768e-10,3.227543032835456e-08,7.776591814945277e-07,2.946187578345416e-07,1.5891426130565378e-07,3.881689636386909e-09,1.3570448231803312e-07,9.921318877559315e-09,0.0,0.0
4.216750312480144e-05,0.019400518795009702,0.0008924025245664602,1.133242590027161e-06,0.004156163633452129,1.133284513343824e-06,1.0725617585194414e-06,1.589929041756477e-07,4.457742175389967e-09,1.359092891561886e-07,4.219678828576434e-08,7.776595793984598e-07,0.0,-1.4068260334454408e-08,7.785639013491163e-07,6.932375229418142e-10,5.1923736144043886e-11,2.1109737569080522e-10,3.227543032835456e-08,7.776595793984598e-07,2.93997857170325e-07,1.5829967026093072e-07,4.402216813303994e-09,1.3569818690939428e-07,9.921357957409782e-09,0.0,0.0
4.217000605422072e-05,0.019401042663957924,0.0010978884652464993,1.133253016543636e-06,0.004338662814581616,1.1332950862197322e-06,1.072376903721306e-06,1.588032176869092e-07,4.6526817953918e-09,1.3591353820174845e-07,4.2196841576469524e-08,7.776602046760672e-07,0.0,-1.4068630704855423e-08,7.787128311065317e-07,8.415297902963914e-10,4.061587524639698e-11,2.1110894976583694e-10,3.227543388106824e-08,7.776602046760672e-07,2.936641294581932e-07,1.5796169350323908e-07,4.615381854478073e-09,1.3570243595495413e-07,9.921405919044446e-09,0.0,0.0
4.2172501707682386e-05,0.019401565077714622,0.0011418962890180628,1.1332647174873127e-06,0.003647522272913823,1.1333069096508552e-06,1.0731268957897555e-06,1.5954398691064853e-07,3.914254254056004e-09,1.3592257630534732e-07,4.219688420903367e-08,7.776603183629049e-07,0.0,-1.4068925580090763e-08,7.787468803144293e-07,8.754637570440593e-10,3.2320025128429464e-11,2.1111949688457088e-10,3.227543743378192e-08,7.776603183629049e-07,2.943799870536168e-07,1.586685129950638e-07,3.880594956484629e-09,1.3571145984769828e-07,9.921449439787011e-09,0.0,0.0
4.217500099912286e-05,0.019402088946662843,0.0010453466736332073,1.1332761757740163e-06,0.004592909277153647,1.1333185057083028e-06,1.0721280432335334e-06,1.5854001844672894e-07,4.924186836063882e-09,1.3592818959295982e-07,4.2196930394311494e-08,7.776598636155541e-07,0.0,-1.4069263087890249e-08,7.786480864524492e-07,7.771005505752271e-10,4.770563805100991e-11,2.1112796233513365e-10,3.227543743378192e-08,7.776598636155541e-07,2.934799567810842e-07,1.5776291206748283e-07,4.874806780463814e-09,1.3571705892445607e-07,9.921491184172737e-09,0.0,0.0
4.217750392854214e-05,0.01940261136041954,0.0008691765464412526,1.1332861775066932e-06,0.003781828504124126,1.1333285101500223e-06,1.0730040003181784e-06,1.5941043329803506e-07,4.0579171134425e-09,1.3593421499535907e-07,4.2196980132303e-08,7.776593520247843e-07,0.0,-1.4069633458291264e-08,7.785420166328549e-07,6.714930833595645e-10,4.022238792034116e-11,2.1113581716303287e-10,3.2275444539209275e-08,7.776593520247843e-07,2.9446201210703293e-07,1.5873894199103233e-07,4.022592037244976e-09,1.357230701160006e-07,9.921535593093722e-09,0.0,0.0
4.218000321998261e-05,0.01940313377417624,0.0007437344495553333,1.1332946035756195e-06,0.0037146865952377723,1.133336809289176e-06,1.0730836947914213e-06,1.5948928933084972e-07,3.986169616609914e-09,1.3593525238775328e-07,4.219702631758082e-08,7.776591246511089e-07,0.0,-1.4069874154643003e-08,7.784862532389525e-07,6.159538989969349e-10,3.4408927096496456e-11,2.1114236747887816e-10,3.2275444539209275e-08,7.776591246511089e-07,2.945974415524688e-07,1.58873334044074e-07,3.9469729706809176e-09,1.357241075083948e-07,9.921581778371547e-09,0.0,0.0
4.218250614940189e-05,0.01940365618793294,0.0008975115925728971,1.1333031776707247e-06,0.004675800367874431,1.1333451084283297e-06,1.0720650607254356e-06,1.5847842860239325e-07,5.012762205325316e-09,1.3592706693543732e-07,4.219706539743129e-08,7.776595793984598e-07,0.0,-1.40702391959735e-08,7.785649813740747e-07,6.942935115716864e-10,5.169105074531721e-11,2.1115040271801888e-10,3.2275448091922954e-08,7.776595793984598e-07,2.935000509296515e-07,1.5778414308442734e-07,4.962165789379469e-09,1.3571592205607885e-07,9.921619081865174e-09,0.0,0.0
4.218500180286355e-05,0.019404177146498114,0.0011052819082735255,1.1333136113950102e-06,0.0037144903932894062,1.1333556813042378e-06,1.0731019983722945e-06,1.595157357314747e-07,3.986027063973552e-09,1.3592614322988084e-07,4.219711158270911e-08,7.776601478326484e-07,0.0,-1.4070569598345628e-08,7.787120352986676e-07,8.407364804341455e-10,4.1270729889131275e-11,2.111575220231643e-10,3.227545164463663e-08,7.776601478326484e-07,2.9438996307362686e-07,1.5867499314481393e-07,3.946736715221277e-09,1.3571498413966765e-07,9.92166260260774e-09,0.0,0.0
4.218750473228283e-05,0.019404699560254812,0.0009987742076198458,1.1333246032736082e-06,0.00415710595159109,1.1333669363011722e-06,1.072639861376956e-06,1.590442053611696e-07,4.459077551643986e-09,1.359356502916853e-07,4.219715776798694e-08,7.776600341458106e-07,0.0,-1.4070844933655735e-08,7.786693458911031e-07,7.981223459907483e-10,3.82099039908379e-11,2.1116523807318544e-10,3.227545164463663e-08,7.776600341458106e-07,2.939705723292718e-07,1.582460811277997e-07,4.4181946989851895e-09,1.357244769906174e-07,9.921705235171885e-09,0.0,0.0
4.21900003857445e-05,0.019405220518819988,0.0008210623786091276,1.1333340838681763e-06,0.004106632377927916,1.1333763723087031e-06,1.0727027301982162e-06,1.5910354989046027e-07,4.405195763723668e-09,1.3593978565040743e-07,4.219720040055108e-08,7.776594088682032e-07,0.0,-1.4071203757737294e-08,7.78519108735054e-07,6.485390557919857e-10,5.2317223470099705e-11,2.1117464721331913e-10,3.227545519735031e-08,7.776594088682032e-07,2.941836214631621e-07,1.584550091138226e-07,4.355235727615536e-09,1.3572861234933953e-07,9.921742538665512e-09,0.0,0.0
4.219249967718497e-05,0.019405741477385163,0.0008156018003759868,1.1333426102103998e-06,0.003970959979285654,1.1333846714478568e-06,1.0728556389949517e-06,1.5925738239275233e-07,4.2602668059998905e-09,1.359391887945094e-07,4.219724658582891e-08,7.776591246511089e-07,0.0,-1.4071505738399992e-08,7.784954618728079e-07,6.251751338837153e-10,3.011607629943569e-11,2.1118480575399445e-10,3.227546230277767e-08,7.776591246511089e-07,2.943602055438532e-07,1.5863220426126645e-07,4.22839852021184e-09,1.3572800128258677e-07,9.921784283051238e-09,0.0,0.0
4.219499896862544e-05,0.01940626243595034,0.0008820302071645067,1.1333514541697483e-06,0.003994410587305516,1.133393539021199e-06,1.0728390407166444e-06,1.592399740957262e-07,4.2853596227132584e-09,1.3593979986126214e-07,4.2197285665679374e-08,7.776592383379466e-07,0.0,-1.4071851239805255e-08,7.785163802509487e-07,6.45914044472562e-10,4.608235668057681e-11,2.1119035686911758e-10,3.227546230277767e-08,7.776592383379466e-07,2.9432266046569566e-07,1.5859406232721085e-07,4.241969442375648e-09,1.3572861234933953e-07,9.921823362901705e-09,0.0,0.0
4.219750189804472e-05,0.01940678193932399,0.0010597758345969877,1.133361541917645e-06,0.0034810052845328254,1.1334035434629186e-06,1.0733975841503707e-06,1.5980221235167846e-07,3.7365026628322084e-09,1.3593549397228344e-07,4.2197342509098235e-08,7.776598636155541e-07,0.0,-1.407213368054272e-08,7.786430842315895e-07,7.720447614545378e-10,5.110385378759297e-11,2.1119120341417386e-10,3.2275469408205026e-08,7.776598636155541e-07,2.947544714970718e-07,1.5903016503671097e-07,3.6843181838719374e-09,1.3572430646036082e-07,9.921872212714788e-09,0.0,0.0
4.2200004827464e-05,0.019407302897889167,0.0012327069173210248,1.1333734848028962e-06,0.004158695524907381,1.133415594267717e-06,1.0726848813646939e-06,1.590869374012982e-07,4.460969815767157e-09,1.359375971787813e-07,4.219737803623502e-08,7.776602615194861e-07,0.0,-1.4072444542989615e-08,7.787668323544494e-07,8.953432995006949e-10,3.790839170347837e-11,2.1118992665769554e-10,3.2275472960918705e-08,7.776602615194861e-07,2.93918020588535e-07,1.5819159671082161e-07,4.421661703446489e-09,1.3572640966685867e-07,9.921907739851576e-09,0.0,0.0
4.2202500480925664e-05,0.01940782240126282,0.0010087117153583236,1.1333851290483107e-06,0.003927534706243918,1.1334276450725156e-06,1.0729435189205105e-06,1.5932796770812274e-07,4.214022908399784e-09,1.3595595760307333e-07,4.2197427774226526e-08,7.776595225550409e-07,0.0,-1.4072780274432262e-08,7.785702678120288e-07,6.995399259857038e-10,8.516917726630879e-11,2.1119084259169085e-10,3.2275476513632384e-08,7.776595225550409e-07,2.943731942650629e-07,1.5862843838476692e-07,4.130267239332852e-09,1.357447700911507e-07,9.921949484237302e-09,0.0,0.0
4.220500704832375e-05,0.019408343359827995,0.0006140979093709475,1.1333935832140473e-06,0.00419561338267308,1.1334359442116693e-06,1.0726648724812549e-06,1.5904475958450348e-07,4.500487094105665e-09,1.3596149983641226e-07,4.219747395950435e-08,7.77658669903758e-07,0.0,-1.4073068932418664e-08,7.783683599882352e-07,4.984934132146179e-10,4.317406848697303e-11,2.1119668514035794e-10,3.227548717177342e-08,7.77658669903758e-07,2.9429656933643855e-07,1.585462570119489e-07,4.454656643559929e-09,1.3575029811363493e-07,9.92198856408777e-09,0.0,0.0
4.2207502701785415e-05,0.019408861408010125,0.0006887994843968945,1.1334003328503107e-06,0.004308749992977714,1.133442196987744e-06,1.0725499350883183e-06,1.589458804573951e-07,4.6213495252800385e-09,1.3594524261861807e-07,4.2197516592068496e-08,7.776587835905957e-07,0.0,-1.4073415322002347e-08,7.783922342241567e-07,5.222193788512186e-10,4.963867858420734e-11,2.1120412363462293e-10,3.22754907244871e-08,7.776587835905957e-07,2.941577008641616e-07,1.5842365996832086e-07,4.574329359741114e-09,1.3573402668498602e-07,9.922027643938236e-09,0.0,0.0
4.221000199322589e-05,0.019409380911383778,0.001052393092689119,1.1334093784044904e-06,0.003763428547017348,1.1334512919347617e-06,1.0731414477049839e-06,1.5954239529492042e-07,4.038691159280461e-09,1.3593935932476597e-07,4.219755922463264e-08,7.776596362418786e-07,0.0,-1.4073695986382972e-08,7.785858429087966e-07,7.150071645867229e-10,4.9903810250828684e-11,2.1120681592545765e-10,3.227549782991446e-08,7.776596362418786e-07,2.945555479527684e-07,1.5882739035077975e-07,3.987589813903014e-09,1.3572815760198864e-07,9.922061394718185e-09,0.0,0.0
4.2212504922645167e-05,0.01940990041475743,0.0010811494370725483,1.1334204622299107e-06,0.004602549371855274,1.1334627743053716e-06,1.072256054612808e-06,1.5864462454828754e-07,4.935111430626193e-09,1.3595152381640219e-07,4.219759830448311e-08,7.776599204589729e-07,0.0,-1.4074014842435645e-08,7.78633875597734e-07,7.627399822851544e-10,3.106451901269125e-11,2.1120573345800864e-10,3.2275501382628136e-08,7.776599204589729e-07,2.9362220743678336e-07,1.5788187113230379e-07,4.902900307968139e-09,1.3574032209362485e-07,9.922098698211812e-09,0.0,0.0
4.221500057610683e-05,0.01941041846293956,0.0008324159623407379,1.1334303754206761e-06,0.003639241985399332,1.133472778747091e-06,1.0732948112490703e-06,1.5967542310590943e-07,3.905979539808868e-09,1.359600503292313e-07,4.219764804247461e-08,7.776592951813655e-07,0.0,-1.4074363896554587e-08,7.784599915794388e-07,5.89517823446073e-10,5.892692583886472e-11,2.112099106721388e-10,3.2275504935341814e-08,7.776592951813655e-07,2.9483473440450325e-07,1.59085900008904e-07,3.8519307743456466e-09,1.3574883439559926e-07,9.922143107132797e-09,0.0,0.0
4.221750350552611e-05,0.01941093651112169,0.0007028547001144414,1.1334383288624338e-06,0.003930317932320061,1.1334805094520561e-06,1.0729910400186782e-06,1.5937655462039402e-07,4.2171959258041625e-09,1.3595571601854317e-07,4.21976835696114e-08,7.776588404340146e-07,0.0,-1.4074597487478968e-08,7.783796718285885e-07,5.096282285066422e-10,3.635551582004126e-11,2.1122155413610955e-10,3.227550848805549e-08,7.776588404340146e-07,2.9461139661179914e-07,1.5886692494859744e-07,4.174500745079968e-09,1.357444858740564e-07,9.922173305199067e-09,0.0,0.0
4.222000279696658e-05,0.01941145455930382,0.0007149143329963081,1.1334456735891366e-06,0.004660192666184374,1.1334877854096703e-06,1.0722183105826844e-06,1.5860941005030327e-07,4.9967439075260245e-09,1.3595007430922124e-07,4.21977333076029e-08,7.776588404340146e-07,0.0,-1.4074998944124673e-08,7.783822866258561e-07,5.122200996687809e-10,3.576479390421383e-11,2.1123891524865712e-10,3.227551204076917e-08,7.776588404340146e-07,2.938360239568283e-07,1.580971797920938e-07,4.964939126494983e-09,1.3573882995387976e-07,9.92222126683373e-09,0.0,0.0
4.2222502088407055e-05,0.01941197260748595,0.0008291398694666441,1.1334536725338636e-06,0.003497163792296371,1.1334957434883108e-06,1.073468524737109e-06,1.5986472590157064e-07,3.754095256880419e-09,1.3594444681075402e-07,4.219777238745337e-08,7.776593520247843e-07,0.0,-1.4075285825754236e-08,7.784661875120946e-07,5.955806403612485e-10,3.95759293392306e-11,2.1126103644242278e-10,3.227551914619653e-08,7.776593520247843e-07,2.9500233722501434e-07,1.5926914898045652e-07,3.713786389525353e-09,1.3573318824455782e-07,9.92225501761368e-09,0.0,0.0
4.2225005017826334e-05,0.01941249065566808,0.00105498788663283,1.133463433223453e-06,0.004897138236872746,1.1335054068695172e-06,1.071982410394412e-06,1.583812547778507e-07,5.249646051197487e-09,1.3594120673587895e-07,4.2197815020017515e-08,7.776599204589729e-07,0.0,-1.4075582477346416e-08,7.786146056787402e-07,7.43405392800156e-10,1.532728284570073e-11,2.1127874449966555e-10,3.227552269891021e-08,7.776599204589729e-07,2.933677762939624e-07,1.5763785654598905e-07,5.230170074810303e-09,1.3572991974797333e-07,9.922293209285726e-09,0.0,0.0
4.2227500671288e-05,0.019413007248658687,0.0010406619088687563,1.1334742592034043e-06,0.004254966542289071,1.1335166618664516e-06,1.0726786285886192e-06,1.590662748185423e-07,4.5642116752731e-09,1.359525754196511e-07,4.219785409986798e-08,7.776597499287163e-07,0.0,-1.4075959953174788e-08,7.785649813740747e-07,6.939915864201396e-10,2.7899405008469103e-11,2.1129026306354604e-10,3.227552269891021e-08,7.776597499287163e-07,2.941135903711256e-07,1.583722877285254e-07,4.542392684214747e-09,1.357412884317455e-07,9.922330512779354e-09,0.0,0.0
4.222999996272847e-05,0.019413523841649294,0.0007591808431027802,1.133483557064903e-06,0.0038176204425762568,1.133525870500307e-06,1.0731549764386727e-06,1.59535730404059e-07,4.096898376104718e-09,1.3596009296179545e-07,4.219789673243213e-08,7.7765906780769e-07,0.0,-1.4076209531310724e-08,7.783922910675756e-07,5.219171761439156e-10,2.1777961378699473e-11,2.1129718807966213e-10,3.227552625162389e-08,7.7765906780769e-07,2.947626285276783e-07,1.5901382255378849e-07,4.071530668170453e-09,1.3574880597388983e-07,9.922368704451401e-09,0.0,0.0
4.223249925416894e-05,0.0194140404346399,0.0007721975010488435,1.1334914680580887e-06,0.004520450395806098,1.1335333738315967e-06,1.0724111234594602e-06,1.588038713862261e-07,4.8477812875091786e-09,1.3594818426554411e-07,4.2197928706855237e-08,7.7765906780769e-07,0.0,-1.407657546081964e-08,7.783914384162927e-07,5.210513132070105e-10,1.9152008104428297e-11,2.1129990812607247e-10,3.2275529804337566e-08,7.7765906780769e-07,2.9401968504316756e-07,1.582828161872385e-07,4.8299129140616515e-09,1.3573688306678378e-07,9.92239979069609e-09,0.0,0.0
4.223500218358822e-05,0.019414557027630508,0.0010085101684182973,1.1335006670690923e-06,0.0037944079247047304,1.1335426961522899e-06,1.073195676326577e-06,1.5959122379172186e-07,4.072142179012417e-09,1.359448873472502e-07,4.2197967786705703e-08,7.776595793984598e-07,0.0,-1.4076888099623375e-08,7.785201887600124e-07,6.492640314270659e-10,2.013288667723767e-11,2.113003244597067e-10,3.2275529804337566e-08,7.776595793984598e-07,2.9467554440998356e-07,1.589419582614937e-07,4.052816748867372e-09,1.3573358614848985e-07,9.922435317832878e-09,0.0,0.0
4.2237501475028694e-05,0.019415073620621115,0.0010147215455873493,1.1335111189423105e-06,0.004232876222406177,1.1335533827150357e-06,1.0727374046837213e-06,1.5912266349005222e-07,4.540764653171436e-09,1.3595503389751684e-07,4.219800686655617e-08,7.776596930852975e-07,0.0,-1.4077190080286073e-08,7.78528089995234e-07,6.5708599672476e-10,1.6642421815649122e-11,2.1130301675054142e-10,3.2275533357051245e-08,7.776596930852975e-07,2.942093146884872e-07,1.58465567778876e-07,4.522641372517455e-09,1.357437326987565e-07,9.922475285861765e-09,0.0,0.0
4.224000440444797e-05,0.0194155887584202,0.0009379585659115008,1.13352117793566e-06,0.003853206891805553,1.1335633871567552e-06,1.0731527027019183e-06,1.595361993622646e-07,4.135079390010787e-09,1.359569665737581e-07,4.21980352882656e-08,7.776595225550409e-07,0.0,-1.4077550680724471e-08,7.784636864016647e-07,5.928323942860914e-10,1.8566296069999488e-11,2.1131139893437734e-10,3.2275533357051245e-08,7.776595225550409e-07,2.9468901630025357e-07,1.5894336513611051e-07,4.1194612165895705e-09,1.3574565116414306e-07,9.922503707571195e-09,0.0,0.0
4.2242503695888445e-05,0.019416105351410806,0.0009604235481680268,1.1335309848445962e-06,0.003723279882539253,1.1335731642247993e-06,1.073301064025145e-06,1.5968583966241567e-07,3.996200259592797e-09,1.3595573022939789e-07,4.2198081473543425e-08,7.77659465711622e-07,0.0,-1.4077831345105096e-08,7.784524314047303e-07,5.816922499235488e-10,1.572298541363537e-11,2.113253738666998e-10,3.2275533357051245e-08,7.77659465711622e-07,2.9484854735528643e-07,1.591041467463583e-07,3.978193330311797e-09,1.3574440060892812e-07,9.922546340135341e-09,0.0,0.0
4.224500298732892e-05,0.01941662048920989,0.0009271028609756371,1.1335407082065974e-06,0.0040963105783236985,1.1335829412928433e-06,1.0729116866059485e-06,1.5929151686577825e-07,4.394979491451068e-09,1.359607040285482e-07,4.219811700068021e-08,7.776594088682032e-07,0.0,-1.4078183951937717e-08,7.784351510053966e-07,5.643914224862101e-10,1.8038343388426803e-11,2.1134173577852522e-10,3.2275533357051245e-08,7.776594088682032e-07,2.94476478757133e-07,1.5872711855990929e-07,4.378248874559176e-09,1.3574937440807844e-07,9.922582755450549e-09,0.0,0.0
4.224750227876939e-05,0.019417135627008975,0.0009032496756526953,1.13355013704437e-06,0.0035311532433253017,1.1335922636135365e-06,1.0735247997217812e-06,1.5990465840332035e-07,3.790780578327713e-09,1.3596067560683878e-07,4.2198152527817e-08,7.77659465711622e-07,0.0,-1.4078490373492514e-08,7.784351510053966e-07,5.643353007123153e-10,2.1908461156350256e-11,2.11354822532428e-10,3.2275533357051245e-08,7.77659465711622e-07,2.9508964871638454e-07,1.5934033115172497e-07,3.768910517010227e-09,1.357493317755143e-07,9.922619170765756e-09,0.0,0.0
4.225000157020986e-05,0.019417649309616536,0.0009776009345540126,1.1335597986468288e-06,0.004350996313882337,1.1336019269947428e-06,1.0726578238973161e-06,1.5904120687082468e-07,4.667130237834272e-09,1.3595700920632225e-07,4.219819516038115e-08,7.776595793984598e-07,0.0,-1.4078788801441533e-08,7.784645390529477e-07,5.936038882659034e-10,2.8036096014205647e-11,2.1136291328271994e-10,3.2275536909764924e-08,7.776595793984598e-07,2.9419325642265903e-07,1.5844759104766126e-07,4.635948958053859e-09,1.3574565116414306e-07,9.922660026973062e-09,0.0,0.0
4.225250449962914e-05,0.01941816444741562,0.0009162680408820734,1.1335695546817863e-06,0.0040912324035927315,1.1336118177496246e-06,1.0729447694757255e-06,1.5932327812606673e-07,4.3896664081444214e-09,1.35962110903165e-07,4.219823779294529e-08,7.776594088682032e-07,0.0,-1.4079176935410942e-08,7.784144031575124e-07,5.43619038673171e-10,3.853933144837285e-11,2.1136854766456992e-10,3.2275536909764924e-08,7.776594088682032e-07,2.945303947399225e-07,1.587796560897914e-07,4.355171778769318e-09,1.357507386501311e-07,9.922701771358788e-09,0.0,0.0
4.2255000153090805e-05,0.01941867813002318,0.0006781664686812405,1.1335777450145509e-06,0.00355618378767663,1.1336201168887783e-06,1.0735246860349434e-06,1.5989513713066117e-07,3.81765108414811e-09,1.3597063741599413e-07,4.219827332008208e-08,7.776589541208523e-07,0.0,-1.4079452270721049e-08,7.782939519529464e-07,4.2363587637872513e-10,3.570897397220385e-11,2.113775821044328e-10,3.22755404624786e-08,7.776589541208523e-07,2.952307625037065e-07,1.5947149734074628e-07,3.780426194310849e-09,1.357592509521055e-07,9.922732857603478e-09,0.0,0.0
4.225750672048889e-05,0.019419193267822266,0.0006437353590307282,1.133584554630532e-06,0.004085658843675662,1.1336265970385284e-06,1.0729646646723268e-06,1.5933939323531376e-07,4.383767571169983e-09,1.3596635994872486e-07,4.2198315952646226e-08,7.776588972774334e-07,0.0,-1.4079829746549422e-08,7.782782063259219e-07,4.079218351993319e-10,2.8511646169016025e-11,2.1139257011526524e-10,3.22755404624786e-08,7.776588972774334e-07,2.946864299246954e-07,1.589314706507139e-07,4.355227734009759e-09,1.3575497348483623e-07,9.922774601989204e-09,0.0,0.0
4.2260002373950556e-05,0.019419706950429827,0.0008947553506892802,1.1335924575897269e-06,0.003758143318755845,1.1336343277434935e-06,1.0733220960901235e-06,1.5970668698628288e-07,4.033698264294117e-09,1.3595585812709032e-07,4.219836213792405e-08,7.776595793984598e-07,0.0,-1.4080180577025203e-08,7.784147442180256e-07,5.437397199159477e-10,4.992960905836341e-11,2.1141068062835444e-10,3.227554401519228e-08,7.776595793984598e-07,2.9490738029380736e-07,1.5916295126316982e-07,3.984240937171535e-09,1.3574444324149226e-07,9.92281723455335e-09,0.0,0.0
4.2262505303369835e-05,0.019420219177845865,0.0010527116975111994,1.1336024330498662e-06,0.0040764637127727035,1.1336445595588884e-06,1.0729917221397045e-06,1.5937389719056227e-07,4.374011819407997e-09,1.3595756342965615e-07,4.2198408323201875e-08,7.776602615194861e-07,0.0,-1.4080477228617383e-08,7.785662887727085e-07,6.946324626611045e-10,1.941411788275449e-11,2.114241143269524e-10,3.227555112061964e-08,7.776602615194861e-07,2.9442540494528657e-07,1.586792706120832e-07,4.352927351902736e-09,1.3574613433320337e-07,9.922858978939075e-09,0.0,0.0
4.226500459481031e-05,0.019420732860453427,0.0009486165483210129,1.1336127135249852e-06,0.0041113308204583756,1.1336550187479588e-06,1.0729644372986513e-06,1.5933575525650667e-07,4.411311760321723e-09,1.359688184265906e-07,4.219845095576602e-08,7.776598636155541e-07,0.0,-1.4080846710839978e-08,7.784569220348203e-07,5.856216067634534e-10,4.56462714848449e-11,2.1142981809774142e-10,3.227555112061964e-08,7.776598636155541e-07,2.94507515263831e-07,1.587501259336932e-07,4.367027628404685e-09,1.357573893301378e-07,9.922898946967962e-09,0.0,0.0
4.226750388625078e-05,0.019421245087869465,0.0007630279585342237,1.1336214810374144e-06,0.003976502391851417,1.1336637726344634e-06,1.073116891348036e-06,1.594800096427207e-07,4.267251885181622e-09,1.3597774284335173e-07,4.219850779918488e-08,7.776591246511089e-07,0.0,-1.4081146026967417e-08,7.78312482907495e-07,4.419298815783179e-10,3.0735046452345927e-11,2.1143198303263944e-10,3.2275561778760675e-08,7.776591246511089e-07,2.94804408440541e-07,1.5903808048278734e-07,4.235067851965368e-09,1.3576631374689896e-07,9.922946020424206e-09,0.0,0.0
4.227000317769125e-05,0.019421757315285504,0.0007558115071617522,1.1336292609495634e-06,0.004562713776091051,1.133671275965753e-06,1.072497752829804e-06,1.5886590176705795e-07,4.8935002716632425e-09,1.3597282588762027e-07,4.219855043174903e-08,7.7765906780769e-07,0.0,-1.4081480870231644e-08,7.783037858644093e-07,4.3327594290154536e-10,2.4340326629235243e-11,2.1143398143408376e-10,3.2275561778760675e-08,7.7765906780769e-07,2.9419402380881365e-07,1.5843262701764615e-07,4.8686032982914185e-09,1.357613967911675e-07,9.922987764809932e-09,0.0,0.0
4.227250246913172e-05,0.019422269542701542,0.0010349460044025705,1.1336384337004924e-06,0.003773496508631295,1.133680257225933e-06,1.0733496083048522e-06,1.597305470113497e-07,4.050280999479128e-09,1.3595904135854653e-07,4.219860372245421e-08,7.776599773023918e-07,0.0,-1.4081861010595276e-08,7.784947797517816e-07,6.233487059859044e-10,5.231096805724533e-11,2.1143896355990677e-10,3.227557243690171e-08,7.776599773023918e-07,2.948548001313611e-07,1.5910720208012208e-07,4.00255872889943e-09,1.3574759805123904e-07,9.923031285552497e-09,0.0,0.0
4.2275001760572195e-05,0.01942278177011758,0.0012460325304815,1.133650117497902e-06,0.0032825599949396597,1.1336923080307315e-06,1.0738864375525736e-06,1.6026204718855297e-07,3.5250966590183452e-09,1.359637877840214e-07,4.2198646355018354e-08,7.776606025799992e-07,0.0,-1.4082139898619062e-08,7.786761671013664e-07,8.040762500272081e-10,1.1687022009876369e-11,2.1144784534410377e-10,3.227557954232907e-08,7.776606025799992e-07,2.952102988729166e-07,1.594579686070574e-07,3.511811064171866e-09,1.357523302658592e-07,9.923068589046125e-09,0.0,0.0
4.2277504689991474e-05,0.01942329399753362,0.000977983577570285,1.1336615095181447e-06,0.0037829383228920807,1.1337041314618546e-06,1.0733624549175147e-06,1.5971644984347222e-07,4.06046396506099e-09,1.359863972538733e-07,4.219869254029618e-08,7.776595793984598e-07,0.0,-1.4082488064559584e-08,7.784291256029974e-07,5.580620410228221e-10,7.656598272065551e-11,2.114654840124075e-10,3.227558664775643e-08,7.776595793984598e-07,2.949333293145173e-07,1.5915837536795152e-07,3.983323448863985e-09,1.3577493973571109e-07,9.923104116182913e-09,0.0,0.0
4.228000034345314e-05,0.019423806224949658,0.0006167311115934382,1.1336696780839903e-06,0.003914013897332364,1.1337119758536573e-06,1.0732297823778936e-06,1.5958109145230992e-07,4.2006362832580635e-09,1.3598990733498795e-07,4.219874583100136e-08,7.776587835905957e-07,0.0,-1.4082820243288552e-08,7.782571742609434e-07,3.869365938768965e-10,1.2848808822463198e-11,2.1148949258531502e-10,3.227559730589746e-08,7.776587835905957e-07,2.949725512735313e-07,1.5919414408926968e-07,4.186091917546264e-09,1.357784071842616e-07,9.923146748747058e-09,0.0,0.0
4.228250327287242e-05,0.019424316997174174,0.000796213962820147,1.133676895014978e-06,0.004578933992301916,1.133718683377083e-06,1.0725257197918836e-06,1.58897535129654e-07,4.911024475973136e-09,1.3596903158941132e-07,4.2198792016279185e-08,7.776591814945277e-07,0.0,-1.4083163968336976e-08,7.783287401252892e-07,4.580375800866676e-10,5.838302064020695e-11,2.1150529938562812e-10,3.227560085861114e-08,7.776591814945277e-07,2.9419700808830385e-07,1.584395050713283e-07,4.851425483565208e-09,1.3575751722783025e-07,9.923190269489623e-09,0.0,0.0
4.228500256431289e-05,0.01942482776939869,0.0011933922874074326,1.1336870573710815e-06,0.004151392756029552,1.1337290288793156e-06,1.0729921768870554e-06,1.593700034163703e-07,4.4544119504053015e-09,1.35961812475216e-07,4.2198855965125404e-08,7.776604320497427e-07,0.0,-1.408353700327325e-08,7.786344440319226e-07,7.625430287205859e-10,3.433179435186062e-11,2.1150869944364104e-10,3.227561506946586e-08,7.776604320497427e-07,2.943577612768422e-07,1.5860746316320729e-07,4.423116095608748e-09,1.3575029811363493e-07,9.923240007481127e-09,0.0,0.0
4.228750549373217e-05,0.019425339996814728,0.0011368751483900041,1.1336989936397548e-06,0.0038897849772379263,1.1337414207446272e-06,1.0732837836258113e-06,1.5964377553245868e-07,4.174843137860762e-09,1.3597964709788357e-07,4.219890215040323e-08,7.776603752063238e-07,0.0,-1.4083850530255404e-08,7.786300102452515e-07,7.58076379447914e-10,3.0921765148406166e-11,2.1150979578887785e-10,3.2275618622179536e-08,7.776603752063238e-07,2.9465383022397873e-07,1.5888569748767623e-07,4.142242104876459e-09,1.3576814694715722e-07,9.923281751866853e-09,0.0,0.0
4.229000478517264e-05,0.01942584931384772,0.0007512814843622095,1.1337086103430949e-06,0.004233128371899807,1.1337510841258336e-06,1.0729261248343391e-06,1.5927228957934858e-07,4.541834019988755e-09,1.3599468218217226e-07,4.219895544110841e-08,7.776591246511089e-07,0.0,-1.408421912429958e-08,7.783193041177583e-07,4.486493676569836e-10,7.620960806864474e-11,2.1151694284959888e-10,3.227563283303425e-08,7.776591246511089e-07,2.946067922948714e-07,1.5882363868513494e-07,4.466698566574223e-09,1.3578315360973647e-07,9.923322608074159e-09,0.0,0.0
4.2292500438634306e-05,0.019426358630880713,0.0005824530099971525,1.1337154032800495e-06,0.0036847171788999982,1.1337575642755837e-06,1.073518319572031e-06,1.59870396032602e-07,3.955611393990921e-09,1.3598932468994462e-07,4.219899452095888e-08,7.77658669903758e-07,0.0,-1.4084553079385387e-08,7.782534225952986e-07,3.8326006257527467e-10,9.812910033157873e-12,2.1152653240097408e-10,3.227563993846161e-08,7.77658669903758e-07,2.9526492539844185e-07,1.5948714349178772e-07,3.946236670770986e-09,1.3577779611750884e-07,9.923355470675688e-09,0.0,0.0
4.2295003368053585e-05,0.01942686940310523,0.0008004440562374981,1.1337224667341576e-06,0.004286374339751538,1.133764385485847e-06,1.07288167328079e-06,1.592464258237669e-07,4.598772473940471e-09,1.359760375407859e-07,4.219904781166406e-08,7.776591814945277e-07,0.0,-1.4084885258114355e-08,7.783423257023969e-07,4.715932089283115e-10,7.257166395602255e-11,2.115383007650351e-10,3.2275647043888966e-08,7.776591814945277e-07,2.9453931915668363e-07,1.5877483861004293e-07,4.523488694729849e-09,1.357644947574954e-07,9.923398991418253e-09,0.0,0.0
4.229750265949406e-05,0.019427378720138222,0.0011562505696308678,1.1337324325131708e-06,0.004391175575301714,1.1337743899275665e-06,1.0727792414400028e-06,1.5914716300358123e-07,4.71076200270204e-09,1.3597178849522606e-07,4.219909399694188e-08,7.776602615194861e-07,0.0,-1.4085275168440603e-08,7.786322839820059e-07,7.604646357073364e-10,2.306525283268801e-11,2.1155495411040448e-10,3.227566125474368e-08,7.776602615194861e-07,2.941469290362875e-07,1.5838669753520662e-07,4.688749388748192e-09,1.3576023150108085e-07,9.923432742198202e-09,0.0,0.0
4.230000195093453e-05,0.019427888037171215,0.0011764607638724556,1.133744313409323e-06,0.004403347809501989,1.1337866681060405e-06,1.0727781045716256e-06,1.5913047946014558e-07,4.723815116847163e-09,1.359875341222505e-07,4.219914018221971e-08,7.776600909892295e-07,0.0,-1.4085627775273224e-08,7.786031801515492e-07,7.315182903866457e-10,5.307195655168684e-11,2.115731062568571e-10,3.227566480745736e-08,7.776600909892295e-07,2.941749244200764e-07,1.5839896150282584e-07,4.669910236287933e-09,1.3577596291725058e-07,9.923476262940767e-09,0.0,0.0
4.2302501242375e-05,0.019428397354204208,0.0007367594254485965,1.1337540577656258e-06,0.004260653836536098,1.13379667254776e-06,1.0729399946285412e-06,1.5927132324122795e-07,4.571425904487114e-09,1.3600994464013638e-07,4.219920057835225e-08,7.776587267471768e-07,0.0,-1.4086006139280016e-08,7.78298613113293e-07,4.282902921204368e-10,9.244589121992774e-11,2.1159045349161687e-10,3.2275682571025754e-08,7.776587267471768e-07,2.9464140993695764e-07,1.588430365018212e-07,4.481210069684494e-09,1.3579835922428174e-07,9.923517119148073e-09,0.0,0.0
4.230500417179428e-05,0.0194289066712372,0.00047783792070421605,1.133760243916792e-06,0.0037915162240285223,1.1338022432028083e-06,1.0734466968642664e-06,1.5978220346823946e-07,4.069990566790693e-09,1.3600624981791043e-07,4.219925031634375e-08,7.77658271999826e-07,0.0,-1.4086366739718414e-08,7.782154511914996e-07,3.456132879886553e-10,1.5327813671084378e-11,2.11604164745971e-10,3.227568967645311e-08,7.77658271999826e-07,2.952312172510574e-07,1.5943658127071103e-07,4.053928748248836e-09,1.3579463598034636e-07,9.923559751712219e-09,0.0,0.0
4.230750346323475e-05,0.01942941453307867,0.0009290586130678014,1.133767389007436e-06,0.004699115071246988,1.1338089507262339e-06,1.0724832009145757e-06,1.588428517607099e-07,5.039721973076894e-09,1.359810823942098e-07,4.2199321370617326e-08,7.776592383379466e-07,0.0,-1.4086722011086295e-08,7.783830824337201e-07,5.122481883113039e-10,1.6397735946860337e-10,2.1161231100741418e-10,3.2275710992735185e-08,7.776592383379466e-07,2.9410009005914617e-07,1.5833060729164572e-07,4.872434899994005e-09,1.3576946855664573e-07,9.923608601525302e-09,0.0,0.0
4.2310002754675224e-05,0.01942992239492014,0.0015223870550956642,1.1337798389645488e-06,0.004512151568179665,1.1338216836520587e-06,1.0726951131800888e-06,1.5905399664006836e-07,4.840162937114201e-09,1.3597981762814015e-07,4.2199385319463545e-08,7.776612278576067e-07,0.0,-1.408712169137516e-08,7.789496976329247e-07,1.076813860301229e-09,3.2932025162413225e-11,2.1161825070059592e-10,3.2275739414444615e-08,7.776612278576067e-07,2.9374538712545473e-07,1.5797718333487865e-07,4.81119810658015e-09,1.3576820379057608e-07,9.92364501684051e-09,0.0,0.0
4.2312505684094504e-05,0.019430431711953133,0.0013998516446260822,1.1337947224239912e-06,0.003953336877086001,1.1338372587488266e-06,1.073307203114382e-06,1.5963901489612908e-07,4.243144946514121e-09,1.3600758563825366e-07,4.219942795202769e-08,7.776606594234181e-07,0.0,-1.4087472521850941e-08,7.78779678967112e-07,9.073948259441522e-10,1.0348823187289469e-10,2.1162702146249046e-10,3.227574651987197e-08,7.776606594234181e-07,2.945275809906889e-07,1.587316091899993e-07,4.138118736563001e-09,1.3579595758983487e-07,9.923680543977298e-09,0.0,0.0
4.231500133755617e-05,0.01943093811860308,0.0007479276060315954,1.1338055989209427e-06,0.004489402382268268,1.1338482863720856e-06,1.0727450217018486e-06,1.5905878569810739e-07,4.815984055994704e-09,1.360275234674191e-07,4.2199506111728624e-08,7.77658669903758e-07,0.0,-1.4087842004073536e-08,7.782753641549789e-07,4.050677571143524e-10,1.4271499260143372e-10,2.1164232866244248e-10,3.227578204700876e-08,7.77658669903758e-07,2.944695722817414e-07,1.5865370528445055e-07,4.673721853976076e-09,1.3581588120814558e-07,9.923721400184604e-09,0.0,0.0
4.231750426697545e-05,0.01943144598044455,0.0004475178315844208,1.133811670132156e-06,0.003722589319931968,1.1338537433402962e-06,1.0735694786490058e-06,1.5989319024356519e-07,3.99645827542372e-09,1.360181869358712e-07,4.219955584972013e-08,7.776581583129882e-07,0.0,-1.4088205269047194e-08,7.782190891703067e-07,3.4926481151664746e-10,6.334858852763414e-12,2.1165456887128897e-10,3.2275796257863476e-08,7.776581583129882e-07,2.9535044632211793e-07,1.5954393006722967e-07,3.992447261680354e-09,1.3580653046574298e-07,9.923759591856651e-09,0.0,0.0
4.232000355841592e-05,0.01943195384228602,0.0008428103561707589,1.1338182232166513e-06,0.003950912504289745,1.1338598824295332e-06,1.0733310773503035e-06,1.5967833633112605e-07,4.240637174746098e-09,1.3599373005490634e-07,4.219960558771163e-08,7.776589541208523e-07,0.0,-1.4088563204950333e-08,7.783253295201575e-07,4.546818199724356e-10,1.687191081289896e-10,2.1165594277228195e-10,3.227581402143187e-08,7.776589541208523e-07,2.9500571940843656e-07,1.5922364582365844e-07,4.069419023977616e-09,1.3578207358477812e-07,9.92379156627976e-09,0.0,0.0
4.2322499211877584e-05,0.019432460248935968,0.0013756720864994132,1.133829457759269e-06,0.004123789549647861,1.133871364800143e-06,1.0731572501754272e-06,1.595082466110398e-07,4.4254746534022615e-09,1.3598803150216554e-07,4.2199683747412564e-08,7.776609436405124e-07,0.0,-1.4088934463529768e-08,7.788561902088986e-07,9.835702252658507e-10,5.952777160089795e-11,2.1165559582758675e-10,3.227584954856866e-08,7.776609436405124e-07,2.9430105996652856e-07,1.5852467072363652e-07,4.367294526019805e-09,1.3577637503203732e-07,9.923836863379165e-09,0.0,0.0
4.2325002141296864e-05,0.019432966655585915,0.0013680484021649508,1.1338433521422795e-06,0.00385542452303151,1.1338858030285337e-06,1.0734581792348763e-06,1.597900904926064e-07,4.138636988670896e-09,1.3600721615603106e-07,4.219972637997671e-08,7.776608299536747e-07,0.0,-1.4089305722109202e-08,7.788287916810077e-07,9.563240199739198e-10,8.21144541252039e-11,2.116633257553957e-10,3.227585310128234e-08,7.776608299536747e-07,2.946293307104497e-07,1.5883377102454688e-07,4.056400548790862e-09,1.3579554547504813e-07,9.923872390515953e-09,0.0,0.0
4.232750507071614e-05,0.019433474517427385,0.0008140648316428134,1.1338544342627316e-06,0.0037480801122896958,1.1338971717123059e-06,1.073583689503721e-06,1.5989728296972316e-07,4.023877675507492e-09,1.360276371542568e-07,4.219981519781868e-08,7.776587835905957e-07,0.0,-1.4089718725074363e-08,7.78316973537585e-07,4.464818514904323e-10,1.980706709758806e-10,2.1167649577602532e-10,3.227589573384648e-08,7.776587835905957e-07,2.952667728095548e-07,1.5945080633628095e-07,3.827621775087664e-09,1.3581596647327387e-07,9.923919463972197e-09,0.0,0.0
4.2330004362156615e-05,0.01943397946888581,0.0003781533976674467,1.133860454386068e-06,0.003433741941394588,1.1339027423673542e-06,1.0739252047642367e-06,1.6024129934066877e-07,3.6875820175197305e-09,1.360258607974174e-07,4.219987204123754e-08,7.776581014695694e-07,0.0,-1.4090034028413356e-08,7.782439865877677e-07,3.742439413922938e-10,1.0376025559588609e-11,2.1169090091976983e-10,3.2275913497414876e-08,7.776581014695694e-07,2.95681218176469e-07,1.5986705648174393e-07,3.6757961119349147e-09,1.3581416169472504e-07,9.923956767465825e-09,0.0,0.0
4.233250365359709e-05,0.019434485875535756,0.000685495266150582,1.1338658407736338e-06,0.004175018453219004,1.1339074035277008e-06,1.0731366728577996e-06,1.5947941278682265e-07,4.480365412007359e-09,1.359986612214925e-07,4.2199918226515365e-08,7.776586130603391e-07,0.0,-1.4090434596880641e-08,7.782641091580444e-07,3.937722370395136e-10,1.8313635330446942e-10,2.1170323827313098e-10,3.227593126098327e-08,7.776586130603391e-07,2.9487259212146455e-07,1.5908564421351912e-07,4.295980016166823e-09,1.3578696211880015e-07,9.923986965532094e-09,0.0,0.0
4.233500294503756e-05,0.01943499082699418,0.0013833874345792196,1.1338762876270042e-06,0.0036928480787447398,1.133917976403609e-06,1.0736623607954243e-06,1.6001720837266475e-07,3.964871986283924e-09,1.3598430825823016e-07,4.219999283350262e-08,7.776608299536747e-07,0.0,-1.4090831612634247e-08,7.788244715811743e-07,9.519613985986553e-10,1.04704231396191e-10,2.1171113473439362e-10,3.2275977446261095e-08,7.776608299536747e-07,2.948378607925406e-07,1.590652516370028e-07,3.862859809800057e-09,1.3577259494468308e-07,9.924016275419945e-09,0.0,0.0
4.233750223647803e-05,0.019435495778452605,0.0014251667634563314,1.1338904694623878e-06,0.003893284708365366,1.1339329830661882e-06,1.0734626130215474e-06,1.5979166789747978e-07,4.179295576278719e-09,1.3600978832073451e-07,4.2200031913353087e-08,7.77661114170769e-07,0.0,-1.4091130928761686e-08,7.78908315623994e-07,1.0354841428750206e-09,6.851536005214598e-11,2.1171388253637957e-10,3.2275980998974774e-08,7.77661114170769e-07,2.94554268975844e-07,1.5875617975780187e-07,4.106946782655996e-09,1.3579807500718744e-07,9.924048249843054e-09,0.0,0.0
4.23400015279185e-05,0.01943600072991103,0.0007452016031133102,1.133901428769108e-06,0.0042454356910736546,1.1339442380631226e-06,1.0730967687777593e-06,1.5940315734042088e-07,4.555763322144912e-09,1.3603471415990498e-07,4.220010652034034e-08,7.776588972774334e-07,0.0,-1.40916229796062e-08,7.782908824083279e-07,4.2031758629157423e-10,2.4987964475364777e-10,2.1171592257118732e-10,3.227602363153892e-08,7.776588972774334e-07,2.9480582952601253e-07,1.5898284289050935e-07,4.309093082355275e-09,1.3582298663550318e-07,9.924082000623002e-09,0.0,0.0
4.2342500819358975e-05,0.019436505681369454,0.00031610821445149373,1.1339067878685101e-06,0.003378666177269451,1.133949012910307e-06,1.0740280913523748e-06,1.6034076111282047e-07,3.628782385689533e-09,1.360292998242585e-07,4.220016691647288e-08,7.776580446261505e-07,0.0,-1.4091938282945193e-08,7.782464308547787e-07,3.766678913219579e-10,3.6139501113918726e-11,2.1172093245258594e-10,3.227605205324835e-08,7.776580446261505e-07,2.9578168891930545e-07,1.5996410240859404e-07,3.5918648055854874e-09,1.358175865107114e-07,9.924113086867692e-09,0.0,0.0
4.234500011079945e-05,0.019437010632827878,0.0006282453775909858,1.133911556395746e-06,0.004520946154952328,1.1339532193233026e-06,1.0728105053203763e-06,1.5914575612896442e-07,4.8501185290206195e-09,1.3600626402876514e-07,4.2200213101750705e-08,7.776585562169203e-07,0.0,-1.4092309541524628e-08,7.782340389894671e-07,3.6378591805608096e-10,2.309905877684315e-10,2.1172483211095994e-10,3.2276069816816744e-08,7.776585562169203e-07,2.945764947526186e-07,1.5878197245910997e-07,4.616051541006527e-09,1.3579453650436335e-07,9.924144173112381e-09,0.0,0.0
4.2347503040218726e-05,0.019437515584286302,0.0012911485411315482,1.1339212484033313e-06,0.003826739214956624,1.133962882704509e-06,1.0735615205703652e-06,1.5990990220871026e-07,4.108239970435079e-09,1.35990802618835e-07,4.220031613044739e-08,7.776608299536747e-07,0.0,-1.409280514508282e-08,7.78773937781807e-07,9.013527701995372e-10,1.9211393587070802e-10,2.1172488762211117e-10,3.227613021294928e-08,7.776608299536747e-07,2.9478763963197707e-07,1.5900855032668915e-07,3.921373448179111e-09,1.357790750944332e-07,9.924184141141268e-09,0.0,0.0
4.2350005969638005e-05,0.019438019080553204,0.0015429981593602093,1.1339355182261668e-06,0.003769833359646863,1.1339778893670882e-06,1.0736370086306124e-06,1.5996745617030683e-07,4.0474326112871495e-09,1.360077277468008e-07,4.2200365868438894e-08,7.776617962917953e-07,0.0,-1.409307603950083e-08,7.79056563260383e-07,1.1830645352262081e-09,6.937359020575684e-11,2.1172427699944762e-10,3.2276144423804e-08,7.776617962917953e-07,2.9458038852681057e-07,1.5878438830441155e-07,3.973026352355191e-09,1.3579600022239902e-07,9.924221444634895e-09,0.0,0.0
4.235250526107848e-05,0.019438522576820105,0.0009658388548734465,1.1339481501268762e-06,0.004610627994774914,1.133991077040264e-06,1.0727510471042478e-06,1.5905314398878545e-07,4.946056009202948e-09,1.3603859372324223e-07,4.2200447580853506e-08,7.776592383379466e-07,0.0,-1.4093561873096405e-08,7.783536943861691e-07,4.827071520274728e-10,3.3297647972219124e-10,2.1172988362572198e-10,3.22761941617955e-08,7.776592383379466e-07,2.943972958746599e-07,1.5857044388667418e-07,4.615188231582579e-09,1.3582685198798572e-07,9.924256083593264e-09,0.0,0.0
4.235500455251895e-05,0.019439026073087007,0.0002560833840909993,1.1339543024597338e-06,0.0036082150398724726,1.13399676138215e-06,1.0738277751443093e-06,1.601272856532887e-07,3.874601528508492e-09,1.360425017082889e-07,4.220052574055444e-08,7.776579877827317e-07,0.0,-1.4093925138070063e-08,7.782093121022626e-07,3.395840275643991e-10,4.586972815467938e-11,2.1173786335371148e-10,3.2276240347073326e-08,7.776579877827317e-07,2.9561846304204664e-07,1.5978770306901424e-07,3.829493611107182e-09,1.358307599730324e-07,9.924288058016373e-09,0.0,0.0
4.2357500205980614e-05,0.019439528114162385,0.0004631777414942917,1.1339579134460234e-06,0.004432542787311646,1.1339994898662553e-06,1.0729487485150457e-06,1.5927886920508172e-07,4.755891236385423e-09,1.3601157888842863e-07,4.2200568373118585e-08,7.77658271999826e-07,0.0,-1.4094280409437943e-08,7.781486601743381e-07,2.786251507291837e-10,2.1915505521441503e-10,2.1174513531452277e-10,3.227625455792804e-08,7.77658271999826e-07,2.948000883407076e-07,1.5900025118753547e-07,4.533712960608227e-09,1.3579983715317212e-07,9.924313815190544e-09,0.0,0.0
4.236000313539989e-05,0.019440031610429287,0.0013505260798467589,1.1339670453770566e-06,0.004006165982998651,1.134008584813273e-06,1.0734128181866254e-06,1.5976357303770783e-07,4.300269917933974e-09,1.3598841519524285e-07,4.220067850724263e-08,7.776608299536747e-07,0.0,-1.4094771572104037e-08,7.787459139763087e-07,8.733501144497779e-10,2.545490762617675e-10,2.1174949293989442e-10,3.2276329164915296e-08,7.776608299536747e-07,2.946669042103167e-07,1.5889023075033037e-07,4.049853341570042e-09,1.3577667345998634e-07,9.924351118684172e-09,0.0,0.0
4.236250606481917e-05,0.01944053510669619,0.0016964632943050617,1.1339823868548084e-06,0.004087239185449118,1.1340247283442295e-06,1.073341877599887e-06,1.596707193129987e-07,4.38700498150979e-09,1.3600860881979315e-07,4.220073535066149e-08,7.776625920996594e-07,0.0,-1.4095050460127823e-08,7.792974088260962e-07,1.4230262523895476e-09,1.3918402888557502e-11,2.1175203257506325e-10,3.227635048119737e-08,7.776625920996594e-07,2.9404455403891916e-07,1.5824768695438252e-07,4.3678585193163144e-09,1.3579685287368193e-07,9.92438575764254e-09,0.0,0.0
4.2365005356259644e-05,0.019441037147771567,0.0011022533313216343,1.1339964375618526e-06,0.004883281741464442,1.1340392802594579e-06,1.0725055972216069e-06,1.5880419823588454e-07,5.23734700053069e-09,1.360414643158947e-07,4.220081351036242e-08,7.776599773023918e-07,0.0,-1.4095520306511844e-08,7.784918807374197e-07,6.201559266116874e-10,3.246898305775403e-10,2.117600955697796e-10,3.227638600833416e-08,7.776599773023918e-07,2.940137449058966e-07,1.5818403653611313e-07,4.915639451041898e-09,1.3582970836978348e-07,9.924426613849846e-09,0.0,0.0
4.236750100972131e-05,0.019441537733655423,0.0003821502090382012,1.134003868276435e-06,0.0035530412831175657,1.1340464425302343e-06,1.0739338449639035e-06,1.6022551108108019e-07,3.8157312864939286e-09,1.3605023241325398e-07,4.220091653905911e-08,7.776581583129882e-07,0.0,-1.4095902223232315e-08,7.78183846250613e-07,3.1393285193637155e-10,1.220729767270612e-10,2.1176875530937167e-10,3.2276449957180375e-08,7.776581583129882e-07,2.95750027135e-07,1.5991157908956666e-07,3.695108885537479e-09,1.3583846225628804e-07,9.924465693700313e-09,0.0,0.0
4.237000393914059e-05,0.019442041229922324,0.00038879027431448776,1.1340077499329887e-06,0.0045394434984216666,1.1340495120748528e-06,1.0728820143413031e-06,1.5919374618533766e-07,4.87028728457517e-09,1.3603013826468668e-07,4.220097338247797e-08,7.776581583129882e-07,0.0,-1.4096220191106568e-08,7.781844146848016e-07,3.144930427190218e-10,1.0920718496176818e-10,2.1177329334598483e-10,3.227646061532141e-08,7.776581583129882e-07,2.9469759965650155e-07,1.5887924575963552e-07,4.757118698961449e-09,1.3581836810772074e-07,9.924510990799718e-09,0.0,0.0
4.237250323058106e-05,0.01944254181580618,0.0011284392637236351,1.1340153449698818e-06,0.004036380583084568,1.134056788032467e-06,1.0734263469203142e-06,1.5976333145317767e-07,4.332757264080556e-09,1.3600300974303536e-07,4.220108351660201e-08,7.776599773023918e-07,0.0,-1.4096666944851677e-08,7.784881859151938e-07,6.164235233363513e-10,3.0356731017811e-10,2.1177139208905515e-10,3.227652456416763e-08,7.776599773023918e-07,2.9493813258341106e-07,1.5914690720819635e-07,4.034639289329789e-09,1.3579123958606942e-07,9.924558952434381e-09,0.0,0.0
4.237500252202153e-05,0.01944304385688156,0.0016468523314117078,1.134029278073651e-06,0.003803181204017121,1.134071453634533e-06,1.073689873010153e-06,1.600170662641176e-07,4.083437143975743e-09,1.360104278091967e-07,4.2201158123589266e-08,7.776623647259839e-07,0.0,-1.4096972478228054e-08,7.791890084263287e-07,1.3148777622262742e-09,1.4846157289638562e-11,2.117693381764596e-10,3.227655653859074e-08,7.776623647259839e-07,2.9450083616211487e-07,1.5870219272073882e-07,4.0638026277406425e-09,1.3579865765223076e-07,9.924600696820107e-09,0.0,0.0
4.2377501813462004e-05,0.019443544442765415,0.00121470493906628,1.1340436026254053e-06,0.00460515554346232,1.1340864602971124e-06,1.0728472261689603e-06,1.5913970230485575e-07,4.940628350880161e-09,1.360470633926525e-07,4.220122917786284e-08,7.776604320497427e-07,0.0,-1.4097410350188966e-08,7.785931757098297e-07,7.210082531017292e-10,2.7213090114663885e-10,2.117761105369098e-10,3.227658140758649e-08,7.776604320497427e-07,2.942539936157118e-07,1.5841868616917054e-07,4.671325992688935e-09,1.3583529323568655e-07,9.924648658454771e-09,0.0,0.0
4.238000474288128e-05,0.01944404502864927,0.0004490611418734858,1.134051931203547e-06,0.003178489539370019,1.1340945320625906e-06,1.0743805205493118e-06,1.6066027797023708e-07,3.4149072458689034e-09,1.3606195636839402e-07,4.220132865384585e-08,7.776583288432448e-07,0.0,-1.4097765621556846e-08,7.781449085086933e-07,2.748058725021707e-10,1.5615501947063848e-10,2.1178961362444682e-10,3.227664180371903e-08,7.776583288432448e-07,2.9623564046232786e-07,1.6038548267260921e-07,3.260919978487209e-09,1.3585015778971865e-07,9.924685073769979e-09,0.0,0.0
4.238250039634295e-05,0.019444545614533126,0.0004073904480037527,1.1340562184793079e-06,0.004322761966171064,1.13409805635456e-06,1.0731595239121816e-06,1.5946193343552295e-07,4.639013173601825e-09,1.3603943216367043e-07,4.2201371286409994e-08,7.776582151564071e-07,0.0,-1.4098068490397964e-08,7.781587214594765e-07,2.8870977830663946e-10,9.082295332474288e-11,2.117998970652124e-10,3.227665246186007e-08,7.776582151564071e-07,2.9500085929612396e-07,1.591732257111289e-07,4.541949483183316e-09,1.3582763358499506e-07,9.924720600906767e-09,0.0,0.0
4.238499968778342e-05,0.01944504474522546,0.0010865138846485323,1.1340636750143461e-06,0.004192930549317914,1.1341052186253364e-06,1.0733049293776276e-06,1.5963290422860155e-07,4.500293027120961e-09,1.3601216153347195e-07,4.220147431510668e-08,7.776598067721352e-07,0.0,-1.4098556100350379e-08,7.78438277393434e-07,5.666280777916199e-10,2.892390216224783e-10,2.1180406040155475e-10,3.227670575256525e-08,7.776598067721352e-07,2.9486662356248416e-07,1.590662748185423e-07,4.2176253600700875e-09,1.3580036295479658e-07,9.92476856254143e-09,0.0,0.0
4.2387506255181506e-05,0.019445545331109315,0.0015372120903427017,1.1340768090162079e-06,0.0033972748312455932,1.1341189747327007e-06,1.0741694040916627e-06,1.6048770135057566e-07,3.649248681014683e-09,1.3601979276245402e-07,4.2201548922093934e-08,7.776618531352142e-07,0.0,-1.4098807454843154e-08,7.790424092490866e-07,1.1687445455876855e-09,3.2769953417499664e-11,2.1180357467898148e-10,3.227673417427468e-08,7.776618531352142e-07,2.9512693799915724e-07,1.593189580262333e-07,3.6123213309480207e-09,1.3580799418377865e-07,9.924815635997675e-09,0.0,0.0
4.239000554662198e-05,0.01944604591699317,0.001146394184082522,1.134090242770396e-06,0.00483737168618021,1.1341330719005782e-06,1.0726433856689255e-06,1.5892844373865955e-07,5.188774743203339e-09,1.3605497883872886e-07,4.2201609318226474e-08,7.776600341458106e-07,0.0,-1.4099213352380957e-08,7.784833542245906e-07,6.115365991377075e-10,2.8517105343794924e-10,2.1180261711162274e-10,3.227675904327043e-08,7.776600341458106e-07,2.9416008828775375e-07,1.5831690802770026e-07,4.903094374952843e-09,1.3584318026005349e-07,9.924851163134463e-09,0.0,0.0
4.239250483806245e-05,0.019446545047685504,0.00044002639505319463,1.134098161082416e-06,0.0034257118699256,1.1341406889187056e-06,1.0741596270236187e-06,1.6043038897350925e-07,3.679761384489666e-09,1.360709944719929e-07,4.220170879420948e-08,7.77658271999826e-07,0.0,-1.4099631684416636e-08,7.781123372296861e-07,2.422635703158704e-10,1.2847191366294197e-10,2.1180120157726634e-10,3.227681233397561e-08,7.77658271999826e-07,2.96047318215642e-07,1.601881223223245e-07,3.5567577771900005e-09,1.3585919589331752e-07,9.924899124769127e-09,0.0,0.0
4.2395000491524115e-05,0.019447042723186314,0.0004566196772621822,1.1341026234702468e-06,0.0038000780267824566,1.1341443268975127e-06,1.0737624052126193e-06,1.600577377303125e-07,4.080380922033555e-09,1.3604633863906201e-07,4.220176919034202e-08,7.77658271999826e-07,0.0,-1.4099866163519437e-08,7.780894293318852e-07,2.1933464766643596e-10,1.4906476053511142e-10,2.1180140974408346e-10,3.227681943940297e-08,7.77658271999826e-07,2.956729474590247e-07,1.5983840739863808e-07,3.9247325389624166e-09,1.3583454006038664e-07,9.92494886276063e-09,0.0,0.0
4.239749978296459e-05,0.019447541853878647,0.00121849297686083,1.1341109844716346e-06,0.0047788607000545475,1.1341525123498286e-06,1.0727238759500324e-06,1.590453422295468e-07,5.1263979727877995e-09,1.360182864118542e-07,4.220185800818399e-08,7.776603183629049e-07,0.0,-1.4100312029086126e-08,7.785288858030981e-07,6.56800114295919e-10,2.5183347074353435e-10,2.1180616982530154e-10,3.227687628282183e-08,7.776603183629049e-07,2.941950185686437e-07,1.5838853073546488e-07,4.87668438964306e-09,1.3580647362232412e-07,9.924982613540578e-09,0.0,0.0
4.239999907440506e-05,0.01944804098457098,0.0015971305377959766,1.1341250381127768e-06,0.003583607399877402,1.1341672916387324e-06,1.0740158131739008e-06,1.6032070959681732e-07,3.848851015675336e-09,1.360333214961429e-07,4.220191840431653e-08,7.776618531352142e-07,0.0,-1.410068328766556e-08,7.789988671902393e-07,1.1252152543050897e-09,4.521654925482288e-11,2.1181505160949854e-10,3.2276894046390225e-08,7.776618531352142e-07,2.9501700282708043e-07,1.5919549412046763e-07,3.806038595399741e-09,1.358215087066128e-07,9.925025246104724e-09,0.0,0.0
4.2402505641803145e-05,0.019448540115263313,0.0009958876796609673,1.1341379806625578e-06,0.00418893742721678,1.134180934059259e-06,1.0733816679930896e-06,1.596481808974204e-07,4.496328642744629e-09,1.360740924383208e-07,4.220200011673114e-08,7.776593520247843e-07,0.0,-1.4100961287510927e-08,7.782909960951656e-07,4.1982697873699237e-10,3.481213650680104e-10,2.1182379461581746e-10,3.227693667895437e-08,7.776593520247843e-07,2.950906150545052e-07,1.5922834961656918e-07,4.144101506398101e-09,1.3586227964879072e-07,9.92506610231203e-09,0.0,0.0
4.240500129526481e-05,0.019449037790764123,0.0002905670519872672,1.1341443830325862e-06,0.0042917241916468635,1.1341868457748205e-06,1.0732770761023858e-06,1.5953811782765115e-07,4.60620919184862e-09,1.3608105575713125e-07,4.220208538185943e-08,7.776579309393128e-07,0.0,-1.4101378731368186e-08,7.781190447531117e-07,2.492870909698297e-10,6.059629881205453e-11,2.118292069530625e-10,3.2276986416945874e-08,7.776579309393128e-07,2.9515805977098353e-07,1.5928883101423708e-07,4.54910642488926e-09,1.3586922875674645e-07,9.925099853091979e-09,0.0,0.0
4.240750422468409e-05,0.019449535466264933,0.0005336267480302581,1.1341484848432082e-06,0.00364498300818461,1.1341900290062767e-06,1.0739715889940271e-06,1.602667509814637e-07,3.914608193156255e-09,1.3604655180188274e-07,4.2202142225278294e-08,7.77658271999826e-07,0.0,-1.4101705581026636e-08,7.780978990012954e-07,2.278180838422017e-10,2.3097183887710315e-10,2.1183213516628996e-10,3.227700418051427e-08,7.77658271999826e-07,2.9587366157102224e-07,1.600389367695243e-07,3.6824190363660136e-09,1.3583472480149794e-07,9.925138932942446e-09,0.0,0.0
4.241000351612456e-05,0.019450033141765743,0.001371047656661517,1.1341579639410904e-06,0.0044805352441605155,1.1341995787006454e-06,1.0730872190833907e-06,1.594033562923869e-07,4.808005105161328e-09,1.3602311810245737e-07,4.220226657025705e-08,7.77660716266837e-07,0.0,-1.4102040424290863e-08,7.786953801769414e-07,8.228144277033778e-10,2.5578561491101937e-10,2.1183159393256545e-10,3.227707878750152e-08,7.77660716266837e-07,2.9439183890644927e-07,1.5858053359352198e-07,4.550240184642007e-09,1.3581129110207257e-07,9.925188670933949e-09,0.0,0.0
4.241250644554384e-05,0.019450530817266554,0.0015865476000092027,1.134172683168096e-06,0.004273970988949427,1.1342150401105755e-06,1.0733230055848253e-06,1.596151975036264e-07,4.587351387641547e-09,1.360457702048734e-07,4.220232696638959e-08,7.776620236654708e-07,0.0,-1.4102426781903432e-08,7.79090441938024e-07,1.2165634055705254e-09,6.324265416912667e-11,2.1183171883265572e-10,3.227709655106992e-08,7.776620236654708e-07,2.942325636468013e-07,1.583986346531674e-07,4.526139019134234e-09,1.358339289936339e-07,9.925230415319675e-09,0.0,0.0
4.2415002099005505e-05,0.01945102703757584,0.000875378399355059,1.1341848997449045e-06,0.004121265588144062,1.134227886723238e-06,1.0734985380622675e-06,1.5975547285052016e-07,4.424172583838981e-09,1.3608401161491201e-07,4.2202437100513635e-08,7.776590109642711e-07,0.0,-1.4102737644350327e-08,7.782251714161248e-07,3.542934001732334e-10,4.367223249701624e-10,2.1183638176935915e-10,3.2277156947202457e-08,7.776590109642711e-07,2.9527333822443325e-07,1.5940116782076075e-07,3.986483143592068e-09,1.358721704036725e-07,9.925278376954338e-09,0.0,0.0
4.241750139044598e-05,0.019451523257885128,0.0001619318123665392,1.1341900470888454e-06,0.0043522443649973725,1.134232434196747e-06,1.073255702976894e-06,1.5950941190112644e-07,4.671071085482481e-09,1.3608855908842088e-07,4.220254723463768e-08,7.776577604090562e-07,0.0,-1.4103081369398751e-08,7.781282533869671e-07,2.5860943941857784e-10,6.391767670699267e-11,2.1184548559816108e-10,3.2277217343334996e-08,7.776577604090562e-07,2.9512750643334584e-07,1.592508027670192e-07,4.607211057106042e-09,1.3587671787718136e-07,9.92533255583794e-09,0.0,0.0
4.242000068188645e-05,0.019452019478194416,0.0004214670386728514,1.1341929420324283e-06,0.003995055511249727,1.1342343668729882e-06,1.0736390549936914e-06,1.599284331632589e-07,4.289247623745496e-09,1.3605256299342727e-07,4.2202618288911253e-08,7.776581014695694e-07,0.0,-1.4103444634372408e-08,7.780420787639741e-07,1.7212303804470253e-10,3.1902974706454756e-10,2.1185450616023616e-10,3.227723865961707e-08,7.776581014695694e-07,2.955970330731361e-07,1.5975631129094836e-07,3.972196793711191e-09,1.3584070757133304e-07,9.925378741115765e-09,0.0,0.0
4.242249997332692e-05,0.019452515698503703,0.0013590206413544269,1.134201777173901e-06,0.003797933757453214,1.1342432344463305e-06,1.0738582432168187e-06,1.6017062876017008e-07,4.07844247263256e-09,1.3602665660528146e-07,4.220274618660369e-08,7.776609436405124e-07,0.0,-1.410376704313876e-08,7.787531899339228e-07,8.803578421812119e-10,2.8943872298903273e-10,2.11855671894412e-10,3.227733103017272e-08,7.776609436405124e-07,2.9510508170460525e-07,1.592902663105633e-07,3.7878460368290234e-09,1.3581480118318723e-07,9.925415156430972e-09,0.0,0.0
4.2424999264767393e-05,0.01945301191881299,0.0016696403895704037,1.1342168060050359e-06,0.004214164741884592,1.1342591506036115e-06,1.0734286206570687e-06,1.597144603238121e-07,4.52360504610283e-09,1.3605178139641794e-07,4.2202817240877266e-08,7.776623647259839e-07,0.0,-1.4104141854431873e-08,7.791998655193311e-07,1.325658138817687e-09,7.653193356826904e-11,2.1185586618344132e-10,3.227734879374111e-08,7.776623647259839e-07,2.942287267160282e-07,1.5838880074170447e-07,4.446949919412191e-09,1.358399259743237e-07,9.925469335314574e-09,0.0,0.0
4.242750583216548e-05,0.019453508139122277,0.0008927617602303428,1.1342295211649088e-06,0.0036632140360012846,1.1342725656504626e-06,1.0740307061496424e-06,1.6027576066335314e-07,3.934404357863741e-09,1.3609590610030864e-07,4.220292737500131e-08,7.7765906780769e-07,0.0,-1.4104470480447162e-08,7.78217724928254e-07,3.4678773741525504e-10,4.5271572601812693e-10,2.118579617294003e-10,3.227741274258733e-08,7.7765906780769e-07,2.9581300964309776e-07,1.5992897317573807e-07,3.4837341900129104e-09,1.358840364673597e-07,9.92551285605714e-09,0.0,0.0
4.2430001485627145e-05,0.019454002904240042,0.000162559467187684,1.1342347425262223e-06,0.004091517741319753,1.1342771131239715e-06,1.0735766409197822e-06,1.5982219281340804e-07,4.392557872989755e-09,1.3609674454073684e-07,4.220303750912535e-08,7.776577604090562e-07,0.0,-1.4104805323711389e-08,7.780867576911987e-07,2.1713326969763358e-10,7.668019691431383e-11,2.1186445653409436e-10,3.227747669143355e-08,7.776577604090562e-07,2.9548994007200236e-07,1.5960505095335975e-07,4.311758949882005e-09,1.358848891186426e-07,9.925560817691803e-09,0.0,0.0
4.2432500777067617e-05,0.019454497669357806,0.0005189508849799962,1.1342381144017188e-06,0.004384875263742886,1.1342795005475637e-06,1.0732650252975873e-06,1.595492875594573e-07,4.706133260867773e-09,1.360576362685606e-07,4.220313343239468e-08,7.776581014695694e-07,0.0,-1.4105211221249192e-08,7.780823807479464e-07,2.123594911029869e-10,2.707055135608982e-10,2.118769465431214e-10,3.227749445500194e-08,7.776581014695694e-07,2.9518267297135026e-07,1.5933692054659332e-07,4.438712508658682e-09,1.3584576663561165e-07,9.925638977392737e-09,0.0,0.0
4.243500006850809e-05,0.01945499243447557,0.0013867365990510583,1.1342475430786433e-06,0.00361398260055096,1.13428916392877e-06,1.0740985771917622e-06,1.6040146988416382e-07,3.881773569247571e-09,1.3603658999272739e-07,4.220325777737344e-08,7.776605457365804e-07,0.0,-1.4105522083696087e-08,7.786370019857713e-07,7.646134281280581e-10,2.7410856917597926e-10,2.1188555077156224e-10,3.2277572614702876e-08,7.776605457365804e-07,2.954615467842814e-07,1.5963685484621237e-07,3.6066405417756187e-09,1.3582470614892372e-07,9.9256869390274e-09,0.0,0.0
4.243749935994856e-05,0.019455487199593335,0.0015361839541547795,1.1342620046699604e-06,0.004510257355048232,1.1343043979650247e-06,1.0731549764386727e-06,1.5943101061566267e-07,4.8402051255891365e-09,1.3606224058548833e-07,4.2203321726219656e-08,7.776616826049576e-07,0.0,-1.4105963508370678e-08,7.789768687871401e-07,1.1032839086766444e-09,7.408326729851922e-11,2.1189391907761035e-10,3.227759037827127e-08,7.776616826049576e-07,2.941780792298232e-07,1.5832772248813853e-07,4.764682870472825e-09,1.3585034253082995e-07,9.925733124305225e-09,0.0,0.0
4.244000228936784e-05,0.0194559819647111,0.0008635801066922966,1.134273877865442e-06,0.0036562252684672874,1.1343166761434986e-06,1.074079818863538e-06,1.603230259661359e-07,3.927077774079635e-09,1.3609778193313105e-07,4.22034318603437e-08,7.776590109642711e-07,0.0,-1.4106354306875346e-08,7.781867452649749e-07,3.158601435959696e-10,3.53286455645474e-10,2.1190088572708987e-10,3.2277636563549095e-08,7.776590109642711e-07,2.958930451768538e-07,1.6000717550923582e-07,3.5785745478023046e-09,1.3588586966761795e-07,9.925793520437765e-09,0.0,0.0
4.244250158080831e-05,0.01945647527463734,0.0003355238276299133,1.134279793164176e-06,0.003507416631928096,1.1343220194248715e-06,1.0742440963440458e-06,1.6049023088271497e-07,3.767821610267674e-09,1.3609594873287278e-07,4.2203534889040384e-08,7.776578740958939e-07,0.0,-1.4106658063894884e-08,7.780539021950972e-07,1.8414807179123471e-10,5.3992744303288376e-11,2.1189895671458459e-10,3.227768274882692e-08,7.776578740958939e-07,2.961901373055298e-07,1.6030608662731538e-07,3.710081797336784e-09,1.358840506782144e-07,9.925852140213465e-09,0.0,0.0
4.2445000872248784e-05,0.019456968584563583,0.0005891691883519456,1.134284354766611e-06,0.004302692031666338,1.1343259984641918e-06,1.0733967883425066e-06,1.5967424360496807e-07,4.618495808017542e-09,1.3606428694856731e-07,4.2203591732459245e-08,7.77658271999826e-07,0.0,-1.4107076395930562e-08,7.780302553328511e-07,1.600881510688268e-10,2.2816840083983436e-10,2.119021902391438e-10,3.227770051239531e-08,7.77658271999826e-07,2.9536653300965554e-07,1.5951415832660132e-07,4.390716679125717e-09,1.3585237468305422e-07,9.925892108242351e-09,0.0,0.0
4.244750380166806e-05,0.019457461894489825,0.001244212471945616,1.1342933990203273e-06,0.0037160454653518207,1.1343350934112095e-06,1.074032866199559e-06,1.6032277017075103e-07,3.9911549620796904e-09,1.3604963555735594e-07,4.220370186658329e-08,7.776604320497427e-07,0.0,-1.4107397916518494e-08,7.785293973938678e-07,6.570562427477e-10,1.3690155953316463e-10,2.119124736799094e-10,3.2277753803100495e-08,7.776604320497427e-07,2.955034403839818e-07,1.5966571709213895e-07,3.855468833080522e-09,1.3583772329184285e-07,9.925948951661212e-09,0.0,0.0
4.244999945512973e-05,0.019457955204416066,0.001438031372835269,1.1343066307954597e-06,0.0041059895801897174,1.1343489632054116e-06,1.0736291642388096e-06,1.598952650283536e-07,4.408310161352347e-09,1.360729555699436e-07,4.2203765815429506e-08,7.776608867970936e-07,0.0,-1.4107757628778472e-08,7.786820219735091e-07,8.091912695462611e-10,6.714574035671106e-11,2.1192168853101379e-10,3.227776090852785e-08,7.776608867970936e-07,2.9494711384359107e-07,1.590860847500153e-07,4.3387347048451375e-09,1.358610433044305e-07,9.926005795080073e-09,0.0,0.0
4.245250238454901e-05,0.019458448514342308,0.0008606779784585683,1.134317970556865e-06,0.004188737045649277,1.1343606729496969e-06,1.0735519708759966e-06,1.59786267772688e-07,4.496826910838081e-09,1.3610674898245634e-07,4.220384397513044e-08,7.776588972774334e-07,0.0,-1.4108131551893166e-08,7.78120522682002e-07,2.4969878942293633e-10,1.8629771336708956e-10,2.1192644861223187e-10,3.227779643566464e-08,7.776588972774334e-07,2.954313913505757e-07,1.595365688444872e-07,4.3120516046712964e-09,1.3589482250608853e-07,9.926047539465799e-09,0.0,0.0
4.2455005313968286e-05,0.01945894182426855,0.00037848176708665804,1.1343240834548917e-06,0.00419139922352681,1.1343662436047453e-06,1.0735541309259133e-06,1.5979222212081368e-07,4.499693950776873e-09,1.3610389260065858e-07,4.220393989839977e-08,7.776580446261505e-07,0.0,-1.4108463730622134e-08,7.779686939102248e-07,9.872742207095442e-11,6.057443609208679e-12,2.1192998744812286e-10,3.2277817751946714e-08,7.776580446261505e-07,2.9558546543739794e-07,1.5969348510225245e-07,4.491456095934154e-09,1.3589196612429078e-07,9.926123034631473e-09,0.0,0.0
4.245750096742995e-05,0.01945943367900327,0.0008006441332183423,1.1343298830414607e-06,0.0044683185419943545,1.1343713595124427e-06,1.0732627515608328e-06,1.5953229137721792e-07,4.7956798532311495e-09,1.360716623821645e-07,4.220402516352806e-08,7.776588404340146e-07,0.0,-1.4108874957230455e-08,7.780854502925649e-07,2.14703504974878e-10,1.44382020228484e-10,2.119364544972413e-10,3.227783196280143e-08,7.776588404340146e-07,2.9517732968997734e-07,1.5931759378418064e-07,4.653175622593153e-09,1.3585972169494198e-07,9.92619231254821e-09,0.0,0.0
4.246000025887042e-05,0.019459925533737987,0.0013888529598719002,1.1343406521865797e-06,0.003856109222408349,1.1343826145093772e-06,1.0739281606220175e-06,1.6019761517327424e-07,4.141184284378596e-09,1.3606994286874396e-07,4.220410332322899e-08,7.776605457365804e-07,0.0,-1.410918670785577e-08,7.785634466017655e-07,6.909320893200288e-10,4.6275996923306195e-11,2.119456971039213e-10,3.227786038451086e-08,7.776605457365804e-07,2.9536468559854256e-07,1.5950668341702112e-07,4.094809380461584e-09,1.3585800218152144e-07,9.926242050539713e-09,0.0,0.0
4.24625031882897e-05,0.019460417388472706,0.0012001574348116661,1.1343533863567883e-06,0.004391677311440999,1.1343959158693906e-06,1.0733683666330762e-06,1.5960740995524247e-07,4.713887502560965e-09,1.361007377909118e-07,4.220417793021625e-08,7.776602046760672e-07,0.0,-1.4109549972829427e-08,7.784452691339538e-07,5.731101149208939e-10,6.579049804944503e-11,2.1195539767759897e-10,3.227786393722454e-08,7.776602046760672e-07,2.949230974991224e-07,1.590343003954331e-07,4.646902418414811e-09,1.3588878289283457e-07,9.92631132845645e-09,0.0,0.0
4.2465002479730174e-05,0.019460909243207425,0.0007518088781836574,1.134362987195519e-06,0.004130077960460763,1.1344053518769215e-06,1.0736569038272137e-06,1.598859995510793e-07,4.434286715593316e-09,1.3611206384211982e-07,4.220426674805822e-08,7.776587835905957e-07,0.0,-1.410992478412254e-08,7.780714668115252e-07,2.0067898731657152e-10,9.089008018436928e-11,2.11963266383286e-10,3.227788525350661e-08,7.776587835905957e-07,2.955854085939791e-07,1.5968532807164593e-07,4.3449426279096315e-09,1.3590009473318787e-07,9.926382382730026e-09,0.0,0.0
4.2467501771170646e-05,0.01946139964275062,0.000737675584790376,1.1343702916205213e-06,0.004256084912931022,1.1344122867740225e-06,1.0735286650742637e-06,1.5977003897660325e-07,4.569029155021553e-09,1.3610001303732133e-07,4.2204330696904435e-08,7.776586130603391e-07,0.0,-1.411025429831625e-08,7.780779469612753e-07,2.0733555150531657e-10,3.0039488257971314e-11,2.1196659705235987e-10,3.227789235893397e-08,7.776586130603391e-07,2.9545074653469783e-07,1.5956270260630845e-07,4.537151543360096e-09,1.358880581392441e-07,9.926439226148887e-09,0.0,0.0
4.2470004700589925e-05,0.01946189149748534,0.0009563063925410731,1.1343786235510821e-06,0.004153402554397064,1.1344205859131762e-06,1.0736462172644679e-06,1.598950802872423e-07,4.459284941304986e-09,1.360918417958601e-07,4.220440175117801e-08,7.776593520247843e-07,0.0,-1.4110660195854052e-08,7.781804924889002e-07,3.0920696558744964e-10,9.703737119393097e-11,2.1196797095335285e-10,3.2277903017075005e-08,7.776593520247843e-07,2.954657531972771e-07,1.5958588051034894e-07,4.36523528435373e-09,1.3587987268692814e-07,9.926499622281426e-09,0.0,0.0
4.24725039920304e-05,0.01946238335222006,0.0010987677341454116,1.1343887315304762e-06,0.0036931666489209867,1.1344308177285711e-06,1.0741483720266842e-06,1.6039352601637802e-07,3.967008943561723e-09,1.3609464133423899e-07,4.220446925273791e-08,7.776601478326484e-07,0.0,-1.4110971058300947e-08,7.783649493831035e-07,4.92828000631107e-10,3.5359836586534854e-11,2.1197352206847597e-10,3.227791367521604e-08,7.776601478326484e-07,2.9578336580016185e-07,1.5990070778570953e-07,3.929867542495913e-09,1.3588267222530703e-07,9.926558242057126e-09,0.0,0.0
4.2475006921449676e-05,0.019462873751763254,0.0010601033410333471,1.134399318624367e-06,0.004628245342019572,1.1344416179781547e-06,1.073158955477993e-06,1.5939045283630549e-07,4.96684293693761e-09,1.3610873850211647e-07,4.220452609615677e-08,7.776596930852975e-07,0.0,-1.4111305901565174e-08,7.782531952216232e-07,3.8147646153063874e-10,8.151108954468356e-11,2.1198534594368823e-10,3.227791722792972e-08,7.776596930852975e-07,2.949057318346604e-07,1.590089766523306e-07,4.883769388897008e-09,1.358967551823298e-07,9.926609756405469e-09,0.0,0.0
4.247750257491134e-05,0.019463362696114928,0.0008343838229381006,1.1344085816123485e-06,0.003917377789921776,1.1344509402988479e-06,1.0739275921878289e-06,1.6014790560348047e-07,4.206980097620772e-09,1.3612076088520553e-07,4.220461136128506e-08,7.776589541208523e-07,0.0,-1.4111710022746138e-08,7.780844839544443e-07,2.1358491364420473e-10,4.990029917051331e-11,2.1199354771628265e-10,3.2277927886070756e-08,7.776589541208523e-07,2.958430798116751e-07,1.5993431645711098e-07,4.160864097713102e-09,1.3590876335456414e-07,9.926684363392724e-09,0.0,0.0
4.248000186635181e-05,0.019463853095658123,0.000754529211221211,1.1344163736346099e-06,0.004114944629962547,1.1344583299432998e-06,1.0737234106272808e-06,1.5995114210909378e-07,4.4183123826258e-09,1.361133428190442e-07,4.2204689520985994e-08,7.776588972774334e-07,0.0,-1.4111987134413084e-08,7.780337227814016e-07,1.628516627105725e-10,6.551558601186613e-11,2.1199303423813376e-10,3.2277931438784435e-08,7.776588972774334e-07,2.956896310024604e-07,1.5978828571405757e-07,4.348611692961413e-09,1.3590135949925752e-07,9.926759858558398e-09,0.0,0.0
4.2482501157792285e-05,0.019464342040009797,0.001070299750608683,1.1344252960327465e-06,0.00437640200283642,1.1344670838298043e-06,1.0734520401456393e-06,1.5969420985584293e-07,4.697857658442217e-09,1.360981087827895e-07,4.220476412797325e-08,7.776597499287163e-07,0.0,-1.4112400137378245e-08,7.782322768434824e-07,3.6051522878111086e-10,8.267538736950186e-11,2.1199696165208337e-10,3.227793854421179e-08,7.776597499287163e-07,2.952198201455758e-07,1.5933369468257297e-07,4.6191428459962935e-09,1.358861112521481e-07,9.926824695583036e-09,0.0,0.0
4.248500044923276e-05,0.01946483098436147,0.0012668552759902418,1.1344367234202389e-06,0.003276488497494244,1.1344789072609274e-06,1.0746402949735057e-06,1.608751176718215e-07,3.5210465654245127e-09,1.3610510052330937e-07,4.220482807681947e-08,7.776600909892295e-07,0.0,-1.4112715440717238e-08,7.783597197885683e-07,4.876146153520722e-10,7.296518250710093e-11,2.1201419786454068e-10,3.227794209692547e-08,7.776600909892295e-07,2.9628057518493733e-07,1.6038750061397877e-07,3.44814909958302e-09,1.3589308878181328e-07,9.926885091715576e-09,0.0,0.0
4.248749974067323e-05,0.019465321383904666,0.0009174072165442082,1.1344474350335244e-06,0.0044030241878472735,1.1344899348841864e-06,1.073445673682727e-06,1.5966051591931318e-07,4.726407265565058e-09,1.3612599047974072e-07,4.2204895578379364e-08,7.776591814945277e-07,0.0,-1.4113000545989962e-08,7.781034128129249e-07,2.3222120060228946e-10,1.1684911371823148e-10,2.1203581945794525e-10,3.227795275506651e-08,7.776591814945277e-07,2.95342260869802e-07,1.5942829634241207e-07,4.605129166890265e-09,1.359139645273899e-07,9.926943711491276e-09,0.0,0.0
4.249000267009251e-05,0.01946581032825634,0.0006111478469623677,1.1344549088171695e-06,0.00422588547960996,1.1344969834681251e-06,1.0736415561041213e-06,1.5985865786660725e-07,4.537086262246248e-09,1.361243704423032e-07,4.220496307993926e-08,7.776584993735014e-07,0.0,-1.4113425983452998e-08,7.779643738103914e-07,9.380946019987846e-11,6.367118637884417e-11,2.120438824526616e-10,3.227795630778019e-08,7.776584993735014e-07,2.9567718229372986e-07,1.597648520146322e-07,4.477807014069413e-09,1.3591231606824294e-07,9.927006772159075e-09,0.0,0.0
4.249250559951179e-05,0.019466299272608012,0.0008680385221504494,1.134462141215372e-06,0.003898339493408958,1.1345039183652261e-06,1.0739983054008917e-06,1.6023396653963573e-07,4.186810009798592e-09,1.3610534210783953e-07,4.22050234760718e-08,7.776590109642711e-07,0.0,-1.411371819415308e-08,7.780718078720383e-07,2.007494448452718e-10,1.078553982236663e-10,2.1204611677649865e-10,3.2277963413207544e-08,7.776590109642711e-07,2.9592649752885336e-07,1.6003320979507407e-07,4.075517257007277e-09,1.35893301944634e-07,9.927058286507418e-09,0.0,0.0
4.249500489095226e-05,0.019466786761768162,0.0011948428199985983,1.1344721975383017e-06,0.004743094850448659,1.1345142638674588e-06,1.0731051816037507e-06,1.5934249120164168e-07,5.089839660854523e-09,1.3610261362373421e-07,4.22050909776317e-08,7.776600909892295e-07,0.0,-1.411407435369938e-08,7.783420414853026e-07,4.69878247422173e-10,7.77407166419053e-11,2.120479902778527e-10,3.227797762406226e-08,7.776600909892295e-07,2.947631685401575e-07,1.5887260929048352e-07,5.01275065900586e-09,1.3589055924967397e-07,9.927113353569439e-09,0.0,0.0
4.249750418239273e-05,0.019467275706119835,0.0011270018162861106,1.1344835500665054e-06,0.0037684029563427534,1.1345258599249064e-06,1.0741583764684037e-06,1.6038268313423032e-07,4.047861601463865e-09,1.3611555971237976e-07,4.220514426833688e-08,7.776601478326484e-07,0.0,-1.4114442947743555e-08,7.783382329762389e-07,4.660370978015749e-10,5.177857448357415e-11,2.120486980450309e-10,3.227798117677594e-08,7.776601478326484e-07,2.958201434921648e-07,1.5991665236469998e-07,3.9991046030252164e-09,1.3590350533831952e-07,9.927163091560942e-09,0.0,0.0
4.25000034738332e-05,0.019467763195279986,0.0008043479091810468,1.1344929651870616e-06,0.0038297854218926957,1.134535409619275e-06,1.074101874110056e-06,1.6031127358928643e-07,4.113579699094316e-09,1.361315895564985e-07,4.22052082171831e-08,7.776589541208523e-07,0.0,-1.4114730717551538e-08,7.780326995998621e-07,1.6166033789399847e-10,1.2117017111901163e-10,2.1205801004064995e-10,3.227799894034433e-08,7.776589541208523e-07,2.9606914608848456e-07,1.601496109060463e-07,3.990822339261513e-09,1.3591953518243827e-07,9.927209276838767e-09,0.0,0.0
4.250250640325248e-05,0.019468250684440136,0.0005465245976807864,1.1344995505441e-06,0.003610717617058557,1.1345417760821874e-06,1.0743422080849996e-06,1.6054694640388334e-07,3.879146337482098e-09,1.36136904416162e-07,4.2205279271456675e-08,7.776583856866637e-07,0.0,-1.4115089541633097e-08,7.779479460623406e-07,7.751280173273756e-11,1.917045341914836e-11,2.120758846313464e-10,3.227801315119905e-08,7.776583856866637e-07,2.9639426202265895e-07,1.6046944040226663e-07,3.8625698195460245e-09,1.3592483583124704e-07,9.927269672971306e-09,0.0,0.0
4.250500205671415e-05,0.019468738173600286,0.0007369000214820787,1.1345058070999972e-06,0.0034796757304500887,1.1345475741109112e-06,1.0744879546109587e-06,1.6071113861926278e-07,3.738869658320709e-09,1.3611787608169834e-07,4.220535387844393e-08,7.776588972774334e-07,0.0,-1.4115393298652634e-08,7.7799637665521e-07,1.254246706494655e-10,1.3128528819628116e-10,2.120883052514344e-10,3.2278023809340084e-08,7.776588972774334e-07,2.9649149269062036e-07,1.605857136155464e-07,3.6053764418397805e-09,1.3590579328592867e-07,9.927329180925426e-09,0.0,0.0
4.2507504986133426e-05,0.019469225662760437,0.0012739893204027908,1.1345156099675616e-06,0.003987590054916072,1.1345573511789553e-06,1.0739537401605048e-06,1.6018890391933382e-07,4.282487253703948e-09,1.3610431892630004e-07,4.2205428485431185e-08,7.776604888931615e-07,0.0,-1.4115728141916861e-08,7.78456239913794e-07,5.836520156066172e-10,5.41220783467633e-11,2.1209728418014606e-10,3.2278048678335836e-08,7.776604888931615e-07,2.954974718250014e-07,1.5960524990532576e-07,4.22828128066044e-09,1.3589222191967565e-07,9.92737714256009e-09,0.0,0.0
4.251000063959509e-05,0.019469711696729064,0.0013113596380662784,1.1345281756417072e-06,0.003859377063947224,1.1345706525389687e-06,1.0741036930994596e-06,1.6031528105031612e-07,4.145371157449063e-09,1.3612809368623857e-07,4.2205485328850045e-08,7.776603183629049e-07,0.0,-1.4116063873359508e-08,7.784385047671094e-07,5.660783508609768e-10,8.56176032848488e-11,2.1210885825517778e-10,3.227805578376319e-08,7.776603183629049e-07,2.956651883323502e-07,1.5974919165273604e-07,4.059474978390654e-09,1.3591598246875947e-07,9.927430433265272e-09,0.0,0.0
4.251250356901437e-05,0.019470199185889214,0.0006874478904434767,1.1345379196117409e-06,0.004145140856796563,1.1345805432938505e-06,1.0738075388871948e-06,1.5999354729956394e-07,4.451083501777475e-09,1.3615539273814647e-07,4.2205574146692015e-08,7.776586130603391e-07,0.0,-1.4116388058482698e-08,7.779830184517778e-07,1.123246495815522e-10,1.472284238968058e-10,2.1212871736953076e-10,3.22780877581863e-08,7.776586130603391e-07,2.9582449201370764e-07,1.5988122470389499e-07,4.303459810728327e-09,1.3594325309895794e-07,9.927485500327293e-09,0.0,0.0
4.251500649843365e-05,0.01947068521985784,0.0004131949963869369,1.1345432691100442e-06,0.0036570384010028846,1.134585204454197e-06,1.0743340226326836e-06,1.6053124340942304e-07,3.928880776271626e-09,1.361446777536912e-07,4.2205630990110876e-08,7.776581014695694e-07,0.0,-1.4116726454460604e-08,7.779249813211209e-07,5.4775118468741724e-11,2.8526970716202804e-11,2.1214145717873834e-10,3.227809841632734e-08,7.776581014695694e-07,2.9640901288985333e-07,1.6047647477535065e-07,3.903297240981374e-09,1.3593253811450268e-07,9.927534350140377e-09,0.0,0.0
4.2517502151895314e-05,0.019471169798634946,0.0009146510352542325,1.1345497035701062e-06,0.0032785255873133256,1.1345912298565963e-06,1.0747450005510473e-06,1.6096764454687218e-07,3.5235789841436826e-09,1.3611828819648508e-07,4.220570559709813e-08,7.776590109642711e-07,0.0,-1.411703642872908e-08,7.780977853144577e-07,2.2662471899081993e-10,1.8048426642103266e-10,2.1214768830546404e-10,3.227811973260941e-08,7.776590109642711e-07,2.966471583931707e-07,1.6074102404672885e-07,3.342651044846434e-09,1.3590613434644183e-07,9.9275849763103e-09,0.0,0.0
4.2520001443335786e-05,0.019471655832603574,0.0013811014973793556,1.1345608617072504e-06,0.003477411757106941,1.134602825914044e-06,1.0745430927272537e-06,1.607633066669223e-07,3.736628784167806e-09,1.361190555826397e-07,4.2205780204085386e-08,7.77660716266837e-07,0.0,-1.4117373048350146e-08,7.785752700328885e-07,7.024106296604771e-10,5.205245956485527e-11,2.1215307288713348e-10,3.227814815431884e-08,7.77660716266837e-07,2.9596779427265574e-07,1.6006089254005929e-07,3.684111904433962e-09,1.3590690173259645e-07,9.927632049766544e-09,0.0,0.0
4.252250073477626e-05,0.01947214041138068,0.00119185927687937,1.1345733297291057e-06,0.003693249963438608,1.134615899900382e-06,1.0743245866251527e-06,1.6052048579240363e-07,3.967749240274543e-09,1.3614393878924602e-07,4.220582638936321e-08,7.776601478326484e-07,0.0,-1.4117689239867559e-08,7.78397009071341e-07,5.246553191895487e-10,1.0364779867710894e-10,2.1215698642329528e-10,3.227815170703252e-08,7.776601478326484e-07,2.9592760597552115e-07,1.599958352471731e-07,3.862447250924106e-09,1.3593177072834806e-07,9.92767468233069e-09,0.0,0.0
4.252500366419554e-05,0.019472626445349306,0.0006808224346748215,1.1345824315983481e-06,0.0042441394001546465,1.1346249948473996e-06,1.0737438742580707e-06,1.599254630946234e-07,4.557118682413375e-09,1.3615988336823648e-07,4.220591520720518e-08,7.776585562169203e-07,0.0,-1.4118023194953366e-08,7.77969034970738e-07,9.835543490765986e-11,1.43226222548698e-10,2.1216475798446766e-10,3.227818723416931e-08,7.776585562169203e-07,2.957748392873327e-07,1.598271097691395e-07,4.413090337607173e-09,1.3594772951819323e-07,9.927728861214291e-09,0.0,0.0
4.252750295563601e-05,0.01947311102412641,0.0004704739492500387,1.1345880105362862e-06,0.0037334198138640395,1.1346301107550971e-06,1.0742949143605074e-06,1.6048322493134037e-07,4.01079391920689e-09,1.3615360217045236e-07,4.22059791560514e-08,7.776581014695694e-07,0.0,-1.4118371360893889e-08,7.779304951327504e-07,6.02083799483566e-11,2.0988480051165048e-11,2.121758602147139e-10,3.2278197892310345e-08,7.776581014695694e-07,2.9636444764946646e-07,1.6042302775076678e-07,3.992959296539311e-09,1.359414341095544e-07,9.927783040097893e-09,0.0,0.0
4.253000588505529e-05,0.019473597058095038,0.0008146192901115623,1.1345942565259582e-06,0.003510640966101071,1.134635908783821e-06,1.074538886314258e-06,1.6074706365998281e-07,3.772320233963455e-09,1.3613296800940589e-07,4.2206053763038653e-08,7.776588404340146e-07,0.0,-1.4118653801631353e-08,7.780177497807017e-07,1.4670571701902446e-10,1.715177722072525e-10,2.1218637957787223e-10,3.227821920859242e-08,7.776588404340146e-07,2.9652113653355627e-07,1.6060036500675778e-07,3.5987481883381633e-09,1.359207857376532e-07,9.927836330803075e-09,0.0,0.0
4.2532501538516954e-05,0.01947408018168062,0.0013476045561513494,1.1346047027393325e-06,0.00413087727589841,1.134646481659729e-06,1.0738853006841964e-06,1.6010052661385998e-07,4.436088385517678e-09,1.361241857011919e-07,4.220612837002591e-08,7.776606025799992e-07,0.0,-1.4118999303036617e-08,7.785321258779732e-07,6.593313672809131e-10,5.0611674573541876e-11,2.1218803103462136e-10,3.227824763030185e-08,7.776606025799992e-07,2.953532032279327e-07,1.5944119979849347e-07,4.384745455610073e-09,1.359120034294392e-07,9.92788073972406e-09,0.0,0.0
4.253500446793623e-05,0.019474564760457724,0.001341772323023127,1.1346177348889254e-06,0.003978924333988072,1.1346602377670933e-06,1.074061060535314e-06,1.602533927780314e-07,4.273607689952996e-09,1.3614742044865125e-07,4.220618521344477e-08,7.776602615194861e-07,0.0,-1.4119322599981388e-08,7.784551030454168e-07,5.826482074589023e-10,9.951498652904789e-11,2.1218868329064833e-10,3.2278254735729206e-08,7.776602615194861e-07,2.956059859116067e-07,1.5967074773470813e-07,4.174629086861614e-09,1.3593523817689857e-07,9.927933142250822e-09,0.0,0.0
4.25375001213979e-05,0.019475047884043306,0.0007107666231381815,1.1346276511886776e-06,0.0042303551583963645,1.1346703558956506e-06,1.0738018545453087e-06,1.5997090940800263e-07,4.542563214471329e-09,1.3617257366149715e-07,4.220627403128674e-08,7.776583856866637e-07,0.0,-1.4119625468822505e-08,7.779619863867993e-07,9.136984918667324e-11,1.720924652781619e-10,2.1220075696604113e-10,3.2278290262865994e-08,7.776583856866637e-07,2.958398965802189e-07,1.5987953361218388e-07,4.368600148296764e-09,1.3596037717888976e-07,9.927982880242325e-09,0.0,0.0
4.2540006688795984e-05,0.01947553246282041,0.0003425599772270971,1.1346327553858365e-06,0.00443397365808669,1.1346747896823217e-06,1.0735882369772298e-06,1.5976694101027533e-07,4.760261962388768e-09,1.3616350713618885e-07,4.220633798013296e-08,7.776578172524751e-07,0.0,-1.4119988733796163e-08,7.779074735481117e-07,3.7452041468100106e-11,6.545038382793633e-12,2.1221938095727921e-10,3.227830802643439e-08,7.776578172524751e-07,2.956807634291181e-07,1.5972949540810077e-07,4.75471750860379e-09,1.3595128223187203e-07,9.928030841876989e-09,0.0,0.0
4.254250234225765e-05,0.019476015586405993,0.0007686458377094141,1.1346381238832127e-06,0.004025908963382924,1.1346796782163437e-06,1.0740290008470765e-06,1.6023453497382434e-07,4.3239429814434516e-09,1.3613605176487908e-07,4.2206409034406533e-08,7.776584425300825e-07,0.0,-1.4120288938102021e-08,7.779889870107581e-07,1.1827867851810225e-10,1.6598636354281382e-10,2.122353265354704e-10,3.227832579000278e-08,7.776584425300825e-07,2.9604007067973725e-07,1.601162580300297e-07,4.1587235877216244e-09,1.3592382686056226e-07,9.928083244403751e-09,0.0,0.0
4.254500163369812e-05,0.01947649725480005,0.0013347222202000353,1.1346482551423584e-06,0.004168178989666429,1.1346901374054141e-06,1.0738868922999245e-06,1.6009649073112087e-07,4.476152781762721e-09,1.3613015426017228e-07,4.220648364139379e-08,7.776602615194861e-07,0.0,-1.412061845229573e-08,7.784752824591123e-07,6.028146315451011e-10,7.671455831692597e-11,2.1224037805023244e-10,3.227836131713957e-08,7.776602615194861e-07,2.9541158141910273e-07,1.594936804849567e-07,4.39858638401347e-09,1.3591791514500073e-07,9.928124100611058e-09,0.0,0.0
4.254750092513859e-05,0.019476980378385633,0.001242932897081217,1.134660708402185e-06,0.0040500082279400175,1.1347032113917521e-06,1.0740258176156203e-06,1.6020848647713137e-07,4.349813398363267e-09,1.3615714067327644e-07,4.220654403752633e-08,7.776602046760672e-07,0.0,-1.412097550002045e-08,7.784532272125944e-07,5.807588299155952e-10,7.803258733618534e-11,2.1223919843826877e-10,3.227836486985325e-08,7.776602046760672e-07,2.9557264724644483e-07,1.596277314774852e-07,4.27285717918835e-09,1.359449015581049e-07,9.92817739131624e-09,0.0,0.0
4.255000385455787e-05,0.019477463501971215,0.0006883225372901203,1.1346700387526862e-06,0.004209554982929466,1.1347125337124453e-06,1.0738641549323802e-06,1.600236174681413e-07,4.5204902043849415e-09,1.361820665124469e-07,4.220662930265462e-08,7.776584993735014e-07,0.0,-1.4121257940757914e-08,7.779636348459462e-07,9.289175678661721e-11,1.829400519959279e-10,2.1224869084512932e-10,3.227840039699004e-08,7.776584993735014e-07,2.959005485081434e-07,1.5993073532172275e-07,4.3355683487789065e-09,1.3596981318642065e-07,9.928229793843002e-09,0.0,0.0
4.2552503145998344e-05,0.019477945170365274,0.0004456722982641992,1.1346755008473995e-06,0.0043048420939733635,1.134717535933305e-06,1.0737668389992905e-06,1.599327390522376e-07,4.622396687636865e-09,1.3617604111004766e-07,4.2206703909641874e-08,7.776580446261505e-07,0.0,-1.4121639857478385e-08,7.779286761433468e-07,5.838366595734001e-11,2.1965524885092513e-11,2.122642756008375e-10,3.227841460784475e-08,7.776580446261505e-07,2.9583813443423423e-07,1.5987434665021283e-07,4.602459302560646e-09,1.359637735731667e-07,9.928287525440282e-09,0.0,0.0
4.2555002437438816e-05,0.019478426838759333,0.0007852667214986175,1.1346814298916078e-06,0.003787283804519809,1.1347231065883534e-06,1.0743256098066922e-06,1.6051244244863483e-07,4.068775982801753e-09,1.361543837674617e-07,4.220677496391545e-08,7.776587835905957e-07,0.0,-1.4121946279033182e-08,7.78004164203594e-07,1.3311446389607795e-10,1.7298618093519735e-10,2.1228076241275318e-10,3.2278432371413146e-08,7.776587835905957e-07,2.9632144560309825e-07,1.6037932937251753e-07,3.895870293035841e-09,1.35942102019726e-07,9.928343480680724e-09,0.0,0.0
4.2557505366858095e-05,0.019478909962344915,0.0012548996482268926,1.1346912864165251e-06,0.004053747731926223,1.134733111030073e-06,1.074050032912055e-06,1.6024064564135188e-07,4.353927884892528e-09,1.3614884153412277e-07,4.2206853123616384e-08,7.776606025799992e-07,0.0,-1.4122259806015336e-08,7.784641411490156e-07,5.912574874145093e-10,6.314457984268884e-11,2.1229613900164424e-10,3.2278464345836255e-08,7.776606025799992e-07,2.9558592018474883e-07,1.5964938882007118e-07,4.290488408997817e-09,1.3593654557553236e-07,9.928391442315387e-09,0.0,0.0
4.256000102031976e-05,0.01947939017554745,0.0012350284816282642,1.1347032433801384e-06,0.003625667778561891,1.1347456165822223e-06,1.0745202416728716e-06,1.606859996172716e-07,3.895853417645867e-09,1.361738242167121e-07,4.220692062517628e-08,7.776604888931615e-07,0.0,-1.412260441924218e-08,7.784194053783722e-07,5.466336272519356e-10,9.393797545387272e-11,2.123090592220933e-10,3.2278467898549934e-08,7.776604888931615e-07,2.961008647162089e-07,1.6013936487979663e-07,3.8040024463725786e-09,1.3596151404726697e-07,9.928451838447927e-09,0.0,0.0
4.256250394973904e-05,0.01947987184394151,0.000730206714487841,1.134712709296947e-06,0.0038568131953751975,1.1347552799634286e-06,1.0742820677478448e-06,1.6042527306581178e-07,4.14330525444484e-09,1.3619799688058265e-07,4.2206998784877214e-08,7.776588404340146e-07,0.0,-1.4122862879162312e-08,7.780021746839338e-07,1.3101834894779785e-10,1.3167869572505708e-10,2.123243247886819e-10,3.227849987297304e-08,7.776588404340146e-07,2.9627992148562043e-07,1.6029426319619233e-07,4.0079335406062455e-09,1.3598567250028282e-07,9.92849980008259e-09,0.0,0.0
4.256500324117951e-05,0.019480352057144046,0.0005121019663165971,1.1347186750272486e-06,0.004426035564359572,1.1347606232448015e-06,1.0736782769527053e-06,1.5983648893325153e-07,4.7521382384729804e-09,1.361833739110807e-07,4.2207059181009754e-08,7.776583856866637e-07,0.0,-1.4123233249563327e-08,7.779401585139567e-07,6.941754809863809e-11,2.787111687274635e-11,2.1234408675852023e-10,3.227851053111408e-08,7.776583856866637e-07,2.957380900170392e-07,1.5976706890796777e-07,4.7260266811122165e-09,1.3597102110907144e-07,9.928552202609353e-09,0.0,0.0
4.256750253261998e-05,0.019480833725538105,0.0009805253623706989,1.134725864541332e-06,0.0034197176620299288,1.1347674444550648e-06,1.0747613714556792e-06,1.6094986676762346e-07,3.675380444434495e-09,1.3615201055472426e-07,4.2207144446138045e-08,7.776595225550409e-07,0.0,-1.4123557434686518e-08,7.781609951962309e-07,2.8913618721482237e-10,1.554379402968209e-10,2.1236447322880991e-10,3.227853184739615e-08,7.776595225550409e-07,2.9660037625944824e-07,1.6066073271758796e-07,3.522260261235033e-09,1.3593964354186028e-07,9.928612598741893e-09,0.0,0.0
4.2570001824060455e-05,0.019481312483549118,0.0014111563135530136,1.1347373149089533e-06,0.003730247420530664,1.1347793815730256e-06,1.074440433512791e-06,1.6062556085216784e-07,4.007928655624937e-09,1.3615378691156366e-07,4.2207208394984264e-08,7.776610573273501e-07,0.0,-1.4123830105461366e-08,7.786082392158278e-07,7.347866204376885e-10,1.155004390740455e-11,2.1238572012194368e-10,3.2278549610964546e-08,7.776610573273501e-07,2.958321942969633e-07,1.598907743982636e-07,3.993788411094101e-09,1.3594140568784496e-07,9.928658784019717e-09,0.0,0.0
4.257250111550093e-05,0.019481792696751654,0.0011584081784356548,1.1347496542968916e-06,0.0037838029680599392,1.1347922281856881e-06,1.074395527211891e-06,1.6055322760166746e-07,4.065300984734677e-09,1.3618219441013935e-07,4.220728300197152e-08,7.776600341458106e-07,0.0,-1.4124180935937147e-08,7.783044679854356e-07,4.3203382538159474e-10,1.2540747607037162e-10,2.124058290364772e-10,3.227856026910558e-08,7.776600341458106e-07,2.9609100238303654e-07,1.601212034074706e-07,3.94157506633519e-09,1.3596979897556594e-07,9.928719180152257e-09,0.0,0.0
4.25750004069414e-05,0.01948227290995419,0.0006699489650209278,1.134758434309284e-06,0.0037784634555142237,1.134800868385355e-06,1.074409397006093e-06,1.6055885510013468e-07,4.059616642848596e-09,1.3619182936963625e-07,4.220736116167245e-08,7.776587267471768e-07,0.0,-1.412446692938829e-08,7.7799637665521e-07,1.2526517323419029e-10,5.1507121484606344e-11,2.1241662595539168e-10,3.2278585138101334e-08,7.776587267471768e-07,2.964129919291736e-07,1.6043358641582017e-07,4.00629129870822e-09,1.359794055133534e-07,9.928776023571118e-09,0.0,0.0
4.257749969838187e-05,0.019482753123156726,0.0007294990507951127,1.1347651546434187e-06,0.003894128907613323,1.134807007474592e-06,1.0742912763817003e-06,1.6046345763243153e-07,4.183428714554793e-09,1.3616902094781835e-07,4.220741800509131e-08,7.776588404340146e-07,0.0,-1.412482308893459e-08,7.780220130371163e-07,1.507626662400341e-10,5.3015421913604754e-11,2.1242148318112442e-10,3.227858869081501e-08,7.776588404340146e-07,2.9626929176629346e-07,1.6031269467475795e-07,4.13258449682985e-09,1.3595659709153551e-07,9.92882842609788e-09,0.0,0.0
4.258000262780115e-05,0.01948323188116774,0.0011941098389627314,1.134774364075079e-06,0.003287988486191367,1.1348162161084474e-06,1.0749491821115953e-06,1.611362989706322e-07,3.5344205340237522e-09,1.3615277794087888e-07,4.220748905936489e-08,7.776600909892295e-07,0.0,-1.4125117964169931e-08,7.783067985656089e-07,4.342438630899892e-10,7.565363613348808e-11,2.124283665638771e-10,3.2278610007097086e-08,7.776600909892295e-07,2.966424119676958e-07,1.6070205788309977e-07,3.4585996289138166e-09,1.3594035408459604e-07,9.928879052267803e-09,0.0,0.0
4.258250555722043e-05,0.019483712094370276,0.001245338991303413,1.134786078630431e-06,0.004006962168469775,1.1348284942869213e-06,1.0741912319645053e-06,1.603613526413028e-07,4.304243628183713e-09,1.3616930516491266e-07,4.220754235007007e-08,7.776606025799992e-07,0.0,-1.4125425273903147e-08,7.78408434598532e-07,5.353877341462976e-10,2.2893860418538026e-11,2.1243889980482322e-10,3.2278613559810765e-08,7.776606025799992e-07,2.9578282578768267e-07,1.5982595868990757e-07,4.2788106391355996e-09,1.359568670977751e-07,9.928927902080886e-09,0.0,0.0
4.2585001210682094e-05,0.019484189397189766,0.0008111427249648528,1.1347958942756451e-06,0.0037419978296024743,1.1348383850418031e-06,1.0744843166321516e-06,1.606349684379893e-07,4.020717980779409e-09,1.3618995353681385e-07,4.220762406248468e-08,7.776593520247843e-07,0.0,-1.4125815184229396e-08,7.780659529998957e-07,1.9418203156540415e-10,9.997023348029543e-11,2.1244887793425704e-10,3.227863132337916e-08,7.776593520247843e-07,2.9641830678883707e-07,1.6044079131916078e-07,3.924144120759365e-09,1.3597750125882158e-07,9.928993627283944e-09,0.0,0.0
4.2587500502122566e-05,0.01948466815520078,0.0005597413922799888,1.1348024574931782e-06,0.0035430036989369407,1.1348446378178778e-06,1.0747031637947657e-06,1.608596988944555e-07,3.807677284584088e-09,1.361847807856975e-07,4.2207680905903544e-08,7.77658669903758e-07,0.0,-1.412609762496686e-08,7.779671591379156e-07,9.599986083852485e-11,8.369049377121573e-12,2.1245777359624185e-10,3.2278641981520195e-08,7.77658669903758e-07,2.9673603307855956e-07,1.607636903599996e-07,3.7963050480982474e-09,1.3597232850770524e-07,9.929041588918608e-09,0.0,0.0
4.2590003431541845e-05,0.019485146913211793,0.00080843800749264,1.1348090077616597e-06,0.004253528698595921,1.1348507769071148e-06,1.0739485105659696e-06,1.6012626247174921e-07,4.568070810506697e-09,1.3616300975627382e-07,4.220774485474976e-08,7.776592951813655e-07,0.0,-1.4126420921911631e-08,7.780665782775031e-07,1.9483945012943593e-10,1.151167425272881e-10,2.124635328781821e-10,3.227865263966123e-08,7.776592951813655e-07,2.958819607101759e-07,1.5993141744274908e-07,4.453398538828424e-09,1.3595054326742684e-07,9.92909310326695e-09,0.0,0.0
4.259250272298232e-05,0.019485624216031283,0.0012254259349003815,1.1348187154516013e-06,0.00377384298393243,1.1348606676619966e-06,1.0744712426458136e-06,1.606563841960451e-07,4.054885760496063e-09,1.3615408533951268e-07,4.2207823014450696e-08,7.77660716266837e-07,0.0,-1.4126723790752749e-08,7.784678359712416e-07,5.946773073972622e-10,4.100133774165293e-11,2.1246653048034858e-10,3.2278673955943304e-08,7.77660716266837e-07,2.9600332140944374e-07,1.6006170255877805e-07,4.014007792818575e-09,1.359416188506657e-07,9.929149058507392e-09,0.0,0.0
4.2595005652401596e-05,0.019486102974042296,0.0012110540891375199,1.134830380294903e-06,0.004307682141088486,1.1348728321536328e-06,1.0739117897173855e-06,1.600782866262307e-07,4.6260706376699545e-09,1.3617319893910462e-07,4.22078727524422e-08,7.776603183629049e-07,0.0,-1.4127037317734903e-08,7.783918931636435e-07,5.190555207867931e-10,9.258122046773565e-11,2.124724424179547e-10,3.227867750865698e-08,7.776603183629049e-07,2.9551995339716086e-07,1.5955922094690322e-07,4.532476172158795e-09,1.3596071823940292e-07,9.929197020142055e-09,0.0,0.0
4.259750130586326e-05,0.019486578821670264,0.0006747634172310502,1.1348393539127748e-06,0.0037530087737164108,1.1348819271006505e-06,1.074513988896797e-06,1.6065922636698815e-07,4.032660427810697e-09,1.3619603578263195e-07,4.220795446485681e-08,7.776587267471768e-07,0.0,-1.4127350844717057e-08,7.780060968798352e-07,1.3486162186993056e-10,1.2976301977385418e-10,2.1248192094702745e-10,3.2278705930366414e-08,7.776587267471768e-07,2.9650792043867114e-07,1.6052436535574088e-07,3.905304080120686e-09,1.3598355508293025e-07,9.929247646311978e-09,0.0,0.0
4.260000423528254e-05,0.019487057579681277,0.000386877717248324,1.1348444366047544e-06,0.004176204659151302,1.1348864745741594e-06,1.0740653806351474e-06,1.6022100624013547e-07,4.4855168468416196e-09,1.3618610239518603e-07,4.220802196641671e-08,7.776582151564071e-07,0.0,-1.4127620850956646e-08,7.779333941471123e-07,6.268432301004268e-11,2.6410790221476077e-11,2.1248924841898997e-10,3.227871658850745e-08,7.776582151564071e-07,2.961319296446163e-07,1.601583221599867e-07,4.454940416565023e-09,1.359736074846296e-07,9.929305377909259e-09,0.0,0.0
4.2602499888744205e-05,0.019487533427309245,0.0008222812639461369,1.1348501903590847e-06,0.0043005601633555116,1.1348918178555323e-06,1.0739372555690352e-06,1.6011959758088778e-07,4.61853177924354e-09,1.3615844807191024e-07,4.2208089467976606e-08,7.776591246511089e-07,0.0,-1.4127974345967687e-08,7.780677719892992e-07,1.9611705315281114e-10,1.5396389718702608e-10,2.1249761672503809e-10,3.2278734352075844e-08,7.776591246511089e-07,2.958694267363171e-07,1.59923487785818e-07,4.46910597418082e-09,1.3594595316135383e-07,9.929355115900762e-09,0.0,0.0
4.2605002818163484e-05,0.019488010730128735,0.001297445030297259,1.1348603078724527e-06,0.0033906017635520398,1.1349022770446027e-06,1.0749213288363535e-06,1.6110159606341767e-07,3.6446301532322423e-09,1.3615891703011584e-07,4.2208149864109146e-08,7.776607731102558e-07,0.0,-1.4128221259568363e-08,7.785034767948673e-07,6.301805188790865e-10,4.516787291408697e-11,2.125168235833641e-10,3.227875566835792e-08,7.776607731102558e-07,2.964177951980673e-07,1.6047140150021733e-07,3.5975511458730125e-09,1.3594639369785e-07,9.929394195751229e-09,0.0,0.0
4.2607502109603956e-05,0.019488486577756703,0.0011205370207436616,1.1348718137826873e-06,0.004685741426128354,1.1349143278494012e-06,1.0735471960288123e-06,1.597003489450799e-07,5.030364569336143e-09,1.361865429316822e-07,4.2208213812955364e-08,7.776602615194861e-07,0.0,-1.4128538339264196e-08,7.783551154716406e-07,4.822932053727413e-10,9.398316846986887e-11,2.1253507287433138e-10,3.2278762773785274e-08,7.776602615194861e-07,2.951920805571717e-07,1.5921806095775537e-07,4.933972785892138e-09,1.3597401959941635e-07,9.929453703705349e-09,0.0,0.0
4.261000140104443e-05,0.01948896242538467,0.0006607754358540774,1.1348802901157587e-06,0.0036893939274722444,1.1349226269885548e-06,1.0746207408374175e-06,1.6076049291768868e-07,3.964699235581293e-09,1.3620147853998787e-07,4.22082919726563e-08,7.776587835905957e-07,0.0,-1.4128893610632076e-08,7.780055852890655e-07,1.3424662770322726e-10,9.919684518244765e-11,2.1255389115459877e-10,3.227878409006735e-08,7.776587835905957e-07,2.966151839700615e-07,1.6062625718404888e-07,3.871578613257043e-09,1.359889267860126e-07,9.92950877076737e-09,0.0,0.0
4.261250433046371e-05,0.019489438273012638,0.0005813423220715208,1.1348862007036464e-06,0.003672909744457278,1.1349281976436032e-06,1.0746437055786373e-06,1.607969721817426e-07,3.947069338039455e-09,1.3618812033655558e-07,4.2208331052506765e-08,7.776585562169203e-07,0.0,-1.4129121872485939e-08,7.779858037793019e-07,1.1466134292037466e-10,4.369529044145892e-11,2.1256874038755313e-10,3.2278791195494705e-08,7.776585562169203e-07,2.9665787337762595e-07,1.6068230479504564e-07,3.8973091420757555e-09,1.359755543717256e-07,9.929542521547319e-09,0.0,0.0
4.261500362190418e-05,0.019489914120640606,0.0009264642433990389,1.1348933755654226e-06,0.004670921835807336,1.1349351325407042e-06,1.0735826663221815e-06,1.5975234646248282e-07,5.014620718668539e-09,1.3617071203952946e-07,4.22084092122077e-08,7.776595793984598e-07,0.0,-1.4129483361102757e-08,7.781853810229222e-07,3.1321181759302874e-10,1.20278273452179e-10,2.125791626061968e-10,3.227880540634942e-08,7.776595793984598e-07,2.953972568775498e-07,1.5943913922455977e-07,4.897127148240088e-09,1.3595813186384476e-07,9.929602917679858e-09,0.0,0.0
4.261750291334465e-05,0.019490389968268573,0.0012190727494582054,1.1349035850523103e-06,0.0032866696468632894,1.1349455917297746e-06,1.0750740102594136e-06,1.6123826185321377e-07,3.5334131176512074e-09,1.3617503213936288e-07,4.220846250291288e-08,7.776606594234181e-07,0.0,-1.412977024273232e-08,7.784942681610119e-07,6.209862624118045e-10,4.082633883739639e-11,2.1258916849120624e-10,3.2278816064490456e-08,7.776606594234181e-07,2.9657974209840177e-07,1.6061727592386887e-07,3.4940759174872937e-09,1.3596245196367818e-07,9.929645550244004e-09,0.0,0.0
4.2620002204785123e-05,0.019490864360705018,0.001055017389827051,1.1349143731639291e-06,0.004441391579347162,1.134956846726709e-06,1.0738489208961255e-06,1.5999289360024704e-07,4.769383554759088e-09,1.3619610683690553e-07,4.2208512240904383e-08,7.776598636155541e-07,0.0,-1.413003936079349e-08,7.782844022585778e-07,4.11943368305856e-10,1.2124841408667208e-10,2.1260090909969165e-10,3.2278823169917814e-08,7.776598636155541e-07,2.955644617941289e-07,1.5958094934376277e-07,4.643171180873651e-09,1.359835124503661e-07,9.92968818280815e-09,0.0,0.0
4.2622501496225595e-05,0.019491338753141463,0.0006699334914175292,1.134922556200442e-06,0.0038566996392696705,1.1349649184921873e-06,1.0744819292085594e-06,1.606178727797669e-07,4.143954068780431e-09,1.3620521599477797e-07,4.220859040060532e-08,7.776588404340146e-07,0.0,-1.4130426606584479e-08,7.780430451020948e-07,1.7156953635577565e-10,8.191930467305042e-11,2.1261710447806337e-10,3.227883738077253e-08,7.776588404340146e-07,2.964389125281741e-07,1.6044630513079028e-07,4.069312886656462e-09,1.3599259318652912e-07,9.929753908011207e-09,0.0,0.0
4.2625004425644875e-05,0.019491813145577908,0.0006668137555039255,1.134928897628276e-06,0.0033261933822619654,1.1349708302077488e-06,1.0750557066785404e-06,1.612049089771972e-07,3.5758431771171217e-09,1.361918720022004e-07,4.220863303316946e-08,7.776588972774334e-07,0.0,-1.4130638881226787e-08,7.780484452268865e-07,1.76912429150633e-10,7.691969977630109e-11,2.126299553095734e-10,3.227884093348621e-08,7.776588972774334e-07,2.970072614516539e-07,1.6102799804684764e-07,3.4931320058717574e-09,1.3597924919395155e-07,9.929794764218514e-09,0.0,0.0
4.2627503717085347e-05,0.019492287538014352,0.001030537346700361,1.1349369497335246e-06,0.004822816760229953,1.1349787882863893e-06,1.0734620445873588e-06,1.5961876442815992e-07,5.1771107401066274e-09,1.3618338812193542e-07,4.2208689876588323e-08,7.776598636155541e-07,0.0,-1.4131010139806222e-08,7.782597322147922e-07,3.8723452222555466e-10,8.527194922391956e-11,2.126404191615805e-10,3.2278848038913566e-08,7.776598636155541e-07,2.9520228395085724e-07,1.5923153284802538e-07,5.0925117456301905e-09,1.3597073689197714e-07,9.929842725853177e-09,0.0,0.0
4.262999937054701e-05,0.019492760475259274,0.0011726508224367271,1.1349473694309523e-06,0.0034015557747508205,1.1349895885359729e-06,1.0749928378572804e-06,1.6113899903302809e-07,3.6566480954292047e-09,1.3619340677450964e-07,4.2208746720007184e-08,7.776604320497427e-07,0.0,-1.4131328995858894e-08,7.784032050039968e-07,5.301116767775227e-10,5.3259594651189346e-11,2.126516046585536e-10,3.2278851591627244e-08,7.776604320497427e-07,2.9658963285328355e-07,1.606088773087322e-07,3.606968723701698e-09,1.3598075554455136e-07,9.92989512837994e-09,0.0,0.0
4.263250229996629e-05,0.01949323486769572,0.0009804067183836196,1.1349575833730783e-06,0.004066947396698619,1.1349999340382055e-06,1.0742904805738362e-06,1.6042571360230795e-07,4.369082873267871e-09,1.362048749342648e-07,4.220881422156708e-08,7.776598636155541e-07,0.0,-1.4131581238530089e-08,7.782563784530794e-07,3.838511730691607e-10,8.069257068088476e-11,2.1266294281119258e-10,3.227885514434092e-08,7.776598636155541e-07,2.9603407369904744e-07,1.6004186420559563e-07,4.284157917311404e-09,1.359922094934518e-07,9.929959077226158e-09,0.0,0.0
4.263500159140676e-05,0.01949370780494064,0.0007759405015566045,1.1349658897932315e-06,0.0037822896866606215,1.1350081194905215e-06,1.0746028920038952e-06,1.6073542496997106e-07,4.064459435682011e-09,1.3620825711768703e-07,4.2208860406844906e-08,7.776591814945277e-07,0.0,-1.4131948056217425e-08,7.781192152833682e-07,2.473753424325764e-10,7.177344829578658e-11,2.126759324205807e-10,3.22788586970546e-08,7.776591814945277e-07,2.9648361987710814e-07,1.6048805662194354e-07,3.997039588199414e-09,1.359955774660193e-07,9.930000821611884e-09,0.0,0.0
4.2637500882847235e-05,0.019494180742185563,0.000767180743675766,1.1349731877883346e-06,0.003926288365472223,1.135015281761298e-06,1.074455553862208e-06,1.6059445329119626e-07,4.218622340346201e-09,1.362018764439199e-07,4.2208920802977445e-08,7.776591814945277e-07,0.0,-1.4132185199855485e-08,7.781224553582433e-07,2.5059690433870685e-10,7.607990626379291e-11,2.1268957428599577e-10,3.22788586970546e-08,7.776591814945277e-07,2.9633304166054586e-07,1.603438590791484e-07,4.136708753321727e-09,1.3598918258139747e-07,9.930060329566004e-09,0.0,0.0
4.2640003812266514e-05,0.019494655134622008,0.0009796565964137471,1.134981474652553e-06,0.004854576590748403,1.135023467213614e-06,1.0734706847870257e-06,1.596181817831166e-07,5.2112456572217525e-09,1.3619265359920973e-07,4.2208981199109985e-08,7.776598067721352e-07,0.0,-1.413255468207808e-08,7.782700777170248e-07,3.975853257731643e-10,9.536371692320245e-11,2.1270110672766407e-10,3.227886580248196e-08,7.776598067721352e-07,2.95200550226582e-07,1.592206047007494e-07,5.1184247951141515e-09,1.359799597366873e-07,9.930115396628025e-09,0.0,0.0
4.264249946572818e-05,0.019495126616675407,0.0011550621750764378,1.1349915394684512e-06,0.0035362042851813766,1.1350335853421711e-06,1.0748907470770064e-06,1.6103584243865043e-07,3.801033265915521e-09,1.3619457206459629e-07,4.220902027896045e-08,7.776603183629049e-07,0.0,-1.413285222184868e-08,7.78427249770175e-07,5.54238654970618e-10,6.953630726780347e-11,2.1270873951095837e-10,3.227886935519564e-08,7.776603183629049e-07,2.96463468885122e-07,1.6048160489390284e-07,3.733661380067588e-09,1.3598186399121914e-07,9.930151811943233e-09,0.0,0.0
4.264500239514746e-05,0.01949559955392033,0.0010427859539312578,1.13500193391084e-06,0.004447472958076616,1.135044271904917e-06,1.0739257731984253e-06,1.6006009673219523e-07,4.776255835281518e-09,1.3620592653751373e-07,4.220908778052035e-08,7.776598067721352e-07,0.0,-1.4133108905411973e-08,7.783126534377516e-07,4.40147363001131e-10,9.258412786428138e-11,2.1271828742897014e-10,3.227887290790932e-08,7.776598067721352e-07,2.9561314818238316e-07,1.59619958139956e-07,4.678434084581795e-09,1.3599320425328187e-07,9.930216648967871e-09,0.0,0.0
4.264750168658793e-05,0.019496071035973728,0.0007783090473871823,1.1350105200469466e-06,0.004301711859932594,1.135052798417746e-06,1.0740898233052576e-06,1.6021614612782287e-07,4.620424931545131e-09,1.3621463779145415e-07,4.220914462393921e-08,7.776590109642711e-07,0.0,-1.4133497927559802e-08,7.781322324262874e-07,2.6048976864423423e-10,7.449025424266509e-11,2.1273333095095381e-10,3.2278876460622996e-08,7.776590109642711e-07,2.959575624572608e-07,1.599556469500385e-07,4.552176413596953e-09,1.3600190129636758e-07,9.930268163316214e-09,0.0,0.0
4.265000461600721e-05,0.01949654397321865,0.0007517695383292278,1.135017756358455e-06,0.003289022767504622,1.1350597333148471e-06,1.0751805348263588e-06,1.6131458835388912e-07,3.53629325822169e-09,1.3620699235161737e-07,4.220919436193071e-08,7.776588972774334e-07,0.0,-1.4133744841160478e-08,7.781169983900327e-07,2.453378333822087e-10,5.823425075490718e-11,2.127464454604322e-10,3.2278880013336675e-08,7.776588972774334e-07,2.9706350801461667e-07,1.6106923794723116e-07,3.475498111527031e-09,1.359942558565308e-07,9.930313460415618e-09,0.0,0.0
4.265250390744768e-05,0.01949701545527205,0.0010616566003622818,1.1350263063372505e-06,0.004625196071839981,1.1350681461408385e-06,1.0737585398601368e-06,1.5990333679383184e-07,4.9663437806657384e-09,1.3619546734844334e-07,4.2209247652635895e-08,7.776596930852975e-07,0.0,-1.4134050374536855e-08,7.783033311170584e-07,4.308567114197359e-10,7.267193097293401e-11,2.127549525443584e-10,3.227888711876403e-08,7.776596930852975e-07,2.954552087430784e-07,1.5947247788972163e-07,4.891477889401585e-09,1.3598271664250206e-07,9.930361422050282e-09,0.0,0.0
4.265500319888815e-05,0.019497486937325448,0.0012599961651275082,1.135037252513382e-06,0.0038808328664116654,1.135079401137773e-06,1.0745654890342848e-06,1.6070023889369622e-07,4.170209066955977e-09,1.3620493177768367e-07,4.220931515419579e-08,7.776603183629049e-07,0.0,-1.4134399428655797e-08,7.784706212987658e-07,5.975780981160028e-10,3.707509299566425e-11,2.127592546585788e-10,3.227889067147771e-08,7.776603183629049e-07,2.9609483931380964e-07,1.6010265824206726e-07,4.137512554791556e-09,1.3599218107174238e-07,9.930424482718081e-09,0.0,0.0
4.2657502490328625e-05,0.019497956964187324,0.0010548545098784112,1.1350481329333668e-06,0.003925450097194639,1.1350905424478697e-06,1.0745285408120253e-06,1.60643764957058e-07,4.218008164968978e-09,1.3622504013710568e-07,4.220935068133258e-08,7.776596930852975e-07,0.0,-1.4134650783148572e-08,7.78305945914326e-07,4.3348036271595447e-10,6.162874377491079e-11,2.1276451434015797e-10,3.227889422419139e-08,7.776596930852975e-07,2.962225664759899e-07,1.602102912556802e-07,4.1518517512884046e-09,1.3601227522030968e-07,9.93045912167645e-09,0.0,0.0
4.26600017817691e-05,0.019498428446240723,0.0008409642541328255,1.1350570713786042e-06,0.00468533672153872,1.1350992963343742e-06,1.0737240927483072e-06,1.5983714263256843e-07,5.03075892055449e-09,1.3622789651890344e-07,4.220940752475144e-08,7.7765906780769e-07,0.0,-1.4134994508196996e-08,7.781627004987968e-07,2.908567553472352e-10,3.6973823308583675e-11,2.1277686557130693e-10,3.227889777690507e-08,7.7765906780769e-07,2.955614206712198e-07,1.595462890691124e-07,4.99527708086589e-09,1.3601513160210743e-07,9.930509747846372e-09,0.0,0.0
4.2662504711188376e-05,0.0194988984731026,0.0009281939458562123,1.1350653868973733e-06,0.0038074852943338895,1.1351073680998525e-06,1.074670763046015e-06,1.6079557951798051e-07,4.091793126548282e-09,1.3621603045521624e-07,4.220946081545662e-08,7.776591814945277e-07,0.0,-1.4135318693320187e-08,7.78212836394232e-07,3.408630322443429e-10,3.73730942027084e-11,2.127878151458873e-10,3.227889777690507e-08,7.776591814945277e-07,2.964579550734925e-07,1.6045471795678168e-07,4.0561434211383585e-09,1.360032371167108e-07,9.930560374016295e-09,0.0,0.0
4.266500400262885e-05,0.019499368499964476,0.0010353258588832737,1.1350746159678938e-06,0.004183907822844528,1.1351168041073834e-06,1.0742769518401474e-06,1.6040367256664467e-07,4.494675742705567e-09,1.3621371408589766e-07,4.220949989530709e-08,7.776595793984598e-07,0.0,-1.4135614456733947e-08,7.783002047290211e-07,4.2782297149379644e-10,3.315176952400911e-11,2.1279288053843715e-10,3.227890132961875e-08,7.776595793984598e-07,2.9597677553283575e-07,1.5997585478544352e-07,4.459022484581965e-09,1.3600092074739223e-07,9.930598565688342e-09,0.0,0.0
4.266750329406932e-05,0.019499838526826352,0.0009034253307853568,1.1350837286192702e-06,0.0040506644589457875,1.1351260127412388e-06,1.0744283827079926e-06,1.6054300999712723e-07,4.3521488635178684e-09,1.3622610595120932e-07,4.2209542527871236e-08,7.776592951813655e-07,0.0,-1.4135955517247112e-08,7.782266493450152e-07,3.545642113245151e-10,5.149762560829885e-11,2.1279603079626952e-10,3.227890132961875e-08,7.776592951813655e-07,2.962017617846868e-07,1.6018844917198294e-07,4.304150369449644e-09,1.3601331261270388e-07,9.930639421895648e-09,0.0,0.0
4.26700062234886e-05,0.019500308553688228,0.0007156541850491527,1.1350913387279097e-06,0.0033169021423021935,1.1351335160725284e-06,1.0752212347142631e-06,1.6133057556544372e-07,3.566403616872549e-09,1.3623194661249727e-07,4.220959226586274e-08,7.776587835905957e-07,0.0,-1.4136260162445069e-08,7.781355293445813e-07,2.639515273017423e-10,4.7752704568360116e-11,2.1280495421382994e-10,3.2278904882332426e-08,7.776587835905957e-07,2.970857622131007e-07,1.6106662314996356e-07,3.5184111180086575e-09,1.3601913906313712e-07,9.930685607173473e-09,0.0,0.0
4.2672501876950264e-05,0.01950077712535858,0.0007224532048564214,1.135098077291728e-06,0.00400774859587995,1.1351401099091163e-06,1.0744876135504455e-06,1.6060428720265918e-07,4.306276224497196e-09,1.3622455696804536e-07,4.220962424028585e-08,7.776587835905957e-07,0.0,-1.4136572801248803e-08,7.78144226387667e-07,2.726328884872231e-10,5.6361453698583475e-11,2.1282064999184058e-10,3.2278908435046105e-08,7.776587835905957e-07,2.9634338716277853e-07,1.6033165195494803e-07,4.247404206125793e-09,1.360117352078305e-07,9.930718469775002e-09,0.0,0.0
4.267500480636954e-05,0.019501247152220458,0.0009247038367297122,1.1351058193722807e-06,0.003948907544331511,1.1351477269272436e-06,1.0745578720161575e-06,1.6068393904333789e-07,4.243329687625419e-09,1.3621446726119757e-07,4.220967753099103e-08,7.776594088682032e-07,0.0,-1.4136917414475647e-08,7.782874718031962e-07,4.1519782056909094e-10,7.216511416219262e-11,2.1284224382966954e-10,3.227891554047346e-08,7.776594088682032e-07,2.962703717912518e-07,1.6026874050112383e-07,4.173809742269441e-09,1.36001631290128e-07,9.930761102339147e-09,0.0,0.0
4.2677504097810015e-05,0.01950171572389081,0.001116297274464273,1.1351153829252794e-06,0.0034418292319898054,1.13515739030845e-06,1.075110162673809e-06,1.6123522073030472e-07,3.700345585500031e-09,1.362150499062409e-07,4.220973437440989e-08,7.776599204589729e-07,0.0,-1.4137196302499433e-08,7.784445301695087e-07,5.717638029700822e-10,4.385940222118023e-11,2.1286872264880685e-10,3.227891909318714e-08,7.776599204589729e-07,2.9666563250430045e-07,1.6066346120169328e-07,3.6556497828854617e-09,1.3600217130260717e-07,9.93081439304433e-09,0.0,0.0
4.268000338925049e-05,0.019502184295561165,0.0010197770075883739,1.1351253919642227e-06,0.004266819685402443,1.1351677358106826e-06,1.0742369340732694e-06,1.6034664440667257e-07,4.583575297090192e-09,1.3623090922010306e-07,4.2209766348833e-08,7.776593520247843e-07,0.0,-1.4137481407772157e-08,7.783251021464821e-07,4.5286158156798706e-10,7.534471657688613e-11,2.1289453533412939e-10,3.227892264590082e-08,7.776593520247843e-07,2.9591180350507784e-07,1.5989378709946322e-07,4.50565584841911e-09,1.3601801640561462e-07,9.93084370293218e-09,0.0,0.0
4.268249904271215e-05,0.019502652867231518,0.0007845190432220761,1.135133846384366e-06,0.003939993679932562,1.1351760349498363e-06,1.0745944791779038e-06,1.606973256684796e-07,4.233895456451364e-09,1.3623845518395683e-07,4.220981963953818e-08,7.776587267471768e-07,0.0,-1.4137840231853716e-08,7.78184244154545e-07,3.1261812583061044e-10,5.175115891375981e-11,2.1291456098193606e-10,3.22789261986145e-08,7.776587267471768e-07,2.9641026344506827e-07,1.6038470107559988e-07,4.185988888849579e-09,1.3602554815861367e-07,9.930890776388424e-09,0.0,0.0
4.268500197213143e-05,0.01950312143890187,0.0008776580117613175,1.1351416348751568e-06,0.003511965826613671,1.135183538281126e-06,1.0750600267783739e-06,1.611759330444329e-07,3.775574075604027e-09,1.3622513961308869e-07,4.2209869377529685e-08,7.776588972774334e-07,0.0,-1.4138104909022786e-08,7.78241428633919e-07,3.6957178983776373e-10,6.495642912440758e-11,2.1293003471534178e-10,3.227892975132818e-08,7.776588972774334e-07,2.9681856972274545e-07,1.6080635134585464e-07,3.708368945254392e-09,1.360122041660361e-07,9.930939626201507e-09,0.0,0.0
4.26875012635719e-05,0.019503588555380702,0.0011629353723243696,1.1351511668231198e-06,0.004418647902945986,1.1351932016623323e-06,1.0740988045654376e-06,1.6022116255953733e-07,4.746064430349861e-09,1.3621797734231222e-07,4.220991556280751e-08,7.776596362418786e-07,0.0,-1.4138406001507065e-08,7.784465196891688e-07,5.739081987421457e-10,5.4537593191517075e-11,2.1294097041213433e-10,3.227893330404186e-08,7.776596362418786e-07,2.956522848762688e-07,1.596472571918639e-07,4.690293931020051e-09,1.3600504189525964e-07,9.930980482408813e-09,0.0,0.0
4.2690000555012375e-05,0.019504055671859533,0.0010991252310628141,1.1351617332809593e-06,0.0037695158073370477,1.1352041155987536e-06,1.074803890332987e-06,1.6091163956843957e-07,4.0514902543975495e-09,1.3623268557694246e-07,4.22099510899443e-08,7.776595793984598e-07,0.0,-1.4138758608339685e-08,7.78418268509995e-07,5.45786360550693e-10,5.713647610594563e-11,2.1295060159687296e-10,3.2278936856755536e-08,7.776595793984598e-07,2.963855934012827e-07,1.6036585748224752e-07,3.997856268256328e-09,1.3601973591903516e-07,9.931016009545601e-09,0.0,0.0
4.2692503484431654e-05,0.019504524243529886,0.0007806984670172545,1.135170541602261e-06,0.003819163386595126,1.1352128694852581e-06,1.0747590977189247e-06,1.608551087883825e-07,4.104680595418131e-09,1.3624529060507484e-07,4.221001148607684e-08,7.776587267471768e-07,0.0,-1.4139038384541891e-08,7.782097100061947e-07,3.3798921994510067e-10,6.199759455816078e-11,2.1295999685921885e-10,3.227894396218289e-08,7.776587267471768e-07,2.9654944455614896e-07,1.6051711781983613e-07,4.039114820386658e-09,1.3603234094716754e-07,9.931070188429203e-09,0.0,0.0
4.2695002775872126e-05,0.019504991360008717,0.0007746712494569596,1.1351778069905135e-06,0.004361371956769417,1.1352198043823591e-06,1.0741854339357815e-06,1.6029062521738524e-07,4.6849222279377045e-09,1.3623613881463825e-07,4.221005411864098e-08,7.776586130603391e-07,0.0,-1.4139382109590315e-08,7.782011266499467e-07,3.2952571227262695e-10,4.30066433854126e-11,2.1297151542309933e-10,3.227894396218289e-08,7.776586130603391e-07,2.9598427886412537e-07,1.5996110391824914e-07,4.6434149858498586e-09,1.3602316073502152e-07,9.93111015645809e-09,0.0,0.0
4.26975020673126e-05,0.019505457021296024,0.0010900906033506352,1.1351864904645625e-06,0.0036751676854306224,1.135228444582026e-06,1.074928036359779e-06,1.610438431498551e-07,3.950540783392853e-09,1.362247701308661e-07,4.2210103856632486e-08,7.77659465711622e-07,0.0,-1.413966277397094e-08,7.784095714669093e-07,5.37137723188863e-10,7.37820429752567e-11,2.1298339480946282e-10,3.227895462032393e-08,7.77659465711622e-07,2.9651849331457925e-07,1.605067012633299e-07,3.877425491793929e-09,1.3601179205124936e-07,9.931149236308556e-09,0.0,0.0
4.270000135875307e-05,0.019505924137774855,0.0012434575130583214,1.1351973908523557e-06,0.004281858577260293,1.1352395858921227e-06,1.0742894573922968e-06,1.6039747663398884e-07,4.599955527595512e-09,1.3623184713651426e-07,4.2210164252765026e-08,7.776601478326484e-07,0.0,-1.4139978077309934e-08,7.785902198520489e-07,7.171213622925166e-10,2.1080033552056676e-11,2.1299566277388493e-10,3.227895817303761e-08,7.776601478326484e-07,2.956992091185384e-07,1.596803542724956e-07,4.5762735823018375e-09,1.3601885484604281e-07,9.931206967905837e-09,0.0,0.0
4.270250428817235e-05,0.019506391254253685,0.001065269218237741,1.1352081752953687e-06,0.004058367645115516,1.135250499828544e-06,1.0745391136879334e-06,1.6063231100815756e-07,4.360874772402212e-09,1.3624747907670098e-07,4.221021754347021e-08,7.776592951813655e-07,0.0,-1.414034400681885e-08,7.783824003126938e-07,5.100539435254348e-10,9.148373725231806e-11,2.130087634055755e-10,3.2278965278464966e-08,7.776592951813655e-07,2.9615671337523963e-07,1.6012225501071953e-07,4.272476594735508e-09,1.3603447257537482e-07,9.931250488648402e-09,0.0,0.0
4.2704999941634014e-05,0.01950685546034947,0.0007339749882347979,1.1352165274966532e-06,0.0039108458283888025,1.1352589126545354e-06,1.074705096471007e-06,1.6079006570635102e-07,4.2030059432818234e-09,1.362565740237187e-07,4.221026372874803e-08,7.776584425300825e-07,0.0,-1.4140585591349009e-08,7.782146553836355e-07,3.432191197916268e-10,4.3347322259412735e-11,2.1302039299175846e-10,3.227898304203336e-08,7.776584425300825e-07,2.964903842439526e-07,1.6044684514326946e-07,4.157132416082732e-09,1.3604355331153783e-07,9.931282463071511e-09,0.0,0.0
4.2707499233074486e-05,0.019507321121636778,0.0005960729392552704,1.135222721014954e-06,0.004369985858586981,1.135264824370097e-06,1.0742191989265848e-06,1.6031266625304852e-07,4.694322708331811e-09,1.3624828909541975e-07,4.221032057216689e-08,7.77658271999826e-07,0.0,-1.4140927540040593e-08,7.781473527757043e-07,2.7604590835395015e-10,3.8807200508639283e-11,2.130293302871067e-10,3.227898659474704e-08,7.77658271999826e-07,2.960718745725899e-07,1.6003662040020572e-07,4.656698138205684e-09,1.3603526838323887e-07,9.931333977419854e-09,0.0,0.0
4.2710002162493765e-05,0.019507786782924086,0.0008968846059704827,1.135229673140278e-06,0.003750692718986523,1.1352714182066848e-06,1.0748882459665765e-06,1.609987094752796e-07,4.031575517871033e-09,1.3623036920762388e-07,4.2210377415585754e-08,7.776591814945277e-07,0.0,-1.4141257054234302e-08,7.783092428326199e-07,4.370573070122674e-10,7.436084387135722e-11,2.1303908637193558e-10,3.2279000805601754e-08,7.776591814945277e-07,2.9657897471224715e-07,1.6056165463851357e-07,3.957928651487919e-09,1.360173342845883e-07,9.93137749816242e-09,0.0,0.0
4.2712505091913044e-05,0.019508252444211394,0.001190810259023678,1.1352393947270614e-06,0.004151751088309477,1.135281536335242e-06,1.074468627848546e-06,1.6057423124493653e-07,4.460926295024592e-09,1.3623429140352528e-07,4.22104200481499e-08,7.776600909892295e-07,0.0,-1.4141553705826482e-08,7.785544653415855e-07,6.813031805386061e-10,9.789639585089382e-12,2.1305469888321937e-10,3.227900791102911e-08,7.776600909892295e-07,2.9591416250696057e-07,1.598929202373256e-07,4.449722368349285e-09,1.3602124226963497e-07,9.931411248942368e-09,0.0,0.0
4.271500074537471e-05,0.0195087181054987,0.000966042600562704,1.1352494383558527e-06,0.0039536865994864315,1.1352918818374746e-06,1.0746905445557786e-06,1.607751016763359e-07,4.248989604604958e-09,1.362561050655131e-07,4.221047689156876e-08,7.776592951813655e-07,0.0,-1.4141872561879154e-08,7.783457931509474e-07,4.734256875416065e-10,6.426498916356493e-11,2.1307175468443518e-10,3.227901501645647e-08,7.776592951813655e-07,2.9634472298312176e-07,1.6030168126235367e-07,4.1861172306312255e-09,1.360430417207681e-07,9.93146453964755e-09,0.0,0.0
4.271750367479399e-05,0.019509182311594486,0.0006330062295272221,1.1352568612379964e-06,0.004307522620433135,1.1352990441082511e-06,1.074318788596429e-06,1.6040019090723945e-07,4.6276524834354404e-09,1.3626009831568808e-07,4.221054439312866e-08,7.776584993735014e-07,0.0,-1.4142138127226644e-08,7.781546287333185e-07,2.830691792077289e-10,2.3948702396192623e-11,2.1308557696109176e-10,3.2279025674597506e-08,7.776584993735014e-07,2.9616413144140097e-07,1.6011712489216734e-07,4.6001638054349314e-09,1.3604700654923363e-07,9.931519606709571e-09,0.0,0.0
4.272000296623446e-05,0.01950964651769027,0.0007376915074068791,1.135263224100446e-06,0.004899118435295428,1.1353050695106504e-06,1.073691919373232e-06,1.5978642409208987e-07,5.260143876029133e-09,1.362468395882388e-07,4.22105870256928e-08,7.776586130603391e-07,0.0,-1.414247741138297e-08,7.781937370054948e-07,3.2203506528105663e-10,3.0410174378658894e-11,2.1309297382199333e-10,3.2279025674597506e-08,7.776586130603391e-07,2.9549815394602774e-07,1.5946439191338868e-07,5.2301745157024015e-09,1.3603374782178435e-07,9.931559574738458e-09,0.0,0.0
4.272250225767493e-05,0.019510110723786056,0.0010964583312045306,1.1352717383358027e-06,0.004404702718849819,1.1353135960234795e-06,1.074228521247278e-06,1.6032960559186904e-07,4.731657288203905e-09,1.362393646786586e-07,4.2210640316397985e-08,7.776595225550409e-07,0.0,-1.414277406297515e-08,7.784066724525474e-07,5.340087816385619e-10,4.60861626638831e-11,2.130948889567108e-10,3.227903633273854e-08,7.776595225550409e-07,2.9582187721644004e-07,1.5979559009338118e-07,4.6871879710863595e-09,1.3602627291220415e-07,9.931605760016282e-09,0.0,0.0
4.2725001549115404e-05,0.01951057492988184,0.001248365153124098,1.1352826231493524e-06,0.004296797537392102,1.1353247373335762e-06,1.074354713637149e-06,1.6044896256062202e-07,4.6162846878416985e-09,1.3624566008729744e-07,4.221069360710317e-08,7.776600909892295e-07,0.0,-1.4143061832783133e-08,7.785516800140613e-07,6.784675599114109e-10,1.520671956412034e-11,2.1309766451427237e-10,3.227903988545222e-08,7.776600909892295e-07,2.958030620447971e-07,1.5977049372395413e-07,4.601168779316822e-09,1.3603255410998827e-07,9.931655498007785e-09,0.0,0.0
4.2727504478534684e-05,0.019511039135977626,0.0010247219306016575,1.1352931749581575e-06,0.004020791383739422,1.1353355375831597e-06,1.0746604175437824e-06,1.607416209026269e-07,4.32098534730585e-09,1.3625944461637118e-07,4.2210729134239955e-08,7.776594088682032e-07,0.0,-1.4143374471586867e-08,7.783594924148929e-07,4.869938896590043e-10,6.095449839316203e-11,2.13108017343977e-10,3.22790434381659e-08,7.776594088682032e-07,2.9630095355059893e-07,1.6025462912239163e-07,4.261107022784927e-09,1.3604633863906201e-07,9.931685696074055e-09,0.0,0.0
4.273000013199635e-05,0.019511501886881888,0.0007324583890895298,1.1353013063259764e-06,0.0042320625000264525,1.1353434956618003e-06,1.0744420251285192e-06,1.6052069895522436e-07,4.547105802998885e-09,1.3626259942611796e-07,4.221078242494514e-08,7.77658669903758e-07,0.0,-1.4143652471432233e-08,7.781963518027624e-07,3.245575197485806e-10,3.549211272102504e-11,2.1312318576605094e-10,3.227905054359326e-08,7.77658669903758e-07,2.9624561648233794e-07,1.6019615145523858e-07,4.5094927791922146e-09,1.3604947923795407e-07,9.93173099317346e-09,0.0,0.0
4.273249942343682e-05,0.01951196463778615,0.0007866375131237446,1.1353083359560006e-06,0.004294574781497719,1.1353502031852258e-06,1.0743814300440135e-06,1.604716572956022e-07,4.614011395176476e-09,1.3625097494696092e-07,4.2210821504795604e-08,7.776587835905957e-07,0.0,-1.4143982873804362e-08,7.782270472489472e-07,3.5509278850653914e-10,4.194835104276429e-11,2.1314019993390332e-10,3.2279054096306936e-08,7.776587835905957e-07,2.9615441121677577e-07,1.6011657066883345e-07,4.5743155929756085e-09,1.3603784054794232e-07,9.931769184845507e-09,0.0,0.0
4.27350023528561e-05,0.019512427388690412,0.0010915996622369306,1.1353170275155138e-06,0.004039580165631844,1.1353589570717304e-06,1.074662577593699e-06,1.6076133135811688e-07,4.3411856331943e-09,1.3624162420455832e-07,4.221086769007343e-08,7.776596930852975e-07,0.0,-1.4144236004653976e-08,7.784331614857365e-07,5.603220665229003e-10,5.1367538694835346e-11,2.1316037823737588e-10,3.2279061201734294e-08,7.776596930852975e-07,2.9622947295138147e-07,1.6020101156755118e-07,4.287481036868712e-09,1.360284613838303e-07,9.931806488339134e-09,0.0,0.0
4.273750528227538e-05,0.019512890139594674,0.0011765286673861425,1.1353275232998689e-06,0.004890023714722321,1.135369757321314e-06,1.0737635420809966e-06,1.5985550305686047e-07,5.250729184780312e-09,1.36247876980633e-07,4.221091742806493e-08,7.776601478326484e-07,0.0,-1.4144556637063488e-08,7.78544460899866e-07,6.71111555217152e-10,2.155346387477941e-11,2.1317884957294808e-10,3.227906475444797e-08,7.776601478326484e-07,2.952190811811306e-07,1.5918439544293506e-07,5.228445232319245e-09,1.3603469994905026e-07,9.931851785438539e-09,0.0,0.0
4.2740000935737044e-05,0.019513352890498936,0.0008912827907217036,1.1353370921160897e-06,0.004149213467208014,1.135379534389358e-06,1.074565034286934e-06,1.6064350916167314e-07,4.4585997116541876e-09,1.3626220152218593e-07,4.221097427148379e-08,7.776593520247843e-07,0.0,-1.4144882598543518e-08,7.783163482599775e-07,4.4384237951611283e-10,7.557843934025144e-11,2.1319258858287782e-10,3.227907185987533e-08,7.776593520247843e-07,2.962486860269564e-07,1.6019967574720795e-07,4.386669250067143e-09,1.3604901027974847e-07,9.931902411608462e-09,0.0,0.0
4.2742500227177516e-05,0.019513814186211675,0.0005934408910101552,1.1353439410827795e-06,0.003978991553193524,1.1353861282259459e-06,1.0747535270638764e-06,1.6083116349818738e-07,4.2764352059521116e-09,1.3626373629449517e-07,4.2211020456761617e-08,7.77658669903758e-07,0.0,-1.4145140170285231e-08,7.781792419336853e-07,3.073883370063868e-10,3.135980364277202e-11,2.1320527288093416e-10,3.227907896530269e-08,7.77658669903758e-07,2.9657431355190056e-07,1.6052378271069756e-07,4.24317825320486e-09,1.36050530841203e-07,9.93193971510209e-09,0.0,0.0
4.274499951861799e-05,0.019514275481924415,0.0006670543676285945,1.135349755693367e-06,0.0040060675250718734,1.1353916988809942e-06,1.0747296528279549e-06,1.6081972376014164e-07,4.305439560425839e-09,1.3625111705550808e-07,4.2211059536612083e-08,7.776588404340146e-07,0.0,-1.414546879630052e-08,7.782127795508131e-07,3.407008841715964e-10,5.3690642209947015e-11,2.1321874821289555e-10,3.2279082518016367e-08,7.776588404340146e-07,2.9651693012056057e-07,1.6047901851834467e-07,4.254546936977022e-09,1.3603789739136118e-07,9.931977018595717e-09,0.0,0.0
4.274750244803727e-05,0.019514738232828677,0.0009890713129827589,1.1353574194299295e-06,0.0032854669174688985,1.1353993158991216e-06,1.0755088624136988e-06,1.616051150676867e-07,3.5335487869048166e-09,1.3624398320644104e-07,4.221110572188991e-08,7.776598067721352e-07,0.0,-1.414573436164801e-08,7.784252602505148e-07,5.522065027463441e-10,5.961166282819619e-11,2.1323370846815237e-10,3.22790931761574e-08,7.776598067721352e-07,2.9708365900660283e-07,1.610529096751634e-07,3.473840326506661e-09,1.3603074933143944e-07,9.932012545732505e-09,0.0,0.0
4.2750005377456546e-05,0.019515199528541416,0.0011204332398957462,1.135367150483992e-06,0.004160445673392989,1.135409320340841e-06,1.0745814051915659e-06,1.606688186939209e-07,4.4707375579378095e-09,1.3625226813474e-07,4.221113769631302e-08,7.776603183629049e-07,0.0,-1.4146016802385475e-08,7.785533284732082e-07,6.797781226808297e-10,2.6093171026642104e-11,2.1325072263600475e-10,3.227909672887108e-08,7.776603183629049e-07,2.960280482966482e-07,1.5998904245861922e-07,4.4409649291310416e-09,1.3603900583802897e-07,9.932040079263516e-09,0.0,0.0
4.275250103091821e-05,0.019515659369062632,0.0009128503767392715,1.1353765003459726e-06,0.004089289687002929,1.1354188700352097e-06,1.074666670319857e-06,1.6073987296749692e-07,4.394623331904768e-09,1.3626728900817398e-07,4.221118388159084e-08,7.776595793984598e-07,0.0,-1.4146366744682837e-08,7.783570481478819e-07,4.842117817815961e-10,6.566705512689452e-11,2.132683890598841e-10,3.227910383429844e-08,7.776595793984598e-07,2.9630967901539407e-07,1.6025566651478584e-07,4.3327101906243115e-09,1.3605401250060822e-07,9.932080935470822e-09,0.0,0.0
4.275500032235868e-05,0.01951612066477537,0.0006585293595948727,1.135383749053327e-06,0.0034825601271503744,1.1354259186191484e-06,1.0753232118076994e-06,1.61392534892002e-07,3.744877741240771e-09,1.3627182227082812e-07,4.22112407250097e-08,7.776588404340146e-07,0.0,-1.4146627869138229e-08,7.782168154335523e-07,3.4469346821275337e-10,2.423765008141565e-11,2.13283127270536e-10,3.22791109397258e-08,7.776588404340146e-07,2.9710639637414715e-07,1.6104785061088478e-07,3.719722752038024e-09,1.3605854576326237e-07,9.932128897105486e-09,0.0,0.0
4.2757499613799155e-05,0.019516580505296588,0.0007512208616482496,1.1353902316560922e-06,0.003841552151219563,1.1354321713952231e-06,1.074944407264411e-06,1.6102453059829713e-07,4.129455000168036e-09,1.3626089412355213e-07,4.221127980486017e-08,7.776590109642711e-07,0.0,-1.414694938972616e-08,7.782557531754719e-07,3.834169370886542e-10,3.827957048563313e-11,2.1329285559978928e-10,3.22791109397258e-08,7.776590109642711e-07,2.9668871093235794e-07,1.6064110752722627e-07,4.091594174582269e-09,1.3604760340513167e-07,9.932167976955952e-09,0.0,0.0
4.2760002543218434e-05,0.019517040345817804,0.0010786641309561418,1.13539864620878e-06,0.0033649158210246775,1.1354405842212145e-06,1.0754631603049347e-06,1.615476037386543e-07,3.6188430030392738e-09,1.3625570716158109e-07,4.2211325990137993e-08,7.776598636155541e-07,0.0,-1.4147258475816216e-08,7.784550462019979e-07,5.818908688226543e-10,4.052503471685398e-11,2.1330048838308358e-10,3.2279121597866833e-08,7.776598636155541e-07,2.970081141029368e-07,1.609657118706309e-07,3.5794389674492777e-09,1.3604241644316062e-07,9.93220528044958e-09,0.0,0.0
4.2762501834658906e-05,0.019517501641530544,0.0011661724793954054,1.1354090015438215e-06,0.0036960413546571515,1.1354511570971226e-06,1.0751185754998005e-06,1.6119075496590085e-07,3.9736827162073496e-09,1.3626771533381543e-07,4.221136862270214e-08,7.776601478326484e-07,0.0,-1.4147530258412644e-08,7.785326374687429e-07,6.591706069869474e-10,2.2106831989998632e-11,2.1330703869892886e-10,3.2279121597866833e-08,7.776601478326484e-07,2.9658599487447646e-07,1.605315844699362e-07,3.948932736363986e-09,1.3605441040454025e-07,9.932247913013725e-09,0.0,0.0
4.2765004764078185e-05,0.01951796148205176,0.0009481020112094285,1.135418723834659e-06,0.004107122561833185,1.1354610478520044e-06,1.074687929758511e-06,1.607468647080168e-07,4.413875043240978e-09,1.3628154249545332e-07,4.2211411255266285e-08,7.77659465711622e-07,0.0,-1.4147857108071094e-08,7.78356195496599e-07,4.833942135462621e-10,4.8110852107763336e-11,2.1331535149382574e-10,3.227912515058051e-08,7.77659465711622e-07,2.9633170584020263e-07,1.602634682740245e-07,4.366031980396201e-09,1.3606822335532343e-07,9.932284328328933e-09,0.0,0.0
4.276750405551866e-05,0.019518419867381454,0.0007980941249385864,1.135426728141575e-06,0.003927023143549277,1.1354688922438072e-06,1.0748881322797388e-06,1.6094730881377473e-07,4.221110572188991e-09,1.3628178407998348e-07,4.221144678240307e-08,7.7765906780769e-07,0.0,-1.4148168858696408e-08,7.78265928147448e-07,3.935390624487667e-10,2.372524399163467e-11,2.1332997868217518e-10,3.227912870329419e-08,7.7765906780769e-07,2.966222325540002e-07,1.6055376761414664e-07,4.1975383169301494e-09,1.3606845072899887e-07,9.932318079108882e-09,0.0,0.0
4.277000334695913e-05,0.01951887970790267,0.0008942307448975839,1.135434510137077e-06,0.003949587972003668,1.1354765092619346e-06,1.0748711929409183e-06,1.6093879651180032e-07,4.245298335092684e-09,1.3627300177176949e-07,4.221148941496722e-08,7.776594088682032e-07,0.0,-1.414848771474908e-08,7.78329649619991e-07,4.5689185768083007e-10,5.377765247005506e-11,2.133465071274543e-10,3.227913225600787e-08,7.776594088682032e-07,2.9654157174263673e-07,1.6048190332185186e-07,4.192010738535146e-09,1.3605965420993016e-07,9.932358047137768e-09,0.0,0.0
4.27725026383996e-05,0.019519338093232363,0.0011037073011834764,1.1354436683919765e-06,0.0036885158525712253,1.13548571789579e-06,1.075159616448218e-06,1.6123179591431835e-07,3.96574328931365e-09,1.3626763006868714e-07,4.2211532047531364e-08,7.776601478326484e-07,0.0,-1.4148789695411779e-08,7.785291700201924e-07,6.556249987355045e-10,4.457546831648784e-11,2.1335987143711321e-10,3.227913936143523e-08,7.776601478326484e-07,2.966304464280256e-07,1.605761781320325e-07,3.921547087060162e-09,1.360542825068478e-07,9.932393574274556e-09,0.0,0.0
4.277500556781888e-05,0.019519796478562057,0.0011504958062147352,1.1354540013283223e-06,0.003956379293203325,1.1354961770848604e-06,1.0748829026852036e-06,1.6094712407266343e-07,4.252644458802024e-09,1.3627561656903708e-07,4.221157112738183e-08,7.776601478326484e-07,0.0,-1.4149075688862922e-08,7.785498610246577e-07,6.763083981731199e-10,5.476072373333807e-11,2.1336582500808277e-10,3.227913936143523e-08,7.776601478326484e-07,2.963330700822553e-07,1.6027081528591225e-07,4.196361924613257e-09,1.3606225479634304e-07,9.932431765946603e-09,0.0,0.0
4.2777501221280545e-05,0.01952025486389175,0.0009190209549139183,1.1354634876895509e-06,0.004199707208946571,1.1355058404660667e-06,1.0746316547738388e-06,1.6068477748376608e-07,4.513138307515874e-09,1.3628755368699785e-07,4.2211617312659655e-08,7.776593520247843e-07,0.0,-1.4149394544915594e-08,7.78357389208395e-07,4.846741896713525e-10,7.296931808786766e-11,2.1337180633462793e-10,3.2279146466862585e-08,7.776593520247843e-07,2.962742939871532e-07,1.602001020728494e-07,4.439740575179485e-09,1.360741777034491e-07,9.93246906944023e-09,0.0,0.0
4.2780004150699824e-05,0.019520713249221444,0.0007026019822884422,1.135470920971198e-06,0.00434428022030925,1.135513116423681e-06,1.0744838618848007e-06,1.6053729723353172e-07,4.6678589882276356e-09,1.3628772421725444e-07,4.22116599452238e-08,7.776588404340146e-07,0.0,-1.4149696525578292e-08,7.782576290082943e-07,3.8541364544286694e-10,3.642608784049095e-11,2.1338317224284253e-10,3.2279150019576264e-08,7.776588404340146e-07,2.962262328765064e-07,1.6015188464280072e-07,4.631256267373374e-09,1.3607433402285096e-07,9.932509925647537e-09,0.0,0.0
4.2782503442140296e-05,0.019521170179359615,0.0008347421618266626,1.1354779455599198e-06,0.0039523895842730914,1.1355198239471065e-06,1.0749096190920682e-06,1.6097395416636573e-07,4.248461582534446e-09,1.3627652606373886e-07,4.221169902507427e-08,7.776591814945277e-07,0.0,-1.4150018934344644e-08,7.783352771184582e-07,4.626919958283793e-10,5.264804911475629e-11,2.13400686011056e-10,3.227915357228994e-08,7.776591814945277e-07,2.9657439881702885e-07,1.6051126294769347e-07,4.1982168852428e-09,1.3606312165848067e-07,9.932545452784325e-09,0.0,0.0
4.278500273358077e-05,0.01952162856468931,0.0011335818583031454,1.135486968068469e-06,0.0038270857746168624,1.1355289188941242e-06,1.0750525234470842e-06,1.6112325340600364e-07,4.114318219450297e-09,1.3626932116039825e-07,4.221174165763841e-08,7.776599773023918e-07,0.0,-1.415029871054685e-08,7.785577054164605e-07,6.843217659202594e-10,4.0150594654564387e-11,2.1342456968387324e-10,3.22791606777173e-08,7.776599773023918e-07,2.964948180306237e-07,1.604389296971931e-07,4.072156389867132e-09,1.3605590254428535e-07,9.932581868099533e-09,0.0,0.0
4.278750202502124e-05,0.01952208549482748,0.0011176669795851524,1.1354972547028946e-06,0.004396341110664245,1.13553960545687e-06,1.074453507499129e-06,1.6051406248607236e-07,4.723664126515814e-09,1.3627943928895547e-07,4.221178073748888e-08,7.776599773023918e-07,0.0,-1.4150614013885843e-08,7.785656066516822e-07,6.921633821654893e-10,3.810268767168168e-11,2.134465104663974e-10,3.22791606777173e-08,7.776599773023918e-07,2.9588790084744687e-07,1.5982190859631373e-07,4.685264620718499e-09,1.3606599225113314e-07,9.93261917159316e-09,0.0,0.0
4.279000495444052e-05,0.01952254242496565,0.0007791001180450507,1.1355059216034146e-06,0.003968691552657552,1.1355482456565369e-06,1.07491950984695e-06,1.609674882274703e-07,4.266023978516387e-09,1.3629298223349906e-07,4.2211823370053025e-08,7.776590109642711e-07,0.0,-1.4150930205403256e-08,7.783359592394845e-07,4.6347764515175527e-10,7.045392047544397e-11,2.1346098499908095e-10,3.2279171335858337e-08,7.776590109642711e-07,2.96583522185756e-07,1.6050401541178871e-07,4.197162617458616e-09,1.36079520984822e-07,9.932653810551528e-09,0.0,0.0
4.2792500607902184e-05,0.01952299935510382,0.0006330291094549523,1.135512374047445e-06,0.004169295997177269,1.1355543847457739e-06,1.0747105534392176e-06,1.6076110398444143e-07,4.480786408578297e-09,1.3629082218358235e-07,4.221186244990349e-08,7.776586130603391e-07,0.0,-1.4151208205248622e-08,7.782870738992642e-07,4.1498648961635354e-10,2.2633417709472248e-11,2.134699500500048e-10,3.2279174888572015e-08,7.776586130603391e-07,2.964234795399534e-07,1.603461186050481e-07,4.45572068130673e-09,1.3607734672405059e-07,9.932688449509897e-09,0.0,0.0
4.279500353732146e-05,0.01952345628524199,0.0009002678315006563,1.135519380143276e-06,0.004494158780722591,1.1355612059560372e-06,1.074369379239215e-06,1.6043242112573353e-07,4.828386579447397e-09,1.362776913538255e-07,4.2211912187894995e-08,7.776592383379466e-07,0.0,-1.4151531502193393e-08,7.784000786159595e-07,5.273580461206961e-10,9.332574990583709e-11,2.134765142436379e-10,3.227918199399937e-08,7.776592383379466e-07,2.9596930062325555e-07,1.599050705181071e-07,4.736337544386515e-09,1.3606421589429374e-07,9.932727529360363e-09,0.0,0.0
4.279750646674074e-05,0.019523913215380162,0.0012332659861815642,1.1355291289022972e-06,0.003777810348173009,1.135571096710919e-06,1.0751455192803405e-06,1.612126823147264e-07,4.061695868529114e-09,1.362723480724526e-07,4.2211969031313856e-08,7.776605457365804e-07,0.0,-1.4151840588283449e-08,7.787226650179946e-07,8.486681357666725e-10,5.0908322696274766e-11,2.1348389722675165e-10,3.227919975756777e-08,7.776605457365804e-07,2.9642288268405537e-07,1.6036401007113454e-07,4.012487231364048e-09,1.360588584020661e-07,9.93276749738925e-09,0.0,0.0
4.280000212020241e-05,0.019524367235135287,0.001185715344310334,1.1355401115554104e-06,0.00405596781596959,1.135582465394691e-06,1.0748586873887689e-06,1.609113837730547e-07,4.359592242764165e-09,1.362869426202451e-07,4.2212011663878e-08,7.776604320497427e-07,0.0,-1.4152120364485654e-08,7.786900937389873e-07,8.161751274826656e-10,6.548907943715321e-11,2.1349474965681736e-10,3.2279203310281446e-08,7.776604320497427e-07,2.961686504932004e-07,1.600952117541965e-07,4.291968114245037e-09,1.3607345294985862e-07,9.932807465418136e-09,0.0,0.0
4.280250141164288e-05,0.019524822710081935,0.0007479200715871936,1.1355489187802893e-06,0.004070140641508345,1.1355914466548711e-06,1.074852093552181e-06,1.608880069170482e-07,4.374799189577061e-09,1.3630520356855413e-07,4.2212086270865257e-08,7.776588404340146e-07,0.0,-1.4152448990500943e-08,7.783388014104275e-07,4.664565955714295e-10,1.4430834305301232e-10,2.1350861356683737e-10,3.2279231731990876e-08,7.776588404340146e-07,2.9651326372004405e-07,1.604215498218764e-07,4.232274974924621e-09,1.3609169968731294e-07,9.93285453887438e-09,0.0,0.0
4.280500070308335e-05,0.019525279640220106,0.00043752305856870066,1.1355543354272218e-06,0.0038510723729417028,1.1355964488757309e-06,1.075091404345585e-06,1.6112899459130858e-07,4.14025480566238e-09,1.363041377544505e-07,4.221213600885676e-08,7.776582151564071e-07,0.0,-1.4152739424844185e-08,7.782854254401173e-07,4.1363998337651253e-10,1.7024322923608892e-11,2.1351996559726416e-10,3.227924239013191e-08,7.776582151564071e-07,2.968059789054678e-07,1.6071534503225848e-07,4.12221812240432e-09,1.3609061966235458e-07,9.932893618724847e-09,0.0,0.0
4.280750363250263e-05,0.019525735115166754,0.0007086065551682452,1.1355595557604686e-06,0.004171302894783441,1.1356012237229152e-06,1.07475284494285e-06,1.608109982953465e-07,4.483119653286849e-09,1.3628307726776256e-07,4.22121964049893e-08,7.776587835905957e-07,0.0,-1.4153064498145795e-08,7.78312880811427e-07,4.405548981178953e-10,1.6418440218490815e-10,2.1352619672398987e-10,3.2279260153700307e-08,7.776587835905957e-07,2.9643999255313247e-07,1.6037044758832053e-07,4.319377300276983e-09,1.3606954496481194e-07,9.932938027645832e-09,0.0,0.0
4.28100029239431e-05,0.01952618913492188,0.0013291415440015442,1.1355688075393986e-06,0.0034903795871912393,1.1356105460436083e-06,1.0754910135801765e-06,1.6156101878550544e-07,3.753871880007864e-09,1.3626923589526996e-07,4.221227811740391e-08,7.776607731102558e-07,0.0,-1.4153373584235851e-08,7.788210609760426e-07,9.46783207389501e-10,9.017830926438819e-11,2.1353127599432753e-10,3.2279292128123416e-08,7.776607731102558e-07,2.9666995260413387e-07,1.6061423480095982e-07,3.6661320645947626e-09,1.3605570359231933e-07,9.932985101102076e-09,0.0,0.0
4.281250585336238e-05,0.019526644609868526,0.0014264575882556585,1.1355813586030761e-06,0.0036641095347670558,1.135623733716784e-06,1.0753177548394888e-06,1.613663442867619e-07,3.940082038411674e-09,1.362904100687956e-07,4.2212324302681736e-08,7.776610004839313e-07,0.0,-1.4153647143189119e-08,7.789031428728777e-07,1.0286520524260823e-09,7.61543120231245e-11,2.1354049084543192e-10,3.2279299233550773e-08,7.776610004839313e-07,2.9641455512319226e-07,1.60337691568202e-07,3.861277075856151e-09,1.3607687776584498e-07,9.933024180952543e-09,0.0,0.0
4.2815005144802853e-05,0.01952709862962365,0.0007521023961025719,1.1355912496957824e-06,0.0038790857635442977,1.135633965532179e-06,1.0750972023743088e-06,1.6111705747334781e-07,4.170394252156484e-09,1.3632129025609174e-07,4.2212391804241634e-08,7.776588404340146e-07,0.0,-1.4153974881025988e-08,7.783489763824036e-07,4.765522976235559e-10,2.101600143911142e-10,2.1355443802217877e-10,3.227933476068756e-08,7.776588404340146e-07,2.967482259919052e-07,1.6064051067132823e-07,3.961553751707925e-09,1.361077295314317e-07,9.933057043554072e-09,0.0,0.0
4.281750079826452e-05,0.019527552649378777,0.0003650930393632734,1.1355963219837628e-06,0.0037027055228542986,1.1356383993188501e-06,1.0752901289379224e-06,1.613182263326962e-07,3.981482699089156e-09,1.363138579790757e-07,4.221245575308785e-08,7.776581014695694e-07,0.0,-1.415426442719081e-08,7.782738862260885e-07,4.0222442043713613e-10,4.1275542012053634e-11,2.1356871826583301e-10,3.2279352524255955e-08,7.776581014695694e-07,2.9701629955525277e-07,1.6091600230083714e-07,3.939233383931651e-09,1.3610029725441564e-07,9.933103228831897e-09,0.0,0.0
4.282000008970499e-05,0.0195280066691339,0.000866514908523186,1.1356019137271518e-06,0.004080047000271501,1.1356435152265476e-06,1.0748907470770064e-06,1.6094779198283504e-07,4.385604768231133e-09,1.3628398676246434e-07,4.221253036007511e-08,7.776589541208523e-07,0.0,-1.4154584171421902e-08,7.784097419971658e-07,5.371932898512455e-10,2.348175265343144e-10,2.1358091684131608e-10,3.227937384053803e-08,7.776589541208523e-07,2.9648100507984054e-07,1.604106074637457e-07,4.15041379042691e-09,1.3607041182694957e-07,9.933154743180239e-09,0.0,0.0
4.282249938114546e-05,0.019528459233697504,0.0014368907910480289,1.135612338125104e-06,0.003674888835698851,1.1356543154761312e-06,1.0753350352388225e-06,1.6139274805482273e-07,3.951736715634979e-09,1.3628108774810244e-07,4.221261207248972e-08,7.776612278576067e-07,0.0,-1.4154894145690378e-08,7.789671485625149e-07,1.092349988240926e-09,1.1230286145469393e-10,2.1359404522858227e-10,3.2279412920388495e-08,7.776612278576067e-07,2.9636788667630753e-07,1.6030038807457458e-07,3.841615914268459e-09,1.3606748439087823e-07,9.933196487565965e-09,0.0,0.0
4.282500231056474e-05,0.01952891325345263,0.0013007112166896206,1.135624767379036e-06,0.003734128936357485,1.1356672757756314e-06,1.0752842172223609e-06,1.6131464519730798e-07,4.015249910338525e-09,1.3630861417368578e-07,4.22126653631949e-08,7.776609436405124e-07,0.0,-1.4155173033714163e-08,7.788757443449867e-07,1.0011739215443072e-09,1.376780911499509e-10,2.1360729851593874e-10,3.227942357852953e-08,7.776609436405124e-07,2.9640847287737415e-07,1.6031347627176729e-07,3.874729426200929e-09,1.3609501081646158e-07,9.93324356102221e-09,0.0,0.0
4.2827501602005213e-05,0.01952936581801623,0.0006998096100039319,1.135633821027385e-06,0.004316206712066167,1.1356763707226492e-06,1.0746696261776378e-06,1.606798463171799e-07,4.638496253761559e-09,1.3633101048071694e-07,4.221275773375055e-08,7.776587835905957e-07,0.0,-1.415550876515681e-08,7.783738737998647e-07,5.014524906421514e-10,2.2493298890147173e-10,2.1361763746785556e-10,3.2279469763807356e-08,7.776587835905957e-07,2.962957807994826e-07,1.601784020976993e-07,4.414264509478016e-09,1.3611739291263802e-07,9.933287969943194e-09,0.0,0.0
4.2830000893445686e-05,0.019529818382579833,0.00037415008902819125,1.1356386813884101e-06,0.003676667161259814,1.1356808045093203e-06,1.0753584547273931e-06,1.6137578029429278e-07,3.9537351170793045e-09,1.3632445927669323e-07,4.221281102445573e-08,7.776582151564071e-07,0.0,-1.4155816963068446e-08,7.783474984535133e-07,4.75660566490177e-10,3.565834780228094e-11,2.1362897562049454e-10,3.227948397466207e-08,7.776582151564071e-07,2.9701095627387986e-07,1.6090011456526554e-07,3.919240043614991e-09,1.361108274977596e-07,9.933325273436822e-09,0.0,0.0
4.283250018488616e-05,0.019530270947143435,0.0007822909949730672,1.1356439150309552e-06,0.004112502921770069,1.1356854656696669e-06,1.0748959766715416e-06,1.6094077182060573e-07,4.420512844660607e-09,1.362961086215364e-07,4.2212892736870344e-08,7.776591246511089e-07,0.0,-1.4156115391017465e-08,7.784101399010979e-07,5.374193867702104e-10,2.6521546070412683e-10,2.136418819631558e-10,3.227951594908518e-08,7.776591246511089e-07,2.964858083487343e-07,1.6040334571698622e-07,4.153125843231464e-09,1.3608246263174806e-07,9.933376787785164e-09,0.0,0.0
4.283499947632663e-05,0.019530723511707038,0.0014847705887763851,1.1356541749483182e-06,0.003866447701984395,1.1356959248587373e-06,1.075169393516262e-06,1.6122297097354021e-07,4.157086230804907e-09,1.3628472572690953e-07,4.2212978001998636e-08,7.776616826049576e-07,0.0,-1.4156467997850086e-08,7.791064717821428e-07,1.2311499597572606e-09,8.476031682080887e-11,2.1365241520410194e-10,3.2279558581649326e-08,7.776616826049576e-07,2.9606289331240987e-07,1.599918277861434e-07,4.075147330695472e-09,1.3607107973712118e-07,9.93341675581405e-09,0.0,0.0
4.283750240574591e-05,0.01953117607627064,0.0014728484522841256,1.1356675600840244e-06,0.003962403877034089,1.1357101357134525e-06,1.075080376722326e-06,1.6110519140966062e-07,4.2599026528478134e-09,1.3631401429847756e-07,4.221302063456278e-08,7.776612278576067e-07,0.0,-1.4156742444981774e-08,7.789991514073336e-07,1.1242682340650845e-09,1.6725830442876344e-10,2.1366579339154868e-10,3.227956923979036e-08,7.776612278576067e-07,2.960812537367019e-07,1.5998091384972213e-07,4.089039773447212e-09,1.3610033988697978e-07,9.933450506594e-09,0.0,0.0
4.284000169718638e-05,0.01953162718564272,0.0006588669374885114,1.1356771764519338e-06,0.004362504658661228,1.1357199127814965e-06,1.0746615544121596e-06,1.6065780528151663e-07,4.6882160376071624e-09,1.3634500817261141e-07,4.2213127215973145e-08,7.77658669903758e-07,0.0,-1.4157112815382789e-08,7.78370861098665e-07,4.9848358774085e-10,2.5722263208294294e-10,2.1367947689032718e-10,3.227962608320922e-08,7.77658669903758e-07,2.962906364700757e-07,1.6015931691981677e-07,4.433583278284914e-09,1.3613133376111364e-07,9.933498468228663e-09,0.0,0.0
4.284250462660566e-05,0.01953207975020632,0.00023647988808050968,1.1356812284743877e-06,0.0035202597582578267,1.1357232096997905e-06,1.075566387953586e-06,1.6157672177996574e-07,3.7862730728477345e-09,1.3633156470405083e-07,4.2213187612105685e-08,7.776580446261505e-07,0.0,-1.4157408578796549e-08,7.783312412357191e-07,4.5950865334987157e-10,3.9445446908814574e-11,2.136880256076168e-10,3.2279647399491296e-08,7.776580446261505e-07,2.97235089874448e-07,1.6111721379274968e-07,3.7469369829068455e-09,1.3611787608169834e-07,9.933542877149648e-09,0.0,0.0
4.284500391804613e-05,0.0195325308595784,0.000873795873783223,1.1356862370324053e-06,0.00435446696174711,1.1357276434864616e-06,1.0746770158220897e-06,1.6072422681645548e-07,4.679645559946266e-09,1.362934796134141e-07,4.2213276429947655e-08,7.776592951813655e-07,0.0,-1.415772832302764e-08,7.784642548358534e-07,5.912756950721132e-10,3.2797498050740614e-10,2.136894688975488e-10,3.2279682926628084e-08,7.776592951813655e-07,2.9621273256452696e-07,1.6013295578432007e-07,4.3488550538484105e-09,1.360797909910616e-07,9.93359527967641e-09,0.0,0.0
4.2847503209486604e-05,0.01953298196895048,0.0016082223492333014,1.135697433649226e-06,0.004040255726117186,1.1357392395439092e-06,1.075024442798167e-06,1.6107296119116654e-07,4.343373660731231e-09,1.3628920214614482e-07,4.2213390116785376e-08,7.776622510391462e-07,0.0,-1.4158091588001298e-08,7.792721135047032e-07,1.3961604095058533e-09,1.0288482565901091e-10,2.13692633033169e-10,3.2279739770046945e-08,7.776622510391462e-07,2.957523008717544e-07,1.596767873479621e-07,4.243931872593976e-09,1.3607551352379232e-07,9.933649458560012e-09,0.0,0.0
4.285000613890588e-05,0.019533431623131037,0.0014262419664063941,1.1357110782448789e-06,0.003852505286714069,1.1357536777722999e-06,1.0752395382951363e-06,1.6125527224630787e-07,4.142366005766007e-09,1.3632261186558026e-07,4.221343985477688e-08,7.776616257615387e-07,0.0,-1.4158404226805033e-08,7.790617928549182e-07,1.1864922377924358e-09,1.9349601088070045e-10,2.1370334668535662e-10,3.227975042818798e-08,7.776616257615387e-07,2.9617768859679927e-07,1.6006877956442622e-07,3.946575510838102e-09,1.3610890903237305e-07,9.933690314767318e-09,0.0,0.0
4.285250179236755e-05,0.019533882732503116,0.0006674598493461303,1.135720523129993e-06,0.0040574948731257245,1.1357632274666685e-06,1.0750288765848381e-06,1.61022441602654e-07,4.361924155205088e-09,1.363476940241526e-07,4.221356419975564e-08,7.776587835905957e-07,0.0,-1.4158788808060763e-08,7.783783075865358e-07,5.058249374911838e-10,3.3436600710423647e-10,2.1371830694061345e-10,3.2279828587888915e-08,7.776587835905957e-07,2.9665059742001176e-07,1.605166204399211e-07,4.029757416645907e-09,1.3613397698009067e-07,9.933737388223562e-09,0.0,0.0
4.285500108380802e-05,0.019534332386683673,0.00029316173292670555,1.1357248426050971e-06,0.0035975563035434907,1.1357668654454756e-06,1.0755248922578176e-06,1.6152939963376411e-07,3.869261355760045e-09,1.3633730588935578e-07,4.221364946488393e-08,7.776582151564071e-07,0.0,-1.4159078354225585e-08,7.784409490341204e-07,5.689923532337104e-10,2.5138250855927247e-11,2.1373407210756312e-10,3.2279857009598345e-08,7.776582151564071e-07,2.9708397164540656e-07,1.6096041122182214e-07,3.842839824130806e-09,1.3612357463443914e-07,9.933794231642423e-09,0.0,0.0
4.28575040132273e-05,0.019534783496055752,0.000796717259191837,1.135729759151375e-06,0.004338863641760886,1.135771185545309e-06,1.07473488242249e-06,1.6077433429018129e-07,4.663128105875103e-09,1.3630139505949046e-07,4.22137382827259e-08,7.776591814945277e-07,0.0,-1.415941763838191e-08,7.784210538375191e-07,5.481322618017259e-10,3.8588623962887425e-10,2.137512528088692e-10,3.227989964216249e-08,7.776591814945277e-07,2.9631385700668034e-07,1.6022620741296123e-07,4.276538678738007e-09,1.360876495937191e-07,9.933838640563408e-09,0.0,0.0
4.286000330466777e-05,0.019535231695044786,0.0016238693391201764,1.1357406081960372e-06,0.003452005533735923,1.1357823268554057e-06,1.0756954225144e-06,1.6174540462543519e-07,3.71330655113411e-09,1.3628753947614314e-07,4.221385196956362e-08,7.776624215694028e-07,0.0,-1.4159777350641889e-08,7.792943392814777e-07,1.4181584795380786e-09,1.0201739453208347e-10,2.1376710124254572e-10,3.2279970696436067e-08,7.776624215694028e-07,2.964010263895034e-07,1.6032724658998632e-07,3.6152636440078822e-09,1.3607376558866235e-07,9.933883937662813e-09,0.0,0.0
4.286250259610824e-05,0.019535681349225342,0.0015867197606667105,1.1357550447441449e-06,0.0037770961646092223,1.1357976745784981e-06,1.0753619790193625e-06,1.6137791192250006e-07,4.061745606520617e-09,1.3632219975079352e-07,4.221391236569616e-08,7.77661909978633e-07,0.0,-1.4160018935172047e-08,7.791480811647489e-07,1.272429273058151e-09,2.1202023470223708e-10,2.1377837000624567e-10,3.22799813545771e-08,7.77661909978633e-07,2.962138978546136e-07,1.601054862021556e-07,3.844387919116343e-09,1.3610842586331273e-07,9.933931899297477e-09,0.0,0.0
4.286500552552752e-05,0.0195361310034059,0.0006072145976645515,1.1357649098617057e-06,0.004344250206162078,1.1358077927070553e-06,1.07476432731346e-06,1.6075102848844836e-07,4.669045150507145e-09,1.3635445839099702e-07,4.2214047368815955e-08,7.776587835905957e-07,0.0,-1.4160434602672467e-08,7.783830255903013e-07,5.104364153574181e-10,3.2830901885994024e-10,2.1379063797066777e-10,3.2280059514278037e-08,7.776587835905957e-07,2.963812448797398e-07,1.6024058879793301e-07,4.344179238557899e-09,1.361406560818068e-07,9.933986966359498e-09,0.0,0.0
4.286750117898919e-05,0.019536579202394933,0.0001289525151424442,1.135768209355263e-06,0.003374630827242869,1.1358101801306475e-06,1.075804902939126e-06,1.6181341777610214e-07,3.6304443895573968e-09,1.363334121151638e-07,4.221412908123057e-08,7.776581014695694e-07,0.0,-1.4160733918799906e-08,7.783943374306546e-07,5.224775612155952e-10,3.754867250460592e-11,2.1380515413671475e-10,3.228008438327379e-08,7.776581014695694e-07,2.974105370867619e-07,1.6129094149164303e-07,3.591836605920662e-09,1.3611959559511888e-07,9.934043809778359e-09,0.0,0.0
4.287000047042966e-05,0.019537027401383966,0.0008120714363082371,1.1357724270150999e-06,0.0047804866497690715,1.1358138181094546e-06,1.074302872439148e-06,1.6034950078847032e-07,5.135690539503912e-09,1.3629406225845742e-07,4.221421079364518e-08,7.776592951813655e-07,0.0,-1.4161067873885713e-08,7.784744298078294e-07,6.013208819766191e-10,3.5519265306760417e-10,2.138151877772998e-10,3.2280127015837934e-08,7.776592951813655e-07,2.9582844263131847e-07,1.5974818268205127e-07,4.776933515415749e-09,1.3608024573841249e-07,9.934086442342505e-09,0.0,0.0
4.287250339984894e-05,0.019537477055564523,0.001535154146706963,1.135782981413061e-06,0.0037479584798794435,1.1358248457327136e-06,1.0754183676908724e-06,1.6146303494224412e-07,4.030623390605115e-09,1.362930248660632e-07,4.221433513862394e-08,7.776622510391462e-07,0.0,-1.4161569694692844e-08,7.792592100486218e-07,1.3831288336874081e-09,1.2762514656206037e-10,2.1382021153648623e-10,3.228019096468415e-08,7.776622510391462e-07,2.961591292205412e-07,1.6007990666366823e-07,3.910490598002525e-09,1.3607920834601828e-07,9.934143285761365e-09,0.0,0.0
4.28749990533106e-05,0.019537923799362034,0.0013894033300316591,1.1357960466921928e-06,0.0033933295106801362,1.135838601840078e-06,1.075811837836227e-06,1.6182633544303826e-07,3.650584057268702e-09,1.3632345030600845e-07,4.221438842932912e-08,7.776620236654708e-07,0.0,-1.416178996294093e-08,7.79180311383243e-07,1.304473418173302e-09,1.3589497582788823e-10,2.1382769166411464e-10,3.228020162282519e-08,7.776620236654708e-07,2.966314696095651e-07,1.60521864245311e-07,3.508970225496455e-09,1.361096195751088e-07,9.93418680650393e-09,0.0,0.0
4.287750562070869e-05,0.019538371998351067,0.0007843615590176489,1.1358057894844496e-06,0.004438067209983012,1.135848378908122e-06,1.0747020269263885e-06,1.6070136155121872e-07,4.769599826204285e-09,1.3634138440465904e-07,4.2214495010739483e-08,7.776592951813655e-07,0.0,-1.4162242933934976e-08,7.784724402881693e-07,5.993020524286408e-10,3.123797054360722e-10,2.1384115311828822e-10,3.228026557167141e-08,7.776592951813655e-07,2.962296150599286e-07,1.6010206138616923e-07,4.459851599136755e-09,1.361275536737594e-07,9.934230327246496e-09,0.0,0.0
4.288000491214916e-05,0.0195388201973401,0.00037912010225404913,1.135811004197493e-06,0.003139858062906029,1.135853267442144e-06,1.0760973054857459e-06,1.6210292130836024e-07,3.3787928011008717e-09,1.3633588480388426e-07,4.221456961772674e-08,7.776584993735014e-07,0.0,-1.4162623074298608e-08,7.784732929394522e-07,6.009510111759653e-10,3.070938989213623e-11,2.1385608561796943e-10,3.2280297546094516e-08,7.776584993735014e-07,2.9762401254629367e-07,1.6150197268416377e-07,3.3486629025247794e-09,1.3612202565127518e-07,9.934272071632222e-09,0.0,0.0
4.2882500565610826e-05,0.019539266941137612,0.000575850220833729,1.1358152704681796e-06,0.004653150199778357,1.1358570191077888e-06,1.0744797691586427e-06,1.605077528665788e-07,4.999715752518341e-09,1.3631304796035693e-07,4.221462290843192e-08,7.776589541208523e-07,0.0,-1.4162909955928171e-08,7.783938826833037e-07,5.211001075089428e-10,2.3577639840510756e-10,2.138658000694349e-10,3.228031886237659e-08,7.776589541208523e-07,2.960858296319202e-07,1.5998665503502707e-07,4.758056171283442e-09,1.3609918880774785e-07,9.93430671059059e-09,0.0,0.0
4.2885003495030105e-05,0.019539713684935123,0.0012825068420099228,1.1358235725630935e-06,0.004142839354345394,1.1358652045601048e-06,1.0750333103715093e-06,1.6107895817185636e-07,4.453690305439295e-09,1.3629306749862735e-07,4.221471883170125e-08,7.776612847010256e-07,0.0,-1.4163494377328334e-08,7.789519145262602e-07,1.0767268188160983e-09,1.4540713078048384e-10,2.1387622228807857e-10,3.228036860036809e-08,7.776612847010256e-07,2.960814242669585e-07,1.6000223013179493e-07,4.315590107495382e-09,1.3607917992430885e-07,9.934349343154736e-09,0.0,0.0
4.2887506424449384e-05,0.019540161883924156,0.0015440212810613474,1.1358362410335659e-06,0.00365252408034731,1.1358785059201182e-06,1.0755715038612834e-06,1.615959490663954e-07,3.9285508179887074e-09,1.3631347428599838e-07,4.221476856969275e-08,7.776620236654708e-07,0.0,-1.4163755501783726e-08,7.792005476403574e-07,1.3246104213493481e-09,5.80362702340409e-11,2.1389266746663083e-10,3.228037925850913e-08,7.776620236654708e-07,2.963709277992166e-07,1.602713410875367e-07,3.8645335820319815e-09,1.3609958671167988e-07,9.934388423005203e-09,0.0,0.0
4.2890005715889856e-05,0.019540607172530144,0.0009152577783221316,1.1358471919230067e-06,0.005093348333555617,1.135889988290728e-06,1.0740404832176864e-06,1.6003549774268322e-07,5.4704623053680734e-09,1.36345278178851e-07,4.2214850282107363e-08,7.776596930852975e-07,0.0,-1.4164189821030959e-08,7.785637876622786e-07,6.902063365288313e-10,2.3263325987787908e-10,2.139094873454539e-10,3.228041123293224e-08,7.776596930852975e-07,2.9547666713369836e-07,1.5934529074002057e-07,5.239029210457602e-09,1.3613137639367778e-07,9.934437272818286e-09,0.0,0.0
4.289250500733033e-05,0.019541053916327655,0.00036153484178536727,1.1358528959148442e-06,0.0035292692411852517,1.1358951041984255e-06,1.075719069376646e-06,1.617199814063497e-07,3.796502223707421e-09,1.363407022836327e-07,4.221492133638094e-08,7.776583856866637e-07,0.0,-1.4164627692991871e-08,7.78393768996466e-07,5.214124132457698e-10,5.2038671982668205e-11,2.1391957649719018e-10,3.228044320735535e-08,7.776583856866637e-07,2.97325357223599e-07,1.611985709359942e-07,3.74837538785755e-09,1.3612678628760477e-07,9.934477240847173e-09,0.0,0.0
4.289500066079199e-05,0.019541499204933643,0.0006171135647683457,1.1358572537246914e-06,0.004259399770889843,1.135898969550908e-06,1.0749405419119284e-06,1.609669197932817e-07,4.5786014979398715e-09,1.3631475326292275e-07,4.2214963968945085e-08,7.776588404340146e-07,0.0,-1.4164905692837237e-08,7.784457807247236e-07,5.730504404333203e-10,1.30927352293142e-10,2.139215748986345e-10,3.2280450312782705e-08,7.776588404340146e-07,2.96494704343786e-07,1.6039386707689118e-07,4.442234136092793e-09,1.3610083726689481e-07,9.93451276798396e-09,0.0,0.0
4.289750359021127e-05,0.019541945948731154,0.0011723690895451,1.135865248127457e-06,0.004173986723265829,1.1359070413163863e-06,1.0750394494607463e-06,1.6107564704270771e-07,4.487200389036161e-09,1.363031998380393e-07,4.221504212864602e-08,7.776605457365804e-07,0.0,-1.4165420836320664e-08,7.78782919041987e-07,9.084252239333068e-10,1.6010476278083274e-10,2.1391952098603895e-10,3.228049294534685e-08,7.776605457365804e-07,2.962565019970498e-07,1.6016721815503843e-07,4.333103653664239e-09,1.3608928384201135e-07,9.934550071477588e-09,0.0,0.0
4.2900002881651744e-05,0.019542391237337142,0.001301322124547255,1.1358762631925807e-06,0.0032948817533603627,1.1359185236869962e-06,1.0759923725345288e-06,1.6201217079014896e-07,3.545267635018945e-09,1.363187180913883e-07,4.22150954193512e-08,7.77661512074701e-07,0.0,-1.4165719264269683e-08,7.790400786689133e-07,1.1646101860662839e-09,2.34710324092946e-11,2.1392124183172712e-10,3.2280507156201566e-08,7.77661512074701e-07,2.969523791307438e-07,1.6084756282452872e-07,3.5187788238744133e-09,1.3610480209536036e-07,9.934588263149635e-09,0.0,0.0
4.2902502173092216e-05,0.019542835070751607,0.0009334207528226557,1.135886181728198e-06,0.004571206228266539,1.1359286418155534e-06,1.0746350653789705e-06,1.6063354735251778e-07,4.912378503973969e-09,1.3634169704346277e-07,4.221515581548374e-08,7.776598067721352e-07,0.0,-1.4166106510060672e-08,7.785816364958009e-07,7.078804764582003e-10,1.8206643137563816e-10,2.1393266325109295e-10,3.228052847248364e-08,7.776598067721352e-07,2.9605342888316954e-07,1.5992566204658942e-07,4.729045155471567e-09,1.361277526257254e-07,9.934629119356941e-09,0.0,0.0
4.290500146453269e-05,0.019543280359357595,0.0004998035532750578,1.1358925637127312e-06,0.003759633746553882,1.1359348945916281e-06,1.0755096582215629e-06,1.61503308504507e-07,4.04352240579442e-09,1.363476940241526e-07,4.221521976432996e-08,7.77658669903758e-07,0.0,-1.4166523065739511e-08,7.783995101817709e-07,5.269444880440233e-10,4.0190923505933895e-11,2.139482063734377e-10,3.228055689419307e-08,7.77658669903758e-07,2.9711011961808254e-07,1.609763558008126e-07,4.006427634095644e-09,1.3613374960641522e-07,9.93466464649373e-09,0.0,0.0
4.290750439395197e-05,0.019543725647963583,0.0005401971374361381,1.1358971947173092e-06,0.004032647343821882,1.135938987317786e-06,1.07522089365375e-06,1.612310995824373e-07,4.335986680814585e-09,1.3633103890242637e-07,4.2215262396894104e-08,7.776587835905957e-07,0.0,-1.4166838369078505e-08,7.783805813232902e-07,5.07812514261019e-10,9.996611177731651e-11,2.1395968330395476e-10,3.228056044690675e-08,7.776587835905957e-07,2.9684036917387857e-07,1.6072328890004428e-07,4.2332044536408375e-09,1.3611706606297957e-07,9.934700173630517e-09,0.0,0.0
4.291000368539244e-05,0.01954417093656957,0.0010922111404454427,1.1359044636453739e-06,0.0038965660208552986,1.1359461495885625e-06,1.075373234016297e-06,1.6139914293944457e-07,4.190262803405176e-09,1.3631373008138326e-07,4.2215329898454e-08,7.776603752063238e-07,0.0,-1.4167275352860997e-08,7.787259050928697e-07,8.515634863925925e-10,1.3234943696538437e-10,2.1396798222106383e-10,3.228059242132986e-08,7.776603752063238e-07,2.9664732892342727e-07,1.605475716814908e-07,4.061007086164636e-09,1.3609977145279117e-07,9.934736588945725e-09,0.0,0.0
4.291250297683291e-05,0.019544614769984037,0.0013967781185861838,1.1359155106113879e-06,0.00372065888527434,1.1359576319591724e-06,1.075572868103336e-06,1.6158260507381783e-07,4.001839748468683e-09,1.3632896411763795e-07,4.2215379636445505e-08,7.776613415444444e-07,0.0,-1.4167558681776882e-08,7.790244467287266e-07,1.149156436675014e-09,3.8530109658374556e-11,2.1397961180724678e-10,3.228060307947089e-08,7.776613415444444e-07,2.9654842137460946e-07,1.6043345851812774e-07,3.960524352919492e-09,1.3611497706733644e-07,9.93477922150987e-09,0.0,0.0
4.291500226827338e-05,0.01954505714820698,0.0009847729580654274,1.1359260460747191e-06,0.004343311085163234,1.1359686595824314e-06,1.0749165539891692e-06,1.608976560873998e-07,4.668696984566623e-09,1.363591053404889e-07,4.2215440032578044e-08,7.776598067721352e-07,0.0,-1.4167953032995229e-08,7.786151741129288e-07,7.413739067096969e-10,1.6344899045339645e-10,2.1399217120521286e-10,3.228062084303929e-08,7.776598067721352e-07,2.963014082979498e-07,1.6015627579690772e-07,4.506119033464984e-09,1.3614511829018738e-07,9.934821854074016e-09,0.0,0.0
4.2917501559713855e-05,0.019545500981621444,0.00047767871476206425,1.1359325369239135e-06,0.003470432145740072,1.1359749123585061e-06,1.0758573125713156e-06,1.6183435036509763e-07,3.733689801777018e-09,1.3636440598929767e-07,4.2215500428710584e-08,7.776586130603391e-07,0.0,-1.4168314521612047e-08,7.783979185660428e-07,5.253334989241409e-10,4.887321103375086e-11,2.140066179823208e-10,3.228064215932136e-08,7.776586130603391e-07,2.974594224269822e-07,1.6130901769884076e-07,3.6873335496068194e-09,1.3615040472814144e-07,9.934860933924483e-09,0.0,0.0
4.2920004489133134e-05,0.01954594481503591,0.0006202834410177216,1.135937410046839e-06,0.0038510281790934426,1.1359792324583395e-06,1.0754533832368907e-06,1.6145116887855693e-07,4.141601284146645e-09,1.363434023460286e-07,4.221555016670209e-08,7.776588404340146e-07,0.0,-1.4168591633278993e-08,7.784371973684756e-07,5.643037703784159e-10,9.980054976876929e-11,2.1402071781473353e-10,3.228064571203504e-08,7.776588404340146e-07,2.970162427118339e-07,1.6088687004867097e-07,4.037622680641562e-09,1.3612938687401765e-07,9.934903566488629e-09,0.0,0.0
4.2922503780573606e-05,0.019546388648450375,0.001158904693552093,1.1359453066782864e-06,0.004411217891477324,1.1359870768501423e-06,1.0748609611255233e-06,1.608690496368581e-07,4.7414459025674205e-09,1.3633150786063197e-07,4.221562122097566e-08,7.776604320497427e-07,0.0,-1.4168999307173635e-08,7.788034395161958e-07,9.289694014036343e-10,1.1345990813538265e-10,2.1403134820019432e-10,3.228067413374447e-08,7.776604320497427e-07,2.9605755003103695e-07,1.5994008606412535e-07,4.630005712158436e-09,1.3611747817776632e-07,9.934946199052774e-09,0.0,0.0
4.292500307201408e-05,0.019546831026673317,0.001324262608119936,1.1359562916696682e-06,0.0034224674528827216,1.1359985592207522e-06,1.0759312090158346e-06,1.6192262819458847e-07,3.6823395443974505e-09,1.3634731033107528e-07,4.2215670958967166e-08,7.776612847010256e-07,0.0,-1.4169323492296826e-08,7.790248446326586e-07,1.1495682183948475e-09,2.9645629701091636e-11,2.1404182592998922e-10,3.228068123917183e-08,7.776612847010256e-07,2.9690633596146654e-07,1.6077306952411163e-07,3.6546230486322884e-09,1.361332664373549e-07,9.93499060797376e-09,0.0,0.0
4.292750600143336e-05,0.01954727340489626,0.0009525245479378164,1.1359663636802294e-06,0.0039029427433591177,1.1360087910361472e-06,1.0754262120826752e-06,1.6139802028192207e-07,4.197326930466261e-09,1.3636831397434435e-07,4.221572069695867e-08,7.776598636155541e-07,0.0,-1.4169617479353747e-08,7.786306923662778e-07,7.568056736850792e-10,1.3650240660023627e-10,2.1405675842967042e-10,3.228069545002654e-08,7.776598636155541e-07,2.9679546287297853e-07,1.60641221214064e-07,4.05726519048244e-09,1.3615425586976926e-07,9.935024358753708e-09,0.0,0.0
4.293000529287383e-05,0.0195477157831192,0.000575079488168484,1.1359731214678178e-06,0.004227605673119059,1.136015384872735e-06,1.0750845831353217e-06,1.6105359179618972e-07,4.545033682745725e-09,1.363722077485363e-07,4.221577043495017e-08,7.776588404340146e-07,0.0,-1.4170000284252637e-08,7.784373678987322e-07,5.644724132558565e-10,4.52576136289462e-11,2.1407646488835752e-10,3.2280716766308615e-08,7.776588404340146e-07,2.96647243658299e-07,1.6048910822519247e-07,4.501649275567843e-09,1.361581354331065e-07,9.935055444998397e-09,0.0,0.0
4.2932500946335495e-05,0.019548158161342144,0.0006249680630077137,1.1359784302168492e-06,0.0034346643701533073,1.1360203870935948e-06,1.0759387123471242e-06,1.6191822282962676e-07,3.695488359767296e-09,1.3636156381835463e-07,4.221580951480064e-08,7.776589541208523e-07,0.0,-1.4170322693018989e-08,7.78440721660445e-07,5.676646375185612e-10,6.493775656091216e-11,2.1409043982068e-10,3.2280720319022294e-08,7.776589541208523e-07,2.974980191083887e-07,1.613505560271733e-07,3.6326579522238944e-09,1.361474630812154e-07,9.935090972135185e-09,0.0,0.0
4.2935000237775967e-05,0.019548599084373564,0.0010914567509772155,1.135985998329171e-06,0.0035507817387444014,1.1360277767380467e-06,1.0758212738437578e-06,1.618153362414887e-07,3.820006533317155e-09,1.3634563345021888e-07,4.221586991093318e-08,7.776602615194861e-07,0.0,-1.4170624673681687e-08,7.787285198901372e-07,8.541324869604239e-10,1.0634540470455534e-10,2.1410215267358979e-10,3.2280741635304366e-08,7.776602615194861e-07,2.9709272553191113e-07,1.6096119281883148e-07,3.7112031225916553e-09,1.3613153271307965e-07,9.935129163807233e-09,0.0,0.0
4.2937503167195246e-05,0.019549041462596506,0.0014099290054918612,1.1359970639150294e-06,0.0038503320938285553,1.1360392591086566e-06,1.075511249837291e-06,1.614978799580058e-07,4.141075482522183e-09,1.363519999131313e-07,4.22159338597794e-08,7.776613415444444e-07,0.0,-1.4171009254937417e-08,7.790352469783102e-07,1.1598042526372865e-09,1.9889475483259034e-11,2.1412156769873292e-10,3.22807522934454e-08,7.776613415444444e-07,2.9647594601556193e-07,1.603380752612793e-07,4.1230778791145895e-09,1.3613788496513735e-07,9.935181566333995e-09,0.0,0.0
4.293999882065691e-05,0.019549482385627925,0.0010619136142585124,1.1360079628384403e-06,0.0031107848889469596,1.136050514105591e-06,1.0763151294668205e-06,1.6227534160861978e-07,3.3481848404903758e-09,1.3637981055580894e-07,4.221598715048458e-08,7.776599204589729e-07,0.0,-1.4171309459243275e-08,7.786654805386206e-07,7.914092159388986e-10,1.5714041179393234e-10,2.1414885142956308e-10,3.228076650430012e-08,7.776599204589729e-07,2.9764959208478103e-07,1.6148392489867547e-07,3.1916402853937598e-09,1.3616566718610557e-07,9.935220646184462e-09,0.0,0.0
4.2942505388055e-05,0.019549923308659345,0.0005297857923570459,1.136014981007715e-06,0.0038510910417821915,1.1360573353158543e-06,1.0755277344287606e-06,1.61481054306023e-07,4.141955223246896e-09,1.3638802442983433e-07,4.22160510993308e-08,7.77658669903758e-07,0.0,-1.4171600781764937e-08,7.784336162330874e-07,5.607950215313906e-10,6.189741774687008e-11,2.1417403961443426e-10,3.228079137329587e-08,7.77658669903758e-07,2.970941181956732e-07,1.6092025134639698e-07,4.076494697358157e-09,1.3617385263842152e-07,9.935259726034928e-09,0.0,0.0
4.294500104151666e-05,0.019550364231690764,0.0006355081008631025,1.1360201190568739e-06,0.003918685793054027,1.1360618827893632e-06,1.07545940863929e-06,1.6143604852913995e-07,4.214387505641071e-09,1.3636456230869953e-07,4.221609728460862e-08,7.776588404340146e-07,0.0,-1.4171995132983284e-08,7.784530566823378e-07,5.8004129277478e-10,1.070663696589591e-10,2.1418877782508616e-10,3.228079847872323e-08,7.776588404340146e-07,2.9700638037866156e-07,1.6085600407222955e-07,4.110095375153833e-09,1.36150376306432e-07,9.935299694063815e-09,0.0,0.0
4.2947500332957134e-05,0.01955080369953066,0.0012015275697656591,1.1360281922378536e-06,0.003615350461540429,1.1360699545548414e-06,1.075792170013301e-06,1.617869145320583e-07,3.8893657183791674e-09,1.363447097446624e-07,4.221617189159588e-08,7.776605457365804e-07,0.0,-1.417227313282865e-08,7.788130460539833e-07,9.383180898936416e-10,1.6376025535613792e-10,2.1418881945844959e-10,3.2280834005860015e-08,7.776605457365804e-07,2.969791239593178e-07,1.6084860021692293e-07,3.7231588922992387e-09,1.3613052374239487e-07,9.935338773914282e-09,0.0,0.0
4.295000326237641e-05,0.01955124462256208,0.0013906488428325758,1.1360396217406717e-06,0.004529712183988883,1.1360818916728022e-06,1.0748244676506147e-06,1.6080478815183596e-07,4.868645486766354e-09,1.3635801110467582e-07,4.221622873501474e-08,7.776616257615387e-07,0.0,-1.4172617746055494e-08,7.791082907715463e-07,1.232458024524874e-09,3.377820592675995e-11,2.141854887893757e-10,3.228084466400105e-08,7.776616257615387e-07,2.9571614845735894e-07,1.5957233756580536e-07,4.8342521097310964e-09,1.361438251024083e-07,9.935384071013686e-09,0.0,0.0
4.295250619179569e-05,0.0195516855455935,0.0009359060758526994,1.1360498800571469e-06,0.003511130596915175,1.1360924645487103e-06,1.0759255246739485e-06,1.6187932772027125e-07,3.777715029684714e-09,1.3638641860325151e-07,4.2216292683860956e-08,7.776597499287163e-07,0.0,-1.4172993445527027e-08,7.785953926031652e-07,7.214696062796122e-10,2.1784114789813458e-10,2.1419069295980364e-10,3.228087308571048e-08,7.776597499287163e-07,2.9733007522736443e-07,1.6115785683723516e-07,3.564741613004685e-09,1.3617221839012927e-07,9.935421374507314e-09,0.0,0.0
4.295500184525736e-05,0.019552125013433397,0.0004473546112890858,1.1360559590430088e-06,0.0033743588590336325,1.136098262577434e-06,1.07607763766282e-06,1.620277174652074e-07,3.63107210965552e-09,1.3639133555898297e-07,4.2216356632707175e-08,7.776585562169203e-07,0.0,-1.4173233253700346e-08,7.784113336128939e-07,5.386013302022263e-10,4.849312618127044e-11,2.141998661775446e-10,3.228090150741991e-08,7.776585562169203e-07,2.9766624720650725e-07,1.6148911186064652e-07,3.5787790508834405e-09,1.3617713534586073e-07,9.935455125287262e-09,0.0,0.0
4.2957504774676636e-05,0.019552564481273293,0.0005900189518399657,1.1360605179661982e-06,0.004192499646976997,1.136102355303592e-06,1.075204522749118e-06,1.6117628831580078e-07,4.507794582053748e-09,1.3636933715588384e-07,4.2216402817985e-08,7.776588972774334e-07,0.0,-1.4173593854138744e-08,7.78410083057679e-07,5.37004496425908e-10,1.4611595267055577e-10,2.1420971940688815e-10,3.228091216556095e-08,7.776588972774334e-07,2.967944112697296e-07,1.6063928853782272e-07,4.362145755720803e-09,1.3615512273190689e-07,9.93549065242405e-09,0.0,0.0
4.296000406611711e-05,0.019553002493921667,0.0011990517819207014,1.1360683543223005e-06,0.0036727603394049453,1.1361100860085571e-06,1.0757686368378927e-06,1.6175442851817934e-07,3.951040383753934e-09,1.363533215226198e-07,4.221649163582697e-08,7.776608867970936e-07,0.0,-1.4173905604764059e-08,7.788485731907713e-07,9.7347252481228e-10,1.475148891927347e-10,2.142185040465705e-10,3.2280954798125094e-08,7.776608867970936e-07,2.969200636471214e-07,1.6078095654847857e-07,3.803600545637664e-09,1.3613910709864285e-07,9.935537725880295e-09,0.0,0.0
4.296249971957877e-05,0.019553441961761564,0.0014559129258593373,1.1360800220383517e-06,0.004486876463842657,1.1361222505001933e-06,1.074908482223691e-06,1.608767092875496e-07,4.822981569674312e-09,1.363699482226366e-07,4.221654492653215e-08,7.776618531352142e-07,0.0,-1.4174210249962016e-08,7.791339839968714e-07,1.2578921237960117e-09,4.395602284934519e-11,2.1422999485487537e-10,3.228096190355245e-08,7.776618531352142e-07,2.95774526648529e-07,1.5961882127157878e-07,4.775691397895798e-09,1.3615571958780492e-07,9.9355830229797e-09,0.0,0.0
4.296500264899805e-05,0.019553879974409938,0.0009545670828963182,1.1360905802456765e-06,0.00450912160999099,1.1361332781234523e-06,1.0748952945505152e-06,1.608329540658815e-07,4.8468336011353585e-09,1.364024768690797e-07,4.221661598080573e-08,7.776598067721352e-07,0.0,-1.4174569074043575e-08,7.785916977809393e-07,7.176299554600973e-10,2.1666504701478573e-10,2.1424356733135141e-10,3.228099032526188e-08,7.776598067721352e-07,2.963035399261571e-07,1.601153201136185e-07,4.632654260205982e-09,1.361882340233933e-07,9.935624767365425e-09,0.0,0.0
4.296750557841733e-05,0.019554319442249835,0.0004093831331752895,1.1360965743682284e-06,0.004071601012216456,1.1361388487785007e-06,1.0753688002296258e-06,1.6130675817294104e-07,4.378472695520941e-09,1.3640350005061919e-07,4.221667637693827e-08,7.776585562169203e-07,0.0,-1.4174865725635755e-08,7.784005902067292e-07,5.277675518833291e-10,4.657220789572314e-11,2.1426080354380872e-10,3.228101874697131e-08,7.776585562169203e-07,2.9696823844460596e-07,1.6077899545052787e-07,4.3317034403855814e-09,1.3618924299407809e-07,9.935654965431695e-09,0.0,0.0
4.2970001231878996e-05,0.01955475745489821,0.0006528172014141909,1.136101226940045e-06,0.004267564549285092,1.1361429415046587e-06,1.0751626859928365e-06,1.6112954881464248e-07,4.588326163457168e-09,1.3637408358135872e-07,4.221671900950241e-08,7.776590109642711e-07,0.0,-1.4175197016186303e-08,7.784485092088289e-07,5.7517662854778e-10,1.469879912230354e-10,2.1427881691238326e-10,3.228102940511235e-08,7.776590109642711e-07,2.967141767840076e-07,1.6055436447004467e-07,4.4413739352933135e-09,1.361598123139629e-07,9.935690492568483e-09,0.0,0.0
4.297250052331947e-05,0.019555195467546582,0.0012577367288230529,1.1361095954079135e-06,0.003937634078491313,1.13615135433065e-06,1.0755240964499535e-06,1.615011484545903e-07,4.2350203344199144e-09,1.363620043548508e-07,4.221679006377599e-08,7.776608867970936e-07,0.0,-1.4175528306736851e-08,7.788622156112979e-07,9.870303463443975e-10,1.5094483996058727e-10,2.1428837870818285e-10,3.228106493224914e-08,7.776608867970936e-07,2.9666182399523677e-07,1.6051411932949122e-07,4.085019877919649e-09,1.3614771887660027e-07,9.935723355170012e-09,0.0,0.0
4.297500345273875e-05,0.019555633480194956,0.0013764054573102563,1.1361211332838648e-06,0.004201060666174669,1.1361634051354486e-06,1.075253521776176e-06,1.6121282442327356e-07,4.517205276499681e-09,1.3637895790452603e-07,4.2216832696340134e-08,7.776616826049576e-07,0.0,-1.4175873808142114e-08,7.790739005031355e-07,1.197897780969015e-09,5.698246388630146e-11,2.1429408247897186e-10,3.2281075590390174e-08,7.776616826049576e-07,2.961795928513311e-07,1.6001493463591032e-07,4.458531321915871e-09,1.361646724262755e-07,9.9357588823068e-09,0.0,0.0
4.297749910620041e-05,0.019556070037651807,0.0009961525046620068,1.136131490862566e-06,0.004210375222390369,1.1361739780113567e-06,1.0752536354630138e-06,1.6119484769205883e-07,4.527221264538639e-09,1.3639869678172545e-07,4.2216885987045316e-08,7.776600909892295e-07,0.0,-1.4176219309547378e-08,7.78624496433622e-07,7.500733367749035e-10,1.7441414978947023e-10,2.1429766294822628e-10,3.228109335395857e-08,7.776600909892295e-07,2.9662916745110124e-07,1.6044477035848104e-07,4.353986060579018e-09,1.361843970926202e-07,9.935793521265168e-09,0.0,0.0
4.29800056735985e-05,0.01955650805030018,0.0006012156992104556,1.13613848753734e-06,0.004173793189241092,1.13618079922162e-06,1.0752992238849401e-06,1.6123985346894187e-07,4.488076577047195e-09,1.3640035945172713e-07,4.221693572503682e-08,7.776590109642711e-07,0.0,-1.4176523066566915e-08,7.784144031575124e-07,5.410619730028543e-10,6.284631842712329e-11,2.1429695518104808e-10,3.228111111752696e-08,7.776590109642711e-07,2.9688484914913715e-07,1.6069878938651527e-07,4.424279165249345e-09,1.361860739734766e-07,9.935821942974599e-09,0.0,0.0
4.298250132706016e-05,0.01955694315256551,0.0006420738434336215,1.1361438971183048e-06,0.0042084494050155285,1.1361858014424797e-06,1.0752667094493518e-06,1.6122525892114936e-07,4.5252055436151295e-09,1.3638226903367467e-07,4.2216981910314644e-08,7.776591814945277e-07,0.0,-1.4176899654216868e-08,7.784046260894684e-07,5.311162620813548e-10,9.595917116467234e-11,2.1429993890542676e-10,3.228111822295432e-08,7.776591814945277e-07,2.9686211178159283e-07,1.606941424370234e-07,4.4304804269756914e-09,1.3616796934456943e-07,9.935863687360325e-09,0.0,0.0
4.298500425647944e-05,0.019557381165213883,0.0010727011469076064,1.1361514080496536e-06,0.0038378397414048217,1.1361931910869316e-06,1.0756707524706144e-06,1.6164209171165567e-07,4.1282519624985525e-09,1.3636825713092549e-07,4.2217035201019826e-08,7.776603752063238e-07,0.0,-1.4177201634879566e-08,7.786570108692104e-07,7.822983372207659e-10,1.028226323529502e-10,2.143053651204596e-10,3.2281132433809034e-08,7.776603752063238e-07,2.9701374160140404e-07,1.608597983704385e-07,4.025925370854111e-09,1.3615395744182024e-07,9.935902767210791e-09,0.0,0.0
4.298749990994111e-05,0.01955781626747921,0.0012534698907327724,1.1361615292725338e-06,0.0038161394915690594,1.1362037639628397e-06,1.0757040627140668e-06,1.6166302430065116e-07,4.105036754964431e-09,1.363801516163221e-07,4.221708138629765e-08,7.776608867970936e-07,0.0,-1.4177550688998508e-08,7.788054290358559e-07,9.301983627807431e-10,5.6187877267577235e-11,2.143087374228969e-10,3.228113598652271e-08,7.776608867970936e-07,2.9689866209992033e-07,1.6073282438355818e-07,4.049482527079817e-09,1.3616585192721686e-07,9.935944511596517e-09,0.0,0.0
4.2990002839360386e-05,0.019558252824936062,0.0009565809039706608,1.1361711774140784e-06,0.003507897997719383,1.1362136547177215e-06,1.0760438726720167e-06,1.6198634966713144e-07,3.774652146404378e-09,1.3639770202189538e-07,4.221712046614812e-08,7.776598636155541e-07,0.0,-1.4177922835756362e-08,7.785326943121618e-07,6.585453293794785e-10,9.394864053380303e-11,2.1431126318027793e-10,3.228114664466375e-08,7.776598636155541e-07,2.975112067815644e-07,1.6132780444877426e-07,3.6807901171442836e-09,1.3618340233279014e-07,9.935975597841207e-09,0.0,0.0
4.299249849282205e-05,0.01955868792720139,0.0007340225219598651,1.1361785332678824e-06,0.00415758482167305,1.1362207033016603e-06,1.0753544756880729e-06,1.6130319124840753e-07,4.470877446038912e-09,1.3639204610171873e-07,4.221716309871226e-08,7.776591814945277e-07,0.0,-1.4178205276493827e-08,7.783975206621108e-07,5.240239353554443e-10,4.987544405254951e-11,2.1431886820799662e-10,3.228115019737743e-08,7.776591814945277e-07,2.9695689818254323e-07,1.6077916598078446e-07,4.417772370146622e-09,1.3617773220175877e-07,9.936012013156414e-09,0.0,0.0
4.299500506022014e-05,0.01955912448465824,0.0008820804955479433,1.1361855884861156e-06,0.00424141649773889,1.1362275245119235e-06,1.0752710295491852e-06,1.6123422597047465e-07,4.560672284270595e-09,1.3637732365623378e-07,4.221719862584905e-08,7.776595225550409e-07,0.0,-1.4178618279458988e-08,7.784728950355202e-07,5.990362095253943e-10,6.293130599965835e-11,2.1433152475047734e-10,3.228115375009111e-08,7.776595225550409e-07,2.967981629353744e-07,1.6063518160081003e-07,4.500685601982468e-09,1.361629955454191e-07,9.936047540293202e-09,0.0,0.0
4.299750435166061e-05,0.01955955958692357,0.0010117205327340173,1.1361938284572905e-06,0.00342543063379508,1.1362360510247527e-06,1.0761534667835804e-06,1.6211333786486648e-07,3.686289051785252e-09,1.3638030793572398e-07,4.2217244811126875e-08,7.776598636155541e-07,0.0,-1.417896733357793e-08,7.785551474626118e-07,6.809508512617413e-10,4.707113518409578e-11,2.1434044816803777e-10,3.228115375009111e-08,7.776598636155541e-07,2.97598347742678e-07,1.6143239633947815e-07,3.640279855332551e-09,1.3616596561405458e-07,9.936091949214187e-09,0.0,0.0
4.300000364310108e-05,0.019559994689188898,0.0008534837526782135,1.1362019440033893e-06,0.003640842482404873,1.1362442364770686e-06,1.0759304132079706e-06,1.6187580342830188e-07,3.917293156519008e-09,1.3639514406804665e-07,4.2217301654545736e-08,7.776594088682032e-07,0.0,-1.4179279084203245e-08,7.784544209243904e-07,5.806367608940377e-10,5.445784795332642e-11,2.1434201635806005e-10,3.2281157302804786e-08,7.776594088682032e-07,2.974759638618707e-07,1.6129516211549344e-07,3.861647446257166e-09,1.3618080174637726e-07,9.936147016276209e-09,0.0,0.0
4.3002499296562746e-05,0.019560428336262703,0.0007053278340561908,1.1362087037442213e-06,0.003752003925503876,1.1362508303136565e-06,1.0758172948044376e-06,1.6176143446955393e-07,4.0364707132312105e-09,1.363967925271936e-07,4.22173407343962e-08,7.776591246511089e-07,0.0,-1.4179718732520996e-08,7.783763180668757e-07,5.028632510395425e-10,3.560566425031553e-11,2.1434215513593813e-10,3.2281157302804786e-08,7.776591246511089e-07,2.9744103358098073e-07,1.612585691646018e-07,4.0007424040311435e-09,1.3618245020552422e-07,9.936184319769836e-09,0.0,0.0
4.3005002225982025e-05,0.01956086343852803,0.000849598471113211,1.1362154692637992e-06,0.003927318354272643,1.1362574241502443e-06,1.0756356232377584e-06,1.6158793414433603e-07,4.2243635256511425e-09,1.3638803864068905e-07,4.2217394025101385e-08,7.776596362418786e-07,0.0,-1.4180083773851493e-08,7.784557851664431e-07,5.818082127184709e-10,6.436719213187558e-11,2.143467209281269e-10,3.2281160855518465e-08,7.776596362418786e-07,2.971798380713153e-07,1.6100612754144095e-07,4.15900380801304e-09,1.3617369631901965e-07,9.93623405776134e-09,0.0,0.0
4.30075015174225e-05,0.01956129854079336,0.0010512662214665625,1.1362237399691375e-06,0.004022519259688879,1.1362658369762357e-06,1.075541490536125e-06,1.614902203073143e-07,4.326386360276047e-09,1.3639086660077737e-07,4.22174579739476e-08,7.776604320497427e-07,0.0,-1.418042039347256e-08,7.786346714055981e-07,7.598706663891619e-10,3.7565239113801496e-11,2.143564770129558e-10,3.228116796094582e-08,7.776604320497427e-07,2.969068475522363e-07,1.6073035169483774e-07,4.289704147453222e-09,1.3617651006825326e-07,9.93629001300178e-09,0.0,0.0
4.3010004446841776e-05,0.019561732187867165,0.0009973012519814972,1.136232623522041e-06,0.0036704937233977583,1.1362749319232535e-06,1.0759274573501898e-06,1.6186261575512617e-07,3.949184979035181e-09,1.364045374430134e-07,4.2217511264652785e-08,7.776602615194861e-07,0.0,-1.4180792540230414e-08,7.785691877870704e-07,6.94571622439355e-10,5.3518217635328824e-11,2.1436974417810006e-10,3.228116796094582e-08,7.776602615194861e-07,2.9735821271970053e-07,1.6116804602006596e-07,3.896084788124199e-09,1.3619016669963457e-07,9.936341527350123e-09,0.0,0.0
4.301250010030344e-05,0.01956216583494097,0.0007663933837989134,1.1362402717322198e-06,0.003901219929757893,1.1362825489413808e-06,1.0756873507489217e-06,1.616125899772669e-07,4.196492930930162e-09,1.364153803251611e-07,4.221756100264429e-08,7.776594088682032e-07,0.0,-1.4181122942602542e-08,7.783862088217575e-07,5.123819701857713e-10,5.753194795565797e-11,2.1438550934504974e-10,3.228117861908686e-08,7.776594088682032e-07,2.9730119877058314e-07,1.6110020339965558e-07,4.138020592847624e-09,1.3620098116007284e-07,9.936384159914269e-09,0.0,0.0
4.301500302972272e-05,0.019562599482014775,0.0006545999374436562,1.1362464338281763e-06,0.00373899626934712,1.13628857434378e-06,1.0758667485788465e-06,1.6179274098249152e-07,4.022661759250923e-09,1.364149113669555e-07,4.221762139877683e-08,7.776591246511089e-07,0.0,-1.4181460450402028e-08,7.783366982039297e-07,4.631844630065274e-10,2.3316746103341224e-11,2.1438945063678716e-10,3.228118217180054e-08,7.776591246511089e-07,2.975300787966262e-07,1.6132955238390423e-07,4.000867193099111e-09,1.3620051220186724e-07,9.93644100333313e-09,0.0,0.0
4.301750232116319e-05,0.019563031673897058,0.0008478418392598996,1.1362529272595712e-06,0.0038209054891973795,1.1362948271198547e-06,1.0757848940556869e-06,1.6171978245438368e-07,4.1104724068929954e-09,1.364053758834416e-07,4.221767468948201e-08,7.776597499287163e-07,0.0,-1.4181789964595737e-08,7.784228728269227e-07,5.487444942886555e-10,7.187479778014705e-11,2.1438911756987977e-10,3.2281185724514216e-08,7.776597499287163e-07,2.973620212287642e-07,1.6117104451041087e-07,4.036099010562566e-09,1.3619097671835334e-07,9.936488964967793e-09,0.0,0.0
4.302000525058247e-05,0.019563465320970863,0.0011587561127193169,1.136261628812873e-06,0.0044270969089408915,1.1363035810063593e-06,1.0751439276646124e-06,1.610808766372429e-07,4.759766358830575e-09,1.3640227791711368e-07,4.221772798018719e-08,7.776607731102558e-07,0.0,-1.4182146124142037e-08,7.786866262904368e-07,8.114324212549207e-10,4.126188279940379e-11,2.1439602870820806e-10,3.228119638265525e-08,7.776607731102558e-07,2.96457329795885e-07,1.602694510438596e-07,4.718208046483596e-09,1.3618787875202543e-07,9.93653070935352e-09,0.0,0.0
4.3022500904044136e-05,0.019563897512853146,0.0012216837667047287,1.1362719168807944e-06,0.0041083145640447615,1.1363141538822674e-06,1.07549533368001e-06,1.6142283243425481e-07,4.4184731429197655e-09,1.3641168550293514e-07,4.221779903446077e-08,7.776608299536747e-07,0.0,-1.4182495178260979e-08,7.787206186549156e-07,8.453859834389732e-10,3.826653577343464e-11,2.1441143305267474e-10,3.228119993536893e-08,7.776608299536747e-07,2.9677471502509434e-07,1.6057744289810216e-07,4.381563556421497e-09,1.3619727212699217e-07,9.936599987270256e-09,0.0,0.0
4.3025003833463416e-05,0.01956433115992695,0.0009438940128019269,1.1362813078454662e-06,0.0039675630331835205,1.136323703576636e-06,1.0756552910606842e-06,1.6157081006440421e-07,4.267730169260631e-09,1.3642467422414484e-07,4.221785587787963e-08,7.776598067721352e-07,0.0,-1.418284867327202e-08,7.78466869633121e-07,5.926392154798066e-10,7.622714265353991e-11,2.144266431081121e-10,3.228121059350997e-08,7.776598067721352e-07,2.971884214275633e-07,1.6097817479021614e-07,4.191159419519863e-09,1.3621024663734715e-07,9.93664528436966e-09,0.0,0.0
4.302750312490389e-05,0.01956476189661771,0.0006700393478022981,1.1362882596486147e-06,0.004179394032336803,1.1363304111000616e-06,1.0754347385955043e-06,1.6134846703153016e-07,4.494665528653741e-09,1.3642718954542943e-07,4.221790561587113e-08,7.7765906780769e-07,0.0,-1.4183169305681531e-08,7.783330033817037e-07,4.5953083005478845e-10,2.7259311127791896e-11,2.1443033459966898e-10,3.2281217698937326e-08,7.7765906780769e-07,2.9710170679209114e-07,1.608889448334594e-07,4.466730985086542e-09,1.3621276195863175e-07,9.936687028755387e-09,0.0,0.0
4.3030006054323167e-05,0.019565195543691516,0.0008165897725662674,1.1362947063722935e-06,0.004167099584620756,1.1363365501892986e-06,1.0754534969237284e-06,1.6138116620822984e-07,4.481521820309808e-09,1.3641297869071423e-07,4.221797667014471e-08,7.776594088682032e-07,0.0,-1.4183523688870991e-08,7.783785918036301e-07,5.047664508595062e-10,6.726978696303121e-11,2.144292937655834e-10,3.2281221251651004e-08,7.776594088682032e-07,2.970749619635171e-07,1.6087641085960058e-07,4.4148595890192155e-09,1.3619855110391654e-07,9.936756306672123e-09,0.0,0.0
4.303250170778483e-05,0.019565626280382276,0.0012028730133817334,1.136303404939469e-06,0.004123099573352873,1.1363453040758031e-06,1.0755089761005365e-06,1.6144527137385012e-07,4.434430600497308e-09,1.364031447792513e-07,4.2218040618990926e-08,7.776606025799992e-07,0.0,-1.4183829222247368e-08,7.786437095091969e-07,7.686766223535813e-10,7.424690029456116e-11,2.144301958217909e-10,3.228123546250572e-08,7.776606025799992e-07,2.9686532343475847e-07,1.6067660624230484e-07,4.359500760386936e-09,1.3618871719245362e-07,9.936805156485207e-09,0.0,0.0
4.303500463720411e-05,0.019566057017073035,0.0012966984369029433,1.136314171510817e-06,0.0043411627829771406,1.1363564453858999e-06,1.0752861498986022e-06,1.6121063595164742e-07,4.6679922149905906e-09,1.364144566196046e-07,4.221809390969611e-08,7.776610573273501e-07,0.0,-1.4184160512797916e-08,7.787588174323901e-07,8.833145881403937e-10,3.685498781158536e-11,2.1443323505732081e-10,3.22812390152194e-08,7.776610573273501e-07,2.9652736088792153e-07,1.603273318551146e-07,4.631328653914579e-09,1.3620002903280692e-07,9.93685578265513e-09,0.0,0.0
4.303750392864458e-05,0.019566489208955318,0.0009715513790453656,1.1363239747023914e-06,0.0038752511184332403,1.1363664498276194e-06,1.0757947848105687e-06,1.617013793975275e-07,4.168974943041803e-09,1.364334281106494e-07,4.2218164963969684e-08,7.776599204589729e-07,0.0,-1.4184524665949994e-08,7.784483955219912e-07,5.740536934695228e-10,1.2585930908581844e-10,2.1444179765239824e-10,3.2281249673360435e-08,7.776599204589729e-07,2.973463324451586e-07,1.611273319213069e-07,4.045364487836878e-09,1.36218986312997e-07,9.93691440243083e-09,0.0,0.0
4.304000685806386e-05,0.019566919945646077,0.0006181648773143089,1.1363308221935867e-06,0.003646303541308219,1.1363730436642072e-06,1.0760464874692843e-06,1.6194810825709283e-07,3.923592117871522e-09,1.3643935403706564e-07,4.22182289128159e-08,7.776590109642711e-07,0.0,-1.4184792895832743e-08,7.782945772305538e-07,4.211427595546269e-10,5.726643118042496e-11,2.1445245579343464e-10,3.228126743692883e-08,7.776590109642711e-07,2.9775185339531163e-07,1.6152696957760782e-07,3.865302744543442e-09,1.3622489802855853e-07,9.936964140422333e-09,0.0,0.0
4.304250251152553e-05,0.019567349227145314,0.000693024493101102,1.1363364508869738e-06,0.004086261035551586,1.1363782732587424e-06,1.075579803000437e-06,1.6149755310834735e-07,4.395099839626937e-09,1.3642306839756202e-07,4.2218285756234764e-08,7.776591814945277e-07,0.0,-1.4185121521848032e-08,7.782980446791044e-07,4.2441247738445043e-10,1.0687247614660222e-10,2.1445797915298215e-10,3.228127098964251e-08,7.776591814945277e-07,2.9728175832133275e-07,1.6107313172142312e-07,4.2872194683241105e-09,1.362086123890549e-07,9.937014766592256e-09,0.0,0.0
4.3045001802966e-05,0.019567779963836074,0.0011440470874575226,1.1363443638283069e-06,0.003916115763594432,1.1363861176505452e-06,1.0757695463325945e-06,1.6170277206128958e-07,4.212838078387904e-09,1.3640620011301507e-07,4.2218367468649376e-08,7.776605457365804e-07,0.0,-1.4185461694182777e-08,7.785931188664108e-07,7.181362171593264e-10,1.2833181739502209e-10,2.1445836773104077e-10,3.228129585863826e-08,7.776605457365804e-07,2.971763706227648e-07,1.6098462651825685e-07,4.0863601391549764e-09,1.3619174410450796e-07,9.937074274546376e-09,0.0,0.0
4.304750473238528e-05,0.019568210700526834,0.0013472094428124137,1.1363550945842437e-06,0.0036772455332403937,1.136397258960642e-06,1.0760362556538894e-06,1.619590221935141e-07,3.956849514707983e-09,1.3641614771131572e-07,4.2218427864781916e-08,7.77661114170769e-07,0.0,-1.4185734364957625e-08,7.787900244693446e-07,9.144662804771997e-10,6.192065610255426e-11,2.1446348863474185e-10,3.228129941135194e-08,7.77661114170769e-07,2.9724623118454474e-07,1.6104455369259085e-07,3.893839028989987e-09,1.362016774919539e-07,9.937125788894718e-09,0.0,0.0
4.305000402382575e-05,0.01956863998202607,0.0009287639583916985,1.1363648649169827e-06,0.004160614190849374,1.1364074907760369e-06,1.0755280754892738e-06,1.614271099015241e-07,4.4748573735375885e-09,1.364413719784352e-07,4.2218488260914455e-08,7.776595793984598e-07,0.0,-1.4186057661902396e-08,7.783916089465492e-07,5.175833095449889e-10,1.8998684570004087e-10,2.1447463249835153e-10,3.228132072763401e-08,7.776595793984598e-07,2.971364381210151e-07,1.60909522151087e-07,4.284367971507663e-09,1.3622690175907337e-07,9.937168421458864e-09,0.0,0.0
4.305250331526622e-05,0.01956907071871683,0.0004361721798078477,1.1363707441977354e-06,0.0036341090364349175,1.1364130614310852e-06,1.0760974191725836e-06,1.6199385299842106e-07,3.9106553550993794e-09,1.364451094332253e-07,4.221856642061539e-08,7.776584425300825e-07,0.0,-1.4186382735204006e-08,7.782108468745719e-07,3.3789235298620213e-10,6.97814514505346e-11,2.1448019749126246e-10,3.2281342043916084e-08,7.776584425300825e-07,2.9788657229801174e-07,1.616559615058577e-07,3.843515727908198e-09,1.3623062500300875e-07,9.937225264877725e-09,0.0,0.0
4.3055002606706694e-05,0.019569500000216067,0.0006485139055327493,1.1363754005544245e-06,0.0037125979793858174,1.1364170404704055e-06,1.0760170425783144e-06,1.6193999385905045e-07,3.9948186980609535e-09,1.3641816565268527e-07,4.221863036946161e-08,7.776588404340146e-07,0.0,-1.4186633201518362e-08,7.782376201248553e-07,3.6428476901662066e-10,1.627727952424607e-10,2.1447842113442306e-10,3.228134914934344e-08,7.776588404340146e-07,2.977793940317497e-07,1.6157571280928096e-07,3.828984240783484e-09,1.3620368122246873e-07,9.937281220118166e-09,0.0,0.0
4.3057501898147166e-05,0.01956992782652378,0.00128252269761564,1.1363836620370243e-06,0.0041551148632165,1.1364254532963969e-06,1.0755506991699804e-06,1.6148739234722598e-07,4.469036696264084e-09,1.364027752970287e-07,4.221871208187622e-08,7.776605457365804e-07,0.0,-1.4186968044782589e-08,7.78652236022026e-07,7.771754906293893e-10,1.4988613128430472e-10,2.14475104343137e-10,3.228138112376655e-08,7.776605457365804e-07,2.968985199913732e-07,1.607102149137063e-07,4.320616309172465e-09,1.3618830507766688e-07,9.937332734466509e-09,0.0,0.0
4.306000118958764e-05,0.019570357108023018,0.0013557287338148427,1.1363949875623227e-06,0.0035991888318607276,1.1364373904143577e-06,1.0761580142570892e-06,1.6207077635499445e-07,3.873295906231533e-09,1.3642626583987294e-07,4.221877247800876e-08,7.776610004839313e-07,0.0,-1.4187256702768991e-08,7.787656954860722e-07,8.902343862082773e-10,9.517334836894875e-11,2.1447696396670324e-10,3.228138822919391e-08,7.776610004839313e-07,2.9739234719272645e-07,1.6118053736136062e-07,3.778283019784112e-09,1.362117956205111e-07,9.937384248814851e-09,0.0,0.0
4.306250411900692e-05,0.019570786389522254,0.000801279257286236,1.1364042471985656e-06,0.0041549659519722745,1.1364468264218885e-06,1.0755715038612834e-06,1.614583453601881e-07,4.468962977455249e-09,1.364538917414393e-07,4.221886129585073e-08,7.776592383379466e-07,0.0,-1.4187537367149616e-08,7.782741704431828e-07,4.004379883237874e-10,2.4542987087095014e-10,2.1448856579731057e-10,3.228141665090334e-08,7.776592383379466e-07,2.972973049963912e-07,1.6105789768516843e-07,4.221690108607845e-09,1.3623940731122275e-07,9.937443756768971e-09,0.0,0.0
4.3065007048426196e-05,0.01957121421582997,0.0004438375835817965,1.1364095741359725e-06,0.003763909252519295,1.1364517149559106e-06,1.0759949873317964e-06,1.6188558049634594e-07,4.04994748848253e-09,1.3645102114878682e-07,4.2218928797410626e-08,7.776583856866637e-07,0.0,-1.418788109219804e-08,7.7820345723012e-07,3.3058270010322133e-10,8.389898498162296e-11,2.1450137499545718e-10,3.228143796718541e-08,7.776583856866637e-07,2.9779150167996704e-07,1.615549933831062e-07,3.9694625364461444e-09,1.3623652250771556e-07,9.937490830225215e-09,0.0,0.0
4.306750633986667e-05,0.019571642042137682,0.0006888297490519335,1.1364144199848005e-06,0.003616613609984474,1.1364562624294194e-06,1.0761569910755497e-06,1.6206884367875318e-07,3.892044020403773e-09,1.3642923590850842e-07,4.2218996298970524e-08,7.776589541208523e-07,0.0,-1.4188136887582914e-08,7.782144280099601e-07,3.4097555334788865e-10,2.2233562213536118e-10,2.1450752285545605e-10,3.2281452178040126e-08,7.776589541208523e-07,2.9794259148729907e-07,1.6172786843071663e-07,3.666444259309287e-09,1.3621472305658244e-07,9.937545009108817e-09,0.0,0.0
4.307000199332833e-05,0.019572069868445396,0.0011860885756718176,1.1364224413786417e-06,0.004533416870166816,1.1364643341948977e-06,1.0751824675026e-06,1.6110178080452897e-07,4.874250336683872e-09,1.3641988516610581e-07,4.221908866952617e-08,7.776607731102558e-07,0.0,-1.418847528356082e-08,7.786244395902031e-07,7.491638975842818e-10,1.476569838620989e-10,2.1451124210258854e-10,3.2281487705176914e-08,7.776607731102558e-07,2.965579994906875e-07,1.6035262717650767e-07,4.726170566016208e-09,1.3620538652503456e-07,9.937600076170838e-09,0.0,0.0
4.3072501284768805e-05,0.019572496239561588,0.0012895504718528628,1.1364329967884815e-06,0.003801054785787749,1.1364753618181567e-06,1.0759774795587873e-06,1.6187577500659245e-07,4.089849348076768e-09,1.3644059038142586e-07,4.221914551294503e-08,7.77661114170769e-07,0.0,-1.4188817232252404e-08,7.787308504703105e-07,8.552182850785073e-10,9.176799597998553e-11,2.145198879643928e-10,3.228149481060427e-08,7.77661114170769e-07,2.9724662908847677e-07,1.6102055155897688e-07,4.000952902316612e-09,1.362260775294999e-07,9.937650702340761e-09,0.0,0.0
4.3075004214188084e-05,0.0195729240658693,0.0008393865953562063,1.1364421049413296e-06,0.003951497079327097,1.1364846841388498e-06,1.075825252883078e-06,1.6170039884855214e-07,4.251120344633819e-09,1.3646545937717747e-07,4.221920946179125e-08,7.776594088682032e-07,0.0,-1.418906592220992e-08,7.782807074363518e-07,4.0675032786374743e-10,1.7357024151287703e-10,2.14533377174142e-10,3.2281519679600024e-08,7.776594088682032e-07,2.975445738684357e-07,1.6129365576489363e-07,4.0745540275111125e-09,1.3625091810354206e-07,9.937692446726487e-09,0.0,0.0
4.307749986764975e-05,0.019573350436985493,0.0005064506537812985,1.1364478432026309e-06,0.00427138518029642,1.1364900274202228e-06,1.0754874892882071e-06,1.613697122593294e-07,4.593821323339853e-09,1.3645917817939335e-07,4.221928051606483e-08,7.776585562169203e-07,0.0,-1.418945050346565e-08,7.781574140608427e-07,2.842867885544109e-10,3.8721553741183357e-11,2.1454518717156645e-10,3.228153389045474e-08,7.776585562169203e-07,2.97330046805655e-07,1.6108542411075177e-07,4.5568584461364026e-09,1.3624462269490323e-07,9.937749290145348e-09,0.0,0.0
4.3080006435047835e-05,0.019573778263293207,0.0007415294749186785,1.1364531823899365e-06,0.003730128421337886,1.1364950296410825e-06,1.0760720670077717e-06,1.6197421359720465e-07,4.0138870005534955e-09,1.3643862928347517e-07,4.2219348017624725e-08,7.776591814945277e-07,0.0,-1.4189757813198867e-08,7.782245461385173e-07,3.508315860045741e-10,9.983418258752152e-11,2.1455232035449967e-10,3.2281540995882096e-08,7.776591814945277e-07,2.978474640258355e-07,1.6162337601599575e-07,3.913975810121428e-09,1.3622407379898505e-07,9.937806133564209e-09,0.0,0.0
4.30825020885095e-05,0.019574204634409398,0.0011118870948472193,1.1364610848228528e-06,0.004258562574046152,1.1365031014065607e-06,1.0755134098872077e-06,1.6141541436809348e-07,4.580141155230422e-09,1.364376345236451e-07,4.221939420290255e-08,7.776604320497427e-07,0.0,-1.4190050023898948e-08,7.784842068758735e-07,6.09217676306173e-10,5.290335183816275e-11,2.1455391630009757e-10,3.228155520673681e-08,7.776604320497427e-07,2.9702928827646247e-07,1.6080619502645277e-07,4.525930741294815e-09,1.3622307903915498e-07,9.937838996165738e-09,0.0,0.0
4.308500137994997e-05,0.01957463100552559,0.0011091914590380947,1.1364705548602746e-06,0.0037448329030748298,1.1365128784746048e-06,1.076073203876149e-06,1.6195727425838413e-07,4.029714339992552e-09,1.364554975680221e-07,4.221945459903509e-08,7.776604888931615e-07,0.0,-1.4190411512515766e-08,7.784788635945006e-07,6.0382854272234e-10,5.346802861572186e-11,2.1455551224569547e-10,3.228155520673681e-08,7.776604888931615e-07,2.975943971250672e-07,1.613534550415352e-07,3.979415463817304e-09,1.36240942083532e-07,9.937896727763018e-09,0.0,0.0
4.308750430936925e-05,0.01957505737664178,0.0008099752548909878,1.1364787376328144e-06,0.003785875853136893,1.1365210639269208e-06,1.0760371651485912e-06,1.6190921314773732e-07,4.073743120613926e-09,1.3646841523495823e-07,4.221950433702659e-08,7.776595225550409e-07,0.0,-1.41906655315438e-08,7.78251205701963e-07,3.7710454203754296e-10,6.81971562555006e-11,2.14563200540141e-10,3.228156586487785e-08,7.776595225550409e-07,2.977859594466281e-07,1.6153211390701472e-07,4.0022940517303596e-09,1.362538455396134e-07,9.937939360327164e-09,0.0,0.0
4.309000360080972e-05,0.01957548229256645,0.0006513187788286245,1.13648494690387e-06,0.004287397634125755,1.13652708932932e-06,1.0755053381217294e-06,1.6138294256506924e-07,4.611119042152723e-09,1.3646329932726076e-07,4.221956118044545e-08,7.776591246511089e-07,0.0,-1.4191003039343286e-08,7.781770250403497e-07,3.0334823541977585e-10,2.952565275604613e-11,2.145747468595971e-10,3.228156941759153e-08,7.776591246511089e-07,2.9732831308137975e-07,1.6107958344946383e-07,4.5828958405991216e-09,1.3624872963191592e-07,9.937992651032346e-09,0.0,0.0
4.3092506530229e-05,0.01957590866368264,0.0008429964486964536,1.136491318232385e-06,0.003752308818521978,1.136533228418557e-06,1.0760844588730833e-06,1.619753788872913e-07,4.037801204503921e-09,1.3644947216562286e-07,4.2219618023864314e-08,7.776596362418786e-07,0.0,-1.419131567814702e-08,7.782666671118932e-07,3.9247577410250756e-10,6.016324244351168e-11,2.145841559997308e-10,3.2281572970305206e-08,7.776596362418786e-07,2.9781779176119016e-07,1.6158290350176685e-07,3.977643547870002e-09,1.3623488825942331e-07,9.938045053559108e-09,0.0,0.0
4.309500218369067e-05,0.019576332124415785,0.0010754826725474231,1.136499442238137e-06,0.00429136936042281,1.1365415275577107e-06,1.0755147741292603e-06,1.6140678837928135e-07,4.615431148380367e-09,1.3644756791109103e-07,4.2219678419996853e-08,7.776604320497427e-07,0.0,-1.4191601671598164e-08,7.784581725900352e-07,5.831507499109989e-10,3.516156463212461e-11,2.1458818055819506e-10,3.228158007573256e-08,7.776604320497427e-07,2.970566015392251e-07,1.6082363174518832e-07,4.57890125815652e-09,1.3623298400489148e-07,9.93809834426429e-09,0.0,0.0
4.309750147513114e-05,0.019576757040340453,0.0010267518271831477,1.1365083749673003e-06,0.003929091102783136,1.1365506225047284e-06,1.0759116548797465e-06,1.617917888552256e-07,4.2273549105686925e-09,1.3645956187247066e-07,4.2219721052561e-08,7.776602615194861e-07,0.0,-1.419193917939765e-08,7.784232138874358e-07,5.483713483300789e-10,4.220009758304499e-11,2.1459449495164762e-10,3.228158007573256e-08,7.776602615194861e-07,2.974883841488918e-07,1.612434203934754e-07,4.1875005685199085e-09,1.362449779662711e-07,9.938140088650016e-09,0.0,0.0
4.310000440455042e-05,0.01957718195626512,0.0008221758379729494,1.1365162313553851e-06,0.003944704352123268,1.1365584668965312e-06,1.0759023325590533e-06,1.617759863847823e-07,4.244116613705273e-09,1.3646686625179427e-07,4.221977789597986e-08,7.776595225550409e-07,0.0,-1.419220829745882e-08,7.782535931255552e-07,3.794674574564283e-10,4.308980949829788e-11,2.1460018484464882e-10,3.228158362844624e-08,7.776595225550409e-07,2.9764876785520755e-07,1.6139651393132226e-07,4.198854597348145e-09,1.3625226813474e-07,9.938194267533618e-09,0.0,0.0
4.310250369599089e-05,0.01957760687218979,0.0008211693957008159,1.1365232141909803e-06,0.004001741472675099,1.1365651744199567e-06,1.0758475355032715e-06,1.617288774014014e-07,4.305263701098738e-09,1.3645933449879522e-07,4.221983473939872e-08,7.776593520247843e-07,0.0,-1.4192550246150404e-08,7.782379611853685e-07,3.6398375979906916e-10,2.9893969244465524e-11,2.1460010157792198e-10,3.228158718115992e-08,7.776593520247843e-07,2.976096311613219e-07,1.6136489477958094e-07,4.278592147244353e-09,1.3624473638174095e-07,9.938249334595639e-09,0.0,0.0
4.310500662541017e-05,0.01957803178811446,0.0010327928701854838,1.1365310919718855e-06,0.0030486953300709477,1.1365730188117595e-06,1.0768771971925162e-06,1.627652039815075e-07,3.2830704821407153e-09,1.364521295954546e-07,4.2219884477390224e-08,7.776599204589729e-07,0.0,-1.419285933224046e-08,7.783708042552462e-07,4.96293450780172e-10,3.5309349194490025e-11,2.1460135057882468e-10,3.22815907338736e-08,7.776599204589729e-07,2.985064213589794e-07,1.622689040914338e-07,3.247875968170888e-09,1.3623753147840034e-07,9.938296408051883e-09,0.0,0.0
4.3107502278871834e-05,0.019578455248847604,0.0011174080994571511,1.1365401972286757e-06,0.004073977724344105,1.1365823411324527e-06,1.075786485671415e-06,1.6166842442544294e-07,4.382730178775773e-09,1.3645789920246898e-07,4.2219941320809085e-08,7.776602046760672e-07,0.0,-1.4193137332085826e-08,7.784385047671094e-07,5.637045830120258e-10,2.2142912503575474e-11,2.14607609461126e-10,3.22815907338736e-08,7.776602046760672e-07,2.97348009326015e-07,1.6110472245145502e-07,4.356981886388667e-09,1.3624328687456e-07,9.938350586935485e-09,0.0,0.0
4.311000520829111e-05,0.01957887870958075,0.0009673498444514594,1.1365490253599493e-06,0.003812863632569857,1.1365913223926327e-06,1.0760749091787147e-06,1.6194456975426874e-07,4.102926887128433e-09,1.3647061791743909e-07,4.2219998164227945e-08,7.776597499287163e-07,0.0,-1.4193471287171633e-08,7.783061732880014e-07,4.318527480062784e-10,4.3830460094707036e-11,2.1461687982338162e-10,3.228159428658728e-08,7.776597499287163e-07,2.9776870746900386e-07,1.6151271609032847e-07,4.062190583908887e-09,1.362560055895301e-07,9.938404765819087e-09,0.0,0.0
4.311250086175278e-05,0.019579300715122372,0.0007941902255969163,1.1365564591566627e-06,0.004045809450708704,1.136598598350247e-06,1.0758323014670168e-06,1.6169639138752245e-07,4.352612492652952e-09,1.3647662910898362e-07,4.222005145493313e-08,7.776592383379466e-07,0.0,-1.4193723529842828e-08,7.781986255395168e-07,3.247789259752665e-10,2.8281980923861028e-11,2.1462102928193616e-10,3.228159783930096e-08,7.776592383379466e-07,2.9763361908408115e-07,1.6137161651386123e-07,4.320263258250634e-09,1.3626201678107464e-07,9.93845361563217e-09,0.0,0.0
4.311500015319325e-05,0.019579724175855517,0.0008493429658510965,1.1365634188743647e-06,0.004306364028042894,1.1366054195605102e-06,1.075559453056485e-06,1.6142971048793697e-07,4.631750538663937e-09,1.3647037633290893e-07,4.222010119292463e-08,7.776594088682032e-07,0.0,-1.4194059261285474e-08,7.782243187648419e-07,3.5028296929695557e-10,4.496011202226313e-11,2.1462120969317766e-10,3.228159783930096e-08,7.776594088682032e-07,2.973351911350619e-07,1.6107942713006196e-07,4.590331226239641e-09,1.3625574979414523e-07,9.938502465445254e-09,0.0,0.0
4.311750308261253e-05,0.019580147636588663,0.0010942166171352685,1.1365716490860238e-06,0.0035303960541316287,1.1366136050128262e-06,1.076399030353059e-06,1.6227595267537254e-07,3.800114889429551e-09,1.364628730016193e-07,4.222016869448453e-08,7.776602046760672e-07,0.0,-1.4194305286707731e-08,7.784082072248566e-07,5.333690156206217e-10,4.75805853050737e-11,2.1462302768338049e-10,3.2281604944728315e-08,7.776602046760672e-07,2.979908515499119e-07,1.6174259087620158e-07,3.751196686607727e-09,1.3624826067371032e-07,9.938562861577793e-09,0.0,0.0
4.3120002374053e-05,0.01958057109732181,0.001131441256934096,1.1365810738731746e-06,0.004548086801148923,1.1366232683940325e-06,1.0753178685263265e-06,1.6118701751111075e-07,4.8906390048841786e-09,1.3647050423060136e-07,4.2220204221621316e-08,7.776603752063238e-07,0.0,-1.4194592168337294e-08,7.784573199387523e-07,5.823228010903847e-10,3.738832854427443e-11,2.1462723265308625e-10,3.2281604944728315e-08,7.776603752063238e-07,2.968605770092836e-07,1.6060469931744592e-07,4.851574697539718e-09,1.3625587769183767e-07,9.938599276893001e-09,0.0,0.0
4.3122501665493473e-05,0.019580991647671908,0.0007967670246977199,1.1365891829598537e-06,0.0037322183387606253,1.1366316812200239e-06,1.0761998510133708e-06,1.6205254382839485e-07,4.016612820123555e-09,1.364880120036105e-07,4.22202575123265e-08,7.776592951813655e-07,0.0,-1.4194905695319449e-08,7.782091984154249e-07,3.3524788500827185e-10,8.368502418809598e-11,2.146326311125435e-10,3.228161560286935e-08,7.776592951813655e-07,2.979906810196553e-07,1.6171729555480852e-07,3.937053350000497e-09,1.3627337125399208e-07,9.938641909457147e-09,0.0,0.0
4.312500459491275e-05,0.019581415108405054,0.000531504774272662,1.1365948076693519e-06,0.00397304828294799,1.1366370245013968e-06,1.0759467841126025e-06,1.6179903639113036e-07,4.2747885231619875e-09,1.3648912045027828e-07,4.222031080303168e-08,7.776586130603391e-07,0.0,-1.4195132180816472e-08,7.7809767162762e-07,2.2443290281781714e-10,2.839753258931932e-11,2.1463507360319767e-10,3.228162270829671e-08,7.776586130603391e-07,2.9784908406327304e-07,1.6157460436261317e-07,4.241560880302586e-09,1.3627447970065987e-07,9.93868898291339e-09,0.0,0.0
4.3127503886353225e-05,0.019581837113946676,0.0007552832942110399,1.13660023798631e-06,0.004368890809401128,1.1366420267222566e-06,1.0755273933682474e-06,1.6139689762439957e-07,4.698861744145688e-09,1.3647144214701257e-07,4.2220356988309504e-08,7.776590109642711e-07,0.0,-1.4195478570400155e-08,7.781782187521458e-07,3.045486363095762e-10,8.072723739482868e-11,2.1464466315457287e-10,3.228162626101039e-08,7.776590109642711e-07,2.9734914619439223e-07,1.6109234479699808e-07,4.622139115895152e-09,1.3625680139739416e-07,9.938729839120697e-09,0.0,0.0
4.3130003177793697e-05,0.019582257664296776,0.0011360213797730334,1.1366081918747377e-06,0.003298686916806952,1.1366502121745725e-06,1.076682451639499e-06,1.6255724233360525e-07,3.551638316778849e-09,1.3646499041897187e-07,4.2220413831728365e-08,7.776602046760672e-07,0.0,-1.4195721931287153e-08,7.784580589031975e-07,5.832301308572596e-10,5.7761777999543185e-11,2.146596372876175e-10,3.22816404718651e-08,7.776602046760672e-07,2.9822433589288266e-07,1.6197401464523864e-07,3.4929044101517093e-09,1.3625032124764402e-07,9.938773359863262e-09,0.0,0.0
4.313249883125536e-05,0.019582678214646876,0.0010842582119696687,1.136617529268334e-06,0.004849101507492332,1.1366598755557789e-06,1.0750304682005662e-06,1.608880069170482e-07,5.212931863951553e-09,1.3648234187257913e-07,4.222046712243355e-08,7.776601478326484e-07,0.0,-1.4195986608456224e-08,7.78447656557546e-07,5.728502117108292e-10,5.428701932430613e-11,2.1467071176228814e-10,3.228164402457878e-08,7.776601478326484e-07,2.965828400647297e-07,1.603151673634784e-07,5.154069615542767e-09,1.3626767270125129e-07,9.938822209676346e-09,0.0,0.0
4.313500176067464e-05,0.0195831002201885,0.0007510370414962608,1.1366252743160088e-06,0.0039563531296710535,1.136667606260744e-06,1.0759937367765815e-06,1.6183588513740688e-07,4.25701118800248e-09,1.364988690966129e-07,4.2220527518566087e-08,7.776589541208523e-07,0.0,-1.4196345432537782e-08,7.781730460010294e-07,2.9938312939847833e-10,9.044283377779294e-11,2.146818556258978e-10,3.22816582354335e-08,7.776589541208523e-07,2.9782069077555207e-07,1.61536490850267e-07,4.1741130551997685e-09,1.3628418571443035e-07,9.93886928313259e-09,0.0,0.0
4.313750469009392e-05,0.0195835207705386,0.0006720070741508266,1.1366312589330192e-06,0.0036480087312148078,1.13667329060263e-06,1.0763297950688866e-06,1.6217578036048508e-07,3.926460490077943e-09,1.3649537322635297e-07,4.2220566598416553e-08,7.776586130603391e-07,0.0,-1.419652839729224e-08,7.781368367432151e-07,2.6356730686849517e-10,3.694415953714447e-11,2.1469083455460947e-10,3.2281665340860854e-08,7.776586130603391e-07,2.9819290148225264e-07,1.6191221163808223e-07,3.883504628987566e-09,1.362806756333157e-07,9.938904810269378e-09,0.0,0.0
4.314000398153439e-05,0.019583941320888698,0.0009735207663084111,1.1366381792061133e-06,0.0046945618790106254,1.1366799981260556e-06,1.0752148682513507e-06,1.6107411227039847e-07,5.047662732238223e-09,1.3648133290189435e-07,4.222062699454909e-08,7.776594088682032e-07,0.0,-1.4196865016913307e-08,7.782924171806371e-07,4.183024204795771e-10,1.3131210008232586e-10,2.1470183964034106e-10,3.228167599900189e-08,7.776594088682032e-07,2.9692242264900415e-07,1.6065580155100179e-07,4.919054052976435e-09,1.3626663530885708e-07,9.938950107368782e-09,0.0,0.0
4.3142499634996057e-05,0.019584361871238798,0.001349407725975027,1.1366479482900202e-06,0.0032814076342281436,1.1366898888809374e-06,1.076738840311009e-06,1.6259997437373386e-07,3.533219050666503e-09,1.364780217727457e-07,4.2220683837967954e-08,7.776608299536747e-07,0.0,-1.4197141240401834e-08,7.786938454046322e-07,8.182707844639481e-10,5.232955388456695e-11,2.1471549538354395e-10,3.2281693762570285e-08,7.776608299536747e-07,2.980449949063768e-07,1.617816991483778e-07,3.482455657177752e-09,1.3626330996885372e-07,9.938990075397669e-09,0.0,0.0
4.3145002564415336e-05,0.019584782421588898,0.0013254742543065134,1.136659197515553e-06,0.004620832015964998,1.136701484938385e-06,1.0753145716080326e-06,1.611574305115937e-07,4.968847999720083e-09,1.3649673746840563e-07,4.222072291781842e-08,7.776603752063238e-07,0.0,-1.4197393483073029e-08,7.785970410623122e-07,7.21922743807113e-10,1.1282857981242955e-10,2.1472698619184882e-10,3.2281697315283964e-08,7.776603752063238e-07,2.9671753054572036e-07,1.6043550488120673e-07,4.8498871585422876e-09,1.3628201145365892e-07,9.939025602534457e-09,0.0,0.0
4.3147505493834615e-05,0.019585201516747475,0.0008253513998601747,1.1366682115217389e-06,0.004274028463201404,1.1367106935722404e-06,1.075694626706536e-06,1.615163967016997e-07,4.597549452256544e-09,1.3651946062509523e-07,4.2220801077519354e-08,7.776587835905957e-07,0.0,-1.4197757636225106e-08,7.782077204865345e-07,3.3422603573640686e-10,1.442113373162357e-10,2.1474112765762499e-10,3.2281725736993394e-08,7.776587835905957e-07,2.9748687779829197e-07,1.6118217160965287e-07,4.460447566856374e-09,1.3630472039949382e-07,9.93907800506122e-09,0.0,0.0
4.315000114729628e-05,0.01958562061190605,0.0005027731883743176,1.136673777627588e-06,0.0035814541252278745,1.1367159231667756e-06,1.0764418902908801e-06,1.6226969989929785e-07,3.8552272485503636e-09,1.3651397523517517e-07,4.2220854368224536e-08,7.776582151564071e-07,0.0,-1.4197939712801144e-08,7.780994906170235e-07,2.2651437669996e-10,5.487468465736889e-11,2.1475399236692283e-10,3.228173284242075e-08,7.776582151564071e-07,2.9834239967385656e-07,1.6204317887513753e-07,3.795424863284325e-09,1.3629922079871903e-07,9.939120637625365e-09,0.0,0.0
4.315250407671556e-05,0.01958604116225615,0.0008483432336760521,1.1366794597524312e-06,0.005053511179067628,1.1367211527613108e-06,1.074870056072541e-06,1.6072179676029918e-07,5.431867844407634e-09,1.3648934782395372e-07,4.2220921869784434e-08,7.776589541208523e-07,0.0,-1.4198252351604879e-08,7.782216471241554e-07,3.479268817496717e-10,1.5279215392904888e-10,2.147633737514809e-10,3.228174705327547e-08,7.776589541208523e-07,2.966484657918045e-07,1.603738724043069e-07,5.279090498078176e-09,1.3627457917664287e-07,9.939175704687386e-09,0.0,0.0
4.315500336815603e-05,0.01958646025741473,0.0013166057027754752,1.1366885329486095e-06,0.003730056591033972,1.136730475082004e-06,1.0762962574517587e-06,1.6214853815199604e-07,4.014645949013129e-09,1.3648731567172945e-07,4.222099292405801e-08,7.776604320497427e-07,0.0,-1.419854367412654e-08,7.786277933519159e-07,7.525429168708797e-10,6.697299659297329e-11,2.1477264411373653e-10,3.228176481684386e-08,7.776604320497427e-07,2.976685209432617e-07,1.613959881296978e-07,3.95158528121442e-09,1.3627253281356388e-07,9.93922544267889e-09,0.0,0.0
4.31575026595965e-05,0.019586877897381783,0.0011919252231118727,1.136699009576342e-06,0.0043297931481086314,1.1367413890184253e-06,1.0756642723208643e-06,1.614924656223593e-07,4.6574037959601355e-09,1.3651160202243773e-07,4.2221039109335834e-08,7.776601478326484e-07,0.0,-1.4198757725125688e-08,7.785354796396859e-07,6.605745950238884e-10,8.419909908186085e-11,2.1478478717806837e-10,3.228176836955754e-08,7.776601478326484e-07,2.9712870741605e-07,1.6083188825177785e-07,4.568145861583162e-09,1.3629681916427216e-07,9.939268963421455e-09,0.0,0.0
4.3160001951036975e-05,0.019587295537348837,0.0007482574744477333,1.1367071125547208e-06,0.004395352665157468,1.1367494607839035e-06,1.0756016308732796e-06,1.6141537173552933e-07,4.727648494906589e-09,1.3652758923399233e-07,4.222110661089573e-08,7.77658669903758e-07,0.0,-1.4199089903854656e-08,7.781739554957312e-07,3.0044941534690395e-10,1.1129167726275924e-10,2.1479890088826892e-10,3.228178968583961e-08,7.77658669903758e-07,2.9742770379925787e-07,1.6111491163428582e-07,4.6212549342783404e-09,1.3631279216497205e-07,9.939316925056119e-09,0.0,0.0
4.316250124247745e-05,0.019587714632507414,0.0006441087893162001,1.1367129478943219e-06,0.0033700621761363287,1.1367550314389518e-06,1.0767059848149074e-06,1.6252873535904655e-07,3.628566114244336e-09,1.3651890640176134e-07,4.2221152796173556e-08,7.776583288432448e-07,0.0,-1.4199325271135876e-08,7.781378599247546e-07,2.647606300865135e-10,3.7998593854782214e-11,2.1481284806501577e-10,3.228179679126697e-08,7.776583288432448e-07,2.9856806804673397e-07,1.6226397292484762e-07,3.5899272443629116e-09,1.3630408091103163e-07,9.939357781263425e-09,0.0,0.0
4.316500053391792e-05,0.019588132272474468,0.0009334524948851342,1.1367195364207494e-06,0.004115924674713943,1.1367613979018643e-06,1.075912223313935e-06,1.6174985262296104e-07,4.428373667764163e-09,1.365033597267029e-07,4.222120608687874e-08,7.776590109642711e-07,0.0,-1.4199598830089144e-08,7.782633133501804e-07,3.8947550740076053e-10,1.0560426838557291e-10,2.1482772505354575e-10,3.2281807449408007e-08,7.776590109642711e-07,2.976489099637547e-07,1.613603757277815e-07,4.321690116881882e-09,1.362885200251185e-07,9.93940041382757e-09,0.0,0.0
4.31675034633372e-05,0.019588551367633045,0.0011949401045516783,1.1367284564110892e-06,0.003583081880334885,1.136770492848882e-06,1.076492139873153e-06,1.6232718280662084e-07,3.857159480702421e-09,1.3650496555328573e-07,4.222125937758392e-08,7.776600341458106e-07,0.0,-1.4199891040789225e-08,7.785138791405188e-07,6.390059037464368e-10,3.142632334918183e-11,2.1484516943282017e-10,3.228181810754904e-08,7.776600341458106e-07,2.9797828915434366e-07,1.6168817751349707e-07,3.8279224234827325e-09,1.362901116408466e-07,9.939443046391716e-09,0.0,0.0
4.317000639275648e-05,0.019588967552408576,0.0010832720673806806,1.1367379379833031e-06,0.0038445347011347966,1.136780269916926e-06,1.0762212241388625e-06,1.620386740341928e-07,4.1375698422996265e-09,1.3652305597133818e-07,4.222131977371646e-08,7.776595225550409e-07,0.0,-1.4200140618925161e-08,7.783877435940667e-07,5.13337983232276e-10,6.578815964219942e-11,2.148638628129973e-10,3.228182166026272e-08,7.776595225550409e-07,2.978335373882146e-07,1.6152533532931557e-07,4.0690033564771966e-09,1.3630818784804433e-07,9.939497225275318e-09,0.0,0.0
4.317250204621814e-05,0.01958938519237563,0.0007562359668500385,1.1367456205040513e-06,0.003963528007389796,1.1367878869350534e-06,1.076100943464553e-06,1.619086447135487e-07,4.26515622820034e-09,1.3653378516664816e-07,4.222137661713532e-08,7.776585562169203e-07,0.0,-1.4200447040479958e-08,7.781683848406828e-07,2.949853417089088e-10,4.101026809810726e-11,2.148794892020689e-10,3.228183231840376e-08,7.776585562169203e-07,2.9793255862387014e-07,1.6161365579137055e-07,4.226388572448059e-09,1.363189028324996e-07,9.939542522374722e-09,0.0,0.0
4.3175001337658614e-05,0.01958980137715116,0.0007161897201819478,1.1367517485155917e-06,0.0036157469516767257,1.136793798650615e-06,1.0764792932604905e-06,1.6229753896368493e-07,3.892276723149735e-09,1.365233543992872e-07,4.2221422802413144e-08,7.776584425300825e-07,0.0,-1.4200702835864831e-08,7.78146670654678e-07,2.7333621477332315e-10,2.8035450697072584e-11,2.1488850976414398e-10,3.228183587111744e-08,7.776584425300825e-07,2.9833267944923136e-07,1.6202420738409273e-07,3.862962838496742e-09,1.3630847206513863e-07,9.939588707652547e-09,0.0,0.0
4.317750426707789e-05,0.019590219017118216,0.0010593034121058054,1.1367591636845244e-06,0.0040511657438318345,1.1368009609213914e-06,1.0760194300019066e-06,1.618509628542597e-07,4.35913305452118e-09,1.3650908670115314e-07,4.2221483198545684e-08,7.776593520247843e-07,0.0,-1.4200981723888617e-08,7.783458499943663e-07,4.715914325714721e-10,6.383686634858776e-11,2.1489267310048632e-10,3.2281846529258473e-08,7.776593520247843e-07,2.9767355158583086e-07,1.6137937564053573e-07,4.2957761792195015e-09,1.3629419015614985e-07,9.93963666928721e-09,0.0,0.0
4.3180003558518365e-05,0.019590635201893747,0.0013238225165075335,1.1367690818918211e-06,0.0032384688485746138,1.1368111927367863e-06,1.0769008440547623e-06,1.6272787206617068e-07,3.4875098364750556e-09,1.365127957342338e-07,4.222151872568247e-08,7.776602046760672e-07,0.0,-1.4201265940982921e-08,7.785810680616123e-07,7.059657303187805e-10,1.2358528263256563e-11,2.148958233583187e-10,3.228185008197215e-08,7.776602046760672e-07,2.983198044148594e-07,1.6202190522562887e-07,3.478368704179502e-09,1.3629791340008524e-07,9.93966864371032e-09,0.0,0.0
4.318250284995884e-05,0.019591051386669278,0.0011467051649134419,1.1367793638519064e-06,0.0031036018661934218,1.1368217656126944e-06,1.0770559129014146e-06,1.6286364257211972e-07,3.34275274127549e-09,1.3653283303938224e-07,4.2221572016387654e-08,7.77659465711622e-07,0.0,-1.420150574915624e-08,7.783933710925339e-07,5.189761953516836e-10,6.298653265623955e-11,2.149066896661722e-10,3.228185718739951e-08,7.77659465711622e-07,2.986625986522995e-07,1.6234466215792054e-07,3.278062488121236e-09,1.3631792228352424e-07,9.939715717166564e-09,0.0,0.0
4.318500214139931e-05,0.019591466116253287,0.0007949619481379955,1.1367874165198471e-06,0.003444715577855078,1.136829723691335e-06,1.0766974583020783e-06,1.6249734358098067e-07,3.7089165072501373e-09,1.365415727150321e-07,4.222162175437916e-08,7.776584993735014e-07,0.0,-1.4201785525358446e-08,7.781725344102597e-07,2.990848679829128e-10,2.4075619969865514e-11,2.149199984646799e-10,3.2281867845540546e-08,7.776584993735014e-07,2.985248954701092e-07,1.621982477217898e-07,3.684565319517219e-09,1.3632664774831937e-07,9.939753908838611e-09,0.0,0.0
4.318750143283978e-05,0.019591882301028818,0.0008546485889718292,1.1367942819477583e-06,0.0035473242365532762,1.136836203841085e-06,1.076593434845563e-06,1.624120216092706e-07,3.819025984341806e-09,1.3652281438680802e-07,4.22216643869433e-08,7.776586130603391e-07,0.0,-1.4202059084311713e-08,7.782028319525125e-07,3.2926220083773217e-10,3.980022561522745e-11,2.149258687689226e-10,3.2281871398254225e-08,7.776586130603391e-07,2.9839063131475996e-07,1.6208275610551937e-07,3.778360735395836e-09,1.363078752092406e-07,9.939793876867498e-09,0.0,0.0
4.319000072428025e-05,0.019592297030612826,0.0012165068331069229,1.1368028716420245e-06,0.0037688876065598773,1.136844844040752e-06,1.0763641284938785e-06,1.621950644903336e-07,4.056695424026202e-09,1.365093282856833e-07,4.222172833578952e-08,7.776596930852975e-07,0.0,-1.420233441962182e-08,7.784649369568797e-07,5.903134647766706e-10,4.6741322617949166e-11,2.1492571611325673e-10,3.228188205639526e-08,7.776596930852975e-07,2.978991631152894e-07,1.6160475979631883e-07,4.009706788821177e-09,1.3629440331897058e-07,9.93984539121584e-09,0.0,0.0
4.3192500015720725e-05,0.019592713215388358,0.001199879630132239,1.1368129282746025e-06,0.0038331590400665196,1.1368553032298223e-06,1.0763052387119387e-06,1.6212038644880522e-07,4.125649155639621e-09,1.3652498864757945e-07,4.2221774521067346e-08,7.776598636155541e-07,0.0,-1.4202595544077212e-08,7.784933586663101e-07,6.185656986623655e-10,3.663379669061051e-11,2.1493076762801877e-10,3.228188560910894e-08,7.776598636155541e-07,2.9781188004562864e-07,1.615018163647619e-07,4.088606342378398e-09,1.3631006368086673e-07,9.939888911958406e-09,0.0,0.0
4.319500658311881e-05,0.019593127944972366,0.0007982021484740365,1.136821214910851e-06,0.0037182458083093984,1.136863602368976e-06,1.0764364333226695e-06,1.622349685703739e-07,4.002455256113535e-09,1.3654278063768288e-07,4.2221831364486206e-08,7.776587267471768e-07,0.0,-1.4202893972026231e-08,7.781966360198567e-07,3.229931322401569e-10,9.294764263811928e-11,2.1494098167984532e-10,3.2281896267249977e-08,7.776587267471768e-07,2.9823982572452223e-07,1.6191197005355207e-07,3.9108449811919854e-09,1.3632784146011545e-07,9.93993332087939e-09,0.0,0.0
4.3197502236580476e-05,0.019593542674556375,0.0005821833958060685,1.1368269397780767e-06,0.003534970162749312,1.1368690593371866e-06,1.0766381137727876e-06,1.6244200651271967e-07,3.8058836082655034e-09,1.365379489470797e-07,4.222188465519139e-08,7.776582151564071e-07,0.0,-1.4203158649195302e-08,7.781216595503793e-07,2.484923655732274e-10,2.2755183154421488e-11,2.1495007163085944e-10,3.228190692539101e-08,7.776582151564071e-07,2.985165110658272e-07,1.6219351550716965e-07,3.782474333746677e-09,1.3632299555865757e-07,9.939977729800376e-09,0.0,0.0
4.320000152802095e-05,0.019593957404140383,0.0007693839185045626,1.136832545127577e-06,0.0037253628019855824,1.1368744026185595e-06,1.0764389344330993e-06,1.6226019283749338e-07,4.0101255649460654e-09,1.3652002905928384e-07,4.222193084046921e-08,7.776587267471768e-07,0.0,-1.420343309632699e-08,7.781862336742051e-07,3.125150971339252e-10,9.56046283806522e-11,2.1495630275758515e-10,3.228191403081837e-08,7.776587267471768e-07,2.9825272918060364e-07,1.6194768193145137e-07,3.914868873522437e-09,1.3630506146000698e-07,9.940018586007682e-09,0.0,0.0
4.320250081946142e-05,0.01959437067853287,0.001103617134642576,1.1368402857613007e-06,0.003611959368924303,1.1368822470103623e-06,1.076568082680751e-06,1.6239452804711618e-07,3.888520172523613e-09,1.3651359154209786e-07,4.2221980578460716e-08,7.776599204589729e-07,0.0,-1.4203691556247122e-08,7.784666422594455e-07,5.917158985013771e-10,4.6748445392541527e-11,2.1496318614033783e-10,3.2281928241673086e-08,7.776599204589729e-07,2.981014404213056e-07,1.6180280226762989e-07,3.8406406943636284e-09,1.362986381536757e-07,9.94005322496605e-09,0.0,0.0
4.320500011090189e-05,0.019594783952925354,0.001137885142629358,1.1368495493162196e-06,0.0043934635885797815,1.136891796704731e-06,1.0757396466942737e-06,1.6154851323335606e-07,4.72622296854297e-09,1.3653126984536357e-07,4.222203031645222e-08,7.776598636155541e-07,0.0,-1.4203957121594613e-08,7.784466902194254e-07,5.718897022610747e-10,6.936613783370404e-11,2.1497055524566377e-10,3.2281931794386765e-08,7.776598636155541e-07,2.972929280531389e-07,1.609766258070522e-07,4.654495011635618e-09,1.363163022460867e-07,9.940099410243874e-09,0.0,0.0
4.320750304032117e-05,0.019595198682509363,0.0008007329536766222,1.1368575893389858e-06,0.004031465777138399,1.136899982157047e-06,1.0761351632027072e-06,1.6192447560570145e-07,4.33840208202696e-09,1.3655203190410248e-07,4.222209071258476e-08,7.776587267471768e-07,0.0,-1.4204275089468865e-08,7.781828230690735e-07,3.0914876214538367e-10,7.682906394412825e-11,2.1497749413956768e-10,3.228194600524148e-08,7.776587267471768e-07,2.9795236855534313e-07,1.6161533267222694e-07,4.265749531384699e-09,1.363370500939709e-07,9.940145595521699e-09,0.0,0.0
4.321000233176164e-05,0.019595610501710325,0.000663980041294504,1.1368636213083381e-06,0.0034828348821213115,1.136905666498933e-06,1.0767289495561272e-06,1.625264332005827e-07,3.750069144103918e-09,1.3654407382546196e-07,4.222213689786258e-08,7.776584425300825e-07,0.0,-1.4204515785820604e-08,7.781122235428484e-07,2.387761377509179e-10,4.2848433134956565e-11,2.1498493263383267e-10,3.228194955795516e-08,7.776584425300825e-07,2.9861675443498825e-07,1.6228766241965786e-07,3.705161288891645e-09,1.363290920153304e-07,9.940187339907425e-09,0.0,0.0
4.3212501623202115e-05,0.019596025231294334,0.0010412007137290402,1.13687069319739e-06,0.0044372602102448035,1.1369124877091963e-06,1.0757122481663828e-06,1.6153062176726962e-07,4.773215156461674e-09,1.3652224595261941e-07,4.22222008467088e-08,7.776594088682032e-07,0.0,-1.4204799114736488e-08,7.783171440678416e-07,4.427488931035839e-10,8.691783404124465e-11,2.1499187152773658e-10,3.2281960216096195e-08,7.776594088682032e-07,2.9739513252025063e-07,1.610878683777628e-07,4.684973298196837e-09,1.3630724993163312e-07,9.940242406969446e-09,0.0,0.0
4.321500091464259e-05,0.019596437050495297,0.0012939048738651593,1.1368803096105624e-06,0.003590537449421249,1.1369224921509158e-06,1.0766294735731208e-06,1.6244030121015385e-07,3.865678444014975e-09,1.3652899610860914e-07,4.222226124284134e-08,7.776601478326484e-07,0.0,-1.4205114418075482e-08,7.785241677993326e-07,6.490147308468863e-10,3.354168678915137e-11,2.1500216884628998e-10,3.228196732152355e-08,7.776601478326484e-07,2.981052773520787e-07,1.6179127726445586e-07,3.836826412140226e-09,1.3631400008762284e-07,9.940295697674628e-09,0.0,0.0
4.321750020608306e-05,0.019596850324887782,0.0009371575795320553,1.1368895300203627e-06,0.003575026203465338,1.1369320418452844e-06,1.0766552804852836e-06,1.6244116807229148e-07,3.849070839834212e-09,1.3655497355102852e-07,4.222230387540549e-08,7.776591814945277e-07,0.0,-1.4205337350858827e-08,7.782375064380176e-07,3.63352653520721e-10,9.575178844256627e-11,2.1500920488470854e-10,3.228197442695091e-08,7.776591814945277e-07,2.98417774047266e-07,1.620778249389332e-07,3.7485099468881344e-09,1.3633996331918752e-07,9.940328560276157e-09,0.0,0.0
4.322000313550234e-05,0.019597262144088745,0.0006074494650160633,1.1368958910087516e-06,0.0046015267956774596,1.1369380672476836e-06,1.0755608172985376e-06,1.6134575275827956e-07,4.949221921179969e-09,1.3655666464273963e-07,4.222235361339699e-08,7.776583856866637e-07,0.0,-1.4205665976874116e-08,7.780677719892992e-07,1.9439533316401025e-10,3.221037672695992e-11,2.150126882094483e-10,3.2281985085091947e-08,7.776583856866637e-07,2.9749301688752894e-07,1.611513624766303e-07,4.91770713040296e-09,1.3634165441089863e-07,9.940369416483463e-09,0.0,0.0
4.322250242694281e-05,0.019597673963289708,0.0008725506283376872,1.1369019859333104e-06,0.0035734759477933095,1.1369437515895697e-06,1.0766680134111084e-06,1.624725030069385e-07,3.847447249683e-09,1.3653658470502705e-07,4.2222403351388493e-08,7.776588972774334e-07,0.0,-1.4205961740287876e-08,7.781714543853013e-07,2.9750815699891575e-10,8.934514239555824e-11,2.1502132019346476e-10,3.2281988637805625e-08,7.776588972774334e-07,2.9849655902580707e-07,1.6217498455262103e-07,3.760983080525193e-09,1.3632157447318605e-07,9.94041116086919e-09,0.0,0.0
4.322500171838328e-05,0.01959808578249067,0.001238487525274834,1.1369106795937667e-06,0.003905321651486356,1.1369527328497497e-06,1.0763207001218689e-06,1.621287850639419e-07,4.203378534128888e-09,1.3653155406245787e-07,4.2222456642093675e-08,7.776603183629049e-07,0.0,-1.4206194443033837e-08,7.784960871504154e-07,6.207541702885067e-10,7.011267261214371e-11,2.1503220037910609e-10,3.22820099540877e-08,7.776603183629049e-07,2.978245561280346e-07,1.6150802650827245e-07,4.130087383202863e-09,1.3631652961976215e-07,9.940445799827557e-09,0.0,0.0
4.3227501009823754e-05,0.019598497601691633,0.001210946511228883,1.1369207668334438e-06,0.003956788529472688,1.1369630783519824e-06,1.0762754527604557e-06,1.6207042108362657e-07,4.258594366035595e-09,1.3654445751853928e-07,4.22225028273715e-08,7.776605457365804e-07,0.0,-1.420651329908651e-08,7.785410502947343e-07,6.65465071936211e-10,3.3535126064965226e-11,2.1504119318560555e-10,3.228201350680138e-08,7.776605457365804e-07,2.9773437404401193e-07,1.614049551790231e-07,4.228125849436992e-09,1.3632941886498884e-07,9.940488432391703e-09,0.0,0.0
4.3230003939243034e-05,0.019598909420892596,0.0009526512727688896,1.1369296769445499e-06,0.003289265203409697,1.1369720596121624e-06,1.0770000926640932e-06,1.6278430337024474e-07,3.5425389288690212e-09,1.3655660779932077e-07,4.222255967079036e-08,7.776592383379466e-07,0.0,-1.4206761989044026e-08,7.78217724928254e-07,3.4346783750471843e-10,9.825841529309542e-11,2.1504652225612375e-10,3.228203127036977e-08,7.776592383379466e-07,2.9878239615754865e-07,1.6244084122263303e-07,3.4440774676625097e-09,1.3634155493491562e-07,9.94052928859901e-09,0.0,0.0
4.32324995927047e-05,0.019599319784902036,0.0007036421237778256,1.13693647377654e-06,0.003869848902948689,1.136978767135588e-06,1.0763836826299666e-06,1.6216591802731273e-07,4.165442213377446e-09,1.365591657531695e-07,4.2222609408781864e-08,7.776585562169203e-07,0.0,-1.4207030218926775e-08,7.781014801366837e-07,2.278763150398433e-10,9.619001775651448e-12,2.1505384972808628e-10,3.228204192851081e-08,7.776585562169203e-07,2.982821456498641e-07,1.6193804697195446e-07,4.153639654447261e-09,1.3634411288876436e-07,9.940568368449476e-09,0.0,0.0
4.323500252212398e-05,0.019599730148911476,0.0007679092709027557,1.1369425124938443e-06,0.004059573824883172,1.136984451477474e-06,1.0761856401586556e-06,1.6198328012251295e-07,4.368855055503218e-09,1.3654337749358092e-07,4.2222662699487046e-08,7.776589541208523e-07,0.0,-1.4207324205983696e-08,7.78126661771239e-07,2.5262184011332067e-10,7.133851148699577e-11,2.150608163775658e-10,3.2282049033938165e-08,7.776589541208523e-07,2.9805894996570714e-07,1.617306537582408e-07,4.298079225861784e-09,1.3632831041832105e-07,9.94061366554888e-09,0.0,0.0
4.323750545154326e-05,0.01960014196811244,0.0011907649975835266,1.1369505786905662e-06,0.003672588482562465,1.1369924095561146e-06,1.0766081004476291e-06,1.6241929756688478e-07,3.953938509937416e-09,1.3652856978296768e-07,4.222273020104694e-08,7.776602615194861e-07,0.0,-1.4207613752148518e-08,7.78467665440985e-07,5.923231349846958e-10,3.489960404001735e-11,2.150686434498894e-10,3.228206324479288e-08,7.776602615194861e-07,2.9814049185006297e-07,1.6182697493150044e-07,3.920938240753458e-09,1.363135027077078e-07,9.940667844432483e-09,0.0,0.0
4.324000474298373e-05,0.01960055233212188,0.0012631791872792508,1.1369606487943126e-06,0.0033223379824499086,1.1370029824320227e-06,1.0769941809485317e-06,1.627876287102481e-07,3.5781386742428367e-09,1.3654627650794282e-07,4.222277283361109e-08,7.776602615194861e-07,0.0,-1.4207888199280205e-08,7.784963145240908e-07,6.209638914178583e-10,4.451840285302211e-11,2.1507870484605007e-10,3.228206679750656e-08,7.776602615194861e-07,2.9849786642444087e-07,1.6216665699175792e-07,3.53380547046811e-09,1.3633119522182824e-07,9.94070603610453e-09,0.0,0.0
4.3242500396445394e-05,0.019600961240939796,0.0007762851880924737,1.1369689883439818e-06,0.003472883528617845,1.1370115089448518e-06,1.0768408174044453e-06,1.626134746857133e-07,3.7397427377072745e-09,1.3656838859787968e-07,4.222282967702995e-08,7.776588972774334e-07,0.0,-1.4208158205519794e-08,7.781392810102261e-07,2.653113284623032e-10,7.774851595865329e-11,2.1508890502008882e-10,3.228208456107495e-08,7.776588972774334e-07,2.987014795508003e-07,1.623481722390352e-07,3.6612513021339055e-09,1.363533073117651e-07,9.940745115954996e-09,0.0,0.0
4.324500332586467e-05,0.019601371604949236,0.0005703247518464849,1.1369745143465228e-06,0.0036335797331423125,1.1370165111657116e-06,1.0766730156319682e-06,1.6245732581410266e-07,3.912177248821536e-09,1.3655723307692824e-07,4.222288296773513e-08,7.776584425300825e-07,0.0,-1.420843886990042e-08,7.780551527503121e-07,1.816063827098091e-10,2.1908518402224963e-11,2.1509576064726588e-10,3.228208811378863e-08,7.776584425300825e-07,2.9861786288165604e-07,1.622757253016971e-07,3.889788047217735e-09,1.3634213757995894e-07,9.94079307758966e-09,0.0,0.0
4.3247502617305145e-05,0.019601780513767153,0.0009986943475936982,1.1369809302039752e-06,0.0038093857024605474,1.1370226502549485e-06,1.0764903208837495e-06,1.6229576260684553e-07,4.100766837211722e-09,1.3653509256528196e-07,4.22229220475856e-08,7.77659465711622e-07,0.0,-1.4208710652496848e-08,7.782646207488142e-07,3.9006545216047073e-10,1.0145218692914071e-10,2.1509767578198336e-10,3.228210232464335e-08,7.77659465711622e-07,2.982257001349353e-07,1.6190568885576795e-07,3.998545938799225e-09,1.3631999706831266e-07,9.94082238747751e-09,0.0,0.0
4.325000190874562e-05,0.01960218942258507,0.001332934009170117,1.136990464437927e-06,0.003914785331334037,1.1370325410098303e-06,1.0763867521745851e-06,1.621870069357101e-07,4.213823068255351e-09,1.3653907160460221e-07,4.222298244371814e-08,7.77660716266837e-07,0.0,-1.4209009968624287e-08,7.785768048051978e-07,7.009869906760002e-10,3.478597618289392e-11,2.1510176972938666e-10,3.2282112982784383e-08,7.77660716266837e-07,2.9781000421280623e-07,1.614860138943186e-07,4.179442125717969e-09,1.3632397610763292e-07,9.940867684576915e-09,0.0,0.0
4.325250120018609e-05,0.019602598331402987,0.001090517725614859,1.1370003741457686e-06,0.003648529232106487,1.1370427728252253e-06,1.0766822242658236e-06,1.6246075063008902e-07,3.92830656892329e-09,1.3656138264650508e-07,4.222303218170964e-08,7.776600341458106e-07,0.0,-1.420929773843227e-08,7.783645514791715e-07,4.893702665320632e-10,9.320012123170685e-11,2.1510901393462234e-10,3.228212008821174e-08,7.776600341458106e-07,2.983176727866521e-07,1.6197138563711633e-07,3.83595599728892e-09,1.3634627293868107e-07,9.94091298167632e-09,0.0,0.0
4.325500412960537e-05,0.019603007240220904,0.0006943577066209627,1.1370076726588e-06,0.003715628782989357,1.1370500487828394e-06,1.0766170817078091e-06,1.62387351565485e-07,4.00030941705154e-09,1.3657091813001898e-07,4.222308547241482e-08,7.776587835905957e-07,0.0,-1.420956152742292e-08,7.78092783093598e-07,2.1886557843853183e-10,7.43860320562284e-11,2.1511645242888733e-10,3.2282137851780135e-08,7.776587835905957e-07,2.9852429861421115e-07,1.6216849019201618e-07,3.9246854655061725e-09,1.3635579421134025e-07,9.940948508813108e-09,0.0,0.0
4.325750342104584e-05,0.01960341614903882,0.000646661362580403,1.137013156204024e-06,0.00400609834947059,1.137055164690537e-06,1.0763103546196362e-06,1.6209217790219554e-07,4.31180513515983e-09,1.3655954944624682e-07,4.2223135210406326e-08,7.77658669903758e-07,0.0,-1.4209865284442458e-08,7.780794248901657e-07,2.0562694602599407e-10,4.384849774941024e-11,2.1512341907836685e-10,3.2282141404493814e-08,7.77658669903758e-07,2.982309865728894e-07,1.6188654683446657e-07,4.267663555879153e-09,1.363444255275681e-07,9.940994694090932e-09,0.0,0.0
4.3259999074507505e-05,0.019603823602665216,0.0009447543652676416,1.137019640485118e-06,0.0040604324929179305,1.1370615311534493e-06,1.0762580586742843e-06,1.6205505914967944e-07,4.370073192205837e-09,1.365433490718715e-07,4.2223202711966223e-08,7.776596930852975e-07,0.0,-1.4210142396109404e-08,7.782460329508467e-07,3.7118347284703646e-10,1.0877294898126166e-10,2.1512897019348998e-10,3.228215561534853e-08,7.776596930852975e-07,2.980120825668564e-07,1.6168387162451836e-07,4.260766850450182e-09,1.3632821094233805e-07,9.941047096617694e-09,0.0,0.0
4.326250564190559e-05,0.019604232511483133,0.0012240085794203992,1.1370285087480385e-06,0.004157450926090648,1.137070626100467e-06,1.0761627891042735e-06,1.6195829743992363e-07,4.474093984185856e-09,1.365437327649488e-07,4.2223256002671405e-08,7.776607731102558e-07,0.0,-1.4210435494987905e-08,7.785241677993326e-07,6.482720471545633e-10,2.146488715937256e-11,2.1513421599728133e-10,3.2282166273489565e-08,7.776607731102558e-07,2.976386213049409e-07,1.6131002666952554e-07,4.453093005452047e-09,1.3632859463541536e-07,9.94108884100342e-09,0.0,0.0
4.3265001295367256e-05,0.019604639965109527,0.0010695708281716065,1.137037854020509e-06,0.003788228729257818,1.1370802894816734e-06,1.0765679689939134e-06,1.6234319843988487e-07,4.0782857091414826e-09,1.3656487851676502e-07,4.222329508252187e-08,7.776598636155541e-07,0.0,-1.421071704754695e-08,7.783020237184246e-07,4.2702272273764663e-10,9.966830832874862e-11,2.1513987813470692e-10,3.22821769316306e-08,7.776598636155541e-07,2.9826591685377934e-07,1.6191617646654777e-07,3.979958140831741e-09,1.3634974038723158e-07,9.94111815089127e-09,0.0,0.0
4.3267504224786535e-05,0.01960504741873592,0.0006651660576331153,1.1370449222688586e-06,0.0037990618388015988,1.1370872243787744e-06,1.0765629667730536e-06,1.6232839072927163e-07,4.089929284134541e-09,1.3657590614002402e-07,4.222336613679545e-08,7.77658669903758e-07,0.0,-1.421098261289444e-08,7.780675446156238e-07,1.9373587456517072e-10,3.625277161800611e-11,2.151448325049543e-10,3.228219114248532e-08,7.77658669903758e-07,2.9849542215742986e-07,1.6213465414693928e-07,4.052449487090826e-09,1.3636076801049057e-07,9.941173217953292e-09,0.0,0.0
4.327000351622701e-05,0.019605454872362316,0.0006824219375589635,1.137050413065014e-06,0.004023639206288564,1.1370923402864719e-06,1.0763268392111058e-06,1.621096146209311e-07,4.330750869030453e-09,1.3655852626470733e-07,4.2223401663932236e-08,7.776587267471768e-07,0.0,-1.4211297028055014e-08,7.78065839313058e-07,1.9198312384283156e-10,5.0279769930883234e-11,2.1514988401971635e-10,3.2282194695198996e-08,7.776587267471768e-07,2.982609998980479e-07,1.6191762597372872e-07,4.280809040579925e-09,1.3634337392431917e-07,9.94120696873324e-09,0.0,0.0
4.327249916968867e-05,0.019605860870797187,0.0011337329005667307,1.1370577866252315e-06,0.003804533872685633,1.137099616244086e-06,1.0765687648017774e-06,1.6236590738571977e-07,4.095842331963695e-09,1.3654295116793946e-07,4.222345140192374e-08,7.776599204589729e-07,0.0,-1.4211569698829862e-08,7.783489763824036e-07,4.738957559702328e-10,5.79885896245802e-11,2.1515526860138579e-10,3.228221245876739e-08,7.776599204589729e-07,2.9821981684108323e-07,1.6189201801353192e-07,4.038142709106296e-09,1.363277988275513e-07,9.94123894315635e-09,0.0,0.0
4.327500573708676e-05,0.01960626832442358,0.0012659341120482281,1.1370675641554957e-06,0.0038977661392840873,1.137109848059481e-06,1.0764786111394642e-06,1.6226127286245173e-07,4.1958618801629655e-09,1.3655701991410751e-07,4.22235082453426e-08,7.776603183629049e-07,0.0,-1.4211861021351524e-08,7.784752256156935e-07,5.997573548910395e-10,1.640767903487994e-11,2.1515801640337173e-10,3.228221601148107e-08,7.776603183629049e-07,2.980033855237707e-07,1.6166151795005135e-07,4.179010915095205e-09,1.3634185336286464e-07,9.94129489839679e-09,0.0,0.0
4.327750139054842e-05,0.019606674322858453,0.000849698445733793,1.137076153590568e-06,0.004045498771875789,1.1371186019459856e-06,1.0763286582005094e-06,1.6209150999202393e-07,4.354286264884877e-09,1.3657789565968415e-07,4.222356153604778e-08,7.776591814945277e-07,0.0,-1.421217010744158e-08,7.78156902470073e-07,2.825751577173463e-10,7.056624035106651e-11,2.1515986214915017e-10,3.2282226669622105e-08,7.776591814945277e-07,2.981716704653081e-07,1.6180894135686685e-07,4.283186250120252e-09,1.36362743319296e-07,9.941337530960936e-09,0.0,0.0
4.32800043199677e-05,0.019607080321293324,0.0005718449871263964,1.1370819250346564e-06,0.003832239276329309,1.1371240589141962e-06,1.0765622846520273e-06,1.62329769182179e-07,4.125644270658313e-09,1.365740160963469e-07,4.2223614826752964e-08,7.776584993735014e-07,0.0,-1.421249518074319e-08,7.780276973790023e-07,1.5404784392547555e-10,1.2988628401988667e-11,2.1516460835258044e-10,3.228223377504946e-08,7.776584993735014e-07,2.9853458727302495e-07,1.6217572351706622e-07,4.114831586576884e-09,1.3635884954510402e-07,9.941381939881921e-09,0.0,0.0
4.3282503611408174e-05,0.019607486319728196,0.0008270699078146704,1.137087604607235e-06,0.003477482411074287,1.1371295158824068e-06,1.0769480240924167e-06,1.6273119740617403e-07,3.745067811422587e-09,1.3655780151111685e-07,4.222366101203079e-08,7.776589541208523e-07,0.0,-1.42127616342691e-08,7.781363819958642e-07,2.6223975768679963e-10,6.383363976292245e-11,2.1517169990215024e-10,3.228223732776314e-08,7.776589541208523e-07,2.9881158525313367e-07,1.624689645041144e-07,3.6805274383766573e-09,1.3634263495987398e-07,9.941422796089228e-09,0.0,0.0
4.3285002902848646e-05,0.019607892318163067,0.0011557449064498182,1.1370956548043474e-06,0.003977131751312196,1.1371377013347228e-06,1.0764198350443621e-06,1.622039462745306e-07,4.281063503697169e-09,1.36555797780602e-07,4.222371785544965e-08,7.776600909892295e-07,0.0,-1.4213049404077083e-08,7.784133231325541e-07,5.380776380015106e-10,3.6829865546206264e-11,2.1517557180494862e-10,3.2282251538617857e-08,7.776600909892295e-07,2.980064834900986e-07,1.616658664715942e-07,4.242715512248196e-09,1.3634061701850442e-07,9.941466316831793e-09,0.0,0.0
4.328750219428912e-05,0.019608296861406416,0.0011591744995317343,1.1371050196543933e-06,0.003938941488193242,1.1371472510290914e-06,1.0764699709397973e-06,1.6224234400397108e-07,4.240152229328942e-09,1.365675643683062e-07,4.222374627715908e-08,7.776600909892295e-07,0.0,-1.421338513551973e-08,7.784191780046967e-07,5.439302896981246e-10,3.320149016827756e-11,2.1517769510648321e-10,3.2282255091331535e-08,7.776600909892295e-07,2.980507929351006e-07,1.61698409328892e-07,4.208392745397305e-09,1.3635239781706332e-07,9.941493850362804e-09,0.0,0.0
4.32900051237084e-05,0.019608702859841287,0.0008586290629221116,1.1371132119052756e-06,0.0036548122067710425,1.137155550168245e-06,1.0767827234303695e-06,1.625415819717091e-07,3.935438641633482e-09,1.3658222997037228e-07,4.222380667329162e-08,7.776588972774334e-07,0.0,-1.4213663135365096e-08,7.781393946970638e-07,2.653256780948965e-10,8.515996935409831e-11,2.1518385684426988e-10,3.228226930218625e-08,7.776588972774334e-07,2.9864330031159625e-07,1.6227625110332156e-07,3.850453733633685e-09,1.363670492082747e-07,9.94153559474853e-09,0.0,0.0
4.329250441514887e-05,0.019609107403084636,0.0005530963135242095,1.1371189229449007e-06,0.0036674226272559083,1.1371611208232935e-06,1.0767743106043781e-06,1.6253086698725383e-07,3.948986471158378e-09,1.365852284607172e-07,4.22238599639968e-08,7.77658271999826e-07,0.0,-1.421394557610256e-08,7.780258215461799e-07,1.523608184061942e-10,1.3134753701349311e-11,2.1519337700670604e-10,3.228227996032729e-08,7.77658271999826e-07,2.9874854590161704e-07,1.6237851241385215e-07,3.935902714857775e-09,1.3637003348776489e-07,9.941580891847934e-09,0.0,0.0
4.329500370658934e-05,0.019609511946327984,0.0007054547374729658,1.1371240143281416e-06,0.003671639653473835,1.1371658956704778e-06,1.0767741969175404e-06,1.6254693946393672e-07,3.953526839239885e-09,1.3656857333899097e-07,4.222389549113359e-08,7.77658669903758e-07,0.0,-1.421424400405158e-08,7.780656119393825e-07,1.9172631537944795e-10,8.493929865016625e-11,2.151989836329804e-10,3.2282287065754645e-08,7.77658669903758e-07,2.987085849781579e-07,1.6235522082297393e-07,3.868171116749863e-09,1.3635337836603867e-07,9.941608425378945e-09,0.0,0.0
4.329750299802981e-05,0.019609916489571333,0.0012091774224648466,1.1371317598431796e-06,0.004006108547957054,1.1371736263754428e-06,1.0764227909021429e-06,1.6220774057273957e-07,4.312266543848864e-09,1.3655498776188324e-07,4.222395943997981e-08,7.776600909892295e-07,0.0,-1.4214545096535858e-08,7.784387889842037e-07,5.635094613154479e-10,6.751455644549154e-11,2.1520132897911992e-10,3.228230482932304e-08,7.776600909892295e-07,2.979840303396486e-07,1.6164422333986295e-07,4.243370543832725e-09,1.3633979278893094e-07,9.94165461065677e-09,0.0,0.0
4.3300002289470285e-05,0.01961032103281468,0.001300948810519592,1.1371419143892547e-06,0.003924448853120784,1.137184199251351e-06,1.0765205615825835e-06,1.6228905508341995e-07,4.224749883263712e-09,1.365710318168567e-07,4.222401273068499e-08,7.776604888931615e-07,0.0,-1.4214867505302209e-08,7.785485536260239e-07,6.728653190180012e-10,3.131016279578347e-11,2.1520314696932275e-10,3.228230838203672e-08,7.776604888931615e-07,2.9797200795655954e-07,1.6161618532350985e-07,4.195324976308257e-09,1.3635582263304968e-07,9.941701684113013e-09,0.0,0.0
4.3302505218889564e-05,0.019610724120866507,0.0008584508340421237,1.1371506186712132e-06,0.0036750012194344274,1.1371930668246932e-06,1.0767967069114093e-06,1.6254368517820694e-07,3.957229210982405e-09,1.3659391129294818e-07,4.222407667953121e-08,7.7765906780769e-07,0.0,-1.4215143728790736e-08,7.781447379784368e-07,2.7044627648464825e-10,1.1172753000554536e-10,2.152069633609699e-10,3.228232614560511e-08,7.7765906780769e-07,2.986519405112631e-07,1.6227323840212193e-07,3.8444909478130285e-09,1.3637870210914116e-07,9.941748757569258e-09,0.0,0.0
4.3305004510330036e-05,0.019611128664109856,0.0006013405055771415,1.1371565241584446e-06,0.004111579651812072,1.1371986374797416e-06,1.0763336604213691e-06,1.6208339559398155e-07,4.425431576748906e-09,1.365918791407239e-07,4.222412997023639e-08,7.776583288432448e-07,0.0,-1.4215460808486569e-08,7.780296868986625e-07,1.5610697456924783e-10,1.4209909290907596e-11,2.1521634474552798e-10,3.2282340356459827e-08,7.776583288432448e-07,2.983039451009972e-07,1.6192728935493506e-07,4.4106864827142545e-09,1.3637666995691688e-07,9.941791390133403e-09,0.0,0.0
4.330750380177051e-05,0.01961153175216168,0.0008662715118948894,1.1371624399271342e-06,0.003762979196593975,1.1372043218216277e-06,1.076712692338333e-06,1.6248060319412616e-07,4.0516474619778364e-09,1.3657319186677341e-07,4.222418326094157e-08,7.776588972774334e-07,0.0,-1.4215786769966599e-08,7.781289355079934e-07,2.548405098057316e-10,8.71440142269364e-11,2.1522764126480354e-10,3.2282347461887184e-08,7.776588972774334e-07,2.985836999869207e-07,1.6222575993651844e-07,3.966356132423243e-09,1.3635795426125696e-07,9.941836687232808e-09,0.0,0.0
4.331000309321098e-05,0.019611934840213507,0.0012449475430678092,1.1371709499988927e-06,0.0036492489886783283,1.1372129620212945e-06,1.076842977454362e-06,1.626180505809316e-07,3.92966814644069e-09,1.3656465114308958e-07,4.2224232998933076e-08,7.776602615194861e-07,0.0,-1.4216075427953001e-08,7.78460332639952e-07,5.84818804494347e-10,4.791393323766435e-11,2.152378553166301e-10,3.228236877816926e-08,7.776602615194861e-07,2.9838264481441e-07,1.6203323127683689e-07,3.8805954005738386e-09,1.3634941353757313e-07,9.941864220763819e-09,0.0,0.0
4.331250238465145e-05,0.01961233647307381,0.001229038119163306,1.1371808863382713e-06,0.004110938022662846,1.1372231938366895e-06,1.0763577620309661e-06,1.6211657793974155e-07,4.424840049921386e-09,1.3658092257173848e-07,4.222427563149722e-08,7.776602615194861e-07,0.0,-1.421637563225886e-08,7.78452545091568e-07,5.770448563424679e-10,5.8110675993372496e-11,2.1524429461017291e-10,3.2282372330882936e-08,7.776602615194861e-07,2.979052169393981e-07,1.6153954618403077e-07,4.365794392668931e-09,1.3636568496622203e-07,9.941901524257446e-09,0.0,0.0
4.3315001676091924e-05,0.019612739561125636,0.0008010140017642442,1.1371890692358167e-06,0.003772255949129802,1.1372316066626809e-06,1.0767288358692895e-06,1.624676571054806e-07,4.0616967567075335e-09,1.3660239517321315e-07,4.2224353791198155e-08,7.776587267471768e-07,0.0,-1.4216713140058346e-08,7.781112572047277e-07,2.3723301101341576e-10,1.3212227145675826e-10,2.152506783925645e-10,3.2282400752592366e-08,7.776587267471768e-07,2.9861757866456173e-07,1.6223043530771974e-07,3.931765135689602e-09,1.36387143356842e-07,9.941952150427369e-09,0.0,0.0
4.3317500967532396e-05,0.019613142649177462,0.0005013732156160522,1.1371943190030785e-06,0.003928295108941003,1.1372364951967029e-06,1.0765660363176721e-06,1.6230912081027782e-07,4.229069094918714e-09,1.365987003509872e-07,4.22243964237623e-08,7.776582151564071e-07,0.0,-1.421699646897423e-08,7.780420219205553e-07,1.6857984452833819e-10,1.4241058853003974e-11,2.1525894955409797e-10,3.22824114107334e-08,7.776582151564071e-07,2.985239859754074e-07,1.6214053744079138e-07,4.211419213362433e-09,1.3638343432376132e-07,9.941984124850478e-09,0.0,0.0
4.3320003896951675e-05,0.019613544282037765,0.0008346652201325355,1.1371996849724627e-06,0.004422976294990856,1.137241383730725e-06,1.0760403483800474e-06,1.6180962347789318e-07,4.759300953338652e-09,1.3657152919677173e-07,4.22244639253222e-08,7.776591814945277e-07,0.0,-1.4217341970379493e-08,7.781325734868005e-07,2.581667934986598e-10,1.9169182907674553e-10,2.1526412596895028e-10,3.2282436279729154e-08,7.776591814945277e-07,2.9790771804982796e-07,1.615514548802821e-07,4.569451483860121e-09,1.3635626316954585e-07,9.942029421949883e-09,0.0,0.0
4.332250318839215e-05,0.019613945914898068,0.0014494595715613956,1.1372088587681965e-06,0.003747066861115176,1.137250706051418e-06,1.0767737421701895e-06,1.6255188484137761e-07,4.034743206204894e-09,1.3656058683864103e-07,4.222454563773681e-08,7.776613415444444e-07,0.0,-1.4217632404722735e-08,7.787380695845059e-07,8.615060886896231e-10,5.3450219944517485e-11,2.1526941340610506e-10,3.2282468254152263e-08,7.776613415444444e-07,2.9803570100739307e-07,1.6169038019597792e-07,3.98120336697616e-09,1.3634532081141515e-07,9.942077383584547e-09,0.0,0.0
4.332499884185381e-05,0.01961434754775837,0.0013888620419241215,1.1372202584004773e-06,0.004591616238930413,1.1372627568562166e-06,1.0758801636256976e-06,1.616308935581401e-07,4.940028830446863e-09,1.365884259030281e-07,4.222459537572831e-08,7.776608867970936e-07,0.0,-1.4217929944493335e-08,7.786247238072974e-07,7.485850272992423e-10,1.1732569082933964e-10,2.1527506166574284e-10,3.228247535957962e-08,7.776608867970936e-07,2.972554682401096e-07,1.608823083643074e-07,4.819834309444104e-09,1.3637315987580223e-07,9.942118239791853e-09,0.0,0.0
4.332750177127309e-05,0.019614749180618674,0.0006661890801615833,1.1372285121610796e-06,0.00400623857207458,1.137271169682208e-06,1.0765153319880483e-06,1.62243296131237e-07,4.3127772464401914e-09,1.3661329489877971e-07,4.2224677088142926e-08,7.776587267471768e-07,0.0,-1.4218320742998003e-08,7.780644750710053e-07,1.9044746335517004e-10,1.8374660126774245e-10,2.152833189494885e-10,3.2282517992143767e-08,7.776587267471768e-07,2.98450856917043e-07,1.6205284225634387e-07,4.135023878859556e-09,1.3639801466069912e-07,9.942159984177579e-09,0.0,0.0
4.333000470069237e-05,0.019615150813478976,0.0003888477453041217,1.137232749535659e-06,0.0031888049101159305,1.137274807661015e-06,1.0773958365462022e-06,1.6313747153162694e-07,3.43560513371699e-09,1.36600206701587e-07,4.2224733931561786e-08,7.776581583129882e-07,0.0,-1.4218554333922384e-08,7.7804378406654e-07,1.702945007231449e-10,1.9026591066562126e-11,2.1529179827783906e-10,3.228253220299848e-08,7.776581583129882e-07,2.9935208090137166e-07,1.6296718285957468e-07,3.414134752688369e-09,1.363849122526517e-07,9.942201728563305e-09,0.0,0.0
4.333250399213284e-05,0.019615550991147757,0.000871244940898637,1.1372377921451952e-06,0.004251682833640474,1.1372794688213617e-06,1.0762598776636878e-06,1.620256711021284e-07,4.575915646398698e-09,1.3657501085617696e-07,4.222478366955329e-08,7.776591814945277e-07,0.0,-1.4218901611684487e-08,7.781655995131587e-07,2.9111324462149923e-10,2.077103211650666e-10,2.152964750923303e-10,3.2282557071994233e-08,7.776591814945277e-07,2.9809427815052914e-07,1.6173456174328749e-07,4.367028516583105e-09,1.3635971640724165e-07,9.942228373915896e-09,0.0,0.0
4.3335003283573315e-05,0.019615951168816537,0.0013996580429331829,1.1372468797918161e-06,0.0034536542683199062,1.1372887911420548e-06,1.0771246934382361e-06,1.6289314430650847e-07,3.7200162950057347e-09,1.365700939004455e-07,4.22248653819679e-08,7.776614552312822e-07,0.0,-1.421924711308975e-08,7.787316462781746e-07,8.549285723802313e-10,8.158594633211891e-11,2.1530432992022952e-10,3.228259970455838e-08,7.776614552312822e-07,2.983930187383521e-07,1.6203821928684192e-07,3.642092627487159e-09,1.363547994515102e-07,9.942265677409523e-09,0.0,0.0
4.3337502575013787e-05,0.019616351346485317,0.00140273202603993,1.1372580943310642e-06,0.0036577219034364364,1.1373005008863402e-06,1.0769169875857187e-06,1.6266680802345945e-07,3.939062853675068e-09,1.3658873854183184e-07,4.2224915119959405e-08,7.776613983878633e-07,0.0,-1.4219503796653044e-08,7.787206186549156e-07,8.438709175884185e-10,9.760711683348688e-11,2.153188460862765e-10,3.2282606809985737e-08,7.776613983878633e-07,2.9819636893080315e-07,1.6182293904876133e-07,3.837182571686526e-09,1.363734156711871e-07,9.942309198152088e-09,0.0,0.0
4.3340005504433066e-05,0.019616751524154097,0.0008405134762434763,1.1372670712986204e-06,0.004241689160926691,1.1373097095201956e-06,1.076299440683215e-06,1.6202710639845463e-07,4.565327671457453e-09,1.3661322384450614e-07,4.222499683237402e-08,7.776591814945277e-07,0.0,-1.421986883798354e-08,7.78157300374005e-07,2.828096923312984e-10,2.3648530356190633e-10,2.1533524963146533e-10,3.228265299526356e-08,7.776591814945277e-07,2.9814216873091937e-07,1.617442961787674e-07,4.330617642267498e-09,1.3639788676300668e-07,9.942345613467296e-09,0.0,0.0
4.334250115789473e-05,0.019617151701822877,0.000373268051200526,1.137271928581241e-06,0.003589135428702532,1.1373141433068668e-06,1.0770033895823872e-06,1.627335990406209e-07,3.8655110223828615e-09,1.3661161801792332e-07,4.222505367579288e-08,7.776582151564071e-07,0.0,-1.4220148614185746e-08,7.780727173667401e-07,1.9918386384709663e-10,1.8000548968055696e-11,2.1534966865299765e-10,3.2282674311545634e-08,7.776582151564071e-07,2.9893067221564706e-07,1.6253440549007792e-07,3.847708818227602e-09,1.3639626672556915e-07,9.942378476068825e-09,0.0,0.0
4.334500408731401e-05,0.019617551879491657,0.000768630193583475,1.1372764982030168e-06,0.004065581070931986,1.137318122346187e-06,1.0764958915387979e-06,1.6226005072894623e-07,4.376581319576189e-09,1.365768156347258e-07,4.2225121177352776e-08,7.776590109642711e-07,0.0,-1.4220475463844195e-08,7.78116032051912e-07,2.4164328871201235e-10,2.344589244973605e-10,2.1536104843900006e-10,3.2282699180541385e-08,7.776590109642711e-07,2.9837985948688583e-07,1.6201840935536893e-07,4.141124776424476e-09,1.363614501315169e-07,9.94242110863297e-09,0.0,0.0
4.334750337875448e-05,0.019617950601968914,0.0015532240625522574,1.1372857559578253e-06,0.003486283627489484,1.137327558353718e-06,1.0771262850539642e-06,1.6290331927848456e-07,3.7551677323222066e-09,1.3656138264650508e-07,4.2225217100622103e-08,7.776616257615387e-07,0.0,-1.4220804978037904e-08,7.788057132529502e-07,9.286856839096913e-10,9.726323219050315e-11,2.1536897265583832e-10,3.228274891853289e-08,7.776616257615387e-07,2.9832062864443287e-07,1.619746257119914e-07,3.6611444986789365e-09,1.3634600293244148e-07,9.942466405732375e-09,0.0,0.0
4.3350002670194954e-05,0.01961834932444617,0.0014816844045337785,1.1372978568200477e-06,0.003583589712092272,1.1373404049663804e-06,1.0770344260890852e-06,1.6277863323921338e-07,3.8596494889020505e-09,1.365942949860255e-07,4.222525973318625e-08,7.77661512074701e-07,0.0,-1.4221059885244358e-08,7.787505751366552e-07,8.736530388020469e-10,1.2617669409298315e-10,2.1537220618039754e-10,3.2282756023960246e-08,7.77661512074701e-07,2.982839077958488e-07,1.619049783130322e-07,3.7297138710812305e-09,1.363789294828166e-07,9.942502821047583e-09,0.0,0.0
4.3352501961635426e-05,0.01961874804692343,0.0005872374520947687,1.137306106076527e-06,0.004114913734803699,1.1373488177923718e-06,1.0764724720502272e-06,1.6218874065998534e-07,4.429591360377572e-09,1.3662489095622732e-07,4.222536631459661e-08,7.776588404340146e-07,0.0,-1.4221430255645373e-08,7.780601549711719e-07,1.8593812600720128e-10,2.80493211990418e-10,2.1537556460504703e-10,3.2282819972806465e-08,7.776588404340146e-07,2.9841231707905536e-07,1.6200279162603692e-07,4.1509813364370984e-09,1.3640951124216372e-07,9.942549006325407e-09,0.0,0.0
4.3355004891054705e-05,0.019619146769400686,0.00017858036197537785,1.1373091595642863e-06,0.0034095459550446596,1.137351205215964e-06,1.0772312180051813e-06,1.6296297644657898e-07,3.672869341997398e-09,1.3661018272159708e-07,4.222543026344283e-08,7.776580446261505e-07,0.0,-1.4221727795415973e-08,7.780728310535778e-07,1.9942093809621753e-10,9.072623728678675e-12,2.1538287819922175e-10,3.2282844841802216e-08,7.776580446261505e-07,2.9915835852989403e-07,1.6276355552236055e-07,3.6640270817400733e-09,1.3639480300753348e-07,9.942586309819035e-09,0.0,0.0
4.335750054451637e-05,0.01961954403668642,0.0007724710187702044,1.1373129377802926e-06,0.003984465128127962,1.137354502134258e-06,1.0766171953946468e-06,1.6238334410445532e-07,4.289743671392898e-09,1.365746697956638e-07,4.2225504870430086e-08,7.776591814945277e-07,0.0,-1.422202977607867e-08,7.781189879096928e-07,2.44388537185003e-10,3.3581298852780606e-10,2.1539071914933317e-10,3.2282880368939004e-08,7.776591814945277e-07,2.9849823590666347e-07,1.62138960035918e-07,3.952419724839729e-09,1.363592900816002e-07,9.942624501491082e-09,0.0,0.0
4.336000347393565e-05,0.019619942759163678,0.0015388041536326114,1.1373221533539163e-06,0.0035287444336873923,1.1373639381417888e-06,1.0771151437438675e-06,1.6288639415051875e-07,3.800864067926568e-09,1.3656637065651012e-07,4.2225629215408844e-08,7.776623647259839e-07,0.0,-1.422235662573712e-08,7.789405458424881e-07,1.0628042890203915e-09,1.0812680611982373e-10,2.1539661720915149e-10,3.22829478704989e-08,7.776623647259839e-07,2.9817456947967e-07,1.618235785372235e-07,3.695462158503915e-09,1.363509767315918e-07,9.942678680374684e-09,0.0,0.0
4.336250276537612e-05,0.019620340026449412,0.0015050341614895046,1.137334245527773e-06,0.00372121945576851,1.1373767847544514e-06,1.076920966625039e-06,1.626603989279829e-07,4.007459253330126e-09,1.365985013990212e-07,4.2225686058827705e-08,7.776620805088896e-07,0.0,-1.4222650612794041e-08,7.788455036461528e-07,9.680355406160857e-10,1.7620059578060676e-10,2.1540416672571894e-10,3.2282962081353617e-08,7.776620805088896e-07,2.980754629788862e-07,1.6169235550478334e-07,3.827790973076617e-09,1.3638309326324816e-07,9.942723977474088e-09,0.0,0.0
4.336500205681659e-05,0.01962073874892667,0.0006684317981857646,1.1373429116250898e-06,0.0039721403124291545,1.1373856523277937e-06,1.0766601690193056e-06,1.6236822375503834e-07,4.276645260148371e-09,1.3663303377597913e-07,4.2225806851092784e-08,7.776589541208523e-07,0.0,-1.4223026312265574e-08,7.780934083712054e-07,2.1906536307181312e-10,3.739145659764631e-10,2.1541728123519732e-10,3.228304379376823e-08,7.776589541208523e-07,2.985667890698096e-07,1.621491634296035e-07,3.905770817880239e-09,1.3641761142935138e-07,9.942763945502975e-09,0.0,0.0
4.3367501348257065e-05,0.019621136016212404,0.00010981961028733167,1.1373460033633365e-06,0.0031460104202307585,1.1373881534382235e-06,1.0775489727166132e-06,1.6326663399013341e-07,3.3899802964754144e-09,1.3662443620887643e-07,4.222588501079372e-08,7.776579877827317e-07,0.0,-1.4223283884007287e-08,7.781310955579102e-07,2.5771543232799843e-10,2.6225977986515936e-11,2.154292993994389e-10,3.228307932090502e-08,7.776579877827317e-07,2.994179055804125e-07,1.6300892013987323e-07,3.3635909613138892e-09,1.3640899965139397e-07,9.94280657806712e-09,0.0,0.0
4.3370004277676344e-05,0.019621531828306615,0.0006471622143706668,1.1373489995889495e-06,0.0038002738448658477,1.1373905408618157e-06,1.0768485481094103e-06,1.6260672452972358e-07,4.092319372261954e-09,1.3658285524797975e-07,4.2225984486776724e-08,7.776590109642711e-07,0.0,-1.4223605404595219e-08,7.780799364809354e-07,2.0550063040136735e-10,4.218041471659717e-10,2.1544126205252923e-10,3.228312195346916e-08,7.776590109642711e-07,2.9876864005018433e-07,1.6240123557054176e-07,3.6693141858279432e-09,1.363674186904973e-07,9.942861645129142e-09,0.0,0.0
4.3372503569116816e-05,0.01962192909559235,0.0015734281681072382,1.1373578212680892e-06,0.0033457862387280815,1.1373995221219957e-06,1.077344904842903e-06,1.6311332728946581e-07,3.604565756987199e-09,1.3656922703830787e-07,4.222611238446916e-08,7.776623647259839e-07,0.0,-1.422392603700473e-08,7.789975597916055e-07,1.1197355265224473e-09,1.6978204953055354e-10,2.1545663864142028e-10,3.2283203665883775e-08,7.776623647259839e-07,2.9834734505129745e-07,1.6199358299218147e-07,3.4364784351481603e-09,1.363537762699707e-07,9.942910494942225e-09,0.0,0.0
4.337500286055729e-05,0.019622326362878084,0.0015692019073713093,1.1373703059092908e-06,0.004006790874439999,1.1374128234820091e-06,1.076648572961858e-06,1.623793082217162e-07,4.3139056771224205e-09,1.3660708475526917e-07,4.222616567517434e-08,7.776622510391462e-07,0.0,-1.4224179167854345e-08,7.789815867909056e-07,1.1038943092955833e-09,1.8500781462371663e-10,2.154710715407404e-10,3.228321432402481e-08,7.776622510391462e-07,2.9766701459266187e-07,1.612754090274393e-07,4.124035335451026e-09,1.3639160556522256e-07,9.942951351149532e-09,0.0,0.0
4.337749851401895e-05,0.019622722174972296,0.00063033753020314,1.1373790119524016e-06,0.004217698028866799,1.1374218047421891e-06,1.0764308626676211e-06,1.62128131364625e-07,4.540060327684614e-09,1.366438624472721e-07,4.2226307783721495e-08,7.776588404340146e-07,0.0,-1.4224576183607951e-08,7.781063686707057e-07,2.3206336852155118e-10,4.0263126166451e-10,2.1548263173798432e-10,3.2283296036439424e-08,7.776588404340146e-07,2.98324465575206e-07,1.6189606810712576e-07,4.141826437376039e-09,1.364283832572255e-07,9.943011747282071e-09,0.0,0.0
4.338000144343823e-05,0.019623117987066507,9.595516725291464e-05,1.1373818867067374e-06,0.003292953809837874,1.1374239647921058e-06,1.0774248266898212e-06,1.631352830600008e-07,3.5479101878621577e-09,1.3663168374478118e-07,4.222638949613611e-08,7.776578740958939e-07,0.0,-1.4224834643528084e-08,7.781363819958642e-07,2.630511086731957e-10,2.4442635415677927e-11,2.1549229067829856e-10,3.228333511628989e-08,7.776578740958939e-07,2.9928841627224756e-07,1.628722259283677e-07,3.5218326033259473e-09,1.3641619034387986e-07,9.943056156203056e-09,0.0,0.0
4.3382500734878704e-05,0.01962351379916072,0.0007026241993894899,1.1373850475804526e-06,0.004676769145836886,1.1374264659025357e-06,1.07594291876012e-06,1.6169565242307726e-07,5.031936645139012e-09,1.3658838327046396e-07,4.2226481866691756e-08,7.776588972774334e-07,0.0,-1.4225133071477103e-08,7.781389967931318e-07,2.64588878584604e-10,4.1295275532426956e-10,2.154987716052048e-10,3.228337419614036e-08,7.776588972774334e-07,2.9780395038869756e-07,1.6143107472998963e-07,4.6156420907550455e-09,1.3637288986956264e-07,9.94310589419456e-09,0.0,0.0
4.338500366429798e-05,0.01962390961125493,0.001568650139483485,1.1373940375589786e-06,0.003925308901777009,1.1374357882232289e-06,1.0767570302050444e-06,1.6251941303835338e-07,4.226603955714836e-09,1.365753377058354e-07,4.222662397523891e-08,7.776623078825651e-07,0.0,-1.4225505218234957e-08,7.790513336658478e-07,1.1734929694640073e-09,1.5027051825100557e-10,2.155069317444358e-10,3.228345946126865e-08,7.776623078825651e-07,2.977057533826155e-07,1.6134592328853614e-07,4.081823323787148e-09,1.3635983009407937e-07,9.94316451397026e-09,0.0,0.0
4.3387502955738455e-05,0.01962430396815762,0.001506419185020147,1.1374061643071223e-06,0.0038841043878615946,1.1374487485227291e-06,1.0768138736239052e-06,1.6253864032478305e-07,4.182457491452851e-09,1.3661326647707028e-07,4.222667016051673e-08,7.776619668220519e-07,0.0,-1.4225730815553561e-08,7.78946287027793e-07,1.068779731383529e-09,2.1928044102725863e-10,2.1551870010849683e-10,3.2283473672123364e-08,7.776619668220519e-07,2.9786761501782166e-07,1.6146985615250742e-07,3.958006811188852e-09,1.3639774465445953e-07,9.943197376571788e-09,0.0,0.0
4.339000224717893e-05,0.01962469978025183,0.0006220846099758148,1.1374145891825686e-06,0.00449956326361274,1.1374572750355583e-06,1.0761621069832472e-06,1.6185390450118575e-07,4.842259482273903e-09,1.3664957521086762e-07,4.222681937449124e-08,7.776586130603391e-07,0.0,-1.4226123390415069e-08,7.781208068990964e-07,2.4665580689031685e-10,4.280207577256334e-10,2.155353256982906e-10,3.228356959539269e-08,7.776586130603391e-07,2.9804130008415086e-07,1.61607246695894e-07,4.418151178242624e-09,1.3643403917740216e-07,9.94325066727697e-09,0.0,0.0
4.33925015386194e-05,0.01962509413715452,0.00014137581338147243,1.1374175999414474e-06,0.0032461318131898047,1.1374596624591504e-06,1.077508613889222e-06,1.6321637019700574e-07,3.4977349905318533e-09,1.3663438380717707e-07,4.222691529776057e-08,7.776578172524751e-07,0.0,-1.4226400502082015e-08,7.781897011227557e-07,3.1630317809394626e-10,4.332246714144894e-11,2.1555457418998003e-10,3.22836015698158e-08,7.776578172524751e-07,2.993189127664664e-07,1.6290006499275478e-07,3.454055264029421e-09,1.364188335628569e-07,9.94331106340951e-09,0.0,0.0
4.339500083005987e-05,0.01962548849405721,0.0007604047619924614,1.1374211561753934e-06,0.004689861348509853,1.1374626183169312e-06,1.0759628139567212e-06,1.617147660226692e-07,5.046116413609525e-09,1.3658905118063558e-07,4.2227021879170934e-08,7.776589541208523e-07,0.0,-1.4226676725570542e-08,7.781634963066608e-07,2.889650463355764e-10,4.557258737047931e-10,2.1557196305810322e-10,3.228365486052098e-08,7.776589541208523e-07,2.9779928922835097e-07,1.614258025028903e-07,4.585924973099509e-09,1.3637347251460596e-07,9.943366130471532e-09,0.0,0.0
4.339750375947915e-05,0.019625882850959897,0.0016296648107350098,1.1374305815797326e-06,0.0040940843960352545,1.1374722816981375e-06,1.0766103741843835e-06,1.6236798217050818e-07,4.407733733557961e-09,1.365801836072933e-07,4.222714977686337e-08,7.776621941957274e-07,0.0,-1.4227076405859407e-08,7.790940230734122e-07,1.2162186813213793e-09,1.0869414396319499e-10,2.1558871354798725e-10,3.2283733020221916e-08,7.776621941957274e-07,2.975163511109713e-07,1.6115176038056234e-07,4.304702372337488e-09,1.3636459073040896e-07,9.943418532998294e-09,0.0,0.0
4.340000305091962e-05,0.019626275752671063,0.0015197637621984228,1.1374429557384876e-06,0.004084626752397635,1.137485583058151e-06,1.076633452612441e-06,1.623509717774141e-07,4.397645803067007e-09,1.3662102560374478e-07,4.222721727842327e-08,7.776613983878633e-07,0.0,-1.4227285127788036e-08,7.788775633343903e-07,1.0005772876908736e-09,2.345286742588826e-10,2.1560871144021831e-10,3.228374723107663e-08,7.776613983878633e-07,2.977558324346319e-07,1.6135039970777143e-07,4.157114652514338e-09,1.3640541851600574e-07,9.943469159168217e-09,0.0,0.0
4.3402502342360094e-05,0.01962667010957375,0.0005862171960844265,1.1374512608197658e-06,0.005002795514704989,1.1374939958841424e-06,1.0756576784842764e-06,1.6134660540956247e-07,5.381295409279119e-09,1.3665268738805025e-07,4.2227345176115705e-08,7.776583856866637e-07,0.0,-1.4227675038114285e-08,7.781319482091931e-07,2.579301217053853e-10,3.4704292217746513e-10,2.1562547580789015e-10,3.228383249620492e-08,7.776583856866637e-07,2.9752573027508333e-07,1.6108867839648155e-07,5.037678718622374e-09,1.364370660894565e-07,9.943512679910782e-09,0.0,0.0
4.3405001633800566e-05,0.019627063011284918,0.0001307431545054527,1.1374540777692517e-06,0.003324935513852236,1.137496155934059e-06,1.0774582506201114e-06,1.6316722906140058e-07,3.5824792021799112e-09,1.3663321851709043e-07,4.222742333581664e-08,7.776577604090562e-07,0.0,-1.4228001887772734e-08,7.781696353958978e-07,2.962633471881304e-10,4.463271419119508e-11,2.1563259511303556e-10,3.2283857365200674e-08,7.776577604090562e-07,2.992885583807947e-07,1.6287096116229804e-07,3.5406575449314914e-09,1.3641759721849667e-07,9.943563306080705e-09,0.0,0.0
4.340750092524104e-05,0.019627455912996083,0.000756197790055424,1.1374575625754e-06,0.004225413739246824,1.137498998105002e-06,1.076494640983583e-06,1.6224241505824466e-07,4.548635246237609e-09,1.3659332864790485e-07,4.2227529917227e-08,7.776588972774334e-07,0.0,-1.4228234590518696e-08,7.781923727634421e-07,3.178615981536126e-10,4.094019012690353e-10,2.1563954788472728e-10,3.228390710319218e-08,7.776588972774334e-07,2.983022397984314e-07,1.6192456087082974e-07,4.134328435156931e-09,1.3637769313845638e-07,9.943621925856405e-09,0.0,0.0
4.341000021668151e-05,0.019627850269898772,0.0015317016536258166,1.1374665850647827e-06,0.0038718505700375164,1.137508434112533e-06,1.076882540473889e-06,1.6263017244000366e-07,4.1695282781972764e-09,1.3659044384439767e-07,4.2227640051351045e-08,7.776619668220519e-07,0.0,-1.4228647593483856e-08,7.790337122060009e-07,1.1560744583860583e-09,1.2654836900605204e-10,2.156521905494202e-10,3.2283971052038396e-08,7.776619668220519e-07,2.9784888511130703e-07,1.6147409098721255e-07,4.049373725223404e-09,1.3637479412409448e-07,9.94366899931265e-09,0.0,0.0
4.341250314610079e-05,0.019628243171609938,0.0013852397589317889,1.1374780457775064e-06,0.003092473721885419,1.1375205986041692e-06,1.0777310990306432e-06,1.6344043274330033e-07,3.3328551030109566e-09,1.3662932474289846e-07,4.2227704000197264e-08,7.776613415444444e-07,0.0,-1.4228883848943497e-08,7.788454468027339e-07,9.684021362588169e-10,2.2384052944524058e-10,2.156683720500041e-10,3.228398526289311e-08,7.776613415444444e-07,2.9888568064961873e-07,1.624720340487329e-07,3.105533830094487e-09,1.3641364660088584e-07,9.943718737304152e-09,0.0,0.0
4.341500243754126e-05,0.01962863461812958,0.0006026688076090636,1.1374858273764037e-06,0.004449376616918497,1.137528442995972e-06,1.0762826150312321e-06,1.619682734599337e-07,4.788786700515857e-09,1.3665565745668573e-07,4.2227817687034985e-08,7.776586130603391e-07,0.0,-1.4229243561203475e-08,7.781583803989633e-07,2.8404853469332636e-10,3.1711139270029776e-10,2.1568233310453877e-10,3.228404921173933e-08,7.776586130603391e-07,2.9812420621055935e-07,1.6168422689588624e-07,4.47011316850876e-09,1.364399793146731e-07,9.943767587117236e-09,0.0,0.0
4.341750172898173e-05,0.019629027519840747,0.00027737824273543765,1.1374892850963236e-06,0.0036308622698017685,1.137531285166915e-06,1.0771626648420352e-06,1.6286635684537032e-07,3.911029278214073e-09,1.3663827758136904e-07,4.222789584673592e-08,7.776580446261505e-07,0.0,-1.4229679656807548e-08,7.781748081470141e-07,3.010955651472358e-10,7.932256934628512e-11,2.1569016017686238e-10,3.22840705280214e-08,7.776580446261505e-07,2.9898785669502104e-07,1.6256525725566462e-07,3.835322726075674e-09,1.364225852285017e-07,9.943826206892936e-09,0.0,0.0
4.342000465840101e-05,0.01962941896636039,0.000786212560637517,1.1374934484855067e-06,0.003871124378680753,1.1375350368325599e-06,1.076908347386052e-06,1.6263886948308937e-07,4.168846157170947e-09,1.3661036746270838e-07,4.2227970453723174e-08,7.7765906780769e-07,0.0,-1.4229931011300323e-08,7.782481930007634e-07,3.7339215053222574e-10,2.877231508602307e-10,2.1569719621528094e-10,3.228409894973083e-08,7.7765906780769e-07,2.986601543852885e-07,1.6226547927544743e-07,3.877490328818567e-09,1.3639467510984105e-07,9.94387328034918e-09,0.0,0.0
4.3422503949841484e-05,0.019629810412880033,0.0013690145033962153,1.1375018850468393e-06,0.0038893193864313973,1.1375437907190644e-06,1.0768969787022797e-06,1.62624417043844e-07,4.188396296456176e-09,1.366113195899743e-07,4.2228059271565144e-08,7.776612278576067e-07,0.0,-1.4230361777833878e-08,7.787923550495179e-07,9.154029201319247e-10,1.2053066877903973e-10,2.1571266994868665e-10,3.22841380295813e-08,7.776612278576067e-07,2.981046236527618e-07,1.6170902483736427e-07,4.072049364367558e-09,1.3639559881539753e-07,9.943919465627005e-09,0.0,0.0
4.3425006879260764e-05,0.0196302033145912,0.0013430132946405937,1.137512540650465e-06,0.003014255846117181,1.1375548183423234e-06,1.077847173291957e-06,1.6355031107195828e-07,3.24890714331616e-09,1.3663569120581087e-07,4.222810545684297e-08,7.776611710141879e-07,0.0,-1.4230664646674995e-08,7.787842264406208e-07,9.073013451654788e-10,1.0397420424634873e-10,2.1573462460899862e-10,3.228414513500866e-08,7.776611710141879e-07,2.9906294685133616e-07,1.626430048418115e-07,3.1442195513875504e-09,1.364199562203794e-07,9.943960321834311e-09,0.0,0.0
4.3427506170701236e-05,0.01963059330591932,0.0008789603789379763,1.137521206155105e-06,0.003829930369988475,1.1375636859156657e-06,1.076979742720141e-06,1.6266801594611024e-07,4.124757424506242e-09,1.3665231790582766e-07,4.222816585297551e-08,7.776594088682032e-07,0.0,-1.4230981726370828e-08,7.783291380292212e-07,4.539604248066098e-10,1.535057497781267e-10,2.1575488617919802e-10,3.228417000400441e-08,7.776594088682032e-07,2.9865060469091986e-07,1.6221405019223312e-07,3.9692849007622044e-09,1.3643656870954146e-07,9.94399407261426e-09,0.0,0.0
4.34300018241629e-05,0.019630984752438962,0.0005541448682378214,1.137526815995718e-06,0.003639677035315792,1.1375690291970386e-06,1.0771888128147111e-06,1.628850441193208e-07,3.920619384700785e-09,1.3664501352650404e-07,4.222822269639437e-08,7.776587267471768e-07,0.0,-1.4231376077589175e-08,7.782170996506466e-07,3.426241790283058e-10,2.4901429876433845e-11,2.157758000054244e-10,3.2284184214859124e-08,7.776587267471768e-07,2.989716563206457e-07,1.625424204121373e-07,3.896889477772447e-09,1.3642923590850842e-07,9.944039369713664e-09,0.0,0.0
4.343250475358218e-05,0.019631374743767083,0.0007387103524602034,1.1375318580189639e-06,0.0038640328549706623,1.1375736903573852e-06,1.0769523441922502e-06,1.6266733382508392e-07,4.161379241196528e-09,1.3662574360751023e-07,4.222826888167219e-08,7.776592951813655e-07,0.0,-1.4231693157285008e-08,7.782709303683077e-07,3.9587447209221693e-10,9.202520689921556e-11,2.1579343867372813e-10,3.228419132028648e-08,7.776592951813655e-07,2.986814138239424e-07,1.6227146204528253e-07,4.0678127533055886e-09,1.364099517786599e-07,9.94408022592097e-09,0.0,0.0
4.3435000407043844e-05,0.019631764735095203,0.0011945214844513163,1.1375393974554803e-06,0.0038676885168174267,1.1375813073755126e-06,1.0769555274237064e-06,1.6267736668851285e-07,4.165328526539724e-09,1.3661747289006598e-07,4.222832927780473e-08,7.77660716266837e-07,0.0,-1.423204398776079e-08,7.78610171892069e-07,7.336102836319469e-10,6.679708175472143e-11,2.1580383313679619e-10,3.2284209083854876e-08,7.77660716266837e-07,2.983454123750562e-07,1.6194375973554997e-07,4.099812933588964e-09,1.3640166685036093e-07,9.944121082128277e-09,0.0,0.0
4.3437503336463124e-05,0.019632156181614846,0.0012888044954568745,1.1375491183486e-06,0.003624331563958945,1.137591311817232e-06,1.0772263294711593e-06,1.6293363103159209e-07,3.90422538742996e-09,1.366316126905076e-07,4.222837546308256e-08,7.77661114170769e-07,0.0,-1.42323690610624e-08,7.787218123667117e-07,8.448481358946935e-10,3.793236211246942e-11,2.1581623987909637e-10,3.2284212636568554e-08,7.77661114170769e-07,2.9850457394786645e-07,1.620887815079186e-07,3.8661505108450456e-09,1.3641579243994784e-07,9.944162826514003e-09,0.0,0.0
4.3440002627903596e-05,0.019632544717751443,0.0009356089126356659,1.1375577609985178e-06,0.0037331826129645795,1.1376001793905743e-06,1.0771179859148106e-06,1.628100676498434e-07,4.0210781371285975e-09,1.3664798359513952e-07,4.222843230650142e-08,7.776599204589729e-07,0.0,-1.423269679889927e-08,7.783955879858695e-07,5.198671493289453e-10,9.601081735199912e-11,2.1582845233236725e-10,3.228422329470959e-08,7.776599204589729e-07,2.9872236950723163e-07,1.6229019195179717e-07,3.925281433225791e-09,1.3643216334457975e-07,9.944210788148666e-09,0.0,0.0
4.3442505557322875e-05,0.019632934709079564,0.0006635176303327883,1.1375639974533611e-06,0.0036390415456687276,1.1376062047929736e-06,1.0772246241685934e-06,1.629190506946543e-07,3.9200651613668924e-09,1.36646463033685e-07,4.222848914992028e-08,7.7765906780769e-07,0.0,-1.423302187220088e-08,7.782428497193905e-07,3.679208326889949e-10,3.380648885831228e-11,2.1584067866342593e-10,3.228423395285063e-08,7.7765906780769e-07,2.989817460274935e-07,1.625511316660777e-07,3.885796129310393e-09,1.364306143614158e-07,9.944255197069651e-09,0.0,0.0
4.344500121078454e-05,0.019633324700407684,0.0008071390462670025,1.1375697328868662e-06,0.003983431759032415,1.1376116617611842e-06,1.076860144166858e-06,1.6256964840977162e-07,4.289598898310487e-09,1.366311295214473e-07,4.222854244062546e-08,7.776593520247843e-07,0.0,-1.4233352274573008e-08,7.78303899551247e-07,4.286829780042467e-10,5.4724474951584057e-11,2.158539180729946e-10,3.228423395285063e-08,7.776593520247843e-07,2.985562446156109e-07,1.6214096376643283e-07,4.233778216899964e-09,1.3641526663832337e-07,9.944305823239574e-09,0.0,0.0
4.344750414020382e-05,0.01963371323654428,0.0011484160566688217,1.137577330925112e-06,0.003981903221281344,1.1376192787793116e-06,1.0768690117402002e-06,1.6258698565252416e-07,4.287988186746361e-09,1.3662166509220697e-07,4.222859573133064e-08,7.776603752063238e-07,0.0,-1.4233693335086173e-08,7.78539117618493e-07,6.629041759964593e-10,5.1753851204594525e-11,2.1586910037285634e-10,3.228424816370534e-08,7.776603752063238e-07,2.983298941217072e-07,1.6192409191262414e-07,4.236848205607657e-09,1.3640580220908305e-07,9.94434934398214e-09,0.0,0.0
4.345000343164429e-05,0.0196341032278724,0.0012042086157446619,1.1375865059573177e-06,0.004000428278784795,1.1376287147868425e-06,1.0768582114906167e-06,1.6256518620139104e-07,4.30789404148868e-09,1.3663249376349995e-07,4.222863836389479e-08,7.776604888931615e-07,0.0,-1.423399975664097e-08,7.786059086356545e-07,7.295336001966746e-10,3.4592374104081e-11,2.15888043553214e-10,3.228424816370534e-08,7.776604888931615e-07,2.982522460115433e-07,1.6183565776373143e-07,4.2727155147304074e-09,1.364166024586666e-07,9.944390200189446e-09,0.0,0.0
4.345250272308476e-05,0.019634491764009,0.0008377056244007197,1.137594439532019e-06,0.003989505370387282,1.1376367865523207e-06,1.0768775382530293e-06,1.6256740309472661e-07,4.2962087221098955e-09,1.3665079734437313e-07,4.222869876002733e-08,7.776594088682032e-07,0.0,-1.4234326606299419e-08,7.783406203998311e-07,4.653114837882555e-10,8.364237080726866e-11,2.1590094989587527e-10,3.228425882184638e-08,7.776594088682032e-07,2.985369746966171e-07,1.6210208286793204e-07,4.2134167266283384e-09,1.3643489182868507e-07,9.94443727364569e-09,0.0,0.0
4.3455002014525235e-05,0.019634880300145596,0.0005619093352464688,1.1375998775419105e-06,0.003832857070948565,1.137642016146856e-06,1.0770503422463662e-06,1.6274336189781025e-07,4.128180020046557e-09,1.366482536013791e-07,4.222875915615987e-08,7.776587835905957e-07,0.0,-1.4234666778634164e-08,7.782334705552785e-07,3.5878919280030175e-10,2.1596559610093102e-11,2.1590729204490344e-10,3.2284265927273736e-08,7.776587835905957e-07,2.988169285345066e-07,1.6238458044881554e-07,4.106340156795341e-09,1.3643234808569105e-07,9.944492340707711e-09,0.0,0.0
4.3457504943944514e-05,0.019635268836282194,0.0007688785078876492,1.1376050481335826e-06,0.003971768576200699,1.137646904680878e-06,1.076905846275622e-06,1.6261509472315083e-07,4.277220799764336e-09,1.366314137385416e-07,4.222881599957873e-08,7.776593520247843e-07,0.0,-1.4234979417437899e-08,7.783134492456156e-07,4.3821316020320467e-10,8.777805565740593e-11,2.1591156640354825e-10,3.2284273032701094e-08,7.776593520247843e-07,2.985923970300064e-07,1.6217688880715286e-07,4.189240954133311e-09,1.3641550822285353e-07,9.944540302342375e-09,0.0,0.0
4.3460004235384986e-05,0.019635655917227268,0.001137257357758159,1.1376124264223057e-06,0.003982865518813258,1.1376544080121676e-06,1.0769010714284377e-06,1.6261213886537007e-07,4.289152144565378e-09,1.366283299830684e-07,4.222887284299759e-08,7.776606025799992e-07,0.0,-1.4235288503527954e-08,7.786076139382203e-07,7.310905769664089e-10,5.858717677664771e-11,2.1592128085501372e-10,3.228428724355581e-08,7.776606025799992e-07,2.982934574902174e-07,1.618810472336918e-07,4.230161998464155e-09,1.3641241025652562e-07,9.9445864876202e-09,0.0,0.0
4.346250352682546e-05,0.019636042998172343,0.0011291276679159523,1.137621199166882e-06,0.004223051409596685,1.1376635029591853e-06,1.076652210940665e-06,1.6234513111612614e-07,4.546757637058363e-09,1.3664643461197556e-07,4.2228919028275413e-08,7.776606025799992e-07,0.0,-1.4235619794078502e-08,7.786099445183936e-07,7.333783025309515e-10,6.460796481144726e-11,2.1594340204877938e-10,3.228429079626949e-08,7.776606025799992e-07,2.9804223800056207e-07,1.616117515368387e-07,4.481675031087207e-09,1.3643048646372335e-07,9.944628232005925e-09,0.0,0.0
4.346500645624474e-05,0.01963643153430894,0.0007169725203990396,1.1376283719332315e-06,0.003861068277006458,1.1376707789167995e-06,1.0770472727017477e-06,1.627204255782999e-07,4.158553057465042e-09,1.3666752352037292e-07,4.222897942440795e-08,7.776593520247843e-07,0.0,-1.4235935985595916e-08,7.782972488712403e-07,4.219296856344812e-10,1.1792990195491626e-10,2.1597511279392023e-10,3.22843050071242e-08,7.776593520247843e-07,2.9875005225221685e-07,1.6229850530180556e-07,4.043005930043364e-09,1.36451561161266e-07,9.94467175274849e-09,0.0,0.0
4.346750574768521e-05,0.019636818615254015,0.000480278795901512,1.1376330062649415e-06,0.003671173406188609,1.1376750990166329e-06,1.0772549785542651e-06,1.629310162343245e-07,3.954789828952698e-09,1.3666527820532792e-07,4.2229036267826814e-08,7.776587267471768e-07,0.0,-1.423621753815496e-08,7.782164175296202e-07,3.416694982494306e-10,4.2171630770804214e-11,2.1600235489138697e-10,3.228431566526524e-08,7.776587267471768e-07,2.9903861786806374e-07,1.6258934465440689e-07,3.911378332333015e-09,1.3644927321365685e-07,9.944720602561574e-09,0.0,0.0
4.347000503912568e-05,0.01963720569619909,0.0008013389477596888,1.137637967163016e-06,0.0037046316071521106,1.1376797601769795e-06,1.0772233736133785e-06,1.6291753013319976e-07,3.990715757851149e-09,1.3664626408171898e-07,4.2229093111245675e-08,7.776595793984598e-07,0.0,-1.4236552381419187e-08,7.783441446918005e-07,4.68593552849228e-10,1.37696423707645e-10,2.1601474775589935e-10,3.2284326323406276e-08,7.776595793984598e-07,2.9887917207815917e-07,1.624489414098207e-07,3.8551655201501944e-09,1.364302448791932e-07,9.944766787839399e-09,0.0,0.0
4.3472500692587346e-05,0.01963759132195264,0.0012413937304796008,1.1376458444662995e-06,0.0032066006993417494,1.1376878319424577e-06,1.077765887202986e-06,1.634592763366527e-07,3.455964847631776e-09,1.366455251172738e-07,4.2229146401950857e-08,7.776610573273501e-07,0.0,-1.4236814394052999e-08,7.787305662532162e-07,8.535070983306525e-10,6.347833370057288e-11,2.160263634642945e-10,3.228434408697467e-08,7.776610573273501e-07,2.9903526410635095e-07,1.6260577240245766e-07,3.391542824360272e-09,1.364294917038933e-07,9.944803203154606e-09,0.0,0.0
4.347499998402782e-05,0.019637976947706193,0.0011837685796154407,1.1376551965167327e-06,0.0041013991237692496,1.137697495323664e-06,1.076814783118607e-06,1.6248722545242344e-07,4.4164472079444295e-09,1.366667561342183e-07,4.222919258722868e-08,7.776607731102558e-07,0.0,-1.4237127921035153e-08,7.786769629092305e-07,8.001687090697374e-10,7.35177960176081e-11,2.1604647237882801e-10,3.228434763968835e-08,7.776607731102558e-07,2.9813776336595765e-07,1.6168705485597457e-07,4.340547476999745e-09,1.364507085099831e-07,9.944845835718752e-09,0.0,0.0
4.34775029134471e-05,0.019638364028651267,0.0007943429695846382,1.137662853409612e-06,0.0036202515195169205,1.1377052260286291e-06,1.0773381973194773e-06,1.6300018046422338e-07,3.9002352458794576e-09,1.366786364087602e-07,4.222924587793386e-08,7.776594088682032e-07,0.0,-1.4237478751510935e-08,7.783586966070288e-07,4.832392819231757e-10,8.857241329263132e-11,2.1606964828446706e-10,3.2284361850543064e-08,7.776594088682032e-07,2.9897952913415793e-07,1.6251694034963293e-07,3.815561644415766e-09,1.3646257457367028e-07,9.944884915569219e-09,0.0,0.0
4.3480005842866376e-05,0.01963874965440482,0.0006814564289852054,1.1376685444721636e-06,0.003427406544289426,1.137710569310002e-06,1.0775503369586659e-06,1.6322364615461993e-07,3.6932030766934076e-09,1.3666776510490308e-07,4.222928851049801e-08,7.776589541208523e-07,0.0,-1.4237739875966327e-08,7.783182809362188e-07,4.432331723869254e-10,3.583289220898678e-11,2.1609383726861608e-10,3.228436540325674e-08,7.776589541208523e-07,2.992320844441565e-07,1.6278040959605278e-07,3.654713420786493e-09,1.3645167484810372e-07,9.944923107241266e-09,0.0,0.0
4.348250513430685e-05,0.01963913528015837,0.000918067440018433,1.1376747126481368e-06,0.003833815025965634,1.1377165947124013e-06,1.0771198049042141e-06,1.628033317047084e-07,4.1294780928069486e-09,1.3665686537933652e-07,4.2229331143062154e-08,7.776595793984598e-07,0.0,-1.423808626555001e-08,7.784381068631774e-07,5.624493093492333e-10,8.42748440477159e-11,2.1611087919204408e-10,3.22843725086841e-08,7.776595793984598e-07,2.9868164119761786e-07,1.6224088028593542e-07,4.046651902456233e-09,1.3644074670082773e-07,9.944956858021214e-09,0.0,0.0
4.348500442574732e-05,0.019639520905911922,0.0011193710541101964,1.137682569535683e-06,0.003196746680419943,1.1377245527910418e-06,1.0778113619380747e-06,1.6349056863873557e-07,3.4454898933944378e-09,1.3666036124959646e-07,4.222936667019894e-08,7.776604320497427e-07,0.0,-1.4238387358034288e-08,7.786331366332888e-07,7.565892912175798e-10,6.093010818108979e-11,2.1611504252838643e-10,3.228437961411146e-08,7.776604320497427e-07,2.991782253047859e-07,1.627339827336982e-07,3.385257851817869e-09,1.3644425678194239e-07,9.944985279730645e-09,0.0,0.0
4.3487500079208985e-05,0.01963990507647395,0.0011371470329742395,1.1376912384139004e-06,0.003925384340058285,1.137733420364384e-06,1.0770376093205414e-06,1.627084600386297e-07,4.227786565280667e-09,1.366686319670407e-07,4.222940219733573e-08,7.776604888931615e-07,0.0,-1.4238661805165975e-08,7.786451874380873e-07,7.685853620209571e-10,6.176718164718764e-11,2.1612321654540523e-10,3.228438316682514e-08,7.776604888931615e-07,2.983923650390352e-07,1.61939865961358e-07,4.161660349666363e-09,1.3645251328853192e-07,9.945022583224272e-09,0.0,0.0
4.3490003008628264e-05,0.019640290702227503,0.0009744307491521553,1.1376993812016346e-06,0.0042692363921798815,1.1377416058167e-06,1.0766765399239375e-06,1.623399583650098e-07,4.596586666849589e-09,1.3667678899764724e-07,4.22294412771862e-08,7.776598067721352e-07,0.0,-1.423903217556699e-08,7.784914259900688e-07,6.154489140541841e-10,7.205321755909821e-11,2.1614478262765857e-10,3.2284386719538816e-08,7.776598067721352e-07,2.9818517077728757e-07,1.6172450045814912e-07,4.5275099225250415e-09,1.3646065610828373e-07,9.945056334004221e-09,0.0,0.0
4.349250593804754e-05,0.019640676327981055,0.0007572434908016401,1.1377060589834714e-06,0.0032894129381622135,1.1377481996532879e-06,1.0777342822620994e-06,1.6339603803317004e-07,3.545113091973917e-09,1.3667892062585452e-07,4.222948746246402e-08,7.776593520247843e-07,0.0,-1.4239325274445491e-08,7.783744422340533e-07,4.989100799157598e-10,5.037189415579846e-11,2.1617031775722495e-10,3.2284390272252494e-08,7.776593520247843e-07,2.993598684497556e-07,1.6289712334582873e-07,3.4960199180034124e-09,1.3646274510392686e-07,9.945098966568366e-09,0.0,0.0
4.3495005229488015e-05,0.019641060498543084,0.0008256898518710365,1.1377121401473904e-06,0.0036867164668825843,1.1377541113688494e-06,1.0773131862151786e-06,1.6298407956583105e-07,3.971748263609243e-09,1.3666954146174248e-07,4.222952298960081e-08,7.776595793984598e-07,0.0,-1.4239611267896635e-08,7.784162789903348e-07,5.405189629215101e-10,5.868566743671977e-11,2.1619389611871043e-10,3.2284390272252494e-08,7.776595793984598e-07,2.9889690722484374e-07,1.6244355549588363e-07,3.910973767062842e-09,1.3645335172896011e-07,9.945130940991476e-09,0.0,0.0
4.349750088294968e-05,0.01964144321391359,0.001094635885098283,1.1377194895291495e-06,0.003752699552697849,1.1377615010133013e-06,1.0772494078992167e-06,1.6292376869841974e-07,4.042593371167413e-09,1.3666536347045621e-07,4.2229562069451276e-08,7.776602615194861e-07,0.0,-1.4239932788484566e-08,7.785936304571806e-07,7.171407911954475e-10,5.294002736189185e-11,2.1621494872281488e-10,3.228439382496617e-08,7.776602615194861e-07,2.986557774420362e-07,1.6220663212607178e-07,3.990626940009179e-09,1.3644914531596442e-07,9.945167356306683e-09,0.0,0.0
4.350000381236896e-05,0.01964182883966714,0.001111688018234247,1.1377279976823275e-06,0.003724899737988557,1.1377702548998059e-06,1.0772876066766912e-06,1.6295301463742362e-07,4.012788323848326e-09,1.3667418841123435e-07,4.2229594043874386e-08,7.776603752063238e-07,0.0,-1.4240230328255166e-08,7.786291575939686e-07,7.525214895665044e-10,4.2541928313433175e-11,2.162353907042558e-10,3.228439382496617e-08,7.776603752063238e-07,2.9865844908272265e-07,1.6220049303683481e-07,3.9692609199448725e-09,1.3645795604588784e-07,9.945197554372953e-09,0.0,0.0
4.3502499465830624e-05,0.019642211555037647,0.0009265264037603416,1.1377357982422044e-06,0.004067522150237407,1.137777985604771e-06,1.0769274467747891e-06,1.6258920254585973e-07,4.380426243955071e-09,1.366783379808112e-07,4.222963312372485e-08,7.776598636155541e-07,0.0,-1.4240538526166802e-08,7.785060915921349e-07,6.299599175640935e-10,4.688956167786529e-11,2.1625320978380103e-10,3.228439737767985e-08,7.776598636155541e-07,2.984213267609448e-07,1.6195924956718954e-07,4.332865177758549e-09,1.3646207719375525e-07,9.94523663422342e-09,0.0,0.0
4.35050023952499e-05,0.019642594270408154,0.0008793772719535298,1.137742709713148e-06,0.00382931899005262,1.1377848068150342e-06,1.0771893812488997e-06,1.6285565607176977e-07,4.124901753499444e-09,1.3667420262208907e-07,4.222966865086164e-08,7.776595225550409e-07,0.0,-1.4240871593074189e-08,7.784641411490156e-07,5.883346587687299e-10,3.552439939435992e-11,2.1627152846370734e-10,3.228440093039353e-08,7.776595225550409e-07,2.987252400998841e-07,1.622673124757057e-07,4.09135569867658e-09,1.364579276241784e-07,9.94526772046811e-09,0.0,0.0
4.3507501686690375e-05,0.019642978440970182,0.0009283384401772565,1.1377496544247591e-06,0.0035616681014467417,1.1377917417121353e-06,1.0774832617244101e-06,1.631506165722385e-07,3.837637763126622e-09,1.3667306575371185e-07,4.222970062528475e-08,7.776595225550409e-07,0.0,-1.4241178014628986e-08,7.784923923281895e-07,6.165784549594377e-10,2.8275302238478517e-11,2.1628465685097353e-10,3.228440093039353e-08,7.776595225550409e-07,2.989908125528018e-07,1.6253403600785532e-07,3.8083478592909614e-09,1.364567907558012e-07,9.945298806712799e-09,0.0,0.0
4.3510004616109654e-05,0.01964336115634069,0.0009599425395447891,1.1377568811663068e-06,0.004080567675044509,1.1377989039829117e-06,1.076933244803513e-06,1.6260119650723937e-07,4.39449898692601e-09,1.3667229836755723e-07,4.222973259970786e-08,7.776597499287163e-07,0.0,-1.4241477330756425e-08,7.78525247824291e-07,6.491958082222027e-10,2.8033337803878844e-11,2.162881679312889e-10,3.228440093039353e-08,7.776597499287163e-07,2.9840799697922193e-07,1.619520020312848e-07,4.365534156391959e-09,1.3645600915879186e-07,9.945330781135908e-09,0.0,0.0
4.351250026957132e-05,0.019643743871711195,0.0010361960322207153,1.1377645206954375e-06,0.003770753822609234,1.137806521001039e-06,1.0772728273877874e-06,1.6294157489937788e-07,4.062130631865557e-09,1.3667130360772717e-07,4.222976102141729e-08,7.776599773023918e-07,0.0,-1.4241805068593294e-08,7.785822617734084e-07,7.059819950860913e-10,2.1330033225797074e-11,2.1629215085638975e-10,3.228440448310721e-08,7.776599773023918e-07,2.9869059403608844e-07,1.6223559384798136e-07,4.0427794445463405e-09,1.3645500018810708e-07,9.945359202845339e-09,0.0,0.0
4.35150031989906e-05,0.0196441265870817,0.0010511533187624877,1.1377725093022398e-06,0.0036808965175832665,1.1378145927665173e-06,1.0773770782179781e-06,1.630389903084506e-07,3.96571353533659e-09,1.3667809639628103e-07,4.2229800101267756e-08,7.776599204589729e-07,0.0,-1.4242105272899153e-08,7.785725983922021e-07,6.963500331913508e-10,2.1818923404137713e-11,2.1630369717584585e-10,3.228440448310721e-08,7.776599204589729e-07,2.988044229823572e-07,1.6234264421655098e-07,3.942436599402299e-09,1.3646179297666094e-07,9.945395618160546e-09,0.0,0.0
4.351750249043107e-05,0.019644507847260684,0.000944316778451082,1.137780117235104e-06,0.004080626352528238,1.1378223234714824e-06,1.0769554137368686e-06,1.6260993618288921e-07,4.394652641792618e-09,1.3668575604697253e-07,4.2229828522977186e-08,7.776596930852975e-07,0.0,-1.4242417023524467e-08,7.785013167449506e-07,6.253116913157442e-10,1.7155670981039428e-11,2.1631801905286352e-10,3.228440448310721e-08,7.776596930852975e-07,2.984540685702086e-07,1.619846301537109e-07,4.37723013391178e-09,1.3646943841649772e-07,9.945424928048396e-09,0.0,0.0
4.352000541985035e-05,0.01964489056263119,0.0009235049163578424,1.1377872656758237e-06,0.003743817380385273,1.1378293720554211e-06,1.0773234180305735e-06,1.6297843785650912e-07,4.03330213671893e-09,1.3668531551047636e-07,4.2229860497400296e-08,7.776596362418786e-07,0.0,-1.4242767854000249e-08,7.784854005876696e-07,6.094313942384133e-10,1.1520173703871706e-11,2.163311474401297e-10,3.228440448310721e-08,7.776596362418786e-07,2.988379890211945e-07,1.6236900535204768e-07,4.023652966367308e-09,1.3646898366914684e-07,9.945457790649925e-09,0.0,0.0
4.352250471129082e-05,0.019645271822810173,0.0009881885243316901,1.1377945542016572e-06,0.00352808577732798,1.1378366480130353e-06,1.0775619330161135e-06,1.6321672546837362e-07,3.8017309300641955e-09,1.366854434081688e-07,4.2229888919109726e-08,7.776598067721352e-07,0.0,-1.4243074275555045e-08,7.78523599365144e-07,6.474820679613913e-10,9.753146207325258e-12,2.1634771751877224e-10,3.228440448310721e-08,7.776598067721352e-07,2.9903833365096943e-07,1.6256923629498488e-07,3.791235769767809e-09,1.3646908314512984e-07,9.945482659645677e-09,0.0,0.0
4.3525000364752486e-05,0.019645653082989156,0.0009474804145241933,1.137801934136518e-06,0.003975970824591581,1.1378440376574872e-06,1.0770883136501652e-06,1.6273617120532435e-07,4.2824717105816035e-09,1.3669239251612453e-07,4.2229920893532835e-08,7.776597499287163e-07,0.0,-1.4243361157184609e-08,7.785084790157271e-07,6.323588874757036e-10,9.856114188688814e-12,2.1636402391944642e-10,3.228440448310721e-08,7.776597499287163e-07,2.9857983463443816e-07,1.621038165922073e-07,4.270993336774609e-09,1.3647603225308558e-07,9.945516410425626e-09,0.0,0.0
4.352749965619296e-05,0.01964603434316814,0.0008875180559044793,1.1378089302549706e-06,0.004039539021063422,1.1378509725545882e-06,1.07702669538412e-06,1.6267109970158344e-07,4.3506913627311405e-09,1.3669585996467504e-07,4.2229952867955944e-08,7.776596930852975e-07,0.0,-1.4243727974871945e-08,7.784807962707418e-07,6.047665701558458e-10,8.03316961561773e-12,2.1637240610328234e-10,3.228440448310721e-08,7.776596930852975e-07,2.985458422699594e-07,1.620663425683233e-07,4.343903903247792e-09,1.3647949970163609e-07,9.945546608491895e-09,0.0,0.0
4.353000258561224e-05,0.0196464141481556,0.0009587974195923721,1.1378159426532307e-06,0.0036698683034362355,1.137858021138527e-06,1.0774299425975187e-06,1.6307664907344588e-07,3.954025995511756e-09,1.366933872759546e-07,4.2229981289665375e-08,7.776598636155541e-07,0.0,-1.424403972549726e-08,7.785321258779732e-07,6.55854592856997e-10,1.1393987316143939e-11,2.163803164423328e-10,3.228440448310721e-08,7.776598636155541e-07,2.988978167195455e-07,1.6242078970662988e-07,3.943190218791415e-09,1.3647701280206093e-07,9.945575030201326e-09,0.0,0.0
4.353250187705271e-05,0.019646795408334583,0.0010330158913425258,1.137823536644225e-06,0.003774779025147928,1.1378656381566543e-06,1.0773246685857885e-06,1.6296979765684227e-07,4.066662562252077e-09,1.3669473730715254e-07,4.2230006158661126e-08,7.776600909892295e-07,0.0,-1.4244330159840501e-08,7.785934030835051e-07,7.169249083283091e-10,9.982807983033304e-12,2.1639175173948644e-10,3.228440803582089e-08,7.776600909892295e-07,2.987312086588645e-07,1.6225287424731505e-07,4.055890290288744e-09,1.3647834862240416e-07,9.945599899197077e-09,0.0,0.0
4.353500480647199e-05,0.019647176668513566,0.0009694225576302729,1.1378311711446396e-06,0.003801173964063342,1.1378733688616194e-06,1.0773035228339722e-06,1.6294464444399637e-07,4.095018102390213e-09,1.366990858286954e-07,4.2230038133084236e-08,7.776598636155541e-07,0.0,-1.4244706747490454e-08,7.785458819853375e-07,6.696300736130922e-10,1.9627714384351513e-11,2.1640311764770104e-10,3.228440803582089e-08,7.776598636155541e-07,2.987576976920536e-07,1.6227501475896133e-07,4.076475601522134e-09,1.364826829330923e-07,9.945630985441767e-09,0.0,0.0
4.353750409791246e-05,0.019647556473501027,0.0008210084397455297,1.1378379712908647e-06,0.0033200275655827023,1.1378801900718827e-06,1.0778265959743294e-06,1.6346345432793896e-07,3.5784140095529438e-09,1.3670384646502498e-07,4.2230073660221024e-08,7.776593520247843e-07,0.0,-1.4245023827186287e-08,7.784536819599452e-07,5.779100531455583e-10,2.510814473000167e-11,2.1640726710625557e-10,3.228441158853457e-08,7.776593520247843e-07,2.99372970857803e-07,1.6288554149923584e-07,3.5544509557894344e-09,1.3648744356942188e-07,9.945662071686456e-09,0.0,0.0
4.354000338935293e-05,0.019647936278488487,0.0007625285426069439,1.137843985643302e-06,0.003644891945851733,1.1378861017874442e-06,1.0774833754112478e-06,1.6312139905494405e-07,3.927310476825596e-09,1.3670280907263077e-07,4.2230102081930454e-08,7.776591246511089e-07,0.0,-1.4245295609782715e-08,7.784249760334205e-07,5.493919208454656e-10,1.3386070897569713e-11,2.164097928636366e-10,3.228441158853457e-08,7.776591246511089e-07,2.990583993778273e-07,1.6257200741165434e-07,3.910901824610846e-09,1.3648639196617296e-07,9.945691381574306e-09,0.0,0.0
4.3542502680793405e-05,0.019648316083475947,0.0008943346328749158,1.1378502784922778e-06,0.004120903635159857,1.1378922408766812e-06,1.0769782647912507e-06,1.6262463020666473e-07,4.438123646366421e-09,1.366940409752715e-07,4.223014116178092e-08,7.776595793984598e-07,0.0,-1.4245689072822643e-08,7.784857984916016e-07,6.097745086641737e-10,4.424835498006985e-11,2.1642308778435648e-10,3.2284415141248246e-08,7.776595793984598e-07,2.984924947213585e-07,1.6201485664169013e-07,4.394887564984629e-09,1.3647762386881368e-07,9.945726020532675e-09,0.0,0.0
4.3545005610212684e-05,0.019648694433271885,0.0010730477112517178,1.137857722079362e-06,0.003515246366250089,1.1378997442079708e-06,1.0776354884001194e-06,1.6328293384049175e-07,3.788154234740659e-09,1.3669212250988494e-07,4.223017668891771e-08,7.776603752063238e-07,0.0,-1.4245982171701144e-08,7.786590003888705e-07,7.821658321027769e-10,1.855715060783414e-11,2.1644469549997325e-10,3.2284422246675604e-08,7.776603752063238e-07,2.9897645958953945e-07,1.6250076839696703e-07,3.77061892820052e-09,1.364756769817177e-07,9.945755330420525e-09,0.0,0.0
4.354750126367435e-05,0.019649074238259345,0.001083855995172911,1.1378659141072138e-06,0.00400644831437596,1.1379080433471245e-06,1.077116166925407e-06,1.6275562586542947e-07,4.3154102513653925e-09,1.3670029375134618e-07,4.2230219321481854e-08,7.776602615194861e-07,0.0,-1.4246265500617028e-08,7.786483138261246e-07,7.715884042802656e-10,3.086069594315788e-11,2.1646658077134617e-10,3.228442579938928e-08,7.776602615194861e-07,2.9846785309928237e-07,1.6198403329781286e-07,4.281525356475413e-09,1.3648383401232422e-07,9.945794410270992e-09,0.0,0.0
4.355000055511482e-05,0.019649452588055283,0.0008519087048739493,1.1378732380690063e-06,0.00429727000761318,1.137915546678414e-06,1.0768112588266376e-06,1.62442589157763e-07,4.627348726415903e-09,1.367092892223809e-07,4.2230261954046e-08,7.776594088682032e-07,0.0,-1.4246639423731722e-08,7.784747708683426e-07,5.988736173634379e-10,4.4019576178611075e-11,2.164879248089946e-10,3.228443290481664e-08,7.776594088682032e-07,2.9833651638000447e-07,1.6184371531835495e-07,4.584428836551524e-09,1.3649280106164952e-07,9.94582993740778e-09,0.0,0.0
4.355249984655529e-05,0.01964983093785122,0.000641057089843855,1.137878886702044e-06,0.004068677162649645,1.1379210036466247e-06,1.0770615972433006e-06,1.6269547131742002e-07,4.382215923470767e-09,1.3670720022673777e-07,4.223029748118279e-08,7.776588972774334e-07,0.0,-1.424691209450657e-08,7.783842193020973e-07,5.087950616378123e-10,1.1788082662778088e-11,2.1650703452280595e-10,3.228443645753032e-08,7.776588972774334e-07,2.9867734951949387e-07,1.6218666587519692e-07,4.370117157037612e-09,1.3649069785515167e-07,9.945861911830889e-09,0.0,0.0
4.355500641395338e-05,0.01965021074283868,0.0008648668287505323,1.1378846062761942e-06,0.0040821086443622555,1.1379264606148354e-06,1.0770521612357697e-06,1.6270234937110217e-07,4.396643937809586e-09,1.3669037457475497e-07,4.2230340113746934e-08,7.77659465711622e-07,0.0,-1.4247255819554994e-08,7.784927333887026e-07,6.167493737940788e-10,6.110972838868634e-11,2.165204543436161e-10,3.2284443562957676e-08,7.77659465711622e-07,2.9855945626877656e-07,1.620855982764624e-07,4.3368952873379385e-09,1.3647385799231415e-07,9.945895662610837e-09,0.0,0.0
4.3557502067415044e-05,0.019650587637443095,0.0012621955629200654,1.137892623059581e-06,0.0035339961847883354,1.1379345323803136e-06,1.0776482213259442e-06,1.6330334062786278e-07,3.808404702709822e-09,1.3668417864209914e-07,4.22303791935974e-08,7.776606594234181e-07,0.0,-1.4247580892856604e-08,7.788268021613476e-07,9.496033959166539e-10,3.061766118417353e-11,2.1652890591639107e-10,3.228445422109871e-08,7.776606594234181e-07,2.9882139074288716e-07,1.6235374289408355e-07,3.778648949293029e-09,1.364676478488036e-07,9.945923196141848e-09,0.0,0.0
4.356000499683432e-05,0.019650965987239033,0.0012536027071190503,1.137902141577202e-06,0.003907313168924946,1.1379444231351954e-06,1.0772569112305064e-06,1.6289702386984573e-07,4.209180115566369e-09,1.3669925635895197e-07,4.2230425378875225e-08,7.77660716266837e-07,0.0,-1.4247848234560934e-08,7.788448215251265e-07,9.675840129119706e-10,2.5672269865495423e-11,2.1653830117873696e-10,3.228445777381239e-08,7.77660716266837e-07,2.9841214654879877e-07,1.6192943519399705e-07,4.181189172669519e-09,1.3648271135480172e-07,9.945967605062833e-09,0.0,0.0
4.3562504288274795e-05,0.01965134433703497,0.0009164283367730786,1.1379103518852283e-06,0.004019212024910643,1.1379526085875113e-06,1.0771447023216751e-06,1.6277277836707071e-07,4.329272940140072e-09,1.367124724538371e-07,4.223047511686673e-08,7.776594088682032e-07,0.0,-1.424824169760086e-08,7.785220077494159e-07,6.460392221185884e-10,8.940836265791674e-11,2.165509993545811e-10,3.228447198466711e-08,7.776594088682032e-07,2.986226661505498e-07,1.6212673870086292e-07,4.241643924984828e-09,1.3649591323883214e-07,9.946004020378041e-09,0.0,0.0
4.356500357971527e-05,0.019651721231639385,0.0006896709602770557,1.1379164051868204e-06,0.0036371152469530463,1.1379585203030729e-06,1.0775602277135476e-06,1.6318844586749037e-07,3.919210733727141e-09,1.3671306930973515e-07,4.223052485485823e-08,7.776587267471768e-07,0.0,-1.4248555224583015e-08,7.784244644426508e-07,5.491858634520952e-10,1.9549599786228278e-11,2.1655724435909462e-10,3.228448264280814e-08,7.776587267471768e-07,2.9913576327089686e-07,1.6263925317616668e-07,3.899262690509886e-09,1.364965243055849e-07,9.946040435693249e-09,0.0,0.0
4.356750287115574e-05,0.0196520981262438,0.0007709683230197051,1.137921910257469e-06,0.004204479719036475,1.1379638635844458e-06,1.0769564369184081e-06,1.625925278858631e-07,4.528041497309232e-09,1.3670494070083805e-07,4.2230571040136056e-08,7.776589541208523e-07,0.0,-1.4248831448071542e-08,7.784367426211247e-07,5.612534881294096e-10,4.831683317330082e-11,2.1656104687295397e-10,3.228448619552182e-08,7.776589541208523e-07,2.98519665875574e-07,1.620312701788862e-07,4.477411330583436e-09,1.364883814858331e-07,9.946084844614234e-09,0.0,0.0
4.357000216259621e-05,0.019652475020848215,0.001068104082415422,1.1379288416221364e-06,0.004127849503677937,1.137970684794709e-06,1.0770449989649933e-06,1.6268784008843795e-07,4.445879664416452e-09,1.366972242067277e-07,4.223062433084124e-08,7.776599773023918e-07,0.0,-1.4249194713045199e-08,7.786264859532821e-07,7.499252330234185e-10,7.052741723967415e-11,2.1656668125480394e-10,3.2284503959090216e-08,7.776599773023918e-07,2.9841856985513004e-07,1.6193791907426203e-07,4.378352347345071e-09,1.3648065078086802e-07,9.946122148107861e-09,0.0,0.0
4.357250145403668e-05,0.019652850460261106,0.0012642714530670673,1.1379375982791532e-06,0.0035297645001150374,1.137979666054889e-06,1.077695628737274e-06,1.633300854564368e-07,3.804011772245985e-09,1.3670477017058147e-07,4.223066696340538e-08,7.77660716266837e-07,0.0,-1.424945939021427e-08,7.788261200403213e-07,9.48795930710844e-10,1.653438670701224e-11,2.1657604876157421e-10,3.2284507511803895e-08,7.77660716266837e-07,2.988694802752434e-07,1.6238128353052161e-07,3.786956526141694e-09,1.364881967447218e-07,9.946160339779908e-09,0.0,0.0
4.357500438345596e-05,0.01965322735486552,0.0010289740540656567,1.1379462413977356e-06,0.004076876787048706,1.137988647315069e-06,1.0771168490464333e-06,1.627322063768588e-07,4.391272678816449e-09,1.367249069517129e-07,4.2230723806824244e-08,7.776598067721352e-07,0.0,-1.424975426544961e-08,7.78586922933755e-07,7.105497301651553e-10,9.224606495328302e-11,2.1658591586870557e-10,3.228451816994493e-08,7.776598067721352e-07,2.9852998295609723e-07,1.62021649430244e-07,4.297804778730097e-09,1.3650831931499852e-07,9.946205636879313e-09,0.0,0.0
4.3577503674896434e-05,0.019653604249469936,0.0005440061534400797,1.1379521698752662e-06,0.0037134453697227625,1.1379945590306306e-06,1.0775123655548668e-06,1.631192958484462e-07,4.001283304688741e-09,1.3673439980266267e-07,4.2230777097529426e-08,7.77658669903758e-07,0.0,-1.4250082891464899e-08,7.783539217598445e-07,4.786815943624845e-10,4.201312214791031e-11,2.1659440907484395e-10,3.2284532380799646e-08,7.77658669903758e-07,2.991584153733129e-07,1.6264061741821934e-07,3.961721173340038e-09,1.3651781216594827e-07,9.94624382855136e-09,0.0,0.0
4.3580002966336906e-05,0.019653979688882828,0.0004850888502836992,1.1379560335035063e-06,0.003812086119466139,1.1379979696357623e-06,1.0774095926535665e-06,1.6303194172451185e-07,4.107178153134328e-09,1.367191089229891e-07,4.2230812624666214e-08,7.776585562169203e-07,0.0,-1.4250326252351897e-08,7.783261821714405e-07,4.510234408172664e-10,3.6102225375866936e-11,2.1660219451380414e-10,3.2284535933513325e-08,7.776585562169203e-07,2.990834389038355e-07,1.6258091761756077e-07,4.067773673455122e-09,1.3650250707542e-07,9.946277579331309e-09,0.0,0.0
4.358250225777738e-05,0.01965435512829572,0.0009634127785353996,1.1379614717495173e-06,0.004364906476019081,1.1380031992302975e-06,1.0768214906420326e-06,1.6245920164692507e-07,4.700225098019928e-09,1.3670261012066476e-07,4.223088012622611e-08,7.776596930852975e-07,0.0,-1.4250649549296668e-08,7.785503157720086e-07,6.740263347460029e-10,8.38772107325525e-11,2.1660802318468342e-10,3.228455369708172e-08,7.776596930852975e-07,2.9827117487002397e-07,1.6178516659692832e-07,4.6176711343548504e-09,1.3648599406224093e-07,9.946328205501231e-09,0.0,0.0
4.358500154921785e-05,0.01965473056770861,0.0012392828667415756,1.1379697415371156e-06,0.0035684541739987854,1.1380118394299643e-06,1.077684260053502e-06,1.6331013341641665e-07,3.8456668960407114e-09,1.367134956353766e-07,4.223093696964497e-08,7.776606594234181e-07,0.0,-1.4250942648175169e-08,7.788120228724438e-07,9.347218554722758e-10,9.627567840175821e-12,2.16614406967075e-10,3.228456080250908e-08,7.776606594234181e-07,2.98872294024477e-07,1.6237540023666952e-07,3.837668849371312e-09,1.3649687957695278e-07,9.946377055314315e-09,0.0,0.0
4.358750447863713e-05,0.019655106007121503,0.0009957006304261995,1.1379781325460356e-06,0.004056326140822077,1.1380204796296312e-06,1.0771689176181098e-06,1.6277488157356856e-07,4.369348438615361e-09,1.3673412979642308e-07,4.2230986707636475e-08,7.776599204589729e-07,0.0,-1.4251194890846364e-08,7.785980642438517e-07,7.214971398106229e-10,6.105119881860688e-11,2.1662320548454517e-10,3.2284567907936434e-08,7.776599204589729e-07,2.985708817959676e-07,1.6205338226882304e-07,4.305001688464927e-09,1.3651749952714454e-07,9.94641968787846e-09,0.0,0.0
4.35900037700776e-05,0.019655479991342872,0.0007178982295386049,1.1379845411353894e-06,0.003989303698424432,1.1380267324057058e-06,1.0772466794151114e-06,1.6285000015159312e-07,4.297464162306142e-09,1.3673765408839245e-07,4.223105420919637e-08,7.776590109642711e-07,0.0,-1.4251535951359529e-08,7.78401101797499e-07,5.254744972482683e-10,3.8203058772001697e-11,2.1663157379059328e-10,3.228457856607747e-08,7.776590109642711e-07,2.98845549195903e-07,1.623245253767891e-07,4.263414066230098e-09,1.365210238191139e-07,9.946475643118902e-09,0.0,0.0
4.3592499423539266e-05,0.019655855430755764,0.0007423814556162256,1.137990023600866e-06,0.0032433292520203474,1.138031962000241e-06,1.07805260540772e-06,1.636640973856629e-07,3.496479550335607e-09,1.3672953969035007e-07,4.223109684176052e-08,7.776590109642711e-07,0.0,-1.4251781976781785e-08,7.784163358337537e-07,5.40682387750735e-10,1.84086166449271e-11,2.1663558447126974e-10,3.228458211879115e-08,7.776590109642711e-07,2.9963632641738513e-07,1.631234169963136e-07,3.4766101109084957e-09,1.365128952102168e-07,9.946513834790949e-09,0.0,0.0
4.3595002352958545e-05,0.019656229414977133,0.0009467532066338435,1.1379963406979806e-06,0.0040311731485711795,1.1380383284631534e-06,1.0772126870506327e-06,1.62828300176443e-07,4.3424308593387195e-09,1.367246227346186e-07,4.2231135921610985e-08,7.776597499287163e-07,0.0,-1.4252075075660287e-08,7.785221214362537e-07,6.457316903407673e-10,5.181635329143397e-11,2.1663874860688992e-10,3.2284592776932186e-08,7.776597499287163e-07,2.98690565614379e-07,1.6218257314903894e-07,4.29021174142008e-09,1.3650797825448535e-07,9.946544921035638e-09,0.0,0.0
4.3597505282377824e-05,0.019656603399198502,0.0011528067265587083,1.1380041927208489e-06,0.003075674731241608,1.1380461728549562e-06,1.0782463277791976e-06,1.638585302998763e-07,3.3163349844045342e-09,1.3672726595359563e-07,4.2231192765029846e-08,7.776604888931615e-07,0.0,-1.4252406366210835e-08,7.78701689796435e-07,8.245719662625106e-10,1.4673042295076932e-11,2.1664987859271179e-10,3.2284596329645865e-08,7.776604888931615e-07,2.995445811393438e-07,1.630339596658814e-07,3.305619555860062e-09,1.3651062147346238e-07,9.946594659027141e-09,0.0,0.0
4.3600004573818296e-05,0.01965697738341987,0.0011554251690917283,1.1380128251439312e-06,0.003368579256577513,1.1380550404282985e-06,1.0779400554383756e-06,1.6354260878870264e-07,3.6311265105837265e-09,1.3673715670847741e-07,4.2231228292166634e-08,7.776603183629049e-07,0.0,-1.4252619529031563e-08,7.786672426846053e-07,7.902618559540997e-10,2.5938152667381864e-11,2.166653662039053e-10,3.2284596329645865e-08,7.776603183629049e-07,2.9927281275377027e-07,1.6275234315799025e-07,3.600081788235343e-09,1.3652048380663473e-07,9.94662929798551e-09,0.0,0.0
4.360250386525877e-05,0.01965735136764124,0.0009224788473716217,1.138020596177088e-06,0.003926225073890997,1.1380628848201013e-06,1.0773486565085477e-06,1.6294512761305668e-07,4.229913308506639e-09,1.3674383581019356e-07,4.223127447744446e-08,7.776596930852975e-07,0.0,-1.4252976576756282e-08,7.785054663145274e-07,6.29061802648323e-10,2.2889091663702565e-11,2.166744283993438e-10,3.2284599882359544e-08,7.776596930852975e-07,2.988432186157297e-07,1.6231606991823355e-07,4.21030277308887e-09,1.3652716290835087e-07,9.946674595084914e-09,0.0,0.0
4.360500315669924e-05,0.019657723896671087,0.0007867039064919368,1.1380269633790193e-06,0.002956329132481347,1.1380690239093383e-06,1.0783963944049901e-06,1.639980951040343e-07,3.188094677142317e-09,1.367388193784791e-07,4.223133132086332e-08,7.77659465711622e-07,0.0,-1.425324924753113e-08,7.784418585288222e-07,5.656982104973451e-10,1.4225923390676076e-11,2.1667917460277408e-10,3.228460343507322e-08,7.77659465711622e-07,2.9995453587616794e-07,1.6343238939953153e-07,3.173329599093222e-09,1.365221464766364e-07,9.946727885790096e-09,0.0,0.0
4.360750244813971e-05,0.019658097880892456,0.0008715188168118004,1.1380331648703596e-06,0.004098874650894592,1.1380751629985753e-06,1.0771750567073468e-06,1.6278190173579787e-07,4.415205534513689e-09,1.3673354715137975e-07,4.2231373953427465e-08,7.776596362418786e-07,0.0,-1.4253497049310226e-08,7.78492164954514e-07,6.158122900501439e-10,2.2261062784800778e-11,2.1668623839676826e-10,3.228460343507322e-08,7.776596362418786e-07,2.9868294859625166e-07,1.621660885575693e-07,4.389681507177556e-09,1.3651686003868235e-07,9.946772294711081e-09,0.0,0.0
4.361000537755899e-05,0.019658470409922302,0.0009161160402975099,1.13803982432915e-06,0.003502397769739743,1.1380819842088385e-06,1.0778217074403074e-06,1.63424132892942e-07,3.774960344316014e-09,1.367377961969396e-07,4.2231427244132647e-08,7.776598067721352e-07,0.0,-1.4253834557109712e-08,7.785277489347209e-07,6.512293482252574e-10,2.8495558343499816e-11,2.1669577243699223e-10,3.228460343507322e-08,7.776598067721352e-07,2.9929401534900535e-07,1.6277290626476315e-07,3.751615462732616e-09,1.3652109487338748e-07,9.946823809059424e-09,0.0,0.0
4.361250466899946e-05,0.019658842938952148,0.0008605433414372726,1.1380464429011084e-06,0.003102642196113767,1.1380885780454264e-06,1.078257582776132e-06,1.6385700973842177e-07,3.34544747460086e-09,1.3674085153070337e-07,4.223147698212415e-08,7.776597499287163e-07,0.0,-1.4254062818963575e-08,7.785012030581129e-07,6.2475019602104e-10,3.084817470910828e-11,2.1670475136570388e-10,3.228460343507322e-08,7.776597499287163e-07,2.997564081397286e-07,1.6323225793257734e-07,3.311842355913086e-09,1.3652415020715125e-07,9.946871770694088e-09,0.0,0.0
4.3615003960439935e-05,0.019659215467981994,0.0008489992473351693,1.1380528114435293e-06,0.0037260417290878754,1.1380949445083388e-06,1.0775938790175132e-06,1.6319410178766702e-07,4.015159760228926e-09,1.3674008414454875e-07,4.2231516061974617e-08,7.776596930852975e-07,0.0,-1.4254349700593139e-08,7.784893796269898e-07,6.129487473138795e-10,2.8110458405450345e-11,2.167134943720228e-10,3.228460343507322e-08,7.776596930852975e-07,2.9910452781223285e-07,1.6258114499123621e-07,3.987445484909813e-09,1.3652338282099663e-07,9.946913515079814e-09,0.0,0.0
4.36174996139016e-05,0.01965958799701184,0.0008652822324854981,1.138059197639695e-06,0.003355914861317024,1.1381013109712512e-06,1.077997467291425e-06,1.6359648213892797e-07,3.6176677209454056e-09,1.3674123522378068e-07,4.223156224725244e-08,7.776596930852975e-07,0.0,-1.4254633917687443e-08,7.784954050293891e-07,6.189636025943912e-10,2.578570169886607e-11,2.1672671990380366e-10,3.228460343507322e-08,7.776596930852975e-07,2.995020338403265e-07,1.6297752836180734e-07,3.5920126872923674e-09,1.3652450547851913e-07,9.946957035822379e-09,0.0,0.0
4.3620006181299686e-05,0.019659959070850164,0.0008756946284620426,1.1380656579493573e-06,0.003637708722833778,1.1381077911210014e-06,1.0777008583318093e-06,1.6329789787050686e-07,3.920361812959072e-09,1.367432247434408e-07,4.2231611985243944e-08,7.776598067721352e-07,0.0,-1.4254895930321254e-08,7.785019988659769e-07,6.254827211726877e-10,2.689431143065857e-11,2.1674274874872168e-10,3.228460343507322e-08,7.776598067721352e-07,2.991988878875418e-07,1.6267242131107196e-07,3.893175559710471e-09,1.3652648078732454e-07,9.947007661992302e-09,0.0,0.0
4.362250183476135e-05,0.01966033159988001,0.0009265902070580978,1.13807237198357e-06,0.0032427010030479752,1.1381143849575892e-06,1.0781315040730988e-06,1.6372777622564172e-07,3.4960581096754595e-09,1.3674389265361242e-07,4.2231665275949126e-08,7.776598636155541e-07,0.0,-1.4255169489274522e-08,7.78529340550449e-07,6.527060558703113e-10,3.037215964840634e-11,2.1676030415029857e-10,3.228460343507322e-08,7.776598636155541e-07,2.996021919443592e-07,1.6307505745771778e-07,3.466879450186866e-09,1.3652713448664144e-07,9.947060952697484e-09,0.0,0.0
4.362500112620182e-05,0.019660702673718333,0.001001733813573935,1.1380795274895286e-06,0.003958614765402686,1.1381215472283657e-06,1.0773695748866885e-06,1.6296615967803518e-07,4.264891106942059e-09,1.3674346632797096e-07,4.223170790851327e-08,7.776599773023918e-07,0.0,-1.4255416402875198e-08,7.785675961713423e-07,6.908356109391889e-10,3.368843398687815e-11,2.1677963590871485e-10,3.228460343507322e-08,7.776599773023918e-07,2.988020071370556e-07,1.6227532739776507e-07,4.2260634991464485e-09,1.3652669395014527e-07,9.94710447344005e-09,0.0,0.0
4.3627500417642295e-05,0.019661073747556657,0.001001702110031033,1.1380869617161087e-06,0.004429543944334521,1.1381290505596553e-06,1.07687151285063e-06,1.6246454492829798e-07,4.770049688573863e-09,1.3674717536105163e-07,4.223176475193213e-08,7.776598636155541e-07,0.0,-1.4255732594392612e-08,7.785578191032982e-07,6.812056474458927e-10,3.617592683746729e-11,2.168001472790948e-10,3.22846069877869e-08,7.776598636155541e-07,2.983137221690413e-07,1.6178333339667006e-07,4.736917968983789e-09,1.365303745615165e-07,9.947157764145231e-09,0.0,0.0
4.3630003347061574e-05,0.01966144482139498,0.0009206469042908338,1.1380940950503822e-06,0.003599327290352123,1.1381362128304318e-06,1.07776918412128e-06,1.6335930297373125e-07,3.879244037108265e-09,1.367503159599437e-07,4.223181093720996e-08,7.776595793984598e-07,0.0,-1.4255983060706967e-08,7.785066031829047e-07,6.301966171129436e-10,3.6169549993969596e-11,2.1681823003660838e-10,3.22846069877869e-08,7.776595793984598e-07,2.9926260936008475e-07,1.627291084105309e-07,3.842834495060288e-09,1.3653348673869914e-07,9.947206613958315e-09,0.0,0.0
4.3632502638502046e-05,0.01966181444004178,0.0009173400572421997,1.1381008885929178e-06,0.004222339203852134,1.1381429203538573e-06,1.0771069582915516e-06,1.6270055880340806e-07,4.5479109367363435e-09,1.367468627222479e-07,4.22318535697741e-08,7.776595225550409e-07,0.0,-1.4256257507838654e-08,7.784996114423848e-07,6.232447335996483e-10,3.354934038912738e-11,2.1683270456929193e-10,3.22846069877869e-08,7.776595225550409e-07,2.986073468491668e-07,1.6207731334816344e-07,4.513703188990803e-09,1.3653003350100335e-07,9.94724835834404e-09,0.0,0.0
4.363499829196371e-05,0.019662185513880104,0.001002966653238957,1.138108014348736e-06,0.0033839138132125838,1.1381500826246338e-06,1.0780137245092192e-06,1.6360883137167548e-07,3.6479055331994914e-09,1.3674521426310093e-07,4.223189975505193e-08,7.776596930852975e-07,0.0,-1.4256543501289798e-08,7.785482694089296e-07,6.717691403146375e-10,3.133140275002333e-11,2.16850246093081e-10,3.22846069877869e-08,7.776596930852975e-07,2.994654266785801e-07,1.6293705584757845e-07,3.62000918130434e-09,1.3652835662014695e-07,9.947293655443445e-09,0.0,0.0
4.36375048593618e-05,0.019662555132526904,0.001039845933028971,1.1381155649649741e-06,0.003853620370524725,1.1381576996427611e-06,1.0775166856547003e-06,1.6310870876168337e-07,4.15234024941924e-09,1.3674811327746283e-07,4.2231938834902394e-08,7.776598067721352e-07,0.0,-1.4256754887753686e-08,7.785839102325554e-07,7.072036845023888e-10,2.7804127056274552e-11,2.1686949458477045e-10,3.22846069877869e-08,7.776598067721352e-07,2.989327470004355e-07,1.6240149136592663e-07,4.11919520715287e-09,1.3653124142365414e-07,9.947332735293912e-09,0.0,0.0
4.364000415080227e-05,0.019662924751173705,0.0010554128881370417,1.138123309432276e-06,0.004220778512926649,1.1381654303477262e-06,1.077130036719609e-06,1.6272072400624893e-07,4.546327314614018e-09,1.3674942067609663e-07,4.223198146746654e-08,7.776598636155541e-07,0.0,-1.4257090619196333e-08,7.785978368701763e-07,7.211132801998588e-10,2.6952842735461502e-11,2.168894508436381e-10,3.22846069877869e-08,7.776598636155541e-07,2.9853214300601394e-07,1.6199960839458072e-07,4.523592611604954e-09,1.3653253461143322e-07,9.947375367858058e-09,0.0,0.0
4.3642499804263934e-05,0.019663294369820505,0.0010708679130422283,1.1381311685626005e-06,0.0033182587902853755,1.138173274739529e-06,1.0781064929688e-06,1.636978481656115e-07,3.577436347157459e-09,1.3674886645276274e-07,4.2232020547317006e-08,7.776598067721352e-07,0.0,-1.4257322433763875e-08,7.786049422975339e-07,7.282563996291458e-10,2.8517082792389736e-11,2.169086438241763e-10,3.22846069877869e-08,7.776598067721352e-07,2.9950155067126616e-07,1.6296958449402155e-07,3.5470317794050743e-09,1.365319519663899e-07,9.947414447708525e-09,0.0,0.0
4.3645002733683214e-05,0.01966366544365883,0.0009799357246844664,1.1381387785583756e-06,0.004669963426822918,1.138181005444494e-06,1.0766633522507618e-06,1.6225178001150198e-07,5.027978478011619e-09,1.3675197862994537e-07,4.223207383802219e-08,7.776595793984598e-07,0.0,-1.4257584446397686e-08,7.785581033203925e-07,6.816391895370089e-10,2.71378024219171e-11,2.1692317386801108e-10,3.22846069877869e-08,7.776595793984598e-07,2.981051920869504e-07,1.615701421542326e-07,4.998364833141977e-09,1.365350499327178e-07,9.947465073878448e-09,0.0,0.0
4.3647502025123686e-05,0.019664033607114106,0.000842915986801529,1.1381454896322213e-06,0.0036514542651831516,1.138187599281082e-06,1.077762249224179e-06,1.6334749375346291e-07,3.935399561783015e-09,1.3675544607849588e-07,4.2232116470586334e-08,7.776592951813655e-07,0.0,-1.4257905966985618e-08,7.78492562858446e-07,6.163411447879241e-10,1.6593514756690908e-11,2.1693719043369697e-10,3.22846069877869e-08,7.776592951813655e-07,2.992696579440235e-07,1.6273114056275517e-07,3.924814695466239e-09,1.365385031704136e-07,9.947508594621013e-09,0.0,0.0
4.3650004954542965e-05,0.019664403225760907,0.0008691984900295324,1.1381518179265822e-06,0.0035981299066372326,1.1381938520571566e-06,1.0778254591059522e-06,1.6341567743438645e-07,3.878156018544132e-09,1.3675037280336255e-07,4.22321555504368e-08,7.776593520247843e-07,0.0,-1.4258116465271087e-08,7.785171760588128e-07,6.408443220529136e-10,1.261349965447911e-11,2.1695080454353644e-10,3.228461054050058e-08,7.776593520247843e-07,2.9930825462543e-07,1.627748247301497e-07,3.8604404117847935e-09,1.3653341568442556e-07,9.94754589811464e-09,0.0,0.0
4.365250060800463e-05,0.019664771389216185,0.0009843919873269158,1.1381586421693304e-06,0.004078015007078804,1.13820067326742e-06,1.077316710507148e-06,1.6290807991481415e-07,4.39331371282492e-09,1.3674890908532689e-07,4.2232205288428304e-08,7.776597499287163e-07,0.0,-1.4258444203107956e-08,7.786072160342883e-07,7.304871707525251e-10,1.1874858735216876e-11,2.1696826280059867e-10,3.228461054050058e-08,7.776597499287163e-07,2.987095228945691e-07,1.6217759934988862e-07,4.385713125998336e-09,1.3653193775553518e-07,9.947593859749304e-09,0.0,0.0
4.36549998994451e-05,0.019665139552671462,0.000980869180692956,1.1381658775427518e-06,0.002875057743090539,1.1382080629118718e-06,1.0786160373754683e-06,1.6420111137449567e-07,3.1010833900779744e-09,1.36755090807128e-07,4.223223726285141e-08,7.776598067721352e-07,0.0,-1.4258678682210757e-08,7.786250080243917e-07,7.482299779759671e-10,9.025249297911486e-12,2.1698444430118258e-10,3.228461054050058e-08,7.776598067721352e-07,2.999909725076577e-07,1.6345288145203085e-07,3.0914601989451285e-09,1.3653810526648158e-07,9.947626722350833e-09,0.0,0.0
4.365750282886438e-05,0.01966550771612674,0.0008876558413726254,1.1381727567690356e-06,0.004309131790329378,1.1382148841221351e-06,1.0770824019346037e-06,1.626649748232012e-07,4.641290018980726e-09,1.367579898214899e-07,4.22322727899882e-08,7.77659465711622e-07,0.0,-1.4258946023915087e-08,7.7855423796791e-07,6.778019256969969e-10,2.0691776417280927e-11,2.1699241015138426e-10,3.228461409321426e-08,7.77659465711622e-07,2.985281639666937e-07,1.6198717389670492e-07,4.6160657518612425e-09,1.3654099006998877e-07,9.947658696773942e-09,0.0,0.0
4.366000212030485e-05,0.019665875879582018,0.000772753897733125,1.138178869790903e-06,0.003768345488451012,1.138221023211372e-06,1.0776684575830586e-06,1.632480177704565e-07,4.06102707017908e-09,1.3676132937234797e-07,4.2232318975266026e-08,7.7765906780769e-07,0.0,-1.4259273761751956e-08,7.784910849295557e-07,6.150494002987728e-10,1.0462681068745816e-11,2.170020552139107e-10,3.228461409321426e-08,7.7765906780769e-07,2.991773158100841e-07,1.6263297197838256e-07,4.056621705217367e-09,1.3654432962084684e-07,9.947703993873347e-09,0.0,0.0
4.3662501411745325e-05,0.019666244043037295,0.0007043964090662769,1.138184308118512e-06,0.003303375911194133,1.138226366492745e-06,1.0781728860820294e-06,1.637501014783993e-07,3.561610339986032e-09,1.367638873261967e-07,4.2232354502402814e-08,7.776589541208523e-07,0.0,-1.425947004918271e-08,7.784540230204584e-07,5.780311229663937e-10,8.264777751065822e-12,2.170120333433445e-10,3.228461764592794e-08,7.776589541208523e-07,2.997189483266993e-07,1.6317206075200374e-07,3.549269100844299e-09,1.3654687336384086e-07,9.947739521010135e-09,0.0,0.0
4.3665004341164604e-05,0.01966661075130105,0.0008937414609420102,1.1381901686221475e-06,0.0041611725983586355,1.138232050834631e-06,1.0772572522910195e-06,1.6283983939047175e-07,4.482653359616506e-09,1.3675791876721632e-07,4.223240068768064e-08,7.77659465711622e-07,0.0,-1.4259797787019579e-08,7.785484967826051e-07,6.720228817869156e-10,2.692925743508212e-11,2.1702167840587094e-10,3.2284621198641617e-08,7.77659465711622e-07,2.9870872708670504e-07,1.6216782228184456e-07,4.457858970852158e-09,1.3654090480486047e-07,9.94778215357428e-09,0.0,0.0
4.3667503632605076e-05,0.019666977459564805,0.001225465955482008,1.1381979399308695e-06,0.002746267686164565,1.1382398952264339e-06,1.0787847486426472e-06,1.6436942473774252e-07,2.9626316955244647e-09,1.3675503396370914e-07,4.2232464636526856e-08,7.776602615194861e-07,0.0,-1.426006068783181e-08,7.787779736645462e-07,9.006523860044524e-10,1.4799265979359433e-11,2.1702344088492254e-10,3.2284624751355295e-08,7.776602615194861e-07,3.00006774978101e-07,1.6346876918760245e-07,2.9505149434783107e-09,1.365380200013533e-07,9.947839885171561e-09,0.0,0.0
4.367000292404555e-05,0.019667345623020083,0.0012268053093661413,1.138206968297491e-06,0.0037321829967966787,1.138249217547127e-06,1.077734054888424e-06,1.6330773178196978e-07,4.022300714723315e-09,1.3676604737611342e-07,4.223251082180468e-08,7.776603183629049e-07,0.0,-1.4260272962474119e-08,7.787853064655792e-07,9.079405005607555e-10,1.5115981383262422e-11,2.1702312169580296e-10,3.2284628304068974e-08,7.776603183629049e-07,2.9894880526626366e-07,1.6239980027421552e-07,4.001212694504375e-09,1.3654901920290285e-07,9.947883405914126e-09,0.0,0.0
4.367250221548602e-05,0.019667710876092315,0.000898878433726491,1.1382147324226684e-06,0.0038687602203642405,1.1382570619389298e-06,1.0775949021990527e-06,1.6315679829403962e-07,4.1689562912949896e-09,1.3677880872364767e-07,4.2232560559796184e-08,7.776592951813655e-07,0.0,-1.4260618463879382e-08,7.785282605254906e-07,6.519239592606141e-10,5.996388802165242e-11,2.1702947772261894e-10,3.228463540949633e-08,7.776592951813655e-07,2.990666416735621e-07,1.6250487533397973e-07,4.113483331735779e-09,1.365617663395824e-07,9.947925150299852e-09,0.0,0.0
4.367500150692649e-05,0.01966807758435607,0.0006903368641246743,1.1382205602064946e-06,0.003309008257428859,1.138262746280816e-06,1.0782014214782976e-06,1.637640281160202e-07,3.56777740684322e-09,1.367787518802288e-07,4.223262806135608e-08,7.77658669903758e-07,0.0,-1.4260836067592209e-08,7.784364015606116e-07,5.607025954645906e-10,1.37139466449554e-11,2.1703178143539503e-10,3.228464251492369e-08,7.77658669903758e-07,2.9976504833939543e-07,1.632033246323772e-07,3.5516301011284668e-09,1.3656172370701825e-07,9.947985546432392e-09,0.0,0.0
4.367750443634577e-05,0.019668444292619824,0.0007761296515980121,1.138225937860393e-06,0.004014294298105344,1.1382678621885134e-06,1.0774489282994182e-06,1.6302041672133782e-07,4.325197089372068e-09,1.3676961430064694e-07,4.2232674246633906e-08,7.776588972774334e-07,0.0,-1.4261119396508093e-08,7.784540230204584e-07,5.781166101392898e-10,4.2148583234702386e-11,2.1703126795724614e-10,3.228464606763737e-08,7.776588972774334e-07,2.9899487685725035e-07,1.6244229072981398e-07,4.283333243648713e-09,1.3655258612743637e-07,9.948029067174957e-09,0.0,0.0
4.3680000089807436e-05,0.019668809545692056,0.0010327015847053644,1.138232544672055e-06,0.0033954872705030136,1.1382744560251012e-06,1.078119566955138e-06,1.636995392573226e-07,3.6607412656763927e-09,1.3676019250397076e-07,4.223272753733909e-08,7.776599204589729e-07,0.0,-1.4261401837245558e-08,7.786325113556813e-07,7.555706615924862e-10,5.765289287640307e-11,2.170335022810832e-10,3.228466027849208e-08,7.776599204589729e-07,2.994871124428755e-07,1.6294396232297004e-07,3.604625042896714e-09,1.3654315011990548e-07,9.948066370668585e-09,0.0,0.0
4.3682503019226715e-05,0.01966917625395581,0.00119420779613999,1.1382407109327809e-06,0.003742499563820038,1.138282755164255e-06,1.077754859579727e-06,1.633304691495141e-07,4.0334970918820545e-09,1.3676381627192313e-07,4.223278793347163e-08,7.776605457365804e-07,0.0,-1.4261656744452011e-08,7.788036668898712e-07,9.260518463172218e-10,6.308684477596138e-12,2.170400525969285e-10,3.228466738391944e-08,7.776605457365804e-07,2.989511926898558e-07,1.6240441880199796e-07,4.024462985086075e-09,1.3654677388785785e-07,9.948123214087445e-09,0.0,0.0
4.368500231066719e-05,0.019669541507028043,0.000991157666278497,1.138248693047272e-06,0.0040100163247191395,1.1382910543034086e-06,1.077475531019445e-06,1.630328227975042e-07,4.320694468873398e-09,1.3678302934749809e-07,4.223284832960417e-08,7.776596930852975e-07,0.0,-1.4261936520654217e-08,7.785832849549479e-07,7.065459883826009e-10,6.305684446816784e-11,2.1704657515719816e-10,3.22846744893468e-08,7.776596930852975e-07,2.9889224606449716e-07,1.6232627331191907e-07,4.258811969748422e-09,1.365659727525781e-07,9.948173840257368e-09,0.0,0.0
4.3687505240086466e-05,0.019669906760100275,0.0006858855828610899,1.1382548184992622e-06,0.003829176481660311,1.1382969660189701e-06,1.077675278793322e-06,1.6322721307915344e-07,4.126608832422107e-09,1.3678926791271806e-07,4.223289451488199e-08,7.776588404340146e-07,0.0,-1.4262183434254894e-08,7.784062177051965e-07,5.303290029345931e-10,1.1738857282062032e-11,2.1705370834013138e-10,3.2284681594774156e-08,7.776588404340146e-07,2.992690895098349e-07,1.6269687819203682e-07,4.1137333539609244e-09,1.3657221131779806e-07,9.948212920107835e-09,0.0,0.0
4.369000453152694e-05,0.019670272013172507,0.0008327373967702556,1.1382603653163508e-06,0.004302430462913202,1.1383021956135053e-06,1.0771723282232415e-06,1.6274255187909148e-07,4.634459038754812e-09,1.3677053800620342e-07,4.223294780558717e-08,7.776592383379466e-07,0.0,-1.426248807945285e-08,7.784731792526145e-07,5.968663341349156e-10,4.974409772984245e-11,2.1706519914843625e-10,3.2284685147487835e-08,7.776592383379466e-07,2.986991773923364e-07,1.62145695981053e-07,4.584067347934706e-09,1.3655348141128343e-07,9.94825999356408e-09,0.0,0.0
4.369250382296741e-05,0.019670635811053216,0.0012440026343369937,1.1382679204525719e-06,0.004007031999204665,1.1383098126316327e-06,1.0774964493975858e-06,1.6307474481891404e-07,4.317562751765536e-09,1.3676131516149326e-07,4.223301530714707e-08,7.776604320497427e-07,0.0,-1.4262782066509772e-08,7.787764388922369e-07,8.989637367839975e-10,2.724597804315554e-11,2.1707703690143632e-10,3.228469935834255e-08,7.776604320497427e-07,2.9872003892705834e-07,1.6217578036048508e-07,4.291946797962964e-09,1.3654424435571855e-07,9.94831594880452e-09,0.0,0.0
4.3694999476429075e-05,0.019670999608933926,0.0012139407469319852,1.138276862398502e-06,0.0038702898334288063,1.1383191349523258e-06,1.0776523140521022e-06,1.6321018847520463e-07,4.170826795046878e-09,1.3678169352715486e-07,4.2233057939711216e-08,7.776603752063238e-07,0.0,-1.4263041414608324e-08,7.787634217493178e-07,8.859782352210743e-10,3.3012457351100366e-11,2.170873203422019e-10,3.228469935834255e-08,7.776603752063238e-07,2.988888070376561e-07,1.6232421273798536e-07,4.137539644233357e-09,1.3656460851052543e-07,9.948358581368666e-09,0.0,0.0
4.3697502405848354e-05,0.019671364862006158,0.0008012155113683583,1.1382842228186458e-06,0.003786666591815954,1.1383265245967777e-06,1.0777490615510033e-06,1.6329137508819258e-07,4.08107636573618e-09,1.3679850496828294e-07,4.2233118335843756e-08,7.776591814945277e-07,0.0,-1.4263308756312654e-08,7.784714739500487e-07,5.952245363261e-10,5.66849761574062e-11,2.1709378739132035e-10,3.2284713569197265e-08,7.776591814945277e-07,2.9927755917924515e-07,1.6269615343844634e-07,4.024965249982415e-09,1.365814057407988e-07,9.94840476664649e-09,0.0,0.0
4.370000533526763e-05,0.019671728659886867,0.000708853366461426,1.1382897164172206e-06,0.0038494473257413868,1.138331754191313e-06,1.0776865337902564e-06,1.6324135287959507e-07,4.148497545486407e-09,1.3678626942237315e-07,4.223317162654894e-08,7.776588404340146e-07,0.0,-1.4263568992589626e-08,7.784353783790721e-07,5.594453234003538e-10,1.3072162276250854e-11,2.170930102352031e-10,3.2284717121910944e-08,7.776588404340146e-07,2.99251070146056e-07,1.62681899951167e-07,4.1346495116556525e-09,1.36569170194889e-07,9.948454504637994e-09,0.0,0.0
4.37025009887293e-05,0.019672092457767576,0.0009668286641879575,1.1382958125129356e-06,0.003896000413570318,1.1383377795937122e-06,1.077642195923545e-06,1.6320863949204067e-07,4.198494440998957e-09,1.3677393440048036e-07,4.223321781182676e-08,7.776595793984598e-07,0.0,-1.4263844327899733e-08,7.785586149111623e-07,6.819369513522133e-10,6.384680284465816e-11,2.1709072040021482e-10,3.22847242273383e-08,7.776595793984598e-07,2.990835525906732e-07,1.6252670320682228e-07,4.135237485769494e-09,1.3655684938385093e-07,9.948491808131621e-09,0.0,0.0
4.370500391814858e-05,0.019672456255648285,0.0011222776717225713,1.1383034126375114e-06,0.003877043221746155,1.1383455102986773e-06,1.077669935511949e-06,1.6323028262377193e-07,4.178172918756218e-09,1.3677924926014384e-07,4.2233267549818265e-08,7.776604320497427e-07,0.0,-1.4264097458749347e-08,7.787267577441526e-07,8.49270986869044e-10,2.367235574229909e-11,2.1709305186856653e-10,3.228473488547934e-08,7.776604320497427e-07,2.98943149346087e-07,1.6238101352428203e-07,4.153538846196625e-09,1.365621500326597e-07,9.948534440695767e-09,0.0,0.0
4.370750320958905e-05,0.01967281859833747,0.0010947521158222173,1.1383114458828636e-06,0.003973468730571045,1.1383535820641555e-06,1.0775742111945874e-06,1.631251791422983e-07,4.2817074330514515e-09,1.367888273762219e-07,4.2233331498664484e-08,7.776601478326484e-07,0.0,-1.426438700491417e-08,7.786644005136623e-07,7.871069906961736e-10,4.812151024879974e-11,2.1710211406400504e-10,3.228473488547934e-08,7.776601478326484e-07,2.9890981068092515e-07,1.623380825321874e-07,4.235009232189668e-09,1.3657171393788303e-07,9.948596613185146e-09,0.0,0.0
4.371000613900833e-05,0.01967318239621818,0.0009166060646386143,1.1383187631612975e-06,0.0033880769762026394,1.1383609717086074e-06,1.0782099479911267e-06,1.6375162203985383e-07,3.6530583003013817e-09,1.3679880339623196e-07,4.2233384789369666e-08,7.77659465711622e-07,0.0,-1.4264648129369562e-08,7.785067168697424e-07,6.301151267429361e-10,4.537595993392429e-11,2.1710953868048222e-10,3.2284741990906696e-08,7.77659465711622e-07,2.997032026996749e-07,1.6312149853092706e-07,3.6087195454115317e-09,1.365816899578931e-07,9.94864279846297e-09,0.0,0.0
4.371250179246999e-05,0.019673544738907367,0.0007592044341393489,1.1383248353381245e-06,0.003723304385403859,1.138366883424169e-06,1.0778554724311107e-06,1.6339858177616406e-07,4.013184007334303e-09,1.3679760968443588e-07,4.223342742193381e-08,7.776592383379466e-07,0.0,-1.4264893266613399e-08,7.784193485349533e-07,5.430135785466916e-10,2.9618651281593245e-11,2.1710887254666744e-10,3.2284745543620375e-08,7.776592383379466e-07,2.994360670527385e-07,1.6285557080664148e-07,3.981159846233595e-09,1.3658049624609703e-07,9.948682766491856e-09,0.0,0.0
4.3715001083910465e-05,0.019673907081596553,0.0009663318636725649,1.1383310876927488e-06,0.003995290049937763,1.1383729088265682e-06,1.07756909528689e-06,1.6312728234879614e-07,4.305201084520149e-09,1.367819209008303e-07,4.223349492349371e-08,7.776598636155541e-07,0.0,-1.426518814184874e-08,7.785474167576467e-07,6.704519717182222e-10,5.0297124104536906e-11,2.1710688802301092e-10,3.2284749096334053e-08,7.776598636155541e-07,2.990216501075338e-07,1.6245682843418763e-07,4.255842345202154e-09,1.3656480746249144e-07,9.948743162624396e-09,0.0,0.0
4.3717504013329744e-05,0.01967426942428574,0.00123808418973681,1.1383390752331576e-06,0.0037319008687047737,1.1383810942788841e-06,1.0778596788441064e-06,1.634169279896014e-07,4.022465471820169e-09,1.367821909070699e-07,4.223354110877153e-08,7.776605457365804e-07,0.0,-1.4265444825412033e-08,7.787415370330564e-07,8.638432746899127e-10,2.1581075468346533e-11,2.1710681863407189e-10,3.228475620176141e-08,7.776605457365804e-07,2.9911817023275944e-07,1.625530785531737e-07,4.000710429608034e-09,1.3656509167958575e-07,9.948784907010122e-09,0.0,0.0
4.3720003304770216e-05,0.019674631766974926,0.0010188152000942807,1.138347252943099e-06,0.0038916939430240953,1.1383896207917132e-06,1.0776961971714627e-06,1.6323261320394522e-07,4.1940637629522826e-09,1.3680373456281814e-07,4.2233590846763036e-08,7.776598636155541e-07,0.0,-1.4265711278937943e-08,7.785578759467171e-07,6.809153796361045e-10,6.107937072785674e-11,2.1711042685890192e-10,3.228475975447509e-08,7.776598636155541e-07,2.991383212247456e-07,1.6255170010026632e-07,4.13308676172619e-09,1.3658662112447928e-07,9.948831092287946e-09,0.0,0.0
4.3722506234189495e-05,0.01967499265447259,0.0006720681064908973,1.1383533551295525e-06,0.003530885244307324,1.1383955325072748e-06,1.078089326256304e-06,1.6362204746656062e-07,3.806609694123608e-09,1.3680821098205342e-07,4.22336476901819e-08,7.7765906780769e-07,0.0,-1.4265992831496987e-08,7.7836762102379e-07,4.914603168870713e-10,2.7455336615300752e-11,2.171171575859887e-10,3.228476685990245e-08,7.7765906780769e-07,2.9972167681080464e-07,1.6313057926709007e-07,3.780794344265814e-09,1.3659108333285985e-07,9.94888083027945e-09,0.0,0.0
4.372500552562997e-05,0.019675354997161776,0.0008198934824541482,1.1383587611432955e-06,0.0035044842809939403,1.1384006484149722e-06,1.078122409126081e-06,1.6367337707379193e-07,3.778263035769669e-09,1.3678979371434252e-07,4.2233683217318685e-08,7.776592951813655e-07,0.0,-1.4266241521454504e-08,7.784310582792386e-07,5.546565429170869e-10,4.1178029736022026e-11,2.1712409647989261e-10,3.2284770412616126e-08,7.776592951813655e-07,2.9969137926855183e-07,1.6311871320340288e-07,3.735709075414206e-09,1.3657266606514895e-07,9.948915469237818e-09,0.0,0.0
4.372750117909163e-05,0.01967571588465944,0.0011512108297928592,1.1383658746123244e-06,0.00373832285737776,1.1384078106857487e-06,1.0778780961118173e-06,1.6343459208201239e-07,4.029456324161629e-09,1.3678337040801125e-07,4.2233740060737546e-08,7.776602046760672e-07,0.0,-1.4266515080407771e-08,7.786482001392869e-07,7.709091698338e-10,4.2621989271296457e-11,2.1712627529257844e-10,3.2284777518043484e-08,7.776602046760672e-07,2.992299243942398e-07,1.626636816354221e-07,3.987073782241168e-09,1.3656624275881768e-07,9.948963430872482e-09,0.0,0.0
4.3730000470532104e-05,0.019676076772157103,0.0011309468589821847,1.1383741106341002e-06,0.0038484322218651015,1.1384163371985778e-06,1.0777680472529028e-06,1.6331152608017874e-07,4.1477172807447005e-09,1.367961175446908e-07,4.2233796904156407e-08,7.776603752063238e-07,0.0,-1.4266769099435805e-08,7.786759965711099e-07,7.985151428968607e-10,2.2067788568724822e-11,2.1712275033447526e-10,3.228478107075716e-08,7.776603752063238e-07,2.9909202226008347e-07,1.6251301815373154e-07,4.123937635824859e-09,1.3657900410635193e-07,9.949017609756083e-09,0.0,0.0
4.3732503399951383e-05,0.019676437659654766,0.0009040441948293676,1.1383814546623919e-06,0.004094241822335121,1.1384237268430297e-06,1.0775112286864896e-06,1.6304331040828401e-07,4.411591536523929e-09,1.3680833887974586e-07,4.223385374757527e-08,7.776595225550409e-07,0.0,-1.4267058645600628e-08,7.78472156071075e-07,5.954805537555785e-10,5.518385748359833e-11,2.171192808875233e-10,3.228478817618452e-08,7.776595225550409e-07,2.990390441937052e-07,1.624478187522982e-07,4.357815885924765e-09,1.36591225441407e-07,9.949065571390747e-09,0.0,0.0
4.373500632937066e-05,0.01967679854715243,0.0007802166317887327,1.1383875329491433e-06,0.0033859568362222536,1.1384296385585913e-06,1.0782773642858956e-06,1.638102133938446e-07,3.6510006129475414e-09,1.368080972952157e-07,4.223389638013941e-08,7.776591246511089e-07,0.0,-1.4267332204553895e-08,7.784012723277556e-07,5.250410106683034e-10,1.43272147618001e-11,2.1711843434246703e-10,3.22847917288982e-08,7.776591246511089e-07,2.998761488015589e-07,1.6328516494468204e-07,3.6381611057123564e-09,1.3659098385687685e-07,9.949102874884375e-09,0.0,0.0
4.3737505620811135e-05,0.01967715797945857,0.0008703055759262668,1.1383934654591777e-06,0.0037741170269957555,1.138435436587315e-06,1.077865931620181e-06,1.6340950992344005e-07,4.067992165346368e-09,1.3679692756340955e-07,4.2233949670844595e-08,7.776595225550409e-07,0.0,-1.4267564907299857e-08,7.784526019349869e-07,5.759889787348982e-10,5.871302749538287e-11,2.1711847597583045e-10,3.2284798834325557e-08,7.776595225550409e-07,2.994133296851942e-07,1.628335155601235e-07,4.006471154838209e-09,1.3657979991421598e-07,9.949153501054298e-09,0.0,0.0
4.37400012742728e-05,0.01967751741176471,0.001103354560330061,1.1384005594313208e-06,0.0038788916441255396,1.1384425988580915e-06,1.0777602028611e-06,1.6330977814504877e-07,4.180515045248967e-09,1.367900637205821e-07,4.223399585612242e-08,7.776603752063238e-07,0.0,-1.4267864223427296e-08,7.786564424350217e-07,7.789540124036876e-10,2.96426355683721e-11,2.1711996089912589e-10,3.2284805939752914e-08,7.776603752063238e-07,2.991037604260782e-07,1.6253082435468968e-07,4.152916677213625e-09,1.3657293607138854e-07,9.949191692726345e-09,0.0,0.0
4.374250056571327e-05,0.019677876844070852,0.0011036790147240794,1.138408492222997e-06,0.0036999868360174473,1.1384507843104075e-06,1.0779601780086523e-06,1.6349738984899886e-07,3.988438468383038e-09,1.368026829595692e-07,4.2234034935972886e-08,7.776600909892295e-07,0.0,-1.4268109360671133e-08,7.786113087604463e-07,7.340929530919027e-10,5.910628236849291e-11,2.1711986375461123e-10,3.2284805939752914e-08,7.776600909892295e-07,2.993488408264966e-07,1.6276328551612096e-07,3.927485447974277e-09,1.3658556952123035e-07,9.949227219863133e-09,0.0,0.0
4.374500349513255e-05,0.019678237731568515,0.0007332098334852932,1.1384151213251962e-06,0.0041670684413256135,1.138457491833833e-06,1.0774650718303747e-06,1.629859980312176e-07,4.4898706974549896e-09,1.3682009125659533e-07,4.223408467396439e-08,7.776590109642711e-07,0.0,-1.4268397130479116e-08,7.783652904436167e-07,4.891251292882259e-10,6.584287975952563e-11,2.1711937803203796e-10,3.228481659789395e-08,7.776590109642711e-07,2.9909983823017683e-07,1.6249687462277507e-07,4.4246810659842595e-09,1.3660296360740176e-07,9.949267187892019e-09,0.0,0.0
4.374750278657302e-05,0.019678595708683133,0.0005710551346229664,1.138419790295296e-06,0.0034674135663725295,1.1384618119336665e-06,1.078220407180197e-06,1.6374920619455224e-07,3.738636067396328e-09,1.3681244581675855e-07,4.2234127306528535e-08,7.776587267471768e-07,0.0,-1.426868223575184e-08,7.782891771057621e-07,4.13307638114091e-10,4.4989800079831e-11,2.171189339428281e-10,3.228482015060763e-08,7.776587267471768e-07,2.99931230074435e-07,1.633358976960153e-07,3.695547645676811e-09,1.3659531816756498e-07,9.949307155920906e-09,0.0,0.0
4.3750002078013495e-05,0.019678955140989274,0.0009455018121649061,1.1384252412909037e-06,0.0038232163004988605,1.1384670415282017e-06,1.077843080565799e-06,1.6339117792085744e-07,4.120827234999069e-09,1.3679235166819126e-07,4.223418059723372e-08,7.776595793984598e-07,0.0,-1.4268914050319381e-08,7.784749413985992e-07,5.982419559735774e-10,1.0368660097181959e-10,2.1711797637546937e-10,3.2284830808748666e-08,7.776595793984598e-07,2.9936816758890927e-07,1.6279292935905687e-07,4.0138603552009045e-09,1.365752240189977e-07,9.949350676663471e-09,0.0,0.0
4.3752505007432774e-05,0.019679314573295414,0.001262557231909156,1.1384331777684467e-06,0.0041839051331409895,1.1384752269805176e-06,1.0774638212751597e-06,1.6300802485602617e-07,4.5080064126068464e-09,1.3679516541742487e-07,4.22342338879389e-08,7.776606025799992e-07,0.0,-1.426921336644682e-08,7.787456297592144e-07,8.679238994169225e-10,5.052027199359266e-11,2.1711846209804264e-10,3.2284837914176023e-08,7.776606025799992e-07,2.987181346725265e-07,1.621400969042952e-07,4.458966529341524e-09,1.36578051979086e-07,9.949394197406036e-09,0.0,0.0
4.375500066089444e-05,0.019679672550410032,0.0010674041511578025,1.1384415184969775e-06,0.003717509362923104,1.1384838671801845e-06,1.0779726835608017e-06,1.634975177466913e-07,4.0073735441126246e-09,1.3681524535513745e-07,4.22342836259304e-08,7.776599773023918e-07,0.0,-1.426947804361589e-08,7.785623665768071e-07,6.852782785671252e-10,9.384421018054923e-11,2.1712037723276012e-10,3.228484501960338e-08,7.776599773023918e-07,2.994103738274134e-07,1.6281224191061483e-07,3.913694701651593e-09,1.3659811770594388e-07,9.94944127086228e-09,0.0,0.0
4.375750359031372e-05,0.01968003052752465,0.0007264838555869346,1.1384479402055036e-06,0.00408782739145861,1.1384902336430969e-06,1.0775811460916884e-06,1.6309792272295454e-07,4.404965725512966e-09,1.3682432609130046e-07,4.223434046934926e-08,7.776588972774334e-07,0.0,-1.4269740944428122e-08,7.783172009112604e-07,4.4120573861050616e-10,7.081576991474492e-11,2.1712137643348228e-10,3.228485567774442e-08,7.776588972774334e-07,2.9926391675871855e-07,1.6265671831661166e-07,4.3327457177610995e-09,1.366072126529616e-07,9.949484791604846e-09,0.0,0.0
4.376000288175419e-05,0.019680388504639268,0.0007265531778202217,1.13845314174555e-06,0.0038548221564942585,1.138495122177119e-06,1.0778358046081848e-06,1.633631825370685e-07,4.154865340666447e-09,1.3681385269137536e-07,4.2234393760054445e-08,7.776587835905957e-07,0.0,-1.4270034931485043e-08,7.783087312418502e-07,4.3278342021224603e-10,4.9648753858155814e-11,2.1712225073411417e-10,3.2284859230458096e-08,7.776587835905957e-07,2.995271302097535e-07,1.6293039095671702e-07,4.108287932069743e-09,1.365967250421818e-07,9.949534529596349e-09,0.0,0.0
4.376250217319466e-05,0.019680746481753886,0.001018093743574866,1.1384593871822596e-06,0.003208303428628364,1.1385012612663559e-06,1.0785363429022254e-06,1.6407537373197556e-07,3.460271846833507e-09,1.3680124766324298e-07,4.223444705075963e-08,7.776596930852975e-07,0.0,-1.4270282733264139e-08,7.784788635945006e-07,6.02017213857664e-10,7.962345366374635e-11,2.1712308340138264e-10,3.228486988859913e-08,7.776596930852975e-07,3.0005747930772486e-07,1.6347334508282074e-07,3.3804106180923554e-09,1.3658413422490412e-07,9.949579826695754e-09,0.0,0.0
4.3765001464635134e-05,0.019681104458868504,0.001141492702849689,1.1384671180075082e-06,0.0037930758399088074,1.1385092193449964e-06,1.0779156127682654e-06,1.6344708342330705e-07,4.088615668251805e-09,1.36808282036327e-07,4.223449323603745e-08,7.776602046760672e-07,0.0,-1.4270549186790049e-08,7.78604487550183e-07,7.271395152663729e-10,3.673747417387574e-11,2.171267471373639e-10,3.228487344131281e-08,7.776602046760672e-07,2.99311096796373e-07,1.627199424092396e-07,4.050202839778194e-09,1.3659115438713343e-07,9.94962157108148e-09,0.0,0.0
4.3767500756075606e-05,0.0196814609807916,0.0009075815091392769,1.1384744234062944e-06,0.0034605726423747843,1.138516722676286e-06,1.0782798653963255e-06,1.637959030631464e-07,3.731465803014089e-09,1.3682458188668534e-07,4.2234539421315276e-08,7.776594088682032e-07,0.0,-1.4270857384701685e-08,7.783958722029638e-07,5.193552810034419e-10,7.657823680728981e-11,2.171317015076113e-10,3.228488054674017e-08,7.776594088682032e-07,2.998839931933617e-07,1.632765389558699e-07,3.6576937034737966e-09,1.3660745423749177e-07,9.949661539110366e-09,0.0,0.0
4.3770003685494885e-05,0.019681818957906216,0.00067430127754875,1.1384800861846508e-06,0.0033368913410901377,1.1385221796444966e-06,1.0784179949041572e-06,1.6393269675063493e-07,3.5985636692714706e-09,1.3682657140634547e-07,4.22345856065931e-08,7.776587267471768e-07,0.0,-1.4271096304696584e-08,7.782635407238558e-07,3.8769570886998395e-10,3.147164820416215e-11,2.1713518483235106e-10,3.228488409945385e-08,7.776587267471768e-07,3.0015442575859197e-07,1.635449962122948e-07,3.564635253638926e-09,1.3660942954629718e-07,9.949699730782413e-09,0.0,0.0
4.377250297693536e-05,0.01968217547982931,0.0008076226203002079,1.1384853695682303e-06,0.004050728505193814,1.1385272955521941e-06,1.0776559520309092e-06,1.6318401208081923e-07,4.365291683683381e-09,1.3681294319667359e-07,4.2234635344584603e-08,7.776590109642711e-07,0.0,-1.4271388515396666e-08,7.783173145980982e-07,4.411857545960629e-10,5.633197033838577e-11,2.1713715547821977e-10,3.2284887652167527e-08,7.776590109642711e-07,2.993386374328111e-07,1.6274282188533107e-07,4.308136958286468e-09,1.365958013366253e-07,9.949747692417077e-09,0.0,0.0
4.377500226837583e-05,0.019682532001752406,0.001120932767973315,1.1384922452909886e-06,0.0036940160250819713,1.1385342304492951e-06,1.0780454431369435e-06,1.635800543908772e-07,3.982317142714464e-09,1.368054824979481e-07,4.2234692188003464e-08,7.776599773023918e-07,0.0,-1.4271689607880944e-08,7.78541163981572e-07,6.640665239920907e-10,4.0167709436378374e-11,2.1713966735781298e-10,3.228489831030856e-08,7.776599773023918e-07,2.9950433599879034e-07,1.6291599536089052e-07,3.9441210297752605e-09,1.3658834063789982e-07,9.94979654223016e-09,0.0,0.0
4.377750519779511e-05,0.0196828885236755,0.0011359677324564998,1.1385002916360551e-06,0.0037104304807042527,1.1385425295884488e-06,1.0780358934425749e-06,1.6355804177692335e-07,3.999977238322572e-09,1.3681778909813147e-07,4.223473482056761e-08,7.776600341458106e-07,0.0,-1.427193740966004e-08,7.785588991282566e-07,6.817350572951852e-10,2.928660439160957e-11,2.1714516296178488e-10,3.228489831030856e-08,7.776600341458106e-07,2.9947693747089943e-07,1.6287630444367096e-07,3.9686685049389325e-09,1.3660064723808318e-07,9.949834733902208e-09,0.0,0.0
4.378000085125677e-05,0.019683243590407073,0.000825774749174002,1.1385072571309665e-06,0.00408029052945495,1.1385495781723876e-06,1.0776453791550011e-06,1.6315343032147211e-07,4.3971062346770395e-09,1.3683292365840316e-07,4.223478455855911e-08,7.7765906780769e-07,0.0,-1.4272238502144319e-08,7.783237379044294e-07,4.4750697592021993e-10,5.322960128228971e-11,2.1715169939984236e-10,3.228490541573592e-08,7.7765906780769e-07,2.9932166967228113e-07,1.627059162956357e-07,4.34438351959443e-09,1.3661576758750016e-07,9.949878254644773e-09,0.0,0.0
4.3782500142697245e-05,0.01968360011233017,0.0006462209916262007,1.1385125051184895e-06,0.0036891926296272705,1.1385545803932473e-06,1.0780699994938914e-06,1.6358102072899783e-07,3.977207896355139e-09,1.3683028043942613e-07,4.2234841401977974e-08,7.776587267471768e-07,0.0,-1.4272536930093338e-08,7.782444413351186e-07,3.686020932924805e-10,1.3797555979688791e-11,2.1715418352385996e-10,3.228491252116328e-08,7.776587267471768e-07,2.9982555815877276e-07,1.6321241957939492e-07,3.964385264509929e-09,1.3661312436852313e-07,9.949929768993115e-09,0.0,0.0
4.378500671009533e-05,0.019683956634253263,0.0008904175458863128,1.1385179835717543e-06,0.0037219033389320456,1.1385598099877825e-06,1.0780397587950574e-06,1.6356695198282978e-07,4.012359777760821e-09,1.368134263657339e-07,4.223488403454212e-08,7.776594088682032e-07,0.0,-1.4272804271797668e-08,7.783795581417507e-07,5.030070249212315e-10,8.233849713157326e-11,2.1715274023392794e-10,3.2284919626590636e-08,7.776594088682032e-07,2.996602290750161e-07,1.630639445693305e-07,3.929613523467879e-09,1.365962702948309e-07,9.949964407951484e-09,0.0,0.0
4.3787502363556996e-05,0.019684311700984836,0.0012544165476793268,1.138525599164068e-06,0.0035884458097722614,1.1385675406927476e-06,1.0781905075418763e-06,1.63721026069652e-07,3.869028208924874e-09,1.3680882204880618e-07,4.223493377253362e-08,7.776606594234181e-07,0.0,-1.4273102699746687e-08,7.787057256791741e-07,8.279504859487474e-10,3.48742042188821e-11,2.1715154674417647e-10,3.228493028473167e-08,7.776606594234181e-07,2.994847534409928e-07,1.628930732522349e-07,3.8352321318768645e-09,1.3659166597790318e-07,9.95000526415879e-09,0.0,0.0
4.3790005292976275e-05,0.019684666767716408,0.0011615222574932194,1.1385341773590202e-06,0.0035686740039356287,1.1385765219529276e-06,1.0782202934933593e-06,1.6372941047393397e-07,3.847816731905596e-09,1.368307067650676e-07,4.223497285238409e-08,7.776602046760672e-07,0.0,-1.4273364712380499e-08,7.785800448800728e-07,7.026519366348793e-10,8.679776342113144e-11,2.1715276798950356e-10,3.228493383744535e-08,7.776602046760672e-07,2.996403054567054e-07,1.630267547625408e-07,3.75960107490414e-09,1.366135506941646e-07,9.950039903117158e-09,0.0,0.0
4.379250094643794e-05,0.019685020379256457,0.0007472580685989882,1.1385409270265275e-06,0.0040055023639892,1.1385832294763532e-06,1.0777575880638324e-06,1.6325182627952017e-07,4.316960566796979e-09,1.3684683608516934e-07,4.223502614308927e-08,7.776589541208523e-07,0.0,-1.4273646264939543e-08,7.78267576606595e-07,3.915035240442677e-10,9.268918271798654e-11,2.1715866604932188e-10,3.2284951601013745e-08,7.776589541208523e-07,2.994900114572374e-07,1.6286033144297107e-07,4.22369028640901e-09,1.3662968001426634e-07,9.950073653897107e-09,0.0,0.0
4.379500387585722e-05,0.01968537544598803,0.0006917819091920574,1.1385460365787426e-06,0.003888186298062598,1.1385880043235375e-06,1.077887986866699e-06,1.6339595276804175e-07,4.191029301381377e-09,1.368332362972069e-07,4.223506877565342e-08,7.776587835905957e-07,0.0,-1.427395179831592e-08,7.78243077093066e-07,3.671582760045311e-10,6.868981078378411e-11,2.1716589637676975e-10,3.2284955153727424e-08,7.776587835905957e-07,2.9964485293021426e-07,1.630288011256198e-07,4.122945984619264e-09,1.3661606601544918e-07,9.950115398282833e-09,0.0,0.0
4.379750316729769e-05,0.0196857305127196,0.001083081819166859,1.1385523385293726e-06,0.0037662744676851493,1.1385941434127744e-06,1.0780246384456404e-06,1.635508084518733e-07,4.06013667131333e-09,1.3681405164334137e-07,4.22351220663586e-08,7.776598067721352e-07,0.0,-1.4274229798161286e-08,7.784623221596121e-07,5.85321457968746e-10,1.4301593243004618e-10,2.171707952358659e-10,3.228496936458214e-08,7.776598067721352e-07,2.995623731294472e-07,1.6296549176786357e-07,3.917945967657488e-09,1.3659688136158366e-07,9.95015358995488e-09,0.0,0.0
4.380000245873816e-05,0.01968608412425965,0.001339433519360611,1.1385609048231691e-06,0.0034338631301788253,1.1386030109861167e-06,1.0783902553157532e-06,1.6391160784223757e-07,3.703044537672895e-09,1.368179027849692e-07,4.2235164698922745e-08,7.776607731102558e-07,0.0,-1.4274524673396627e-08,7.787095341882377e-07,8.316158872645474e-10,7.232949655877619e-11,2.1717491693884483e-10,3.2284976470009497e-08,7.776607731102558e-07,2.996807211275154e-07,1.6307998862430395e-07,3.631305922624506e-09,1.3660073250321147e-07,9.950185564377989e-09,0.0,0.0
4.380250538815744e-05,0.0196864377357997,0.001058498042020517,1.1385693841858927e-06,0.0037627596199212706,1.1386117648726213e-06,1.0780454431369435e-06,1.6354493936887593e-07,4.056425861875823e-09,1.3684075383935124e-07,4.223521443691425e-08,7.776596930852975e-07,0.0,-1.4274788462387278e-08,7.784157673995651e-07,5.38906586022847e-10,1.6403448044322033e-10,2.1717774800755762e-10,3.228499068086421e-08,7.776596930852975e-07,2.9962959047225013e-07,1.6300603533636604e-07,3.890201494272105e-09,1.366235693467388e-07,9.950223756050036e-09,0.0,0.0
4.3805004679597914e-05,0.01968679134733975,0.000607136800478969,1.138575274062911e-06,0.003909068061072729,1.138617562901345e-06,1.0778936712085851e-06,1.6338502462076576e-07,4.21355972335391e-09,1.3684999089491612e-07,4.2235278385760466e-08,7.776586130603391e-07,0.0,-1.4275111759332049e-08,7.781829367559112e-07,3.0715333054764926e-10,8.386455419007177e-11,2.1717817821897967e-10,3.228500489171893e-08,7.776586130603391e-07,2.9971067760925507e-07,1.6307787120695139e-07,4.1313326093472824e-09,1.3663280640230369e-07,9.95027349404154e-09,0.0,0.0
4.3807503971038386e-05,0.0196871449588798,0.0006936510942217033,1.1385798737990182e-06,0.003580144804849946,1.1386217693143408e-06,1.0782507615658687e-06,1.6376361600123346e-07,3.860293862345543e-09,1.3682824828720186e-07,4.223532812375197e-08,7.776588404340146e-07,0.0,-1.4275407522745809e-08,7.781922590766044e-07,3.1625910223986864e-10,1.4193554664920782e-10,2.1717685982913792e-10,3.2285011997146285e-08,7.776588404340146e-07,3.0005841722413606e-07,1.6344735342954664e-07,3.717352647925054e-09,1.3661107800544414e-07,9.950315238427265e-09,0.0,0.0
4.381000326247886e-05,0.019687498570419848,0.0012144441663117789,1.1385866210440547e-06,0.004336392171569184,1.1386284768377664e-06,1.0774451766337734e-06,1.6297457250402658e-07,4.6722248292496715e-09,1.368101578691494e-07,4.2235399178025546e-08,7.776604320497427e-07,0.0,-1.4275663318130682e-08,7.785655498082633e-07,6.879113390034775e-10,1.6192208684984166e-10,2.171753749058425e-10,3.2285036866142036e-08,7.776604320497427e-07,2.9887962682551006e-07,1.6228665344897308e-07,4.507973105916108e-09,1.3659297337653697e-07,9.95036142370509e-09,0.0,0.0
4.381250255391933e-05,0.019687850726768374,0.0013471963341764592,1.1385956420237036e-06,0.004183411188178163,1.1386379128452973e-06,1.0776183216876234e-06,1.6313137507495412e-07,4.508120543533778e-09,1.3682591770702857e-07,4.223544891601705e-08,7.776610573273501e-07,0.0,-1.427599816139491e-08,7.787205049680779e-07,8.422709196764799e-10,9.925583965841867e-11,2.1717529163911564e-10,3.2285043971569394e-08,7.776610573273501e-07,2.9889784514125495e-07,1.6228911192683881e-07,4.411640386337012e-09,1.3660873321441613e-07,9.950404944447655e-09,0.0,0.0
4.38150018453598e-05,0.0196882028831169,0.000882278775399925,1.1386034932618408e-06,0.0038378098133105085,1.1386459846107755e-06,1.077997012544074e-06,1.6348532483334566e-07,4.137147513461059e-09,1.36852392529363e-07,4.223550575943591e-08,7.776593520247843e-07,0.0,-1.4276249515887685e-08,7.782526267874346e-07,3.761003453117695e-10,2.2580716463327377e-10,2.1717848353031144e-10,3.2285068840565145e-08,7.776593520247843e-07,2.997444426000584e-07,1.6310922035245312e-07,3.9096987869413624e-09,1.3663522224760527e-07,9.950436918870764e-09,0.0,0.0
4.3817501136800274e-05,0.019688555039465427,0.0004960592126934671,1.13860834716657e-06,0.004501193638555216,1.1386505320842844e-06,1.077289311979257e-06,1.6277788006391347e-07,4.8490877979645575e-09,1.368530604395346e-07,4.223556970828213e-08,7.776584425300825e-07,0.0,-1.4276535509338828e-08,7.781159183650743e-07,2.40302944209958e-10,6.798239055028077e-11,2.171826885000172e-10,3.228508660413354e-08,7.776584425300825e-07,2.991734504576016e-07,1.625375745106794e-07,4.780564388795483e-09,1.3663587594692217e-07,9.950482215970169e-09,0.0,0.0
4.382000406621955e-05,0.019688908651005477,0.0007566895289035092,1.138612777030688e-06,0.0037905196552861964,1.1386545111236046e-06,1.0780556749523384e-06,1.6356838727915601e-07,4.086391225399666e-09,1.368282767089113e-07,4.2235633657128346e-08,7.776590109642711e-07,0.0,-1.42768543653915e-08,7.781668500683736e-07,2.90648949352601e-10,1.9506925241774553e-10,2.1718402076764676e-10,3.2285100814988255e-08,7.776590109642711e-07,2.9988882488396484e-07,1.63277732667666e-07,3.894716105179441e-09,1.3661109221629886e-07,9.950531953961672e-09,0.0,0.0
4.382249971968122e-05,0.01968925935216248,0.001331304811751366,1.138620099650999e-06,0.003770576514387063,1.1386620144548942e-06,1.0780842103486066e-06,1.636074529187681e-07,4.0649990040719786e-09,1.3681582800018077e-07,4.2235697605974565e-08,7.776609436405124e-07,0.0,-1.4277077298174845e-08,7.786471201143286e-07,7.690090786383053e-10,1.142243452600944e-10,2.1718510323509577e-10,3.2285132789411364e-08,7.776609436405124e-07,2.99437090234278e-07,1.6283844672670966e-07,3.9476808488814186e-09,1.3659864350756834e-07,9.950563928384781e-09,0.0,0.0
4.38250026491005e-05,0.019689611508511007,0.0013535759883005483,1.1386295546291867e-06,0.004365153020886849,1.138671905209776e-06,1.077455522136006e-06,1.6295597049520438e-07,4.703258227323204e-09,1.3683862221114396e-07,4.223574379125239e-08,7.776609436405124e-07,0.0,-1.4277403259654875e-08,7.786578066770744e-07,7.796706058549319e-10,1.053616707769045e-10,2.1719354093008292e-10,3.228513634212504e-08,7.776609436405124e-07,2.9879774388064106e-07,1.6217630616210954e-07,4.59886573267454e-09,1.366214235076768e-07,9.950605672770507e-09,0.0,0.0
4.3827505578519776e-05,0.019689963664859533,0.0007363636179391619,1.1386369144841904e-06,0.0035556007861851217,1.1386794085410656e-06,1.0783318202811643e-06,1.6380911915803154e-07,3.834117467960141e-09,1.368637043697163e-07,4.223582195095332e-08,7.776589541208523e-07,0.0,-1.427768303585708e-08,7.781542876728054e-07,2.781154195830027e-10,1.7965476328818397e-10,2.1720979181960587e-10,3.228517186926183e-08,7.776589541208523e-07,3.0017750418664946e-07,1.6353099852040032e-07,3.656474900637363e-09,1.3664649145539443e-07,9.950652746226751e-09,0.0,0.0
4.383000123198144e-05,0.019690314366016537,0.0004165766217028022,1.1386409578589503e-06,0.003944315641214863,1.1386830465198727e-06,1.0779175454445067e-06,1.6340598563147068e-07,4.251647034436701e-09,1.3685325939150061e-07,4.223588234708586e-08,7.776583288432448e-07,0.0,-1.4277928173100918e-08,7.780737405482796e-07,1.982280312118334e-10,3.674583554102995e-11,2.1722257326217687e-10,3.228518252740287e-08,7.776583288432448e-07,2.998438048962271e-07,1.6320775841904833e-07,4.211472948156825e-09,1.3663603226632404e-07,9.950698043326156e-09,0.0,0.0
4.383250052342191e-05,0.01969066506717354,0.0008686014559818322,1.1386454649933384e-06,0.00432527907025818,1.1386871392460307e-06,1.0775124792417046e-06,1.6302713845561811e-07,4.660542174406146e-09,1.3682598876130214e-07,4.223593919050472e-08,7.776592951813655e-07,0.0,-1.4278253246402528e-08,7.782227839925326e-07,3.462182762703492e-10,2.0784914067650817e-10,2.172254737198287e-10,3.228520384368494e-08,7.776592951813655e-07,2.9928969524917193e-07,1.6268091940219165e-07,4.454330237990689e-09,1.3660876163612556e-07,9.950735346819783e-09,0.0,0.0
4.383500345284119e-05,0.019691015768330544,0.0014005547146665187,1.1386534229502831e-06,0.0037117864428430404,1.1386953246983467e-06,1.0781789114844287e-06,1.6369467914501001e-07,4.001969866607169e-09,1.368228765841195e-07,4.223601379749198e-08,7.776612847010256e-07,0.0,-1.4278527693534215e-08,7.78767400788638e-07,8.888860203448701e-10,8.732446710180142e-11,2.1722756926578768e-10,3.228523581810805e-08,7.776612847010256e-07,2.994114538523718e-07,1.6280579018257413e-07,3.915194390913257e-09,1.3660564945894293e-07,9.950779755740768e-09,0.0,0.0
4.3837502744281664e-05,0.019691366469487548,0.0012918110802917493,1.1386628651082767e-06,0.004099066607942438,1.1387052154532284e-06,1.077772481039574e-06,1.6326637819474854e-07,4.417861187988592e-09,1.3684524446944124e-07,4.2236052877342445e-08,7.776608867970936e-07,0.0,-1.4278812798806939e-08,7.786431410750083e-07,7.650362010558354e-10,1.3950450516997392e-10,2.172309693238006e-10,3.228523937082173e-08,7.776608867970936e-07,2.99129368386275e-07,1.6250135104201036e-07,4.277216358872238e-09,1.3662801734426466e-07,9.950812618342297e-09,0.0,0.0
4.3840002035722136e-05,0.01969171571545303,0.000741613352905901,1.1386699667610709e-06,0.003622755323389788,1.138712377724005e-06,1.0782907793327468e-06,1.6376932876482897e-07,3.906383660989832e-09,1.3686256750133907e-07,4.22361274843297e-08,7.776588972774334e-07,0.0,-1.4279128102145933e-08,7.781426347719389e-07,2.665212772701153e-10,2.223638773113379e-10,2.1723255139161068e-10,3.2285278450672195e-08,7.776588972774334e-07,3.0014814456080785e-07,1.6350280418464536e-07,3.6875171804950924e-09,1.3664532616530778e-07,9.950848145479085e-09,0.0,0.0
4.384250132716261e-05,0.019692066416610032,0.0004224799964384629,1.1386740492499156e-06,0.003242631052870514,1.1387161293896497e-06,1.0787027804326499e-06,1.6418810844243126e-07,3.4978351326486745e-09,1.368564142012474e-07,4.223619143317592e-08,7.77658271999826e-07,0.0,-1.427937235121135e-08,7.780809028190561e-07,2.0539907275018976e-10,7.196276907706078e-11,2.1723690901698234e-10,3.228529266152691e-08,7.77658271999826e-07,3.006218776135938e-07,1.6398270474837773e-07,3.4240552615472097e-09,1.366391728652161e-07,9.950896995292169e-09,0.0,0.0
4.384500425658189e-05,0.019692415662575513,0.0007209125819458428,1.1386780425023653e-06,0.003882269599249258,1.1387198810552945e-06,1.078018726730079e-06,1.635271615896272e-07,4.185159330205579e-09,1.3683258259789e-07,4.22362447238811e-08,7.776589541208523e-07,0.0,-1.4279708970832417e-08,7.781089834679733e-07,2.327986137196092e-10,2.3341564792112024e-10,2.1724023968605621e-10,3.2285310425095304e-08,7.776589541208523e-07,2.999097148403962e-07,1.632943735785375e-07,3.951567517646026e-09,1.366153412618587e-07,9.950933410607377e-09,0.0,0.0
4.384750354802236e-05,0.019692764908540994,0.001340401477475217,1.1386852415585536e-06,0.0032193810267220576,1.138727043326071e-06,1.0787377959786681e-06,1.6425968851763173e-07,3.472867993181694e-09,1.3681713539881457e-07,4.223632998900939e-08,7.776610004839313e-07,0.0,-1.4280014504208793e-08,7.786464379933022e-07,7.68185681732092e-10,1.4479867305183802e-10,2.1724150256474672e-10,3.228534950494577e-08,7.776610004839313e-07,3.0009141482878476e-07,1.6349150655514677e-07,3.330415943025855e-09,1.3659989406278328e-07,9.950978707706781e-09,0.0,0.0
4.385000283946283e-05,0.019693114154506475,0.0014845024763339154,1.1386951074216409e-06,0.003614684849672046,1.1387373888283037e-06,1.078322952707822e-06,1.6382725220864813e-07,3.8977976402065906e-09,1.3683441579814826e-07,4.2236379727000894e-08,7.776612847010256e-07,0.0,-1.4280256976917372e-08,7.78758419528458e-07,8.79896489003329e-10,1.0837168662458652e-10,2.172448471116084e-10,3.228535661037313e-08,7.776612847010256e-07,2.9956453317936393e-07,1.6294735871724697e-07,3.785425306546131e-09,1.3661717446211696e-07,9.951024004806186e-09,0.0,0.0
4.385250576888211e-05,0.019693463400471956,0.0008688737590928641,1.1387033264931957e-06,0.0038521416635979707,1.1387459153411328e-06,1.078075911209453e-06,1.635522011156354e-07,4.15290113409128e-09,1.3686467070783692e-07,4.223647565027022e-08,7.7765906780769e-07,0.0,-1.4280608695571573e-08,7.781542308293865e-07,2.779303731603733e-10,2.69002015107489e-10,2.1725526933025208e-10,3.2285395690223595e-08,7.7765906780769e-07,2.999216803800664e-07,1.6327426521911548e-07,3.887069777164243e-09,1.3664741516095091e-07,9.951082624581886e-09,0.0,0.0
4.3855001422343776e-05,0.019693812646437436,0.0003296157604699701,1.1387075121694895e-06,0.0033954496717841917,1.1387496670067776e-06,1.0785701078930288e-06,1.640481173126318e-07,3.662230518841625e-09,1.3686396016510116e-07,4.223653959911644e-08,7.776579877827317e-07,0.0,-1.4280835181068596e-08,7.780226383147237e-07,1.4734356790224723e-10,6.699370225238255e-11,2.1726849486203292e-10,3.2285420559219347e-08,7.776579877827317e-07,3.0054746957830503e-07,1.639007791709446e-07,3.592674824304254e-09,1.3664669040736044e-07,9.951119928075514e-09,0.0,0.0
4.3857504351763055e-05,0.019694160437211394,0.0006824153036824043,1.1387110319201602e-06,0.0043759369265646084,1.138752736551396e-06,1.0775197551993188e-06,1.630312311817761e-07,4.715158485879556e-09,1.3682999622233183e-07,4.223660710067634e-08,7.776585562169203e-07,0.0,-1.4281166471619144e-08,7.780656687828014e-07,1.8979204319258258e-10,2.3389679082441717e-10,2.1727918075864494e-10,3.228543477007406e-08,7.776585562169203e-07,2.9945414325993625e-07,1.6284143100619985e-07,4.4808965427023395e-09,1.366127122537364e-07,9.951169666067017e-09,0.0,0.0
4.386000364320353e-05,0.019694509683176875,0.0013649853816488644,1.138718182384451e-06,0.003238790827810839,1.1387600125090103e-06,1.078748027794063e-06,1.6427192406354152e-07,3.4938392179384437e-09,1.3681537325282989e-07,4.2236703023945665e-08,7.77660716266837e-07,0.0,-1.428147378135236e-08,7.786017022226588e-07,7.23673843072703e-10,1.6878132225173204e-10,2.1729007482207408e-10,3.2285484508065565e-08,7.77660716266837e-07,3.001463255714043e-07,1.6354825049802457e-07,3.330025144521187e-09,1.3659807507337973e-07,9.95121940405852e-09,0.0,0.0
4.3862502934644e-05,0.019694857473950833,0.0013545280527829107,1.1387276406012726e-06,0.0032831575197234866,1.1387700169507298e-06,1.078710056390264e-06,1.642092826159569e-07,3.5415750332390417e-09,1.3683964539268345e-07,4.223674565650981e-08,7.776610573273501e-07,0.0,-1.4281697602314125e-08,7.786879336890706e-07,8.095694670195996e-10,1.03462863276782e-10,2.1730195420843756e-10,3.228549161349292e-08,7.776610573273501e-07,3.000220658577746e-07,1.6339971864454128e-07,3.4332989784502388e-09,1.366223472132333e-07,9.951252266660049e-09,0.0,0.0
4.386500586406328e-05,0.01969520526472479,0.0006792130051760381,1.1387347137650383e-06,0.004068950899065474,1.138777292908344e-06,1.077872525456769e-06,1.6334469421508402e-07,4.385810381535293e-09,1.3686911870536278e-07,4.2236855790633854e-08,7.776587267471768e-07,0.0,-1.428203866282729e-08,7.780608370921982e-07,1.8479583141495226e-10,2.939189447381807e-10,2.1731477728437198e-10,3.2285541351484426e-08,7.776587267471768e-07,2.9981168836457073e-07,1.6315989626036753e-07,4.0937551126774e-09,1.366517921042032e-07,9.951314439149428e-09,0.0,0.0
4.386750151752494e-05,0.019695551600307226,0.0002324701673188656,1.1387378712482637e-06,0.0031760392383319803,1.1387800213924493e-06,1.0788344297907315e-06,1.6430840332759544e-07,3.426420480678871e-09,1.3686808131296857e-07,4.223693395033479e-08,7.776578740958939e-07,0.0,-1.4282290017320065e-08,7.780188866490789e-07,1.4368996270608392e-10,3.163002498807188e-11,2.1732855792766514e-10,3.2285569773193856e-08,7.776578740958939e-07,3.008154578765243e-07,1.6416471737557004e-07,3.395327352606614e-09,1.3665075471180899e-07,9.951363288962511e-09,0.0,0.0
4.3870000808965415e-05,0.019695899391081184,0.0006575953604510687,1.1387409668140516e-06,0.0041635016049476085,1.1387826361897169e-06,1.0777757779578678e-06,1.6328159802014852e-07,4.48732118130124e-09,1.368353963471236e-07,4.223699434646733e-08,7.776587267471768e-07,0.0,-1.428254225999126e-08,7.780428177284193e-07,1.6675431868673485e-10,3.0805047401827323e-10,2.173378976788598e-10,3.2285598194903287e-08,7.776587267471768e-07,2.9973290338602965e-07,1.6311484785092034e-07,4.175003009976308e-09,1.366180555351093e-07,9.95139615156404e-09,0.0,0.0
4.3872503738384694e-05,0.019696247181855142,0.0015019834492591144,1.138748477629908e-06,0.004054795611600935,1.1387902532078442e-06,1.0778995829241467e-06,1.6341931541319354e-07,4.370662498587308e-09,1.3681851385172195e-07,4.223711158601873e-08,7.776616826049576e-07,0.0,-1.4282892202288622e-08,7.788447078382887e-07,9.656663246815356e-10,1.31342922649047e-10,2.1734046506960425e-10,3.2285662143749505e-08,7.776616826049576e-07,2.9905481824243907e-07,1.6245364520273142e-07,4.2434527003365474e-09,1.3660117303970765e-07,9.951446777733963e-09,0.0,0.0
4.3875003029825166e-05,0.019696593517437577,0.0015508563633694905,1.138759050700454e-06,0.003582230475291394,1.1388015082047787e-06,1.0784179949041572e-06,1.6390468715599127e-07,3.863141806448311e-09,1.3685162514320837e-07,4.223717198215127e-08,7.776616826049576e-07,0.0,-1.4283158655814532e-08,7.788449352119642e-07,9.658996935613118e-10,1.5830577126951795e-10,2.1734332389389266e-10,3.228567280189054e-08,7.776616826049576e-07,2.995730881139025e-07,1.629387895718537e-07,3.70298480767417e-09,1.3663428433119407e-07,9.951498292082306e-09,0.0,0.0
4.387750232126564e-05,0.019696939853020012,0.0006185917087837556,1.1387665642710703e-06,0.003837862819757529,1.1388093525965814e-06,1.0781507171486737e-06,1.6359952326183702e-07,4.137794551439811e-09,1.3689255240478815e-07,4.2237299879843704e-08,7.77658669903758e-07,0.0,-1.4283448201979354e-08,7.780440114402154e-07,1.6800300040031857e-10,3.900991474292681e-10,2.1735375999032414e-10,3.2285754514305154e-08,7.77658669903758e-07,3.0010673413016775e-07,1.634315225373939e-07,3.74961972582355e-09,1.3667519738191913e-07,9.95154714189539e-09,0.0,0.0
4.388000525068492e-05,0.019697286188602448,6.403384244074717e-05,1.1387689284462489e-06,0.0034011052432587657,1.1388110578991473e-06,1.0786213806568412e-06,1.6408199599027284e-07,3.6685048332429915e-09,1.3688162425751216e-07,4.2237385144971995e-08,7.776578172524751e-07,0.0,-1.4283679128368476e-08,7.780952842040278e-07,2.2008994626787626e-10,2.0918889884202763e-11,2.1736928923488108e-10,3.228579004144194e-08,7.776578172524751e-07,3.005261532962322e-07,1.638618982724438e-07,3.6460960917139573e-09,1.3666425502378843e-07,9.951593327173214e-09,0.0,0.0
4.388250090414658e-05,0.01969763106899336,0.0007389279387317593,1.1387716977039788e-06,0.004298627152095574,1.138813217949064e-06,1.0776592489492032e-06,1.631643584687481e-07,4.632455308239969e-09,1.3683599320302164e-07,4.2237473962813965e-08,7.776589541208523e-07,0.0,-1.4283968674533298e-08,7.780897135489795e-07,2.1341144129660705e-10,4.6132234143847484e-10,2.1738162658824223e-10,3.2285839779433445e-08,7.776589541208523e-07,2.995695638219331e-07,1.629509398526352e-07,4.16966594585233e-09,1.366186097584432e-07,9.95163418338052e-09,0.0,0.0
4.388500383356586e-05,0.019697977404575795,0.0016871603736697827,1.138780100111066e-06,0.0036140746602079817,1.1388218581487308e-06,1.078402533494227e-06,1.6391572899010498e-07,3.897427269805576e-09,1.3682421240446274e-07,4.223760541322008e-08,7.776626489430782e-07,0.0,-1.4284264437947058e-08,7.791103371346253e-07,1.2302874274894293e-09,1.799204812913402e-10,2.1738758015921178e-10,3.228593570270277e-08,7.776626489430782e-07,2.9929225320302066e-07,1.6268543845399108e-07,3.721028152270378e-09,1.366068289598843e-07,9.951671486874147e-09,0.0,0.0
4.388750312500633e-05,0.01969832374015823,0.001610814969136981,1.138791522173178e-06,0.0038015760238414745,1.138834022640367e-06,1.0782129038489074e-06,1.6368768740449013e-07,4.0989083238685e-09,1.3686272382074094e-07,4.223766580935262e-08,7.776625352562405e-07,0.0,-1.4284486482551983e-08,7.790544600538851e-07,1.1745637795712582e-09,1.954534867287805e-10,2.173929647408812e-10,3.228594991355749e-08,7.776625352562405e-07,2.991584437950223e-07,1.6251311762971454e-07,3.899418565822543e-09,1.3664532616530778e-07,9.951716783973552e-09,0.0,0.0
4.389000605442561e-05,0.019698668620549142,0.000689190030673803,1.1387994544394122e-06,0.004203496974051119,1.1388420944058453e-06,1.0777889656310435e-06,1.6323345164437342e-07,4.530482655695778e-09,1.3689658828752727e-07,4.2237804365186093e-08,7.776589541208523e-07,0.0,-1.4284806226783076e-08,7.780614623698057e-07,1.8508028443164903e-10,4.4324105497040023e-10,2.1740721722895984e-10,3.228604228411314e-08,7.776589541208523e-07,2.9972756010465673e-07,1.6304838368341734e-07,4.0897956132823765e-09,1.366791764212394e-07,9.951763857429796e-09,0.0,0.0
4.389250170788728e-05,0.019699013500940055,0.0001849253271364315,1.1388024690918753e-06,0.003471846444280084,1.1388444818294374e-06,1.078576929103292e-06,1.6403555491706356e-07,3.7446534761897965e-09,1.368833437709327e-07,4.223787897217335e-08,7.776580446261505e-07,0.0,-1.4285069127595307e-08,7.780891451147909e-07,2.1366906854947132e-10,2.4528044526017645e-11,2.1742505018629288e-10,3.2286081363963604e-08,7.776580446261505e-07,3.004878124102106e-07,1.6382188050556579e-07,3.720332930612358e-09,1.366659176937901e-07,9.951795831852905e-09,0.0,0.0
4.389500099932775e-05,0.019699358381330967,0.0007516766887238902,1.1388056992485688e-06,0.003725366848729985,1.1388472103135427e-06,1.0783068091768655e-06,1.638062769870885e-07,4.0170884396673046e-09,1.3684149280379643e-07,4.223796068458796e-08,7.7765906780769e-07,0.0,-1.4285348015619093e-08,7.780759574416152e-07,1.9944383644610042e-10,4.1153219720868606e-10,2.1743336298118976e-10,3.228612754924143e-08,7.7765906780769e-07,3.0023088015695976e-07,1.6360682764116063e-07,3.6060598951337397e-09,1.3662405251579912e-07,9.951834911703372e-09,0.0,0.0
4.389750392874703e-05,0.01969970326172188,0.001633772072324291,1.138813926193581e-06,0.00306309698265871,1.1388556231395341e-06,1.0790267879201565e-06,1.6453527962312364e-07,3.305163698286151e-09,1.368292288361772e-07,4.223808502956672e-08,7.776623078825651e-07,0.0,-1.42856233509292e-08,7.789824962856073e-07,1.102745894598911e-09,1.2949147309981868e-10,2.1744041289739613e-10,3.228620215622868e-08,7.776623078825651e-07,3.000443200562586e-07,1.634325457189334e-07,3.177097473994195e-09,1.366117885481799e-07,9.951879320624357e-09,0.0,0.0
4.39000032201875e-05,0.01970004814211279,0.0016076272371030598,1.1388251051441903e-06,0.003955645327017604,1.138867560257495e-06,1.078079094440909e-06,1.635502400176847e-07,4.264498532080552e-09,1.3686695865544607e-07,4.22381383202719e-08,7.776618531352142e-07,0.0,-1.4285856053675161e-08,7.788704579070327e-07,9.911597098621883e-10,2.0690206492535168e-10,2.174510155272813e-10,3.22862163670834e-08,7.776618531352142e-07,2.9920857969045755e-07,1.625590755338635e-07,4.052043145463813e-09,1.3664950415659405e-07,9.951920176831663e-09,0.0,0.0
4.390250251162797e-05,0.01970039156731218,0.000656983765327801,1.1388328823890408e-06,0.0039675832572572955,1.1388755183361354e-06,1.0780737511595362e-06,1.635122970355951e-07,4.277347365189144e-09,1.3690271316590952e-07,4.2238269770678016e-08,7.776587267471768e-07,0.0,-1.4286201555080424e-08,7.780524811096257e-07,1.762930218474068e-10,3.7554737097877933e-10,2.174648655595135e-10,3.228630163221169e-08,7.776587267471768e-07,3.0002127004991053e-07,1.6333601138285303e-07,3.908079193593039e-09,1.366852586670575e-07,9.951965473931068e-09,0.0,0.0
4.390500544104725e-05,0.01970073499251157,0.00012337298102149674,1.1388355623307529e-06,0.0026491398129389397,1.1388775646992144e-06,1.0794931313284906e-06,1.6494895760388317e-07,2.859728231996428e-09,1.3688629962871346e-07,4.223834793037895e-08,7.776578740958939e-07,0.0,-1.4286415606079572e-08,7.780632245157904e-07,1.8788551270354503e-10,3.149119506828946e-11,2.1747885436962378e-10,3.22863336066348e-08,7.776578740958939e-07,3.014298783909908e-07,1.6476106168283877e-07,2.826880729500658e-09,1.36668816708152e-07,9.952012547387312e-09,0.0,0.0
4.390750473248772e-05,0.019701079872902483,0.0007957416218190641,1.1388387321767882e-06,0.004035083448557587,1.138880179496482e-06,1.07800519799639e-06,1.6350524845165637e-07,4.349840931894278e-09,1.368410948998644e-07,4.2238426090079884e-08,7.776588972774334e-07,0.0,-1.428665807878815e-08,7.780865303175233e-07,2.1011960227301785e-10,4.114333318483432e-10,2.1748783329833543e-10,3.228637979191262e-08,7.776588972774334e-07,2.9991872452228563e-07,1.632951267538374e-07,3.935588743786411e-09,1.3662361197930295e-07,9.952044521810421e-09,0.0,0.0
4.391000038594939e-05,0.01970142184291035,0.0016792514130619107,1.1388471959106642e-06,0.003104402056448953,1.1388890470698243e-06,1.0790138276206562e-06,1.6451733131361834e-07,3.3496927454024217e-09,1.3683450106327655e-07,4.223854688234496e-08,7.776619668220519e-07,0.0,-1.4286987592981859e-08,7.789732876517519e-07,1.0938018268902283e-09,1.1973100288997784e-10,2.1748977618862853e-10,3.22864508461862e-08,7.776619668220519e-07,3.0004053996890434e-07,1.6342352182618924e-07,3.2353610901481034e-09,1.366170181427151e-07,9.952093371623505e-09,0.0,0.0
4.391249967738986e-05,0.01970176526810974,0.0014748851673345139,1.1388580280105045e-06,0.0034155995086322982,1.1389005294404342e-06,1.0786903885673382e-06,1.6415189918461692e-07,3.6843743611569835e-09,1.3687724731425988e-07,4.223861083119118e-08,7.776612278576067e-07,0.0,-1.428719098583997e-08,7.78735966378008e-07,8.571953147296085e-10,2.2452327497202162e-10,2.174899010887188e-10,3.2286465057040914e-08,7.776612278576067e-07,2.999544790327491e-07,1.6329470042819594e-07,3.4529070713773535e-09,1.3665976439369842e-07,9.952146662328687e-09,0.0,0.0
4.3915006244787946e-05,0.01970210869330913,0.0005144282293656488,1.1388648598140037e-06,0.004428788711212432,1.1389074643375352e-06,1.077608658306417e-06,1.6304211669648794e-07,4.772501061012235e-09,1.3690819855582959e-07,4.22387422815973e-08,7.776583856866637e-07,0.0,-1.4287524052747358e-08,7.779810289321176e-07,1.0514379644721572e-10,3.568689510569101e-10,2.1749801959458637e-10,3.2286546769455526e-08,7.776583856866637e-07,2.9962765779600886e-07,1.6293697058245016e-07,4.418522880911269e-09,1.3669070142441342e-07,9.952192847606511e-09,0.0,0.0
4.391750553622842e-05,0.019702452118508518,0.00012204434111851015,1.1388670456211979e-06,0.003193314987156537,1.1389090559532633e-06,1.0789370890051941e-06,1.643870746192988e-07,3.445385976519333e-09,1.368921402900014e-07,4.2238806230443515e-08,7.776578172524751e-07,0.0,-1.4287806493484823e-08,7.780664077472466e-07,1.910929470216871e-10,2.6215139434238033e-11,2.175135210835677e-10,3.2286578743878636e-08,7.776578172524751e-07,3.008706244145287e-07,1.6419598125594348e-07,3.4201457221882947e-09,1.3667462894773053e-07,9.9522283747433e-09,0.0,0.0
4.392000482766889e-05,0.019702794088516384,0.0006954314674167961,1.1388698411432847e-06,0.004163331806113541,1.1389114433768555e-06,1.0778968544400414e-06,1.6337835972990433e-07,4.487642257799962e-09,1.3685971111954132e-07,4.2238895048285485e-08,7.776587835905957e-07,0.0,-1.4288056071620758e-08,7.780199098306184e-07,1.435766366908453e-10,3.9622297109964677e-10,2.1753455980988434e-10,3.228662492915646e-08,7.776587835905957e-07,2.9987697303113237e-07,1.6323478746471665e-07,4.0877106144421305e-09,1.3664218556641572e-07,9.952271895485865e-09,0.0,0.0
4.392250411910936e-05,0.01970313605852425,0.0014362075235618832,1.13887713070931e-06,0.003738823260064571,1.138918946708145e-06,1.078359673556406e-06,1.6384375101097248e-07,4.031796230208329e-09,1.3685421151876653e-07,4.2239015840550564e-08,7.776617394483765e-07,0.0,-1.4288425553843354e-08,7.788328844071657e-07,9.53582324214608e-10,1.2189386999761354e-10,2.1755627854780357e-10,3.2286699536143715e-08,7.776617394483765e-07,2.995268175709498e-07,1.6289016002701828e-07,3.91485954764903e-09,1.366366575439315e-07,9.952318968942109e-09,0.0,0.0
4.3925003410549834e-05,0.019703478028532118,0.001464742184023038,1.1388870510872532e-06,0.0034056920305659713,1.1389294058972155e-06,1.0787279052237864e-06,1.6418088932823593e-07,3.6738150299697736e-09,1.368854896099947e-07,4.223906202582839e-08,7.77661512074701e-07,0.0,-1.4288639604842501e-08,7.787793947500177e-07,9.003336409740825e-10,1.6046436401850883e-10,2.175744584498318e-10,3.228671019428475e-08,7.77661512074701e-07,2.9994848205205926e-07,1.632805464168996e-07,3.509657231504093e-09,1.3666792142430495e-07,9.952353607900477e-09,0.0,0.0
4.3927502701990306e-05,0.01970381854334846,0.0007211103963165044,1.1388944942391527e-06,0.004261360340148324,1.1389371366021805e-06,1.0778160230984213e-06,1.632370896231805e-07,4.592962454808003e-09,1.3692023514977336e-07,4.2239193476234504e-08,7.77658669903758e-07,0.0,-1.428896823085779e-08,7.780254236422479e-07,1.4917213297938048e-10,3.366995848796961e-10,2.1759051505032545e-10,3.2286784801272006e-08,7.77658669903758e-07,2.9979057103446394e-07,1.6308791828123503e-07,4.2570471592284775e-09,1.367026385423742e-07,9.952411339497758e-09,0.0,0.0
4.393000199343078e-05,0.019704160513356328,0.00018051699703303115,1.1388975775344206e-06,0.003452965399252147,1.1389397513994481e-06,1.0786865232148557e-06,1.641157894027856e-07,3.7246672413004944e-09,1.369128739270309e-07,4.223926808322176e-08,7.776578172524751e-07,0.0,-1.4289304850478857e-08,7.780056421324844e-07,1.3022505296333975e-10,1.1704739608098258e-11,2.1761040192025405e-10,3.2286816775695115e-08,7.776578172524751e-07,3.006808242389525e-07,1.6398556113017548e-07,3.7142147135682535e-09,1.36695263108777e-07,9.952453083883483e-09,0.0,0.0
4.393250128487125e-05,0.019704501028172672,0.0007154245509598534,1.1389006283481373e-06,0.0041332564475775055,1.1389421388230403e-06,1.0779577905850601e-06,1.634291919572206e-07,4.455475988152102e-09,1.368699713566457e-07,4.2239339137495335e-08,7.77658669903758e-07,0.0,-1.4289541994116917e-08,7.780200235174561e-07,1.4369494483190692e-10,3.24123505812679e-10,2.1763343904801502e-10,3.2286848750118224e-08,7.77658669903758e-07,2.9993782391102286e-07,1.632854917943405e-07,4.128127173430585e-09,1.3665233211668237e-07,9.952487722841852e-09,0.0,0.0
4.393500057631172e-05,0.01970484299818054,0.001561954837239199,1.1389084163026102e-06,0.0038903995867274515,1.1389502105885185e-06,1.0782260915220832e-06,1.6370705679946695e-07,4.1947303408562675e-09,1.3685757949133404e-07,4.22394457189057e-08,7.77661512074701e-07,0.0,-1.4289907923625833e-08,7.788111702211609e-07,9.31978494378427e-10,1.0904842306924678e-10,2.1765661495365407e-10,3.228691625167812e-08,7.77661512074701e-07,2.994150065660506e-07,1.6277508052553458e-07,4.089808935958672e-09,1.36639926040516e-07,9.952532131762837e-09,0.0,0.0
4.3937503505731e-05,0.019705183512996882,0.0014140389344095006,1.138918550002336e-06,0.003399849831872083,1.1389611245249398e-06,1.0787637165776687e-06,1.6420615622791956e-07,3.6676346404362903e-09,1.3689640354641597e-07,4.223950611503824e-08,7.776611710141879e-07,0.0,-1.4290176153508583e-08,7.787006097714766e-07,8.217498348450647e-10,1.4536999382031013e-10,2.176731989100844e-10,3.228692690981916e-08,7.776611710141879e-07,3.000631352279015e-07,1.63384413554013e-07,3.5202230019848457e-09,1.3667873588474322e-07,9.9525800933975e-09,0.0,0.0
4.3940002797171474e-05,0.019705524027813226,0.0005790648837837864,1.138925336816142e-06,0.004126697581251567,1.1389678320483654e-06,1.077989281839109e-06,1.6340706565642904e-07,4.4485357619805654e-09,1.3692367417661444e-07,4.223959848559389e-08,7.776585562169203e-07,0.0,-1.4290462146959726e-08,7.779856332490453e-07,1.0941923755947158e-10,2.6154650667464807e-10,2.1768183089410087e-10,3.22869873059517e-08,7.776585562169203e-07,3.0000362016835425e-07,1.6329764207512198e-07,4.186365032410322e-09,1.3670599230408698e-07,9.95260940328535e-09,0.0,0.0
4.3942502088611946e-05,0.01970586454262957,0.00029229135140340645,1.1389283039132261e-06,0.0037153407415592963,1.1389702194719575e-06,1.0784331152535742e-06,1.6387055268296535e-07,4.006746490148316e-09,1.3690448952274892e-07,4.223965888172643e-08,7.776580446261505e-07,0.0,-1.429080320747289e-08,7.780016062497452e-07,1.2590799236544825e-10,1.8588594205559694e-11,2.1769436253649133e-10,3.228701217494745e-08,7.776580446261505e-07,3.004314521604101e-07,1.6374464451018866e-07,3.989458097208853e-09,1.3668680765022145e-07,9.952649371314237e-09,0.0,0.0
4.394500138005242e-05,0.01970620360225439,0.0008312897577624767,1.1389321135231194e-06,0.003995310002209128,1.138973743763927e-06,1.078135483112419e-06,1.6360307597551582e-07,4.307485479415618e-09,1.3687326827493962e-07,4.223973704142736e-08,7.776591814945277e-07,0.0,-1.4291052785608827e-08,7.78093578901462e-07,2.166671286829569e-10,2.79689799098648e-10,2.177163310745911e-10,3.228704414937056e-08,7.776591814945277e-07,3.0004196105437586e-07,1.6338640307367314e-07,4.0259831024513915e-09,1.3665555798070272e-07,9.952692892056803e-09,0.0,0.0
4.394750067149289e-05,0.019706544117070735,0.001410271852878786,1.138939746372521e-06,0.003938500924506184,1.1389815881557297e-06,1.0782039225887274e-06,1.636725102116543e-07,4.246507145921896e-09,1.3686974398297025e-07,4.2239815201128295e-08,7.776616826049576e-07,0.0,-1.4291390293408313e-08,7.78749040364346e-07,8.696147135722754e-10,7.052546741048715e-11,2.1774480829517273e-10,3.228709388736206e-08,7.776616826049576e-07,2.9945491064609087e-07,1.6280289116821223e-07,4.1775840564639566e-09,1.3665200526702392e-07,9.952723978301492e-09,0.0,0.0
4.395000360091217e-05,0.019706883176695555,0.0013252820497467455,1.1389490215313201e-06,0.0037358924847134913,1.1389913652237738e-06,1.0784309552036575e-06,1.6387295431741222e-07,4.028902100827736e-09,1.368967161852197e-07,4.223987914997451e-08,7.776612278576067e-07,0.0,-1.4291699379498368e-08,7.786086371197598e-07,7.296126480760279e-10,1.3939513432426054e-10,2.1777579739534758e-10,3.228710099278942e-08,7.776612278576067e-07,2.9982228966218827e-07,1.6314334061462432e-07,3.88962551056693e-09,1.3667893483670923e-07,9.952776380828254e-09,0.0,0.0
4.395250289235264e-05,0.019707222236320376,0.0006942000398652004,1.1389558687797165e-06,0.0034619816629667985,1.1389983001208748e-06,1.0787318842631066e-06,1.6415204129316407e-07,3.734550002576498e-09,1.369208320056714e-07,4.2239964415102804e-08,7.776590109642711e-07,0.0,-1.4291974714808475e-08,7.780402029311517e-07,1.6338991271069858e-10,2.0379013754290298e-10,2.178068975178249e-10,3.228715073078092e-08,7.776590109642711e-07,3.006916813319549e-07,1.639886590965034e-07,3.5320029123653285e-09,1.367030222354515e-07,9.952811907965042e-09,0.0,0.0
4.395500218379311e-05,0.019707561295945197,0.0003558079048901486,1.1389594289327146e-06,0.0036781759725237877,1.139001483352331e-06,1.078502236850909e-06,1.6393691737448535e-07,3.9669210138981725e-09,1.3690696221146936e-07,4.224001415309431e-08,7.776583856866637e-07,0.0,-1.429228557725537e-08,7.779859743095585e-07,1.0974608721792123e-10,2.467511438231096e-11,2.178358743387676e-10,3.228716494163564e-08,7.776583856866637e-07,3.0051629096305987e-07,1.6382716694351984e-07,3.93962062972264e-09,1.3668912401954003e-07,9.95284654692341e-09,0.0,0.0
4.395750511321239e-05,0.01970790035557002,0.0008212667891474013,1.138963419917756e-06,0.004150085776724668,1.139005121331138e-06,1.0779986041598022e-06,1.634665665051216e-07,4.47378667445264e-09,1.3687261457562272e-07,4.224007454922685e-08,7.776594088682032e-07,0.0,-1.4292605321486462e-08,7.78108699250879e-07,2.3138953253454275e-10,2.087408856876749e-10,2.178598274005239e-10,3.228718981063139e-08,7.776594088682032e-07,2.9988993333063263e-07,1.6323517115779396e-07,4.265554576221575e-09,1.3665476217283867e-07,9.952882074060199e-09,0.0,0.0
4.3960004404652864e-05,0.01970823941519484,0.0014314110868924868,1.138971057838911e-06,0.0036546384097234067,1.1390129657229409e-06,1.078538161891629e-06,1.640099753785762e-07,3.941666992801629e-09,1.368667170709159e-07,4.22401491562141e-08,7.77661512074701e-07,0.0,-1.429291085486284e-08,7.786884452798404e-07,8.090371705904431e-10,5.5699909962125815e-11,2.1787951998142319e-10,3.228722533776818e-08,7.77661512074701e-07,2.9984977345520747e-07,1.6320093720878504e-07,3.887305588534673e-09,1.3664883624642243e-07,9.952924706624344e-09,0.0,0.0
4.396250005811453e-05,0.019708577019628137,0.0012994844230647118,1.1389802774632213e-06,0.003732756172845037,1.1390226291041472e-06,1.0784635833260836e-06,1.6390684720590798e-07,4.025641597849017e-09,1.368956930036802e-07,4.2240195341491926e-08,7.776610573273501e-07,0.0,-1.4293212835525537e-08,7.785558295836381e-07,6.76868894267102e-10,1.0081179641074911e-10,2.178960761822779e-10,3.2287232443195535e-08,7.776610573273501e-07,2.999077821641549e-07,1.632299841958229e-07,3.924008673550361e-09,1.3667779796833202e-07,9.952963786474811e-09,0.0,0.0
4.396500298753381e-05,0.01970891607925296,0.0007212886990082268,1.1389871290889874e-06,0.00356570818751606,1.1390294503144105e-06,1.0786495749925962e-06,1.640775622036017e-07,3.8461496210118185e-09,1.3691285971617617e-07,4.224025218491079e-08,7.776591246511089e-07,0.0,-1.4293508598939297e-08,7.780695341352839e-07,1.924786857676608e-10,1.2361670020943905e-10,2.179038893768137e-10,3.2287260864904965e-08,7.776591246511089e-07,3.0058004085731227e-07,1.638850761764843e-07,3.7240486250311733e-09,1.3669495046997326e-07,9.952991320005822e-09,0.0,0.0
4.396749864099547e-05,0.019709252228494734,0.0005879901355516637,1.1389915302198624e-06,0.0034892883319789093,1.1390335430405685e-06,1.078735408555076e-06,1.641806761654152e-07,3.764018874363728e-09,1.3689594879906508e-07,4.224030547561597e-08,7.776587267471768e-07,0.0,-1.4293810579601995e-08,7.780295732118248e-07,1.5294399080545418e-10,2.7360388260566637e-11,2.179070673902217e-10,3.2287271523046e-08,7.776587267471768e-07,3.007057784998324e-07,1.640277247361155e-07,3.735303621965613e-09,1.3667803955286217e-07,9.953033952569967e-09,0.0,0.0
4.397000157041475e-05,0.01970958983292803,0.0009671601040084354,1.1389967804760156e-06,0.003943500294035313,1.139038658948266e-06,1.0782520121210837e-06,1.6371387800973025e-07,4.252087126843662e-09,1.3687846944776538e-07,4.2240348108180115e-08,7.776596930852975e-07,0.0,-1.429412233022731e-08,7.781874273860012e-07,3.09800796127746e-10,1.1691923818002437e-10,2.1791518589608927e-10,3.228728573390072e-08,7.776596930852975e-07,3.000646415785013e-07,1.6340408137693885e-07,4.1346850387924405e-09,1.3666056020156248e-07,9.953065038814657e-09,0.0,0.0
4.3972500861855224e-05,0.01970992743736133,0.0012830595904915754,1.1390043773174632e-06,0.0036198559478711474,1.139046389653231e-06,1.078607169802126e-06,1.6406234237820172e-07,3.9044025790246906e-09,1.3688382693999301e-07,4.2240401398885297e-08,7.776610004839313e-07,0.0,-1.4294421646354749e-08,7.785021693962335e-07,6.232396820848862e-10,3.786775754077709e-11,2.179346147990202e-10,3.228729994475543e-08,7.776610004839313e-07,3.001050004058925e-07,1.634390969229571e-07,3.867843378912994e-09,1.3666588927208068e-07,9.953103230486704e-09,0.0,0.0
4.3975000153295696e-05,0.019710265041794628,0.0011931000401901315,1.1390127369421518e-06,0.0037839161812433858,1.1390550298528979e-06,1.0784391406559735e-06,1.6387456014399504e-07,4.0807233148143496e-09,1.3690387845599616e-07,4.224044758416312e-08,7.776606594234181e-07,0.0,-1.429471474523325e-08,7.78400703893567e-07,5.220930354710163e-10,6.844495803459694e-11,2.1796242588578707e-10,3.228730349746911e-08,7.776606594234181e-07,3.0003837991898763e-07,1.6335246755261323e-07,4.010648257946059e-09,1.366859123663744e-07,9.95314586305085e-09,0.0,0.0
4.397749944473617e-05,0.019710601191036403,0.000812261223394728,1.1390194779488343e-06,0.00383702833464497,1.1390617373763234e-06,1.0783884363263496e-06,1.638077833376883e-07,4.1378069859376865e-09,1.3692125833131286e-07,4.2240493769440945e-08,7.776594088682032e-07,0.0,-1.4295023831323306e-08,7.781020485708723e-07,2.2464431703728138e-10,7.496777504334418e-11,2.179890989939537e-10,3.2287317708323826e-08,7.776594088682032e-07,3.0028641617718677e-07,1.635831381463504e-07,4.064262704162047e-09,1.3670327803083637e-07,9.9531751729387e-09,0.0,0.0
4.398000237415545e-05,0.0197109387954697,0.00064341094094722,1.1390243923625953e-06,0.003651141085808546,1.13906639853667e-06,1.07859250420006e-06,1.640185871565336e-07,3.9380934069299656e-09,1.369148492358363e-07,4.2240529296577733e-08,7.7765906780769e-07,0.0,-1.4295293837562895e-08,7.780288342473796e-07,1.5177148426914755e-10,2.6349256110336228e-11,2.18010956509751e-10,3.2287321261037505e-08,7.7765906780769e-07,3.005636415309709e-07,1.6386681522817526e-07,3.910282320163105e-09,1.3669684051365039e-07,9.953208923718648e-09,0.0,0.0
4.398250166559592e-05,0.019711274944711477,0.0009842342932131487,1.1390298636797088e-06,0.004351846817323052,1.1390716281312052e-06,1.0778448995552026e-06,1.6329015295468707e-07,4.690615895697192e-09,1.368947408764143e-07,4.2240582587282915e-08,7.776599773023918e-07,0.0,-1.4295586936441396e-08,7.782137458889338e-07,3.3570393687121225e-10,8.550743446633646e-11,2.180253338979199e-10,3.228733191917854e-08,7.776599773023918e-07,2.996311536662688e-07,1.6295444993374986e-07,4.6036849887798326e-09,1.3667671794337366e-07,9.953250668104374e-09,0.0,0.0
4.398500095703639e-05,0.019711611093953252,0.0013017009557536596,1.1390375478337156e-06,0.004015316957080021,1.1390795862098457e-06,1.0782136996567715e-06,1.6365339661206235e-07,4.329369751587819e-09,1.3689931677163258e-07,4.224062877256074e-08,7.776610004839313e-07,0.0,-1.4295904904315648e-08,7.784951776557136e-07,6.161534615856112e-10,2.0377446258157406e-11,2.1804225092125762e-10,3.228734257731958e-08,7.776610004839313e-07,2.9971852200105786e-07,1.6303724237332062e-07,4.311468959627973e-09,1.3668126541688252e-07,9.953287083419582e-09,0.0,0.0
4.398750388645567e-05,0.019711947243195027,0.001062218761657848,1.1390454941319219e-06,0.003779411305261678,1.1390878853489994e-06,1.0784749520098558e-06,1.6389047630127607e-07,4.076000426067594e-09,1.3692442735191435e-07,4.224066429969753e-08,7.776600909892295e-07,0.0,-1.4296172246019978e-08,7.782750230944657e-07,3.9683956121194797e-10,9.13967790339143e-11,2.1805988958956135e-10,3.2287346130033256e-08,7.776600909892295e-07,3.0020001418051834e-07,1.6349363818335405e-07,3.98392918654622e-09,1.3670636178630957e-07,9.953317281485852e-09,0.0,0.0
4.399000317789614e-05,0.01971228193724528,0.0006461406654518775,1.1390512119092814e-06,0.00369787800156274,1.1390934560040478e-06,1.0785678341562743e-06,1.6397608249008044e-07,3.9884122671196565e-09,1.3693285438876046e-07,4.224072114311639e-08,7.776588972774334e-07,0.0,-1.4296472450325837e-08,7.780378723509784e-07,1.6090338783580904e-10,5.814634884693248e-11,2.1806818850667042e-10,3.228736389360165e-08,7.776588972774334e-07,3.005299618052959e-07,1.6381518719299493e-07,3.932029812858673e-09,1.3671478882315569e-07,9.953358137693158e-09,0.0,0.0
4.399249883135781e-05,0.019712616631295532,0.0006903462014768713,1.1390556850513074e-06,0.0033583485874107664,1.1390976624170435e-06,1.0789366342578433e-06,1.643621203584189e-07,3.623445321565555e-09,1.3691564504370035e-07,4.22407531175395e-08,7.776588972774334e-07,0.0,-1.4296742456565426e-08,7.780525379530445e-07,1.7552097275608247e-10,6.146648467986182e-11,2.1807018690811475e-10,3.228736389360165e-08,7.776588972774334e-07,3.00884181569927e-07,1.6418660209183145e-07,3.5614082793955504e-09,1.3669757947809558e-07,9.953390112116267e-09,0.0,0.0
4.3995001760777086e-05,0.019712952780537307,0.0010598030021657934,1.1390615681645854e-06,0.0038003583616452235,1.1391034604457673e-06,1.078467107618053e-06,1.639046303125724e-07,4.098561490195607e-09,1.3690252842479822e-07,4.2240802855531e-08,7.776599204589729e-07,0.0,-1.4297022232767631e-08,7.782628017594106e-07,3.848007468221226e-10,9.187786642606e-11,2.1807446126675956e-10,3.2287378104456366e-08,7.776599204589729e-07,3.002042774369329e-07,1.6351982878859417e-07,4.005687781472034e-09,1.3668444864833873e-07,9.953425639253055e-09,0.0,0.0
4.399750105221756e-05,0.01971328747458756,0.0011971573090789889,1.1390691220764638e-06,0.003632652465543916,1.13911130483757e-06,1.0786546909002936e-06,1.6408202441198227e-07,3.918377622369462e-09,1.3691219180600456e-07,4.224085614623618e-08,7.776604888931615e-07,0.0,-1.4297312667110873e-08,7.784142894706747e-07,5.357053689536428e-10,3.902939429978325e-11,2.180880337432356e-10,3.228738520988372e-08,7.776604888931615e-07,3.0024042985132837e-07,1.635463178217833e-07,3.880566978864408e-09,1.3669411202954507e-07,9.9534727127093e-09,0.0,0.0
4.400000034365803e-05,0.019713622168637812,0.000973050593326974,1.1390763856331912e-06,0.003686610648786366,1.139118694482022e-06,1.0786037591969944e-06,1.640151054971284e-07,3.976392104476645e-09,1.3692911693397036e-07,4.224089877880033e-08,7.776595793984598e-07,0.0,-1.4297577344279944e-08,7.781890190017293e-07,3.1134497757712154e-10,1.0095998342896095e-10,2.1811606687460738e-10,3.228739231531108e-08,7.776595793984598e-07,3.0041476861697447e-07,1.6370375988117303e-07,3.8738985352893e-09,1.3671099452494673e-07,9.953506463489248e-09,0.0,0.0
4.400250327307731e-05,0.019713956862688065,0.0007000176752773868,1.1390819852931429e-06,0.0038966091122980616,1.1391241514502326e-06,1.0783833204186521e-06,1.6379229350604874e-07,4.20203827289356e-09,1.3693225753286242e-07,4.2240937858650796e-08,7.776587267471768e-07,0.0,-1.4297877548585802e-08,7.780401460877329e-07,1.632423501929381e-10,5.040985337489978e-11,2.1815130257785142e-10,3.228739942073844e-08,7.776587267471768e-07,3.0034314590920985e-07,1.636290534179352e-07,4.152364674325781e-09,1.3671410670212936e-07,9.953537549733937e-09,0.0,0.0
4.400500256451778e-05,0.019714291556738317,0.0007764753039225525,1.1390869270272966e-06,0.003699980515719915,1.1391288126105792e-06,1.0785988706629723e-06,1.6402367464252166e-07,3.990794805730502e-09,1.3691631295387197e-07,4.224098404392862e-08,7.776589541208523e-07,0.0,-1.4298142225754873e-08,7.780687383274199e-07,1.916097280840745e-10,8.689066827161085e-11,2.1818247208926778e-10,3.2287406526165796e-08,7.776589541208523e-07,3.0053018917897134e-07,1.6383205547754187e-07,3.903537049154693e-09,1.3669813370142947e-07,9.953578405941244e-09,0.0,0.0
4.400750185595825e-05,0.019714624795597047,0.0011503622428108429,1.1390933479987469e-06,0.004000190211486469,1.1391351790734916e-06,1.078282480193593e-06,1.6371717492802418e-07,4.313335022487763e-09,1.3690532796317711e-07,4.2241030229206444e-08,7.776599204589729e-07,0.0,-1.4298421113778659e-08,7.783478395140264e-07,4.696684707816701e-10,7.586303113482629e-11,2.1820441287179193e-10,3.228741718430683e-08,7.776599204589729e-07,2.9993464067956666e-07,1.6324750617968675e-07,4.236902384491259e-09,1.366871202890252e-07,9.953613933078032e-09,0.0,0.0
4.4010001147398725e-05,0.019714958034455776,0.0012616453118639015,1.1391013857451945e-06,0.003641971132898924,1.139143591899483e-06,1.0786752682179213e-06,1.6409633474268048e-07,3.928504188621673e-09,1.369187714317377e-07,4.224106575634323e-08,7.776601478326484e-07,0.0,-1.4298719541727678e-08,7.784482249917346e-07,5.69803815242409e-10,5.180092466083863e-11,2.1822552098704762e-10,3.228742073702051e-08,7.776601478326484e-07,3.002270716478961e-07,1.6352652210116503e-07,3.8789549350326524e-09,1.3670053533587634e-07,9.95364679567956e-09,0.0,0.0
4.4012504076818004e-05,0.01971529272850603,0.000974610859795888,1.1391088703615495e-06,0.003617970529389564,1.1391510952307726e-06,1.0787083510876982e-06,1.641158036136403e-07,3.9027350240417036e-09,1.3693332334696606e-07,4.224110838890738e-08,7.776591814945277e-07,0.0,-1.4298962014436256e-08,7.781978297316527e-07,3.2039662589689044e-10,7.587554196053503e-11,2.1825044549395045e-10,3.228742784244787e-08,7.776591814945277e-07,3.0051049293433607e-07,1.6379541989408608e-07,3.824603300728313e-09,1.3671507304025e-07,9.953682322816348e-09,0.0,0.0
4.401499973027967e-05,0.019715624512173235,0.0007900356514596307,1.1391147251704577e-06,0.003948864701105011,1.1391567795726587e-06,1.078358081940678e-06,1.637723414660286e-07,4.258290164926848e-09,1.3692707057089137e-07,4.2241151021471524e-08,7.77658669903758e-07,0.0,-1.4299280870488928e-08,7.780864166306856e-07,2.0950040313660878e-10,3.6331156832991596e-11,2.1827011031927412e-10,3.228743139516155e-08,7.77658669903758e-07,3.0027163688828296e-07,1.6356284504581708e-07,4.2232350949689135e-09,1.3670879184246587e-07,9.953720514488396e-09,0.0,0.0
4.401750265969895e-05,0.019715957751031965,0.0009555749304999139,1.139120542223239e-06,0.0033900833675599407,1.1391624639145448e-06,1.0789639190988964e-06,1.643894051994721e-07,3.6577776363344583e-09,1.3691555977857206e-07,4.224119010132199e-08,7.776589541208523e-07,0.0,-1.4299569528475331e-08,7.781783324389835e-07,3.010778293344174e-10,4.860680608009815e-11,2.1828421015168686e-10,3.228743139516155e-08,7.776589541208523e-07,3.007856150816224e-07,1.640883198206211e-07,3.609817333938281e-09,1.3669728105014656e-07,9.953757817982023e-09,0.0,0.0
4.402000195113942e-05,0.019716290989890695,0.0011729897932471478,1.1391276354280316e-06,0.003932749880555752,1.1391696261853212e-06,1.0783875268316478e-06,1.638112365753841e-07,4.241028417339976e-09,1.3691679612293228e-07,4.2241232733886136e-08,7.776595225550409e-07,0.0,-1.4299830652930723e-08,7.783441446918005e-07,4.66332139570369e-10,3.196257494786359e-11,2.182933417360644e-10,3.2287434947875226e-08,7.776595225550409e-07,3.000434105615568e-07,1.6334490737790475e-07,4.206116344107613e-09,1.3669850318365206e-07,9.95379689783249e-09,0.0,0.0
4.40225048805587e-05,0.019716624228749424,0.0011304911153543484,1.1391353115215225e-06,0.003951541239720478,1.139177470577124e-06,1.078374793905823e-06,1.6378604072997405e-07,4.261242469993931e-09,1.3692931588593638e-07,4.22412718137366e-08,7.776594088682032e-07,0.0,-1.430016727255179e-08,7.783168030073284e-07,4.3906861479925396e-10,3.0609449003238254e-11,2.1830159901981006e-10,3.2287438500588905e-08,7.776594088682032e-07,3.000579908984946e-07,1.6334696795183845e-07,4.233842609835392e-09,1.3671100873580144e-07,9.953835089504537e-09,0.0,0.0
4.4025000534020364e-05,0.01971695601241663,0.0009286977862615897,1.139142143573975e-06,0.0031631031662758173,1.1391842917873873e-06,1.0792289231176255e-06,1.646314302661267e-07,3.4137124238498018e-09,1.3693860978492012e-07,4.224130734087339e-08,7.776588404340146e-07,0.0,-1.4300412409795626e-08,7.781602562317858e-07,2.8310406796627774e-10,3.325665437481362e-11,2.18316045796918e-10,3.2287442053302584e-08,7.776588404340146e-07,3.010686100424209e-07,1.6434832161849044e-07,3.3805771515460492e-09,1.3672030263478518e-07,9.953865287570807e-09,0.0,0.0
4.402750346343964e-05,0.019717287796083838,0.0008189825188780198,1.1391479420917825e-06,0.003674581245961434,1.1391899761292734e-06,1.0786842494781013e-06,1.640884903508777e-07,3.963712913446216e-09,1.369372029103033e-07,4.224134286801018e-08,7.776585562169203e-07,0.0,-1.4300690409640993e-08,7.780989221828349e-07,2.2200247196124678e-10,1.2051628792142388e-11,2.1832924357312322e-10,3.2287442053302584e-08,7.776585562169203e-07,3.0058535571697576e-07,1.638664883785168e-07,3.950483495884782e-09,1.3671886733845895e-07,9.953899926529175e-09,0.0,0.0
4.4030002754880115e-05,0.019717619579751045,0.0008777844281821212,1.1391535716873834e-06,0.003161595845418859,1.1391955467843218e-06,1.0792410876092617e-06,1.646506859742658e-07,3.412124138790773e-09,1.3693163225525495e-07,4.2241381947860646e-08,7.776587267471768e-07,0.0,-1.4301004824801566e-08,7.781309818710724e-07,2.539002341706009e-10,2.188276122805366e-11,2.1833856944653007e-10,3.228744560601626e-08,7.776587267471768e-07,3.011100773164799e-07,1.6439678063306928e-07,3.393568315246398e-09,1.367132966834106e-07,9.953939006379642e-09,0.0,0.0
4.4032505684299394e-05,0.01971795136341825,0.0009803376763444227,1.139159736633043e-06,0.0030388256470132297,1.1392017995603965e-06,1.0793791034302558e-06,1.647880054633788e-07,3.280044902354007e-09,1.3693197331576812e-07,4.2241417474997434e-08,7.7765906780769e-07,0.0,-1.4301247297510145e-08,7.782092552588438e-07,3.3183489289712043e-10,1.4927165406519727e-11,2.1834631325212683e-10,3.228744560601626e-08,7.7765906780769e-07,3.0116979132799315e-07,1.644561677949241e-07,3.2620164347463287e-09,1.3671363774392375e-07,9.95397186898117e-09,0.0,0.0
4.403500133776106e-05,0.019718281691893935,0.0009602354162243643,1.1391661468985593e-06,0.00397131934123194,1.1392082797101466e-06,1.0783826382976258e-06,1.637831843481763e-07,4.2826018287200895e-09,1.369404714068878e-07,4.22414565548479e-08,7.776590109642711e-07,0.0,-1.4301569706276496e-08,7.781983413224225e-07,3.2100225255682346e-10,1.693685469650319e-11,2.1835505625844576e-10,3.228744560601626e-08,7.776590109642711e-07,3.001842969752033e-07,1.634621753510146e-07,4.264570030443338e-09,1.3672210741333402e-07,9.954009172474798e-09,0.0,0.0
4.403750426718034e-05,0.019718613475561142,0.000858315360554418,1.1391721805530165e-06,0.0035033031844057786,1.1392143051125458e-06,1.0788912732095923e-06,1.642865896656076e-07,3.7796832330627694e-09,1.3694591416424373e-07,4.224149563469837e-08,7.776587267471768e-07,0.0,-1.4301889450507588e-08,7.781299018461141e-07,2.5280688653595007e-10,1.4612510854106198e-11,2.183658115439968e-10,3.228744915872994e-08,7.776587267471768e-07,3.007613429417688e-07,1.6403377856022416e-07,3.767521405961816e-09,1.3672755017068994e-07,9.954047364146845e-09,0.0,0.0
4.404000355862081e-05,0.019718943804036826,0.0008976406638029379,1.1391779809757855e-06,0.0035697018059903806,1.139219989454432e-06,1.078825221156876e-06,1.6422642090674344e-07,3.851084340311672e-09,1.3694001665953692e-07,4.2241534714548834e-08,7.776587835905957e-07,0.0,-1.4302131035037746e-08,7.781530371175904e-07,2.758507866573723e-10,1.8141203816934848e-11,2.1837773256372373e-10,3.228744915872994e-08,7.776587835905957e-07,3.0067221246099507e-07,1.6395055979501194e-07,3.830262773618642e-09,1.3672163845512841e-07,9.954087332175732e-09,0.0,0.0
4.4042499212082475e-05,0.01971927413251251,0.0010626487923870442,1.139184456370065e-06,0.0038810498694573942,1.139226469604182e-06,1.0784967798826983e-06,1.6390205814786896e-07,4.1856997867739665e-09,1.369354123426092e-07,4.224158445254034e-08,7.776592383379466e-07,0.0,-1.4302456996517776e-08,7.78272067236685e-07,3.9440156696102235e-10,1.4561752845199116e-11,2.1838929276096763e-10,3.228744915872994e-08,7.776592383379466e-07,3.0022468422430393e-07,1.6350766429695796e-07,4.1729073529950256e-09,1.367170341382007e-07,9.954132629275136e-09,0.0,0.0
4.4045002141501755e-05,0.019719605916179717,0.0011038248285331065,1.1391916443756936e-06,0.003353621642822789,1.1392337455617962e-06,1.0790705573526793e-06,1.6446861650365463e-07,3.618794375270795e-09,1.3694273093278753e-07,4.224162708510448e-08,7.776592383379466e-07,0.0,-1.4302744766325759e-08,7.782807074363518e-07,4.0304723447626145e-10,1.8862640616124082e-11,2.1839467734263707e-10,3.228745271144362e-08,7.776592383379466e-07,3.0078990675974637e-07,1.6406556824222207e-07,3.599693432221329e-09,1.367243385175243e-07,9.954174373660862e-09,0.0,0.0
4.4047505070921034e-05,0.0197199362446554,0.0009467795945443669,1.1391984181060267e-06,0.003893644992197907,1.1392405667720595e-06,1.0784966661958606e-06,1.6388430879032967e-07,4.19928314343565e-09,1.3695360223664466e-07,4.224166616495495e-08,7.776587267471768e-07,0.0,-1.4303023654349545e-08,7.781531508044282e-07,2.760298101200931e-10,2.745659602454431e-11,2.1839575981008608e-10,3.22874562641573e-08,7.776587267471768e-07,3.00343486969723e-07,1.6360827714834159e-07,4.170530143454698e-09,1.3673520982138143e-07,9.95421078897607e-09,0.0,0.0
4.40500007243827e-05,0.01972026511793956,0.0008452590422205475,1.1392043116423448e-06,0.0035611439871631985,1.1392463648007833e-06,1.0788593272081926e-06,1.64248447731552e-07,3.8419734060823885e-09,1.3695239431399386e-07,4.224169458666438e-08,7.776585562169203e-07,0.0,-1.43033327404396e-08,7.780941473356506e-07,2.1719408216380742e-10,1.5363091007691843e-11,2.1839675901080824e-10,3.22874562641573e-08,7.776585562169203e-07,3.007652651376702e-07,1.6403124902808486e-07,3.82893761141645e-09,1.3673400189873064e-07,9.954236546150241e-09,0.0,0.0
4.405250001582317e-05,0.019720593991223723,0.001018257080647178,1.139210440249019e-06,0.003468706068706199,1.1392523902031826e-06,1.078964487533085e-06,1.64363513022181e-07,3.742610665824486e-09,1.3694189249235933e-07,4.224173366651485e-08,7.7765906780769e-07,0.0,-1.430360097032235e-08,7.781965791764378e-07,3.1914407228050834e-10,3.648064142436347e-11,2.1839867414552572e-10,3.228745981687098e-08,7.7765906780769e-07,3.007678515132284e-07,1.64044365646987e-07,3.7042990896907213e-09,1.367235000770961e-07,9.95427207328703e-09,0.0,0.0
4.405500294524245e-05,0.019720924319699407,0.0011910111750812469,1.1392177380911719e-06,0.003951626924064596,1.1392597798476345e-06,1.0784524420159869e-06,1.6384822743020777e-07,4.261641706193586e-09,1.369445783439005e-07,4.2241772746365314e-08,7.776596930852975e-07,0.0,-1.4303907391877146e-08,7.783456794641097e-07,4.67605787424219e-10,1.7196508106387398e-11,2.1840354524904626e-10,3.228746336958466e-08,7.776596930852975e-07,3.001067909735866e-07,1.6338061925580405e-07,4.243926987612667e-09,1.3672617171778256e-07,9.954311153137496e-09,0.0,0.0
4.405750223668292e-05,0.019721253192983568,0.0010879471254399142,1.1392252329761795e-06,0.003883908682572085,1.1392673968657618e-06,1.078532477549743e-06,1.6391673796078976e-07,4.188921653991429e-09,1.369562596664764e-07,4.224181537892946e-08,7.776595225550409e-07,0.0,-1.430419249714987e-08,7.782790589772048e-07,4.0116351907037995e-10,2.1781449907609662e-11,2.1841062292082825e-10,3.228746336958466e-08,7.776595225550409e-07,3.0025341857253807e-07,1.635155655321796e-07,4.167200806648452e-09,1.3673783882950374e-07,9.954349344809543e-09,0.0,0.0
4.4060001528123394e-05,0.01972158206626773,0.0009169641889585911,1.1392318265938638e-06,0.004086856131343681,1.1392739907023497e-06,1.0783206789710675e-06,1.6370593414194445e-07,4.406941478407589e-09,1.3695573386485194e-07,4.2241861564207284e-08,7.776590109642711e-07,0.0,-1.430451757045148e-08,7.781494559822022e-07,2.7205457331369587e-10,2.776595967035611e-11,2.1842432029739456e-10,3.2287466922298336e-08,7.776590109642711e-07,3.001711945671559e-07,1.6343388153927663e-07,4.378303497531988e-09,1.3673731302787928e-07,9.954394641908948e-09,0.0,0.0
4.406250445754267e-05,0.01972191093955189,0.0007950081592016933,1.139237456813549e-06,0.004036759655813608,1.139279561357398e-06,1.0783797961266828e-06,1.637673960885877e-07,4.353160054648697e-09,1.369536448692088e-07,4.224190064405775e-08,7.776587267471768e-07,0.0,-1.4304805340259463e-08,7.780932946843677e-07,2.161256729138472e-10,1.2058365590761344e-11,2.1843801767396087e-10,3.2287470475012015e-08,7.776587267471768e-07,3.0028647302060563e-07,1.635512631992242e-07,4.342119108713405e-09,1.3673520982138143e-07,9.954430169045736e-09,0.0,0.0
4.4065003748983145e-05,0.01972223981283605,0.0006834192318123655,1.1392423189662639e-06,0.003939240999093553,1.13928444989142e-06,1.0784889354908955e-06,1.6387528489758552e-07,4.248427831754498e-09,1.3695500911126146e-07,4.224193972390822e-08,7.77658669903758e-07,0.0,-1.4305091333710607e-08,7.780428745718382e-07,1.6575538164254056e-10,1.7002900823404055e-11,2.1845077136095625e-10,3.228747402772569e-08,7.77658669903758e-07,3.004460893407668e-07,1.637095294881874e-07,4.230757522094564e-09,1.3673655985257938e-07,9.954467472539363e-09,0.0,0.0
4.406750304042362e-05,0.01972256723092869,0.0008257954138621848,1.1392472604080706e-06,0.003999295406052735,1.1392892247386044e-06,1.0784287951537408e-06,1.638238558143712e-07,4.312955326213341e-09,1.3694581468826073e-07,4.2241975251045005e-08,7.776591246511089e-07,0.0,-1.4305443940543228e-08,7.78131152401329e-07,2.5358981581291573e-10,3.1295025598732096e-11,2.1846474629327872e-10,3.228747758043937e-08,7.776591246511089e-07,3.0029761433070234e-07,1.6357027732283314e-07,4.282978416370042e-09,1.3672735121872392e-07,9.954499446962473e-09,0.0,0.0
4.407000233186409e-05,0.019722894649021327,0.0011173405635710454,1.1392536225868252e-06,0.003450422016489587,1.1392955912015168e-06,1.0790247415570775e-06,1.6442199068933405e-07,3.7230907246055267e-09,1.3694297251731768e-07,4.2242007225468114e-08,7.776598636155541e-07,0.0,-1.4305713058604397e-08,7.783280580042629e-07,4.497286154592217e-10,1.7215033218387354e-11,2.1847787468054491e-10,3.228748113315305e-08,7.776598636155541e-07,3.006967403962335e-07,1.6397225977016205e-07,3.706805973280325e-09,1.3672449483692617e-07,9.954526980493483e-09,0.0,0.0
4.407250526128337e-05,0.01972322352230549,0.001042349633320283,1.1392607252309035e-06,0.003743617942647572,1.1393029808459687e-06,1.0787165365400142e-06,1.6409927638960653e-07,4.038302581221842e-09,1.3695759548681963e-07,4.224204630531858e-08,7.776596930852975e-07,0.0,-1.4306007933839737e-08,7.782725788274547e-07,3.94352273058729e-10,3.0780135384933516e-11,2.1849076714541837e-10,3.228748113315305e-08,7.776596930852975e-07,3.0044401455597836e-07,1.6370492517125967e-07,4.0058574235501965e-09,1.367391035955734e-07,9.95456428398711e-09,0.0,0.0
4.407500091474503e-05,0.019723549485206604,0.0007307843770765071,1.1392665049899645e-06,0.0037082265328032106,1.1393086651878548e-06,1.0787599649120239e-06,1.641343061464795e-07,4.0002863244126274e-09,1.3696674727725622e-07,4.224208538516905e-08,7.776588972774334e-07,0.0,-1.4306357876137099e-08,7.780618602737377e-07,1.8441721760797947e-10,4.867611869130428e-11,2.185016612088475e-10,3.228748823858041e-08,7.776588972774334e-07,3.006981330599956e-07,1.6394989188484033e-07,3.9531484752330925e-09,1.3674824117515527e-07,9.95459625841022e-09,0.0,0.0
4.407750384416431e-05,0.019723878358490765,0.0006797978450210351,1.1392711440180441e-06,0.00365291020250211,1.139313098974526e-06,1.0788235158543102e-06,1.6420307247244637e-07,3.940845427763406e-09,1.3696184453237947e-07,4.224213157044687e-08,7.776586130603391e-07,0.0,-1.4306599460667258e-08,7.780383270983293e-07,1.6120596524338282e-10,1.624995797644413e-11,2.1851243037218637e-10,3.228749179129409e-08,7.776586130603391e-07,3.007851887559809e-07,1.6404186453655711e-07,3.922776770082237e-09,1.3674333843027853e-07,9.954638890974365e-09,0.0,0.0
4.408000677358359e-05,0.01972420432139188,0.0008794282174449108,1.1392762265165522e-06,0.004153923799081219,1.1393181011953857e-06,1.078289869838045e-06,1.6367610555789724e-07,4.479133952628445e-09,1.369546680507483e-07,4.224217420301102e-08,7.776591246511089e-07,0.0,-1.4306929863039386e-08,7.781147246532782e-07,2.370578178201299e-10,6.237195482317048e-11,2.1852301912428373e-10,3.2287498896721445e-08,7.776591246511089e-07,3.001752020281856e-07,1.6343905429039296e-07,4.41668213113644e-09,1.3673614773779263e-07,9.954677082646413e-09,0.0,0.0
4.4082502427045256e-05,0.01972453173948452,0.0011211476107675367,1.1392827767637707e-06,0.003573165404691389,1.1393246950319735e-06,1.078920035979536e-06,1.6430915650289535e-07,3.855159746990466e-09,1.3695076006570162e-07,4.224223459914356e-08,7.776600909892295e-07,0.0,-1.4307282469872007e-08,7.783385171933332e-07,4.598951219847436e-10,4.8315098449824845e-11,2.1852931963994848e-10,3.228750955486248e-08,7.776600909892295e-07,3.005814903644932e-07,1.6384926482260198e-07,3.809604631754837e-09,1.3673222554189124e-07,9.954721491567398e-09,0.0,0.0
4.4085005356464535e-05,0.019724857702385634,0.0012456287468509686,1.139290491576649e-06,0.0035087313903118516,1.1393325394237763e-06,1.0789968882818357e-06,1.6438026761989022e-07,3.785910251963287e-09,1.369561744013481e-07,4.2242273678994025e-08,7.776604320497427e-07,0.0,-1.430751161990429e-08,7.784482249917346e-07,5.692791238409711e-10,2.769070563124476e-11,2.1853426013240806e-10,3.228751310757616e-08,7.776604320497427e-07,3.0054860644668224e-07,1.6381098077999923e-07,3.755551425399517e-09,1.3673763987753773e-07,9.954760571417864e-09,0.0,0.0
4.40875010099262e-05,0.01972518366528675,0.0010615118538925827,1.139298011999084e-06,0.004113672867777656,1.1393402701287414e-06,1.0783541029013577e-06,1.6372526090435713e-07,4.435996014962029e-09,1.3696936207452381e-07,4.224231986427185e-08,7.77659465711622e-07,0.0,-1.4307855344952713e-08,7.782164175296202e-07,3.383949231938743e-10,8.064093143245188e-11,2.1854397458387353e-10,3.2287523765717197e-08,7.77659465711622e-07,3.0013768537173746e-07,1.6338685782102402e-07,4.356222937929033e-09,1.3675081333985872e-07,9.954796098554652e-09,0.0,0.0
4.409000030136667e-05,0.019725509628187865,0.0007393982657788456,1.1393038822979565e-06,0.003051823428208651,1.1393460681574652e-06,1.079501089407131e-06,1.6486897891354602e-07,3.2944467154294443e-09,1.369734690115365e-07,4.2242366049549673e-08,7.776586130603391e-07,0.0,-1.43081928527522e-08,7.780267878843006e-07,1.495999990552832e-10,3.610432439127287e-11,2.1855534049208813e-10,3.2287530871144554e-08,7.776586130603391e-07,3.014743015228305e-07,1.6471938124595908e-07,3.2620641743363876e-09,1.3675492027687142e-07,9.95483340204828e-09,0.0,0.0
4.4092499592807144e-05,0.01972583559108898,0.0007585924089710261,1.1393087651918184e-06,0.0032724038413579747,1.1393507293178118e-06,1.0792680313898018e-06,1.6464913699110184e-07,3.5318008517748467e-09,1.3696023870579666e-07,4.224240157668646e-08,7.776587267471768e-07,0.0,-1.4308406015572928e-08,7.780297437420813e-07,1.5248323437244693e-10,4.709183737405809e-11,2.1856572107736838e-10,3.228753442385823e-08,7.776587267471768e-07,3.012383444911393e-07,1.6449665452000772e-07,3.480222332541416e-09,1.3674167576027685e-07,9.954868041006648e-09,0.0,0.0
4.409500252222642e-05,0.019726161553990096,0.0010965570859049478,1.1393148122909319e-06,0.003962325869823423,1.139356754720211e-06,1.078532022802392e-06,1.6392159807310236e-07,4.273495335382904e-09,1.3695081690912048e-07,4.2242447761964286e-08,7.776595793984598e-07,0.0,-1.4308773721438683e-08,7.782461466376844e-07,3.6802144665060155e-10,5.85488046933591e-11,2.185755465511363e-10,3.228754152928559e-08,7.776595793984598e-07,3.0028581932128873e-07,1.6355357956854277e-07,4.216439197790578e-09,1.3673223975274595e-07,9.954903568143436e-09,0.0,0.0
4.4097501813666895e-05,0.01972648751689121,0.0012154360183807,1.1393223485307282e-06,0.003281586254407023,1.139364485425176e-06,1.079271214621258e-06,1.646490090934094e-07,3.541721582678292e-09,1.3696212874947378e-07,4.2242483289101074e-08,7.776600341458106e-07,0.0,-1.4309067708495604e-08,7.783817181916675e-07,5.030974525865872e-10,2.6972016634041474e-11,2.185851083469359e-10,3.228754508199927e-08,7.776600341458106e-07,3.0088943958617165e-07,1.641459022039271e-07,3.5150136135086996e-09,1.3674353738224454e-07,9.954938207101804e-09,0.0,0.0
4.4100004743086174e-05,0.019726812024600804,0.0009944255044285234,1.139329519701741e-06,0.0040258934066140836,1.1393717613827903e-06,1.0784780215544743e-06,1.638434952155876e-07,4.34183755615436e-09,1.3697510325982876e-07,4.22425294743789e-08,7.77659465711622e-07,0.0,-1.4309320839345219e-08,7.78210790031153e-07,3.327478015346941e-10,5.2079802276283615e-11,2.1859243581889842e-10,3.228754863471295e-08,7.77659465711622e-07,3.0026725994503067e-07,1.6351074805243115e-07,4.287093346988513e-09,1.3675651189259952e-07,9.95498172784437e-09,0.0,0.0
4.410250039654784e-05,0.019727136532310396,0.0008265917378516008,1.1393354290430853e-06,0.003587750450262165,1.139377559411514e-06,1.07895425571769e-06,1.6432274208000308e-07,3.871018616763422e-09,1.3697260214939888e-07,4.224258276508408e-08,7.776588972774334e-07,0.0,-1.430970009153043e-08,7.780867008477799e-07,2.092042233892144e-10,3.756555136402717e-11,2.185975428448117e-10,3.2287555740140306e-08,7.776588972774334e-07,3.0086755486991024e-07,1.641135440877406e-07,3.838227513597303e-09,1.3675401078216964e-07,9.955027024943774e-09,0.0,0.0
4.4105006963945925e-05,0.01972746104001999,0.0008285929893396826,1.139340800245133e-06,0.002938524180458198,1.139382902692887e-06,1.0796577498695115e-06,1.6503007316259755e-07,3.172600404610648e-09,1.369687936403352e-07,4.224262184493455e-08,7.776588404340146e-07,0.0,-1.4309933682454812e-08,7.780926694067603e-07,2.1518917203700028e-10,2.8128270546101675e-11,2.1860277477081524e-10,3.2287555740140306e-08,7.776588404340146e-07,3.015650804627512e-07,1.6481489240049996e-07,3.1422588975260624e-09,1.3675018806225125e-07,9.955065216615822e-09,0.0,0.0
4.41075062553864e-05,0.01972778554772958,0.0008810199400137719,1.139346348070893e-06,0.004083546079184599,1.1393883596610976e-06,1.0784317510115216e-06,1.638033779727266e-07,4.403825748511281e-09,1.3696921996597666e-07,4.2242657372071335e-08,7.776591246511089e-07,0.0,-1.4310213458657017e-08,7.781424073982635e-07,2.6466800973068416e-10,3.286989430639764e-11,2.1861008836498996e-10,3.2287555740140306e-08,7.776591246511089e-07,3.0028931519154867e-07,1.6353870080365596e-07,4.368861272752156e-09,1.36750600177038e-07,9.95510074375261e-09,0.0,0.0
4.411000190884806e-05,0.019728110055439174,0.0009938002280769354,1.1393524320068795e-06,0.0035130860314169796,1.1393944987503346e-06,1.0790504347824026e-06,1.6442187700249633e-07,3.790797009628477e-09,1.3696904943572008e-07,4.224269289920812e-08,7.77659465711622e-07,0.0,-1.4310565177311219e-08,7.782408601997304e-07,3.627497191516227e-10,2.0345388568321354e-11,2.1862071875045075e-10,3.2287559292853985e-08,7.77659465711622e-07,3.008095461609628e-07,1.6405913072503608e-07,3.773496182191138e-09,1.367504154359267e-07,9.955135382710978e-09,0.0,0.0
4.4112501200288534e-05,0.019728433107957244,0.0010513012962505286,1.1393590387588508e-06,0.003831100871088163,1.1394012062737602e-06,1.078714944924286e-06,1.6408210967711057e-07,4.132665765155252e-09,1.3697339795726293e-07,4.224272487363123e-08,7.77659465711622e-07,0.0,-1.4310788110094563e-08,7.782637112541124e-07,3.856119590306406e-10,2.300357300477618e-11,2.186297115569502e-10,3.2287559292853985e-08,7.77659465711622e-07,3.004512620918831e-07,1.6369649813441356e-07,4.1053898058862615e-09,1.3675477816832426e-07,9.955164692598828e-09,0.0,0.0
4.411500412970781e-05,0.019728757615666837,0.0008922707694780652,1.1393653458000455e-06,0.004307534408635823,1.1394075727366726e-06,1.0782092658701004e-06,1.6356844412257487e-07,4.644423512445428e-09,1.3698175393983547e-07,4.22427639534817e-08,7.7765906780769e-07,0.0,-1.4311131835142987e-08,7.781523549965641e-07,2.7470098418191924e-10,3.3447945801956536e-11,2.1863516552755868e-10,3.2287562845567663e-08,7.7765906780769e-07,3.000568540301174e-07,1.6329374830093002e-07,4.613360804484046e-09,1.367631199400421e-07,9.955201996092455e-09,0.0,0.0
4.4117503421148285e-05,0.019729080668184906,0.0007157285790130585,1.1393705404824313e-06,0.0034696495578113756,1.13941268864437e-06,1.0791143267852021e-06,1.644709328729732e-07,3.744148546758197e-09,1.3698473821932566e-07,4.2242803033332166e-08,7.776586130603391e-07,0.0,-1.431141782859413e-08,7.780546411595424e-07,1.773509256119965e-10,2.4027960177086527e-11,2.1864227095491628e-10,3.2287562845567663e-08,7.776586130603391e-07,3.0105968562565977e-07,1.642935814061275e-07,3.7206244751786244e-09,1.3676610421953228e-07,9.955238411407663e-09,0.0,0.0
4.411999907460995e-05,0.019729403720702976,0.0007787208634750797,1.1393753683389867e-06,0.004133162593998834,1.1394173498047167e-06,1.0784056030388456e-06,1.6376621658764634e-07,4.4572256996389115e-09,1.369807449691507e-07,4.224284211318263e-08,7.77658669903758e-07,0.0,-1.4311662965837968e-08,7.780757300679397e-07,1.984160891144171e-10,2.4547771801386453e-11,2.1865359522976746e-10,3.228756639828134e-08,7.77658669903758e-07,3.003299013926153e-07,1.6356779042325797e-07,4.430469324745445e-09,1.367620967585026e-07,9.95527749125813e-09,0.0,0.0
4.412250200402923e-05,0.019729726773221046,0.0010056110492009385,1.1393811326681612e-06,0.003725273377870941,1.1394231478334405e-06,1.0788492090796353e-06,1.642120821543358e-07,4.019008237321486e-09,1.369779596416265e-07,4.2242895403887815e-08,7.776591814945277e-07,0.0,-1.4311987150961158e-08,7.7819896660003e-07,3.2112651426885463e-10,4.110154577796621e-11,2.186653635938285e-10,3.228756995099502e-08,7.776591814945277e-07,3.0065024247960537e-07,1.6389095947033638e-07,3.981177609801989e-09,1.3675928300926898e-07,9.955327229249633e-09,0.0,0.0
4.41250012954697e-05,0.019730049825739115,0.001162899252151739,1.1393881380952944e-06,0.003735907574694532,1.1394301964173792e-06,1.0788445479192887e-06,1.642052609440725e-07,4.030463518489569e-09,1.3697956546820933e-07,4.224293448373828e-08,7.776597499287163e-07,0.0,-1.4312228735491317e-08,7.783430078234232e-07,4.645936690916841e-10,2.4271385248852972e-11,2.186742592558133e-10,3.22875735037087e-08,7.776597499287163e-07,3.005015400958655e-07,1.637406654708684e-07,4.002941089709111e-09,1.367608888358518e-07,9.955361868208001e-09,0.0,0.0
4.412750422488898e-05,0.019730371423065662,0.0011206999267372453,1.1393954820892027e-06,0.004129505112028724,1.1394376997486688e-06,1.0784287951537408e-06,1.6378314171561215e-07,4.453377222546351e-09,1.3698604561795946e-07,4.224297711630243e-08,7.776595793984598e-07,0.0,-1.4312526275261916e-08,7.783045816722733e-07,4.2632214425353254e-10,3.618901706081701e-11,2.1867894994809234e-10,3.22875735037087e-08,7.776595793984598e-07,3.00124185059758e-07,1.6335681607415609e-07,4.4193733117481315e-09,1.3676736898560193e-07,9.955404500772147e-09,0.0,0.0
4.413000351632945e-05,0.019730694475583732,0.000885677277402408,1.1394019637412827e-06,0.0034200028947176586,1.139444179898419e-06,1.0791975455504144e-06,1.6454370665996976e-07,3.690858729754609e-09,1.3699499845643004e-07,4.224302330158025e-08,7.776587835905957e-07,0.0,-1.4312793616966246e-08,7.781177373544779e-07,2.4022170364013107e-10,5.932853514023506e-11,2.1868462596330573e-10,3.228758060913606e-08,7.776587835905957e-07,3.010798081959365e-07,1.6430348637186398e-07,3.6315028761890744e-09,1.367763218240725e-07,9.955441804265774e-09,0.0,0.0
4.4132502807769924e-05,0.01973101607291028,0.0006713999483007882,1.1394069712600129e-06,0.004028368461190618,1.139449068432441e-06,1.0785481663333485e-06,1.6389292056828708e-07,4.344789417132233e-09,1.3699695955438074e-07,4.224305527600336e-08,7.776583288432448e-07,0.0,-1.4313060958670576e-08,7.780229793752369e-07,1.4597156816620327e-10,2.810766203120707e-11,2.1869553390452268e-10,3.2287584161849736e-08,7.776583288432448e-07,3.00525215379821e-07,1.6374694666865253e-07,4.3154577689108464e-09,1.367782687111685e-07,9.955471114153625e-09,0.0,0.0
4.4135005737189204e-05,0.019731337670236826,0.000761184432930051,1.1394115784130835e-06,0.0033452760104144886,1.1394535022191121e-06,1.0792865623443504e-06,1.6463985730297281e-07,3.6105114453732767e-09,1.3698816303531203e-07,4.2243101461281185e-08,7.776584993735014e-07,0.0,-1.431337270929589e-08,7.780581654515117e-07,1.8092789766388506e-10,5.858045992734873e-11,2.1871003619278184e-10,3.2287587714563415e-08,7.776584993735014e-07,3.0122839689283865e-07,1.6445892470073886e-07,3.5559883926339353e-09,1.3676945798124507e-07,9.95551374671777e-09,0.0,0.0
4.4137505028629676e-05,0.019731659267563373,0.0010683986485595653,1.1394174623033605e-06,0.0032092397021840596,1.1394594139346736e-06,1.0794384479595465e-06,1.6479977205108298e-07,3.4641767232557186e-09,1.3697928125111503e-07,4.224314764655901e-08,7.776594088682032e-07,0.0,-1.4313607188398692e-08,7.782767852404504e-07,3.9865608036926403e-10,7.07494965390687e-11,2.187227621242016e-10,3.228759837270445e-08,7.776594088682032e-07,3.0116166271909606e-07,1.6440111494375742e-07,3.3899236751011586e-09,1.3676054777533864e-07,9.955550162032978e-09,0.0,0.0
4.414000432007015e-05,0.01973198086488992,0.0011831136071442927,1.1394247031065817e-06,0.003989326600396141,1.1394668035791256e-06,1.0786068287416128e-06,1.6396079161040689e-07,4.302914913267841e-09,1.3698613088308775e-07,4.2243190279123155e-08,7.776598636155541e-07,0.0,-1.4313892293671415e-08,7.784102535879356e-07,5.316495577112335e-10,4.6302156553323925e-11,2.1873548805562137e-10,3.228760192541813e-08,7.776598636155541e-07,3.0019654673196783e-07,1.6342914932465646e-07,4.256989871720407e-09,1.3676739740731136e-07,9.955588353705025e-09,0.0,0.0
4.414250361151062e-05,0.019732302462216467,0.0009202197705100446,1.1394314673704926e-06,0.0034789278727876136,1.1394737384762266e-06,1.0791619615702075e-06,1.645000793359941e-07,3.7543266273587506e-09,1.3700288548079698e-07,4.224323646440098e-08,7.776590109642711e-07,0.0,-1.4314170293516781e-08,7.781823114783037e-07,3.045543262025774e-10,1.0764102803539899e-10,2.187523912011713e-10,3.228760903084549e-08,7.776590109642711e-07,3.0097965009190375e-07,1.641955265085926e-07,3.647195656597546e-09,1.3678413779416587e-07,9.955628321733911e-09,0.0,0.0
4.414500290295109e-05,0.01973262260435149,0.0006371724129721201,1.1394364532390795e-06,0.0040061565055740924,1.1394786270102486e-06,1.078599780157674e-06,1.6393433099892718e-07,4.321039526189452e-09,1.3700724821319454e-07,4.224328620239248e-08,7.77658271999826e-07,0.0,-1.4314425200723235e-08,7.780370196996955e-07,1.6002099645362478e-10,6.994324563969201e-11,2.187728193048244e-10,3.2287619688986524e-08,7.77658271999826e-07,3.00562788879688e-07,1.637743025639793e-07,4.2492103169422535e-09,1.3678848631570872e-07,9.955668289762798e-09,0.0,0.0
4.414750583237037e-05,0.019732942746486515,0.0007177240375852989,1.1394407908335037e-06,0.0035953322249681055,1.1394827197364066e-06,1.0790450915010297e-06,1.6438897887383064e-07,3.87952558966731e-09,1.3699779799480893e-07,4.224332528224295e-08,7.776583856866637e-07,0.0,-1.4314725405029094e-08,7.780744795127248e-07,1.9733700784563268e-10,8.134169726670137e-11,2.187930531194482e-10,3.2287619688986524e-08,7.776583856866637e-07,3.009706404100143e-07,1.6419163273440063e-07,3.801584824714155e-09,1.3677900767561368e-07,9.955703816899586e-09,0.0,0.0
4.415000512381084e-05,0.01973326288862154,0.0010747615114096165,1.1394465293350102e-06,0.0034715524296557317,1.1394884040782927e-06,1.0791836757562123e-06,1.6453641649150086e-07,3.746442711616282e-09,1.3698787881821772e-07,4.224338212566181e-08,7.776593520247843e-07,0.0,-1.4314958995953475e-08,7.78297362558078e-07,4.1921494053909214e-10,1.1114370535025841e-10,2.188078052078879e-10,3.228763389984124e-08,7.776593520247843e-07,3.0088628477642487e-07,1.641171962774024e-07,3.6328391406215133e-09,1.3676907428816776e-07,9.955746449463732e-09,0.0,0.0
4.4152504415251315e-05,0.019733583030756563,0.0013049317479156414,1.1394541477358176e-06,0.0036406926705538313,1.1394962484700955e-06,1.0790091664603096e-06,1.6435581073892536e-07,3.928340763792448e-09,1.369931794670265e-07,4.224342120551228e-08,7.776602046760672e-07,0.0,-1.4315255647545655e-08,7.785417892591795e-07,6.62798482764515e-10,4.442663945058989e-11,2.1881783884847295e-10,3.22876410052686e-08,7.776602046760672e-07,3.0046737720113015e-07,1.6369301647500833e-07,3.886031496591613e-09,1.367743607261218e-07,9.9557810884221e-09,0.0,0.0
4.415500006871298e-05,0.019733903172891587,0.0011179420037123883,1.139461904375575e-06,0.00347843580866157,1.139504206548736e-06,1.0791912927743397e-06,1.645202019062708e-07,3.753897637182035e-09,1.3701168199986569e-07,4.2243460285362744e-08,7.77659465711622e-07,0.0,-1.4315480356685839e-08,7.783471005495812e-07,4.688257559948283e-10,1.0005235528964818e-10,2.1882465284228658e-10,3.2287648110695955e-08,7.77659465711622e-07,3.008442206464679e-07,1.6405137159836158e-07,3.650949098599199e-09,1.367928490481063e-07,9.955813951023629e-09,0.0,0.0
4.415750299813226e-05,0.01973422331502661,0.000711371318082854,1.1394677607782996e-06,0.004294368864458978,1.1395100045774598e-06,1.0783199968500412e-06,1.6363975419153576e-07,4.63070382039632e-09,1.3702185697184177e-07,4.2243520681495283e-08,7.776583856866637e-07,0.0,-1.4315768126493822e-08,7.78101764353778e-07,2.2454042791775208e-10,6.914469691254865e-11,2.1883099499131475e-10,3.228766232155067e-08,7.776583856866637e-07,3.0021823249626323e-07,1.6341520847618085e-07,4.562337618807533e-09,1.3680302402008238e-07,9.955859248123033e-09,0.0,0.0
4.416000228957273e-05,0.019734542001970112,0.0006152274831343618,1.1394719884754717e-06,0.0030725503701249995,1.13951398361678e-06,1.0796371725518839e-06,1.6496774435381667e-07,3.317239594124999e-09,1.370111419873865e-07,4.224355620863207e-08,7.77658271999826e-07,0.0,-1.4316045238160768e-08,7.780715804983629e-07,1.9449000743243516e-10,3.961398917229353e-11,2.1883969636427025e-10,3.228766232155067e-08,7.77658271999826e-07,3.015655352101021e-07,1.6477325459618442e-07,3.281282356937254e-09,1.367922948247724e-07,9.955891222546143e-09,0.0,0.0
4.416250521899201e-05,0.019734862144105136,0.0009387093402430935,1.1394769632819949e-06,0.0036961847789758594,1.139518872150802e-06,1.0789708539959975e-06,1.6431512506187573e-07,3.98807564749859e-09,1.3699677481326944e-07,4.2243605946623575e-08,7.776589541208523e-07,0.0,-1.4316259289159916e-08,7.78225512476638e-07,3.4766786671802663e-10,7.620790803963828e-11,2.1884875855970876e-10,3.2287672979691706e-08,7.776589541208523e-07,3.0074539836277836e-07,1.6396745650126832e-07,3.906170498169104e-09,1.3677792765065533e-07,9.955932078753449e-09,0.0,0.0
4.416500451043248e-05,0.019735180831048638,0.001188811059015693,1.1394837434117277e-06,0.003987182524490055,1.139525807047903e-06,1.0786646953420131e-06,1.6400332469856949e-07,4.300833023052064e-09,1.3700157808216318e-07,4.224365923732876e-08,7.776598067721352e-07,0.0,-1.4316597685137822e-08,7.78439073201298e-07,5.604082753407624e-10,3.1239705267083195e-11,2.1885747381045206e-10,3.2287680085119064e-08,7.776598067721352e-07,3.0022565056242456e-07,1.634429196428755e-07,4.274113063473806e-09,1.3678271670869435e-07,9.955979152209693e-09,0.0,0.0
4.4167503801872954e-05,0.01973549951799214,0.0010576106574258226,1.139490902464434e-06,0.003103401153019611,1.1395330830055173e-06,1.0796220522024669e-06,1.649463570174703e-07,3.350500321630534e-09,1.3701632894935756e-07,4.2243698317179224e-08,7.776594088682032e-07,0.0,-1.431681084795855e-08,7.783348223711073e-07,4.565496869446406e-10,5.562652422019809e-11,2.188646486267487e-10,3.2287680085119064e-08,7.776594088682032e-07,3.01287258253069e-07,1.64489804888035e-07,3.2931688487281008e-09,1.3679745336503402e-07,9.95601734388174e-09,0.0,0.0
4.4170003093313426e-05,0.019735816749744117,0.0008285824949192389,1.139496886068017e-06,0.00426178907405705,1.1395391084079165e-06,1.0783824109239504e-06,1.6370405830912205e-07,4.595838376530992e-09,1.3701961165679677e-07,4.224374450245705e-08,7.776587267471768e-07,0.0,-1.4317080854198139e-08,7.781626436553779e-07,2.850740477011726e-10,5.243257564235826e-11,2.1886928380787651e-10,3.228768719054642e-08,7.776587267471768e-07,3.0021973884686304e-07,1.634189885635351e-07,4.541220732789952e-09,1.3680073607247323e-07,9.956056423732207e-09,0.0,0.0
4.41725023847539e-05,0.01973613543668762,0.0008261528626860581,1.1395021594935512e-06,0.003537930385485916,1.1395441106287763e-06,1.0791649174279883e-06,1.6449490658487775e-07,3.818010352318879e-09,1.3701136936106195e-07,4.224379424044855e-08,7.77658669903758e-07,0.0,-1.4317390828466614e-08,7.781618478475139e-07,2.8429164578014365e-10,5.191182206321088e-11,2.1887916479279568e-10,3.228768719054642e-08,7.77658669903758e-07,3.0100309800218383e-07,1.6421061843630014e-07,3.770236567390839e-09,1.367924937767384e-07,9.95610616172371e-09,0.0,0.0
4.417500531417318e-05,0.01973645412363112,0.001031953376653405,1.1395080810355324e-06,0.003760946549957557,1.1395500223443378e-06,1.0789308362291194e-06,1.6426783133738354e-07,4.057801206158729e-09,1.3700370971037046e-07,4.224382976758534e-08,7.776592383379466e-07,0.0,-1.4317604879465762e-08,7.783027626828698e-07,4.246245022265782e-10,6.45504899532412e-11,2.188974973504898e-10,3.22876907432601e-08,7.776592383379466e-07,3.006280167028308e-07,1.638432109984933e-07,3.9882759317322325e-09,1.3678480570433749e-07,9.95613813614682e-09,0.0,0.0
4.417750096763484e-05,0.019736771355383098,0.0011736077091271113,1.1395150777756058e-06,0.004206377619258451,1.1395571846151142e-06,1.078458922165737e-06,1.6379182454784313e-07,4.536405473487548e-09,1.3700750400857942e-07,4.2243872400149485e-08,7.776595793984598e-07,0.0,-1.4317950380871025e-08,7.784082640682755e-07,5.297248195645921e-10,5.401935496140986e-11,2.189195213997408e-10,3.228769429597378e-08,7.776595793984598e-07,3.00050686519171e-07,1.6326210072747926e-07,4.486442772844157e-09,1.3678857158083702e-07,9.956179880532545e-09,0.0,0.0
4.4180000259075314e-05,0.019737088587135077,0.0010353962258355942,1.13952208543749e-06,0.002915915267159278,1.139564233199053e-06,1.0798534049172304e-06,1.65176501809583e-07,3.148761029692082e-09,1.3701773582397436e-07,4.224392213814099e-08,7.776591814945277e-07,0.0,-1.4318187524509085e-08,7.783056048538128e-07,4.27492929944151e-10,6.843455663263498e-11,2.1893774293513246e-10,3.228769429597378e-08,7.776591814945277e-07,3.015478000634175e-07,1.6474901087804028e-07,3.0809099715867205e-09,1.3679880339623196e-07,9.95622695398879e-09,0.0,0.0
4.418250318849459e-05,0.019737405818887055,0.0008251684856688257,1.139527987739521e-06,0.004107329891133066,1.1395701449146145e-06,1.0785777249111561e-06,1.639008928577823e-07,4.4300745294378885e-09,1.3701809109534224e-07,4.22439541125641e-08,7.776587267471768e-07,0.0,-1.431841223364927e-08,7.781947601870343e-07,3.1708968784016633e-10,5.256236418338389e-11,2.1895028845531073e-10,3.228769784868746e-08,7.776587267471768e-07,3.003829363024124e-07,1.63583806056522e-07,4.37264002783877e-09,1.367991302458904e-07,9.95625537569822e-09,0.0,0.0
4.4185002479935065e-05,0.019737723050639033,0.0008405529351520613,1.1395332719367673e-06,0.0040041112004727515,1.139575260822312e-06,1.078693344425119e-06,1.6402461255893286e-07,4.31920810228803e-09,1.3700990564302629e-07,4.22440038505556e-08,7.776587835905957e-07,0.0,-1.4318746188735076e-08,7.782110174048285e-07,3.3324182302507666e-10,5.210589598680926e-11,2.1896008617350304e-10,3.228769784868746e-08,7.776587835905957e-07,3.004822985985811e-07,1.6369136801586137e-07,4.271319742343849e-09,1.3679094479357445e-07,9.956305113689723e-09,0.0,0.0
4.418750177137554e-05,0.01973803882719949,0.0009773011149967203,1.139539012293761e-06,0.003611820034494151,1.1395810588510358e-06,1.079120465874439e-06,1.6445461881176016e-07,3.897588918277961e-09,1.3700650924874935e-07,4.2244053588547104e-08,7.776592951813655e-07,0.0,-1.4318965568804742e-08,7.783069690958655e-07,4.287010746395481e-10,6.022996684729165e-11,2.189681908015828e-10,3.2287701401401137e-08,7.776592951813655e-07,3.008134683568642e-07,1.6402591995756666e-07,3.8347494069057575e-09,1.367875341884428e-07,9.956351298967547e-09,0.0,0.0
4.419000106281601e-05,0.019738356058951467,0.0010539454905194034,1.1395454560529548e-06,0.00409939294850755,1.139587539000786e-06,1.0786025086417794e-06,1.6393269675063493e-07,4.4216155181686645e-09,1.3701013301670173e-07,4.224410332653861e-08,7.776596930852975e-07,0.0,-1.4319260444040083e-08,7.783898468005646e-07,5.111994161310918e-10,4.7892700222318396e-11,2.1897859914243867e-10,3.2287704954114815e-08,7.776596930852975e-07,3.0021266184121487e-07,1.6342150388481969e-07,4.375636297737628e-09,1.3679114374554047e-07,9.95640103695905e-09,0.0,0.0
4.419250035425648e-05,0.019738671835511923,0.001065096207876648,1.1395521474899446e-06,0.0031342524590585565,1.1395942465242115e-06,1.0796467222462525e-06,1.649734855391216e-07,3.3838853941148272e-09,1.3701350098926923e-07,4.224414951181643e-08,7.776596930852975e-07,0.0,-1.4319523344852314e-08,7.783902447044966e-07,5.115679546641161e-10,5.032723543463291e-11,2.1899264346370018e-10,3.2287704954114815e-08,7.776596930852975e-07,3.01256420698337e-07,1.6446190898022905e-07,3.335027587425543e-09,1.3679451171810797e-07,9.956443669523196e-09,0.0,0.0
4.419499964569695e-05,0.01973898761207238,0.0009675538847151444,1.1395585661224931e-06,0.003671629109325868,1.1396007266739616e-06,1.079074763765675e-06,1.643967095787957e-07,3.961962313780987e-09,1.370187163729497e-07,4.224419214438058e-08,7.776593520247843e-07,0.0,-1.4319768482096151e-08,7.783162345731398e-07,4.37872738068279e-10,5.198971461672919e-11,2.1900875557534505e-10,3.2287704954114815e-08,7.776593520247843e-07,3.0075855761424464e-07,1.639588447233109e-07,3.9072252100424976e-09,1.3679971289093373e-07,9.956484525730502e-09,0.0,0.0
4.419750621309504e-05,0.019739304843824357,0.000825686717039531,1.1395642548510714e-06,0.003667940421044691,1.13960629732901e-06,1.0790840860863682e-06,1.6440471029000037e-07,3.958016137062259e-09,1.3702022272354952e-07,4.2244227671517365e-08,7.776591246511089e-07,0.0,-1.4320065133688331e-08,7.782396664879343e-07,3.615254762223685e-10,4.13584201608419e-11,2.1902328561917983e-10,3.2287708506828494e-08,7.776591246511089e-07,3.0084439117672446e-07,1.6404318614604563e-07,3.918688040727147e-09,1.3680119081982411e-07,9.95652094104571e-09,0.0,0.0
4.4200001866556704e-05,0.019739620620384812,0.0008963469350179998,1.1395696926297078e-06,0.0034807056060132693,1.1396116406103829e-06,1.0792903140099952e-06,1.6462007579320925e-07,3.756691846490412e-09,1.3701092882456578e-07,4.224426675136783e-08,7.776593520247843e-07,0.0,-1.432030760639691e-08,7.782890634189243e-07,4.106990303398561e-10,4.3901143137459187e-11,2.190336939600357e-10,3.2287708506828494e-08,7.776593520247843e-07,3.010012790127803e-07,1.6420938209193991e-07,3.7116378859280985e-09,1.3679189692084037e-07,9.956560020896177e-09,0.0,0.0
4.4202501157997176e-05,0.019739934941753745,0.001057476288928827,1.1395758339136118e-06,0.0037557359341054974,1.1396178933864576e-06,1.0790005262606428e-06,1.6432974803137768e-07,4.0524410493958385e-09,1.3701099987883936e-07,4.224430938393198e-08,7.776597499287163e-07,0.0,-1.4320588270777534e-08,7.784008175804047e-07,5.219836229919395e-10,3.028093054080472e-11,2.1904421332319401e-10,3.2287708506828494e-08,7.776597499287163e-07,3.0059973710194754e-07,1.638077691268336e-07,4.022311816953561e-09,1.3679195376425923e-07,9.956598212568224e-09,0.0,0.0
4.420500044943765e-05,0.0197402507183142,0.000991587566788743,1.139582304376977e-06,0.0036206959913966247,1.1396244872230454e-06,1.079151957128488e-06,1.644709186621185e-07,3.907281165282939e-09,1.3702138801363617e-07,4.2244344911068765e-08,7.776596362418786e-07,0.0,-1.4320844066162408e-08,7.783668252159259e-07,4.880995607692284e-10,2.4451614344389583e-11,2.1905617597628435e-10,3.228771205954217e-08,7.776596362418786e-07,3.007851603342715e-07,1.6398281843521545e-07,3.882654642239913e-09,1.3680232768820133e-07,9.956633739705012e-09,0.0,0.0
4.420749974087812e-05,0.019740565039683133,0.0008751167021278095,1.1395881718273888e-06,0.0038037801864584868,1.1396302852517692e-06,1.0789606221806025e-06,1.6427969740107073e-07,4.104129036619497e-09,1.3702153012218332e-07,4.224438754363291e-08,7.776593520247843e-07,0.0,-1.4321113184223577e-08,7.782952593515802e-07,4.168175526952922e-10,1.7183600029002655e-11,2.1906750025113553e-10,3.228771205954217e-08,7.776593520247843e-07,3.006653344073129e-07,1.6386287882141914e-07,4.086758487176212e-09,1.3680246979674848e-07,9.956674595912318e-09,0.0,0.0
4.42100026702974e-05,0.019740879361052066,0.0009156205142374363,1.1395938004971213e-06,0.0037624854139283485,1.1396358559068176e-06,1.0790103033286869e-06,1.6433466498710914e-07,4.059760527752587e-09,1.3701622947337455e-07,4.22444230707697e-08,7.776593520247843e-07,0.0,-1.4321383190463166e-08,7.783090723023633e-07,4.306366652162552e-10,1.2708364742486378e-11,2.1907929637077217e-10,3.228771205954217e-08,7.776593520247843e-07,3.0070117418290465e-07,1.6390403345667437e-07,4.046265100754454e-09,1.36797154937085e-07,9.956711011227526e-09,0.0,0.0
4.421250196173787e-05,0.019741193682421,0.0009541638497374549,1.1395996776289303e-06,0.004385641045003102,1.1396417676223791e-06,1.0783463721963926e-06,1.6366949751045468e-07,4.7292401106346915e-09,1.3701743739602534e-07,4.224447636147488e-08,7.77659465711622e-07,0.0,-1.432163632131278e-08,7.783311275488813e-07,4.525700092461449e-10,1.2523143112785906e-11,2.1908933001135722e-10,3.228771205954217e-08,7.77659465711622e-07,3.000152730692207e-07,1.6321692442033964e-07,4.714966639340901e-09,1.3679834864888107e-07,9.956762525575868e-09,0.0,0.0
4.421500125317834e-05,0.01974150800378993,0.0009356802650231089,1.1396056178128226e-06,0.0038690671803388033,1.1396476793379406e-06,1.0789068483063602e-06,1.6422566773144354e-07,4.174363077424914e-09,1.370216864415852e-07,4.224451188861167e-08,7.776595225550409e-07,0.0,-1.4321947183759676e-08,7.783303885844362e-07,4.517729801367665e-10,1.1407955309572504e-11,2.1909739300607356e-10,3.228771205954217e-08,7.776595225550409e-07,3.0057648814363347e-07,1.6377389044919255e-07,4.16738510367054e-09,1.3680259769444092e-07,9.956798052712656e-09,0.0,0.0
4.421750418259762e-05,0.019741822325158864,0.000977969314945426,1.139611632822379e-06,0.0032448326592861084,1.1396537047403399e-06,1.0795838534249924e-06,1.6490272969349462e-07,3.5030689460313624e-09,1.370215159113286e-07,4.224454386303478e-08,7.776596362418786e-07,0.0,-1.4322186991932995e-08,7.783543196637766e-07,4.75602002225628e-10,1.3431244831607625e-11,2.1910344372155777e-10,3.228771205954217e-08,7.776596362418786e-07,3.0122953376121586e-07,1.6442712080788624e-07,3.488394684225682e-09,1.3680241295332962e-07,9.956832691671025e-09,0.0,0.0
4.4220003474038094e-05,0.019742136646527797,0.001022125788679773,1.1396179195486886e-06,0.003840964134996422,1.1396599575164146e-06,1.0789486850626417e-06,1.6426800186764012e-07,4.144203202827157e-09,1.3702097589884943e-07,4.2244586495598924e-08,7.776597499287163e-07,0.0,-1.4322456109994164e-08,7.783889941492816e-07,5.100982414241173e-10,1.7089541587411716e-11,2.1910748215780984e-10,3.228771205954217e-08,7.776597499287163e-07,3.0055974775677896e-07,1.6375790323763795e-07,4.126371688784047e-09,1.3680185872999573e-07,9.95687443605675e-09,0.0,0.0
4.4222502765478566e-05,0.019742449512705207,0.0009473373447477229,1.1396240813327097e-06,0.003545734683637867,1.1396662102924893e-06,1.079272010429122e-06,1.6458803031582647e-07,3.826812200458107e-09,1.3702437229312636e-07,4.224462202273571e-08,7.776596362418786e-07,0.0,-1.432273588619637e-08,7.78354547037452e-07,4.758056171283442e-10,2.467373007297713e-11,2.1911357450665747e-10,3.228771205954217e-08,7.776596362418786e-07,3.0091749181337946e-07,1.6411222247825208e-07,3.803165338212011e-09,1.3680525512427266e-07,9.95690729865828e-09,0.0,0.0
4.422500205691904e-05,0.019742762378882617,0.0008386305150196449,1.1396296690220824e-06,0.0038019139129792526,1.1396717809475376e-06,1.0790018905026955e-06,1.643154661223889e-07,4.102272299633114e-09,1.370271291989411e-07,4.22446575498725e-08,7.776592951813655e-07,0.0,-1.4322984576153885e-08,7.782839475112269e-07,4.055684121873071e-10,3.793778138860837e-11,2.1912116565658835e-10,3.228771561225585e-08,7.776592951813655e-07,3.0071791456975916e-07,1.6390990253967175e-07,4.062495673196054e-09,1.368080120300874e-07,9.956941049438228e-09,0.0,0.0
4.422750498633832e-05,0.019743075245060027,0.0007623519902537623,1.1396346779548477e-06,0.003806173704701959,1.1396767831683974e-06,1.0790018905026955e-06,1.6431381766324193e-07,4.106868622955062e-09,1.370290902968918e-07,4.2244700182436645e-08,7.776590109642711e-07,0.0,-1.4323283892281324e-08,7.782518878229894e-07,3.737359033362253e-10,3.39408709471023e-11,2.1913362791003976e-10,3.228771561225585e-08,7.776590109642711e-07,3.007500311014155e-07,1.6394008639508684e-07,4.074743209514509e-09,1.368099589171834e-07,9.956983682002374e-09,0.0,0.0
4.423000063979998e-05,0.019743388111237437,0.0007721196709198352,1.1396394787976775e-06,0.0036410286597394477,1.1396815580155817e-06,1.0791839031298878e-06,1.6449966722120735e-07,3.929339520425401e-09,1.3702508283586212e-07,4.224473926228711e-08,7.776591246511089e-07,0.0,-1.43235352467741e-08,7.782662123645423e-07,3.8791825307527006e-10,5.202191108444332e-11,2.1914836612069166e-10,3.228771916496953e-08,7.776591246511089e-07,3.0091769076534547e-07,1.6411173930919176e-07,3.875617604620629e-09,1.36805937245299e-07,9.957020097317582e-09,0.0,0.0
4.423250356921926e-05,0.019743700977414846,0.0009615086427956498,1.139644902734313e-06,0.004099758697124008,1.1396869012969546e-06,1.0786958455355489e-06,1.6401864399995247e-07,4.422392674285902e-09,1.3701746581773477e-07,4.2244789000278615e-08,7.776597499287163e-07,0.0,-1.4323813246619466e-08,7.78414971591701e-07,5.36058974986986e-10,5.351527901376052e-11,2.1916408965427792e-10,3.228772271768321e-08,7.776597499287163e-07,3.0028087394384784e-07,1.6348258213838562e-07,4.369421713334987e-09,1.3679830601631693e-07,9.957067170773826e-09,0.0,0.0
4.4235002860659733e-05,0.019744013843592256,0.0010890511017415117,1.1396513182422013e-06,0.0034199241805402372,1.1396933814467047e-06,1.0794328773044981e-06,1.6474866981752712e-07,3.691578598363776e-09,1.3702420176286978e-07,4.2244845843697476e-08,7.776600341458106e-07,0.0,-1.4324079700145376e-08,7.785087632328214e-07,6.295569066061546e-10,4.8193272289553946e-11,2.1917941073201774e-10,3.228772627039689e-08,7.776600341458106e-07,3.0092411407167674e-07,1.6411911474278895e-07,3.6451002216608686e-09,1.368050135397425e-07,9.957121349657427e-09,0.0,0.0
4.4237502152100205e-05,0.019744325254578143,0.0009032774309226804,1.139657522572127e-06,0.003927885756763327,1.1396997479096171e-06,1.0788927511384827e-06,1.6419396331457392e-07,4.237767470272047e-09,1.3703935053399618e-07,4.224488847626162e-08,7.77659465711622e-07,0.0,-1.4324299080215042e-08,7.783760906932002e-07,4.97431484891564e-10,6.798722002043789e-11,2.191903325510225e-10,3.228772627039689e-08,7.77659465711622e-07,3.005166888669919e-07,1.636965407669777e-07,4.166073264144643e-09,1.368201623108689e-07,9.957160429507894e-09,0.0,0.0
4.424000144354068e-05,0.01974463666556403,0.0007502864084097949,1.1396626719515815e-06,0.004172663724343415,1.139704750130477e-06,1.0786344546431792e-06,1.6393858004448703e-07,4.500778860716537e-09,1.370367357367286e-07,4.224492755611209e-08,7.776591246511089e-07,0.0,-1.4324609942661937e-08,7.783004321026965e-07,4.2211256712221257e-10,5.5784425689875405e-11,2.1920087966975643e-10,3.228772982311057e-08,7.776591246511089e-07,3.0033399411877326e-07,1.6351646081602667e-07,4.447532564455514e-09,1.368175333027466e-07,9.957199509358361e-09,0.0,0.0
4.4242504372959957e-05,0.019744948076549917,0.0009282533468834009,1.1396678991087819e-06,0.003485112569899746,1.1397098660381744e-06,1.0793783076223917e-06,1.6469357433379628e-07,3.7617549075719126e-09,1.3702519652269984e-07,4.224497729410359e-08,7.776595225550409e-07,0.0,-1.4324848862656836e-08,7.784124704812712e-07,5.337756903145419e-10,6.743366975925369e-11,2.1921031656546575e-10,3.228772982311057e-08,7.776595225550409e-07,3.009657802977017e-07,1.6415980041983858e-07,3.6944292070018037e-09,1.3680597987786314e-07,9.957247470993025e-09,0.0,0.0
4.424500366440043e-05,0.019745259487535805,0.0010767434758895966,1.1396741428891547e-06,0.004138245644058561,1.1397162325010868e-06,1.07868231680186e-06,1.6399170021941245e-07,4.463852398828294e-09,1.3703063928005577e-07,4.2245027032095095e-08,7.776599204589729e-07,0.0,-1.4325080677224378e-08,7.785283173689095e-07,6.491601700631122e-10,4.787604687694902e-11,2.1922171022925596e-10,3.2287733375824246e-08,7.776599204589729e-07,3.001539710112411e-07,1.6334254837602202e-07,4.413298171357383e-09,1.3681142263521906e-07,9.957295432627689e-09,0.0,0.0
4.4247499317862093e-05,0.01974557089852169,0.0009309398875734232,1.1396803950357103e-06,0.004250211555135855,1.1397225989639992e-06,1.078567947843112e-06,1.638647120216774e-07,4.584141954921961e-09,1.3704368484468432e-07,4.2245059006518204e-08,7.776595793984598e-07,0.0,-1.4325379993351817e-08,7.784399258525809e-07,5.610930053912e-10,4.804302441985264e-11,2.1923628190645417e-10,3.2287733375824246e-08,7.776595793984598e-07,3.0012807883395e-07,1.6330362484495708e-07,4.537531683723728e-09,1.368244539889929e-07,9.957324742515539e-09,0.0,0.0
4.425000224728137e-05,0.01974588230950758,0.0008225404292652172,1.1396858555660523e-06,0.003915443096950052,1.139727942245372e-06,1.078932655218523e-06,1.6423150839273148e-07,4.224499416949357e-09,1.3704190848784492e-07,4.224510163908235e-08,7.776592383379466e-07,0.0,-1.4325628683309333e-08,7.783726232446497e-07,4.940906017658619e-10,3.170161355647849e-11,2.192475090367907e-10,3.2287736928537925e-08,7.776592383379466e-07,3.005600603955827e-07,1.6373741118513863e-07,4.193073888103527e-09,1.3682266342129878e-07,9.957366486901265e-09,0.0,0.0
4.4252501538721845e-05,0.019746192265301943,0.0009442962580656911,1.1396913319787416e-06,0.003910543363546407,1.139733285526745e-06,1.0789430007207557e-06,1.6424995408215182e-07,4.219253391113398e-09,1.3703360934869124e-07,4.2245144271646495e-08,7.77659465711622e-07,0.0,-1.4325889807764725e-08,7.784434501445503e-07,5.64737534514137e-10,2.6781726142344198e-11,2.1925448956405802e-10,3.2287736928537925e-08,7.77659465711622e-07,3.004995789979148e-07,1.636852147157697e-07,4.193109859329525e-09,1.368143642821451e-07,9.95740734310857e-09,0.0,0.0
4.4255004468141124e-05,0.01974650367628783,0.0010012058253110467,1.1396973904859599e-06,0.0035174325081112237,1.139739424615982e-06,1.0793714864121284e-06,1.6467642183215503e-07,3.796616354634352e-09,1.370354283380948e-07,4.2245179798783283e-08,7.776596362418786e-07,0.0,-1.4326159814004313e-08,7.784929607623781e-07,6.140558062028845e-10,2.1301580291344102e-11,2.1926163662477904e-10,3.2287736928537925e-08,7.776596362418786e-07,3.0087852564975037e-07,1.6406235658905644e-07,3.7763570048809925e-09,1.3681616906069394e-07,9.957443758423778e-09,0.0,0.0
4.4257503759581596e-05,0.019746813632082194,0.0009247563738803422,1.1397033601173935e-06,0.0036171992236572136,1.1397454500183812e-06,1.0792698503792053e-06,1.6456981200008158e-07,3.903934064908299e-09,1.3704054424579226e-07,4.224522243134743e-08,7.776595225550409e-07,0.0,-1.4326397845820793e-08,7.78452147187636e-07,5.733640784377769e-10,1.8888578201536887e-11,2.1927247517705695e-10,3.2287736928537925e-08,7.776595225550409e-07,3.0081773161327874e-07,1.6399644664488733e-07,3.884289778710581e-09,1.368212849683914e-07,9.957485502809504e-09,0.0,0.0
4.425999941304326e-05,0.019747122132685035,0.0009013596230715848,1.1397089936962526e-06,0.003506582752915361,1.1397510206734296e-06,1.079394110092835e-06,1.6469212482661533e-07,3.7849847700499595e-09,1.3704269008485426e-07,4.2245268616625253e-08,7.776592951813655e-07,0.0,-1.4326665187525123e-08,7.784192916915345e-07,5.406826097953399e-10,2.0039494369461508e-11,2.1928422966333017e-10,3.2287740481251603e-08,7.776592951813655e-07,3.0097484682301e-07,1.6415144443726604e-07,3.765856071424878e-09,1.3682340238574398e-07,9.95752813537365e-09,0.0,0.0
4.426250234246254e-05,0.0197474320884794,0.0009242688719410808,1.1397146523375565e-06,0.0036839282120404463,1.1397567050153157e-06,1.0792088005473488e-06,1.6450833584258362e-07,3.975727747018709e-09,1.3704108425827144e-07,4.224530059104836e-08,7.776593520247843e-07,0.0,-1.4326906772055281e-08,7.784317972436838e-07,5.53123435942382e-10,2.18725332984393e-11,2.1929501270445684e-10,3.2287740481251603e-08,7.776593520247843e-07,3.0077700330366497e-07,1.639552067445038e-07,3.951665217272193e-09,1.3682178234830644e-07,9.95756010979676e-09,0.0,0.0
4.426500163390301e-05,0.019747742044273764,0.0009810492235047263,1.1397205579813944e-06,0.004067169002415998,1.1397625030440395e-06,1.078802370102494e-06,1.6410767500474321e-07,4.387671559413775e-09,1.370349593798892e-07,4.224534677632619e-08,7.776596930852975e-07,0.0,-1.4327182107365388e-08,7.785000661897357e-07,6.210684189156268e-10,2.886366493037862e-11,2.1930375571077576e-10,3.228774403396528e-08,7.776596930852975e-07,3.0030227549104893e-07,1.6348660381027003e-07,4.359645533469347e-09,1.368156574699242e-07,9.957603630539325e-09,0.0,0.0
4.426750456332229e-05,0.019748052000068128,0.0010362801859988835,1.1397268108107907e-06,0.003477780229686087,1.1397688695069519e-06,1.0794419722515158e-06,1.6474564290547278e-07,3.75406195018968e-09,1.37036366254506e-07,4.224540006703137e-08,7.776599204589729e-07,0.0,-1.432744323182078e-08,7.785557727402193e-07,6.765262239305514e-10,2.200969614896131e-11,2.1931086113813336e-10,3.228774403396528e-08,7.776599204589729e-07,3.0088617108958715e-07,1.6406912095590087e-07,3.733350073531483e-09,1.3681705013368628e-07,9.957654256709247e-09,0.0,0.0
4.427000385476276e-05,0.01974836050067097,0.0009076866785058257,1.1397328079602867e-06,0.0036965223393301953,1.1397750085961889e-06,1.0792125522129936e-06,1.645040157427502e-07,3.9893333081408855e-09,1.3704905654776667e-07,4.224543204145448e-08,7.77659465711622e-07,0.0,-1.432768215181568e-08,7.78444814386603e-07,5.660300561594056e-10,4.366244865661173e-11,2.1931917393303024e-10,3.228774758667896e-08,7.77659465711622e-07,3.0076770940468123e-07,1.63937983188589e-07,3.944303550440509e-09,1.3682974042694696e-07,9.957682678418678e-09,0.0,0.0
4.4272503146203235e-05,0.01974866900127381,0.0007143899313142299,1.1397378120764066e-06,0.0035347412758013255,1.1397798971302109e-06,1.0793911542350543e-06,1.646796619070301e-07,3.815368465609481e-09,1.3705239609862474e-07,4.2245471121304945e-08,7.7765906780769e-07,0.0,-1.4327966368909983e-08,7.783466458022303e-07,4.682778609321758e-10,2.406656297859744e-11,2.1932428095894352e-10,3.228775113939264e-08,7.7765906780769e-07,3.0104445158940507e-07,1.6421138582245476e-07,3.793548142283498e-09,1.3683307997780503e-07,9.957719981912305e-09,0.0,0.0
4.42749987996649e-05,0.019748977501876652,0.0008153844075380334,1.139742531439464e-06,0.0031432427879900405,1.1397844446037197e-06,1.0798165703818086e-06,1.6511719991285645e-07,3.39412564720476e-09,1.3703999002245837e-07,4.224552085929645e-08,7.776594088682032e-07,0.0,-1.4328208841618562e-08,7.784065587657096e-07,5.278342762871091e-10,4.812861914560429e-11,2.1932755611686616e-10,3.228775469210632e-08,7.776594088682032e-07,3.0141004003780836e-07,1.645893661361697e-07,3.345329568915645e-09,1.3682065969078394e-07,9.95776616719013e-09,0.0,0.0
4.427750172908418e-05,0.019749286002479494,0.001111475705929621,1.13974847581453e-06,0.0036392048557737735,1.139790470006119e-06,1.0792886087074294e-06,1.6459341622976353e-07,3.927752345589397e-09,1.3703501622330805e-07,4.224556704457427e-08,7.776602046760672e-07,0.0,-1.4328461084289756e-08,7.786159699207928e-07,7.364171494828042e-10,3.109849530669173e-11,2.1933746485736094e-10,3.2287761797533676e-08,7.776602046760672e-07,3.006726956300554e-07,1.6385700973842177e-07,3.895773925677304e-09,1.3681568589163362e-07,9.957807023397436e-09,0.0,0.0
4.428000102052465e-05,0.019749594503082335,0.001127694027193371,1.1397553836666553e-06,0.0032470736826009264,1.1397975185900577e-06,1.0797172080856399e-06,1.6500898425420019e-07,3.5059213310262294e-09,1.3704803336622717e-07,4.2245620335279455e-08,7.776602046760672e-07,0.0,-1.4328755071346677e-08,7.786262017361878e-07,7.466515739018575e-10,3.365458259296794e-11,2.1935504801451344e-10,3.2287761797533676e-08,7.776602046760672e-07,3.0109100634945207e-07,1.6426233173660876e-07,3.4744220833715644e-09,1.3682868882369803e-07,9.957857649567359e-09,0.0,0.0
4.428250394994393e-05,0.019749901548493654,0.0008738644683319308,1.1397615293601707e-06,0.0034156746004843854,1.1398037713661324e-06,1.0795416756081977e-06,1.6482417208862898e-07,3.6873630815392744e-09,1.3705799517538253e-07,4.224567007327096e-08,7.776595225550409e-07,0.0,-1.43289815568437e-08,7.784557283230242e-07,5.76811320929238e-10,4.196020614299911e-11,2.1937565652940805e-10,3.2287765350247355e-08,7.776595225550409e-07,3.010859757068829e-07,1.6424735349573893e-07,3.642350199228872e-09,1.3683862221114396e-07,9.957902946666763e-09,0.0,0.0
4.42850032413844e-05,0.019750208593904972,0.0008058817289828824,1.1397666869437914e-06,0.0037723651570896175,1.1398086599001545e-06,1.0791627573780715e-06,1.6445235928586044e-07,4.070995984761794e-09,1.370510460674268e-07,4.2245705600407746e-08,7.776593520247843e-07,0.0,-1.432927820843588e-08,7.784241802255565e-07,5.454517393310709e-10,2.5126040137379846e-11,2.1939287886407755e-10,3.2287768902961034e-08,7.776593520247843e-07,3.0073854873080563e-07,1.6390690404932684e-07,4.047493451508899e-09,1.368316446814788e-07,9.957938473803551e-09,0.0,0.0
4.4287502532824874e-05,0.019750517094507813,0.000952115316497526,1.1397721103752747e-06,0.0034359598857602374,1.139814116868365e-06,1.0795296248033992e-06,1.6482674425333244e-07,3.7092204863142797e-09,1.3704313062135043e-07,4.224575889111293e-08,7.776597499287163e-07,0.0,-1.4329527786571816e-08,7.785170055285562e-07,6.378812478224916e-10,3.1017789031695386e-11,2.1940384231644572e-10,3.2287768902961034e-08,7.776597499287163e-07,3.010125908531336e-07,1.6418886161773116e-07,3.676816850983755e-09,1.368237150245477e-07,9.957990876330314e-09,0.0,0.0
4.4290001824265346e-05,0.019750824139919132,0.0009803198230988741,1.1397780438286976e-06,0.004207251173142996,1.1398201422707643e-06,1.0787061910377815e-06,1.639989477553172e-07,4.538387887720319e-09,1.3704715229323483e-07,4.224581928724547e-08,7.776600341458106e-07,0.0,-1.4329798680989825e-08,7.785694151607458e-07,6.89979184897993e-10,1.8425082640161072e-11,2.1941257144497683e-10,3.228777245567471e-08,7.776600341458106e-07,3.0013671903361683e-07,1.6330896812633e-07,4.518601492975449e-09,1.368277366964321e-07,9.958046831570755e-09,0.0,0.0
4.4292504753684625e-05,0.01975113118533045,0.0009018219263783323,1.1397838228585738e-06,0.0035289747393589797,1.1398259402994881e-06,1.0794406080094632e-06,1.6472861830152397e-07,3.809318638303694e-09,1.370520692489663e-07,4.2245854814382255e-08,7.776599204589729e-07,0.0,-1.4330129083361953e-08,7.785308184793394e-07,6.514538353208366e-10,1.508946093076169e-11,2.1942248018547161e-10,3.228777245567471e-08,7.776599204589729e-07,3.0090981795183325e-07,1.6407716429966968e-07,3.798623637862875e-09,1.3683265365216357e-07,9.958082358707543e-09,0.0,0.0
4.429500040714629e-05,0.019751436775550246,0.0009160073397129764,1.1397893779670236e-06,0.0032283804361290373,1.1398313972676988e-06,1.0797692766573164e-06,1.6505838118519023e-07,3.485906008293682e-09,1.370510602782815e-07,4.2245890341519043e-08,7.776598636155541e-07,0.0,-1.4330351127966878e-08,7.785193929521483e-07,6.401404961664525e-10,9.82020281065088e-12,2.1943037664673426e-10,3.228777245567471e-08,7.776598636155541e-07,3.012498552834586e-07,1.6441823902368924e-07,3.4730647247016577e-09,1.3683161625976936e-07,9.95811877402275e-09,0.0,0.0
4.429750333656557e-05,0.019751743820961565,0.0010040007508800852,1.1397952732637627e-06,0.004021155976365341,1.1398373089832603e-06,1.0789221960294526e-06,1.642136737700639e-07,4.338514436597052e-09,1.370484312701592e-07,4.224595073765158e-08,7.776600909892295e-07,0.0,-1.4330651332272737e-08,7.785733373566472e-07,6.93815727093039e-10,1.2144510223854876e-11,2.1943390160483744e-10,3.228777245567471e-08,7.776600909892295e-07,3.0034885867280536e-07,1.635198572103036e-07,4.326640379304081e-09,1.3682900146250176e-07,9.958176505620031e-09,0.0,0.0
4.430000262800604e-05,0.01975204941118136,0.0010649195474007334,1.1398015956818495e-06,0.003209269134001219,1.1398436754461727e-06,1.0798013363455539e-06,1.65092572501635e-07,3.4653730995870546e-09,1.370484312701592e-07,4.224599337021573e-08,7.776603183629049e-07,0.0,-1.4330973741039088e-08,7.786176752233587e-07,7.379377109373308e-10,1.0389458390824835e-11,2.1943941108659715e-10,3.228777245567471e-08,7.776603183629049e-07,3.0118363270048576e-07,1.64354631237984e-07,3.4574543228416132e-09,1.3682898725164705e-07,9.958219138184177e-09,0.0,0.0
4.430250555742532e-05,0.01975235645659268,0.001019320744739649,1.1398079952460275e-06,0.0036459416807853,1.1398501555959228e-06,1.0793377214213251e-06,1.6462473695355584e-07,3.935202386173842e-09,1.3705285084597563e-07,4.2246032450066195e-08,7.776600909892295e-07,0.0,-1.4331209996498728e-08,7.785563411744079e-07,6.768083316011086e-10,2.498309371878893e-11,2.1944833450415757e-10,3.228777600838839e-08,7.776600909892295e-07,3.007813234034984e-07,1.6394793078688963e-07,3.905991974306744e-09,1.3683340682746348e-07,9.958257329856224e-09,0.0,0.0
4.4305001210886985e-05,0.019752660591620952,0.0008798013319726294,1.1398137711414924e-06,0.004123598689249344,1.1398559536246466e-06,1.0788296549435472e-06,1.6411370040714246e-07,4.448660551048533e-09,1.3705631829452614e-07,4.224608574077138e-08,7.776596362418786e-07,0.0,-1.4331526188016142e-08,7.784634590279893e-07,5.843687200801639e-10,1.757382434020016e-11,2.1945649464338857e-10,3.228777956110207e-08,7.776596362418786e-07,3.003661959155579e-07,1.6352933585039864e-07,4.4330157322747255e-09,1.3683686006515927e-07,9.958308844204566e-09,0.0,0.0
4.430750050232746e-05,0.019752966181840748,0.0008367085170704058,1.1398190166277129e-06,0.0035062021069064524,1.1398610695323441e-06,1.079498247236188e-06,1.647877354571392e-07,3.784939028861345e-09,1.370509465914438e-07,4.224612837333552e-08,7.776595225550409e-07,0.0,-1.4331789977006792e-08,7.784416311551468e-07,5.626411558878885e-10,1.7536345639501683e-11,2.194634612928681e-10,3.228777956110207e-08,7.776595225550409e-07,3.010565592376224e-07,1.642250850864002e-07,3.767366418827578e-09,1.368314741512222e-07,9.958347924055033e-09,0.0,0.0
4.4310003431746736e-05,0.019753271772060543,0.0009965085209557856,1.1398246187596886e-06,0.004125681660723992,1.1398666401873925e-06,1.0788373856485123e-06,1.641351445869077e-07,4.450939616873484e-09,1.3704227797006752e-07,4.224616745318599e-08,7.776599773023918e-07,0.0,-1.4332053765997443e-08,7.785543516547477e-07,6.748771541609244e-10,2.380665976853269e-11,2.1947101080943554e-10,3.228778311381575e-08,7.776599773023918e-07,3.002830908371834e-07,1.6346027109648276e-07,4.425180666345341e-09,1.3682281974070065e-07,9.958384339370241e-09,0.0,0.0
4.431250272318721e-05,0.01975357736228034,0.0011231998420466738,1.1398310963811341e-06,0.003785260620334701,1.1398731203371426e-06,1.0792094826683751e-06,1.6450559314762359e-07,4.0850891558363855e-09,1.3704352852528245e-07,4.224622784931853e-08,7.776603183629049e-07,0.0,-1.4332370845693276e-08,7.786518949615129e-07,7.720756811657736e-10,1.0749070036841779e-11,2.1947864359272984e-10,3.228778311381575e-08,7.776603183629049e-07,3.005575592851528e-07,1.6373351741094666e-07,4.077781223799093e-09,1.3682405608506087e-07,9.958443847324361e-09,0.0,0.0
4.431500565260649e-05,0.019753881497308612,0.0009398267018951856,1.1398373707674969e-06,0.0033754971219520386,1.1398796004868927e-06,1.0796563856274588e-06,1.649409426818238e-07,3.6443770223826277e-09,1.3705556511922623e-07,4.2246270481882675e-08,7.776598067721352e-07,0.0,-1.4332602660260818e-08,7.785146749483829e-07,6.353596537778117e-10,3.3181454112130027e-11,2.1948641515390221e-10,3.228778666652943e-08,7.776598067721352e-07,3.011416822573665e-07,1.6430558957836183e-07,3.609649024127748e-09,1.3683607846814994e-07,9.958482927174828e-09,0.0,0.0
4.431750130606815e-05,0.019754185632336885,0.0006952253513787809,1.1398423435335213e-06,0.0038513530966322583,1.1398844890209148e-06,1.079149114957545e-06,1.6443070194327447e-07,4.156184285619702e-09,1.3705914625461446e-07,4.224630600901946e-08,7.776592383379466e-07,0.0,-1.433289309460406e-08,7.783771138747397e-07,4.983649048995176e-10,1.8583492383816846e-11,2.195000431415295e-10,3.2287790219243107e-08,7.776592383379466e-07,3.007719726610958e-07,1.6393234147926705e-07,4.137749254340406e-09,1.3683964539268345e-07,9.958517566133196e-09,0.0,0.0
4.4320000597508624e-05,0.01975449122255668,0.0007877473206079344,1.1398468753529692e-06,0.003443969942623795,1.1398888091207482e-06,1.0795911293826066e-06,1.6488256449065375e-07,3.7180793999169737e-09,1.3704924128887797e-07,4.2246366405152e-08,7.776593520247843e-07,0.0,-1.4333177311698364e-08,7.784189506310213e-07,5.400931368804152e-10,2.2951418543470936e-11,2.1951827855470896e-10,3.2287790219243107e-08,7.776593520247843e-07,3.0117220717329474e-07,1.643424809572025e-07,3.696042361056584e-09,1.3682972621609224e-07,9.958573521373637e-09,0.0,0.0
4.43225035269279e-05,0.019754795357584953,0.001021350647810948,1.139852377453587e-06,0.0036775299817643123,1.1398943797757966e-06,1.0793452247526147e-06,1.6463943097733136e-07,3.969324424701881e-09,1.3704574541861803e-07,4.224641259042983e-08,7.776600341458106e-07,0.0,-1.4333422448942201e-08,7.785760658407526e-07,6.964923082719565e-10,2.334242868440306e-11,2.1953212858694116e-10,3.2287797324670464e-08,7.776600341458106e-07,3.0076913049015275e-07,1.6394292856602988e-07,3.944510051923089e-09,1.3682621613497759e-07,9.958617042116202e-09,0.0,0.0
4.432499918038957e-05,0.019755098037421703,0.001011184939123666,1.1398585295289834e-06,0.0037167419648310007,1.1399006325518712e-06,1.0793089586513815e-06,1.6459446783301246e-07,4.011512899637637e-09,1.370543145640113e-07,4.224645522299397e-08,7.776602046760672e-07,0.0,-1.433372176506964e-08,7.786030096212926e-07,7.232655030442459e-10,1.1484868611688626e-11,2.1954034423732338e-10,3.2287797324670464e-08,7.776602046760672e-07,3.007059774517984e-07,1.6387119217142754e-07,4.001064368708285e-09,1.3683478528037085e-07,9.958657898323509e-09,0.0,0.0
4.432750210980885e-05,0.019755402172449976,0.0008341257593471596,1.1398641417651978e-06,0.0034971529036810487,1.1399063168937573e-06,1.0795504294947023e-06,1.6482815112794924e-07,3.7753529191775215e-09,1.3706271317914798e-07,4.2246508513699155e-08,7.776595793984598e-07,0.0,-1.4333992659487649e-08,7.784519766573794e-07,5.728237328916919e-10,4.319691479515164e-11,2.1954826845416164e-10,3.228780443009782e-08,7.776595793984598e-07,3.0109848125903227e-07,1.6425532578523416e-07,3.732257614075252e-09,1.3684316968465282e-07,9.958706748136592e-09,0.0,0.0
4.4330005039228126e-05,0.01975570630747825,0.0006773682464924491,1.13986873874792e-06,0.003540947945168259,1.1399108643672662e-06,1.0795075695568812e-06,1.6477974895678926e-07,3.82248011021602e-09,1.3706868173812836e-07,4.22465511462633e-08,7.7765906780769e-07,0.0,-1.4334271547511435e-08,7.783725664012309e-07,4.939411657467474e-10,1.434324187199465e-11,2.1955648410454387e-10,3.22878079828115e-08,7.7765906780769e-07,3.011349463122315e-07,1.6428580806859827e-07,3.808364290591726e-09,1.368491240327785e-07,9.95874405163022e-09,0.0,0.0
4.43325043306686e-05,0.019756008987315,0.0007376245324266506,1.139873021645753e-06,0.003223690491825802,1.1399149570934242e-06,1.079852722796204e-06,1.651308849659472e-07,3.481110955050326e-09,1.3706247159461782e-07,4.2246597331541125e-08,7.776593520247843e-07,0.0,-1.4334557540962578e-08,7.78402750256646e-07,5.238534050988619e-10,5.452555768004075e-11,2.1956481077722856e-10,3.228781153552518e-08,7.776593520247843e-07,3.0144994411784864e-07,1.646070302285807e-07,3.428017203432887e-09,1.3684289967841323e-07,9.958787572372785e-09,0.0,0.0
4.433500362210907e-05,0.01975631166715175,0.0011249874252644426,1.139878659396586e-06,0.0031932137843267675,1.1399205277484725e-06,1.079890694200003e-06,1.651818308801012e-07,3.4483218502856516e-09,1.3704837442674034e-07,4.224666483310102e-08,7.776604888931615e-07,0.0,-1.4334796460957477e-08,7.787051004015666e-07,8.25004842219812e-10,5.2300972580576754e-11,2.1957724527510436e-10,3.2287825746379895e-08,7.776604888931615e-07,3.011856222201459e-07,1.6435683392046485e-07,3.394700076597701e-09,1.3682880251053575e-07,9.958840863077967e-09,0.0,0.0
4.433750291354954e-05,0.0197566143469885,0.001296545377002134,1.1398859888881188e-06,0.0035143659375476196,1.1399281447665999e-06,1.0795523621709435e-06,1.6483451759086165e-07,3.793942049412635e-09,1.370569293612789e-07,4.2246711018378846e-08,7.776609436405124e-07,0.0,-1.433508689530072e-08,7.788476068526506e-07,9.670758638335997e-10,2.3656542003092085e-11,2.1959373208702004e-10,3.2287829299093573e-08,7.776609436405124e-07,3.007047837400023e-07,1.6386744050578272e-07,3.770067813491096e-09,1.3683732902336487e-07,9.958880831106853e-09,0.0,0.0
4.4340002204990014e-05,0.01975691702682525,0.0008724493196148597,1.1398925539977257e-06,0.0035455374815506753,1.1399348522900254e-06,1.0795253047035658e-06,1.6478497855132446e-07,3.827497430108906e-09,1.370806899103627e-07,4.224676430908403e-08,7.776596362418786e-07,0.0,-1.4335355125183469e-08,7.784899480611784e-07,6.107295225099563e-10,1.0103919090287405e-10,2.1960760987482786e-10,3.228784350994829e-08,7.776596362418786e-07,3.010353282206779e-07,1.6417425285908394e-07,3.7255940554814515e-09,1.3686107536159398e-07,9.95892079913574e-09,0.0,0.0
4.4342501496430486e-05,0.019757218251470476,0.0005242890390879662,1.1398967613178913e-06,0.003934969639546255,1.1399388313293457e-06,1.0791101203722064e-06,1.6436962368970853e-07,4.246265561391738e-09,1.3708176993532106e-07,4.224681049436185e-08,7.776587267471768e-07,0.0,-1.4335626907779897e-08,7.783367550473486e-07,4.583620427656143e-10,1.6209958722535056e-11,2.1961517326918312e-10,3.2287854168089325e-08,7.776587267471768e-07,3.0077342216827674e-07,1.639112667817244e-07,4.229529615429328e-09,1.3686215538655233e-07,9.958955438094108e-09,0.0,0.0
4.434500078787096e-05,0.019757520931307226,0.0008206368021302923,1.139900832137232e-06,0.003429946519260253,1.1399425829949905e-06,1.0796566130011342e-06,1.64937389968145e-07,3.7031644417595544e-09,1.3705991364076908e-07,4.2246867337780714e-08,7.776593520247843e-07,0.0,-1.4335937770226792e-08,7.784473154970328e-07,5.683579162862884e-10,1.1098492957994921e-10,2.1962055785085255e-10,3.228786482623036e-08,7.776593520247843e-07,3.0120932592581084e-07,1.643690268338105e-07,3.59512997150091e-09,1.3684029909200035e-07,9.959003399728772e-09,0.0,0.0
4.434750371729024e-05,0.019757822155952454,0.001307994242974897,1.1399072440985458e-06,0.003245105930145764,1.1399491768315784e-06,1.0798618177432218e-06,1.6515200229605398e-07,3.5042659884965133e-09,1.3704867285468936e-07,4.224693128662693e-08,7.77661114170769e-07,0.0,-1.4336154485761199e-08,7.789039955241606e-07,1.0232104052931845e-09,9.509337067781232e-11,2.1963234009270138e-10,3.228789324793979e-08,7.77661114170769e-07,3.009578222190612e-07,1.6412879233485e-07,3.4068594612080005e-09,1.368290440950659e-07,9.95903892686556e-09,0.0,0.0
4.435000300873071e-05,0.019758124835789204,0.0013440982106277533,1.139915271447655e-06,0.0040880401401967685,1.139957475970732e-06,1.0789632369778701e-06,1.6423921067598712e-07,4.410845022562171e-09,1.3706248580547253e-07,4.224697391919108e-08,7.77661512074701e-07,0.0,-1.43364475846397e-08,7.79006711582042e-07,1.1255769649665126e-09,5.2988231857842294e-11,2.1965149143987617e-10,3.228790035336715e-08,7.77661512074701e-07,2.999564685524092e-07,1.6311362571741483e-07,4.356277116812635e-09,1.3684282862413966e-07,9.959075342180768e-09,0.0,0.0
4.435250230017118e-05,0.019758424605242908,0.0009127405695075197,1.1399220367609371e-06,0.0037232828061693037,1.139964410867833e-06,1.079361823030922e-06,1.6461785889987368e-07,4.018769317326587e-09,1.3708431367831508e-07,4.2247044973464654e-08,7.776596362418786e-07,0.0,-1.433677265794131e-08,7.785008051541809e-07,6.215159498168532e-10,1.9633071557390025e-10,2.1967190566574146e-10,3.228792877507658e-08,7.776596362418786e-07,3.008609894550318e-07,1.6399634716890432e-07,3.82526366138336e-09,1.368646422861275e-07,9.959114422031234e-09,0.0,0.0
4.4355001591611654e-05,0.019758725829888135,0.0005244819643230869,1.1399263660294158e-06,0.003599168756499875,1.139968503593991e-06,1.0794991567308898e-06,1.6475233621804364e-07,3.88529963757378e-09,1.3708809376566933e-07,4.2247098264169836e-08,7.776587267471768e-07,0.0,-1.4337005360687272e-08,7.783792170812376e-07,5.00838148731475e-10,2.179240295163698e-11,2.1969177865788225e-10,3.228795364407233e-08,7.776587267471768e-07,3.0111988280623336e-07,1.6425148885446106e-07,3.861003516902883e-09,1.368683939517723e-07,9.959146396454344e-09,0.0,0.0
4.435750452103093e-05,0.019759027054533362,0.0007464553775362592,1.1399301944059148e-06,0.004087147883521145,1.1399720278859604e-06,1.078977561519423e-06,1.6425455839907954e-07,4.409940856930916e-09,1.3706382162581576e-07,4.2247158660302375e-08,7.776591814945277e-07,0.0,-1.433730467681471e-08,7.784117883602448e-07,5.328648633451394e-10,1.5789981822056376e-10,2.19707321780227e-10,3.228796430221337e-08,7.776591814945277e-07,3.0056580158088764e-07,1.637216939798236e-07,4.253563723466414e-09,1.3684412181191874e-07,9.959194358089007e-09,0.0,0.0
4.43600001744926e-05,0.01975932827917859,0.0013772494313221278,1.139936591528191e-06,0.003165640706651825,1.1399783943488728e-06,1.0799747087730793e-06,1.6526706758668297e-07,3.41881190024651e-09,1.3704649859391793e-07,4.2247243925430666e-08,7.776611710141879e-07,0.0,-1.4337575571232719e-08,7.789427627358236e-07,1.0618566026465714e-09,9.730159039600395e-11,2.1971829911038299e-10,3.2288003382063835e-08,7.776611710141879e-07,3.010319744589651e-07,1.6420521831150836e-07,3.3231322138504993e-09,1.3682677035831148e-07,9.959239655188412e-09,0.0,0.0
4.436249946593307e-05,0.019759628048632294,0.001480413751171028,1.1399451579295019e-06,0.003843748554889396,1.1399873756090528e-06,1.0792539342219243e-06,1.645247778014891e-07,4.1483807500242165e-09,1.3706767276744358e-07,4.224729011070849e-08,7.77661512074701e-07,0.0,-1.4337806497621841e-08,7.790517884131987e-07,1.170567753838725e-09,6.43414627132799e-11,2.1973102504180275e-10,3.228801048749119e-08,7.77661512074701e-07,3.002021458087256e-07,1.633542154877432e-07,4.080239701664823e-09,1.3684794453183713e-07,9.959280511395718e-09,0.0,0.0
4.4365006033331156e-05,0.01975992927327752,0.0008462651268231203,1.1399521664596977e-06,0.003653815652200288,1.1399945378798293e-06,1.0794649369927356e-06,1.6470936259338487e-07,3.944165882785455e-09,1.3709625079627585e-07,4.224735761226839e-08,7.776593520247843e-07,0.0,-1.4338124465496094e-08,7.784683475620113e-07,5.89272741713387e-10,2.0474183459739947e-10,2.1974688735326708e-10,3.228804601462798e-08,7.776593520247843e-07,3.0099658943072427e-07,1.6412008108090959e-07,3.744246690473574e-09,1.3687649413895997e-07,9.959312485818828e-09,0.0,0.0
4.436750168679282e-05,0.019760227587539703,0.0004128860913050758,1.1399559226873637e-06,0.0030599969700990126,1.1399980621717987e-06,1.080107153939025e-06,1.6535756230950938e-07,3.305124618435684e-09,1.3709109225601424e-07,4.224741800840093e-08,7.776584993735014e-07,0.0,-1.4338335851959982e-08,7.783581850162591e-07,4.799208253025711e-10,2.6218933274479994e-11,2.197579063167865e-10,3.228806733091005e-08,7.776584993735014e-07,3.017489689227659e-07,1.648776475349223e-07,3.2756111156828638e-09,1.3687132138784364e-07,9.959353342026134e-09,0.0,0.0
4.437000097823329e-05,0.019760527356993407,0.0007517861366058698,1.1399594140189389e-06,0.00445965074315081,1.1400011317164171e-06,1.0786048960653716e-06,1.6388014500989811e-07,4.810201126304037e-09,1.3706558377180045e-07,4.224747485181979e-08,7.776591246511089e-07,0.0,-1.433864049715794e-08,7.784163358337537e-07,5.374455880335915e-10,1.6750144327115635e-10,2.1976162556391898e-10,3.228807798905109e-08,7.776591246511089e-07,3.0018853180990845e-07,1.633427046954239e-07,4.640662076837998e-09,1.3684582711448456e-07,9.959396862768699e-09,0.0,0.0
4.437250390765257e-05,0.01976082712644711,0.0013152657133737033,1.1399656104089772e-06,0.0035813790864769215,1.1400074981793296e-06,1.079554635907698e-06,1.6483694764701795e-07,3.866294395749037e-09,1.3705670198760345e-07,4.224756011694808e-08,7.776610004839313e-07,0.0,-1.4338954912318513e-08,7.788755169713113e-07,9.947126455855937e-10,1.1829763557624773e-10,2.197693138583645e-10,3.2288120621615235e-08,7.776610004839313e-07,3.006791757798055e-07,1.6384223044951796e-07,3.752711918991736e-09,1.3683693111943285e-07,9.959439495332845e-09,0.0,0.0
4.4375003199093044e-05,0.019761126895900816,0.0013537835477279714,1.1399736114033664e-06,0.0035235564330355633,1.1400157973184832e-06,1.07962489437341e-06,1.6488688459048717e-07,3.804119241834769e-09,1.3707661139505944e-07,4.2247599196798546e-08,7.776613983878633e-07,0.0,-1.4339161857890304e-08,7.789834057803091e-07,1.102190894108901e-09,5.224468427322826e-11,2.1978613373718758e-10,3.228812772704259e-08,7.776613983878633e-07,3.0064151701481023e-07,1.6378470490963082e-07,3.748289234550839e-09,1.3685682631603413e-07,9.959472357934374e-09,0.0,0.0
4.4377502490533516e-05,0.019761425210162997,0.0008419630953468982,1.139980161628764e-06,0.003984636934501313,1.1400225048419088e-06,1.0791353588501806e-06,1.64372494282361e-07,4.299962608200758e-09,1.3710351254303532e-07,4.224767025107212e-08,7.776594088682032e-07,0.0,-1.4339472720337199e-08,7.784349236317212e-07,5.557099780340025e-10,2.1240573189196255e-10,2.198051740620599e-10,3.22881597014657e-08,7.776594088682032e-07,3.007004920618783e-07,1.6381679301957774e-07,4.089600658119252e-09,1.3688369904230058e-07,9.959508773249581e-09,0.0,0.0
4.438000178197399e-05,0.01976172352442518,0.0004227784766008824,1.1399839345332528e-06,0.0031880250324061465,1.1400260291338782e-06,1.0799955134643824e-06,1.652283998510029e-07,3.4430527318107806e-09,1.3710865687244222e-07,4.22477413053457e-08,7.776584993735014e-07,0.0,-1.4339722298473134e-08,7.783240789649426e-07,4.4579467894934055e-10,1.9659910852065643e-11,2.198222298632757e-10,3.2288184570461453e-08,7.776584993735014e-07,3.016714344994398e-07,1.6478260533858702e-07,3.4240617008407526e-09,1.3688882916085277e-07,9.959554070348986e-09,0.0,0.0
4.438250471139327e-05,0.019762023293878883,0.0007229083195312569,1.1399873689523029e-06,0.003912395211268199,1.1400290986784967e-06,1.079218918675906e-06,1.644771998599026e-07,4.222330929337659e-09,1.370827504842964e-07,4.22477910433372e-08,7.776590109642711e-07,0.0,-1.4339978982036428e-08,7.783568207742064e-07,4.77989925418143e-10,1.966135310116357e-10,2.1984142284381392e-10,3.228820233402985e-08,7.776590109642711e-07,3.0086212632340903e-07,1.639992177615568e-07,4.022440158735208e-09,1.3686290856185224e-07,9.959589597485774e-09,0.0,0.0
4.438500400283374e-05,0.019762321608141065,0.0014424788000155786,1.1399938286109119e-06,0.00385219634513305,1.1400355788282468e-06,1.0792897455758066e-06,1.6456378659768234e-07,4.157636013246702e-09,1.3706464585538924e-07,4.224789051932021e-08,7.776613415444444e-07,0.0,-1.4340303167159618e-08,7.789677738401224e-07,1.0865941479920593e-09,1.135233920757095e-10,2.1986308607058191e-10,3.228824851930767e-08,7.776613415444444e-07,3.003219717356842e-07,1.6347718201359385e-07,4.047150614638895e-09,1.3684478972209035e-07,9.959640223655697e-09,0.0,0.0
4.438750329427421e-05,0.019762618467211723,0.0015204949774798582,1.1400026244673317e-06,0.0034185527206412277,1.14004490114894e-06,1.0797651839311584e-06,1.6501221011822054e-07,3.6912342071815374e-09,1.370915327925104e-07,4.224793670459803e-08,7.776614552312822e-07,0.0,-1.4340538534440839e-08,7.79034110109933e-07,1.152738571263967e-09,1.0379058723586354e-10,2.1988125209482234e-10,3.228825562473503e-08,7.776614552312822e-07,3.007311306646443e-07,1.638594682162875e-07,3.586443364511638e-09,1.368716624483568e-07,9.959678415327744e-09,0.0,0.0
4.4389998947735876e-05,0.019762916781473905,0.0007409085658111603,1.1400093705566268e-06,0.0036764903105810307,1.140051836046041e-06,1.0794942681968678e-06,1.6470899311116227e-07,3.968750217353545e-09,1.3712636359741737e-07,4.2248021969726324e-08,7.776588972774334e-07,0.0,-1.4340819198821464e-08,7.78374953824823e-07,4.961338562203821e-10,2.9170876825190817e-10,2.1989410292633238e-10,3.228831246815389e-08,7.776588972774334e-07,3.0111931437204476e-07,1.6421284954049042e-07,3.678005455753919e-09,1.3690646483155433e-07,9.959711277929273e-09,0.0,0.0
4.4392501877155155e-05,0.019763213640544564,0.00023707618863005875,1.1400122737930802e-06,0.0032330924898313572,1.1400543371564709e-06,1.0799734582178644e-06,1.6519884127319528e-07,3.4916540769813764e-09,1.3711652968595445e-07,4.22480930239999e-08,7.776581014695694e-07,0.0,-1.4341085652347374e-08,7.783451110299211e-07,4.670931419425983e-10,2.7153865961304646e-11,2.1989991771942385e-10,3.228834088986332e-08,7.776581014695694e-07,3.0162840403136215e-07,1.6473175890041603e-07,3.464509790163106e-09,1.368966309200914e-07,9.959753910493419e-09,0.0,0.0
4.4395004806574434e-05,0.019763511954806745,0.0007414663882308048,1.1400151929251484e-06,0.003778483126744975,1.1400568382669007e-06,1.0793887668114621e-06,1.6465212127059203e-07,4.078452242595176e-09,1.3707776247429138e-07,4.224817473641451e-08,7.776589541208523e-07,0.0,-1.4341370757620098e-08,7.783645514791715e-07,4.857003688130135e-10,3.2172889352644063e-10,2.1989765564001118e-10,3.228836931157275e-08,7.776589541208523e-07,3.010242721757095e-07,1.6416642267813586e-07,3.755029176488733e-09,1.3685786370842834e-07,9.959802760306502e-09,0.0,0.0
4.43975004600361e-05,0.019763808813877404,0.0014875751355916123,1.1400218100371007e-06,0.0035823081781134916,1.140063659477164e-06,1.0796061360451858e-06,1.6487854281876935e-07,3.867481890296176e-09,1.3706588219974947e-07,4.2248284870538555e-08,7.776617394483765e-07,0.0,-1.4341669185569117e-08,7.790966947140987e-07,1.2150105366259822e-09,1.3889138450462468e-10,2.1989529641608385e-10,3.228843681313265e-08,7.776617394483765e-07,3.0050952659621544e-07,1.636635289514743e-07,3.730283637537468e-09,1.3684598343388643e-07,9.959848057405907e-09,0.0,0.0
4.440000338945538e-05,0.019764105672948062,0.00145251825463788,1.1400305379710155e-06,0.0036788856786191242,1.1400728681110195e-06,1.0795112075356883e-06,1.6475395625548117e-07,3.971398321311881e-09,1.3709552604268538e-07,4.224832395038902e-08,7.776617394483765e-07,0.0,-1.4341901000136659e-08,7.790808354002365e-07,1.1991765358487783e-09,1.344035160943946e-10,2.199060378238471e-10,3.2288443918560006e-08,7.776617394483765e-07,3.004304005571612e-07,1.6355477328033885e-07,3.834981221473299e-09,1.3687562727682234e-07,9.959880031829016e-09,0.0,0.0
4.440250268089585e-05,0.01976440253201872,0.0007094971066815559,1.1400369561097245e-06,0.0037612842728696,1.1400794619476073e-06,1.0794286708915024e-06,1.6464477425870427e-07,4.0600380835087435e-09,1.3712494251194585e-07,4.224844118994042e-08,7.776590109642711e-07,0.0,-1.4342213638940393e-08,7.783391424709407e-07,4.602004055609399e-10,3.3040639668691085e-10,2.1993473708903366e-10,3.22885114201199e-08,7.776590109642711e-07,3.0108958526398055e-07,1.6418456993960717e-07,3.73202491132929e-09,1.3690501532437338e-07,9.9599288816421e-09,0.0,0.0
4.440500197233632e-05,0.019764697935897857,0.00021891105283788903,1.140039698663442e-06,0.0031923077961774115,1.1400818493711995e-06,1.08004303456255e-06,1.6526725232779427e-07,3.4478297994411378e-09,1.3711753865663923e-07,4.224850869150032e-08,7.776582151564071e-07,0.0,-1.4342446341686355e-08,7.783386877235898e-07,4.605094638954199e-10,1.7449859265883383e-11,2.1996673926771848e-10,3.228854339454301e-08,7.776582151564071e-07,3.0170431841725076e-07,1.6480673536989343e-07,3.4295419837349073e-09,1.3689756883650261e-07,9.959965296957307e-09,0.0,0.0
4.44075049017556e-05,0.019764994794968516,0.0006249697571565349,1.140042203800172e-06,0.003954375697819533,1.1400838957342785e-06,1.0792249440783053e-06,1.644838363290546e-07,4.267660891343894e-09,1.3708223889352666e-07,4.2248579745773895e-08,7.776588972774334e-07,0.0,-1.4342707466141746e-08,7.78305150106462e-07,4.2631079222310575e-10,2.9039423643517637e-10,2.1998813881651813e-10,3.228857181625244e-08,7.776588972774334e-07,3.009197655501339e-07,1.6405752489845327e-07,3.975720197502142e-09,1.3686224065168062e-07,9.960008817699872e-09,0.0,0.0
4.441000419319607e-05,0.01976529019884765,0.0014102564976781196,1.140048215937478e-06,0.0035734102218621874,1.1400900348235155e-06,1.0796402420965023e-06,1.6491482313085726e-07,3.857997477041408e-09,1.3706397794521763e-07,4.2248696985325296e-08,7.77661512074701e-07,0.0,-1.4343015664053382e-08,7.789940354996361e-07,1.112563263738764e-09,1.4288889516045344e-10,2.2000291866053345e-10,3.228863576509866e-08,7.77661512074701e-07,3.006462350185757e-07,1.638022695260588e-07,3.71726138759243e-09,1.3684396549251687e-07,9.960061220226635e-09,0.0,0.0
4.4412503484636545e-05,0.01976558705791831,0.0015065319321992676,1.1400568746885041e-06,0.0038069365893726725,1.1400991297705332e-06,1.0793979754453176e-06,1.6464680641092855e-07,4.109199647217565e-09,1.3708940116430313e-07,4.224873961788944e-08,7.776617394483765e-07,0.0,-1.4343243925907245e-08,7.790917493366578e-07,1.20998211450285e-09,1.0605595568424775e-10,2.2002097366247142e-10,3.22886464232397e-08,7.776617394483765e-07,3.0030619768695033e-07,1.6343682318620267e-07,3.999959030664968e-09,1.3686937450074765e-07,9.960091418292905e-09,0.0,0.0
4.441500277607702e-05,0.019765881006605923,0.000752069357965679,1.140063513817355e-06,0.004063482460075288,1.1401060646676342e-06,1.079128651326755e-06,1.643468721113095e-07,4.38502034683097e-09,1.3712269719690084e-07,4.224883198844509e-08,7.7765906780769e-07,0.0,-1.4343548571105202e-08,7.783607429701078e-07,4.816238519111948e-10,3.0098482040052943e-10,2.2004094379912686e-10,3.228870681937224e-08,7.7765906780769e-07,3.0076790835664724e-07,1.6386525203415658e-07,4.086458726959563e-09,1.3690265632249066e-07,9.960127833608112e-09,0.0,0.0
4.441750206751749e-05,0.01976617641048506,0.00023589916672045463,1.1400664323147016e-06,0.003512479261313712,1.1401084520912264e-06,1.0797233471748768e-06,1.6495239663072425e-07,3.79250586490798e-09,1.3711272117689077e-07,4.2248906595432345e-08,7.776581583129882e-07,0.0,-1.4343780385672744e-08,7.782967941238894e-07,4.18533790957909e-10,1.1612317878106904e-11,2.2005285094106597e-10,3.228873524108167e-08,7.776581583129882e-07,3.014265530509874e-07,1.6453387274850684e-07,3.78012554591578e-09,1.3689266609162587e-07,9.960173130707517e-09,0.0,0.0
4.442000499693677e-05,0.019766471814364195,0.0008070355859310929,1.1400695131844179e-06,0.0039052884197595234,1.140111066888494e-06,1.07930304693582e-06,1.6457380525025656e-07,4.214989690609627e-09,1.370702022995829e-07,4.224897764970592e-08,7.7765906780769e-07,0.0,-1.4344045062841815e-08,7.783789897075621e-07,4.998317315596523e-10,3.15356157853941e-10,2.2005294808558062e-10,3.2288767215504777e-08,7.7765906780769e-07,3.0092414249338617e-07,1.6407398106821347e-07,3.90043641829152e-09,1.368501614251727e-07,9.960208657844305e-09,0.0,0.0
4.442250065039843e-05,0.01976676721824333,0.0016261746644321562,1.140076700981885e-06,0.0030334398992408304,1.1401185702197836e-06,1.0802482393046375e-06,1.655259467270298e-07,3.2768681101913444e-09,1.3706033996641054e-07,4.224906291483421e-08,7.776619668220519e-07,0.0,-1.4344331944471378e-08,7.791932716827432e-07,1.3112416707983243e-09,1.0075348888527458e-10,2.2004895128269197e-10,3.2288831164350995e-08,7.776619668220519e-07,3.0105499604360375e-07,1.642146969516034e-07,3.1784932463807536e-09,1.3684028488114564e-07,9.960235303196896e-09,0.0,0.0
4.4424999941838905e-05,0.019767061166930944,0.0014586971802970083,1.140085768922187e-06,0.0035542105624486423,1.14012823360099e-06,1.0796970855153631e-06,1.6493680732310168e-07,3.837470785583719e-09,1.3709875190670573e-07,4.2249112652825715e-08,7.77661512074701e-07,0.0,-1.4344540666400007e-08,7.790190466039348e-07,1.137510419191301e-09,1.7383323946962292e-10,2.2004979782774825e-10,3.228884182249203e-08,7.77661512074701e-07,3.0067801048971887e-07,1.6379929945742333e-07,3.6593963415043618e-09,1.3687871103229554e-07,9.960270830333684e-09,0.0,0.0
4.4427502871258184e-05,0.019767355115618557,0.0005762928533222245,1.1400917507486838e-06,0.00376494050567915,1.1401342590033892e-06,1.0794759646159946e-06,1.64686852599516e-07,4.064162784089831e-09,1.3713044211272063e-07,4.224921212880872e-08,7.776587267471768e-07,0.0,-1.4344855081560581e-08,7.782733746353188e-07,3.946127591358817e-10,3.0738953049613826e-10,2.2006306499289252e-10,3.228891287676561e-08,7.776587267471768e-07,3.0120261840238527e-07,1.6429224558578426e-07,3.760127764707022e-09,1.36910372816601e-07,9.960301028399954e-09,0.0,0.0
4.4430002162698656e-05,0.019767650519497693,0.00023278789941866274,1.1400941408046127e-06,0.003137563728650813,1.1401360779927927e-06,1.0801526286741137e-06,1.653793617606425e-07,3.3890477091347293e-09,1.3711513702219236e-07,4.224926897222758e-08,7.776581583129882e-07,0.0,-1.4345109100588616e-08,7.783034448038961e-07,4.25196350350987e-10,2.271914427420807e-11,2.200857412981705e-10,3.228893774576136e-08,7.776581583129882e-07,3.0184921229192696e-07,1.6495415877670894e-07,3.3646712083168495e-09,1.3689505351521802e-07,9.960330338287804e-09,0.0,0.0
4.4432505092117935e-05,0.019767944468185306,0.0008517904075091565,1.1400973289083121e-06,0.0040193093594029835,1.1401389201637357e-06,1.0792065268105944e-06,1.6446554695903615e-07,4.337664893938609e-09,1.370816988810475e-07,4.2249350684642195e-08,7.776592951813655e-07,0.0,-1.434536134325981e-08,7.783776823089283e-07,4.982402268538522e-10,3.8280820180425223e-10,2.2010661349103344e-10,3.2288983931039184e-08,7.776592951813655e-07,3.008289013450849e-07,1.6396731439272116e-07,3.954170768594167e-09,1.3686158695236372e-07,9.960367641781431e-09,0.0,0.0
4.44350007455796e-05,0.019768236961681396,0.001591777721120069,1.140104476186161e-06,0.0031367373968750312,1.1401463098081877e-06,1.080163087863184e-06,1.6542212222248054e-07,3.3881879524244596e-09,1.370784445953177e-07,4.224944660791152e-08,7.776624784128217e-07,0.0,-1.4345662435744089e-08,7.792693850205978e-07,1.3868038939435223e-09,9.145093016194039e-11,2.2012125455717069e-10,3.228905143259908e-08,7.776624784128217e-07,3.008936175774579e-07,1.640353133325334e-07,3.300024919994371e-09,1.3685831845577923e-07,9.960396063490862e-09,0.0,0.0
4.443750003702007e-05,0.01976853091036901,0.0015074157701513435,1.1401135862247552e-06,0.0037992095808900366,1.140155973189394e-06,1.079459480024525e-06,1.6468393937429937e-07,4.101092798691752e-09,1.371137727801397e-07,4.224948568776199e-08,7.776617962917953e-07,0.0,-1.4345860499531682e-08,7.790584959366242e-07,1.1765987073530937e-09,2.1454493737138591e-10,2.2013599276782259e-10,3.2289065643453796e-08,7.776617962917953e-07,3.004009840879007e-07,1.635073374472995e-07,3.880060273075969e-09,1.368936324297465e-07,9.960419156129774e-09,0.0,0.0
4.444000296643935e-05,0.0197688234038651,0.0006744367050486311,1.1401199680013395e-06,0.004496877086410528,1.1401624533391441e-06,1.0787158544189879e-06,1.6391132362514327e-07,4.850852608484502e-09,1.3714567614897533e-07,4.224959937459971e-08,7.776587835905957e-07,0.0,-1.4346225540862179e-08,7.783023647789378e-07,4.234033956773686e-10,3.454376507061596e-10,2.2015726741653197e-10,3.228914735586841e-08,7.776587835905957e-07,3.0041343279663124e-07,1.6348792541975854e-07,4.5091552713927285e-09,1.3692552158772742e-07,9.960452018731303e-09,0.0,0.0
4.4442502257879823e-05,0.019769117352552712,0.00016511356848170067,1.1401224358483504e-06,0.0031529997231931513,1.1401644997022231e-06,1.0801625194289954e-06,1.653710484106341e-07,3.4057521247632394e-09,1.3713346902477497e-07,4.224966332344593e-08,7.776580446261505e-07,0.0,-1.4346508869778063e-08,7.783116302562121e-07,4.333976511006199e-10,2.562158644969781e-11,2.2017511425165281e-10,3.228917577757784e-08,7.776580446261505e-07,3.018509460162022e-07,1.649376599743846e-07,3.3815146238680427e-09,1.3691330025267234e-07,9.960486657689671e-09,0.0,0.0
4.44450051872991e-05,0.019769409846048802,0.0006898277954994203,1.1401249364962354e-06,0.003862024218719966,1.140166546065302e-06,1.0794013860504492e-06,1.646482559181095e-07,4.168674294646735e-09,1.370942328549063e-07,4.224972371957847e-08,7.776588972774334e-07,0.0,-1.4346744237059283e-08,7.782951456647424e-07,4.160221611648751e-10,3.250997249182319e-10,2.2018134537837852e-10,3.228921130471463e-08,7.776588972774334e-07,3.011062688074162e-07,1.6423223314632196e-07,3.840898710194551e-09,1.3687404987194896e-07,9.960511526685423e-09,0.0,0.0
4.4447504478739575e-05,0.019769702339544892,0.0014639088982896231,1.1401312360359876e-06,0.0034393726753732773,1.1401730262150522e-06,1.079862158803735e-06,1.6511422984422097e-07,3.7140484021591647e-09,1.3708627477626578e-07,4.224981609013412e-08,7.776616257615387e-07,0.0,-1.4347097732070324e-08,7.789982987560506e-07,1.1164922320006099e-09,1.0160172009276991e-10,2.201773902088533e-10,3.2289271700847166e-08,7.776616257615387e-07,3.0086383162597485e-07,1.639977398326664e-07,3.616177135512544e-09,1.3686609179330844e-07,9.960542612930112e-09,0.0,0.0
4.4450003770180047e-05,0.019769994833040982,0.0013789811076756475,1.140139551304356e-06,0.0033386193640497974,1.1401818937883945e-06,1.0799790288729127e-06,1.651972638683219e-07,3.605638898562802e-09,1.3712045188185584e-07,4.2249858722698264e-08,7.776613415444444e-07,0.0,-1.4347323329388928e-08,7.789084293108317e-07,1.0269315398048207e-09,1.291253076685095e-10,2.201726023720596e-10,3.2289278806274524e-08,7.776613415444444e-07,3.0107062798379047e-07,1.6417034487403726e-07,3.473336285253481e-09,1.3690028310975322e-07,9.9605781400669e-09,0.0,0.0
4.445250306162052e-05,0.01977028587134555,0.0006595058562715028,1.1401454840822547e-06,0.004016262974108718,1.1401879191907938e-06,1.0792557532113278e-06,1.6445237349671515e-07,4.334574921216472e-09,1.3714449664803396e-07,4.2249940435112876e-08,7.776588972774334e-07,0.0,-1.4347635080014243e-08,7.782639386277879e-07,3.848811824802567e-10,2.370990070943435e-10,2.201775706200948e-10,3.2289332096979706e-08,7.776588972774334e-07,3.0099181458353996e-07,1.6406750091846334e-07,4.097737704711335e-09,1.3692431366507662e-07,9.96060833813317e-09,0.0,0.0
4.4454998715082183e-05,0.01977057836484164,0.00031585422515689743,1.1401483369470562e-06,0.003513715717672741,1.1401904203012236e-06,1.0797982668009354e-06,1.6500747790360037e-07,3.7941041419742305e-09,1.3713260216263734e-07,4.2250004383959094e-08,7.776582151564071e-07,0.0,-1.4347942389747459e-08,7.782315947224561e-07,3.531538117496069e-10,2.619963967998018e-11,2.2019180923038562e-10,3.228935341326178e-08,7.776582151564071e-07,3.015667289218982e-07,1.646543239530729e-07,3.769277778786773e-09,1.3691240496882529e-07,9.960652747054155e-09,0.0,0.0
4.445750164450146e-05,0.019770869403146207,0.0007559585872698449,1.1401514563328937e-06,0.0035779387981156987,1.140193148785329e-06,1.0797316463140305e-06,1.6496791488407325e-07,3.863213748900307e-09,1.3710466362226725e-07,4.225006833280531e-08,7.776591246511089e-07,0.0,-1.4348196408775493e-08,7.782892907925998e-07,4.099383887901098e-10,2.396172427143739e-10,2.2020840706460376e-10,3.228937472954385e-08,7.776591246511089e-07,3.01442440786559e-07,1.6455797435810382e-07,3.6228899880086374e-09,1.3688445221760048e-07,9.960692715083042e-09,0.0,0.0
4.4460000935941935e-05,0.019771160441450775,0.0013972551460952332,1.140157723009637e-06,0.0034114471781596244,1.140199628935079e-06,1.079916842172679e-06,1.6516045775460952e-07,3.684079263877038e-09,1.3709497181935149e-07,4.225013938707889e-08,7.776614552312822e-07,0.0,-1.434850194215187e-08,7.78893195274577e-07,1.0115490667317317e-09,1.069567975853225e-10,2.2022343670879962e-10,3.2289420914821676e-08,7.776614552312822e-07,3.01023646898102e-07,1.6414890069427202e-07,3.5784502028235465e-09,1.3687474620383e-07,9.960718472257213e-09,0.0,0.0
4.4462500227382407e-05,0.019771451479755342,0.0014160801591529548,1.1401659108930113e-06,0.0034105004990061722,1.1402081554479082e-06,1.0799261644933722e-06,1.6514616163476603e-07,3.6830887228944675e-09,1.3711851920561458e-07,4.2250182019643034e-08,7.776614552312822e-07,0.0,-1.4348756849358324e-08,7.789126925672463e-07,1.0309845199785173e-09,9.935076372702412e-11,2.2023717571872936e-10,3.2289428020249034e-08,7.776614552312822e-07,3.0101347192612593e-07,1.6411517833603284e-07,3.5824991861943545e-09,1.3689827937923837e-07,9.960753111215581e-09,0.0,0.0
4.446499951882288e-05,0.01977174251805991,0.0008117528262303608,1.1401723947403605e-06,0.0034887227758069873,1.140214749284496e-06,1.0798481753226952e-06,1.6504529298799753e-07,3.7672909236619034e-09,1.371437008401699e-07,4.225026373205765e-08,7.776592383379466e-07,0.0,-1.4349043730987887e-08,7.783183946230565e-07,4.389164864893047e-10,2.2462655346888738e-10,2.2025010981696624e-10,3.228947065281318e-08,7.776592383379466e-07,3.015298091213481e-07,1.646063765292638e-07,3.5437399681370607e-09,1.36923446802939e-07,9.960793079244468e-09,0.0,0.0
4.446750244824216e-05,0.019772033556364477,0.00041372776066950223,1.1401759613582833e-06,0.003472356241971207,1.14021804620279e-06,1.0798687526403228e-06,1.6507212308169983e-07,3.749689003740286e-09,1.3713821545024985e-07,4.225032057547651e-08,7.776583856866637e-07,0.0,-1.4349322619011673e-08,7.782295483593771e-07,3.5087788230470096e-10,3.754898128538464e-11,2.2026977464228992e-10,3.228948841638157e-08,7.776583856866637e-07,3.016391758592363e-07,1.6472124286792678e-07,3.7102036998248877e-09,1.3691794720216421e-07,9.960830382738095e-09,0.0,0.0
4.447000537766144e-05,0.019772324594669044,0.0007860664406607043,1.1401794532189851e-06,0.003924086628362938,1.1402212294342462e-06,1.079385583580006e-06,1.6461798679756612e-07,4.235602535374028e-09,1.3710848634218564e-07,4.225037386618169e-08,7.776591246511089e-07,0.0,-1.4349609500641236e-08,7.783085607115936e-07,4.2915471176740994e-10,2.34254532438527e-10,2.2029095214648464e-10,3.2289509732663646e-08,7.776591246511089e-07,3.010770228684123e-07,1.6418883319602173e-07,4.002021380955512e-09,1.3688818967239058e-07,9.960865909874883e-09,0.0,0.0
4.44725010311231e-05,0.01977261417778209,0.0014387414221008754,1.1401858958868533e-06,0.003401055845223583,1.1402277095839963e-06,1.0799544725159649e-06,1.6519814494131424e-07,3.6729854713257737e-09,1.3709484392165905e-07,4.225045913130998e-08,7.776614552312822e-07,0.0,-1.4349868848739789e-08,7.789346341269265e-07,1.0528623528571757e-09,1.2365411472536891e-10,2.2030764712521744e-10,3.228955236522779e-08,7.776614552312822e-07,3.0101983838903834e-07,1.6414529113717435e-07,3.549911253841742e-09,1.3687453304100927e-07,9.96090676608219e-09,0.0,0.0
4.447500396054238e-05,0.019772903760895133,0.001444150804469857,1.1401942442559088e-06,0.004005472908004815,1.1402365771573386e-06,1.079312824003864e-06,1.6453051898679405e-07,4.3231582758096465e-09,1.3712082136407844e-07,4.2250501763874126e-08,7.776613983878633e-07,0.0,-1.4350134414087279e-08,7.789426490489859e-07,1.0608789402510865e-09,1.1872920702149514e-10,2.2032023427875913e-10,3.228955947065515e-08,7.776613983878633e-07,3.0037014653316874e-07,1.634696502605948e-07,4.201546666138256e-09,1.3690051048342866e-07,9.960944069575817e-09,0.0,0.0
4.447750325198285e-05,0.019773193344008178,0.0007675122440499588,1.1402006488586148e-06,0.0039459475321485865,1.1402430573070887e-06,1.0793828550959006e-06,1.645714178266644e-07,4.259188113309165e-09,1.3715244051581976e-07,4.225058702900242e-08,7.7765906780769e-07,0.0,-1.435042751296578e-08,7.783061732880014e-07,4.267779185607168e-10,2.5189172969675155e-10,2.2032325963650123e-10,3.2289605655932974e-08,7.7765906780769e-07,3.0107676707302744e-07,1.6414463743785745e-07,4.010227705464331e-09,1.3693211542431527e-07,9.960980484891024e-09,0.0,0.0
4.448000618140213e-05,0.019773482927121222,0.0003711501107006021,1.1402039462325087e-06,0.0035033169293607887,1.1402460131648695e-06,1.0798615903695463e-06,1.6505734379279602e-07,3.783097390908097e-09,1.3714598878777906e-07,4.2250654530562315e-08,7.77658271999826e-07,0.0,-1.4350683308350654e-08,7.782450097693072e-07,3.6637745615131223e-10,2.3273338117801856e-11,2.2032652091663607e-10,3.2289630524928725e-08,7.77658271999826e-07,3.0161660902194853e-07,1.6469095953652868e-07,3.758853672763962e-09,1.3692566369627457e-07,9.96102489381201e-09,0.0,0.0
4.44825018348638e-05,0.019773772510234267,0.0007977213095520241,1.140207331086755e-06,0.003790504779972767,1.140249082709488e-06,1.079555431715562e-06,1.647811842531155e-07,4.092060024163402e-09,1.3711510860048293e-07,4.225070071584014e-08,7.7765906780769e-07,0.0,-1.4350954202768662e-08,7.783099249536463e-07,4.305247269797974e-10,2.1356821866547193e-10,2.2033039281943445e-10,3.228964828849712e-08,7.7765906780769e-07,3.0124542149678746e-07,1.6435065219866374e-07,3.879398136064083e-09,1.3689478350897843e-07,9.961049762807761e-09,0.0,0.0
4.448500112630427e-05,0.019774060638155788,0.0013706680048433395,1.140213578821817e-06,0.0031258130093680253,1.1402555628592381e-06,1.0802768883877434e-06,1.6550626469324925e-07,3.3767435514420185e-09,1.37109466891161e-07,4.225076466468636e-08,7.77661114170769e-07,0.0,-1.4351212662688795e-08,7.788217999404878e-07,9.40390432191407e-10,7.63070232001617e-11,2.203345700335646e-10,3.2289687368347586e-08,7.77661114170769e-07,3.0145500318212726e-07,1.6456586138247076e-07,3.3016456235657188e-09,1.368891417996565e-07,9.961077296338772e-09,0.0,0.0
4.448750041774474e-05,0.019774350221268833,0.001227468855121372,1.1402211025874174e-06,0.0038772196153412735,1.1402635209378786e-06,1.0794758509291569e-06,1.6467645025386446e-07,4.1853649435097395e-09,1.371386417758913e-07,4.225081795539154e-08,7.77660716266837e-07,0.0,-1.4351488886177322e-08,7.787102731526829e-07,8.292085906802527e-10,1.0646736270381041e-10,2.203408011602903e-10,3.2289694473774944e-08,7.77660716266837e-07,3.007655209330551e-07,1.638472326703777e-07,4.074348414206952e-09,1.369183024735321e-07,9.961121705259757e-09,0.0,0.0
4.448999970918521e-05,0.019774638349190354,0.0006325457935068002,1.1402264618089644e-06,0.004120953867613591,1.1402688642192516e-06,1.0792186913022306e-06,1.6440060335298767e-07,4.447410439922805e-09,1.3715936120206607e-07,4.225088545695144e-08,7.776587267471768e-07,0.0,-1.4351805965873154e-08,7.782317652527126e-07,3.5267208597922206e-10,1.5013036647193445e-10,2.2035118174557056e-10,3.228973000091173e-08,7.776587267471768e-07,3.0098695447122736e-07,1.640479325715205e-07,4.300533262835415e-09,1.3693902189970686e-07,9.961156344218125e-09,0.0,0.0
4.4492499000625685e-05,0.019774926477111876,0.00047831419663779684,1.140229662506765e-06,0.0034926343638203854,1.1402717063901946e-06,1.0798969469760777e-06,1.650940646413801e-07,3.77168518639337e-09,1.371446245457264e-07,4.225093164222926e-08,7.776583288432448e-07,0.0,-1.4352042221332795e-08,7.782048214721726e-07,3.2613672873438304e-10,2.8792858722259673e-11,2.2036597546737369e-10,3.228974065905277e-08,7.776583288432448e-07,3.01692182347324e-07,1.6476792552566621e-07,3.7415346376690195e-09,1.3692425682165776e-07,9.961190094998074e-09,0.0,0.0
4.4495001930044964e-05,0.019775214605033398,0.000989381779398002,1.1402338913486749e-06,0.004363140133672277,1.1402756854295149e-06,1.0789647149067605e-06,1.641870142066182e-07,4.707674250425953e-09,1.3711823498852027e-07,4.2251006249216516e-08,7.776594088682032e-07,0.0,-1.4352320221178161e-08,7.784090598761395e-07,5.292330462758343e-10,1.9410065221769912e-10,2.2038151858971844e-10,3.22897690807622e-08,7.776594088682032e-07,3.0055562660891155e-07,1.6365777355531463e-07,4.5120018832278674e-09,1.3689785305359692e-07,9.961238056632737e-09,0.0,0.0
4.4497501221485436e-05,0.01977550273295492,0.0014934664053996016,1.1402410451275443e-06,0.0036878322454246926,1.1402830750739668e-06,1.0796976539495517e-06,1.6491688370479096e-07,3.981743823544548e-09,1.371193718568975e-07,4.2251073750776413e-08,7.776613415444444e-07,0.0,-1.43526195373056e-08,7.789597020746442e-07,1.077956723882778e-09,2.664606209290543e-11,2.2040123892619334e-10,3.228979394975795e-08,7.776613415444444e-07,3.0073789503148873e-07,1.6383893353122403e-07,3.959454986102173e-09,1.3689897571111942e-07,9.961278912840044e-09,0.0,0.0
4.4500004150904715e-05,0.01977579086087644,0.0013039653630473325,1.1402491053095548e-06,0.0033096407932034365,1.1402914878999582e-06,1.0801127245940734e-06,1.6530179891560692e-07,3.574785134574654e-09,1.3715053626128793e-07,4.2251123488767917e-08,7.776603752063238e-07,0.0,-1.4352849575516302e-08,7.78689013714029e-07,8.082507996221011e-10,1.3825644795684155e-10,2.2041861391652873e-10,3.2289804607898986e-08,7.776603752063238e-07,3.014236540366255e-07,1.644935565536798e-07,3.4343874411035813e-09,1.3693011169380043e-07,9.96131799269051e-09,0.0,0.0
4.450250344234519e-05,0.01977607753360644,0.0007052891776595516,1.1402548652943992e-06,0.0038243828360404707,1.1402971722418442e-06,1.0795641856020666e-06,1.6473639163905318e-07,4.1286667418205525e-09,1.3716925195694785e-07,4.225120164846885e-08,7.776585562169203e-07,0.0,-1.4353127575361668e-08,7.782521151966648e-07,3.7314851208947175e-10,9.737233241935428e-11,2.2042830061241858e-10,3.2289840135035774e-08,7.776585562169203e-07,3.0131207040540176e-07,1.643632430159414e-07,4.031774913926256e-09,1.3694882738946035e-07,9.961361513433076e-09,0.0,0.0
4.450500273378566e-05,0.01977636566152796,0.000635185080890277,1.140258727575019e-06,0.0033628949719652196,1.1403005828469759e-06,1.080063839253853e-06,1.652571057775276e-07,3.632141254428234e-09,1.3714834778966178e-07,4.225124072831932e-08,7.776583856866637e-07,0.0,-1.4353412680634392e-08,7.782342095197237e-07,3.5537284226450083e-10,4.4426486794924e-11,2.20432241904156e-10,3.228984368774945e-08,7.776583856866637e-07,3.018296297341294e-07,1.6490173493366456e-07,3.588445096625037e-09,1.3692790901131957e-07,9.961397040569864e-09,0.0,0.0
4.450750202522613e-05,0.01977665233425796,0.0011880895144691372,1.1402639544060767e-06,0.003637428687320254,1.140305812441511e-06,1.079773142009799e-06,1.649880516652047e-07,3.927597802544369e-09,1.3712538304844202e-07,4.225129757173818e-08,7.776597499287163e-07,0.0,-1.4353674693268204e-08,7.785311595398525e-07,6.509737748849886e-10,1.3293295630933954e-10,2.20435419917564e-10,3.2289868556745205e-08,7.776597499287163e-07,3.012420108916558e-07,1.6433708083241072e-07,3.793560576781374e-09,1.369049442700998e-07,9.961426350457714e-09,0.0,0.0
4.45100013166666e-05,0.01977693900698796,0.0014570933890745152,1.1402715374241197e-06,0.0034711274923348,1.1403136568333139e-06,1.0799597021105e-06,1.651593208862323e-07,3.748677812609458e-09,1.3713942337290064e-07,4.225135086244336e-08,7.776609436405124e-07,0.0,-1.4353959798540927e-08,7.788557354615477e-07,9.743524875815979e-10,1.4354442114117294e-11,2.2044333025661444e-10,3.228988276759992e-08,7.776609436405124e-07,3.011039382272429e-07,1.641849678435392e-07,3.735660225601123e-09,1.3691898459455842e-07,9.96146898302186e-09,0.0,0.0
4.4512500608107075e-05,0.019777225679717958,0.001064464121021902,1.1402787660418724e-06,0.0035864045006752192,1.1403211601646035e-06,1.0798427183544845e-06,1.6501495281318057e-07,3.8727527851278865e-09,1.371681861428442e-07,4.2251425469430615e-08,7.776595793984598e-07,0.0,-1.4354212041212122e-08,7.784747140249237e-07,5.946459435968166e-10,1.328968324276758e-10,2.2045340553056292e-10,3.2289896978454635e-08,7.776595793984598e-07,3.013680327512702e-07,1.6442029959762294e-07,3.737759879385294e-09,1.3694773315364728e-07,9.961529379154399e-09,0.0,0.0
4.4515003537526354e-05,0.019777512352447957,0.0006296038545847704,1.140283622472786e-06,0.003981879000655524,1.14032582132495e-06,1.0794217359944014e-06,1.6459163987292413e-07,4.298126743407238e-09,1.3717158253712114e-07,4.2251485865563154e-08,7.776584425300825e-07,0.0,-1.4354502475555364e-08,7.782450097693072e-07,3.660785563575075e-10,3.949937946168269e-11,2.2046095504713037e-10,3.228991474202303e-08,7.776584425300825e-07,3.0117669780338474e-07,1.6422556825546053e-07,4.258984720451053e-09,1.369511153370695e-07,9.961571123540125e-09,0.0,0.0
4.4517502828966826e-05,0.019777797569986433,0.0007079887952601283,1.1402874375216168e-06,0.0035656476808307697,1.1403293456169195e-06,1.0798726179928053e-06,1.650632981409217e-07,3.850445295938698e-09,1.3715066415898036e-07,4.2251542708982015e-08,7.77658669903758e-07,0.0,-1.4354776922687051e-08,7.78273260948481e-07,3.9417000219366116e-10,7.295158227504928e-11,2.2046975356460052e-10,3.228992184745039e-08,7.77658669903758e-07,3.0159932862261485e-07,1.6466913166368613e-07,3.778727553083172e-09,1.3693019695892872e-07,9.961623526066887e-09,0.0,0.0
4.45200021204073e-05,0.01977808278752491,0.0010741439904515815,1.1402925204768807e-06,0.003615907130973721,1.140334461524617e-06,1.0798232779052341e-06,1.6502481514635292e-07,3.904540690768954e-09,1.371387270410196e-07,4.2251603105114555e-08,7.776597499287163e-07,0.0,-1.4355024724466148e-08,7.785259867887362e-07,6.457285817162983e-10,7.284744335533944e-11,2.2047867698216095e-10,3.228993961101878e-08,7.776597499287163e-07,3.012973479599168e-07,1.6437908811894886e-07,3.830819661487794e-09,1.3691825984096795e-07,9.961666158631033e-09,0.0,0.0
4.452250141184777e-05,0.019778369460254908,0.0011589157640968795,1.1402989220502416e-06,0.0035474048952092497,1.1403410553612048e-06,1.0799033134389902e-06,1.650920893325747e-07,3.830854300446163e-09,1.3715104785205767e-07,4.225163863225134e-08,7.776600909892295e-07,0.0,-1.4355320487879908e-08,7.786256333019992e-07,7.450290939736703e-10,3.481496341217749e-11,2.2048946002328762e-10,3.228994316373246e-08,7.776600909892295e-07,3.012776232935721e-07,1.643470568524208e-07,3.7976435329767355e-09,1.3693056644115131e-07,9.961696356697303e-09,0.0,0.0
4.452500070328824e-05,0.019778654677793384,0.000842655166788768,1.1403046308815815e-06,0.0031691899058453625,1.1403468533899286e-06,1.080315882973082e-06,1.654867816114347e-07,3.423726191442711e-09,1.3717011881908547e-07,4.2251688370242846e-08,7.776590109642711e-07,0.0,-1.4355571842372683e-08,7.783505111547129e-07,4.709756473708637e-10,9.510164183934577e-11,2.2050017367547525e-10,3.2289953821873496e-08,7.776590109642711e-07,3.019654286617879e-07,1.6501580546446348e-07,3.3284754952234152e-09,1.369496231973244e-07,9.96173543654777e-09,0.0,0.0
4.452750363270752e-05,0.01977893989533186,0.000565708546664323,1.1403086477818978e-06,0.003582859055511327,1.1403507187424111e-06,1.0798742096085334e-06,1.650440566436373e-07,3.869037090709071e-09,1.37171738856523e-07,4.225173810823435e-08,7.776583856866637e-07,0.0,-1.4355836519541754e-08,7.782310831316863e-07,3.522372671316276e-10,2.6601720826135988e-11,2.2050589132405207e-10,3.228996448001453e-08,7.776583856866637e-07,3.016430412117188e-07,1.646918121878116e-07,3.841240658886136e-09,1.3695122902390722e-07,9.961775404576656e-09,0.0,0.0
4.453000292414799e-05,0.019779225112870336,0.0007756555153374256,1.1403124735874575e-06,0.0034549691402437055,1.1403543567212182e-06,1.0800150676004705e-06,1.6520303347533627e-07,3.731418729557845e-09,1.3715317948026495e-07,4.2251777188084816e-08,7.776588404340146e-07,0.0,-1.4356110966673441e-08,7.782948614476481e-07,4.1555603402798624e-10,1.0220271157157512e-10,2.2050956893782114e-10,3.228996803272821e-08,7.776588404340146e-07,3.017201493094035e-07,1.6478747966175433e-07,3.630020506406595e-09,1.3693266964764916e-07,9.961809155356605e-09,0.0,0.0
4.4532502215588465e-05,0.01977950887521729,0.001235271532786797,1.1403181798412448e-06,0.003806027442948757,1.140360154749942e-06,1.0796427432069322e-06,1.6483875242556678e-07,4.109149909226062e-09,1.371438713704265e-07,4.2251834031503677e-08,7.776601478326484e-07,0.0,-1.435634899848992e-08,7.786313744873041e-07,7.507151567054393e-10,7.894500331229182e-11,2.205127053178657e-10,3.2289985796296605e-08,7.776601478326484e-07,3.010113971413375e-07,1.640880356035268e-07,4.027799427319678e-09,1.369233615378107e-07,9.961848235207071e-09,0.0,0.0
4.453500150702894e-05,0.019779794092755765,0.0012779928630237691,1.14032534811209e-06,0.003888324130742649,1.140367544394394e-06,1.0795613434311235e-06,1.6473863695409818e-07,4.19768442228019e-09,1.371624733792487e-07,4.225188732220886e-08,7.776602046760672e-07,0.0,-1.4356652755509458e-08,7.786484275129624e-07,7.6766576428966e-10,7.976374422069554e-11,2.2051159509484108e-10,3.2289989349010284e-08,7.776602046760672e-07,3.009129443398706e-07,1.6397098079323769e-07,4.119928398438333e-09,1.369419635466329e-07,9.961897973198575e-09,0.0,0.0
4.453750079846941e-05,0.019780077855102718,0.0008638241921907763,1.1403314257824332e-06,0.0035005785052922515,1.1403736834836309e-06,1.0799843721542857e-06,1.6514377421117388e-07,3.78057007921484e-09,1.3718170066567836e-07,4.225193350748668e-08,7.776588404340146e-07,0.0,-1.435688368189858e-08,7.783004321026965e-07,4.210578830043943e-10,1.2306955454732815e-10,2.2051202530626313e-10,3.229000711257868e-08,7.776588404340146e-07,3.0168391162987973e-07,1.6472270658596244e-07,3.656797531448319e-09,1.3696119083306257e-07,9.961928171264844e-09,0.0,0.0
4.454000372788869e-05,0.01978036161744967,0.0006463667836875686,1.14033571113579e-06,0.004002803234654643,1.1403777762097889e-06,1.0794478839670774e-06,1.6461633833841915e-07,4.320817481584527e-09,1.3717311730943038e-07,4.225197969276451e-08,7.776583856866637e-07,0.0,-1.4357155464495008e-08,7.78206299401063e-07,3.274222837301721e-10,3.927017738769578e-11,2.2050940240436745e-10,3.2290014218006036e-08,7.776583856866637e-07,3.012415277225955e-07,1.642889202457809e-07,4.280739318573978e-09,1.369526074768146e-07,9.961963698401632e-09,0.0,0.0
4.454250301932916e-05,0.019780645379796624,0.0009253736927021805,1.1403401711434538e-06,0.0035851243392662946,1.1403820963096223e-06,1.0799010397022357e-06,1.650887355708619e-07,3.871579501435463e-09,1.371532221128291e-07,4.225202943075601e-08,7.7765906780769e-07,0.0,-1.4357435240697214e-08,7.783152113916003e-07,4.356221217083345e-10,1.1887747730643383e-10,2.2050740400292312e-10,3.229002487614707e-08,7.7765906780769e-07,3.015858283106354e-07,1.646531160304221e-07,3.7547653874980824e-09,1.369327122802133e-07,9.962004554608939e-09,0.0,0.0
4.454500231076963e-05,0.019780929142143577,0.0012928349958940544,1.1403464655844887e-06,0.0037326064518569384,1.1403884627725347e-06,1.0797484719660133e-06,1.6493831367370149e-07,4.030276112843012e-09,1.3714981150769745e-07,4.225206851060648e-08,7.776603183629049e-07,0.0,-1.435765284441004e-08,7.786482001392869e-07,7.673555679765798e-10,5.340243872109518e-11,2.2050741788071093e-10,3.229003908700179e-08,7.776603183629049e-07,3.011002718267264e-07,1.6417097015164472e-07,3.974161888464778e-09,1.3692931588593638e-07,9.96202853542627e-09,0.0,0.0
4.4547501602210104e-05,0.01978121290449053,0.0012447513710238667,1.1403536662991195e-06,0.0040807183106887825,1.1403958524169866e-06,1.0793811497933348e-06,1.645545921746816e-07,4.404650422173972e-09,1.371665092619878e-07,4.225211114317062e-08,7.776600909892295e-07,0.0,-1.435795216053748e-08,7.785875482113624e-07,7.069518304092526e-10,7.04987387911693e-11,2.2051230286201928e-10,3.2290042639715466e-08,7.776600909892295e-07,3.0079363000368176e-07,1.6384764478516445e-07,4.335807268773806e-09,1.369459852185173e-07,9.962067615276737e-09,0.0,0.0
4.4550000893650576e-05,0.01978149521164596,0.0008510638321479469,1.1403595829354027e-06,0.003488428058116055,1.1404018778193858e-06,1.0800239351738128e-06,1.651845451533518e-07,3.767585798897244e-09,1.3718053537559172e-07,4.2252164433875805e-08,7.776588404340146e-07,0.0,-1.435818841599712e-08,7.782603006489808e-07,3.809507431729031e-10,8.693683967164745e-11,2.2051938053380127e-10,3.229005685057018e-08,7.776588404340146e-07,3.017636061031226e-07,1.6480359477100137e-07,3.680366011948877e-09,1.369600113321212e-07,9.962110247840883e-09,0.0,0.0
4.455250018509105e-05,0.019781778973992914,0.0006854037406596181,1.1403639428518475e-06,0.004399934422893012,1.1404059705455438e-06,1.0790475926114595e-06,1.6421735438143514e-07,4.747738646670996e-09,1.3717178148908715e-07,4.225220706643995e-08,7.776584425300825e-07,0.0,-1.4358445987738833e-08,7.78177309257444e-07,2.9832455950007386e-10,3.019183514307855e-11,2.2052278059181418e-10,3.229006040328386e-08,7.776584425300825e-07,3.0087028335401556e-07,1.639190259083989e-07,4.71452388239868e-09,1.3695125744561665e-07,9.96214666315609e-09,0.0,0.0
4.455500311451033e-05,0.019782061281148344,0.0009525376347934156,1.1403685668775522e-06,0.003877704574202351,1.1404105180190527e-06,1.0796130709422869e-06,1.6479668829560978e-07,4.186420543561553e-09,1.371572437847135e-07,4.2252249699004096e-08,7.7765906780769e-07,0.0,-1.43587781664678e-08,7.783074238432164e-07,4.2778955378075523e-10,7.40976238700064e-11,2.2052451531529016e-10,3.229006750871122e-08,7.7765906780769e-07,3.0130561867736105e-07,1.6436889893611806e-07,4.117898910749318e-09,1.36936719741243e-07,9.962183966649718e-09,0.0,0.0
4.45575024059508e-05,0.019782343588303775,0.0011899338707156704,1.1403746152279152e-06,0.0031399231337336385,1.1404166571082897e-06,1.0804129715324962e-06,1.6559066295940283e-07,3.392413683300788e-09,1.371623739032657e-07,4.225230654242296e-08,7.776599204589729e-07,0.0,-1.4358963795757518e-08,7.78514618104964e-07,6.341269176424191e-10,3.7164184923943466e-11,2.2052674963912722e-10,3.2290074614138575e-08,7.776599204589729e-07,3.0189838184924156e-07,1.6495653198944638e-07,3.352736754891339e-09,1.3694184985979518e-07,9.962232816462802e-09,0.0,0.0
4.456000533537008e-05,0.019782625895459205,0.0010661536872026839,1.140380984324524e-06,0.004139857146942428,1.1404231372580398e-06,1.0793432920763735e-06,1.645037315256559e-07,4.468327041706743e-09,1.3717991009798425e-07,4.22523491749871e-08,7.776596362418786e-07,0.0,-1.435925511827918e-08,7.784112767694751e-07,5.311249773320981e-10,6.60831112053728e-11,2.2053076031980368e-10,3.2290074614138575e-08,7.776596362418786e-07,3.0093198688518896e-07,1.6397260083067522e-07,4.401706554801876e-09,1.3695938605451374e-07,9.962273672670108e-09,0.0,0.0
4.4562500988831744e-05,0.019782908202614635,0.0008038768854694567,1.1403862635546392e-06,0.003248380827805743,1.140428366852575e-06,1.080307242773415e-06,1.6546192682653782e-07,3.5092493355648458e-09,1.3718637603687966e-07,4.225239180755125e-08,7.776588972774334e-07,0.0,-1.435954821715768e-08,7.782269335621095e-07,3.4748637300907603e-10,6.182715450719911e-11,2.205357840789901e-10,3.229008171956593e-08,7.776588972774334e-07,3.0208028078959615e-07,1.651144430070417e-07,3.450794316961492e-09,1.3696583778255444e-07,9.962309199806896e-09,0.0,0.0
4.456500391825102e-05,0.019783189054578543,0.0007862506223972332,1.1403907294589738e-06,0.0035037850752886813,1.1404326869524084e-06,1.0800363270391244e-06,1.6520067447345355e-07,3.784215163449289e-09,1.3717672686652804e-07,4.2252434440115394e-08,7.776589541208523e-07,0.0,-1.4359759603621569e-08,7.782122679600434e-07,3.328155251391962e-10,6.681139669284519e-11,2.20541640505445e-10,3.229008171956593e-08,7.776589541208523e-07,3.018240306573716e-07,1.6486785625602352e-07,3.7136700381523724e-09,1.369561744013481e-07,9.962351832371041e-09,0.0,0.0
4.456749957171269e-05,0.01978346990654245,0.0010140001521659059,1.1403957854986294e-06,0.0039059036493127456,1.1404378028601059e-06,1.0796084097819403e-06,1.647791236791818e-07,4.2168464275960105e-09,1.371696640717346e-07,4.225246996725218e-08,7.776595793984598e-07,0.0,-1.4360073130603723e-08,7.783598903188249e-07,4.797346409013414e-10,7.308874339084781e-11,2.2054758019862675e-10,3.229008882499329e-08,7.776595793984598e-07,3.0124849104140594e-07,1.64299393645706e-07,4.145397802801654e-09,1.3694911160655465e-07,9.962381142258891e-09,0.0,0.0
4.4570006139110774e-05,0.01978375221369788,0.001146543347175566,1.1404018848675243e-06,0.0034138810002090295,1.1404439419493428e-06,1.0801436474139336e-06,1.6530788116142503e-07,3.6874818754029093e-09,1.3717583158268098e-07,4.225250549438897e-08,7.776599204589729e-07,0.0,-1.4360326261453338e-08,7.784550462019979e-07,5.745587339234248e-10,5.3085660867147055e-11,2.2055057780079323e-10,3.229008882499329e-08,7.776599204589729e-07,3.0168860121193575e-07,1.647333220944347e-07,3.6344491860518247e-09,1.3695527911750105e-07,9.96241578121726e-09,0.0,0.0
4.457250179257244e-05,0.019784033065661788,0.0010229789723005256,1.140407978013566e-06,0.003775254535978542,1.1404501947254175e-06,1.0797606364576495e-06,1.6491520682393457e-07,4.076371240557819e-09,1.3718596392209292e-07,4.225255523238047e-08,7.77659465711622e-07,0.0,-1.4360593603157668e-08,7.783322644172586e-07,4.5227210865306233e-10,7.336092844312248e-11,2.2055506032625516e-10,3.229009237770697e-08,7.77659465711622e-07,3.0142834361868154e-07,1.6446293216176855e-07,4.00223409968703e-09,1.36965411456913e-07,9.962464631030343e-09,0.0,0.0
4.457500472199172e-05,0.019784313917625695,0.0007993370268525313,1.1404130960238382e-06,0.00336916103180309,1.1404551969462773e-06,1.0802024235090357e-06,1.6535165059394785e-07,3.6393759117459012e-09,1.3719184721594502e-07,4.2252604970371976e-08,7.776588972774334e-07,0.0,-1.4360878708430391e-08,7.781879958201898e-07,3.085205146913239e-10,7.278135039090472e-11,2.2056273474291288e-10,3.229009593042065e-08,7.776588972774334e-07,3.0201439926713647e-07,1.6504313293808082e-07,3.5689844413155924e-09,1.3697128053991037e-07,9.962509928129748e-09,0.0,0.0
4.457750037545338e-05,0.019784594769589603,0.000779371193014633,1.140417529856878e-06,0.003400117323052954,1.1404595170461107e-06,1.0801730923049035e-06,1.6532790425571875e-07,3.67271524304158e-09,1.3718627656089666e-07,4.2252640497508764e-08,7.776588972774334e-07,0.0,-1.4361102529392156e-08,7.781649742355512e-07,2.8552232800294064e-10,8.176323507136374e-11,2.2056859116936778e-10,3.229009593042065e-08,7.776588972774334e-07,3.020080896476429e-07,1.6504239397363563e-07,3.588000563325977e-09,1.36965709884862e-07,9.962543678909697e-09,0.0,0.0
4.458000330487266e-05,0.019784874166361988,0.0010168734923396983,1.1404225485065532e-06,0.004137516676337314,1.1404645192669705e-06,1.0793844467116287e-06,1.6454845308544463e-07,4.465971148448489e-09,1.3717645686028845e-07,4.2252693788213946e-08,7.776595225550409e-07,0.0,-1.4361398292805916e-08,7.782927582411503e-07,4.1267589345750366e-10,1.0789948795553173e-10,2.205739479954616e-10,3.2290103035848006e-08,7.776595225550409e-07,3.0109166004876897e-07,1.6413578407536988e-07,4.357894045625699e-09,1.369558759733991e-07,9.96259075236594e-09,0.0,0.0
4.4582502596313134e-05,0.019785155018325895,0.0011752237910087615,1.1404287050548242e-06,0.0035502412131601623,1.1404707720430451e-06,1.0800220024975715e-06,1.6518232826001622e-07,3.834338624386646e-09,1.3717954061576165e-07,4.225273642077809e-08,7.776601478326484e-07,0.0,-1.436168339807864e-08,7.784354920659098e-07,5.547737824684873e-10,7.415773550789595e-11,2.2057623783044988e-10,3.2290106588561684e-08,7.776601478326484e-07,3.0158651043166174e-07,1.6462755070278945e-07,3.762377964733332e-09,1.36958973939727e-07,9.962630720394827e-09,0.0,0.0
4.458500552573241e-05,0.01978543441509828,0.0010537354201005655,1.1404349326949177e-06,0.0036710085495306605,1.1404771385059576e-06,1.079898083844455e-06,1.6504729671851237e-07,3.964315098414772e-09,1.3719103719722625e-07,4.225277550062856e-08,7.776597499287163e-07,0.0,-1.4361922318073539e-08,7.78329649619991e-07,4.4931830478489587e-10,8.187388961244935e-11,2.205758908857547e-10,3.2290106588561684e-08,7.776597499287163e-07,3.01568434224464e-07,1.6459797791412711e-07,3.8802960844464e-09,1.3697045631033689e-07,9.962667135710035e-09,0.0,0.0
4.458750117919408e-05,0.019785713811870664,0.0008514613599857057,1.1404402557532289e-06,0.003731701646722332,1.1404823681004927e-06,1.0798377161336248e-06,1.6498299260092608e-07,4.0296321834887294e-09,1.371956699358634e-07,4.225282168590638e-08,7.7765906780769e-07,0.0,-1.4362220746022558e-08,7.781697490827355e-07,2.90074658737538e-10,7.154558195887617e-11,2.2057598803026934e-10,3.229011369398904e-08,7.7765906780769e-07,3.0166802389430813e-07,1.6469292063447938e-07,3.960422212401227e-09,1.3697510325982876e-07,9.962708880095761e-09,0.0,0.0
4.459000410861336e-05,0.01978599320864305,0.0007669704375992126,1.1404447775994344e-06,0.003107444913295044,1.1404869155740016e-06,1.080513925444393e-06,1.6566325200528809e-07,3.3576375013666393e-09,1.37191747739962e-07,4.225286431847053e-08,7.776588972774334e-07,0.0,-1.4362477429585851e-08,7.781219437674736e-07,2.424760947583593e-10,5.392612398291696e-11,2.2057869419889187e-10,3.229011369398904e-08,7.776588972774334e-07,3.0239195325520996e-07,1.654207721912826e-07,3.304067908160846e-09,1.3697118106392736e-07,9.962747959946228e-09,0.0,0.0
4.459250340005383e-05,0.019786272605415434,0.0008926474580519539,1.1404494145182688e-06,0.0036330247963520914,1.1404913493606728e-06,1.0799523124660482e-06,1.6511151557097037e-07,3.923493530066935e-09,1.3718143065943877e-07,4.2252906951034674e-08,7.776593520247843e-07,0.0,-1.4362728784078627e-08,7.782074362694402e-07,3.27504828812053e-10,6.937208446577969e-11,2.2058045667794346e-10,3.22901207994164e-08,7.776593520247843e-07,3.0174487619660795e-07,1.6478401221320382e-07,3.851318819414473e-09,1.369608497725494e-07,9.962787039796694e-09,0.0,0.0
4.45950026914943e-05,0.01978655200218782,0.0011053377459582236,1.1404549968244415e-06,0.003957256909741744,1.1404970337025588e-06,1.0796087508424534e-06,1.6476936082199245e-07,4.272289189088951e-09,1.3717954061576165e-07,4.225294958359882e-08,7.776598636155541e-07,0.0,-1.436301566570819e-08,7.783661999383185e-07,4.857806379376939e-10,4.171606809988404e-11,2.2057868032110406e-10,3.229012435213008e-08,7.776598636155541e-07,3.01242550904135e-07,1.642835911752627e-07,4.2314631798490154e-09,1.369589597288723e-07,9.962826119647161e-09,0.0,0.0
4.459750562091358e-05,0.019786831398960203,0.0010245828534216628,1.1404609477538505e-06,0.0035572938459028387,1.1405031727917958e-06,1.0800448535519536e-06,1.6519018686267373e-07,3.842036910839397e-09,1.3719521518851252e-07,4.225299932159032e-08,7.776594088682032e-07,0.0,-1.4363284783769359e-08,7.782730904182245e-07,3.9307279653399974e-10,6.28616117492875e-11,2.205794435994335e-10,3.229012790484376e-08,7.776594088682032e-07,3.017717631337291e-07,1.6479711462125124e-07,3.779923485325298e-09,1.3697464851247787e-07,9.962873193103405e-09,0.0,0.0
4.4600001274375245e-05,0.019787109340541065,0.0007005681685453569,1.140465742665873e-06,0.0036951287371393138,1.1405079476389801e-06,1.0799010397022357e-06,1.6503756228303246e-07,3.990373365070354e-09,1.3720477909373585e-07,4.225303484872711e-08,7.77658669903758e-07,0.0,-1.4363543243689492e-08,7.780815280966635e-07,2.0227702846042916e-10,4.915168272390247e-11,2.2058606330421782e-10,3.2290131457557436e-08,7.77658669903758e-07,3.0181948318386276e-07,1.6483528497701627e-07,3.94018329075152e-09,1.3698419820684649e-07,9.962901614812836e-09,0.0,0.0
4.460250056581572e-05,0.019787387282121927,0.0007120434501459716,1.1404696689009375e-06,0.0038286796176432653,1.1405115856177872e-06,1.0797606364576495e-06,1.649093377409372e-07,4.134057540738922e-09,1.3719274249979208e-07,4.225307748129126e-08,7.776586130603391e-07,0.0,-1.436381502628592e-08,7.780814144098258e-07,2.0221481433768673e-10,4.5402352016887804e-11,2.2059407078778293e-10,3.2290135010271115e-08,7.776586130603391e-07,3.016792788912426e-07,1.6470711727833987e-07,4.088898553078479e-09,1.36972147402048e-07,9.962944247376981e-09,0.0,0.0
4.4605003495234996e-05,0.01978766522370279,0.0010348083037529932,1.1404745241283175e-06,0.003761958019454124,1.1405164741518092e-06,1.0798369203257607e-06,1.6499171806572122e-07,4.0623011621221394e-09,1.3718599234380235e-07,4.22531201138554e-08,7.776592383379466e-07,0.0,-1.4364093026131286e-08,7.782584248161584e-07,3.7854053225316875e-10,6.324246681899126e-11,2.2060003823654029e-10,3.2290138562984794e-08,7.776592383379466e-07,3.0157858077473065e-07,1.6461316931781766e-07,3.998913644664981e-09,1.3696539724605827e-07,9.96297977451377e-09,0.0,0.0
4.460749914869666e-05,0.01978794316528365,0.001128319111338566,1.140480536358851e-06,0.0037247606592972758,1.1405226132410462e-06,1.0798828498082003e-06,1.6502625044267916e-07,4.022305155615413e-09,1.3719684943680477e-07,4.225315208827851e-08,7.776596930852975e-07,0.0,-1.4364392342258725e-08,7.783644377923338e-07,4.841272938094221e-10,4.8832705240586805e-11,2.2060252236055788e-10,3.229014211569847e-08,7.776596930852975e-07,3.0151835517244763e-07,1.6454211504424165e-07,3.974345297308446e-09,1.369762543390607e-07,9.96300997258004e-09,0.0,0.0
4.461000207811594e-05,0.019788221106864512,0.001008459040401033,1.1404864753538254e-06,0.0035529561835391573,1.1405286386434454e-06,1.080073275261384e-06,1.652081209613243e-07,3.837453022015325e-09,1.3720583069698478e-07,4.225319116812898e-08,7.776593520247843e-07,0.0,-1.4364653466714117e-08,7.782714419590775e-07,3.9146527686106936e-10,6.827274856568977e-11,2.2060614446317572e-10,3.229014566841215e-08,7.776593520247843e-07,3.0180189014572534e-07,1.6481665454648464e-07,3.768384271296554e-09,1.3698522138838598e-07,9.963045499716827e-09,0.0,0.0
4.461250500753522e-05,0.019788499048445374,0.0009080106660598608,1.1404918020200243e-06,0.004157808917920614,1.1405338682379806e-06,1.0794277613968006e-06,1.645616976020392e-07,4.488054372586703e-09,1.37207166517328e-07,4.225322314255209e-08,7.776588404340146e-07,0.0,-1.4364920808418447e-08,7.781665090078604e-07,2.870654824960184e-10,7.219040643047236e-11,2.206121257897209e-10,3.229014922112583e-08,7.776588404340146e-07,3.0126119554552133e-07,1.6427463833679212e-07,4.41410641371931e-09,1.369865572087292e-07,9.963073033247838e-09,0.0,0.0
4.4615000660996884e-05,0.019788775534834713,0.000790604576861492,1.1404964984599782e-06,0.003779608098480559,1.140538643085165e-06,1.0798387393151643e-06,1.649720786645048e-07,4.081367244168632e-09,1.372081044337392e-07,4.2253258669688876e-08,7.776585562169203e-07,0.0,-1.4365249434433736e-08,7.781000590512122e-07,2.2083825046426142e-10,5.561138355369977e-11,2.2061932836159315e-10,3.229014922112583e-08,7.776585562169203e-07,3.01738737107371e-07,1.6475124198223057e-07,4.0293919312262005e-09,1.369874809142857e-07,9.963108560384626e-09,0.0,0.0
4.4617499952437356e-05,0.01978905202122405,0.0007405020611201962,1.1405007317614385e-06,0.0033514503816989703,1.140542735811323e-06,1.0803033774209325e-06,1.6543800995805213e-07,3.6205831666080712e-09,1.3720681124596013e-07,4.2253287091398306e-08,7.776586130603391e-07,0.0,-1.4365495459855993e-08,7.780782880217885e-07,1.9905671555520144e-10,4.929372882100935e-11,2.2062542071044078e-10,3.229015277383951e-08,7.776586130603391e-07,3.022251462425629e-07,1.6523894430520158e-07,3.569521789259511e-09,1.3698618772650661e-07,9.963134317558797e-09,0.0,0.0
4.4620002881856635e-05,0.019789329962804914,0.0008983562321596139,1.140505286830087e-06,0.003907929768222652,1.1405472832848318e-06,1.0797086815728107e-06,1.6484698051044688e-07,4.21942569772682e-09,1.3720269009809272e-07,4.225332972396245e-08,7.776590109642711e-07,0.0,-1.4365845402153354e-08,7.781696922393166e-07,2.9010718827215953e-10,4.8513682654460766e-11,2.206245741653845e-10,3.229015277383951e-08,7.776590109642711e-07,3.0153893249007524e-07,1.6455686591143603e-07,4.171328171764799e-09,1.369820665786392e-07,9.963176061944523e-09,0.0,0.0
4.462250217329711e-05,0.019789606449194252,0.0010527297934377344,1.1405106813173922e-06,0.003189580356974696,1.1405527402530424e-06,1.0804868679770152e-06,1.6562150051413482e-07,3.4462996900685994e-09,1.3720601543809607e-07,4.225336880381292e-08,7.776594088682032e-07,0.0,-1.4366145606459213e-08,7.782750799378846e-07,3.950414995124163e-10,4.099634867693602e-11,2.206222704526084e-10,3.229015632655319e-08,7.776594088682032e-07,3.022118448825495e-07,1.6522646717476164e-07,3.4069576049233774e-09,1.3698539191864256e-07,9.96321247725973e-09,0.0,0.0
4.462500146473758e-05,0.01978988148039207,0.0010085393388914454,1.140516350450577e-06,0.003929003216319867,1.1405585382817662e-06,1.0796966307680123e-06,1.6482523790273262e-07,4.2421315349372435e-09,1.3721204084049532e-07,4.225339722552235e-08,7.776592951813655e-07,0.0,-1.4366371203777817e-08,7.782446118653752e-07,3.6469927078286446e-10,4.158505484408437e-11,2.2062310311987687e-10,3.229015632655319e-08,7.776592951813655e-07,3.014519620592182e-07,1.6446053052732168e-07,4.195794378603068e-09,1.369914173210418e-07,9.963241787147581e-09,0.0,0.0
4.462750075617805e-05,0.019790157966781408,0.0008828628803198013,1.1405215799202807e-06,0.0039926761140702555,1.1405636541894637e-06,1.0796328524520504e-06,1.647598821818974e-07,4.310624301950838e-09,1.3721411562528374e-07,4.2253439858086494e-08,7.776588404340146e-07,0.0,-1.4366768219531423e-08,7.781293334119255e-07,2.4983520807708715e-10,4.735612943451706e-11,2.2062987548032709e-10,3.2290159879266866e-08,7.776588404340146e-07,3.015035474618344e-07,1.6451005535600416e-07,4.268122300032928e-09,1.3699349210583023e-07,9.963282643354887e-09,0.0,0.0
4.463000368559733e-05,0.019790434453170747,0.000799569844478043,1.1405262316177745e-06,0.0029212442661696435,1.1405683153498103e-06,1.0807905255205696e-06,1.6591634732776583e-07,3.15725312560744e-09,1.3721569303015713e-07,4.225347538522328e-08,7.776585562169203e-07,0.0,-1.4367007139526322e-08,7.780682267366501e-07,1.8907678200896783e-10,2.8802727564114505e-11,2.2064311488989574e-10,3.2290159879266866e-08,7.776585562169203e-07,3.0272232720562897e-07,1.6572727190578007e-07,3.127927250545781e-09,1.369950552998489e-07,9.963315505956416e-09,0.0,0.0
4.46325029770378e-05,0.019790709484368563,0.000824544374275149,1.1405306984385641e-06,0.003850947452196607,1.1405727491364814e-06,1.0797937193274265e-06,1.6492143117829983e-07,4.1582288723418515e-09,1.3721367508878757e-07,4.225350735964639e-08,7.776586130603391e-07,0.0,-1.4367273593052232e-08,7.780765827192226e-07,1.9732250555737352e-10,3.446851484789626e-11,2.2065976823526512e-10,3.2290163431980545e-08,7.776586130603391e-07,3.0171713660820387e-07,1.6472411346057925e-07,4.121346375285384e-09,1.369930089367699e-07,9.963343927665846e-09,0.0,0.0
4.463500590645708e-05,0.01979098451556638,0.0010160564307497566,1.1405357606650052e-06,0.0034593137311135372,1.1405777513573412e-06,1.0802197039083694e-06,1.6535324220967595e-07,3.736818854349622e-09,1.372072517824563e-07,4.225354999221054e-08,7.776592383379466e-07,0.0,-1.4367627976241693e-08,7.782194870742387e-07,3.3957650580340726e-10,4.9902713905591867e-11,2.206753668687611e-10,3.2290166984694224e-08,7.776592383379466e-07,3.0200024525584013e-07,1.650136738362562e-07,3.6899181488081467e-09,1.3698657141958392e-07,9.963380342981054e-09,0.0,0.0
4.4637501559918746e-05,0.019791259546764195,0.001220673686505691,1.1405419123706387e-06,0.00364470874570132,1.1405838904465782e-06,1.0800260952237295e-06,1.6515892298230028e-07,3.936380554847574e-09,1.372073370475846e-07,4.225357841391997e-08,7.776598636155541e-07,0.0,-1.4367838474527161e-08,7.784009881106613e-07,5.204289221794056e-10,2.447225234958328e-11,2.2069125693580105e-10,3.22901705374079e-08,7.776598636155541e-07,3.016251639564871e-07,1.6463849306092015e-07,3.907642209810547e-09,1.3698665668471222e-07,9.963407876512065e-09,0.0,0.0
4.4640004489338025e-05,0.019791536033153534,0.0011220308794062106,1.1405483896299058e-06,0.004326974104403045,1.1405905979700037e-06,1.0792987268359866e-06,1.644198732719815e-07,4.67009764193449e-09,1.3721933100896422e-07,4.2253617493770435e-08,7.77659465711622e-07,0.0,-1.4368184864110845e-08,7.782907687214902e-07,4.105724371594732e-10,5.472981096099616e-11,2.2070648086902622e-10,3.229017409012158e-08,7.77659465711622e-07,3.0100790127107757e-07,1.6400929325754987e-07,4.617085824776268e-09,1.3699862222438242e-07,9.963444291827273e-09,0.0,0.0
4.464250014279969e-05,0.019791809609159827,0.0007524679601651485,1.1405535178089692e-06,0.0034473750512524974,1.1405957138777012e-06,1.0802496035466902e-06,1.653620671504541e-07,3.724025532392261e-09,1.3722886649247812e-07,4.2253670784475617e-08,7.776586130603391e-07,0.0,-1.4368502831985097e-08,7.780551527503121e-07,1.7581783251507943e-10,5.866764019035742e-11,2.2071808269963356e-10,3.229018474826262e-08,7.776586130603391e-07,3.021943939529592e-07,1.6518625045591762e-07,3.6665033231741972e-09,1.3700815770789632e-07,9.963484259856159e-09,0.0,0.0
4.4645006710197777e-05,0.019792084640357643,0.0005931853577062496,1.1405572187754078e-06,0.004074308403443909,1.1405992381696706e-06,1.079578282769944e-06,1.6469596175738843e-07,4.398534869665127e-09,1.3722394953674666e-07,4.2253709864326083e-08,7.776583856866637e-07,0.0,-1.436873020566054e-08,7.779975703670061e-07,1.184503051199215e-10,2.450393013497809e-11,2.2073121108689975e-10,3.22901883009763e-08,7.776583856866637e-07,3.0158074082464736e-07,1.6457751428333722e-07,4.371295325711344e-09,1.3700321233045543e-07,9.963522451528206e-09,0.0,0.0
4.464750600163825e-05,0.019792358216363937,0.0008478564582818926,1.140561161120057e-06,0.003763571534484376,1.140603103522153e-06,1.0799159326779773e-06,1.6504242239534506e-07,4.064340863862981e-09,1.3721451352921576e-07,4.225375604960391e-08,7.776589541208523e-07,0.0,-1.436908547702842e-08,7.781014232932648e-07,2.2174986846756894e-10,7.652665307000817e-11,2.2074733707633243e-10,3.2290195406403654e-08,7.776589541208523e-07,3.0181442411958415e-07,1.6482066200751433e-07,3.991687425042301e-09,1.3699376211206982e-07,9.963563307735512e-09,0.0,0.0
4.4650001655099913e-05,0.01979263179237023,0.0011753846706765159,1.1405666962223352e-06,0.0032416631581761966,1.1406086741772015e-06,1.080482888937695e-06,1.656099755109608e-07,3.5025615741091087e-09,1.3721285085921409e-07,4.225380223488173e-08,7.776600909892295e-07,0.0,-1.4369361700516947e-08,7.783881414979987e-07,5.072641751091567e-10,5.7202652337107196e-11,2.2076045158581081e-10,3.229020961725837e-08,7.776600909892295e-07,3.020948042831151e-07,1.6510271905190166e-07,3.4443299323783094e-09,1.3699208523121342e-07,9.963593505801782e-09,0.0,0.0
4.465250458451919e-05,0.019792906823568046,0.001255244433149283,1.1405733812106739e-06,0.0036539595765333315,1.1406154953874648e-06,1.08004553567298e-06,1.6516372625119402e-07,3.946442728164357e-09,1.372212778960602e-07,4.22538413147322e-08,7.776605457365804e-07,0.0,-1.436961927225866e-08,7.785029083606787e-07,6.215880032911514e-10,2.6303811559436063e-11,2.207716370827839e-10,3.229020961725837e-08,7.776605457365804e-07,3.015426557340106e-07,1.6454214346595109e-07,3.919701896393235e-09,1.3700051226805954e-07,9.96362903293857e-09,0.0,0.0
4.465500023798086e-05,0.01979318039957434,0.0010341196130326802,1.140579644361401e-06,0.0035428312677883815,1.1406218618503772e-06,1.0801711596286623e-06,1.6527836521618156e-07,3.82686415889566e-09,1.372331581706021e-07,4.225387328915531e-08,7.776596362418786e-07,0.0,-1.4369935463776073e-08,7.782364264130592e-07,3.5599462266944215e-10,9.341980661270455e-11,2.2078573691519665e-10,3.2290220275399406e-08,7.776596362418786e-07,3.019347616373125e-07,1.6492236909471103e-07,3.733760411961384e-09,1.3701237833174673e-07,9.963653013755902e-09,0.0,0.0
4.4657503167400137e-05,0.01979345252038911,0.0007174577073605359,1.1405844107678766e-06,0.0035559221671028745,1.1406266366975615e-06,1.080161496247456e-06,1.6526341539702116e-07,3.840970208557337e-09,1.3723929725983908e-07,4.225391947443313e-08,7.776587267471768e-07,0.0,-1.437024188533087e-08,7.780443525007286e-07,1.648179787094861e-10,5.677345399357492e-11,2.2080258454959534e-10,3.229023448625412e-08,7.776587267471768e-07,3.021170869033085e-07,1.6509859790403425e-07,3.784379476456934e-09,1.3701850321012898e-07,9.96368676453585e-09,0.0,0.0
4.466000245884061e-05,0.019793726096395403,0.0006927360182624187,1.140588268719552e-06,0.003375982642242385,1.1406302746763686e-06,1.0803585155372275e-06,1.6546701431252586e-07,3.6472715958524304e-09,1.3723280289923423e-07,4.22539585542836e-08,7.77658669903758e-07,0.0,-1.4370500345251003e-08,7.780299711157568e-07,1.5047278700830446e-10,5.567145355822589e-11,2.2081841910548405e-10,3.229023448625412e-08,7.77658669903758e-07,3.023285444214707e-07,1.653165497828013e-07,3.5919713869958514e-09,1.370119804278147e-07,9.963724068029478e-09,0.0,0.0
4.466250175028108e-05,0.019793999672401696,0.0010652994330371257,1.140593078282729e-06,0.003682065068651044,1.1406349358367152e-06,1.0800333711813437e-06,1.6515653555870813e-07,3.976753149004253e-09,1.3721722780246637e-07,4.2254004739561424e-08,7.776596362418786e-07,0.0,-1.4370786338702146e-08,7.782393254274211e-07,3.5887920413202323e-10,1.1245974984586127e-10,2.208311172813282e-10,3.2290248697108836e-08,7.776596362418786e-07,3.0179404575392255e-07,1.6479765463373042e-07,3.862393072040504e-09,1.3699639112019213e-07,9.963754266095748e-09,0.0,0.0
4.466500467970036e-05,0.019794271793216467,0.0013807776828222984,1.1405997345677067e-06,0.003726050103871537,1.1406417570469785e-06,1.0799925576066016e-06,1.6511468459157186e-07,4.024106381450565e-09,1.3721708569391922e-07,4.225405092483925e-08,7.776607731102558e-07,0.0,-1.4371090983900103e-08,7.785600359966338e-07,6.784071637788713e-10,4.541183054596054e-11,2.20841747666789e-10,3.229025935524987e-08,7.776607731102558e-07,3.014325216099678e-07,1.6443628680917755e-07,3.980504370559856e-09,1.3699623480079026e-07,9.963791569589375e-09,0.0,0.0
4.4667500333162025e-05,0.019794543914031237,0.0011518726081281017,1.1406066264363137e-06,0.003545140031619258,1.140648919317755e-06,1.080194124369882e-06,1.6529548929611337e-07,3.82943943222358e-09,1.3723854408453917e-07,4.2254093557403394e-08,7.776600341458106e-07,0.0,-1.4371320133932386e-08,7.783323212606774e-07,4.5140180482405867e-10,1.2354457734620183e-10,2.208508237400153e-10,3.229026646067723e-08,7.776600341458106e-07,3.018617746874952e-07,1.648440957069397e-07,3.7039669109617535e-09,1.3701769319141022e-07,9.963828873083003e-09,0.0,0.0
4.4670003262581304e-05,0.019794816034846008,0.0006644241719655497,1.1406115689579104e-06,0.004147835636749375,1.140653807851777e-06,1.0795502021210268e-06,1.6464127838844433e-07,4.477796800017586e-09,1.372502680396792e-07,4.2254153953535933e-08,7.776587267471768e-07,0.0,-1.4371624779130343e-08,7.78013941271638e-07,1.3435495771485506e-10,1.1833219126788919e-10,2.208584426455218e-10,3.22902877769593e-08,7.776587267471768e-07,3.0153634611451707e-07,1.6450692896796681e-07,4.359672178821938e-09,1.3702940293569554e-07,9.96386706475505e-09,0.0,0.0
4.467249891604297e-05,0.01979508815566078,0.0005865184137405777,1.1406149730330668e-06,0.0034038070425154872,1.1406569910832332e-06,1.0803535133163678e-06,1.654566830211479e-07,3.677314897032602e-09,1.372383877651373e-07,4.22541930333864e-08,7.776584425300825e-07,0.0,-1.4371904555332549e-08,7.780012083458132e-07,1.218696393801011e-10,5.592423746314523e-11,2.2086286965983248e-10,3.229029132967298e-08,7.776584425300825e-07,3.0235233339226397e-07,1.6533481073111034e-07,3.6237872702571394e-09,1.3701752266115363e-07,9.963900815534998e-09,0.0,0.0
4.4675005483441055e-05,0.01979536027647555,0.0009861382479527947,1.1406192525591882e-06,0.0036079813608390957,1.1406610838093911e-06,1.0801376220115344e-06,1.6525908108633303e-07,3.897116407358681e-09,1.3721906100272463e-07,4.225425342951894e-08,7.77659465711622e-07,0.0,-1.4372139922613769e-08,7.781526960570773e-07,2.7236582433864953e-10,1.6224806220765942e-10,2.2086393824949369e-10,3.2290312645955055e-08,7.77659465711622e-07,3.0198492595445714e-07,1.6498671584486146e-07,3.7324210389044765e-09,1.3699819589874096e-07,9.963941671742305e-09,0.0,0.0
4.467750113690272e-05,0.019795630942098796,0.0013648137305466435,1.140625615778013e-06,0.003692484131330297,1.140667677645979e-06,1.080052811630594e-06,1.6517600442966796e-07,3.988077867944639e-09,1.37215749873576e-07,4.225430672022412e-08,7.776610004839313e-07,0.0,-1.4372455225952763e-08,7.785687330397195e-07,6.868544621951855e-10,4.8482974579489024e-11,2.2086374396046438e-10,3.229033396223713e-08,7.776610004839313e-07,3.0148405016916513e-07,1.644891511887181e-07,3.941601711687781e-09,1.3699488476959232e-07,9.963974534343834e-09,0.0,0.0
4.4680004066322e-05,0.019795903062913567,0.0012513160108156285,1.1406327348115807e-06,0.0035768697097933243,1.1406749536035932e-06,1.0801842336150003e-06,1.6528768753687473e-07,3.86367826621381e-09,1.3723608560667344e-07,4.225434935278827e-08,7.776604888931615e-07,0.0,-1.4372684375985045e-08,7.784107651787053e-07,5.294069072014906e-10,1.1536169935988383e-10,2.2086323048231549e-10,3.2290337514950807e-08,7.776604888931615e-07,3.017735252797138e-07,1.647582905661693e-07,3.745523002862683e-09,1.3701522050268977e-07,9.964009173302202e-09,0.0,0.0
4.4682499719783664e-05,0.019796173728536814,0.0007035200948166676,1.1406380258809095e-06,0.004363393333477284,1.1406804105718038e-06,1.0793434057632112e-06,1.6442865558019548e-07,4.709599821239863e-09,1.3725590974900115e-07,4.2254420407061843e-08,7.776587835905957e-07,0.0,-1.4372956158581474e-08,7.780034252391488e-07,1.237707575318936e-10,1.4357652566854284e-10,2.2086975304258516e-10,3.2290373042087595e-08,7.776587835905957e-07,3.0133992368064355e-07,1.643048932464808e-07,4.566385491955316e-09,1.3703504464501748e-07,9.964049141331088e-09,0.0,0.0
4.468500264920294e-05,0.019796445849351585,0.00042212499320370966,1.1406410889954944e-06,0.0033166598790147993,1.1406831390559091e-06,1.080471861314436e-06,1.6556712978399446e-07,3.583557672826032e-09,1.3724645953061554e-07,4.225446303962599e-08,7.77658271999826e-07,0.0,-1.4373242152032617e-08,7.779405564178887e-07,6.142283903720624e-11,2.7811395547638895e-11,2.2088469942005418e-10,3.229038014751495e-08,7.77658271999826e-07,3.025312764748378e-07,1.6550571046991536e-07,3.559723849022589e-09,1.3702558021577715e-07,9.964081115754198e-09,0.0,0.0
4.4687501940643415e-05,0.01979671505978331,0.0008423512371003028,1.140644493097413e-06,0.0033040755297727552,1.1406862086005276e-06,1.0804882322190679e-06,1.6561118343361159e-07,3.5700147282824446e-09,1.3721795255605684e-07,4.225451633033117e-08,7.776591246511089e-07,0.0,-1.4373453538496506e-08,7.780651571920316e-07,1.8510380728198328e-10,1.627545459514934e-10,2.208984384299839e-10,3.2290401463797025e-08,7.776591246511089e-07,3.024231318704551e-07,1.6542608705094608e-07,3.404334369960793e-09,1.3699704481950903e-07,9.964118419247825e-09,0.0,0.0
4.4690004870062694e-05,0.019796985725406557,0.0013569949516494262,1.1406504459714823e-06,0.0035206327466632287,1.1406924613766023e-06,1.0802608585436246e-06,1.6538579927782848e-07,3.803201753527219e-09,1.3721422931212146e-07,4.225458383189107e-08,7.776608299536747e-07,0.0,-1.4373759071872882e-08,7.785303637319885e-07,6.486181591824902e-10,4.305029249751513e-11,2.209110255835256e-10,3.22904227800791e-08,7.776608299536747e-07,3.0173049481163616e-07,1.6473718744691723e-07,3.7624272586356255e-09,1.3699332157557365e-07,9.96416105181197e-09,0.0,0.0
4.469250052352436e-05,0.019797256391029805,0.001173735241779994,1.140657295788133e-06,0.0031796973176464027,1.1406996236473788e-06,1.0806348882397288e-06,1.6573081040860416e-07,3.436091855490986e-09,1.372437168356555e-07,4.225463001716889e-08,7.776603183629049e-07,0.0,-1.4373999768224621e-08,7.783684736750729e-07,4.872154346635682e-10,9.489625057979012e-11,2.2092565277187504e-10,3.2290429885506455e-08,7.776603183629049e-07,3.0226638614294643e-07,1.6524359125469346e-07,3.3393141585236208e-09,1.3702279488825297e-07,9.964198355305598e-09,0.0,0.0
4.469500345294364e-05,0.01979752560146153,0.000635941841320431,1.1406621676276212e-06,0.0038842618701094137,1.140704398494563e-06,1.079880917131959e-06,1.6496287003064936e-07,4.194540270674452e-09,1.3725924929985922e-07,4.225469751872879e-08,7.776587835905957e-07,0.0,-1.437426888628579e-08,7.779826205478457e-07,1.0289321478174074e-10,9.535018608008983e-11,2.2094077956058555e-10,3.229045475450221e-08,7.776587835905957e-07,3.0189826816240384e-07,1.648599834425113e-07,4.09899625353205e-09,1.3703829893074726e-07,9.964243652405003e-09,0.0,0.0
4.46974991064053e-05,0.019797796267084777,0.0006063083913190326,1.1406655299719556e-06,0.0031888784371991493,1.1407074680391815e-06,1.0806321597556234e-06,1.6573223149407568e-07,3.446004592788654e-09,1.3724134362291807e-07,4.225475080943397e-08,7.776585562169203e-07,0.0,-1.4374542445239058e-08,7.779873385516112e-07,1.0780767945028913e-10,3.457533565009996e-11,2.209552263376935e-10,3.2290461859929565e-08,7.776585562169203e-07,3.0264482120401226e-07,1.6562442795020615e-07,3.4136928839245684e-09,1.370203932538061e-07,9.964288061325988e-09,0.0,0.0
4.4699998397845775e-05,0.019798065477516502,0.0010350255076261305,1.140669948614031e-06,0.0036487217835618107,1.140711788139015e-06,1.0801411463035038e-06,1.6525842738701613e-07,3.941134529839019e-09,1.372229689877713e-07,4.2254800547425475e-08,7.776596930852975e-07,0.0,-1.4374751167167688e-08,7.782179523019295e-07,3.372973844673055e-10,1.250756859194624e-10,2.209701865929503e-10,3.229048317621164e-08,7.776596930852975e-07,3.0192313715815544e-07,1.649211327503508e-07,3.812065330066616e-09,1.3700200440780463e-07,9.964320035749097e-09,0.0,0.0
4.4702501327265054e-05,0.019798334687948227,0.001314980146868594,1.140676275074399e-06,0.0038542727893238642,1.140718268288765e-06,1.0799260508065345e-06,1.6503665278833068e-07,4.162329592105607e-09,1.3722852543196495e-07,4.225485383813066e-08,7.776608867970936e-07,0.0,-1.437506824686352e-08,7.785482125655108e-07,6.66321053888197e-10,1.529643599285091e-11,2.2098760321664912e-10,3.2290493834352674e-08,7.776608867970936e-07,3.0137786666273314e-07,1.6437032002158958e-07,4.150470189756561e-09,1.3700754664114356e-07,9.964360891956403e-09,0.0,0.0
4.4705000618705526e-05,0.01979860389837995,0.0011298249019234263,1.1406828567446258e-06,0.0030508177469175733,1.1407250894990284e-06,1.0807975741045084e-06,1.65887996672609e-07,3.2973164199034954e-09,1.3724965697292646e-07,4.225490712883584e-08,7.776599204589729e-07,0.0,-1.4375287626933186e-08,7.782981583659421e-07,4.1720216170659796e-10,1.1084787948645314e-10,2.2100066221497627e-10,3.229050449249371e-08,7.776599204589729e-07,3.0249944416027574e-07,1.654707943998801e-07,3.185813834960527e-09,1.3702864976039564e-07,9.964403524520549e-09,0.0,0.0
4.4707499910146e-05,0.019798873108811677,0.0006743982194227227,1.1406877139014802e-06,0.003827192243646312,1.1407299780330504e-06,1.0799661822602502e-06,1.650477798875727e-07,4.133238196146749e-09,1.3725973246891954e-07,4.225496041954102e-08,7.776587267471768e-07,0.0,-1.4375538093247542e-08,7.780299711157568e-07,1.5023919608392333e-10,5.348129231141918e-11,2.2100861418739015e-10,3.229052580877578e-08,7.776587267471768e-07,3.019362679879123e-07,1.6489754273152357e-07,4.0783305621516774e-09,1.3703872525638872e-07,9.964437275300497e-09,0.0,0.0
4.4710006477544084e-05,0.0197991423192434,0.0005639904638683468,1.140691047773001e-06,0.003077467432649735,1.140733047577669e-06,1.080776087292179e-06,1.6587455320404842e-07,3.326053210628288e-09,1.3724299208206503e-07,4.225499949939149e-08,7.776585562169203e-07,0.0,-1.4375835633018141e-08,7.779843826938304e-07,1.0481970152964593e-10,3.574145840401499e-11,2.2101648289307718e-10,3.229052936148946e-08,7.776585562169203e-07,3.027917045983486e-07,1.657697339396691e-07,3.2945999262068426e-09,1.370219706586795e-07,9.964472802437285e-09,0.0,0.0
4.4712505768984556e-05,0.019799410074483603,0.0009663922105476175,1.1406951454528069e-06,0.0030549476626284574,1.1407370266169892e-06,1.0808041679410962e-06,1.6592045426477853e-07,3.3018001666107466e-09,1.3722410585614853e-07,4.225505279009667e-08,7.776595793984598e-07,0.0,-1.4376025703199957e-08,7.781848694321525e-07,3.0425748032136823e-10,6.731040724794468e-11,2.2102418506531052e-10,3.229054357234418e-08,7.776595793984598e-07,3.0261927008723433e-07,1.6561619986532605e-07,3.2305247366082313e-09,1.37003084432763e-07,9.964510105930913e-09,0.0,0.0
4.471500142244622e-05,0.019799677829723805,0.0012221937165675933,1.140701005506313e-06,0.00376657560201066,1.1407430520193884e-06,1.0800436029967386e-06,1.6514999856553914e-07,4.068065884155203e-09,1.3723327185743983e-07,4.2255098975374494e-08,7.776603183629049e-07,0.0,-1.4376318802078458e-08,7.783937121530471e-07,5.123295676590089e-10,9.558379261698224e-12,2.2103145702612181e-10,3.2290547125057856e-08,7.776603183629049e-07,3.0164991926540097e-07,1.6463766883134667e-07,4.0591969785452875e-09,1.370122504340543e-07,9.9645500739598e-09,0.0,0.0
4.47175043518655e-05,0.019799945584964007,0.0009849275261508694,1.140706915189098e-06,0.003474139794446649,1.1407491911086254e-06,1.0803640861922759e-06,1.654521923910579e-07,3.753335864331575e-09,1.372523001919035e-07,4.225514160793864e-08,7.776596362418786e-07,0.0,-1.4376557722073358e-08,7.781952149343851e-07,3.1452579429824823e-10,4.3740046307139124e-11,2.2104151842228248e-10,3.2290550677771535e-08,7.776596362418786e-07,3.021689281013096e-07,1.6513766354364634e-07,3.708855222939178e-09,1.3703125034680852e-07,9.964590041988686e-09,0.0,0.0
4.472000364330597e-05,0.01980021334020421,0.0007348743568788008,1.1407115200487607e-06,0.003988782528179964,1.1407536248952965e-06,1.0798145240187296e-06,1.6490285759118706e-07,4.307145307080873e-09,1.372526838849808e-07,4.225518068778911e-08,7.776589541208523e-07,0.0,-1.4376813517458231e-08,7.780369060128578e-07,1.5690033994264496e-10,1.7189744419554565e-11,2.2105436925379252e-10,3.229055778319889e-08,7.776589541208523e-07,3.0177758958416234e-07,1.647459555442765e-07,4.288920329997836e-09,1.3703163403988583e-07,9.964623792768634e-09,0.0,0.0
4.4722502934746444e-05,0.01980048109544441,0.0008120261771722426,1.1407156619560013e-06,0.0037979632564234035,1.1407576039346168e-06,1.080023480426462e-06,1.6512218792286149e-07,4.101889494734223e-09,1.3724218206334626e-07,4.2255212662212216e-08,7.7765906780769e-07,0.0,-1.4377095958195696e-08,7.780764690323849e-07,1.963140899841065e-10,2.111935973325707e-11,2.2106040609148891e-10,3.229055778319889e-08,7.7765906780769e-07,3.0194698297236755e-07,1.6492587917582568e-07,4.0820684610309854e-09,1.3702111800739658e-07,9.964653990834904e-09,0.0,0.0
4.4725002226186916e-05,0.019800748850684613,0.0009930836021823097,1.140720495232027e-06,0.0036783649730259224,1.1407624924686388e-06,1.0801567214002716e-06,1.652584131761614e-07,3.973210649377279e-09,1.3723858671710332e-07,4.225526240020372e-08,7.776596930852975e-07,0.0,-1.4377335766369015e-08,7.782006150591769e-07,3.1985727955152754e-10,3.4631998657719265e-11,2.2106005914679372e-10,3.229056488862625e-08,7.776596930852975e-07,3.019560779193853e-07,1.6493855525823164e-07,3.938619652643638e-09,1.3701752266115363e-07,9.96469662339905e-09,0.0,0.0
4.4727505155606195e-05,0.019801015150733292,0.0010286751125256899,1.1407258791764684e-06,0.0033873205468431056,1.1407679494368494e-06,1.0804751582327299e-06,1.655696877378432e-07,3.6599157038352814e-09,1.372454789816402e-07,4.225529437462683e-08,7.776600341458106e-07,0.0,-1.4377603108073345e-08,7.782563784530794e-07,3.7530301089105933e-10,2.368416573972354e-11,2.2106061425830603e-10,3.229056488862625e-08,7.776600341458106e-07,3.0221880820135993e-07,1.6519439327566943e-07,3.637741441409048e-09,1.370244149256905e-07,9.96472682146532e-09,0.0,0.0
4.473000444704667e-05,0.019801282905973494,0.0009078948794432051,1.140731064444102e-06,0.0034725419245754878,1.1407731790313846e-06,1.0803884151755483e-06,1.6547249970244593e-07,3.751694066522759e-09,1.3725639291806147e-07,4.2255329901763616e-08,7.77659465711622e-07,0.0,-1.4377829593570368e-08,7.78139337853645e-07,2.5881899401447583e-10,5.552214590864857e-11,2.2106592945103642e-10,3.229057199405361e-08,7.77659465711622e-07,3.0224902047848445e-07,1.6521367740551796e-07,3.6939313829975617e-09,1.3703532886211178e-07,9.964761460423688e-09,0.0,0.0
4.473250373848714e-05,0.019801549206022173,0.0007494056213172007,1.1407354778361424e-06,0.003842124842482415,1.1407776128180558e-06,1.0799946039696806e-06,1.6507431155332597e-07,4.149474097658867e-09,1.3726136671721179e-07,4.225537253432776e-08,7.776589541208523e-07,0.0,-1.4378116475199931e-08,7.780529927003954e-07,1.7295051502053127e-10,3.203338636015296e-11,2.210724520113061e-10,3.2290575546767286e-08,7.776589541208523e-07,3.0194166811270406e-07,1.6490136545144196e-07,4.118509977502072e-09,1.370402884504074e-07,9.964797875738896e-09,0.0,0.0
4.473500302992761e-05,0.019801815506070852,0.0007979248517284709,1.1407395983779455e-06,0.003274884782368208,1.140781591857376e-06,1.0806089676407282e-06,1.6569835281643464e-07,3.53886986381724e-09,1.3725140490805643e-07,4.225540806146455e-08,7.776591814945277e-07,0.0,-1.4378380264190582e-08,7.780787996125582e-07,1.9854240473904383e-10,5.5412070765203936e-11,2.2108120889541283e-10,3.2290575546767286e-08,7.776591814945277e-07,3.025301396064606e-07,1.6549981296520855e-07,3.4841800555796e-09,1.3703032664125203e-07,9.964829850162005e-09,0.0,0.0
4.473750232136808e-05,0.01980208180611953,0.0010560215980133236,1.1407445354382436e-06,0.003855438255551766,1.140786480391398e-06,1.0799885785672814e-06,1.6508519706803781e-07,4.163829281367271e-09,1.3724350367283478e-07,4.2255454246742374e-08,7.776599204589729e-07,0.0,-1.4378604085152347e-08,7.782625175423163e-07,3.815009141927561e-10,4.629336150530072e-11,2.2109615527288184e-10,3.2290582652194644e-08,7.776599204589729e-07,3.0172608944667445e-07,1.6470370667320822e-07,4.1144323503772284e-09,1.3702239698432095e-07,9.964870706369311e-09,0.0,0.0
4.474000525078736e-05,0.01980234810616821,0.0010719962583110032,1.140750202350831e-06,0.0038359981230880746,1.1407923921069596e-06,1.0800150676004705e-06,1.6509792999386264e-07,4.142935772222245e-09,1.372571745150708e-07,4.225548977387916e-08,7.776599204589729e-07,0.0,-1.4378912283063983e-08,7.782737156958319e-07,3.926768632478428e-10,5.485062057331014e-11,2.2111433517491008e-10,3.2290582652194644e-08,7.776599204589729e-07,3.017412950612197e-07,1.6470524144551746e-07,4.091330385591618e-09,1.3703605361570226e-07,9.96490534532768e-09,0.0,0.0
4.4742504542227834e-05,0.019802612951025367,0.0007984408243437713,1.1407551561072508e-06,0.003454401565091297,1.1407973943278193e-06,1.0804304793055053e-06,1.6550016823657643e-07,3.732240738685277e-09,1.3727108694183698e-07,4.225552530101595e-08,7.776591814945277e-07,0.0,-1.4379112123208415e-08,7.780995474604424e-07,2.1922282045228059e-10,6.751825487594232e-11,2.2113151587621616e-10,3.2290589757622e-08,7.776591814945277e-07,3.0233090342335345e-07,1.6528095159173972e-07,3.662096625944855e-09,1.3704995183161373e-07,9.964936431572369e-09,0.0,0.0
4.4745003833668306e-05,0.019802879251074046,0.000767038296896061,1.1407593249789128e-06,0.004357511715574415,1.1408012596803019e-06,1.0794625495691434e-06,1.6453940077099105e-07,4.703770706271371e-09,1.372640952013171e-07,4.225556082815274e-08,7.7765906780769e-07,0.0,-1.437939456394588e-08,7.780832333992294e-07,2.0301312020354345e-10,5.718308812574513e-11,2.211454491751752e-10,3.2290589757622e-08,7.7765906780769e-07,3.013793445916235e-07,1.643363987113844e-07,4.646510731731723e-09,1.3704294588023913e-07,9.964969294173898e-09,0.0,0.0
4.474750312510878e-05,0.019803144095931202,0.001040773825284367,1.1407641128763454e-06,0.0032778391186741936,1.1408060345274862e-06,1.080628635463654e-06,1.65715050570725e-07,3.5421268140822804e-09,1.3725382075335801e-07,4.2255599908003205e-08,7.776597499287163e-07,0.0,-1.4379698320965417e-08,7.782494435559784e-07,3.684921812130426e-10,7.198865115132236e-11,2.211655303341331e-10,3.229059331033568e-08,7.776597499287163e-07,3.0237922032938513e-07,1.653465488971051e-07,3.4743825594318878e-09,1.3703265722142532e-07,9.965005709489105e-09,0.0,0.0
