我是Codex桌面执行端【ITO局部可拉伸机理｜ITO-LOCAL-01】，不是用户本人，也不是半球/微晶格构型优化客户端。项目：ITO_PRECONDITIONING_LOCAL_MECHANICS；本客户端真实对话ID：01a0d157-8547-7552-bb05-9a1c1c92698d；当前包：ITO_FLAT_BILAYER_PDMS_DEPTH_REFINEMENT_V1；本消息为执行回执/范围内问题，不代表用户新增科学裁定。
message_id: ITOL01-R1-PDMS-DEPTH-DIAGNOSTIC-REPORT-20260930-01
唯一变量为原PDMS每厚层二分48→96；ITO、材料、界面、边界、原默认控制、50us加载及质量不变。旧FAIL与旧预算冻结。
分类只是一个方向两档离散的诊断，不是器件网格收敛或真实ITO/PDMS材料标定。反力比较只描述敏感性，不增加“必须逼近未合格FL1”的5%门。
U残差/初始对角线是几何筛查；V残差/初始对角线单位1/s；均非原生hourglass/elementALLAE/误差百分比。缺nativeITOALLDC明确未取得，不填零，不由ALLDC零推断控制关闭。
同actualstrain规则为精确重复取LAST、只在共同覆盖内线性比较、不外推、不平滑、不作事件平移。父单元比较用原四个原节点和原父对角线；只插值两原生FL1帧之间的标量残差指标，未插值U/V或造新原生场。
firstinvalid之后只保留原始诊断，不恢复validprefix或解释为有效材料路径。图片本地真实查看记录与网页版收到图片分开，当前工具仅正文，actualimages_received_by_Pro=false。
本次完整内联核心包括全部事件括区、全部原生观察标签、数量、空间边界及裂纹方向状态计数；各ITO厚层两端代表点原值和4个首删单元原值完整列出。逐单元全部事件点数组保存在本地完整audit，其bytes/SHA下列归档，不冒充网页可读附件或已独立复核。下面5份必要CSV正文完整内联。

CORE_NATIVE_PATH_AND_COMPARISON_AUDIT_JSON
{
  "case": "R1_PDMS_DEPTH_X2_50US",
  "job": "ITOL01_PDR1_V1",
  "decision_id": "ITOL01-PRO-PDMS-DEPTH2X-EXEC-20260930-01",
  "source_git_commit": "UNCOMMITTED",
  "classification": "PDMS_DEPTH_SENSITIVITY_OBSERVED_NOT_RESOLVED",
  "classification_rule": "Conservative descriptive classification; no new force agreement gate; AE absolute and own-E* shown separately; geometry or missing mandatory comparisons means partial/inconclusive.",
  "R1_scientific_gate": false,
  "old_FL1_FL2_gates_false_retained": true,
  "actual_native_analysis": {
    "case": "R1",
    "status": "NATIVE_COMPLETED_REQUIRES_PATH_QUALIFICATION",
    "checks": {
      "exit_zero": true,
      "native_completed": true,
      "no_native_errors": true,
      "target_time": true,
      "field4000": true,
      "frozen_input": true,
      "double_and4domains": true
    },
    "input_sha256": "8e8405152be773653f956df64fafe06d80ba7b9c5b75fe83ec7e2c719215fdf3",
    "last_progress_row": [
      "8505442",
      "5.000E-05",
      "5.000E-05",
      "06:09:21",
      "5.372E-12",
      "50991",
      "3.435E-09",
      "-1.483E-08"
    ],
    "error_lines": {
      "console.log": [],
      "ITOL01_PDR1_V1.dat": [],
      "ITOL01_PDR1_V1.msg": [],
      "ITOL01_PDR1_V1.sta": [],
      "native_exit_code.txt": []
    },
    "warning_first_lines": {
      "console.log": [
        "***WARNING: There are 2 warning messages in the data (.dat) file.  Please",
        "***WARNING: THE ANALYSIS NEEDS AN EXTREMELY LARGE NUMBER OF INCREMENTS (MORE"
      ],
      "ITOL01_PDR1_V1.dat": [
        "***WARNING: D1 FOR HYPERELASTIC MATERIAL IS TOO SMALL. THIS LEADS TO A VERY ",
        "***WARNING: THE OPTION *BOUNDARY,TYPE=DISPLACEMENT HAS BEEN USED; CHECK STATUS "
      ],
      "ITOL01_PDR1_V1.msg": [],
      "ITOL01_PDR1_V1.sta": [
        "***WARNING: There are 2 warning messages in the data (.dat) file.  Please",
        "***WARNING: THE ANALYSIS NEEDS AN EXTREMELY LARGE NUMBER OF INCREMENTS (MORE"
      ],
      "native_exit_code.txt": []
    },
    "physical_path_qualified": false,
    "ODB_opened": false
  },
  "extraction_expectation": {
    "package_id": "ITO_FLAT_BILAYER_PDMS_DEPTH_REFINEMENT_V1",
    "job": "ITOL01_PDR1_V1",
    "duration_s": 5e-05,
    "expected_frame_count": 4001,
    "final_increment": 8505442,
    "input_sha256": "8e8405152be773653f956df64fafe06d80ba7b9c5b75fe83ec7e2c719215fdf3",
    "native_audit_status": "NATIVE_COMPLETED_REQUIRES_PATH_QUALIFICATION",
    "native_audit_sha256": "20ff074f0228dbf005943d4190582c77e6e324ec2ff66491af4000b6beadf0ba",
    "source_sha256": "7328373d2866693c0ab9cf4ef595c188f6028f034044356596e8e0236b762e50",
    "source_bytes": 13903728444,
    "mesh_reference_sha256": "4fd22b39d78b091469fea82a151e7a7aa11035ad79342e6a3704fd04a11030a8",
    "decision_id": "ITOL01-PRO-PDMS-DEPTH2X-EXEC-20260930-01",
    "extraction_preflight_sha256": "4b969f40387babfe9699b6644318cddb29ccdd5884f5f62efd132ea83e4c6d10"
  },
  "wrapper_completion": {
    "raw_exit_code": 0,
    "composite_exit": 0,
    "status": "REMOTE_EXPORT_COMPLETE",
    "checks": {
      "raw_exit_zero": true,
      "failure_record_absent": true,
      "manifest_and_completion_valid": true,
      "native_end_identity_valid": true,
      "remote_packaging_receipt_valid": true
    },
    "first_completion_error": null
  },
  "verified_transport": {
    "case": "R1",
    "package_id": "ITO_FLAT_BILAYER_PDMS_DEPTH_REFINEMENT_V1",
    "job": "ITOL01_PDR1_V1",
    "status": "TRANSPORT_ALL_BLOCK_HASHES_AND_SOURCE_IDENTITY_PASS",
    "archive_sha256": "684dcc36ccf2a13fa8beaccb534e2d0fd4c5eff4cb5ae471ec580a54f4402787",
    "archive_bytes": 13955112960,
    "part_count": 104,
    "manifest_sha256": "d4dfbf087def5b6d45f1bcf0028fe91bdcf11b9f3dc97246e5ad0bd7501f38d0",
    "ODB_sha256_before_and_after": "7328373d2866693c0ab9cf4ef595c188f6028f034044356596e8e0236b762e50",
    "source_bytes": 13903728444,
    "native_expectation_sha256": "627a1807af9e7ea1e2371fc4ac5df46a659b468b7c7412b1a06adb871949d85f",
    "mesh_reference_sha256": "4fd22b39d78b091469fea82a151e7a7aa11035ad79342e6a3704fd04a11030a8",
    "verified_blocks": 4004,
    "frame_count": 4001,
    "local_verified_directory": "E:\\open\\ITO-LOCAL-01\\ITO_FLAT_BILAYER_PDMS_DEPTH_REFINEMENT_V1\\cases\\R1\\extract_attempt01\\export_R1",
    "time_representation_audit": {
      "pass": true,
      "rule_A": false,
      "rule_B": true,
      "native_time_s": 4.999999873689376e-05,
      "contract_duration_s": 5e-05,
      "q32_target_s": 4.999999873689376e-05,
      "abs_error_s": 1.2631062442183295e-12,
      "ulp32_s": 3.637978807091713e-12,
      "ulp64_s": 6.776263578034403e-21,
      "raw_native_time_unchanged": true
    },
    "at_utc": "2026-09-30T23:40:34.127703+00:00",
    "actual_ODB_API_calls": 0,
    "storage_binding_sha256": "faba594e5507874877ec09fab56e12d13075195514a3e2efcc8e318529cf69fa",
    "storage_paths": {
      "parts": "E:\\open\\ITO-LOCAL-01\\ITO_FLAT_BILAYER_PDMS_DEPTH_REFINEMENT_V1\\cases\\R1\\extract_attempt01\\transport\\parts",
      "archive": "E:\\open\\ITO-LOCAL-01\\ITO_FLAT_BILAYER_PDMS_DEPTH_REFINEMENT_V1\\cases\\R1\\extract_attempt01\\transport\\export.tar",
      "export": "E:\\open\\ITO-LOCAL-01\\ITO_FLAT_BILAYER_PDMS_DEPTH_REFINEMENT_V1\\cases\\R1\\extract_attempt01\\export_R1",
      "derived": "E:\\open\\ITO-LOCAL-01\\ITO_FLAT_BILAYER_PDMS_DEPTH_REFINEMENT_V1\\cases\\R1\\extract_attempt01\\derived",
      "figures": "E:\\open\\ITO-LOCAL-01\\ITO_FLAT_BILAYER_PDMS_DEPTH_REFINEMENT_V1\\cases\\R1\\extract_attempt01\\figures",
      "tmp": "E:\\open\\ITO-LOCAL-01\\ITO_FLAT_BILAYER_PDMS_DEPTH_REFINEMENT_V1\\cases\\R1\\extract_attempt01\\tmp"
    },
    "space_checks": [
      {
        "stage": "assemble",
        "free_bytes": 1264473284608,
        "required_bytes": 51529461545
      },
      {
        "stage": "extract",
        "free_bytes": 1250518167552,
        "required_bytes": 37574348585
      }
    ],
    "npz_crc_and_member_checks": "ALL_ARRAY_MEMBERS_DECODED_ALLOW_PICKLE_FALSE",
    "verified_npz_count": 4003,
    "decoded_array_count": 148467
  },
  "core_geometry_checks": {
    "native_mesh_identity": true,
    "core_fields_available_all_active": true,
    "initial_intact_zero_cracks": true,
    "field_BC_residual": true,
    "positive_active_Jacobians": true,
    "no_nonlocal_overlap": true,
    "deletion_monotonic": true,
    "initial_zero_U_S_LE": true,
    "complete_native_field_frame_sequence": true,
    "no_unexplained_overstress_without_native_cracking": true
  },
  "valid_prefix": {
    "first_invalid_frame": null,
    "last_valid_prefix_frame": 4000
  },
  "energy": {
    "E0_N_mm": 7.5e-07,
    "Estar_N_mm": 1.3448725912222132e-06,
    "two_end_BC_normalized_residual": 9.204697564596e-08,
    "ratios_dimensionless": {
      "boundary_work_vs_ALLWK": 0.00010450493570342287,
      "ETOTAL_drift": 0.011029400383375947,
      "ALLAE": 0.10325393327019002,
      "ALLDC": 0.0,
      "ALLVD": 0.031479478398734995
    },
    "precrack_engaged_KE_ratio_max": 1.0473869595587351e-05,
    "full_path_KE_ratio_max": 0.13715091485456488,
    "KE_peak_time_s": 1.3515004866349045e-05,
    "region_energy_native": {
      "ITO": {
        "ALLIE": {
          "max_abs": 9.557440989738097e-07,
          "end": 7.78635524056881e-07
        },
        "ALLSE": {
          "max_abs": 9.472472584093339e-07,
          "end": 7.310465011123313e-10
        },
        "ALLKE": {
          "max_abs": 9.109811571761384e-08,
          "end": 1.8155758146898293e-11
        },
        "ALLAE": {
          "max_abs": 2.441005453324152e-10,
          "end": 2.441005453324152e-10
        },
        "ALLVD": {
          "max_abs": 3.230921663543995e-08,
          "end": 3.230921663543995e-08
        },
        "ALLDMD": {
          "max_abs": 7.778649546708039e-07,
          "end": 7.776603752063238e-07
        },
        "KE_IE_ratio_max": {
          "full_path": 0.11231054605498708,
          "precrack_engaged": 2.353592770934312e-06
        }
      },
      "PDMS": {
        "ALLIE": {
          "max_abs": 3.067785598886985e-07,
          "end": 3.0530125627592497e-07
        },
        "ALLSE": {
          "max_abs": 1.6844414574279654e-07,
          "end": 1.6670506397531426e-07
        },
        "ALLKE": {
          "max_abs": 1.1205835193095481e-07,
          "end": 3.417002680805581e-09
        },
        "ALLAE": {
          "max_abs": 1.3861931336123234e-07,
          "end": 1.385961923006107e-07
        },
        "ALLVD": {
          "max_abs": 1.0026671048990465e-08,
          "end": 1.0026671048990465e-08
        },
        "ALLDMD": {
          "max_abs": 0.0,
          "end": 0.0
        },
        "ALLDC": {
          "max_abs": 0.0,
          "end": 0.0
        },
        "KE_IE_ratio_max": {
          "full_path": 2.621424731745799,
          "precrack_engaged": 0.000582216313644209
        }
      }
    },
    "missing_auxiliary_histories": [
      "ITO:ALLDC"
    ],
    "checks": {
      "two_end_history_BC_residual_le_1e_minus_6": true,
      "boundary_work_le_1pct": true,
      "ETOTAL_drift_le_1pct": false,
      "precrack_engaged_KE_le_5pct": true,
      "ALLAE_le_5pct": false,
      "ALLDC_le_5pct": true,
      "ALLVD_le_5pct": true
    },
    "evidence_complete_finite": false,
    "macro_strain_source": "Mean native right U1 minus mean native left U1, divided by 0.020 mm",
    "signed_two_end_final_work_N_mm": 1.1444987543368976e-06,
    "ALLWK_end_N_mm": 1.1445408745203167e-06,
    "history_region_names": [
      "Assembly ASSEMBLY",
      "ElementSet STRIP-1.ITO",
      "ElementSet STRIP-1.PDMS"
    ]
  },
  "events": {
    "global_first_crack": {
      "time_bracket_s": [
        1.3212501471571159e-05,
        1.3225006114225835e-05
      ],
      "macro_strain_bracket": [
        0.0023822427619997906,
        0.0023879182714846886
      ],
      "last_frame": 1057,
      "observed_frame": 1058,
      "native_observed_point_count": 2048,
      "native_element_labels": [
        24577,
        24578,
        24579,
        24580,
        24581,
        24582,
        24583,
        24584,
        24585,
        24586,
        24587,
        24588,
        24589,
        24590,
        24591,
        24592,
        24593,
        24594,
        24595,
        24596,
        24597,
        24598,
        24599,
        24600,
        24601,
        24602,
        24603,
        24604,
        24605,
        24606,
        24607,
        24608,
        24609,
        24610,
        24611,
        24612,
        24613,
        24614,
        24615,
        24616,
        24617,
        24618,
        24619,
        24620,
        24621,
        24622,
        24623,
        24624,
        24625,
        24626,
        24627,
        24628,
        24629,
        24630,
        24631,
        24632,
        24633,
        24634,
        24635,
        24636,
        24637,
        24638,
        24639,
        24640,
        24641,
        24642,
        24643,
        24644,
        24645,
        24646,
        24647,
        24648,
        24649,
        24650,
        24651,
        24652,
        24653,
        24654,
        24655,
        24656,
        24657,
        24658,
        24659,
        24660,
        24661,
        24662,
        24663,
        24664,
        24665,
        24666,
        24667,
        24668,
        24669,
        24670,
        24671,
        24672,
        24673,
        24674,
        24675,
        24676,
        24677,
        24678,
        24679,
        24680,
        24681,
        24682,
        24683,
        24684,
        24685,
        24686,
        24687,
        24688,
        24689,
        24690,
        24691,
        24692,
        24693,
        24694,
        24695,
        24696,
        24697,
        24698,
        24699,
        24700,
        24701,
        24702,
        24703,
        24704,
        24705,
        24706,
        24707,
        24708,
        24709,
        24710,
        24711,
        24712,
        24713,
        24714,
        24715,
        24716,
        24717,
        24718,
        24719,
        24720,
        24721,
        24722,
        24723,
        24724,
        24725,
        24726,
        24727,
        24728,
        24729,
        24730,
        24731,
        24732,
        24733,
        24734,
        24735,
        24736,
        24737,
        24738,
        24739,
        24740,
        24741,
        24742,
        24743,
        24744,
        24745,
        24746,
        24747,
        24748,
        24749,
        24750,
        24751,
        24752,
        24753,
        24754,
        24755,
        24756,
        24757,
        24758,
        24759,
        24760,
        24761,
        24762,
        24763,
        24764,
        24765,
        24766,
        24767,
        24768,
        24769,
        24770,
        24771,
        24772,
        24773,
        24774,
        24775,
        24776,
        24777,
        24778,
        24779,
        24780,
        24781,
        24782,
        24783,
        24784,
        24785,
        24786,
        24787,
        24788,
        24789,
        24790,
        24791,
        24792,
        24793,
        24794,
        24795,
        24796,
        24797,
        24798,
        24799,
        24800,
        24801,
        24802,
        24803,
        24804,
        24805,
        24806,
        24807,
        24808,
        24809,
        24810,
        24811,
        24812,
        24813,
        24814,
        24815,
        24816,
        24817,
        24818,
        24819,
        24820,
        24821,
        24822,
        24823,
        24824,
        24825,
        24826,
        24827,
        24828,
        24829,
        24830,
        24831,
        24832,
        24833,
        24834,
        24835,
        24836,
        24837,
        24838,
        24839,
        24840,
        24841,
        24842,
        24843,
        24844,
        24845,
        24846,
        24847,
        24848,
        24849,
        24850,
        24851,
        24852,
        24853,
        24854,
        24855,
        24856,
        24857,
        24858,
        24859,
        24860,
        24861,
        24862,
        24863,
        24864,
        24865,
        24866,
        24867,
        24868,
        24869,
        24870,
        24871,
        24872,
        24873,
        24874,
        24875,
        24876,
        24877,
        24878,
        24879,
        24880,
        24881,
        24882,
        24883,
        24884,
        24885,
        24886,
        24887,
        24888,
        24889,
        24890,
        24891,
        24892,
        24893,
        24894,
        24895,
        24896,
        24897,
        24898,
        24899,
        24900,
        24901,
        24902,
        24903,
        24904,
        24905,
        24906,
        24907,
        24908,
        24909,
        24910,
        24911,
        24912,
        24913,
        24914,
        24915,
        24916,
        24917,
        24918,
        24919,
        24920,
        24921,
        24922,
        24923,
        24924,
        24925,
        24926,
        24927,
        24928,
        24929,
        24930,
        24931,
        24932,
        24933,
        24934,
        24935,
        24936,
        24937,
        24938,
        24939,
        24940,
        24941,
        24942,
        24943,
        24944,
        24945,
        24946,
        24947,
        24948,
        24949,
        24950,
        24951,
        24952,
        24953,
        24954,
        24955,
        24956,
        24957,
        24958,
        24959,
        24960,
        24961,
        24962,
        24963,
        24964,
        24965,
        24966,
        24967,
        24968,
        24969,
        24970,
        24971,
        24972,
        24973,
        24974,
        24975,
        24976,
        24977,
        24978,
        24979,
        24980,
        24981,
        24982,
        24983,
        24984,
        24985,
        24986,
        24987,
        24988,
        24989,
        24990,
        24991,
        24992,
        24993,
        24994,
        24995,
        24996,
        24997,
        24998,
        24999,
        25000,
        25001,
        25002,
        25003,
        25004,
        25005,
        25006,
        25007,
        25008,
        25009,
        25010,
        25011,
        25012,
        25013,
        25014,
        25015,
        25016,
        25017,
        25018,
        25019,
        25020,
        25021,
        25022,
        25023,
        25024,
        25025,
        25026,
        25027,
        25028,
        25029,
        25030,
        25031,
        25032,
        25033,
        25034,
        25035,
        25036,
        25037,
        25038,
        25039,
        25040,
        25041,
        25042,
        25043,
        25044,
        25045,
        25046,
        25047,
        25048,
        25049,
        25050,
        25051,
        25052,
        25053,
        25054,
        25055,
        25056,
        25057,
        25058,
        25059,
        25060,
        25061,
        25062,
        25063,
        25064,
        25065,
        25066,
        25067,
        25068,
        25069,
        25070,
        25071,
        25072,
        25073,
        25074,
        25075,
        25076,
        25077,
        25078,
        25079,
        25080,
        25081,
        25082,
        25083,
        25084,
        25085,
        25086,
        25087,
        25088,
        25089,
        25090,
        25091,
        25092,
        25093,
        25094,
        25095,
        25096,
        25097,
        25098,
        25099,
        25100,
        25101,
        25102,
        25103,
        25104,
        25105,
        25106,
        25107,
        25108,
        25109,
        25110,
        25111,
        25112,
        25113,
        25114,
        25115,
        25116,
        25117,
        25118,
        25119,
        25120,
        25121,
        25122,
        25123,
        25124,
        25125,
        25126,
        25127,
        25128,
        25129,
        25130,
        25131,
        25132,
        25133,
        25134,
        25135,
        25136,
        25137,
        25138,
        25139,
        25140,
        25141,
        25142,
        25143,
        25144,
        25145,
        25146,
        25147,
        25148,
        25149,
        25150,
        25151,
        25152,
        25153,
        25154,
        25155,
        25156,
        25157,
        25158,
        25159,
        25160,
        25161,
        25162,
        25163,
        25164,
        25165,
        25166,
        25167,
        25168,
        25169,
        25170,
        25171,
        25172,
        25173,
        25174,
        25175,
        25176,
        25177,
        25178,
        25179,
        25180,
        25181,
        25182,
        25183,
        25184,
        25185,
        25186,
        25187,
        25188,
        25189,
        25190,
        25191,
        25192,
        25193,
        25194,
        25195,
        25196,
        25197,
        25198,
        25199,
        25200,
        25201,
        25202,
        25203,
        25204,
        25205,
        25206,
        25207,
        25208,
        25209,
        25210,
        25211,
        25212,
        25213,
        25214,
        25215,
        25216,
        25217,
        25218,
        25219,
        25220,
        25221,
        25222,
        25223,
        25224,
        25225,
        25226,
        25227,
        25228,
        25229,
        25230,
        25231,
        25232,
        25233,
        25234,
        25235,
        25236,
        25237,
        25238,
        25239,
        25240,
        25241,
        25242,
        25243,
        25244,
        25245,
        25246,
        25247,
        25248,
        25249,
        25250,
        25251,
        25252,
        25253,
        25254,
        25255,
        25256,
        25257,
        25258,
        25259,
        25260,
        25261,
        25262,
        25263,
        25264,
        25265,
        25266,
        25267,
        25268,
        25269,
        25270,
        25271,
        25272,
        25273,
        25274,
        25275,
        25276,
        25277,
        25278,
        25279,
        25280,
        25281,
        25282,
        25283,
        25284,
        25285,
        25286,
        25287,
        25288,
        25289,
        25290,
        25291,
        25292,
        25293,
        25294,
        25295,
        25296,
        25297,
        25298,
        25299,
        25300,
        25301,
        25302,
        25303,
        25304,
        25305,
        25306,
        25307,
        25308,
        25309,
        25310,
        25311,
        25312,
        25313,
        25314,
        25315,
        25316,
        25317,
        25318,
        25319,
        25320,
        25321,
        25322,
        25323,
        25324,
        25325,
        25326,
        25327,
        25328,
        25329,
        25330,
        25331,
        25332,
        25333,
        25334,
        25335,
        25336,
        25337,
        25338,
        25339,
        25340,
        25341,
        25342,
        25343,
        25344,
        25345,
        25346,
        25347,
        25348,
        25349,
        25350,
        25351,
        25352,
        25353,
        25354,
        25355,
        25356,
        25357,
        25358,
        25359,
        25360,
        25361,
        25362,
        25363,
        25364,
        25365,
        25366,
        25367,
        25368,
        25369,
        25370,
        25371,
        25372,
        25373,
        25374,
        25375,
        25376,
        25377,
        25378,
        25379,
        25380,
        25381,
        25382,
        25383,
        25384,
        25385,
        25386,
        25387,
        25388,
        25389,
        25390,
        25391,
        25392,
        25393,
        25394,
        25395,
        25396,
        25397,
        25398,
        25399,
        25400,
        25401,
        25402,
        25403,
        25404,
        25405,
        25406,
        25407,
        25408,
        25409,
        25410,
        25411,
        25412,
        25413,
        25414,
        25415,
        25416,
        25417,
        25418,
        25419,
        25420,
        25421,
        25422,
        25423,
        25424,
        25425,
        25426,
        25427,
        25428,
        25429,
        25430,
        25431,
        25432,
        25433,
        25434,
        25435,
        25436,
        25437,
        25438,
        25439,
        25440,
        25441,
        25442,
        25443,
        25444,
        25445,
        25446,
        25447,
        25448,
        25449,
        25450,
        25451,
        25452,
        25453,
        25454,
        25455,
        25456,
        25457,
        25458,
        25459,
        25460,
        25461,
        25462,
        25463,
        25464,
        25465,
        25466,
        25467,
        25468,
        25469,
        25470,
        25471,
        25472,
        25473,
        25474,
        25475,
        25476,
        25477,
        25478,
        25479,
        25480,
        25481,
        25482,
        25483,
        25484,
        25485,
        25486,
        25487,
        25488,
        25489,
        25490,
        25491,
        25492,
        25493,
        25494,
        25495,
        25496,
        25497,
        25498,
        25499,
        25500,
        25501,
        25502,
        25503,
        25504,
        25505,
        25506,
        25507,
        25508,
        25509,
        25510,
        25511,
        25512,
        25513,
        25514,
        25515,
        25516,
        25517,
        25518,
        25519,
        25520,
        25521,
        25522,
        25523,
        25524,
        25525,
        25526,
        25527,
        25528,
        25529,
        25530,
        25531,
        25532,
        25533,
        25534,
        25535,
        25536,
        25537,
        25538,
        25539,
        25540,
        25541,
        25542,
        25543,
        25544,
        25545,
        25546,
        25547,
        25548,
        25549,
        25550,
        25551,
        25552,
        25553,
        25554,
        25555,
        25556,
        25557,
        25558,
        25559,
        25560,
        25561,
        25562,
        25563,
        25564,
        25565,
        25566,
        25567,
        25568,
        25569,
        25570,
        25571,
        25572,
        25573,
        25574,
        25575,
        25576,
        25577,
        25578,
        25579,
        25580,
        25581,
        25582,
        25583,
        25584,
        25585,
        25586,
        25587,
        25588,
        25589,
        25590,
        25591,
        25592,
        25593,
        25594,
        25595,
        25596,
        25597,
        25598,
        25599,
        25600,
        25601,
        25602,
        25603,
        25604,
        25605,
        25606,
        25607,
        25608,
        25609,
        25610,
        25611,
        25612,
        25613,
        25614,
        25615,
        25616,
        25617,
        25618,
        25619,
        25620,
        25621,
        25622,
        25623,
        25624,
        25625,
        25626,
        25627,
        25628,
        25629,
        25630,
        25631,
        25632,
        25633,
        25634,
        25635,
        25636,
        25637,
        25638,
        25639,
        25640,
        25641,
        25642,
        25643,
        25644,
        25645,
        25646,
        25647,
        25648,
        25649,
        25650,
        25651,
        25652,
        25653,
        25654,
        25655,
        25656,
        25657,
        25658,
        25659,
        25660,
        25661,
        25662,
        25663,
        25664,
        25665,
        25666,
        25667,
        25668,
        25669,
        25670,
        25671,
        25672,
        25673,
        25674,
        25675,
        25676,
        25677,
        25678,
        25679,
        25680,
        25681,
        25682,
        25683,
        25684,
        25685,
        25686,
        25687,
        25688,
        25689,
        25690,
        25691,
        25692,
        25693,
        25694,
        25695,
        25696,
        25697,
        25698,
        25699,
        25700,
        25701,
        25702,
        25703,
        25704,
        25705,
        25706,
        25707,
        25708,
        25709,
        25710,
        25711,
        25712,
        25713,
        25714,
        25715,
        25716,
        25717,
        25718,
        25719,
        25720,
        25721,
        25722,
        25723,
        25724,
        25725,
        25726,
        25727,
        25728,
        25729,
        25730,
        25731,
        25732,
        25733,
        25734,
        25735,
        25736,
        25737,
        25738,
        25739,
        25740,
        25741,
        25742,
        25743,
        25744,
        25745,
        25746,
        25747,
        25748,
        25749,
        25750,
        25751,
        25752,
        25753,
        25754,
        25755,
        25756,
        25757,
        25758,
        25759,
        25760,
        25761,
        25762,
        25763,
        25764,
        25765,
        25766,
        25767,
        25768,
        25769,
        25770,
        25771,
        25772,
        25773,
        25774,
        25775,
        25776,
        25777,
        25778,
        25779,
        25780,
        25781,
        25782,
        25783,
        25784,
        25785,
        25786,
        25787,
        25788,
        25789,
        25790,
        25791,
        25792,
        25793,
        25794,
        25795,
        25796,
        25797,
        25798,
        25799,
        25800,
        25801,
        25802,
        25803,
        25804,
        25805,
        25806,
        25807,
        25808,
        25809,
        25810,
        25811,
        25812,
        25813,
        25814,
        25815,
        25816,
        25817,
        25818,
        25819,
        25820,
        25821,
        25822,
        25823,
        25824,
        25825,
        25826,
        25827,
        25828,
        25829,
        25830,
        25831,
        25832,
        25833,
        25834,
        25835,
        25836,
        25837,
        25838,
        25839,
        25840,
        25841,
        25842,
        25843,
        25844,
        25845,
        25846,
        25847,
        25848,
        25849,
        25850,
        25851,
        25852,
        25853,
        25854,
        25855,
        25856,
        25857,
        25858,
        25859,
        25860,
        25861,
        25862,
        25863,
        25864,
        25865,
        25866,
        25867,
        25868,
        25869,
        25870,
        25871,
        25872,
        25873,
        25874,
        25875,
        25876,
        25877,
        25878,
        25879,
        25880,
        25881,
        25882,
        25883,
        25884,
        25885,
        25886,
        25887,
        25888,
        25889,
        25890,
        25891,
        25892,
        25893,
        25894,
        25895,
        25896,
        25897,
        25898,
        25899,
        25900,
        25901,
        25902,
        25903,
        25904,
        25905,
        25906,
        25907,
        25908,
        25909,
        25910,
        25911,
        25912,
        25913,
        25914,
        25915,
        25916,
        25917,
        25918,
        25919,
        25920,
        25921,
        25922,
        25923,
        25924,
        25925,
        25926,
        25927,
        25928,
        25929,
        25930,
        25931,
        25932,
        25933,
        25934,
        25935,
        25936,
        25937,
        25938,
        25939,
        25940,
        25941,
        25942,
        25943,
        25944,
        25945,
        25946,
        25947,
        25948,
        25949,
        25950,
        25951,
        25952,
        25953,
        25954,
        25955,
        25956,
        25957,
        25958,
        25959,
        25960,
        25961,
        25962,
        25963,
        25964,
        25965,
        25966,
        25967,
        25968,
        25969,
        25970,
        25971,
        25972,
        25973,
        25974,
        25975,
        25976,
        25977,
        25978,
        25979,
        25980,
        25981,
        25982,
        25983,
        25984,
        25985,
        25986,
        25987,
        25988,
        25989,
        25990,
        25991,
        25992,
        25993,
        25994,
        25995,
        25996,
        25997,
        25998,
        25999,
        26000,
        26001,
        26002,
        26003,
        26004,
        26005,
        26006,
        26007,
        26008,
        26009,
        26010,
        26011,
        26012,
        26013,
        26014,
        26015,
        26016,
        26017,
        26018,
        26019,
        26020,
        26021,
        26022,
        26023,
        26024,
        26025,
        26026,
        26027,
        26028,
        26029,
        26030,
        26031,
        26032,
        26033,
        26034,
        26035,
        26036,
        26037,
        26038,
        26039,
        26040,
        26041,
        26042,
        26043,
        26044,
        26045,
        26046,
        26047,
        26048,
        26049,
        26050,
        26051,
        26052,
        26053,
        26054,
        26055,
        26056,
        26057,
        26058,
        26059,
        26060,
        26061,
        26062,
        26063,
        26064,
        26065,
        26066,
        26067,
        26068,
        26069,
        26070,
        26071,
        26072,
        26073,
        26074,
        26075,
        26076,
        26077,
        26078,
        26079,
        26080,
        26081,
        26082,
        26083,
        26084,
        26085,
        26086,
        26087,
        26088,
        26089,
        26090,
        26091,
        26092,
        26093,
        26094,
        26095,
        26096,
        26097,
        26098,
        26099,
        26100,
        26101,
        26102,
        26103,
        26104,
        26105,
        26106,
        26107,
        26108,
        26109,
        26110,
        26111,
        26112,
        26113,
        26114,
        26115,
        26116,
        26117,
        26118,
        26119,
        26120,
        26121,
        26122,
        26123,
        26124,
        26125,
        26126,
        26127,
        26128,
        26129,
        26130,
        26131,
        26132,
        26133,
        26134,
        26135,
        26136,
        26137,
        26138,
        26139,
        26140,
        26141,
        26142,
        26143,
        26144,
        26145,
        26146,
        26147,
        26148,
        26149,
        26150,
        26151,
        26152,
        26153,
        26154,
        26155,
        26156,
        26157,
        26158,
        26159,
        26160,
        26161,
        26162,
        26163,
        26164,
        26165,
        26166,
        26167,
        26168,
        26169,
        26170,
        26171,
        26172,
        26173,
        26174,
        26175,
        26176,
        26177,
        26178,
        26179,
        26180,
        26181,
        26182,
        26183,
        26184,
        26185,
        26186,
        26187,
        26188,
        26189,
        26190,
        26191,
        26192,
        26193,
        26194,
        26195,
        26196,
        26197,
        26198,
        26199,
        26200,
        26201,
        26202,
        26203,
        26204,
        26205,
        26206,
        26207,
        26208,
        26209,
        26210,
        26211,
        26212,
        26213,
        26214,
        26215,
        26216,
        26217,
        26218,
        26219,
        26220,
        26221,
        26222,
        26223,
        26224,
        26225,
        26226,
        26227,
        26228,
        26229,
        26230,
        26231,
        26232,
        26233,
        26234,
        26235,
        26236,
        26237,
        26238,
        26239,
        26240,
        26241,
        26242,
        26243,
        26244,
        26245,
        26246,
        26247,
        26248,
        26249,
        26250,
        26251,
        26252,
        26253,
        26254,
        26255,
        26256,
        26257,
        26258,
        26259,
        26260,
        26261,
        26262,
        26263,
        26264,
        26265,
        26266,
        26267,
        26268,
        26269,
        26270,
        26271,
        26272,
        26273,
        26274,
        26275,
        26276,
        26277,
        26278,
        26279,
        26280,
        26281,
        26282,
        26283,
        26284,
        26285,
        26286,
        26287,
        26288,
        26289,
        26290,
        26291,
        26292,
        26293,
        26294,
        26295,
        26296,
        26297,
        26298,
        26299,
        26300,
        26301,
        26302,
        26303,
        26304,
        26305,
        26306,
        26307,
        26308,
        26309,
        26310,
        26311,
        26312,
        26313,
        26314,
        26315,
        26316,
        26317,
        26318,
        26319,
        26320,
        26321,
        26322,
        26323,
        26324,
        26325,
        26326,
        26327,
        26328,
        26329,
        26330,
        26331,
        26332,
        26333,
        26334,
        26335,
        26336,
        26337,
        26338,
        26339,
        26340,
        26341,
        26342,
        26343,
        26344,
        26345,
        26346,
        26347,
        26348,
        26349,
        26350,
        26351,
        26352,
        26353,
        26354,
        26355,
        26356,
        26357,
        26358,
        26359,
        26360,
        26361,
        26362,
        26363,
        26364,
        26365,
        26366,
        26367,
        26368,
        26369,
        26370,
        26371,
        26372,
        26373,
        26374,
        26375,
        26376,
        26377,
        26378,
        26379,
        26380,
        26381,
        26382,
        26383,
        26384,
        26385,
        26386,
        26387,
        26388,
        26389,
        26390,
        26391,
        26392,
        26393,
        26394,
        26395,
        26396,
        26397,
        26398,
        26399,
        26400,
        26401,
        26402,
        26403,
        26404,
        26405,
        26406,
        26407,
        26408,
        26409,
        26410,
        26411,
        26412,
        26413,
        26414,
        26415,
        26416,
        26417,
        26418,
        26419,
        26420,
        26421,
        26422,
        26423,
        26424,
        26425,
        26426,
        26427,
        26428,
        26429,
        26430,
        26431,
        26432,
        26433,
        26434,
        26435,
        26436,
        26437,
        26438,
        26439,
        26440,
        26441,
        26442,
        26443,
        26444,
        26445,
        26446,
        26447,
        26448,
        26449,
        26450,
        26451,
        26452,
        26453,
        26454,
        26455,
        26456,
        26457,
        26458,
        26459,
        26460,
        26461,
        26462,
        26463,
        26464,
        26465,
        26466,
        26467,
        26468,
        26469,
        26470,
        26471,
        26472,
        26473,
        26474,
        26475,
        26476,
        26477,
        26478,
        26479,
        26480,
        26481,
        26482,
        26483,
        26484,
        26485,
        26486,
        26487,
        26488,
        26489,
        26490,
        26491,
        26492,
        26493,
        26494,
        26495,
        26496,
        26497,
        26498,
        26499,
        26500,
        26501,
        26502,
        26503,
        26504,
        26505,
        26506,
        26507,
        26508,
        26509,
        26510,
        26511,
        26512,
        26513,
        26514,
        26515,
        26516,
        26517,
        26518,
        26519,
        26520,
        26521,
        26522,
        26523,
        26524,
        26525,
        26526,
        26527,
        26528,
        26529,
        26530,
        26531,
        26532,
        26533,
        26534,
        26535,
        26536,
        26537,
        26538,
        26539,
        26540,
        26541,
        26542,
        26543,
        26544,
        26545,
        26546,
        26547,
        26548,
        26549,
        26550,
        26551,
        26552,
        26553,
        26554,
        26555,
        26556,
        26557,
        26558,
        26559,
        26560,
        26561,
        26562,
        26563,
        26564,
        26565,
        26566,
        26567,
        26568,
        26569,
        26570,
        26571,
        26572,
        26573,
        26574,
        26575,
        26576,
        26577,
        26578,
        26579,
        26580,
        26581,
        26582,
        26583,
        26584,
        26585,
        26586,
        26587,
        26588,
        26589,
        26590,
        26591,
        26592,
        26593,
        26594,
        26595,
        26596,
        26597,
        26598,
        26599,
        26600,
        26601,
        26602,
        26603,
        26604,
        26605,
        26606,
        26607,
        26608,
        26609,
        26610,
        26611,
        26612,
        26613,
        26614,
        26615,
        26616,
        26617,
        26618,
        26619,
        26620,
        26621,
        26622,
        26623,
        26624
      ],
      "reference_coordinate_bounds_mm": [
        [
          1.953125e-05,
          0.01998046875
        ],
        [
          1.875e-05,
          0.00013125
        ]
      ],
      "current_coordinate_bounds_mm": [
        [
          -4.2967354429296164e-06,
          0.02000429667289258
        ],
        [
          7.086630414426817e-06,
          0.00011948805588137053
        ]
      ],
      "native_direction_state_vector_counts": {
        "[2.0,0.0,0.0]": 16,
        "[3.0,0.0,0.0]": 2032
      },
      "representative_native_points": [
        {
          "element_label": 24577,
          "reference_mm": [
            1.953125e-05,
            1.875e-05
          ],
          "current_mm": [
            -4.2967308017862305e-06,
            7.086931225552552e-06
          ],
          "thickness_layer_1to4": 1,
          "native_crack_direction_states": [
            2.0,
            0.0,
            0.0
          ],
          "S_maxPrincipal_before_MPa": 264.8636474609375,
          "active_at_observation": true,
          "S_maxPrincipal_first_observed_MPa": 264.9359741210966,
          "native_CKLE": [
            0.0002380448131589219,
            0.0,
            0.0,
            1.0703569107428645e-12
          ],
          "native_CKLS": [
            264.93597412109375,
            -0.0010462701320648193,
            71.53242492675781,
            3.645111428340897e-05
          ]
        },
        {
          "element_label": 25088,
          "reference_mm": [
            0.01998046875,
            1.875e-05
          ],
          "current_mm": [
            0.020004296668208823,
            7.086930777207942e-06
          ],
          "thickness_layer_1to4": 1,
          "native_crack_direction_states": [
            2.0,
            0.0,
            0.0
          ],
          "S_maxPrincipal_before_MPa": 264.8636474609375,
          "active_at_observation": true,
          "S_maxPrincipal_first_observed_MPa": 264.93508911133387,
          "native_CKLE": [
            0.0002412493049632758,
            0.0,
            0.0,
            -1.7733460099672582e-12
          ],
          "native_CKLS": [
            264.9350891113281,
            -0.0009352434426546097,
            71.5322265625,
            -5.9587393479887396e-05
          ]
        },
        {
          "element_label": 25089,
          "reference_mm": [
            1.953125e-05,
            5.625e-05
          ],
          "current_mm": [
            -4.296732236658591e-06,
            4.455393431626898e-05
          ],
          "thickness_layer_1to4": 2,
          "native_crack_direction_states": [
            2.0,
            0.0,
            0.0
          ],
          "S_maxPrincipal_before_MPa": 264.8636474609375,
          "active_at_observation": true,
          "S_maxPrincipal_first_observed_MPa": 264.9359741211347,
          "native_CKLE": [
            0.00023797168978489935,
            0.0,
            0.0,
            -6.756212343056456e-12
          ],
          "native_CKLS": [
            264.93597412109375,
            -0.0009468071511946619,
            71.53246307373047,
            -0.00023015438637230545
          ]
        },
        {
          "element_label": 25600,
          "reference_mm": [
            0.01998046875,
            5.625e-05
          ],
          "current_mm": [
            0.020004296669649202,
            4.4553934007868665e-05
          ],
          "thickness_layer_1to4": 2,
          "native_crack_direction_states": [
            2.0,
            0.0,
            0.0
          ],
          "S_maxPrincipal_before_MPa": 264.8636474609375,
          "active_at_observation": true,
          "S_maxPrincipal_first_observed_MPa": 264.93511962894746,
          "native_CKLE": [
            0.0002411758032394573,
            0.0,
            0.0,
            6.870403551628712e-12
          ],
          "native_CKLS": [
            264.93511962890625,
            -0.0008639884181320667,
            71.5322494506836,
            0.00023092757328413427
          ]
        },
        {
          "element_label": 25601,
          "reference_mm": [
            1.953125e-05,
            9.375e-05
          ],
          "current_mm": [
            -4.296733820142989e-06,
            8.20209374340866e-05
          ],
          "thickness_layer_1to4": 3,
          "native_crack_direction_states": [
            2.0,
            0.0,
            0.0
          ],
          "S_maxPrincipal_before_MPa": 264.8636779785156,
          "active_at_observation": true,
          "S_maxPrincipal_first_observed_MPa": 264.93600463867267,
          "native_CKLE": [
            0.00023789089755155146,
            0.0,
            0.0,
            1.8966136983416398e-13
          ],
          "native_CKLS": [
            264.9360046386719,
            -0.0008699175668880343,
            71.53248596191406,
            6.46312673779903e-06
          ]
        },
        {
          "element_label": 26112,
          "reference_mm": [
            0.01998046875,
            9.375e-05
          ],
          "current_mm": [
            0.02000429667124704,
            8.202093726113148e-05
          ],
          "thickness_layer_1to4": 3,
          "native_crack_direction_states": [
            2.0,
            0.0,
            0.0
          ],
          "S_maxPrincipal_before_MPa": 264.8636779785156,
          "active_at_observation": true,
          "S_maxPrincipal_first_observed_MPa": 264.93515014648517,
          "native_CKLE": [
            0.000241094283410348,
            0.0,
            0.0,
            -1.9880082822998357e-13
          ],
          "native_CKLS": [
            264.9351501464844,
            -0.0007855150033719838,
            71.53227996826172,
            -6.684346317342715e-06
          ]
        },
        {
          "element_label": 26113,
          "reference_mm": [
            1.953125e-05,
            0.00013125
          ],
          "current_mm": [
            -4.2967354429296164e-06,
            0.00011948794054335009
          ],
          "thickness_layer_1to4": 4,
          "native_crack_direction_states": [
            2.0,
            0.0,
            0.0
          ],
          "S_maxPrincipal_before_MPa": 264.86370849609375,
          "active_at_observation": true,
          "S_maxPrincipal_first_observed_MPa": 264.93603515626967,
          "native_CKLE": [
            0.000237807456869632,
            0.0,
            0.0,
            3.524446793440328e-12
          ],
          "native_CKLS": [
            264.93603515625,
            -0.0009812921052798629,
            71.53246307373047,
            0.00012014548701699823
          ]
        },
        {
          "element_label": 26624,
          "reference_mm": [
            0.01998046875,
            0.00013125
          ],
          "current_mm": [
            0.02000429667289258,
            0.00011948794051098397
          ],
          "thickness_layer_1to4": 4,
          "native_crack_direction_states": [
            2.0,
            0.0,
            0.0
          ],
          "S_maxPrincipal_before_MPa": 264.86370849609375,
          "active_at_observation": true,
          "S_maxPrincipal_first_observed_MPa": 264.9351806640777,
          "native_CKLE": [
            0.00024100976588670164,
            0.0,
            0.0,
            -3.047017933105467e-12
          ],
          "native_CKLS": [
            264.9351806640625,
            -0.0008677303558215499,
            71.53225708007812,
            -0.00010248690523440018
          ]
        }
      ],
      "point_delivery_scope": "ALL_NATIVE_LABELS_COUNTS_BOUNDS_AND_DIRECTION_STATES; RAW_POINT_VALUES_AT_LAYER_X_EXTREMES_OR_ALL_IF_ONE_PER_LAYER",
      "full_per_element_points_archived_in": "R1_NATIVE_AND_PATH_AUDIT.json; LOCAL_ONLY_NOT_A_WEB_ATTACHMENT"
    },
    "gauge_first_crack": {
      "time_bracket_s": [
        1.3212501471571159e-05,
        1.3225006114225835e-05
      ],
      "macro_strain_bracket": [
        0.0023822427619997906,
        0.0023879182714846886
      ],
      "last_frame": 1057,
      "observed_frame": 1058,
      "native_observed_point_count": 1232,
      "native_element_labels": [
        24679,
        24680,
        24681,
        24682,
        24683,
        24684,
        24685,
        24686,
        24687,
        24688,
        24689,
        24690,
        24691,
        24692,
        24693,
        24694,
        24695,
        24696,
        24697,
        24698,
        24699,
        24700,
        24701,
        24702,
        24703,
        24704,
        24705,
        24706,
        24707,
        24708,
        24709,
        24710,
        24711,
        24712,
        24713,
        24714,
        24715,
        24716,
        24717,
        24718,
        24719,
        24720,
        24721,
        24722,
        24723,
        24724,
        24725,
        24726,
        24727,
        24728,
        24729,
        24730,
        24731,
        24732,
        24733,
        24734,
        24735,
        24736,
        24737,
        24738,
        24739,
        24740,
        24741,
        24742,
        24743,
        24744,
        24745,
        24746,
        24747,
        24748,
        24749,
        24750,
        24751,
        24752,
        24753,
        24754,
        24755,
        24756,
        24757,
        24758,
        24759,
        24760,
        24761,
        24762,
        24763,
        24764,
        24765,
        24766,
        24767,
        24768,
        24769,
        24770,
        24771,
        24772,
        24773,
        24774,
        24775,
        24776,
        24777,
        24778,
        24779,
        24780,
        24781,
        24782,
        24783,
        24784,
        24785,
        24786,
        24787,
        24788,
        24789,
        24790,
        24791,
        24792,
        24793,
        24794,
        24795,
        24796,
        24797,
        24798,
        24799,
        24800,
        24801,
        24802,
        24803,
        24804,
        24805,
        24806,
        24807,
        24808,
        24809,
        24810,
        24811,
        24812,
        24813,
        24814,
        24815,
        24816,
        24817,
        24818,
        24819,
        24820,
        24821,
        24822,
        24823,
        24824,
        24825,
        24826,
        24827,
        24828,
        24829,
        24830,
        24831,
        24832,
        24833,
        24834,
        24835,
        24836,
        24837,
        24838,
        24839,
        24840,
        24841,
        24842,
        24843,
        24844,
        24845,
        24846,
        24847,
        24848,
        24849,
        24850,
        24851,
        24852,
        24853,
        24854,
        24855,
        24856,
        24857,
        24858,
        24859,
        24860,
        24861,
        24862,
        24863,
        24864,
        24865,
        24866,
        24867,
        24868,
        24869,
        24870,
        24871,
        24872,
        24873,
        24874,
        24875,
        24876,
        24877,
        24878,
        24879,
        24880,
        24881,
        24882,
        24883,
        24884,
        24885,
        24886,
        24887,
        24888,
        24889,
        24890,
        24891,
        24892,
        24893,
        24894,
        24895,
        24896,
        24897,
        24898,
        24899,
        24900,
        24901,
        24902,
        24903,
        24904,
        24905,
        24906,
        24907,
        24908,
        24909,
        24910,
        24911,
        24912,
        24913,
        24914,
        24915,
        24916,
        24917,
        24918,
        24919,
        24920,
        24921,
        24922,
        24923,
        24924,
        24925,
        24926,
        24927,
        24928,
        24929,
        24930,
        24931,
        24932,
        24933,
        24934,
        24935,
        24936,
        24937,
        24938,
        24939,
        24940,
        24941,
        24942,
        24943,
        24944,
        24945,
        24946,
        24947,
        24948,
        24949,
        24950,
        24951,
        24952,
        24953,
        24954,
        24955,
        24956,
        24957,
        24958,
        24959,
        24960,
        24961,
        24962,
        24963,
        24964,
        24965,
        24966,
        24967,
        24968,
        24969,
        24970,
        24971,
        24972,
        24973,
        24974,
        24975,
        24976,
        24977,
        24978,
        24979,
        24980,
        24981,
        24982,
        24983,
        24984,
        24985,
        24986,
        25191,
        25192,
        25193,
        25194,
        25195,
        25196,
        25197,
        25198,
        25199,
        25200,
        25201,
        25202,
        25203,
        25204,
        25205,
        25206,
        25207,
        25208,
        25209,
        25210,
        25211,
        25212,
        25213,
        25214,
        25215,
        25216,
        25217,
        25218,
        25219,
        25220,
        25221,
        25222,
        25223,
        25224,
        25225,
        25226,
        25227,
        25228,
        25229,
        25230,
        25231,
        25232,
        25233,
        25234,
        25235,
        25236,
        25237,
        25238,
        25239,
        25240,
        25241,
        25242,
        25243,
        25244,
        25245,
        25246,
        25247,
        25248,
        25249,
        25250,
        25251,
        25252,
        25253,
        25254,
        25255,
        25256,
        25257,
        25258,
        25259,
        25260,
        25261,
        25262,
        25263,
        25264,
        25265,
        25266,
        25267,
        25268,
        25269,
        25270,
        25271,
        25272,
        25273,
        25274,
        25275,
        25276,
        25277,
        25278,
        25279,
        25280,
        25281,
        25282,
        25283,
        25284,
        25285,
        25286,
        25287,
        25288,
        25289,
        25290,
        25291,
        25292,
        25293,
        25294,
        25295,
        25296,
        25297,
        25298,
        25299,
        25300,
        25301,
        25302,
        25303,
        25304,
        25305,
        25306,
        25307,
        25308,
        25309,
        25310,
        25311,
        25312,
        25313,
        25314,
        25315,
        25316,
        25317,
        25318,
        25319,
        25320,
        25321,
        25322,
        25323,
        25324,
        25325,
        25326,
        25327,
        25328,
        25329,
        25330,
        25331,
        25332,
        25333,
        25334,
        25335,
        25336,
        25337,
        25338,
        25339,
        25340,
        25341,
        25342,
        25343,
        25344,
        25345,
        25346,
        25347,
        25348,
        25349,
        25350,
        25351,
        25352,
        25353,
        25354,
        25355,
        25356,
        25357,
        25358,
        25359,
        25360,
        25361,
        25362,
        25363,
        25364,
        25365,
        25366,
        25367,
        25368,
        25369,
        25370,
        25371,
        25372,
        25373,
        25374,
        25375,
        25376,
        25377,
        25378,
        25379,
        25380,
        25381,
        25382,
        25383,
        25384,
        25385,
        25386,
        25387,
        25388,
        25389,
        25390,
        25391,
        25392,
        25393,
        25394,
        25395,
        25396,
        25397,
        25398,
        25399,
        25400,
        25401,
        25402,
        25403,
        25404,
        25405,
        25406,
        25407,
        25408,
        25409,
        25410,
        25411,
        25412,
        25413,
        25414,
        25415,
        25416,
        25417,
        25418,
        25419,
        25420,
        25421,
        25422,
        25423,
        25424,
        25425,
        25426,
        25427,
        25428,
        25429,
        25430,
        25431,
        25432,
        25433,
        25434,
        25435,
        25436,
        25437,
        25438,
        25439,
        25440,
        25441,
        25442,
        25443,
        25444,
        25445,
        25446,
        25447,
        25448,
        25449,
        25450,
        25451,
        25452,
        25453,
        25454,
        25455,
        25456,
        25457,
        25458,
        25459,
        25460,
        25461,
        25462,
        25463,
        25464,
        25465,
        25466,
        25467,
        25468,
        25469,
        25470,
        25471,
        25472,
        25473,
        25474,
        25475,
        25476,
        25477,
        25478,
        25479,
        25480,
        25481,
        25482,
        25483,
        25484,
        25485,
        25486,
        25487,
        25488,
        25489,
        25490,
        25491,
        25492,
        25493,
        25494,
        25495,
        25496,
        25497,
        25498,
        25703,
        25704,
        25705,
        25706,
        25707,
        25708,
        25709,
        25710,
        25711,
        25712,
        25713,
        25714,
        25715,
        25716,
        25717,
        25718,
        25719,
        25720,
        25721,
        25722,
        25723,
        25724,
        25725,
        25726,
        25727,
        25728,
        25729,
        25730,
        25731,
        25732,
        25733,
        25734,
        25735,
        25736,
        25737,
        25738,
        25739,
        25740,
        25741,
        25742,
        25743,
        25744,
        25745,
        25746,
        25747,
        25748,
        25749,
        25750,
        25751,
        25752,
        25753,
        25754,
        25755,
        25756,
        25757,
        25758,
        25759,
        25760,
        25761,
        25762,
        25763,
        25764,
        25765,
        25766,
        25767,
        25768,
        25769,
        25770,
        25771,
        25772,
        25773,
        25774,
        25775,
        25776,
        25777,
        25778,
        25779,
        25780,
        25781,
        25782,
        25783,
        25784,
        25785,
        25786,
        25787,
        25788,
        25789,
        25790,
        25791,
        25792,
        25793,
        25794,
        25795,
        25796,
        25797,
        25798,
        25799,
        25800,
        25801,
        25802,
        25803,
        25804,
        25805,
        25806,
        25807,
        25808,
        25809,
        25810,
        25811,
        25812,
        25813,
        25814,
        25815,
        25816,
        25817,
        25818,
        25819,
        25820,
        25821,
        25822,
        25823,
        25824,
        25825,
        25826,
        25827,
        25828,
        25829,
        25830,
        25831,
        25832,
        25833,
        25834,
        25835,
        25836,
        25837,
        25838,
        25839,
        25840,
        25841,
        25842,
        25843,
        25844,
        25845,
        25846,
        25847,
        25848,
        25849,
        25850,
        25851,
        25852,
        25853,
        25854,
        25855,
        25856,
        25857,
        25858,
        25859,
        25860,
        25861,
        25862,
        25863,
        25864,
        25865,
        25866,
        25867,
        25868,
        25869,
        25870,
        25871,
        25872,
        25873,
        25874,
        25875,
        25876,
        25877,
        25878,
        25879,
        25880,
        25881,
        25882,
        25883,
        25884,
        25885,
        25886,
        25887,
        25888,
        25889,
        25890,
        25891,
        25892,
        25893,
        25894,
        25895,
        25896,
        25897,
        25898,
        25899,
        25900,
        25901,
        25902,
        25903,
        25904,
        25905,
        25906,
        25907,
        25908,
        25909,
        25910,
        25911,
        25912,
        25913,
        25914,
        25915,
        25916,
        25917,
        25918,
        25919,
        25920,
        25921,
        25922,
        25923,
        25924,
        25925,
        25926,
        25927,
        25928,
        25929,
        25930,
        25931,
        25932,
        25933,
        25934,
        25935,
        25936,
        25937,
        25938,
        25939,
        25940,
        25941,
        25942,
        25943,
        25944,
        25945,
        25946,
        25947,
        25948,
        25949,
        25950,
        25951,
        25952,
        25953,
        25954,
        25955,
        25956,
        25957,
        25958,
        25959,
        25960,
        25961,
        25962,
        25963,
        25964,
        25965,
        25966,
        25967,
        25968,
        25969,
        25970,
        25971,
        25972,
        25973,
        25974,
        25975,
        25976,
        25977,
        25978,
        25979,
        25980,
        25981,
        25982,
        25983,
        25984,
        25985,
        25986,
        25987,
        25988,
        25989,
        25990,
        25991,
        25992,
        25993,
        25994,
        25995,
        25996,
        25997,
        25998,
        25999,
        26000,
        26001,
        26002,
        26003,
        26004,
        26005,
        26006,
        26007,
        26008,
        26009,
        26010,
        26215,
        26216,
        26217,
        26218,
        26219,
        26220,
        26221,
        26222,
        26223,
        26224,
        26225,
        26226,
        26227,
        26228,
        26229,
        26230,
        26231,
        26232,
        26233,
        26234,
        26235,
        26236,
        26237,
        26238,
        26239,
        26240,
        26241,
        26242,
        26243,
        26244,
        26245,
        26246,
        26247,
        26248,
        26249,
        26250,
        26251,
        26252,
        26253,
        26254,
        26255,
        26256,
        26257,
        26258,
        26259,
        26260,
        26261,
        26262,
        26263,
        26264,
        26265,
        26266,
        26267,
        26268,
        26269,
        26270,
        26271,
        26272,
        26273,
        26274,
        26275,
        26276,
        26277,
        26278,
        26279,
        26280,
        26281,
        26282,
        26283,
        26284,
        26285,
        26286,
        26287,
        26288,
        26289,
        26290,
        26291,
        26292,
        26293,
        26294,
        26295,
        26296,
        26297,
        26298,
        26299,
        26300,
        26301,
        26302,
        26303,
        26304,
        26305,
        26306,
        26307,
        26308,
        26309,
        26310,
        26311,
        26312,
        26313,
        26314,
        26315,
        26316,
        26317,
        26318,
        26319,
        26320,
        26321,
        26322,
        26323,
        26324,
        26325,
        26326,
        26327,
        26328,
        26329,
        26330,
        26331,
        26332,
        26333,
        26334,
        26335,
        26336,
        26337,
        26338,
        26339,
        26340,
        26341,
        26342,
        26343,
        26344,
        26345,
        26346,
        26347,
        26348,
        26349,
        26350,
        26351,
        26352,
        26353,
        26354,
        26355,
        26356,
        26357,
        26358,
        26359,
        26360,
        26361,
        26362,
        26363,
        26364,
        26365,
        26366,
        26367,
        26368,
        26369,
        26370,
        26371,
        26372,
        26373,
        26374,
        26375,
        26376,
        26377,
        26378,
        26379,
        26380,
        26381,
        26382,
        26383,
        26384,
        26385,
        26386,
        26387,
        26388,
        26389,
        26390,
        26391,
        26392,
        26393,
        26394,
        26395,
        26396,
        26397,
        26398,
        26399,
        26400,
        26401,
        26402,
        26403,
        26404,
        26405,
        26406,
        26407,
        26408,
        26409,
        26410,
        26411,
        26412,
        26413,
        26414,
        26415,
        26416,
        26417,
        26418,
        26419,
        26420,
        26421,
        26422,
        26423,
        26424,
        26425,
        26426,
        26427,
        26428,
        26429,
        26430,
        26431,
        26432,
        26433,
        26434,
        26435,
        26436,
        26437,
        26438,
        26439,
        26440,
        26441,
        26442,
        26443,
        26444,
        26445,
        26446,
        26447,
        26448,
        26449,
        26450,
        26451,
        26452,
        26453,
        26454,
        26455,
        26456,
        26457,
        26458,
        26459,
        26460,
        26461,
        26462,
        26463,
        26464,
        26465,
        26466,
        26467,
        26468,
        26469,
        26470,
        26471,
        26472,
        26473,
        26474,
        26475,
        26476,
        26477,
        26478,
        26479,
        26480,
        26481,
        26482,
        26483,
        26484,
        26485,
        26486,
        26487,
        26488,
        26489,
        26490,
        26491,
        26492,
        26493,
        26494,
        26495,
        26496,
        26497,
        26498,
        26499,
        26500,
        26501,
        26502,
        26503,
        26504,
        26505,
        26506,
        26507,
        26508,
        26509,
        26510,
        26511,
        26512,
        26513,
        26514,
        26515,
        26516,
        26517,
        26518,
        26519,
        26520,
        26521,
        26522
      ],
      "reference_coordinate_bounds_mm": [
        [
          0.00400390625,
          0.01599609375
        ],
        [
          1.875e-05,
          0.00013125
        ]
      ],
      "current_coordinate_bounds_mm": [
        [
          0.0039895862330466495,
          0.016010413788535845
        ],
        [
          7.086630414426817e-06,
          0.00011948798192662957
        ]
      ],
      "native_direction_state_vector_counts": {
        "[3.0,0.0,0.0]": 1224,
        "[2.0,0.0,0.0]": 8
      },
      "representative_native_points": [
        {
          "element_label": 24679,
          "reference_mm": [
            0.00400390625,
            1.875e-05
          ],
          "current_mm": [
            0.0039895862330466495,
            7.086951218621463e-06
          ],
          "thickness_layer_1to4": 1,
          "native_crack_direction_states": [
            3.0,
            0.0,
            0.0
          ],
          "S_maxPrincipal_before_MPa": 264.8635559082037,
          "active_at_observation": true,
          "S_maxPrincipal_first_observed_MPa": 264.8851623535251,
          "native_CKLE": [
            3.183107764925808e-05,
            0.0,
            0.0,
            -1.2550960704765801e-12
          ],
          "native_CKLS": [
            264.8851623535156,
            -3.940541864722036e-05,
            71.51898193359375,
            -7.72613420849666e-05
          ]
        },
        {
          "element_label": 24986,
          "reference_mm": [
            0.01599609375,
            1.875e-05
          ],
          "current_mm": [
            0.016010413788535845,
            7.086952479822418e-06
          ],
          "thickness_layer_1to4": 1,
          "native_crack_direction_states": [
            3.0,
            0.0,
            0.0
          ],
          "S_maxPrincipal_before_MPa": 264.8635559082037,
          "active_at_observation": true,
          "S_maxPrincipal_first_observed_MPa": 264.8845825195398,
          "native_CKLE": [
            2.085800952045247e-05,
            0.0,
            0.0,
            1.0776883942534288e-12
          ],
          "native_CKLS": [
            264.88458251953125,
            -3.3364034607075155e-05,
            71.51882934570312,
            7.237166573759168e-05
          ]
        },
        {
          "element_label": 25191,
          "reference_mm": [
            0.00400390625,
            5.625e-05
          ],
          "current_mm": [
            0.003989586234515096,
            4.455396095972246e-05
          ],
          "thickness_layer_1to4": 2,
          "native_crack_direction_states": [
            3.0,
            0.0,
            0.0
          ],
          "S_maxPrincipal_before_MPa": 264.86361694335994,
          "active_at_observation": true,
          "S_maxPrincipal_first_observed_MPa": 264.88507080078557,
          "native_CKLE": [
            3.1837345886742696e-05,
            0.0,
            0.0,
            -7.335232139575598e-13
          ],
          "native_CKLS": [
            264.88507080078125,
            -5.196775236981921e-05,
            71.51895904541016,
            -4.515215186984278e-05
          ]
        },
        {
          "element_label": 25498,
          "reference_mm": [
            0.01599609375,
            5.625e-05
          ],
          "current_mm": [
            0.01601041378708839,
            4.455396229369791e-05
          ],
          "thickness_layer_1to4": 2,
          "native_crack_direction_states": [
            3.0,
            0.0,
            0.0
          ],
          "S_maxPrincipal_before_MPa": 264.86361694335994,
          "active_at_observation": true,
          "S_maxPrincipal_first_observed_MPa": 264.88452148437784,
          "native_CKLE": [
            2.0864830730715767e-05,
            0.0,
            0.0,
            4.83359392008248e-13
          ],
          "native_CKLS": [
            264.884521484375,
            -5.430255987448618e-05,
            71.51880645751953,
            3.245794141548686e-05
          ]
        },
        {
          "element_label": 25703,
          "reference_mm": [
            0.00400390625,
            9.375e-05
          ],
          "current_mm": [
            0.003989586235953921,
            8.202097070670798e-05
          ],
          "thickness_layer_1to4": 3,
          "native_crack_direction_states": [
            3.0,
            0.0,
            0.0
          ],
          "S_maxPrincipal_before_MPa": 264.86367797851614,
          "active_at_observation": true,
          "S_maxPrincipal_first_observed_MPa": 264.8850402832055,
          "native_CKLE": [
            3.184031811542809e-05,
            0.0,
            0.0,
            -4.60260789984096e-13
          ],
          "native_CKLS": [
            264.8850402832031,
            -4.58668582723476e-05,
            71.51895141601562,
            -2.8330796340014786e-05
          ]
        },
        {
          "element_label": 26010,
          "reference_mm": [
            0.01599609375,
            9.375e-05
          ],
          "current_mm": [
            0.016010413785656805,
            8.202097210877112e-05
          ],
          "thickness_layer_1to4": 3,
          "native_crack_direction_states": [
            3.0,
            0.0,
            0.0
          ],
          "S_maxPrincipal_before_MPa": 264.86367797851614,
          "active_at_observation": true,
          "S_maxPrincipal_first_observed_MPa": 264.88449096680085,
          "native_CKLE": [
            2.086903441522736e-05,
            0.0,
            0.0,
            6.422922090021377e-13
          ],
          "native_CKLS": [
            264.8844909667969,
            -6.04904125793837e-05,
            71.518798828125,
            4.312889723223634e-05
          ]
        },
        {
          "element_label": 26215,
          "reference_mm": [
            0.00400390625,
            0.00013125
          ],
          "current_mm": [
            0.003989586237362457,
            0.00011948798045547862
          ],
          "thickness_layer_1to4": 4,
          "native_crack_direction_states": [
            3.0,
            0.0,
            0.0
          ],
          "S_maxPrincipal_before_MPa": 264.86373901367233,
          "active_at_observation": true,
          "S_maxPrincipal_first_observed_MPa": 264.8851318359377,
          "native_CKLE": [
            3.184030356351286e-05,
            0.0,
            0.0,
            9.882136206345801e-14
          ],
          "native_CKLS": [
            264.8851318359375,
            -1.889407394628506e-05,
            71.51898193359375,
            6.082829713704996e-06
          ]
        },
        {
          "element_label": 26522,
          "reference_mm": [
            0.01599609375,
            0.00013125
          ],
          "current_mm": [
            0.0160104137842374,
            0.00011948798192662957
          ],
          "thickness_layer_1to4": 4,
          "native_crack_direction_states": [
            3.0,
            0.0,
            0.0
          ],
          "S_maxPrincipal_before_MPa": 264.86373901367233,
          "active_at_observation": true,
          "S_maxPrincipal_first_observed_MPa": 264.8845520019533,
          "native_CKLE": [
            2.087041866616346e-05,
            0.0,
            0.0,
            -1.1178747136948372e-13
          ],
          "native_CKLS": [
            264.8845520019531,
            -2.595304795249831e-05,
            71.5188217163086,
            -7.506263955292525e-06
          ]
        }
      ],
      "point_delivery_scope": "ALL_NATIVE_LABELS_COUNTS_BOUNDS_AND_DIRECTION_STATES; RAW_POINT_VALUES_AT_LAYER_X_EXTREMES_OR_ALL_IF_ONE_PER_LAYER",
      "full_per_element_points_archived_in": "R1_NATIVE_AND_PATH_AUDIT.json; LOCAL_ONLY_NOT_A_WEB_ATTACHMENT"
    },
    "first_deletion": {
      "time_bracket_s": [
        1.3250003576104064e-05,
        1.3262505490274634e-05
      ],
      "macro_strain_bracket": [
        0.0023992847122015536,
        0.0024049796788102166
      ],
      "last_frame": 1060,
      "observed_frame": 1061,
      "native_observed_point_count": 4,
      "native_element_labels": [
        24879,
        25391,
        25903,
        26415
      ],
      "reference_coordinate_bounds_mm": [
        [
          0.011816406250000001,
          0.011816406250000001
        ],
        [
          1.875e-05,
          0.00013125
        ]
      ],
      "current_coordinate_bounds_mm": [
        [
          0.011820520888190127,
          0.01182052806018314
        ],
        [
          4.563317405648674e-06,
          0.00011706255287966864
        ]
      ],
      "native_direction_state_vector_counts": {
        "[0.0,0.0,0.0]": 4
      },
      "representative_native_points": [
        {
          "element_label": 24879,
          "reference_mm": [
            0.011816406250000001,
            1.875e-05
          ],
          "current_mm": [
            0.011820520888190127,
            4.563317405648674e-06
          ],
          "thickness_layer_1to4": 1,
          "native_crack_direction_states": [
            0.0,
            0.0,
            0.0
          ],
          "S_maxPrincipal_before_MPa": 28.596695150963203,
          "active_at_observation": false,
          "S_maxPrincipal_first_observed_MPa": null,
          "native_CKLE": [
            0.0,
            0.0,
            0.0,
            0.0
          ],
          "native_CKLS": [
            89779.15625,
            33200.23828125,
            33204.4375,
            -13.031693458557129
          ]
        },
        {
          "element_label": 25391,
          "reference_mm": [
            0.011816406250000001,
            5.625e-05
          ],
          "current_mm": [
            0.011820523309871949,
            4.2062697523794324e-05
          ],
          "thickness_layer_1to4": 2,
          "native_crack_direction_states": [
            0.0,
            0.0,
            0.0
          ],
          "S_maxPrincipal_before_MPa": 28.672691547349643,
          "active_at_observation": false,
          "S_maxPrincipal_first_observed_MPa": null,
          "native_CKLE": [
            0.0,
            0.0,
            0.0,
            0.0
          ],
          "native_CKLS": [
            89854.5078125,
            33230.68359375,
            33233.00390625,
            -12.870854377746582
          ]
        },
        {
          "element_label": 25903,
          "reference_mm": [
            0.011816406250000001,
            9.375e-05
          ],
          "current_mm": [
            0.01182052572859336,
            7.956273898260575e-05
          ],
          "thickness_layer_1to4": 3,
          "native_crack_direction_states": [
            0.0,
            0.0,
            0.0
          ],
          "S_maxPrincipal_before_MPa": 28.766582688424265,
          "active_at_observation": false,
          "S_maxPrincipal_first_observed_MPa": null,
          "native_CKLE": [
            0.0,
            0.0,
            0.0,
            0.0
          ],
          "native_CKLS": [
            89826.3046875,
            33218.62109375,
            33222.12890625,
            -12.919549942016602
          ]
        },
        {
          "element_label": 26415,
          "reference_mm": [
            0.011816406250000001,
            0.00013125
          ],
          "current_mm": [
            0.01182052806018314,
            0.00011706255287966864
          ],
          "thickness_layer_1to4": 4,
          "native_crack_direction_states": [
            0.0,
            0.0,
            0.0
          ],
          "S_maxPrincipal_before_MPa": 28.865431035461395,
          "active_at_observation": false,
          "S_maxPrincipal_first_observed_MPa": null,
          "native_CKLE": [
            0.0,
            0.0,
            0.0,
            0.0
          ],
          "native_CKLS": [
            89797.734375,
            33207.421875,
            33211.390625,
            -12.877264022827148
          ]
        }
      ],
      "point_delivery_scope": "ALL_NATIVE_LABELS_COUNTS_BOUNDS_AND_DIRECTION_STATES; RAW_POINT_VALUES_AT_LAYER_X_EXTREMES_OR_ALL_IF_ONE_PER_LAYER",
      "full_per_element_points_archived_in": "R1_NATIVE_AND_PATH_AUDIT.json; LOCAL_ONLY_NOT_A_WEB_ATTACHMENT"
    },
    "first_through_deletion_band": {
      "time_bracket_s": [
        1.3250003576104064e-05,
        1.3262505490274634e-05
      ],
      "macro_strain_bracket": [
        0.0023992847122015536,
        0.0024049796788102166
      ],
      "observed_frame": 1061,
      "bands": [
        {
          "reference_x_range_mm": [
            0.01181640625,
            0.01181640625
          ],
          "element_count": 4,
          "location": "GAUGE_OR_SPANNING"
        }
      ]
    }
  },
  "final": {
    "frame": 4000,
    "time_s": 4.999999873689376e-05,
    "macro_strain": 0.02000000000000147,
    "cumulative_cracked_reference_fraction": 0.9999999999999998,
    "native_crack_observed_reference_fraction": 0.9999999999999998,
    "deleted_reference_fraction": 0.001953125000000045,
    "active_cracked_reference_fraction": 0.9980468749999998,
    "active_cracked_components": 2,
    "deleted_components": 1,
    "through_deletion_components": 1,
    "min_active_Jacobian_mm2": 2.6494747763236734e-11,
    "overlap_area_mm2": 1.6940658945086007e-21,
    "field_BC_normalized_residual": 7.901123331988114e-14,
    "ITO_active_max_principal_MPa": 28.42222244702657,
    "ITO_active_CKLE_max_abs": 6.959788152016699e-05,
    "newly_deleted_without_previous_field_crack_evidence": 0,
    "newly_deleted_crack_onset_unresolved": 0
  },
  "same_strain_common_coverage": [
    0.0,
    0.019999999494757503
  ],
  "exact_duplicate_LAST_counts": {
    "R1": 94,
    "FL1": 94
  },
  "unavailable_comparison_quantities": [],
  "own_first_delete_columns_mm": {
    "R1": [
      0.011816406250000001
    ],
    "FL1": [
      0.00810546875
    ]
  },
  "fixed_near_halfwidth_mm": 0.0001171875,
  "original_parent_depth_groups": "ORIGINAL_48_LAYER_PARENT_RANK_1..12,13..24,25..36,37..48",
  "selected_R1_frames": [
    0,
    1057,
    1058,
    1060,
    1061,
    1081,
    1082,
    1389,
    1390,
    4000
  ],
  "scalar_metric_interpolation_only_no_new_native_fields": true,
  "skipped_outside_common_field_domain": [
    {
      "R1_frame": 4000,
      "actual_strain": 0.02000000000000147,
      "reason": "OUTSIDE_BASELINE_FIELD_COVERAGE_NO_EXTRAPOLATION"
    }
  ],
  "budget": {
    "package_id": "ITO_FLAT_BILAYER_PDMS_DEPTH_REFINEMENT_V1",
    "decision_id": "ITOL01-PRO-PDMS-DEPTH2X-EXEC-20260930-01",
    "status": "R1_EXTRACTION_WRAPPER_CREATED",
    "analysis": {
      "normal_max": 1,
      "normal_used": 1,
      "solver_started_reruns_max": 0,
      "solver_started_reruns_used": 0
    },
    "datacheck": {
      "normal_max": 1,
      "normal_used": 1,
      "technical_recovery_max": 1,
      "technical_recovery_used": 0,
      "total_max": 2
    },
    "new_ODB_extraction": {
      "normal_max": 1,
      "normal_used": 1,
      "technical_recovery_max": 1,
      "technical_recovery_used": 0,
      "total_max": 2
    },
    "prelaunch": {
      "technical_recovery_max": 1,
      "technical_recovery_used": 0
    },
    "old_ODB_opens": 0,
    "old_budget_transfer": 0,
    "additional_cases": 0,
    "attempt_events": [
      {
        "event": "RESERVED",
        "case": "R1",
        "stage": "datacheck",
        "input_sha256": "8e8405152be773653f956df64fafe06d80ba7b9c5b75fe83ec7e2c719215fdf3",
        "remote": "D:\\yyz\\ito_local_preconditioning\\ITO_FLAT_BILAYER_PDMS_DEPTH_REFINEMENT_V1\\cases\\R1\\datacheck_attempt01",
        "at_local_utc": "2026-09-30T13:13:01.7875776Z",
        "runner_source_sha256": "a81ed791739d23935eefbb2142b73121051adf9e6f7fb8c60eedf801d4eb1c98"
      },
      {
        "event": "WRAPPER_CREATED",
        "case": "R1",
        "stage": "datacheck",
        "pid": 43568,
        "at_local_utc": "2026-09-30T13:13:01.9588090Z"
      },
      {
        "event": "RESERVED",
        "case": "R1",
        "stage": "analysis",
        "input_sha256": "8e8405152be773653f956df64fafe06d80ba7b9c5b75fe83ec7e2c719215fdf3",
        "remote": "D:\\yyz\\ito_local_preconditioning\\ITO_FLAT_BILAYER_PDMS_DEPTH_REFINEMENT_V1\\cases\\R1\\analysis_attempt01",
        "at_local_utc": "2026-09-30T13:14:43.5583830Z",
        "runner_source_sha256": "a81ed791739d23935eefbb2142b73121051adf9e6f7fb8c60eedf801d4eb1c98"
      },
      {
        "event": "WRAPPER_CREATED",
        "case": "R1",
        "stage": "analysis",
        "pid": 48392,
        "at_local_utc": "2026-09-30T13:14:43.7503442Z"
      },
      {
        "event": "RESOURCE_ADMISSION_DENIED_NO_EXTRACTION_DISPATCH",
        "case": "R1",
        "stage": "new_ODB_extraction",
        "launcher_invocation": 1,
        "at_local_utc": "2026-09-30T19:37:33.657123+00:00",
        "normal_or_recovery_budget_consumed": false,
        "decision_id": "ITOL01-PRO-R1-CRITICAL-MEMORY-HOLD-20260930-01"
      },
      {
        "event": "RESERVED",
        "case": "R1",
        "stage": "new_ODB_extraction",
        "attempt": "extract_attempt01",
        "remote": "D:\\yyz\\ito_local_preconditioning\\ITO_FLAT_BILAYER_PDMS_DEPTH_REFINEMENT_V1\\cases\\R1\\extract_attempt01",
        "source_ODB_sha256": "7328373d2866693c0ab9cf4ef595c188f6028f034044356596e8e0236b762e50",
        "input_sha256": "8e8405152be773653f956df64fafe06d80ba7b9c5b75fe83ec7e2c719215fdf3",
        "extractor_sha256": "e8caf4b155f9bf2f27f63773026a9907e23cad9d5b88f0c162ecbc86a1245d30",
        "native_expectation_sha256": "627a1807af9e7ea1e2371fc4ac5df46a659b468b7c7412b1a06adb871949d85f",
        "at_local_utc": "2026-09-30T20:15:08.9806735Z"
      },
      {
        "event": "WRAPPER_CREATED",
        "case": "R1",
        "stage": "new_ODB_extraction",
        "pid": 42676,
        "at_local_utc": "2026-09-30T20:15:09.2512630Z"
      },
      {
        "event": "READONLY_MONITOR_CONNECTION_RESTORED_NO_NATIVE_DISPATCH",
        "case": "R1",
        "stage": "monitor_connection",
        "attempt": "extract_attempt01",
        "decision_id": "ITOL01-PRO-R1-MONITOR-RECONNECT-20260930-01",
        "native_budget_consumed": false,
        "technical_recovery_consumed": false,
        "at_local_utc": "2026-09-30T20:50:48.603109+00:00"
      },
      {
        "event": "TRANSPORT_STORAGE_GATE_DENIED_NO_PART_COPIED",
        "case": "R1",
        "stage": "LOCAL_TRANSPORT",
        "decision_id": "ITOL01-PRO-R1-E-DRIVE-TRANSPORT-RESUME-20260930-01",
        "at_local_utc": "2026-09-30T22:24:15.3861797Z",
        "native_budget_consumed": false,
        "technical_recovery_consumed": false,
        "binding_sha256": "faba594e5507874877ec09fab56e12d13075195514a3e2efcc8e318529cf69fa"
      },
      {
        "event": "LOCAL_STORAGE_REBIND_APPROVED",
        "case": "R1",
        "stage": "LOCAL_TRANSPORT",
        "decision_id": "ITOL01-PRO-R1-E-DRIVE-TRANSPORT-RESUME-20260930-01",
        "at_local_utc": "2026-09-30T22:24:15.3901805Z",
        "native_budget_consumed": false,
        "technical_recovery_consumed": false,
        "binding_sha256": "faba594e5507874877ec09fab56e12d13075195514a3e2efcc8e318529cf69fa"
      },
      {
        "event": "TRANSPORT_RESUMED_SAME_IDENTITY_ON_E",
        "case": "R1",
        "stage": "LOCAL_TRANSPORT",
        "decision_id": "ITOL01-PRO-R1-E-DRIVE-TRANSPORT-RESUME-20260930-01",
        "at_local_utc": "2026-09-30T22:24:15.3901805Z",
        "native_budget_consumed": false,
        "technical_recovery_consumed": false,
        "binding_sha256": "faba594e5507874877ec09fab56e12d13075195514a3e2efcc8e318529cf69fa"
      }
    ]
  },
  "controls_native_metadata": {
    "case": "R1",
    "status": "DATACHECK_AND_COST_GATES_PASS",
    "input_sha256": "8e8405152be773653f956df64fafe06d80ba7b9c5b75fe83ec7e2c719215fdf3",
    "initial_stable_increment_s": 5.99496e-12,
    "T_over_initial_dt": 8340339.218276687,
    "checks": {
      "exit_zero": true,
      "datacheck_native_completed": true,
      "zero_native_error": true,
      "warnings_explained_frozen_D1_and_boundary": true,
      "input_hash_bound": true,
      "native_node_count": true,
      "native_element_count": true,
      "closed_native_text_hashes": true,
      "double_packager": true,
      "double_solver": true,
      "four_domains": true,
      "cost_gate": true,
      "no_mass_scaling_at_zero": true
    },
    "warning_count": 2,
    "warning_first_lines": [
      "***WARNING: D1 FOR HYPERELASTIC MATERIAL IS TOO SMALL. THIS LEADS TO A VERY",
      "***WARNING: THE OPTION *BOUNDARY,TYPE=DISPLACEMENT HAS BEEN USED; CHECK STATUS"
    ],
    "warning_blocks": [
      "***WARNING: D1 FOR HYPERELASTIC MATERIAL IS TOO SMALL. THIS LEADS TO A VERY \n             HIGH BULK MODULUS. A SUGGESTED VALUE FOR D1 IS BETWEEN 7.12251E-02 \n             AND 0.17806. D2, D3...etc ARE SUGGESTED TO BE SCALED \n             PROPORTIONALLY IF THEY ARE NON-ZERO. ANALYSIS USING SINGLE \n             PRECISION MAY RESULT IN A NOISY SOLUTION. IT IS THEREFORE \n             RECOMMENDED THAT THE ANALYSIS BE RUN IN DOUBLE PRECISION.",
      "***WARNING: THE OPTION *BOUNDARY,TYPE=DISPLACEMENT HAS BEEN USED; CHECK STATUS \n             FILE BETWEEN STEPS FOR WARNINGS ON ANY JUMPS PRESCRIBED ACROSS THE \n             STEPS IN DISPLACEMENT VALUES OF TRANSLATIONAL DOF. FOR ROTATIONAL \n             DOF MAKE SURE THAT THERE ARE NO SUCH JUMPS. ALL JUMPS IN \n             DISPLACEMENTS ACROSS STEPS ARE IGNORED"
    ],
    "error_lines": [],
    "controls_text_evidence": {
      "status": "NATIVE_TEXT_EXCERPTS_RECORDED_ALGORITHM_UNESTABLISHED",
      "excerpts": [
        {
          "line": 51375,
          "text": "     DEFAULT HOURGLASS CONTROL"
        },
        {
          "line": 51378,
          "text": "     HOURGLASS CONTROL PARAMETER     1.0000    "
        },
        {
          "line": 51388,
          "text": "     DEFAULT HOURGLASS CONTROL"
        },
        {
          "line": 51391,
          "text": "     HOURGLASS CONTROL PARAMETER     1.0000    "
        }
      ],
      "property_material_binding": "NOT_PARSED_DO_NOT_ASSIGN_UNVERIFIED_PROPERTY_NUMBER",
      "distortion_algorithm_state": "UNESTABLISHED"
    },
    "precision_warning_disposition": "D1 remains frozen. Native package and solver are double precision as required; assess ALLAE/ALLDC and geometric validity after actual run.",
    "clock_note": "Local and server capture clocks are retained separately; no historical offset assumed."
  },
  "actual_local_image_review": {
    "actual_local_images_viewed": true,
    "image_sha256": {
      "R1_FINAL_MAX_CHILD_SHAPE.png": "3564504be545398da3709d3749be4cbe32ba2c239ef47c19b4fd836bee21f615",
      "R1_FINAL_PARENT_AND_CHILD_NONAFFINE.png": "f03e20e0d7292dc33c96ac5b31717f11d81749aa79d9db14863db001bd77a8a6",
      "R1_FL1_ENERGY_AND_FORCE.png": "995da484643a7bbba49ff972cb35f2abebc22ac90f5b2226fc4cee001567d2d4",
      "R1_FL1_REGIONAL_KE.png": "846930a03fb8ee62fae14bba5241f0df99dd65e3de47997e541258d639dd52b5"
    },
    "decoded_dimensions": {
      "R1_FINAL_MAX_CHILD_SHAPE.png": [
        1980,
        1980
      ],
      "R1_FINAL_PARENT_AND_CHILD_NONAFFINE.png": [
        1620,
        1080
      ],
      "R1_FL1_ENERGY_AND_FORCE.png": [
        1440,
        1620
      ],
      "R1_FL1_REGIONAL_KE.png": [
        1440,
        1080
      ]
    },
    "actual_images_received_by_Pro": false,
    "at_utc": "2026-10-01T00:17:13.074678+00:00",
    "review": "All four actual PNGs decoded and viewed. Titles, legends, axes readable. Final frame uses X+U scale1; dashed deleted cells explicitly reference footprints. Nonaffine metrics and energy curves are diagnostic; scientific gate false retained. No raw current crack width or experimental validation claimed."
  },
  "actual_images_received_by_Pro": false
}

BEGIN_UTF8_CSV R1_FL1_SAME_STRAIN_METRICS.csv
variable,max_abs_difference,actual_strain_at_max,FL1_signed,R1_signed,rms_difference,comparison_gate,FL1_native_indices,R1_native_indices,FL1_native_time_bracket_s,FL1_native_actual_strain_bracket,FL1_native_signed_values,FL1_weight_right,R1_native_time_bracket_s,R1_native_actual_strain_bracket,R1_native_signed_values,R1_weight_right
force_N_per_1mm_b,0.02858809301610208,0.0024004215447348543,0.013841724177043132,-0.01474636883905895,0.0024621450355159836,DESCRIPTIVE_SENSITIVITY_NO_NEW_FORCE_5PCT_GATE,"[5300, 5301]","[5301, 5301]","[1.3250003576104064e-05, 1.3252504686533939e-05]","[0.0023992844944586977, 0.0024004237275221385]","[0.027134147312365187, 0.013816206807402455]",0.9980839853105541,"[1.325250013906043e-05, 1.325250013906043e-05]","[0.0024004215447348543, 0.0024004215447348543]","[-0.01474636883905895, -0.01474636883905895]",0.0
W_path_N_mm,3.788908170492621e-08,0.019999999494757503,1.1823878360418238e-06,1.1444987543368976e-06,1.8785515812563452e-08,DESCRIPTIVE_SENSITIVITY_NO_NEW_FORCE_5PCT_GATE,"[20000, 20000]","[20000, 20000]","[4.999999873689376e-05, 4.999999873689376e-05]","[0.019999999494757503, 0.019999999494757503]","[1.1823878360418238e-06, 1.1823878360418238e-06]",0.0,"[4.999999873689376e-05, 4.999999873689376e-05]","[0.019999999494757503, 0.019999999494757503]","[1.1444987543368976e-06, 1.1444987543368976e-06]",0.0
ALLWK,3.786442448472371e-08,0.019999993673991412,1.1824051853182027e-06,1.144540760833479e-06,1.8768613655148383e-08,DESCRIPTIVE_SENSITIVITY_NO_NEW_FORCE_5PCT_GATE,"[19939, 19939]","[19939, 19939]","[4.984750194125809e-05, 4.984750194125809e-05]","[0.019999993673991412, 0.019999993673991412]","[1.1824051853182027e-06, 1.1824051853182027e-06]",0.0,"[4.984750194125809e-05, 4.984750194125809e-05]","[0.019999993673991412, 0.019999993673991412]","[1.144540760833479e-06, 1.144540760833479e-06]",0.0
ALLAE,1.5296236548314618e-08,0.006211029540281743,1.0246548498571428e-07,8.716924843739967e-08,1.0413043133809333e-08,DESCRIPTIVE_SENSITIVITY_NO_NEW_FORCE_5PCT_GATE,"[7920, 7920]","[7920, 7921]","[1.980000342882704e-05, 1.980000342882704e-05]","[0.006211029540281743, 0.006211029540281743]","[1.0246548498571428e-07, 1.0246548498571428e-07]",0.0,"[1.9800001609837636e-05, 1.980250090127811e-05]","[0.0062110273574944586, 0.006212743755895644]","[8.716916966022836e-08, 8.723111477593193e-08]",0.001271725307333616
PDMS:ALLAE,1.5274707130529543e-08,0.006211029540281743,1.0237589975758965e-07,8.710119262706011e-08,1.040438594456327e-08,DESCRIPTIVE_SENSITIVITY_NO_NEW_FORCE_5PCT_GATE,"[7920, 7920]","[7920, 7921]","[1.980000342882704e-05, 1.980000342882704e-05]","[0.006211029540281743, 0.006211029540281743]","[1.0237589975758965e-07, 1.0237589975758965e-07]",0.0,"[1.9800001609837636e-05, 1.980250090127811e-05]","[0.0062110273574944586, 0.006212743755895644]","[8.710111387699726e-08, 8.716303767641875e-08]",0.001271725307333616
ITO:ALLKE,8.599489475294699e-08,0.002760278948699124,9.097018249804023e-08,4.975287745093245e-09,6.108443317623739e-09,DESCRIPTIVE_SENSITIVITY_NO_NEW_FORCE_5PCT_GATE,"[5606, 5606]","[5606, 5607]","[1.4015004126122221e-05, 1.4015004126122221e-05]","[0.002760278948699124, 0.002760278948699124]","[9.097018249804023e-08, 9.097018249804023e-08]",0.0,"[1.4015004126122221e-05, 1.4017503417562693e-05]","[0.002760278766800184, 0.0027614996724878438]","[4.975082568137168e-09, 6.352230297324013e-09]",0.00014898688915375446
PDMS:ALLKE,8.341530349676907e-08,0.0025156321498798206,2.476535382433064e-08,1.0818065732109972e-07,9.285623895392017e-09,DESCRIPTIVE_SENSITIVITY_NO_NEW_FORCE_5PCT_GATE,"[5401, 5402]","[5401, 5401]","[1.3502502952178475e-05, 1.3505002243618947e-05]","[0.002515630694688298, 0.0025167964849970303]","[2.4690608668720415e-08, 8.457082145696404e-08]",0.0012482446559525667,"[1.350250568066258e-05, 1.350250568066258e-05]","[0.0025156321498798206, 0.0025156321498798206]","[1.0818065732109972e-07, 1.0818065732109972e-07]",0.0
ALLKE,6.996563019488039e-08,0.002399284676357638,2.0911094617125317e-08,9.08767248120057e-08,8.427996294844646e-09,DESCRIPTIVE_SENSITIVITY_NO_NEW_FORCE_5PCT_GATE,"[5300, 5301]","[5300, 5300]","[1.3250003576104064e-05, 1.3252504686533939e-05]","[0.0023992844944586977, 0.0024004237275221385]","[2.0900611019669668e-08, 8.655938188439904e-08]",0.0001596678907871627,"[1.3250003576104064e-05, 1.3250003576104064e-05]","[0.002399284676357638, 0.002399284676357638]","[9.08767248120057e-08, 9.08767248120057e-08]",0.0
END_UTF8_CSV R1_FL1_SAME_STRAIN_METRICS.csv

BEGIN_UTF8_CSV R1_FL1_NATIVE_ENERGY_PEAKS_AND_CROSSINGS.csv
case,native_quantity,availability,max_abs_N_mm,Estar_N_mm,max_abs_over_Estar,gate_5pct,peak_native_history_index,peak_native_time_s,peak_actual_strain,first_crossing_native_indices,first_crossing_native_time_s,first_crossing_actual_strain
R1,ALLAE,NATIVE,1.3886338479096594e-07,1.3448725912222132e-06,0.10325393327019002,FAIL,19997,4.999250086257234e-05,0.019999999494757503,"[6946, 6947]","[1.7365002349833958e-05, 1.736750164127443e-05]","[0.004619843821274117, 0.004621385232894681]"
R1,PDMS:ALLAE,NATIVE,1.3861931336123234e-07,1.3448725912222132e-06,0.10307245033171197,FAIL,19997,4.999250086257234e-05,0.019999999494757503,"[6948, 6949]","[1.7370002751704305e-05, 1.7372502043144777e-05]","[0.004622927008313127, 0.004624469147529453]"
R1,ALLDC,NATIVE,0.0,1.3448725912222132e-06,0.0,PASS,0,0.0,0.0,,,
R1,PDMS:ALLDC,NATIVE,0.0,1.3448725912222132e-06,0.0,PASS,0,0.0,0.0,,,
R1,ITO:ALLDC,UNAVAILABLE_NOT_ZERO,,1.3448725912222132e-06,,,,,,,,
R1,ALLVD,NATIVE,4.233588768443042e-08,1.3448725912222132e-06,0.031479478398734995,PASS,20000,4.999999873689376e-05,0.019999999494757503,,,
R1,PDMS:ALLVD,NATIVE,1.0026671048990465e-08,1.3448725912222132e-06,0.007455480254734226,PASS,20000,4.999999873689376e-05,0.019999999494757503,,,
FL1,ALLAE,NATIVE,1.4644942325503507e-07,1.4005805241001246e-06,0.10456337264087623,FAIL,19979,4.9947502702707425e-05,0.019999999494757503,"[6586, 6587]","[1.6465004591736943e-05, 1.6467503883177415e-05]","[0.004078754136571661, 0.004080217695445754]"
FL1,PDMS:ALLAE,NATIVE,1.4623222455156792e-07,1.4005805241001246e-06,0.10440829501432798,FAIL,19979,4.9947502702707425e-05,0.019999999494757503,"[6589, 6590]","[1.6472504285047762e-05, 1.6475003576488234e-05]","[0.00408314517699182, 0.004084609463461675]"
FL1,ALLDC,NATIVE,0.0,1.4005805241001246e-06,0.0,PASS,0,0.0,0.0,,,
FL1,PDMS:ALLDC,NATIVE,0.0,1.4005805241001246e-06,0.0,PASS,0,0.0,0.0,,,
FL1,ITO:ALLDC,UNAVAILABLE_NOT_ZERO,,1.4005805241001246e-06,,,,,,,,
FL1,ALLVD,NATIVE,4.295387512343041e-08,1.4005805241001246e-06,0.030668622320753992,PASS,20000,4.999999873689376e-05,0.019999999494757503,,,
FL1,PDMS:ALLVD,NATIVE,7.278496028106929e-09,1.4005805241001246e-06,0.005196770840993505,PASS,20000,4.999999873689376e-05,0.019999999494757503,,,
END_UTF8_CSV R1_FL1_NATIVE_ENERGY_PEAKS_AND_CROSSINGS.csv

BEGIN_UTF8_CSV R1_FL1_ORIGINAL_PARENT_SCALE_SELECTED.csv
case,R1_native_selected_frame,actual_strain,group,original_parent_count,U_parent_max,U_parent_rms,U_parent_p95,V_parent_max_per_s,native_frame_bracket,scalar_metric_weight_right,normalization,interpolation
R1,0,0.0,ALL:ORIGINAL_PARENT_DEPTH_GROUP_1,6144,0.0,0.0,0.0,0.0,"[0, 0]",0.0,ORIGINAL_PARENT_DIAGONAL,NONE_NATIVE_R1
R1,0,0.0,ALL:ORIGINAL_PARENT_DEPTH_GROUP_2,6144,0.0,0.0,0.0,0.0,"[0, 0]",0.0,ORIGINAL_PARENT_DIAGONAL,NONE_NATIVE_R1
R1,0,0.0,ALL:ORIGINAL_PARENT_DEPTH_GROUP_3,6144,0.0,0.0,0.0,0.0,"[0, 0]",0.0,ORIGINAL_PARENT_DIAGONAL,NONE_NATIVE_R1
R1,0,0.0,ALL:ORIGINAL_PARENT_DEPTH_GROUP_4,6144,0.0,0.0,0.0,0.0,"[0, 0]",0.0,ORIGINAL_PARENT_DIAGONAL,NONE_NATIVE_R1
R1,0,0.0,NEAR_OWN_FIRST_DELETE_COLUMNS:ORIGINAL_PARENT_DEPTH_GROUP_1,72,0.0,0.0,0.0,0.0,"[0, 0]",0.0,ORIGINAL_PARENT_DIAGONAL,NONE_NATIVE_R1
R1,0,0.0,NEAR_OWN_FIRST_DELETE_COLUMNS:ORIGINAL_PARENT_DEPTH_GROUP_2,72,0.0,0.0,0.0,0.0,"[0, 0]",0.0,ORIGINAL_PARENT_DIAGONAL,NONE_NATIVE_R1
R1,0,0.0,NEAR_OWN_FIRST_DELETE_COLUMNS:ORIGINAL_PARENT_DEPTH_GROUP_3,72,0.0,0.0,0.0,0.0,"[0, 0]",0.0,ORIGINAL_PARENT_DIAGONAL,NONE_NATIVE_R1
R1,0,0.0,NEAR_OWN_FIRST_DELETE_COLUMNS:ORIGINAL_PARENT_DEPTH_GROUP_4,72,0.0,0.0,0.0,0.0,"[0, 0]",0.0,ORIGINAL_PARENT_DIAGONAL,NONE_NATIVE_R1
R1,0,0.0,FAR_FROM_OWN_FIRST_DELETE_COLUMNS:ORIGINAL_PARENT_DEPTH_GROUP_1,6072,0.0,0.0,0.0,0.0,"[0, 0]",0.0,ORIGINAL_PARENT_DIAGONAL,NONE_NATIVE_R1
R1,0,0.0,FAR_FROM_OWN_FIRST_DELETE_COLUMNS:ORIGINAL_PARENT_DEPTH_GROUP_2,6072,0.0,0.0,0.0,0.0,"[0, 0]",0.0,ORIGINAL_PARENT_DIAGONAL,NONE_NATIVE_R1
R1,0,0.0,FAR_FROM_OWN_FIRST_DELETE_COLUMNS:ORIGINAL_PARENT_DEPTH_GROUP_3,6072,0.0,0.0,0.0,0.0,"[0, 0]",0.0,ORIGINAL_PARENT_DIAGONAL,NONE_NATIVE_R1
R1,0,0.0,FAR_FROM_OWN_FIRST_DELETE_COLUMNS:ORIGINAL_PARENT_DEPTH_GROUP_4,6072,0.0,0.0,0.0,0.0,"[0, 0]",0.0,ORIGINAL_PARENT_DIAGONAL,NONE_NATIVE_R1
FL1,0,0.0,ALL:ORIGINAL_PARENT_DEPTH_GROUP_1,6144,0.0,0.0,0.0,0.0,"[0, 0]",0.0,ORIGINAL_PARENT_DIAGONAL,SCALAR_PARENT_METRICS_ONLY_NO_NODAL_FIELD_INTERPOLATION
FL1,0,0.0,ALL:ORIGINAL_PARENT_DEPTH_GROUP_2,6144,0.0,0.0,0.0,0.0,"[0, 0]",0.0,ORIGINAL_PARENT_DIAGONAL,SCALAR_PARENT_METRICS_ONLY_NO_NODAL_FIELD_INTERPOLATION
FL1,0,0.0,ALL:ORIGINAL_PARENT_DEPTH_GROUP_3,6144,0.0,0.0,0.0,0.0,"[0, 0]",0.0,ORIGINAL_PARENT_DIAGONAL,SCALAR_PARENT_METRICS_ONLY_NO_NODAL_FIELD_INTERPOLATION
FL1,0,0.0,ALL:ORIGINAL_PARENT_DEPTH_GROUP_4,6144,0.0,0.0,0.0,0.0,"[0, 0]",0.0,ORIGINAL_PARENT_DIAGONAL,SCALAR_PARENT_METRICS_ONLY_NO_NODAL_FIELD_INTERPOLATION
FL1,0,0.0,NEAR_OWN_FIRST_DELETE_COLUMNS:ORIGINAL_PARENT_DEPTH_GROUP_1,72,0.0,0.0,0.0,0.0,"[0, 0]",0.0,ORIGINAL_PARENT_DIAGONAL,SCALAR_PARENT_METRICS_ONLY_NO_NODAL_FIELD_INTERPOLATION
FL1,0,0.0,NEAR_OWN_FIRST_DELETE_COLUMNS:ORIGINAL_PARENT_DEPTH_GROUP_2,72,0.0,0.0,0.0,0.0,"[0, 0]",0.0,ORIGINAL_PARENT_DIAGONAL,SCALAR_PARENT_METRICS_ONLY_NO_NODAL_FIELD_INTERPOLATION
FL1,0,0.0,NEAR_OWN_FIRST_DELETE_COLUMNS:ORIGINAL_PARENT_DEPTH_GROUP_3,72,0.0,0.0,0.0,0.0,"[0, 0]",0.0,ORIGINAL_PARENT_DIAGONAL,SCALAR_PARENT_METRICS_ONLY_NO_NODAL_FIELD_INTERPOLATION
FL1,0,0.0,NEAR_OWN_FIRST_DELETE_COLUMNS:ORIGINAL_PARENT_DEPTH_GROUP_4,72,0.0,0.0,0.0,0.0,"[0, 0]",0.0,ORIGINAL_PARENT_DIAGONAL,SCALAR_PARENT_METRICS_ONLY_NO_NODAL_FIELD_INTERPOLATION
FL1,0,0.0,FAR_FROM_OWN_FIRST_DELETE_COLUMNS:ORIGINAL_PARENT_DEPTH_GROUP_1,6072,0.0,0.0,0.0,0.0,"[0, 0]",0.0,ORIGINAL_PARENT_DIAGONAL,SCALAR_PARENT_METRICS_ONLY_NO_NODAL_FIELD_INTERPOLATION
FL1,0,0.0,FAR_FROM_OWN_FIRST_DELETE_COLUMNS:ORIGINAL_PARENT_DEPTH_GROUP_2,6072,0.0,0.0,0.0,0.0,"[0, 0]",0.0,ORIGINAL_PARENT_DIAGONAL,SCALAR_PARENT_METRICS_ONLY_NO_NODAL_FIELD_INTERPOLATION
FL1,0,0.0,FAR_FROM_OWN_FIRST_DELETE_COLUMNS:ORIGINAL_PARENT_DEPTH_GROUP_3,6072,0.0,0.0,0.0,0.0,"[0, 0]",0.0,ORIGINAL_PARENT_DIAGONAL,SCALAR_PARENT_METRICS_ONLY_NO_NODAL_FIELD_INTERPOLATION
FL1,0,0.0,FAR_FROM_OWN_FIRST_DELETE_COLUMNS:ORIGINAL_PARENT_DEPTH_GROUP_4,6072,0.0,0.0,0.0,0.0,"[0, 0]",0.0,ORIGINAL_PARENT_DIAGONAL,SCALAR_PARENT_METRICS_ONLY_NO_NODAL_FIELD_INTERPOLATION
R1,1057,0.0023822427619997906,ALL:ORIGINAL_PARENT_DEPTH_GROUP_1,6144,8.60902383532202e-09,3.182582200833098e-09,7.003423218495615e-09,0.0017893365722423448,"[1057, 1057]",0.0,ORIGINAL_PARENT_DIAGONAL,NONE_NATIVE_R1
R1,1057,0.0023822427619997906,ALL:ORIGINAL_PARENT_DEPTH_GROUP_2,6144,6.9520246675576864e-09,3.038861177221298e-09,6.17409930577281e-09,0.0013831383932741978,"[1057, 1057]",0.0,ORIGINAL_PARENT_DIAGONAL,NONE_NATIVE_R1
R1,1057,0.0023822427619997906,ALL:ORIGINAL_PARENT_DEPTH_GROUP_3,6144,1.024939051288447e-08,3.5192258573567628e-09,7.357550516147575e-09,0.002143844933810835,"[1057, 1057]",0.0,ORIGINAL_PARENT_DIAGONAL,NONE_NATIVE_R1
R1,1057,0.0023822427619997906,ALL:ORIGINAL_PARENT_DEPTH_GROUP_4,6144,9.936983024829893e-06,1.9100577468367222e-07,2.6860581365281983e-08,1.9567675824900217,"[1057, 1057]",0.0,ORIGINAL_PARENT_DIAGONAL,NONE_NATIVE_R1
R1,1057,0.0023822427619997906,NEAR_OWN_FIRST_DELETE_COLUMNS:ORIGINAL_PARENT_DEPTH_GROUP_1,72,3.935529021178868e-09,3.470197871661846e-09,3.823302823844213e-09,0.0007964058002308392,"[1057, 1057]",0.0,ORIGINAL_PARENT_DIAGONAL,NONE_NATIVE_R1
R1,1057,0.0023822427619997906,NEAR_OWN_FIRST_DELETE_COLUMNS:ORIGINAL_PARENT_DEPTH_GROUP_2,72,4.784569506469913e-09,4.1024050268700235e-09,4.62002580959398e-09,0.000956658741642445,"[1057, 1057]",0.0,ORIGINAL_PARENT_DIAGONAL,NONE_NATIVE_R1
R1,1057,0.0023822427619997906,NEAR_OWN_FIRST_DELETE_COLUMNS:ORIGINAL_PARENT_DEPTH_GROUP_3,72,8.033758668555879e-09,6.019847621571598e-09,7.530554477296066e-09,0.0018229328237666603,"[1057, 1057]",0.0,ORIGINAL_PARENT_DIAGONAL,NONE_NATIVE_R1
R1,1057,0.0023822427619997906,NEAR_OWN_FIRST_DELETE_COLUMNS:ORIGINAL_PARENT_DEPTH_GROUP_4,72,1.465874088532783e-08,7.931865126656103e-09,1.2799656650000818e-08,0.0030902976687170723,"[1057, 1057]",0.0,ORIGINAL_PARENT_DIAGONAL,NONE_NATIVE_R1
R1,1057,0.0023822427619997906,FAR_FROM_OWN_FIRST_DELETE_COLUMNS:ORIGINAL_PARENT_DEPTH_GROUP_1,6072,8.60902383532202e-09,3.179015635082976e-09,7.00977320392343e-09,0.0017893365722423448,"[1057, 1057]",0.0,ORIGINAL_PARENT_DIAGONAL,NONE_NATIVE_R1
R1,1057,0.0023822427619997906,FAR_FROM_OWN_FIRST_DELETE_COLUMNS:ORIGINAL_PARENT_DEPTH_GROUP_2,6072,6.9520246675576864e-09,3.024006841256073e-09,6.1779503208190795e-09,0.0013831383932741978,"[1057, 1057]",0.0,ORIGINAL_PARENT_DIAGONAL,NONE_NATIVE_R1
R1,1057,0.0023822427619997906,FAR_FROM_OWN_FIRST_DELETE_COLUMNS:ORIGINAL_PARENT_DEPTH_GROUP_3,6072,1.024939051288447e-08,3.4788074750275525e-09,7.352757454667191e-09,0.002143844933810835,"[1057, 1057]",0.0,ORIGINAL_PARENT_DIAGONAL,NONE_NATIVE_R1
R1,1057,0.0023822427619997906,FAR_FROM_OWN_FIRST_DELETE_COLUMNS:ORIGINAL_PARENT_DEPTH_GROUP_4,6072,9.936983024829893e-06,1.9213294128358614e-07,2.6957047659600815e-08,1.9567675824900217,"[1057, 1057]",0.0,ORIGINAL_PARENT_DIAGONAL,NONE_NATIVE_R1
FL1,1057,0.0023822427619997906,ALL:ORIGINAL_PARENT_DEPTH_GROUP_1,6144,8.977891668539641e-09,3.310165883073749e-09,7.308388861796295e-09,0.0017487837043850191,"[1056, 1057]",0.9999999999072312,ORIGINAL_PARENT_DIAGONAL,SCALAR_PARENT_METRICS_ONLY_NO_NODAL_FIELD_INTERPOLATION
FL1,1057,0.0023822427619997906,ALL:ORIGINAL_PARENT_DEPTH_GROUP_2,6144,7.270471611034615e-09,3.1660900106113295e-09,6.493393851449056e-09,0.0013310951670917946,"[1056, 1057]",0.9999999999072312,ORIGINAL_PARENT_DIAGONAL,SCALAR_PARENT_METRICS_ONLY_NO_NODAL_FIELD_INTERPOLATION
FL1,1057,0.0023822427619997906,ALL:ORIGINAL_PARENT_DEPTH_GROUP_3,6144,5.748354311873147e-08,5.085128224133264e-09,8.706322948776186e-09,0.010213014046605138,"[1056, 1057]",0.9999999999072312,ORIGINAL_PARENT_DIAGONAL,SCALAR_PARENT_METRICS_ONLY_NO_NODAL_FIELD_INTERPOLATION
FL1,1057,0.0023822427619997906,ALL:ORIGINAL_PARENT_DEPTH_GROUP_4,6144,1.524343807622229e-05,3.478751533180604e-07,5.1817635750880004e-08,2.6881322462663912,"[1056, 1057]",0.9999999999072312,ORIGINAL_PARENT_DIAGONAL,SCALAR_PARENT_METRICS_ONLY_NO_NODAL_FIELD_INTERPOLATION
FL1,1057,0.0023822427619997906,NEAR_OWN_FIRST_DELETE_COLUMNS:ORIGINAL_PARENT_DEPTH_GROUP_1,72,3.935598974231201e-09,3.4779544303345822e-09,3.847147460493776e-09,0.0007168744433991731,"[1056, 1057]",0.9999999999072312,ORIGINAL_PARENT_DIAGONAL,SCALAR_PARENT_METRICS_ONLY_NO_NODAL_FIELD_INTERPOLATION
FL1,1057,0.0023822427619997906,NEAR_OWN_FIRST_DELETE_COLUMNS:ORIGINAL_PARENT_DEPTH_GROUP_2,72,4.9453063985182985e-09,4.199926603359454e-09,4.76937578169969e-09,0.0008833014764353639,"[1056, 1057]",0.9999999999072312,ORIGINAL_PARENT_DIAGONAL,SCALAR_PARENT_METRICS_ONLY_NO_NODAL_FIELD_INTERPOLATION
FL1,1057,0.0023822427619997906,NEAR_OWN_FIRST_DELETE_COLUMNS:ORIGINAL_PARENT_DEPTH_GROUP_3,72,8.319486798537293e-09,6.243136743624465e-09,7.797906308103901e-09,0.0016614767291555017,"[1056, 1057]",0.9999999999072312,ORIGINAL_PARENT_DIAGONAL,SCALAR_PARENT_METRICS_ONLY_NO_NODAL_FIELD_INTERPOLATION
FL1,1057,0.0023822427619997906,NEAR_OWN_FIRST_DELETE_COLUMNS:ORIGINAL_PARENT_DEPTH_GROUP_4,72,1.5014949354286234e-08,8.032935784772994e-09,1.3132201908684996e-08,0.002722244735287653,"[1056, 1057]",0.9999999999072312,ORIGINAL_PARENT_DIAGONAL,SCALAR_PARENT_METRICS_ONLY_NO_NODAL_FIELD_INTERPOLATION
FL1,1057,0.0023822427619997906,FAR_FROM_OWN_FIRST_DELETE_COLUMNS:ORIGINAL_PARENT_DEPTH_GROUP_1,6072,8.977891668539641e-09,3.3081252415872137e-09,7.313264565642011e-09,0.0017487837043850191,"[1056, 1057]",0.9999999999072312,ORIGINAL_PARENT_DIAGONAL,SCALAR_PARENT_METRICS_ONLY_NO_NODAL_FIELD_INTERPOLATION
FL1,1057,0.0023822427619997906,FAR_FROM_OWN_FIRST_DELETE_COLUMNS:ORIGINAL_PARENT_DEPTH_GROUP_2,6072,7.270471611034615e-09,3.1517973378737822e-09,6.500855076069157e-09,0.0013310951670917946,"[1056, 1057]",0.9999999999072312,ORIGINAL_PARENT_DIAGONAL,SCALAR_PARENT_METRICS_ONLY_NO_NODAL_FIELD_INTERPOLATION
FL1,1057,0.0023822427619997906,FAR_FROM_OWN_FIRST_DELETE_COLUMNS:ORIGINAL_PARENT_DEPTH_GROUP_3,6072,5.748354311873147e-08,5.069810346846003e-09,8.727076209769505e-09,0.010213014046605138,"[1056, 1057]",0.9999999999072312,ORIGINAL_PARENT_DIAGONAL,SCALAR_PARENT_METRICS_ONLY_NO_NODAL_FIELD_INTERPOLATION
FL1,1057,0.0023822427619997906,FAR_FROM_OWN_FIRST_DELETE_COLUMNS:ORIGINAL_PARENT_DEPTH_GROUP_4,6072,1.524343807622229e-05,3.499304827835214e-07,5.241670765469174e-08,2.6881322462663912,"[1056, 1057]",0.9999999999072312,ORIGINAL_PARENT_DIAGONAL,SCALAR_PARENT_METRICS_ONLY_NO_NODAL_FIELD_INTERPOLATION
R1,1058,0.0023879182714846886,ALL:ORIGINAL_PARENT_DEPTH_GROUP_1,6144,8.806068614281915e-05,1.9026917476281512e-06,4.2580631687238496e-07,26662.11556760264,"[1058, 1058]",0.0,ORIGINAL_PARENT_DIAGONAL,NONE_NATIVE_R1
R1,1058,0.0023879182714846886,ALL:ORIGINAL_PARENT_DEPTH_GROUP_2,6144,4.5864928273617216e-08,6.255321197264713e-09,1.1958309183143546e-08,29.16199048680279,"[1058, 1058]",0.0,ORIGINAL_PARENT_DIAGONAL,NONE_NATIVE_R1
R1,1058,0.0023879182714846886,ALL:ORIGINAL_PARENT_DEPTH_GROUP_3,6144,1.0274969764897505e-08,3.5259387874879957e-09,7.370944571144208e-09,1.14064991056059,"[1058, 1058]",0.0,ORIGINAL_PARENT_DIAGONAL,NONE_NATIVE_R1
R1,1058,0.0023879182714846886,ALL:ORIGINAL_PARENT_DEPTH_GROUP_4,6144,9.961518590429217e-06,1.9147730984421087e-07,2.6926729992399057e-08,1.9670168800563432,"[1058, 1058]",0.0,ORIGINAL_PARENT_DIAGONAL,NONE_NATIVE_R1
R1,1058,0.0023879182714846886,NEAR_OWN_FIRST_DELETE_COLUMNS:ORIGINAL_PARENT_DEPTH_GROUP_1,72,8.806068614281915e-05,1.1378837761793323e-05,1.534430309820228e-05,26662.11556760264,"[1058, 1058]",0.0,ORIGINAL_PARENT_DIAGONAL,NONE_NATIVE_R1
R1,1058,0.0023879182714846886,NEAR_OWN_FIRST_DELETE_COLUMNS:ORIGINAL_PARENT_DEPTH_GROUP_2,72,3.638875173300649e-08,1.4409250267872693e-08,3.457362737140181e-08,25.041453617463706,"[1058, 1058]",0.0,ORIGINAL_PARENT_DIAGONAL,NONE_NATIVE_R1
R1,1058,0.0023879182714846886,NEAR_OWN_FIRST_DELETE_COLUMNS:ORIGINAL_PARENT_DEPTH_GROUP_3,72,8.05596340131418e-09,6.021432981547512e-09,7.551314581889339e-09,0.49380136092214316,"[1058, 1058]",0.0,ORIGINAL_PARENT_DIAGONAL,NONE_NATIVE_R1
R1,1058,0.0023879182714846886,NEAR_OWN_FIRST_DELETE_COLUMNS:ORIGINAL_PARENT_DEPTH_GROUP_4,72,1.4697287738573573e-08,7.95394533830485e-09,1.2833650197712869e-08,0.003095263902277549,"[1058, 1058]",0.0,ORIGINAL_PARENT_DIAGONAL,NONE_NATIVE_R1
R1,1058,0.0023879182714846886,FAR_FROM_OWN_FIRST_DELETE_COLUMNS:ORIGINAL_PARENT_DEPTH_GROUP_1,6072,8.606043272396225e-05,1.4587158526567178e-06,3.9533470107352906e-07,25010.995821934193,"[1058, 1058]",0.0,ORIGINAL_PARENT_DIAGONAL,NONE_NATIVE_R1
R1,1058,0.0023879182714846886,FAR_FROM_OWN_FIRST_DELETE_COLUMNS:ORIGINAL_PARENT_DEPTH_GROUP_2,6072,4.5864928273617216e-08,6.093525236074244e-09,1.161594997353849e-08,29.16199048680279,"[1058, 1058]",0.0,ORIGINAL_PARENT_DIAGONAL,NONE_NATIVE_R1
R1,1058,0.0023879182714846886,FAR_FROM_OWN_FIRST_DELETE_COLUMNS:ORIGINAL_PARENT_DEPTH_GROUP_3,6072,1.0274969764897505e-08,3.4856462213379973e-09,7.3657998746554e-09,1.14064991056059,"[1058, 1058]",0.0,ORIGINAL_PARENT_DIAGONAL,NONE_NATIVE_R1
R1,1058,0.0023879182714846886,FAR_FROM_OWN_FIRST_DELETE_COLUMNS:ORIGINAL_PARENT_DEPTH_GROUP_4,6072,9.961518590429217e-06,1.9260725785217648e-07,2.7025639129010143e-08,1.9670168800563432,"[1058, 1058]",0.0,ORIGINAL_PARENT_DIAGONAL,NONE_NATIVE_R1
FL1,1058,0.0023879182714846886,ALL:ORIGINAL_PARENT_DEPTH_GROUP_1,6144,0.00011570435171061433,3.0482932717086137e-06,1.1365119521289296e-06,34054.8522522158,"[1057, 1058]",0.9999998399296816,ORIGINAL_PARENT_DIAGONAL,SCALAR_PARENT_METRICS_ONLY_NO_NODAL_FIELD_INTERPOLATION
FL1,1058,0.0023879182714846886,ALL:ORIGINAL_PARENT_DEPTH_GROUP_2,6144,2.0553437232356843e-07,1.5729068517418566e-08,2.1626829842838563e-08,111.64559780092831,"[1057, 1058]",0.9999998399296816,ORIGINAL_PARENT_DIAGONAL,SCALAR_PARENT_METRICS_ONLY_NO_NODAL_FIELD_INTERPOLATION
FL1,1058,0.0023879182714846886,ALL:ORIGINAL_PARENT_DEPTH_GROUP_3,6144,5.76105363737906e-08,5.094986188566235e-09,8.726091922102785e-09,1.2769578276520317,"[1057, 1058]",0.9999998399296816,ORIGINAL_PARENT_DIAGONAL,SCALAR_PARENT_METRICS_ONLY_NO_NODAL_FIELD_INTERPOLATION
FL1,1058,0.0023879182714846886,ALL:ORIGINAL_PARENT_DEPTH_GROUP_4,6144,1.5276892407362e-05,3.4864234965029904e-07,5.1933244744569586e-08,2.661753565587535,"[1057, 1058]",0.9999998399296816,ORIGINAL_PARENT_DIAGONAL,SCALAR_PARENT_METRICS_ONLY_NO_NODAL_FIELD_INTERPOLATION
FL1,1058,0.0023879182714846886,NEAR_OWN_FIRST_DELETE_COLUMNS:ORIGINAL_PARENT_DEPTH_GROUP_1,72,0.00011570435171061433,1.842895748997161e-05,4.078386611144259e-05,34054.8522522158,"[1057, 1058]",0.9999998399296816,ORIGINAL_PARENT_DIAGONAL,SCALAR_PARENT_METRICS_ONLY_NO_NODAL_FIELD_INTERPOLATION
FL1,1058,0.0023879182714846886,NEAR_OWN_FIRST_DELETE_COLUMNS:ORIGINAL_PARENT_DEPTH_GROUP_2,72,2.0391523438370504e-07,6.561027892533472e-08,1.4543225479802277e-07,111.64559780092831,"[1057, 1058]",0.9999998399296816,ORIGINAL_PARENT_DIAGONAL,SCALAR_PARENT_METRICS_ONLY_NO_NODAL_FIELD_INTERPOLATION
FL1,1058,0.0023879182714846886,NEAR_OWN_FIRST_DELETE_COLUMNS:ORIGINAL_PARENT_DEPTH_GROUP_3,72,8.338941039296471e-09,6.2317759460926136e-09,7.817032255840516e-09,1.2526188417756312,"[1057, 1058]",0.9999998399296816,ORIGINAL_PARENT_DIAGONAL,SCALAR_PARENT_METRICS_ONLY_NO_NODAL_FIELD_INTERPOLATION
FL1,1058,0.0023879182714846886,NEAR_OWN_FIRST_DELETE_COLUMNS:ORIGINAL_PARENT_DEPTH_GROUP_4,72,1.504870339920728e-08,8.052399650423651e-09,1.3162120500711358e-08,0.0033309648083681255,"[1057, 1058]",0.9999998399296816,ORIGINAL_PARENT_DIAGONAL,SCALAR_PARENT_METRICS_ONLY_NO_NODAL_FIELD_INTERPOLATION
FL1,1058,0.0023879182714846886,FAR_FROM_OWN_FIRST_DELETE_COLUMNS:ORIGINAL_PARENT_DEPTH_GROUP_1,6072,0.00011488752013756027,2.318422606991823e-06,9.915094733249914e-07,33728.01996038441,"[1057, 1058]",0.9999998399296816,ORIGINAL_PARENT_DIAGONAL,SCALAR_PARENT_METRICS_ONLY_NO_NODAL_FIELD_INTERPOLATION
FL1,1058,0.0023879182714846886,FAR_FROM_OWN_FIRST_DELETE_COLUMNS:ORIGINAL_PARENT_DEPTH_GROUP_2,6072,2.0553437232356843e-07,1.4117126450566536e-08,1.929194882467251e-08,111.38294456539339,"[1057, 1058]",0.9999998399296816,ORIGINAL_PARENT_DIAGONAL,SCALAR_PARENT_METRICS_ONLY_NO_NODAL_FIELD_INTERPOLATION
FL1,1058,0.0023879182714846886,FAR_FROM_OWN_FIRST_DELETE_COLUMNS:ORIGINAL_PARENT_DEPTH_GROUP_3,6072,5.76105363737906e-08,5.079980578167474e-09,8.747540698869038e-09,1.2769578276520317,"[1057, 1058]",0.9999998399296816,ORIGINAL_PARENT_DIAGONAL,SCALAR_PARENT_METRICS_ONLY_NO_NODAL_FIELD_INTERPOLATION
FL1,1058,0.0023879182714846886,FAR_FROM_OWN_FIRST_DELETE_COLUMNS:ORIGINAL_PARENT_DEPTH_GROUP_4,6072,1.5276892407362e-05,3.507022114189508e-07,5.253260615862458e-08,2.661753565587535,"[1057, 1058]",0.9999998399296816,ORIGINAL_PARENT_DIAGONAL,SCALAR_PARENT_METRICS_ONLY_NO_NODAL_FIELD_INTERPOLATION
R1,1060,0.0023992847122015536,ALL:ORIGINAL_PARENT_DEPTH_GROUP_1,6144,0.14482317307411996,0.002017779083034826,0.00014142973305009463,41408471.97483326,"[1060, 1060]",0.0,ORIGINAL_PARENT_DIAGONAL,NONE_NATIVE_R1
R1,1060,0.0023992847122015536,ALL:ORIGINAL_PARENT_DEPTH_GROUP_2,6144,0.000141326630968216,1.1566509182277026e-05,1.4510739867769007e-05,41115.46986844698,"[1060, 1060]",0.0,ORIGINAL_PARENT_DIAGONAL,NONE_NATIVE_R1
R1,1060,0.0023992847122015536,ALL:ORIGINAL_PARENT_DEPTH_GROUP_3,6144,5.612490887066547e-06,7.674792374033986e-07,1.526110485731372e-06,1649.8316714671414,"[1060, 1060]",0.0,ORIGINAL_PARENT_DIAGONAL,NONE_NATIVE_R1
R1,1060,0.0023992847122015536,ALL:ORIGINAL_PARENT_DEPTH_GROUP_4,6144,1.0461020590865527e-05,2.039480368208537e-07,1.0368028503927988e-07,180.806691998137,"[1060, 1060]",0.0,ORIGINAL_PARENT_DIAGONAL,NONE_NATIVE_R1
R1,1060,0.0023992847122015536,NEAR_OWN_FIRST_DELETE_COLUMNS:ORIGINAL_PARENT_DEPTH_GROUP_1,72,0.14482317307411996,0.018557528664227108,0.021488100778534087,41408471.97483326,"[1060, 1060]",0.0,ORIGINAL_PARENT_DIAGONAL,NONE_NATIVE_R1
R1,1060,0.0023992847122015536,NEAR_OWN_FIRST_DELETE_COLUMNS:ORIGINAL_PARENT_DEPTH_GROUP_2,72,0.000141326630968216,6.171464423996378e-05,0.00013808451005760562,41115.46986844698,"[1060, 1060]",0.0,ORIGINAL_PARENT_DIAGONAL,NONE_NATIVE_R1
R1,1060,0.0023992847122015536,NEAR_OWN_FIRST_DELETE_COLUMNS:ORIGINAL_PARENT_DEPTH_GROUP_3,72,5.612490887066547e-06,2.5195227775107576e-06,5.608320039302331e-06,1649.8316714671414,"[1060, 1060]",0.0,ORIGINAL_PARENT_DIAGONAL,NONE_NATIVE_R1
R1,1060,0.0023992847122015536,NEAR_OWN_FIRST_DELETE_COLUMNS:ORIGINAL_PARENT_DEPTH_GROUP_4,72,1.9211398018127826e-07,7.930358247110142e-08,1.8959933636498904e-07,60.727273427997424,"[1060, 1060]",0.0,ORIGINAL_PARENT_DIAGONAL,NONE_NATIVE_R1
R1,1060,0.0023992847122015536,FAR_FROM_OWN_FIRST_DELETE_COLUMNS:ORIGINAL_PARENT_DEPTH_GROUP_1,6072,0.00698874103867325,0.00019008102266609807,0.0001260860813415013,1833745.924775871,"[1060, 1060]",0.0,ORIGINAL_PARENT_DIAGONAL,NONE_NATIVE_R1
R1,1060,0.0023992847122015536,FAR_FROM_OWN_FIRST_DELETE_COLUMNS:ORIGINAL_PARENT_DEPTH_GROUP_2,6072,0.00013604701631687353,9.497793905054442e-06,1.1862027716929049e-05,39760.28785360613,"[1060, 1060]",0.0,ORIGINAL_PARENT_DIAGONAL,NONE_NATIVE_R1
R1,1060,0.0023992847122015536,FAR_FROM_OWN_FIRST_DELETE_COLUMNS:ORIGINAL_PARENT_DEPTH_GROUP_3,6072,5.601602725547488e-06,7.216205307227041e-07,1.4861751024082971e-06,1644.6003253053009,"[1060, 1060]",0.0,ORIGINAL_PARENT_DIAGONAL,NONE_NATIVE_R1
R1,1060,0.0023992847122015536,FAR_FROM_OWN_FIRST_DELETE_COLUMNS:ORIGINAL_PARENT_DEPTH_GROUP_4,6072,1.0461020590865527e-05,2.0497181977843156e-07,1.0238195218726766e-07,180.806691998137,"[1060, 1060]",0.0,ORIGINAL_PARENT_DIAGONAL,NONE_NATIVE_R1
FL1,1060,0.0023992847122015536,ALL:ORIGINAL_PARENT_DEPTH_GROUP_1,6144,0.08954943447130441,0.0015056762581439251,0.00012879328215591545,23814257.770082824,"[1060, 1061]",2.755095256183107e-05,ORIGINAL_PARENT_DIAGONAL,SCALAR_PARENT_METRICS_ONLY_NO_NODAL_FIELD_INTERPOLATION
FL1,1060,0.0023992847122015536,ALL:ORIGINAL_PARENT_DEPTH_GROUP_2,6144,0.00023756336927082102,1.238423423823952e-05,7.216341963530804e-06,60977.15330067182,"[1060, 1061]",2.755095256183107e-05,ORIGINAL_PARENT_DIAGONAL,SCALAR_PARENT_METRICS_ONLY_NO_NODAL_FIELD_INTERPOLATION
FL1,1060,0.0023992847122015536,ALL:ORIGINAL_PARENT_DEPTH_GROUP_3,6144,5.102419168336666e-06,4.1879216577008744e-07,7.748117961922678e-07,1420.0830120867267,"[1060, 1061]",2.755095256183107e-05,ORIGINAL_PARENT_DIAGONAL,SCALAR_PARENT_METRICS_ONLY_NO_NODAL_FIELD_INTERPOLATION
FL1,1060,0.0023992847122015536,ALL:ORIGINAL_PARENT_DEPTH_GROUP_4,6144,1.5647374761944524e-05,3.5475088785646097e-07,8.054281226975509e-08,137.22382033090008,"[1060, 1061]",2.755095256183107e-05,ORIGINAL_PARENT_DIAGONAL,SCALAR_PARENT_METRICS_ONLY_NO_NODAL_FIELD_INTERPOLATION
FL1,1060,0.0023992847122015536,NEAR_OWN_FIRST_DELETE_COLUMNS:ORIGINAL_PARENT_DEPTH_GROUP_1,72,0.08954943447130441,0.013673687858747535,0.028269540062733762,23814257.770082824,"[1060, 1061]",2.755095256183107e-05,ORIGINAL_PARENT_DIAGONAL,SCALAR_PARENT_METRICS_ONLY_NO_NODAL_FIELD_INTERPOLATION
FL1,1060,0.0023992847122015536,NEAR_OWN_FIRST_DELETE_COLUMNS:ORIGINAL_PARENT_DEPTH_GROUP_2,72,0.00023756336927082102,7.424372465137715e-05,0.000163801561334226,60977.15330067182,"[1060, 1061]",2.755095256183107e-05,ORIGINAL_PARENT_DIAGONAL,SCALAR_PARENT_METRICS_ONLY_NO_NODAL_FIELD_INTERPOLATION
FL1,1060,0.0023992847122015536,NEAR_OWN_FIRST_DELETE_COLUMNS:ORIGINAL_PARENT_DEPTH_GROUP_3,72,5.102419168336666e-06,1.5595033289729885e-06,3.7395850919421043e-06,1420.0830120867267,"[1060, 1061]",2.755095256183107e-05,ORIGINAL_PARENT_DIAGONAL,SCALAR_PARENT_METRICS_ONLY_NO_NODAL_FIELD_INTERPOLATION
FL1,1060,0.0023992847122015536,NEAR_OWN_FIRST_DELETE_COLUMNS:ORIGINAL_PARENT_DEPTH_GROUP_4,72,1.275650428790424e-07,4.1965368096847064e-08,9.242097553981698e-08,38.626900018775224,"[1060, 1061]",2.755095256183107e-05,ORIGINAL_PARENT_DIAGONAL,SCALAR_PARENT_METRICS_ONLY_NO_NODAL_FIELD_INTERPOLATION
FL1,1060,0.0023992847122015536,FAR_FROM_OWN_FIRST_DELETE_COLUMNS:ORIGINAL_PARENT_DEPTH_GROUP_1,6072,0.006821872760047272,0.00027732770227210213,8.1891465510309e-05,1589612.1820626005,"[1060, 1061]",2.755095256183107e-05,ORIGINAL_PARENT_DIAGONAL,SCALAR_PARENT_METRICS_ONLY_NO_NODAL_FIELD_INTERPOLATION
FL1,1060,0.0023992847122015536,FAR_FROM_OWN_FIRST_DELETE_COLUMNS:ORIGINAL_PARENT_DEPTH_GROUP_2,6072,0.00019284807240206654,9.47769130436114e-06,5.599653411582738e-06,48650.5083994993,"[1060, 1061]",2.755095256183107e-05,ORIGINAL_PARENT_DIAGONAL,SCALAR_PARENT_METRICS_ONLY_NO_NODAL_FIELD_INTERPOLATION
FL1,1060,0.0023992847122015536,FAR_FROM_OWN_FIRST_DELETE_COLUMNS:ORIGINAL_PARENT_DEPTH_GROUP_3,6072,4.821384816165054e-06,3.855230464652481e-07,7.326063100095124e-07,1343.9395172480954,"[1060, 1061]",2.755095256183107e-05,ORIGINAL_PARENT_DIAGONAL,SCALAR_PARENT_METRICS_ONLY_NO_NODAL_FIELD_INTERPOLATION
FL1,1060,0.0023992847122015536,FAR_FROM_OWN_FIRST_DELETE_COLUMNS:ORIGINAL_PARENT_DEPTH_GROUP_4,6072,1.5647374761944524e-05,3.568186948244685e-07,7.951955521294019e-08,137.22382033090008,"[1060, 1061]",2.755095256183107e-05,ORIGINAL_PARENT_DIAGONAL,SCALAR_PARENT_METRICS_ONLY_NO_NODAL_FIELD_INTERPOLATION
R1,1061,0.0024049796788102166,ALL:ORIGINAL_PARENT_DEPTH_GROUP_1,6144,0.18673603743171863,0.002697504759784268,0.0004524904256741731,11502568.52099531,"[1061, 1061]",0.0,ORIGINAL_PARENT_DIAGONAL,NONE_NATIVE_R1
R1,1061,0.0024049796788102166,ALL:ORIGINAL_PARENT_DEPTH_GROUP_2,6144,0.0009972845751917607,9.42271589949599e-05,0.0001281301833161285,127821.94175137488,"[1061, 1061]",0.0,ORIGINAL_PARENT_DIAGONAL,NONE_NATIVE_R1
R1,1061,0.0024049796788102166,ALL:ORIGINAL_PARENT_DEPTH_GROUP_3,6144,6.287442366476689e-05,8.426006585428024e-06,1.689811235408772e-05,9834.791086080691,"[1061, 1061]",0.0,ORIGINAL_PARENT_DIAGONAL,NONE_NATIVE_R1
R1,1061,0.0024049796788102166,ALL:ORIGINAL_PARENT_DEPTH_GROUP_4,6144,2.264074495519044e-05,1.4272706189369559e-06,3.3428270978330467e-06,3832.5632282715696,"[1061, 1061]",0.0,ORIGINAL_PARENT_DIAGONAL,NONE_NATIVE_R1
R1,1061,0.0024049796788102166,NEAR_OWN_FIRST_DELETE_COLUMNS:ORIGINAL_PARENT_DEPTH_GROUP_1,72,0.18673603743171863,0.02454847008351218,0.030475978835232072,11502568.52099531,"[1061, 1061]",0.0,ORIGINAL_PARENT_DIAGONAL,NONE_NATIVE_R1
R1,1061,0.0024049796788102166,NEAR_OWN_FIRST_DELETE_COLUMNS:ORIGINAL_PARENT_DEPTH_GROUP_2,72,0.0009278339566939335,0.0004369445597613378,0.0007593202117766872,127821.94175137488,"[1061, 1061]",0.0,ORIGINAL_PARENT_DIAGONAL,NONE_NATIVE_R1
R1,1061,0.0024049796788102166,NEAR_OWN_FIRST_DELETE_COLUMNS:ORIGINAL_PARENT_DEPTH_GROUP_3,72,6.287442366476689e-05,3.077299854438443e-05,6.246308465848003e-05,5085.235435049386,"[1061, 1061]",0.0,ORIGINAL_PARENT_DIAGONAL,NONE_NATIVE_R1
R1,1061,0.0024049796788102166,NEAR_OWN_FIRST_DELETE_COLUMNS:ORIGINAL_PARENT_DEPTH_GROUP_4,72,6.538008180363873e-06,2.882304640513622e-06,6.532528335806953e-06,1129.6991050381182,"[1061, 1061]",0.0,ORIGINAL_PARENT_DIAGONAL,NONE_NATIVE_R1
R1,1061,0.0024049796788102166,FAR_FROM_OWN_FIRST_DELETE_COLUMNS:ORIGINAL_PARENT_DEPTH_GROUP_1,6072,0.010727154658477402,0.0004658708684498716,0.00030900935487118404,3151324.237491833,"[1061, 1061]",0.0,ORIGINAL_PARENT_DIAGONAL,NONE_NATIVE_R1
R1,1061,0.0024049796788102166,FAR_FROM_OWN_FIRST_DELETE_COLUMNS:ORIGINAL_PARENT_DEPTH_GROUP_2,6072,0.0009972845751917607,8.197657703410549e-05,0.00010483085898520782,91419.57750691476,"[1061, 1061]",0.0,ORIGINAL_PARENT_DIAGONAL,NONE_NATIVE_R1
R1,1061,0.0024049796788102166,FAR_FROM_OWN_FIRST_DELETE_COLUMNS:ORIGINAL_PARENT_DEPTH_GROUP_3,6072,6.20591720943551e-05,7.785272898425143e-06,1.522887316242765e-05,9834.791086080691,"[1061, 1061]",0.0,ORIGINAL_PARENT_DIAGONAL,NONE_NATIVE_R1
R1,1061,0.0024049796788102166,FAR_FROM_OWN_FIRST_DELETE_COLUMNS:ORIGINAL_PARENT_DEPTH_GROUP_4,6072,2.264074495519044e-05,1.400980632440936e-06,3.2609846621427435e-06,3832.5632282715696,"[1061, 1061]",0.0,ORIGINAL_PARENT_DIAGONAL,NONE_NATIVE_R1
FL1,1061,0.0024049796788102166,ALL:ORIGINAL_PARENT_DEPTH_GROUP_1,6144,0.19927329956559134,0.0031650275074233763,0.00044497600467413215,10135447.924977703,"[1061, 1062]",0.00015531947216431265,ORIGINAL_PARENT_DIAGONAL,SCALAR_PARENT_METRICS_ONLY_NO_NODAL_FIELD_INTERPOLATION
FL1,1061,0.0024049796788102166,ALL:ORIGINAL_PARENT_DEPTH_GROUP_2,6144,0.0011617734750673278,8.416033230685008e-05,0.00010049140753069503,135960.9171160314,"[1061, 1062]",0.00015531947216431265,ORIGINAL_PARENT_DIAGONAL,SCALAR_PARENT_METRICS_ONLY_NO_NODAL_FIELD_INTERPOLATION
FL1,1061,0.0024049796788102166,ALL:ORIGINAL_PARENT_DEPTH_GROUP_3,6144,6.327426846168129e-05,7.615074742163498e-06,1.7430382251519294e-05,5882.370939429797,"[1061, 1062]",0.00015531947216431265,ORIGINAL_PARENT_DIAGONAL,SCALAR_PARENT_METRICS_ONLY_NO_NODAL_FIELD_INTERPOLATION
FL1,1061,0.0024049796788102166,ALL:ORIGINAL_PARENT_DEPTH_GROUP_4,6144,2.08529208854215e-05,8.311422705083356e-07,1.7558535566308994e-06,1528.9747775159278,"[1061, 1062]",0.00015531947216431265,ORIGINAL_PARENT_DIAGONAL,SCALAR_PARENT_METRICS_ONLY_NO_NODAL_FIELD_INTERPOLATION
FL1,1061,0.0024049796788102166,NEAR_OWN_FIRST_DELETE_COLUMNS:ORIGINAL_PARENT_DEPTH_GROUP_1,72,0.19927329956559134,0.02859463177943588,0.04342732545794338,10135447.924977703,"[1061, 1062]",0.00015531947216431265,ORIGINAL_PARENT_DIAGONAL,SCALAR_PARENT_METRICS_ONLY_NO_NODAL_FIELD_INTERPOLATION
FL1,1061,0.0024049796788102166,NEAR_OWN_FIRST_DELETE_COLUMNS:ORIGINAL_PARENT_DEPTH_GROUP_2,72,0.0011617734750673278,0.000437178792573784,0.0009382462806786842,108637.86015619166,"[1061, 1062]",0.00015531947216431265,ORIGINAL_PARENT_DIAGONAL,SCALAR_PARENT_METRICS_ONLY_NO_NODAL_FIELD_INTERPOLATION
FL1,1061,0.0024049796788102166,NEAR_OWN_FIRST_DELETE_COLUMNS:ORIGINAL_PARENT_DEPTH_GROUP_3,72,6.327426846168129e-05,2.6994761310735932e-05,5.054899538476604e-05,3860.8333252512602,"[1061, 1062]",0.00015531947216431265,ORIGINAL_PARENT_DIAGONAL,SCALAR_PARENT_METRICS_ONLY_NO_NODAL_FIELD_INTERPOLATION
FL1,1061,0.0024049796788102166,NEAR_OWN_FIRST_DELETE_COLUMNS:ORIGINAL_PARENT_DEPTH_GROUP_4,72,3.759629378244141e-06,1.5046748940631833e-06,3.361485593929709e-06,1010.6452878651922,"[1061, 1062]",0.00015531947216431265,ORIGINAL_PARENT_DIAGONAL,SCALAR_PARENT_METRICS_ONLY_NO_NODAL_FIELD_INTERPOLATION
FL1,1061,0.0024049796788102166,FAR_FROM_OWN_FIRST_DELETE_COLUMNS:ORIGINAL_PARENT_DEPTH_GROUP_1,6072,0.01674323514537733,0.0006638469620373207,0.000295319959166862,4677115.022033086,"[1061, 1062]",0.00015531947216431265,ORIGINAL_PARENT_DIAGONAL,SCALAR_PARENT_METRICS_ONLY_NO_NODAL_FIELD_INTERPOLATION
FL1,1061,0.0024049796788102166,FAR_FROM_OWN_FIRST_DELETE_COLUMNS:ORIGINAL_PARENT_DEPTH_GROUP_2,6072,0.0009808368652792314,7.000458095329762e-05,8.318479806065506e-05,135960.9171160314,"[1061, 1062]",0.00015531947216431265,ORIGINAL_PARENT_DIAGONAL,SCALAR_PARENT_METRICS_ONLY_NO_NODAL_FIELD_INTERPOLATION
FL1,1061,0.0024049796788102166,FAR_FROM_OWN_FIRST_DELETE_COLUMNS:ORIGINAL_PARENT_DEPTH_GROUP_3,6072,6.06543307904867e-05,7.073617854767072e-06,1.590343594201326e-05,5882.370939429797,"[1061, 1062]",0.00015531947216431265,ORIGINAL_PARENT_DIAGONAL,SCALAR_PARENT_METRICS_ONLY_NO_NODAL_FIELD_INTERPOLATION
FL1,1061,0.0024049796788102166,FAR_FROM_OWN_FIRST_DELETE_COLUMNS:ORIGINAL_PARENT_DEPTH_GROUP_4,6072,2.08529208854215e-05,8.198428792131589e-07,1.6493259921308167e-06,1528.9747775159278,"[1061, 1062]",0.00015531947216431265,ORIGINAL_PARENT_DIAGONAL,SCALAR_PARENT_METRICS_ONLY_NO_NODAL_FIELD_INTERPOLATION
R1,1081,0.002520296970342847,ALL:ORIGINAL_PARENT_DEPTH_GROUP_1,6144,0.19837435987270147,0.0028129813019228257,0.0004329945964342425,974477.1632781606,"[1081, 1081]",0.0,ORIGINAL_PARENT_DIAGONAL,NONE_NATIVE_R1
R1,1081,0.002520296970342847,ALL:ORIGINAL_PARENT_DEPTH_GROUP_2,6144,0.0012308472756058573,0.00014873276788577555,0.0003059536846451887,571822.451657826,"[1081, 1081]",0.0,ORIGINAL_PARENT_DIAGONAL,NONE_NATIVE_R1
R1,1081,0.002520296970342847,ALL:ORIGINAL_PARENT_DEPTH_GROUP_3,6144,0.0012159876082198846,0.00016231268116364194,0.00023108018491721358,506825.76954201225,"[1081, 1081]",0.0,ORIGINAL_PARENT_DIAGONAL,NONE_NATIVE_R1
R1,1081,0.002520296970342847,ALL:ORIGINAL_PARENT_DEPTH_GROUP_4,6144,0.005572699577071549,0.00015303440340629564,0.00027233325698731433,236998.3097034641,"[1081, 1081]",0.0,ORIGINAL_PARENT_DIAGONAL,NONE_NATIVE_R1
R1,1081,0.002520296970342847,NEAR_OWN_FIRST_DELETE_COLUMNS:ORIGINAL_PARENT_DEPTH_GROUP_1,72,0.19837435987270147,0.025737028820792558,0.03434735489824855,974477.1632781606,"[1081, 1081]",0.0,ORIGINAL_PARENT_DIAGONAL,NONE_NATIVE_R1
R1,1081,0.002520296970342847,NEAR_OWN_FIRST_DELETE_COLUMNS:ORIGINAL_PARENT_DEPTH_GROUP_2,72,0.0012308472756058573,0.0006812352807651943,0.0012016714024210072,338508.2824727595,"[1081, 1081]",0.0,ORIGINAL_PARENT_DIAGONAL,NONE_NATIVE_R1
R1,1081,0.002520296970342847,NEAR_OWN_FIRST_DELETE_COLUMNS:ORIGINAL_PARENT_DEPTH_GROUP_3,72,0.0012159876082198846,0.0007717280070636011,0.0011906862360270968,405485.6875147495,"[1081, 1081]",0.0,ORIGINAL_PARENT_DIAGONAL,NONE_NATIVE_R1
R1,1081,0.002520296970342847,NEAR_OWN_FIRST_DELETE_COLUMNS:ORIGINAL_PARENT_DEPTH_GROUP_4,72,0.0005792258066367645,0.00025627608477431295,0.0005681978652573486,236998.3097034641,"[1081, 1081]",0.0,ORIGINAL_PARENT_DIAGONAL,NONE_NATIVE_R1
R1,1081,0.002520296970342847,FAR_FROM_OWN_FIRST_DELETE_COLUMNS:ORIGINAL_PARENT_DEPTH_GROUP_1,6072,0.012848569408003826,0.00039014123572524205,0.0003306937149250519,573561.6107314125,"[1081, 1081]",0.0,ORIGINAL_PARENT_DIAGONAL,NONE_NATIVE_R1
R1,1081,0.002520296970342847,FAR_FROM_OWN_FIRST_DELETE_COLUMNS:ORIGINAL_PARENT_DEPTH_GROUP_2,6072,0.0011966364104165981,0.00012992614434315287,0.00023759551932436585,571822.451657826,"[1081, 1081]",0.0,ORIGINAL_PARENT_DIAGONAL,NONE_NATIVE_R1
R1,1081,0.002520296970342847,FAR_FROM_OWN_FIRST_DELETE_COLUMNS:ORIGINAL_PARENT_DEPTH_GROUP_3,6072,0.0012094716533163797,0.00013998491879206086,0.00020703450790459212,506825.76954201225,"[1081, 1081]",0.0,ORIGINAL_PARENT_DIAGONAL,NONE_NATIVE_R1
R1,1081,0.002520296970342847,FAR_FROM_OWN_FIRST_DELETE_COLUMNS:ORIGINAL_PARENT_DEPTH_GROUP_4,6072,0.005572699577071549,0.00015138839708560932,0.0002649225587397278,236376.09827281334,"[1081, 1081]",0.0,ORIGINAL_PARENT_DIAGONAL,NONE_NATIVE_R1
FL1,1081,0.002520296970342847,ALL:ORIGINAL_PARENT_DEPTH_GROUP_1,6144,0.2006575072320821,0.003245317864834359,0.0008161925191789064,10226324.493194481,"[1081, 1082]",0.0002605563918535697,ORIGINAL_PARENT_DIAGONAL,SCALAR_PARENT_METRICS_ONLY_NO_NODAL_FIELD_INTERPOLATION
FL1,1081,0.002520296970342847,ALL:ORIGINAL_PARENT_DEPTH_GROUP_2,6144,0.003315770307510266,0.00034697614695188494,0.0004908020798825011,2119088.384804452,"[1081, 1082]",0.0002605563918535697,ORIGINAL_PARENT_DIAGONAL,SCALAR_PARENT_METRICS_ONLY_NO_NODAL_FIELD_INTERPOLATION
FL1,1081,0.002520296970342847,ALL:ORIGINAL_PARENT_DEPTH_GROUP_3,6144,0.0014080910104728919,0.0001223930006151165,0.00018370863374395487,493137.9859160722,"[1081, 1082]",0.0002605563918535697,ORIGINAL_PARENT_DIAGONAL,SCALAR_PARENT_METRICS_ONLY_NO_NODAL_FIELD_INTERPOLATION
FL1,1081,0.002520296970342847,ALL:ORIGINAL_PARENT_DEPTH_GROUP_4,6144,0.008590102175387825,0.00021803972443705684,0.0002107030043047906,192322.08190378532,"[1081, 1082]",0.0002605563918535697,ORIGINAL_PARENT_DIAGONAL,SCALAR_PARENT_METRICS_ONLY_NO_NODAL_FIELD_INTERPOLATION
FL1,1081,0.002520296970342847,NEAR_OWN_FIRST_DELETE_COLUMNS:ORIGINAL_PARENT_DEPTH_GROUP_1,72,0.2006575072320821,0.029231856277239943,0.0456441574164389,10226324.493194481,"[1081, 1082]",0.0002605563918535697,ORIGINAL_PARENT_DIAGONAL,SCALAR_PARENT_METRICS_ONLY_NO_NODAL_FIELD_INTERPOLATION
FL1,1081,0.002520296970342847,NEAR_OWN_FIRST_DELETE_COLUMNS:ORIGINAL_PARENT_DEPTH_GROUP_2,72,0.003315770307510266,0.0018765357271568683,0.002870339414206646,1949299.7000625876,"[1081, 1082]",0.0002605563918535697,ORIGINAL_PARENT_DIAGONAL,SCALAR_PARENT_METRICS_ONLY_NO_NODAL_FIELD_INTERPOLATION
FL1,1081,0.002520296970342847,NEAR_OWN_FIRST_DELETE_COLUMNS:ORIGINAL_PARENT_DEPTH_GROUP_3,72,0.0014080910104728919,0.0005728349355917901,0.0013772912857153226,263342.96513345157,"[1081, 1082]",0.0002605563918535697,ORIGINAL_PARENT_DIAGONAL,SCALAR_PARENT_METRICS_ONLY_NO_NODAL_FIELD_INTERPOLATION
FL1,1081,0.002520296970342847,NEAR_OWN_FIRST_DELETE_COLUMNS:ORIGINAL_PARENT_DEPTH_GROUP_4,72,0.0003254582744044863,0.00016307688477813082,0.0003174934318414191,61625.880975558975,"[1081, 1082]",0.0002605563918535697,ORIGINAL_PARENT_DIAGONAL,SCALAR_PARENT_METRICS_ONLY_NO_NODAL_FIELD_INTERPOLATION
FL1,1081,0.002520296970342847,FAR_FROM_OWN_FIRST_DELETE_COLUMNS:ORIGINAL_PARENT_DEPTH_GROUP_1,6072,0.016113824167551728,0.0007242558535552903,0.0005707330478594109,2609808.7715072795,"[1081, 1082]",0.0002605563918535697,ORIGINAL_PARENT_DIAGONAL,SCALAR_PARENT_METRICS_ONLY_NO_NODAL_FIELD_INTERPOLATION
FL1,1081,0.002520296970342847,FAR_FROM_OWN_FIRST_DELETE_COLUMNS:ORIGINAL_PARENT_DEPTH_GROUP_2,6072,0.0028373594517727536,0.000282956632327239,0.0003432593520227679,2119088.384804452,"[1081, 1082]",0.0002605563918535697,ORIGINAL_PARENT_DIAGONAL,SCALAR_PARENT_METRICS_ONLY_NO_NODAL_FIELD_INTERPOLATION
FL1,1081,0.002520296970342847,FAR_FROM_OWN_FIRST_DELETE_COLUMNS:ORIGINAL_PARENT_DEPTH_GROUP_3,6072,0.001321103844403434,0.0001061446611360924,0.0001786458981267976,493137.9859160722,"[1081, 1082]",0.0002605563918535697,ORIGINAL_PARENT_DIAGONAL,SCALAR_PARENT_METRICS_ONLY_NO_NODAL_FIELD_INTERPOLATION
FL1,1081,0.002520296970342847,FAR_FROM_OWN_FIRST_DELETE_COLUMNS:ORIGINAL_PARENT_DEPTH_GROUP_4,6072,0.008590102175387825,0.00021860857213081472,0.0002070179678085767,192322.08190378532,"[1081, 1082]",0.0002605563918535697,ORIGINAL_PARENT_DIAGONAL,SCALAR_PARENT_METRICS_ONLY_NO_NODAL_FIELD_INTERPOLATION
R1,1082,0.0025261341599057308,ALL:ORIGINAL_PARENT_DEPTH_GROUP_1,6144,0.19568842617900042,0.0027719978767239955,0.00042771640476139234,2394597.479607133,"[1082, 1082]",0.0,ORIGINAL_PARENT_DIAGONAL,NONE_NATIVE_R1
R1,1082,0.0025261341599057308,ALL:ORIGINAL_PARENT_DEPTH_GROUP_2,6144,0.0012326004701135355,0.00016398811581310564,0.00027309741143462284,481106.7170459182,"[1082, 1082]",0.0,ORIGINAL_PARENT_DIAGONAL,NONE_NATIVE_R1
R1,1082,0.0025261341599057308,ALL:ORIGINAL_PARENT_DEPTH_GROUP_3,6144,0.0011135577889797678,0.00012615531591211372,0.00022215141011157694,440393.2414774539,"[1082, 1082]",0.0,ORIGINAL_PARENT_DIAGONAL,NONE_NATIVE_R1
R1,1082,0.0025261341599057308,ALL:ORIGINAL_PARENT_DEPTH_GROUP_4,6144,0.004785049340068755,0.00013622170777596266,0.00024201030319505467,276049.3751646732,"[1082, 1082]",0.0,ORIGINAL_PARENT_DIAGONAL,NONE_NATIVE_R1
R1,1082,0.0025261341599057308,NEAR_OWN_FIRST_DELETE_COLUMNS:ORIGINAL_PARENT_DEPTH_GROUP_1,72,0.19568842617900042,0.025353927096939694,0.034013714258685934,2394597.479607133,"[1082, 1082]",0.0,ORIGINAL_PARENT_DIAGONAL,NONE_NATIVE_R1
R1,1082,0.0025261341599057308,NEAR_OWN_FIRST_DELETE_COLUMNS:ORIGINAL_PARENT_DEPTH_GROUP_2,72,0.0012326004701135355,0.0007842251778774113,0.0012237774355001432,438443.6897853504,"[1082, 1082]",0.0,ORIGINAL_PARENT_DIAGONAL,NONE_NATIVE_R1
R1,1082,0.0025261341599057308,NEAR_OWN_FIRST_DELETE_COLUMNS:ORIGINAL_PARENT_DEPTH_GROUP_3,72,0.0011135577889797678,0.0005793596815580591,0.0010837816559958993,284541.7152116313,"[1082, 1082]",0.0,ORIGINAL_PARENT_DIAGONAL,NONE_NATIVE_R1
R1,1082,0.0025261341599057308,NEAR_OWN_FIRST_DELETE_COLUMNS:ORIGINAL_PARENT_DEPTH_GROUP_4,72,0.0003578262299508138,0.00019089089607075976,0.00035632362173545747,276049.3751646732,"[1082, 1082]",0.0,ORIGINAL_PARENT_DIAGONAL,NONE_NATIVE_R1
R1,1082,0.0025261341599057308,FAR_FROM_OWN_FIRST_DELETE_COLUMNS:ORIGINAL_PARENT_DEPTH_GROUP_1,6072,0.012888379606516552,0.00039076307632984796,0.0003061291061010915,560027.7599912572,"[1082, 1082]",0.0,ORIGINAL_PARENT_DIAGONAL,NONE_NATIVE_R1
R1,1082,0.0025261341599057308,FAR_FROM_OWN_FIRST_DELETE_COLUMNS:ORIGINAL_PARENT_DEPTH_GROUP_2,6072,0.0011571671994826075,0.0001411324995682709,0.00021497208931507648,481106.7170459182,"[1082, 1082]",0.0,ORIGINAL_PARENT_DIAGONAL,NONE_NATIVE_R1
R1,1082,0.0025261341599057308,FAR_FROM_OWN_FIRST_DELETE_COLUMNS:ORIGINAL_PARENT_DEPTH_GROUP_3,6072,0.001051686956575243,0.00011010790599921247,0.00019023347751679758,440393.2414774539,"[1082, 1082]",0.0,ORIGINAL_PARENT_DIAGONAL,NONE_NATIVE_R1
R1,1082,0.0025261341599057308,FAR_FROM_OWN_FIRST_DELETE_COLUMNS:ORIGINAL_PARENT_DEPTH_GROUP_4,6072,0.004785049340068755,0.0001354411404146872,0.00023980197663242347,265003.2979550432,"[1082, 1082]",0.0,ORIGINAL_PARENT_DIAGONAL,NONE_NATIVE_R1
FL1,1082,0.0025261341599057308,ALL:ORIGINAL_PARENT_DEPTH_GROUP_1,6144,0.22662092783815246,0.0035111730083420343,0.0007324309683052603,14257595.103228107,"[1082, 1083]",0.00027053334833378396,ORIGINAL_PARENT_DIAGONAL,SCALAR_PARENT_METRICS_ONLY_NO_NODAL_FIELD_INTERPOLATION
FL1,1082,0.0025261341599057308,ALL:ORIGINAL_PARENT_DEPTH_GROUP_2,6144,0.00418998840031854,0.00040039296786219356,0.0005832528263148086,2627698.2687997175,"[1082, 1083]",0.00027053334833378396,ORIGINAL_PARENT_DIAGONAL,SCALAR_PARENT_METRICS_ONLY_NO_NODAL_FIELD_INTERPOLATION
FL1,1082,0.0025261341599057308,ALL:ORIGINAL_PARENT_DEPTH_GROUP_3,6144,0.0018394464799383497,0.00014225614053277628,0.00018816617007405274,375940.61786781775,"[1082, 1083]",0.00027053334833378396,ORIGINAL_PARENT_DIAGONAL,SCALAR_PARENT_METRICS_ONLY_NO_NODAL_FIELD_INTERPOLATION
FL1,1082,0.0025261341599057308,ALL:ORIGINAL_PARENT_DEPTH_GROUP_4,6144,0.00752671056734275,0.00019800019972604274,0.00021137713263633944,125318.41508231395,"[1082, 1083]",0.00027053334833378396,ORIGINAL_PARENT_DIAGONAL,SCALAR_PARENT_METRICS_ONLY_NO_NODAL_FIELD_INTERPOLATION
FL1,1082,0.0025261341599057308,NEAR_OWN_FIRST_DELETE_COLUMNS:ORIGINAL_PARENT_DEPTH_GROUP_1,72,0.22662092783815246,0.03183985817780701,0.04865413423756485,14257595.103228107,"[1082, 1083]",0.00027053334833378396,ORIGINAL_PARENT_DIAGONAL,SCALAR_PARENT_METRICS_ONLY_NO_NODAL_FIELD_INTERPOLATION
FL1,1082,0.0025261341599057308,NEAR_OWN_FIRST_DELETE_COLUMNS:ORIGINAL_PARENT_DEPTH_GROUP_2,72,0.00418998840031854,0.001947124082694515,0.003998202982746729,2627698.2687997175,"[1082, 1083]",0.00027053334833378396,ORIGINAL_PARENT_DIAGONAL,SCALAR_PARENT_METRICS_ONLY_NO_NODAL_FIELD_INTERPOLATION
FL1,1082,0.0025261341599057308,NEAR_OWN_FIRST_DELETE_COLUMNS:ORIGINAL_PARENT_DEPTH_GROUP_3,72,0.0018394464799383497,0.0006481270700821759,0.0018094764358953669,73626.9162642439,"[1082, 1083]",0.00027053334833378396,ORIGINAL_PARENT_DIAGONAL,SCALAR_PARENT_METRICS_ONLY_NO_NODAL_FIELD_INTERPOLATION
FL1,1082,0.0025261341599057308,NEAR_OWN_FIRST_DELETE_COLUMNS:ORIGINAL_PARENT_DEPTH_GROUP_4,72,0.00030570868007720947,0.000176267335389214,0.00030359463680132014,54359.9024177793,"[1082, 1083]",0.00027053334833378396,ORIGINAL_PARENT_DIAGONAL,SCALAR_PARENT_METRICS_ONLY_NO_NODAL_FIELD_INTERPOLATION
FL1,1082,0.0025261341599057308,FAR_FROM_OWN_FIRST_DELETE_COLUMNS:ORIGINAL_PARENT_DEPTH_GROUP_1,6072,0.016012135256274714,0.0006733911661374333,0.0005237422994963174,3611586.8092344315,"[1082, 1083]",0.00027053334833378396,ORIGINAL_PARENT_DIAGONAL,SCALAR_PARENT_METRICS_ONLY_NO_NODAL_FIELD_INTERPOLATION
FL1,1082,0.0025261341599057308,FAR_FROM_OWN_FIRST_DELETE_COLUMNS:ORIGINAL_PARENT_DEPTH_GROUP_2,6072,0.004043622636213822,0.00034243168309989146,0.00048249328470335536,2420440.7560109026,"[1082, 1083]",0.00027053334833378396,ORIGINAL_PARENT_DIAGONAL,SCALAR_PARENT_METRICS_ONLY_NO_NODAL_FIELD_INTERPOLATION
FL1,1082,0.0025261341599057308,FAR_FROM_OWN_FIRST_DELETE_COLUMNS:ORIGINAL_PARENT_DEPTH_GROUP_3,6072,0.0018071134676113116,0.00012448180558222928,0.00018097608019570206,375940.61786781775,"[1082, 1083]",0.00027053334833378396,ORIGINAL_PARENT_DIAGONAL,SCALAR_PARENT_METRICS_ONLY_NO_NODAL_FIELD_INTERPOLATION
FL1,1082,0.0025261341599057308,FAR_FROM_OWN_FIRST_DELETE_COLUMNS:ORIGINAL_PARENT_DEPTH_GROUP_4,6072,0.00752671056734275,0.00019824360913954194,0.00020644865141048092,125318.41508231395,"[1082, 1083]",0.00027053334833378396,ORIGINAL_PARENT_DIAGONAL,SCALAR_PARENT_METRICS_ONLY_NO_NODAL_FIELD_INTERPOLATION
R1,1389,0.004618302264921559,ALL:ORIGINAL_PARENT_DEPTH_GROUP_1,6144,0.346224959219267,0.004939515296515256,0.0007712312615567151,3082691.8206800306,"[1389, 1389]",0.0,ORIGINAL_PARENT_DIAGONAL,NONE_NATIVE_R1
R1,1389,0.004618302264921559,ALL:ORIGINAL_PARENT_DEPTH_GROUP_2,6144,0.0018213505689604506,0.0002042834489231818,0.0004186715752609475,666422.8454264163,"[1389, 1389]",0.0,ORIGINAL_PARENT_DIAGONAL,NONE_NATIVE_R1
R1,1389,0.004618302264921559,ALL:ORIGINAL_PARENT_DEPTH_GROUP_3,6144,0.001729182362475717,0.00020651535632501173,0.00043448095153723865,584656.2361266187,"[1389, 1389]",0.0,ORIGINAL_PARENT_DIAGONAL,NONE_NATIVE_R1
R1,1389,0.004618302264921559,ALL:ORIGINAL_PARENT_DEPTH_GROUP_4,6144,0.000599398949738654,7.507975283393921e-05,0.00012605069897821933,354703.38349211344,"[1389, 1389]",0.0,ORIGINAL_PARENT_DIAGONAL,NONE_NATIVE_R1
R1,1389,0.004618302264921559,NEAR_OWN_FIRST_DELETE_COLUMNS:ORIGINAL_PARENT_DEPTH_GROUP_1,72,0.346224959219267,0.04520259519876794,0.05663303620532581,3082691.8206800306,"[1389, 1389]",0.0,ORIGINAL_PARENT_DIAGONAL,NONE_NATIVE_R1
R1,1389,0.004618302264921559,NEAR_OWN_FIRST_DELETE_COLUMNS:ORIGINAL_PARENT_DEPTH_GROUP_2,72,0.0018213505689604506,0.0008851114735843432,0.0017119612874240968,666422.8454264163,"[1389, 1389]",0.0,ORIGINAL_PARENT_DIAGONAL,NONE_NATIVE_R1
R1,1389,0.004618302264921559,NEAR_OWN_FIRST_DELETE_COLUMNS:ORIGINAL_PARENT_DEPTH_GROUP_3,72,0.001729182362475717,0.000932748114512248,0.0016674230471491382,566446.6865304818,"[1389, 1389]",0.0,ORIGINAL_PARENT_DIAGONAL,NONE_NATIVE_R1
R1,1389,0.004618302264921559,NEAR_OWN_FIRST_DELETE_COLUMNS:ORIGINAL_PARENT_DEPTH_GROUP_4,72,0.00028106426895179506,0.00014131337813699284,0.00026824028167267,348324.2132970465,"[1389, 1389]",0.0,ORIGINAL_PARENT_DIAGONAL,NONE_NATIVE_R1
R1,1389,0.004618302264921559,FAR_FROM_OWN_FIRST_DELETE_COLUMNS:ORIGINAL_PARENT_DEPTH_GROUP_1,6072,0.02226029311743308,0.0006779178515504954,0.0006367623960450359,491533.673293019,"[1389, 1389]",0.0,ORIGINAL_PARENT_DIAGONAL,NONE_NATIVE_R1
R1,1389,0.004618302264921559,FAR_FROM_OWN_FIRST_DELETE_COLUMNS:ORIGINAL_PARENT_DEPTH_GROUP_2,6072,0.0014941837521462097,0.00018148547431502357,0.00035206230513437213,644766.0648999343,"[1389, 1389]",0.0,ORIGINAL_PARENT_DIAGONAL,NONE_NATIVE_R1
R1,1389,0.004618302264921559,FAR_FROM_OWN_FIRST_DELETE_COLUMNS:ORIGINAL_PARENT_DEPTH_GROUP_3,6072,0.0015813145169392528,0.00018121223901072046,0.00034708045659122435,584656.2361266187,"[1389, 1389]",0.0,ORIGINAL_PARENT_DIAGONAL,NONE_NATIVE_R1
R1,1389,0.004618302264921559,FAR_FROM_OWN_FIRST_DELETE_COLUMNS:ORIGINAL_PARENT_DEPTH_GROUP_4,6072,0.000599398949738654,7.393929046374922e-05,0.00012184049556345094,354703.38349211344,"[1389, 1389]",0.0,ORIGINAL_PARENT_DIAGONAL,NONE_NATIVE_R1
FL1,1389,0.004618302264921559,ALL:ORIGINAL_PARENT_DEPTH_GROUP_1,6144,0.29723442477435574,0.004926882856901958,0.0009093520666984582,11394300.17210429,"[1389, 1390]",5.596514095889373e-05,ORIGINAL_PARENT_DIAGONAL,SCALAR_PARENT_METRICS_ONLY_NO_NODAL_FIELD_INTERPOLATION
FL1,1389,0.004618302264921559,ALL:ORIGINAL_PARENT_DEPTH_GROUP_2,6144,0.002449475740302726,0.0002808469433665187,0.0005881851654581841,1911190.9781127435,"[1389, 1390]",5.596514095889373e-05,ORIGINAL_PARENT_DIAGONAL,SCALAR_PARENT_METRICS_ONLY_NO_NODAL_FIELD_INTERPOLATION
FL1,1389,0.004618302264921559,ALL:ORIGINAL_PARENT_DEPTH_GROUP_3,6144,0.0016000169502513345,0.00013827050431040766,0.00015916825024929598,517840.638923738,"[1389, 1390]",5.596514095889373e-05,ORIGINAL_PARENT_DIAGONAL,SCALAR_PARENT_METRICS_ONLY_NO_NODAL_FIELD_INTERPOLATION
FL1,1389,0.004618302264921559,ALL:ORIGINAL_PARENT_DEPTH_GROUP_4,6144,0.0004878386434189246,4.8481799634405497e-05,7.949434183474722e-05,44821.18147815277,"[1389, 1390]",5.596514095889373e-05,ORIGINAL_PARENT_DIAGONAL,SCALAR_PARENT_METRICS_ONLY_NO_NODAL_FIELD_INTERPOLATION
FL1,1389,0.004618302264921559,NEAR_OWN_FIRST_DELETE_COLUMNS:ORIGINAL_PARENT_DEPTH_GROUP_1,72,0.29723442477435574,0.04468734442073374,0.08037992519303162,11394300.17210429,"[1389, 1390]",5.596514095889373e-05,ORIGINAL_PARENT_DIAGONAL,SCALAR_PARENT_METRICS_ONLY_NO_NODAL_FIELD_INTERPOLATION
FL1,1389,0.004618302264921559,NEAR_OWN_FIRST_DELETE_COLUMNS:ORIGINAL_PARENT_DEPTH_GROUP_2,72,0.0020146918208881867,0.0010735034568338895,0.0017946674712967874,1911190.9781127435,"[1389, 1390]",5.596514095889373e-05,ORIGINAL_PARENT_DIAGONAL,SCALAR_PARENT_METRICS_ONLY_NO_NODAL_FIELD_INTERPOLATION
FL1,1389,0.004618302264921559,NEAR_OWN_FIRST_DELETE_COLUMNS:ORIGINAL_PARENT_DEPTH_GROUP_3,72,0.0015927378973911068,0.0005196649600055976,0.0015358629208293147,517840.638923738,"[1389, 1390]",5.596514095889373e-05,ORIGINAL_PARENT_DIAGONAL,SCALAR_PARENT_METRICS_ONLY_NO_NODAL_FIELD_INTERPOLATION
FL1,1389,0.004618302264921559,NEAR_OWN_FIRST_DELETE_COLUMNS:ORIGINAL_PARENT_DEPTH_GROUP_4,72,8.119961644753675e-05,5.2358010676847755e-05,7.208403032660681e-05,21270.120375319788,"[1389, 1390]",5.596514095889373e-05,ORIGINAL_PARENT_DIAGONAL,SCALAR_PARENT_METRICS_ONLY_NO_NODAL_FIELD_INTERPOLATION
FL1,1389,0.004618302264921559,FAR_FROM_OWN_FIRST_DELETE_COLUMNS:ORIGINAL_PARENT_DEPTH_GROUP_1,6072,0.02467259997558386,0.0009394987844433774,0.0006508577333743955,2536109.268748845,"[1389, 1390]",5.596514095889373e-05,ORIGINAL_PARENT_DIAGONAL,SCALAR_PARENT_METRICS_ONLY_NO_NODAL_FIELD_INTERPOLATION
FL1,1389,0.004618302264921559,FAR_FROM_OWN_FIRST_DELETE_COLUMNS:ORIGINAL_PARENT_DEPTH_GROUP_2,6072,0.002449475740302726,0.00025718737434868766,0.0004757956453812903,1665136.9753105252,"[1389, 1390]",5.596514095889373e-05,ORIGINAL_PARENT_DIAGONAL,SCALAR_PARENT_METRICS_ONLY_NO_NODAL_FIELD_INTERPOLATION
FL1,1389,0.004618302264921559,FAR_FROM_OWN_FIRST_DELETE_COLUMNS:ORIGINAL_PARENT_DEPTH_GROUP_3,6072,0.0016000169502513345,0.00012705606233215675,0.00015490947004651192,473004.89678900107,"[1389, 1390]",5.596514095889373e-05,ORIGINAL_PARENT_DIAGONAL,SCALAR_PARENT_METRICS_ONLY_NO_NODAL_FIELD_INTERPOLATION
FL1,1389,0.004618302264921559,FAR_FROM_OWN_FIRST_DELETE_COLUMNS:ORIGINAL_PARENT_DEPTH_GROUP_4,6072,0.0004878386434189246,4.843397565686729e-05,7.963611088183191e-05,44821.18147815277,"[1389, 1390]",5.596514095889373e-05,ORIGINAL_PARENT_DIAGONAL,SCALAR_PARENT_METRICS_ONLY_NO_NODAL_FIELD_INTERPOLATION
R1,1390,0.00462601123355589,ALL:ORIGINAL_PARENT_DEPTH_GROUP_1,6144,0.3478159581396201,0.004943359047934092,0.0008316626564366849,2807536.7661220166,"[1390, 1390]",0.0,ORIGINAL_PARENT_DIAGONAL,NONE_NATIVE_R1
R1,1390,0.00462601123355589,ALL:ORIGINAL_PARENT_DEPTH_GROUP_2,6144,0.0013792482047030982,0.00020603799147558133,0.0004112920457800957,636833.6599764833,"[1390, 1390]",0.0,ORIGINAL_PARENT_DIAGONAL,NONE_NATIVE_R1
R1,1390,0.00462601123355589,ALL:ORIGINAL_PARENT_DEPTH_GROUP_3,6144,0.00075408650123293,0.00014159138415572358,0.0003017938797518624,565738.7167074067,"[1390, 1390]",0.0,ORIGINAL_PARENT_DIAGONAL,NONE_NATIVE_R1
R1,1390,0.00462601123355589,ALL:ORIGINAL_PARENT_DEPTH_GROUP_4,6144,0.0005735480305180323,7.736383438471438e-05,0.00012310544762208416,384376.7222562324,"[1390, 1390]",0.0,ORIGINAL_PARENT_DIAGONAL,NONE_NATIVE_R1
R1,1390,0.00462601123355589,NEAR_OWN_FIRST_DELETE_COLUMNS:ORIGINAL_PARENT_DEPTH_GROUP_1,72,0.3478159581396201,0.04522312363640974,0.0557087701050945,2807536.7661220166,"[1390, 1390]",0.0,ORIGINAL_PARENT_DIAGONAL,NONE_NATIVE_R1
R1,1390,0.00462601123355589,NEAR_OWN_FIRST_DELETE_COLUMNS:ORIGINAL_PARENT_DEPTH_GROUP_2,72,0.0013792482047030982,0.0009016694561928054,0.0013214060247710314,636833.6599764833,"[1390, 1390]",0.0,ORIGINAL_PARENT_DIAGONAL,NONE_NATIVE_R1
R1,1390,0.00462601123355589,NEAR_OWN_FIRST_DELETE_COLUMNS:ORIGINAL_PARENT_DEPTH_GROUP_3,72,0.00075408650123293,0.0004475692250107646,0.0007029459624189645,565738.7167074067,"[1390, 1390]",0.0,ORIGINAL_PARENT_DIAGONAL,NONE_NATIVE_R1
R1,1390,0.00462601123355589,NEAR_OWN_FIRST_DELETE_COLUMNS:ORIGINAL_PARENT_DEPTH_GROUP_4,72,0.00042656907630077626,0.00018256394153064328,0.00041467330620616893,384376.7222562324,"[1390, 1390]",0.0,ORIGINAL_PARENT_DIAGONAL,NONE_NATIVE_R1
R1,1390,0.00462601123355589,FAR_FROM_OWN_FIRST_DELETE_COLUMNS:ORIGINAL_PARENT_DEPTH_GROUP_1,6072,0.02153266945995262,0.0006899267502985514,0.0006233739068703798,782941.8719708761,"[1390, 1390]",0.0,ORIGINAL_PARENT_DIAGONAL,NONE_NATIVE_R1
R1,1390,0.00462601123355589,FAR_FROM_OWN_FIRST_DELETE_COLUMNS:ORIGINAL_PARENT_DEPTH_GROUP_2,6072,0.0013686917397328015,0.00018252294221183916,0.0003640400437127997,587516.0715587982,"[1390, 1390]",0.0,ORIGINAL_PARENT_DIAGONAL,NONE_NATIVE_R1
R1,1390,0.00462601123355589,FAR_FROM_OWN_FIRST_DELETE_COLUMNS:ORIGINAL_PARENT_DEPTH_GROUP_3,6072,0.0007372495032731949,0.0001338302284761419,0.00027808634686478183,546399.604566898,"[1390, 1390]",0.0,ORIGINAL_PARENT_DIAGONAL,NONE_NATIVE_R1
R1,1390,0.00462601123355589,FAR_FROM_OWN_FIRST_DELETE_COLUMNS:ORIGINAL_PARENT_DEPTH_GROUP_4,6072,0.0005735480305180323,7.523908970213243e-05,0.00012247747539068172,376235.24847053585,"[1390, 1390]",0.0,ORIGINAL_PARENT_DIAGONAL,NONE_NATIVE_R1
FL1,1390,0.00462601123355589,ALL:ORIGINAL_PARENT_DEPTH_GROUP_1,6144,0.30357717628724884,0.0049787607611700745,0.0009145866376016944,5274041.719878636,"[1390, 1391]",6.086123038432387e-05,ORIGINAL_PARENT_DIAGONAL,SCALAR_PARENT_METRICS_ONLY_NO_NODAL_FIELD_INTERPOLATION
FL1,1390,0.00462601123355589,ALL:ORIGINAL_PARENT_DEPTH_GROUP_2,6144,0.001895665726269227,0.000271566038314892,0.0005941746718127744,1733895.0360353827,"[1390, 1391]",6.086123038432387e-05,ORIGINAL_PARENT_DIAGONAL,SCALAR_PARENT_METRICS_ONLY_NO_NODAL_FIELD_INTERPOLATION
FL1,1390,0.00462601123355589,ALL:ORIGINAL_PARENT_DEPTH_GROUP_3,6144,0.0015705357138520199,0.00014788478061439445,0.00018193273145026564,622916.5550805677,"[1390, 1391]",6.086123038432387e-05,ORIGINAL_PARENT_DIAGONAL,SCALAR_PARENT_METRICS_ONLY_NO_NODAL_FIELD_INTERPOLATION
FL1,1390,0.00462601123355589,ALL:ORIGINAL_PARENT_DEPTH_GROUP_4,6144,0.00031583012067993617,4.298244098605412e-05,8.006353388823841e-05,22583.745160456867,"[1390, 1391]",6.086123038432387e-05,ORIGINAL_PARENT_DIAGONAL,SCALAR_PARENT_METRICS_ONLY_NO_NODAL_FIELD_INTERPOLATION
FL1,1390,0.00462601123355589,NEAR_OWN_FIRST_DELETE_COLUMNS:ORIGINAL_PARENT_DEPTH_GROUP_1,72,0.30357717628724884,0.04519800591206205,0.07871866336587587,5274041.719878636,"[1390, 1391]",6.086123038432387e-05,ORIGINAL_PARENT_DIAGONAL,SCALAR_PARENT_METRICS_ONLY_NO_NODAL_FIELD_INTERPOLATION
FL1,1390,0.00462601123355589,NEAR_OWN_FIRST_DELETE_COLUMNS:ORIGINAL_PARENT_DEPTH_GROUP_2,72,0.001668258335028147,0.0011034325754685468,0.0016311282110204673,1733895.0360353827,"[1390, 1391]",6.086123038432387e-05,ORIGINAL_PARENT_DIAGONAL,SCALAR_PARENT_METRICS_ONLY_NO_NODAL_FIELD_INTERPOLATION
FL1,1390,0.00462601123355589,NEAR_OWN_FIRST_DELETE_COLUMNS:ORIGINAL_PARENT_DEPTH_GROUP_3,72,0.0015546329147736238,0.000529624576049631,0.0015303876398353653,622916.5550805677,"[1390, 1391]",6.086123038432387e-05,ORIGINAL_PARENT_DIAGONAL,SCALAR_PARENT_METRICS_ONLY_NO_NODAL_FIELD_INTERPOLATION
FL1,1390,0.00462601123355589,NEAR_OWN_FIRST_DELETE_COLUMNS:ORIGINAL_PARENT_DEPTH_GROUP_4,72,0.00010762131301277171,5.004071662113727e-05,0.00010380723853531768,19579.919277003068,"[1390, 1391]",6.086123038432387e-05,ORIGINAL_PARENT_DIAGONAL,SCALAR_PARENT_METRICS_ONLY_NO_NODAL_FIELD_INTERPOLATION
FL1,1390,0.00462601123355589,FAR_FROM_OWN_FIRST_DELETE_COLUMNS:ORIGINAL_PARENT_DEPTH_GROUP_1,6072,0.02341883776846535,0.0009264745031529793,0.0007172200647208878,1812387.0862600412,"[1390, 1391]",6.086123038432387e-05,ORIGINAL_PARENT_DIAGONAL,SCALAR_PARENT_METRICS_ONLY_NO_NODAL_FIELD_INTERPOLATION
FL1,1390,0.00462601123355589,FAR_FROM_OWN_FIRST_DELETE_COLUMNS:ORIGINAL_PARENT_DEPTH_GROUP_2,6072,0.001895665726269227,0.00024532648750816033,0.0004530955615815879,1615160.371359096,"[1390, 1391]",6.086123038432387e-05,ORIGINAL_PARENT_DIAGONAL,SCALAR_PARENT_METRICS_ONLY_NO_NODAL_FIELD_INTERPOLATION
FL1,1390,0.00462601123355589,FAR_FROM_OWN_FIRST_DELETE_COLUMNS:ORIGINAL_PARENT_DEPTH_GROUP_3,6072,0.0015705357138520199,0.00013712447764841683,0.00017293624647175286,571141.7503000321,"[1390, 1391]",6.086123038432387e-05,ORIGINAL_PARENT_DIAGONAL,SCALAR_PARENT_METRICS_ONLY_NO_NODAL_FIELD_INTERPOLATION
FL1,1390,0.00462601123355589,FAR_FROM_OWN_FIRST_DELETE_COLUMNS:ORIGINAL_PARENT_DEPTH_GROUP_4,6072,0.00031583012067993617,4.2891778500313707e-05,7.994505469752081e-05,22583.745160456867,"[1390, 1391]",6.086123038432387e-05,ORIGINAL_PARENT_DIAGONAL,SCALAR_PARENT_METRICS_ONLY_NO_NODAL_FIELD_INTERPOLATION
R1,4000,0.02000000000000147,ALL:ORIGINAL_PARENT_DEPTH_GROUP_1,6144,0.6841527143948666,0.012903125560597667,0.0029869115831407766,574016.2504423034,"[4000, 4000]",0.0,ORIGINAL_PARENT_DIAGONAL,NONE_NATIVE_R1
R1,4000,0.02000000000000147,ALL:ORIGINAL_PARENT_DEPTH_GROUP_2,6144,0.00476947373410159,0.0005011875855713478,0.0009372850404831296,128116.08839494234,"[4000, 4000]",0.0,ORIGINAL_PARENT_DIAGONAL,NONE_NATIVE_R1
R1,4000,0.02000000000000147,ALL:ORIGINAL_PARENT_DEPTH_GROUP_3,6144,0.0007955084519755514,0.00015643227107197842,0.00034453591274864195,78270.50574116965,"[4000, 4000]",0.0,ORIGINAL_PARENT_DIAGONAL,NONE_NATIVE_R1
R1,4000,0.02000000000000147,ALL:ORIGINAL_PARENT_DEPTH_GROUP_4,6144,0.003995169045971345,0.00010535804370014142,0.0001470672527854351,26735.040511415256,"[4000, 4000]",0.0,ORIGINAL_PARENT_DIAGONAL,NONE_NATIVE_R1
R1,4000,0.02000000000000147,NEAR_OWN_FIRST_DELETE_COLUMNS:ORIGINAL_PARENT_DEPTH_GROUP_1,72,0.6841527143948666,0.11746687584051449,0.1152029184065855,574016.2504423034,"[4000, 4000]",0.0,ORIGINAL_PARENT_DIAGONAL,NONE_NATIVE_R1
R1,4000,0.02000000000000147,NEAR_OWN_FIRST_DELETE_COLUMNS:ORIGINAL_PARENT_DEPTH_GROUP_2,72,0.004127130369525246,0.0011985830138761652,0.0026293652803049848,110705.01749007864,"[4000, 4000]",0.0,ORIGINAL_PARENT_DIAGONAL,NONE_NATIVE_R1
R1,4000,0.02000000000000147,NEAR_OWN_FIRST_DELETE_COLUMNS:ORIGINAL_PARENT_DEPTH_GROUP_3,72,0.0002953222952739856,0.0001030898715741976,0.00020373567433823914,68106.12695091126,"[4000, 4000]",0.0,ORIGINAL_PARENT_DIAGONAL,NONE_NATIVE_R1
R1,4000,0.02000000000000147,NEAR_OWN_FIRST_DELETE_COLUMNS:ORIGINAL_PARENT_DEPTH_GROUP_4,72,0.00013023558646263296,7.190947072348804e-05,0.00012719326696484015,21537.970065799083,"[4000, 4000]",0.0,ORIGINAL_PARENT_DIAGONAL,NONE_NATIVE_R1
R1,4000,0.02000000000000147,FAR_FROM_OWN_FIRST_DELETE_COLUMNS:ORIGINAL_PARENT_DEPTH_GROUP_1,6072,0.06159977768207151,0.0022015135328532116,0.0023208544732264444,472297.83301108464,"[4000, 4000]",0.0,ORIGINAL_PARENT_DIAGONAL,NONE_NATIVE_R1
R1,4000,0.02000000000000147,FAR_FROM_OWN_FIRST_DELETE_COLUMNS:ORIGINAL_PARENT_DEPTH_GROUP_2,6072,0.00476947373410159,0.00048696275447755445,0.0008879758540313261,128116.08839494234,"[4000, 4000]",0.0,ORIGINAL_PARENT_DIAGONAL,NONE_NATIVE_R1
R1,4000,0.02000000000000147,FAR_FROM_OWN_FIRST_DELETE_COLUMNS:ORIGINAL_PARENT_DEPTH_GROUP_3,6072,0.0007955084519755514,0.00015695607031133735,0.0003458980001124586,78270.50574116965,"[4000, 4000]",0.0,ORIGINAL_PARENT_DIAGONAL,NONE_NATIVE_R1
R1,4000,0.02000000000000147,FAR_FROM_OWN_FIRST_DELETE_COLUMNS:ORIGINAL_PARENT_DEPTH_GROUP_4,6072,0.003995169045971345,0.00010569118135261469,0.00014724276929870412,26735.040511415256,"[4000, 4000]",0.0,ORIGINAL_PARENT_DIAGONAL,NONE_NATIVE_R1
END_UTF8_CSV R1_FL1_ORIGINAL_PARENT_SCALE_SELECTED.csv

BEGIN_UTF8_CSV R1_CHILD_OWN_SCALE_AND_GEOMETRY_SELECTED.csv
R1_frame,actual_strain,group,child_count,U_child_max,U_child_rms,V_child_max_per_s,min_area_ratio,max_area_ratio,min_corner_J_mm2,max_top_edge_length_ratio
0,0.0,ALL:ORIGINAL_PARENT_DEPTH_GROUP_1,12288,0.0,0.0,0.0,1.0,1.0,1.8310546874999605e-10,1.0
0,0.0,ALL:ORIGINAL_PARENT_DEPTH_GROUP_2,12288,0.0,0.0,0.0,1.0,1.0,2.331698404209899e-10,1.0
0,0.0,ALL:ORIGINAL_PARENT_DEPTH_GROUP_3,12288,0.0,0.0,0.0,1.0,1.0,4.164884092382055e-10,1.0
0,0.0,ALL:ORIGINAL_PARENT_DEPTH_GROUP_4,12288,0.0,0.0,0.0,1.0,1.0,7.439323830070899e-10,1.0
0,0.0,NEAR_OWN_FIRST_DELETE_COLUMNS:ORIGINAL_PARENT_DEPTH_GROUP_1,144,0.0,0.0,0.0,1.0,1.0,1.8310546874999605e-10,1.0
0,0.0,NEAR_OWN_FIRST_DELETE_COLUMNS:ORIGINAL_PARENT_DEPTH_GROUP_2,144,0.0,0.0,0.0,1.0,1.0,2.331698404209899e-10,1.0
0,0.0,NEAR_OWN_FIRST_DELETE_COLUMNS:ORIGINAL_PARENT_DEPTH_GROUP_3,144,0.0,0.0,0.0,1.0,1.0,4.164884092382055e-10,1.0
0,0.0,NEAR_OWN_FIRST_DELETE_COLUMNS:ORIGINAL_PARENT_DEPTH_GROUP_4,144,0.0,0.0,0.0,1.0,1.0,7.439323830070899e-10,1.0
0,0.0,FAR_FROM_OWN_FIRST_DELETE_COLUMNS:ORIGINAL_PARENT_DEPTH_GROUP_1,12144,0.0,0.0,0.0,1.0,1.0,1.8310546874999605e-10,1.0
0,0.0,FAR_FROM_OWN_FIRST_DELETE_COLUMNS:ORIGINAL_PARENT_DEPTH_GROUP_2,12144,0.0,0.0,0.0,1.0,1.0,2.331698404209899e-10,1.0
0,0.0,FAR_FROM_OWN_FIRST_DELETE_COLUMNS:ORIGINAL_PARENT_DEPTH_GROUP_3,12144,0.0,0.0,0.0,1.0,1.0,4.164884092382055e-10,1.0
0,0.0,FAR_FROM_OWN_FIRST_DELETE_COLUMNS:ORIGINAL_PARENT_DEPTH_GROUP_4,12144,0.0,0.0,0.0,1.0,1.0,7.439323830070899e-10,1.0
1057,0.0023822427619997906,ALL:ORIGINAL_PARENT_DEPTH_GROUP_1,12288,5.418325828224595e-09,2.012106824188571e-09,0.0011275205715710953,1.0000474231765693,1.000047462114317,1.8311415170380616e-10,1.0023824232253666
1057,0.0023822427619997906,ALL:ORIGINAL_PARENT_DEPTH_GROUP_2,12288,4.8402078355513715e-09,2.2396327703377484e-09,0.0009402781349462346,1.0000474260423722,1.0000474589589399,2.3318089804988153e-10,1.0023826462167698
1057,0.0023822427619997906,ALL:ORIGINAL_PARENT_DEPTH_GROUP_3,12288,9.649719523377948e-09,3.0728305921634665e-09,0.0020119404466729532,1.0000474297657678,1.0000474629845648,4.1650816168680306e-10,1.0023828832440775
1057,0.0023822427619997906,ALL:ORIGINAL_PARENT_DEPTH_GROUP_4,12288,2.4833636507414847e-05,3.539491783094528e-07,4.882980368572884,1.0000473282999462,1.000049262454775,7.439676584916593e-10,1.0023868064342327
1057,0.0023822427619997906,NEAR_OWN_FIRST_DELETE_COLUMNS:ORIGINAL_PARENT_DEPTH_GROUP_1,144,2.572924275598203e-09,2.1974184671164278e-09,0.00049952507400664,1.000047448115117,1.0000474505284962,1.8311415549043133e-10,1.0023822440047738
1057,0.0023822427619997906,NEAR_OWN_FIRST_DELETE_COLUMNS:ORIGINAL_PARENT_DEPTH_GROUP_2,144,3.843733785704107e-09,3.0482373782273794e-09,0.0007712502200460551,1.000047448031511,1.0000474498531569,2.331809017217937e-10,1.002382040471855
1057,0.0023822427619997906,NEAR_OWN_FIRST_DELETE_COLUMNS:ORIGINAL_PARENT_DEPTH_GROUP_3,144,7.424513495709115e-09,5.267536716966748e-09,0.0016884925606764768,1.000047448096203,1.0000474505149366,4.1650816518834503e-10,1.0023818130135131
1057,0.0023822427619997906,NEAR_OWN_FIRST_DELETE_COLUMNS:ORIGINAL_PARENT_DEPTH_GROUP_4,144,1.4884123412668728e-08,7.554692177429085e-09,0.0031480930178246036,1.000047422032559,1.0000474506105639,7.439676621349467e-10,1.0023824439490532
1057,0.0023822427619997906,FAR_FROM_OWN_FIRST_DELETE_COLUMNS:ORIGINAL_PARENT_DEPTH_GROUP_1,12144,5.418325828224595e-09,2.009806951439069e-09,0.0011275205715710953,1.0000474231765693,1.000047462114317,1.8311415170380616e-10,1.0023824232253666
1057,0.0023822427619997906,FAR_FROM_OWN_FIRST_DELETE_COLUMNS:ORIGINAL_PARENT_DEPTH_GROUP_2,12144,4.8402078355513715e-09,2.2282849471371713e-09,0.0009402781349462346,1.0000474260423722,1.0000474589589399,2.3318089804988153e-10,1.0023826462167698
1057,0.0023822427619997906,FAR_FROM_OWN_FIRST_DELETE_COLUMNS:ORIGINAL_PARENT_DEPTH_GROUP_3,12144,9.649719523377948e-09,3.037307459002085e-09,0.0020119404466729532,1.0000474297657678,1.0000474629845648,4.1650816168680306e-10,1.0023828832440775
1057,0.0023822427619997906,FAR_FROM_OWN_FIRST_DELETE_COLUMNS:ORIGINAL_PARENT_DEPTH_GROUP_4,12144,2.4833636507414847e-05,3.560405565526887e-07,4.882980368572884,1.0000473282999462,1.000049262454775,7.439676584916593e-10,1.0023868064342327
1058,0.0023879182714846886,ALL:ORIGINAL_PARENT_DEPTH_GROUP_1,12288,0.00012510022461861606,2.24519444452217e-06,39910.09915234251,1.000040095385833,1.0000702106934332,1.8306752932340736e-10,1.0029262483927996
1058,0.0023879182714846886,ALL:ORIGINAL_PARENT_DEPTH_GROUP_2,12288,3.350419201285176e-08,4.39137233185701e-09,23.47440561821379,1.0000473665965215,1.0000481285883265,2.3318088150286005e-10,1.0023884502792249
1058,0.0023879182714846886,ALL:ORIGINAL_PARENT_DEPTH_GROUP_3,12288,9.673898892507549e-09,3.0787266577615754e-09,1.084765989065643,1.000047493219354,1.0000475754508127,4.1650819370981116e-10,1.0023885585784893
1058,0.0023879182714846886,ALL:ORIGINAL_PARENT_DEPTH_GROUP_4,12288,2.4894874080109083e-05,3.548216602311279e-07,4.910220874643825,1.0000474408701,1.0000493797952161,7.439677423970946e-10,1.0023924953770234
1058,0.0023879182714846886,NEAR_OWN_FIRST_DELETE_COLUMNS:ORIGINAL_PARENT_DEPTH_GROUP_1,144,0.00012510022461861606,1.3916481060838906e-05,39910.09915234251,1.000040095385833,1.0000702106934332,1.8306752932340736e-10,1.0029262483927996
1058,0.0023879182714846886,NEAR_OWN_FIRST_DELETE_COLUMNS:ORIGINAL_PARENT_DEPTH_GROUP_2,144,2.6698973625719604e-08,9.943284229488735e-09,19.12028944631674,1.0000475590893523,1.0000480885107874,2.331810157601051e-10,1.0023875201930381
1058,0.0023879182714846886,NEAR_OWN_FIRST_DELETE_COLUMNS:ORIGINAL_PARENT_DEPTH_GROUP_3,144,7.445100542414019e-09,5.270128700087937e-09,0.4501011071166827,1.0000475088659633,1.00004756294653,4.1650820758642333e-10,1.0023874835490647
1058,0.0023879182714846886,NEAR_OWN_FIRST_DELETE_COLUMNS:ORIGINAL_PARENT_DEPTH_GROUP_4,144,1.4923337949034788e-08,7.575696050640715e-09,0.003143953239488879,1.000047534827099,1.0000475634628476,7.439677460062313e-10,1.0023881217366841
1058,0.0023879182714846886,FAR_FROM_OWN_FIRST_DELETE_COLUMNS:ORIGINAL_PARENT_DEPTH_GROUP_1,12144,0.00012246916037142048,1.6745769056117952e-06,37583.72419630562,1.0000403098213446,1.0000694015708256,1.8306844617121314e-10,1.0029149789184681
1058,0.0023879182714846886,FAR_FROM_OWN_FIRST_DELETE_COLUMNS:ORIGINAL_PARENT_DEPTH_GROUP_2,12144,3.350419201285176e-08,4.282576124899561e-09,23.47440561821379,1.0000473665965215,1.0000481285883265,2.3318088150286005e-10,1.0023884502792249
1058,0.0023879182714846886,FAR_FROM_OWN_FIRST_DELETE_COLUMNS:ORIGINAL_PARENT_DEPTH_GROUP_3,12144,9.673898892507549e-09,3.0432897971682507e-09,1.084765989065643,1.000047493219354,1.0000475754508127,4.1650819370981116e-10,1.0023885585784893
1058,0.0023879182714846886,FAR_FROM_OWN_FIRST_DELETE_COLUMNS:ORIGINAL_PARENT_DEPTH_GROUP_4,12144,2.4894874080109083e-05,3.5691819310585297e-07,4.910220874643825,1.0000474408701,1.0000493797952161,7.439677423970946e-10,1.0023924953770234
1060,0.0023992847122015536,ALL:ORIGINAL_PARENT_DEPTH_GROUP_1,12288,0.1713991182681735,0.0018969930065335235,39577093.750083484,0.9967096975740647,1.0208279180378992,1.2294924010352556e-10,1.8951655670697862
1060,0.0023992847122015536,ALL:ORIGINAL_PARENT_DEPTH_GROUP_2,12288,0.00010602659018444802,8.033539850276823e-06,30884.26001082401,0.999956490198654,1.0009466885207925,2.331580406199253e-10,1.0033624498347686
1060,0.0023992847122015536,ALL:ORIGINAL_PARENT_DEPTH_GROUP_3,12288,4.8542885276577565e-06,6.371703599750595e-07,1426.1834260119708,1.0000137942920393,1.0002414336828032,4.1649415298256323e-10,1.0024817265141797
1060,0.0023992847122015536,ALL:ORIGINAL_PARENT_DEPTH_GROUP_4,12288,2.575536536463309e-05,3.666124886509175e-07,331.10379052492743,1.000041623205517,1.0000693427000262,7.439633442322576e-10,1.0024042089337792
1060,0.0023992847122015536,NEAR_OWN_FIRST_DELETE_COLUMNS:ORIGINAL_PARENT_DEPTH_GROUP_1,144,0.1713991182681735,0.017308578490065677,39577093.750083484,0.9967096975740647,1.0208279180378992,1.2294924010352556e-10,1.8951655670697862
1060,0.0023992847122015536,NEAR_OWN_FIRST_DELETE_COLUMNS:ORIGINAL_PARENT_DEPTH_GROUP_2,144,0.00010602659018444802,4.2670732231415024e-05,30884.26001082401,1.0002531051520382,1.0009466885207925,2.332751272764239e-10,1.0021246780230955
1060,0.0023992847122015536,NEAR_OWN_FIRST_DELETE_COLUMNS:ORIGINAL_PARENT_DEPTH_GROUP_3,144,4.8542885276577565e-06,2.085387284650863e-06,1426.1834260119708,1.0000718491224703,1.0002414336828032,4.1657562979835094e-10,1.002386378215822
1060,0.0023992847122015536,NEAR_OWN_FIRST_DELETE_COLUMNS:ORIGINAL_PARENT_DEPTH_GROUP_4,144,1.8968552047684257e-07,7.356688262584283e-08,59.93430572084881,1.0000478629494938,1.0000693427000262,7.439815402301829e-10,1.002399206471033
1060,0.0023992847122015536,FAR_FROM_OWN_FIRST_DELETE_COLUMNS:ORIGINAL_PARENT_DEPTH_GROUP_1,12144,0.012531358061311067,0.0002980598891328668,2214639.39509975,0.999296788001729,1.0048614820040327,1.72817915047983e-10,1.056941002024424
1060,0.0023992847122015536,FAR_FROM_OWN_FIRST_DELETE_COLUMNS:ORIGINAL_PARENT_DEPTH_GROUP_2,12144,0.00010077305332435928,6.611552064994301e-06,29427.20833344451,0.999956490198654,1.0009029646016347,2.331580406199253e-10,1.0033624498347686
1060,0.0023992847122015536,FAR_FROM_OWN_FIRST_DELETE_COLUMNS:ORIGINAL_PARENT_DEPTH_GROUP_3,12144,4.843750431322724e-06,5.993603735990505e-07,1421.688426963034,1.0000137942920393,1.000238907846695,4.1649415298256323e-10,1.0024817265141797
1060,0.0023992847122015536,FAR_FROM_OWN_FIRST_DELETE_COLUMNS:ORIGINAL_PARENT_DEPTH_GROUP_4,12144,2.575536536463309e-05,3.6869265482185616e-07,331.10379052492743,1.000041623205517,1.0000691721286339,7.439633442322576e-10,1.0024042089337792
1061,0.0024049796788102166,ALL:ORIGINAL_PARENT_DEPTH_GROUP_1,12288,0.2121329187842198,0.002383664667324454,9539414.256193213,0.9943258984885481,1.0219656853043502,1.0565476644204606e-10,2.1962713696852387
1061,0.0024049796788102166,ALL:ORIGINAL_PARENT_DEPTH_GROUP_2,12288,0.0007107042911757926,6.578680319061479e-05,109156.14027620458,0.9995548814456583,1.0005761837058764,2.3258608182510186e-10,1.0104347790745345
1061,0.0024049796788102166,ALL:ORIGINAL_PARENT_DEPTH_GROUP_3,12288,5.3951293838439534e-05,7.054320343440762e-06,8483.69029795918,0.9995425236472721,1.0007088245436526,4.162213183162194e-10,1.0035890679934332
1061,0.0024049796788102166,ALL:ORIGINAL_PARENT_DEPTH_GROUP_4,12288,4.800896841474323e-05,1.4208799055690912e-06,6925.772278408528,0.999823632967356,1.0007040491963843,7.43801129653068e-10,1.002573948223458
1061,0.0024049796788102166,NEAR_OWN_FIRST_DELETE_COLUMNS:ORIGINAL_PARENT_DEPTH_GROUP_1,144,0.2121329187842198,0.02164979131517967,9539414.256193213,0.9943258984885481,1.0219656853043502,1.0565476644204606e-10,2.1962713696852387
1061,0.0024049796788102166,NEAR_OWN_FIRST_DELETE_COLUMNS:ORIGINAL_PARENT_DEPTH_GROUP_2,144,0.000658201651740196,0.0003053635162711098,109156.14027620458,0.9995714608716004,1.0005761837058764,2.32627340018813e-10,0.9983077737066061
1061,0.0024049796788102166,NEAR_OWN_FIRST_DELETE_COLUMNS:ORIGINAL_PARENT_DEPTH_GROUP_3,144,5.3951293838439534e-05,2.5635817286067925e-05,4358.281217160308,0.9995749633469203,1.0007087388641023,4.162336887698992e-10,1.0019046885027547
1061,0.0024049796788102166,NEAR_OWN_FIRST_DELETE_COLUMNS:ORIGINAL_PARENT_DEPTH_GROUP_4,144,6.3220602595463735e-06,2.6737260652084615e-06,1052.4759588179288,1.0000525050362221,1.0007040491963843,7.444101437814054e-10,1.002400966493813
1061,0.0024049796788102166,FAR_FROM_OWN_FIRST_DELETE_COLUMNS:ORIGINAL_PARENT_DEPTH_GROUP_1,12144,0.017104628092742925,0.00043745158091308255,2072921.4151276844,0.9980651016054986,1.003891209941974,1.7000757754575364e-10,1.095235066320658
1061,0.0024049796788102166,FAR_FROM_OWN_FIRST_DELETE_COLUMNS:ORIGINAL_PARENT_DEPTH_GROUP_2,12144,0.0007107042911757926,5.721475590324034e-05,76692.93714228948,0.9995548814456583,1.0005339674124916,2.3258608182510186e-10,1.0104347790745345
1061,0.0024049796788102166,FAR_FROM_OWN_FIRST_DELETE_COLUMNS:ORIGINAL_PARENT_DEPTH_GROUP_3,12144,5.330388445623928e-05,6.523855314687153e-06,8483.69029795918,0.9995425236472721,1.0007088245436526,4.162213183162194e-10,1.0035890679934332
1061,0.0024049796788102166,FAR_FROM_OWN_FIRST_DELETE_COLUMNS:ORIGINAL_PARENT_DEPTH_GROUP_4,12144,4.800896841474323e-05,1.3993108009029465e-06,6925.772278408528,0.999823632967356,1.0007039239419593,7.43801129653068e-10,1.002573948223458
1081,0.002520296970342847,ALL:ORIGINAL_PARENT_DEPTH_GROUP_1,12288,0.22190426938709318,0.0024579652723136086,2106824.0331838108,0.9960921492087191,1.0224414851745385,1.0535421188216222e-10,2.277037856577217
1081,0.002520296970342847,ALL:ORIGINAL_PARENT_DEPTH_GROUP_2,12288,0.0011413889726046402,0.00012206313910819842,470761.50436588045,0.9994056296530378,1.0007501050401175,2.327625490761545e-10,1.0198486369606778
1081,0.002520296970342847,ALL:ORIGINAL_PARENT_DEPTH_GROUP_3,12288,0.00204035624066678,0.00021722914850750926,709810.0151239643,0.9994568043010366,1.0005102682065419,4.153155546440747e-10,1.009287130484756
1081,0.002520296970342847,ALL:ORIGINAL_PARENT_DEPTH_GROUP_4,12288,0.014418528378138366,0.0003161109705510813,1165539.8452395808,0.9993603034374324,1.0011737035712447,7.408880293144777e-10,1.0180189535412598
1081,0.002520296970342847,NEAR_OWN_FIRST_DELETE_COLUMNS:ORIGINAL_PARENT_DEPTH_GROUP_1,144,0.22190426938709318,0.022384889453021473,2106824.0331838108,0.9960921492087191,1.0224414851745385,1.0535421188216222e-10,2.277037856577217
1081,0.002520296970342847,NEAR_OWN_FIRST_DELETE_COLUMNS:ORIGINAL_PARENT_DEPTH_GROUP_2,144,0.0011413889726046402,0.0005731342690804853,429654.3375784159,1.000296734819727,1.0007501050401175,2.328066786607494e-10,1.0063865482160006
1081,0.002520296970342847,NEAR_OWN_FIRST_DELETE_COLUMNS:ORIGINAL_PARENT_DEPTH_GROUP_3,144,0.00204035624066678,0.001015965420863709,709810.0151239643,1.0000637231944898,1.0003755269271934,4.153155546440747e-10,1.007696166367089
1081,0.002520296970342847,NEAR_OWN_FIRST_DELETE_COLUMNS:ORIGINAL_PARENT_DEPTH_GROUP_4,144,0.0013749543538412587,0.0006494903599328439,1165539.8452395808,0.9994012158281635,1.0005135518173836,7.409764140081329e-10,1.0089874021576413
1081,0.002520296970342847,FAR_FROM_OWN_FIRST_DELETE_COLUMNS:ORIGINAL_PARENT_DEPTH_GROUP_1,12144,0.01848256618221195,0.0004141663954164997,694020.8164312099,0.99796589692607,1.0039453490147199,1.6877066804901286e-10,1.1059172059849054
1081,0.002520296970342847,FAR_FROM_OWN_FIRST_DELETE_COLUMNS:ORIGINAL_PARENT_DEPTH_GROUP_2,12144,0.0010143684722193915,0.00010574038366516922,470761.50436588045,0.9994056296530378,1.0007039473894253,2.327625490761545e-10,1.0198486369606778
1081,0.002520296970342847,FAR_FROM_OWN_FIRST_DELETE_COLUMNS:ORIGINAL_PARENT_DEPTH_GROUP_3,12144,0.0020116834926604357,0.00018843750653531896,693420.8010839379,0.9994568043010366,1.0005102682065419,4.154228806736971e-10,1.009287130484756
1081,0.002520296970342847,FAR_FROM_OWN_FIRST_DELETE_COLUMNS:ORIGINAL_PARENT_DEPTH_GROUP_4,12144,0.014418528378138366,0.00031001453565925567,1141475.7305772947,0.9993603034374324,1.0011737035712447,7.408880293144777e-10,1.0180189535412598
1082,0.0025261341599057308,ALL:ORIGINAL_PARENT_DEPTH_GROUP_1,12288,0.21857371999292025,0.0024302685375303,2023255.43967398,0.9956817706564527,1.0221498993115712,1.0618160419644072e-10,2.2573753975151374
1082,0.0025261341599057308,ALL:ORIGINAL_PARENT_DEPTH_GROUP_2,12288,0.0015011707898155838,0.0001396250372409274,592317.315775669,0.9995057362042685,1.000681432332618,2.32882700723818e-10,1.0183611948000493
1082,0.0025261341599057308,ALL:ORIGINAL_PARENT_DEPTH_GROUP_3,12288,0.001873763875176136,0.00019351588314721997,638374.5029918433,0.9994620214163672,1.000875240312697,4.150022097062032e-10,1.0085443586411695
1082,0.0025261341599057308,ALL:ORIGINAL_PARENT_DEPTH_GROUP_4,12288,0.012568775821485682,0.00027786708370204166,1267973.6415007608,0.9991634842592911,1.000906849504474,7.417890838929541e-10,1.0172672465492922
1082,0.0025261341599057308,NEAR_OWN_FIRST_DELETE_COLUMNS:ORIGINAL_PARENT_DEPTH_GROUP_1,144,0.21857371999292025,0.02212533896337462,2023255.43967398,0.9956817706564527,1.0221498993115712,1.0618160419644072e-10,2.2573753975151374
1082,0.0025261341599057308,NEAR_OWN_FIRST_DELETE_COLUMNS:ORIGINAL_PARENT_DEPTH_GROUP_2,144,0.0015011707898155838,0.0006595720653697206,392453.494005229,1.0002849550804955,1.0005158968156835,2.330586745367286e-10,1.005630193558254
1082,0.0025261341599057308,NEAR_OWN_FIRST_DELETE_COLUMNS:ORIGINAL_PARENT_DEPTH_GROUP_3,144,0.001873763875176136,0.0008802047702430047,638374.5029918433,1.0001904145277274,1.000519610900388,4.150022097062032e-10,1.0076603373145574
1082,0.0025261341599057308,NEAR_OWN_FIRST_DELETE_COLUMNS:ORIGINAL_PARENT_DEPTH_GROUP_4,144,0.0008289522275492108,0.00046558911826423416,1267973.6415007608,0.9996611063261398,1.0007502138196003,7.420183720178764e-10,1.0107262491891462
1082,0.0025261341599057308,FAR_FROM_OWN_FIRST_DELETE_COLUMNS:ORIGINAL_PARENT_DEPTH_GROUP_1,12144,0.018331271652526536,0.0004141597015960217,544531.6012399296,0.9975230473621203,1.0036026608359783,1.6859943019065113e-10,1.1061246265072404
1082,0.0025261341599057308,FAR_FROM_OWN_FIRST_DELETE_COLUMNS:ORIGINAL_PARENT_DEPTH_GROUP_2,12144,0.0014294948638353233,0.00012069713073521501,592317.315775669,0.9995057362042685,1.000681432332618,2.32882700723818e-10,1.0183611948000493
1082,0.0025261341599057308,FAR_FROM_OWN_FIRST_DELETE_COLUMNS:ORIGINAL_PARENT_DEPTH_GROUP_3,12144,0.0018283055129199822,0.00016942717169967207,636281.1172366131,0.9994620214163672,1.000875240312697,4.150107271913521e-10,1.0085443586411695
1082,0.0025261341599057308,FAR_FROM_OWN_FIRST_DELETE_COLUMNS:ORIGINAL_PARENT_DEPTH_GROUP_4,12144,0.012568775821485682,0.0002748730937315543,1250686.9169194587,0.9991634842592911,1.000906849504474,7.417890838929541e-10,1.0172672465492922
1389,0.004618302264921559,ALL:ORIGINAL_PARENT_DEPTH_GROUP_1,12288,0.3079824592740472,0.0035253990912174453,2096587.474273558,0.9936321927547052,1.0369925827587754,7.009402296047788e-11,3.3583870079044256
1389,0.004618302264921559,ALL:ORIGINAL_PARENT_DEPTH_GROUP_2,12288,0.001658949632768238,0.00016155425531131306,720019.1411091625,0.9993915858286766,1.0010468506540222,2.3263963539013866e-10,1.034853095621163
1389,0.004618302264921559,ALL:ORIGINAL_PARENT_DEPTH_GROUP_3,12288,0.0016154054281843366,0.00021109519291164522,1104101.0389452053,0.9994693202765361,1.0007644899301527,4.1476649163512037e-10,1.0159545416575517
1389,0.004618302264921559,ALL:ORIGINAL_PARENT_DEPTH_GROUP_4,12288,0.0010827538042740364,0.000149336526157054,901494.1213372205,0.9994309057226499,1.000687001062807,7.403452500124123e-10,1.0112059716346493
1389,0.004618302264921559,NEAR_OWN_FIRST_DELETE_COLUMNS:ORIGINAL_PARENT_DEPTH_GROUP_1,144,0.3079824592740472,0.03210872156329881,2096587.474273558,0.9936321927547052,1.0369925827587754,7.009402296047788e-11,3.3583870079044256
1389,0.004618302264921559,NEAR_OWN_FIRST_DELETE_COLUMNS:ORIGINAL_PARENT_DEPTH_GROUP_2,144,0.001658949632768238,0.0007387595142098291,720019.1411091625,1.000392048567271,1.0010468506540222,2.327650346807504e-10,1.0115992741346713
1389,0.004618302264921559,NEAR_OWN_FIRST_DELETE_COLUMNS:ORIGINAL_PARENT_DEPTH_GROUP_3,144,0.0016154054281843366,0.0008933993119826585,1104101.0389452053,1.00017795842001,1.000424882105334,4.1476649163512037e-10,1.0118905458005565
1389,0.004618302264921559,NEAR_OWN_FIRST_DELETE_COLUMNS:ORIGINAL_PARENT_DEPTH_GROUP_4,144,0.0010559886695789796,0.0004461581565658629,901494.1213372205,0.9998862954430305,1.0002336316578886,7.405837041123182e-10,1.0075633731392981
1389,0.004618302264921559,FAR_FROM_OWN_FIRST_DELETE_COLUMNS:ORIGINAL_PARENT_DEPTH_GROUP_1,12144,0.02596302996822973,0.0005923435045072877,933972.3717011759,0.996665590619702,1.004641219376415,1.6352827548187246e-10,1.1651017316082162
1389,0.004618302264921559,FAR_FROM_OWN_FIRST_DELETE_COLUMNS:ORIGINAL_PARENT_DEPTH_GROUP_2,12144,0.0013985051776868125,0.00014120103344814844,614067.1423152124,0.9993915858286766,1.0009982687444798,2.3263963539013866e-10,1.034853095621163
1389,0.004618302264921559,FAR_FROM_OWN_FIRST_DELETE_COLUMNS:ORIGINAL_PARENT_DEPTH_GROUP_3,12144,0.0015534757168766875,0.00018874638659442447,1064579.9260074918,0.9994693202765361,1.0007644899301527,4.1496922749997667e-10,1.0159545416575517
1389,0.004618302264921559,FAR_FROM_OWN_FIRST_DELETE_COLUMNS:ORIGINAL_PARENT_DEPTH_GROUP_4,12144,0.0010827538042740364,0.00014214598348957533,873582.7893069376,0.9994309057226499,1.000687001062807,7.403452500124123e-10,1.0112059716346493
1390,0.00462601123355589,ALL:ORIGINAL_PARENT_DEPTH_GROUP_1,12288,0.30976149072296816,0.003527869172282435,2217514.2316634944,0.9927388929980205,1.0369067965138419,6.84952071366502e-11,3.3521019790198596
1390,0.00462601123355589,ALL:ORIGINAL_PARENT_DEPTH_GROUP_2,12288,0.0015612313270618773,0.00016423475214154924,647430.6175000768,0.9995309706962615,1.0010352339108743,2.325293548706973e-10,1.0321285866053198
1390,0.00462601123355589,ALL:ORIGINAL_PARENT_DEPTH_GROUP_3,12288,0.0015177715032217657,0.0001851969697168596,809270.1429372816,0.9996553345306167,1.0009043690795858,4.1572348269256996e-10,1.0162469987645784
1390,0.00462601123355589,ALL:ORIGINAL_PARENT_DEPTH_GROUP_4,12288,0.0011659547322416689,0.00015182015732895422,931659.6358943817,0.9992288096687376,1.0005720401452067,7.409333474476095e-10,1.0106406333886087
1390,0.00462601123355589,NEAR_OWN_FIRST_DELETE_COLUMNS:ORIGINAL_PARENT_DEPTH_GROUP_1,144,0.30976149072296816,0.03213277638163487,2217514.2316634944,0.9927388929980205,1.0369067965138419,6.84952071366502e-11,3.3521019790198596
1390,0.00462601123355589,NEAR_OWN_FIRST_DELETE_COLUMNS:ORIGINAL_PARENT_DEPTH_GROUP_2,144,0.0015612313270618773,0.0007536738494059421,647430.6175000768,1.000753278773876,1.0010352339108743,2.3256042069776426e-10,1.012539746823001
1390,0.00462601123355589,NEAR_OWN_FIRST_DELETE_COLUMNS:ORIGINAL_PARENT_DEPTH_GROUP_3,144,0.0015177715032217657,0.0007360403210741608,809270.1429372816,1.0004382845802489,1.000827139206139,4.1634727810852037e-10,1.011098843772784
1390,0.00462601123355589,NEAR_OWN_FIRST_DELETE_COLUMNS:ORIGINAL_PARENT_DEPTH_GROUP_4,144,0.0011659547322416689,0.0004944885859929203,931659.6358943817,1.000006301520538,1.0004288925805094,7.413286286801866e-10,1.0070459686313586
1390,0.00462601123355589,FAR_FROM_OWN_FIRST_DELETE_COLUMNS:ORIGINAL_PARENT_DEPTH_GROUP_1,12144,0.025539417301737352,0.000591756398140175,526319.0880858579,0.9969554506232868,1.0043737360778113,1.6339914998078828e-10,1.1725018281408366
1390,0.00462601123355589,FAR_FROM_OWN_FIRST_DELETE_COLUMNS:ORIGINAL_PARENT_DEPTH_GROUP_2,12144,0.0014035345442612015,0.000143378613211325,605936.1789782497,0.9995309706962615,1.0009782355188246,2.325293548706973e-10,1.0321285866053198
1390,0.00462601123355589,FAR_FROM_OWN_FIRST_DELETE_COLUMNS:ORIGINAL_PARENT_DEPTH_GROUP_3,12144,0.0014331954720951416,0.00016816847425942365,788322.22233132,0.9996553345306167,1.0009043690795858,4.1572348269256996e-10,1.0162469987645784
1390,0.00462601123355589,FAR_FROM_OWN_FIRST_DELETE_COLUMNS:ORIGINAL_PARENT_DEPTH_GROUP_4,12144,0.001146099636256634,0.00014290989613879645,916144.6377986188,0.9992288096687376,1.0005720401452067,7.409333474476095e-10,1.0106406333886087
4000,0.02000000000000147,ALL:ORIGINAL_PARENT_DEPTH_GROUP_1,12288,0.4600903042699822,0.008195846119460237,477246.8326033999,0.9801206711517197,1.257174522609609,2.6494747763236734e-11,11.184504696451862
4000,0.02000000000000147,ALL:ORIGINAL_PARENT_DEPTH_GROUP_2,12288,0.0033760203577481458,0.00035615082644847336,87190.20980437894,1.0000217027327964,1.0057810193148757,2.3098876256962233e-10,1.1538474783542951
4000,0.02000000000000147,ALL:ORIGINAL_PARENT_DEPTH_GROUP_3,12288,0.0006776636752805846,0.0001336905671687278,88372.45683394035,1.0001222930462657,1.0019875850446391,4.1604528838876666e-10,1.0615407446802625
4000,0.02000000000000147,ALL:ORIGINAL_PARENT_DEPTH_GROUP_4,12288,0.009988951020846735,0.00015998083213359125,71679.07208650376,1.0000101387312517,1.000914100827092,7.436211722658954e-10,1.0348652458866014
4000,0.02000000000000147,NEAR_OWN_FIRST_DELETE_COLUMNS:ORIGINAL_PARENT_DEPTH_GROUP_1,144,0.4600903042699822,0.07444194071970861,434043.83610694687,0.9801206711517197,1.257174522609609,2.6494747763236734e-11,11.184504696451862
4000,0.02000000000000147,NEAR_OWN_FIRST_DELETE_COLUMNS:ORIGINAL_PARENT_DEPTH_GROUP_2,144,0.002970053574855454,0.0008312767991607876,78530.07327641913,1.0020327649653589,1.0057810193148757,2.3136769782113636e-10,1.0610420627436383
4000,0.02000000000000147,NEAR_OWN_FIRST_DELETE_COLUMNS:ORIGINAL_PARENT_DEPTH_GROUP_3,144,0.0002510770301953641,9.398994679868169e-05,88372.45683394035,1.0008967181796784,1.0019875850446391,4.1696859143156947e-10,1.0096716307575815
4000,0.02000000000000147,NEAR_OWN_FIRST_DELETE_COLUMNS:ORIGINAL_PARENT_DEPTH_GROUP_4,144,0.000170983359977898,7.943496137837846e-05,54128.75823130238,1.000010192193589,1.0008641726853837,7.441909333237094e-10,1.0095943011695816
4000,0.02000000000000147,FAR_FROM_OWN_FIRST_DELETE_COLUMNS:ORIGINAL_PARENT_DEPTH_GROUP_1,12144,0.05675341477146432,0.0015025632260328731,477246.8326033999,0.9991400968103666,1.0124309591600404,1.1100065081560287e-10,1.5122154753757304
4000,0.02000000000000147,FAR_FROM_OWN_FIRST_DELETE_COLUMNS:ORIGINAL_PARENT_DEPTH_GROUP_2,12144,0.0033760203577481458,0.00034663173103860386,87190.20980437894,1.0000217027327964,1.0053860766373002,2.3098876256962233e-10,1.1538474783542951
4000,0.02000000000000147,FAR_FROM_OWN_FIRST_DELETE_COLUMNS:ORIGINAL_PARENT_DEPTH_GROUP_3,12144,0.0006776636752805846,0.00013409082836526444,87111.54530857185,1.0001222930462657,1.0019705809722461,4.1604528838876666e-10,1.0615407446802625
4000,0.02000000000000147,FAR_FROM_OWN_FIRST_DELETE_COLUMNS:ORIGINAL_PARENT_DEPTH_GROUP_4,12144,0.009988951020846735,0.0001606939019724036,71679.07208650376,1.0000101387312517,1.000914100827092,7.436211722658954e-10,1.0348652458866014
END_UTF8_CSV R1_CHILD_OWN_SCALE_AND_GEOMETRY_SELECTED.csv

BEGIN_UTF8_CSV R1_SELECTED_NATIVE_NODES.csv
case,frame,native_time_s,actual_strain,scale,element_label,node_label,X_mm,Z_mm,U1_mm,U2_mm,V1_mm_per_s,V2_mm_per_s
R1,0,0.0,0.0,ORIGINAL_PARENT,1,1,0.0,-0.005,0.0,0.0,-0.0,0.0
R1,0,0.0,0.0,ORIGINAL_PARENT,1,2,3.90625e-05,-0.005,0.0,0.0,0.0,0.0
R1,0,0.0,0.0,ORIGINAL_PARENT,1,515,3.90625e-05,-0.00474070165301692,0.0,0.0,0.0,0.0
R1,0,0.0,0.0,ORIGINAL_PARENT,1,514,0.0,-0.00474070165301692,0.0,0.0,-0.0,0.0
R1,0,0.0,0.0,CHILD_OWN_SCALE,1,1,0.0,-0.005,0.0,0.0,-0.0,0.0
R1,0,0.0,0.0,CHILD_OWN_SCALE,1,2,3.90625e-05,-0.005,0.0,0.0,0.0,0.0
R1,0,0.0,0.0,CHILD_OWN_SCALE,1,27191,3.90625e-05,-0.00487035082650846,0.0,0.0,0.0,0.0
R1,0,0.0,0.0,CHILD_OWN_SCALE,1,27190,0.0,-0.00487035082650846,0.0,0.0,-0.0,0.0
R1,1057,1.3212501471571159e-05,0.0023822427619997906,ORIGINAL_PARENT,257,257,0.01,-0.005,4.226695451770067e-20,0.0,1.1914390733562927e-11,0.0
R1,1057,1.3212501471571159e-05,0.0023822427619997906,ORIGINAL_PARENT,257,258,0.0100390625,-0.005,9.16419873190202e-08,1.1000342736400441e-08,0.01744558756445588,0.0021647718600303154
R1,1057,1.3212501471571159e-05,0.0023822427619997906,ORIGINAL_PARENT,257,771,0.0100390625,-0.00474070165301692,9.278809158057279e-08,-5.895510051633752e-07,0.01767238672662454,-0.1119424722181877
R1,1057,1.3212501471571159e-05,0.0023822427619997906,ORIGINAL_PARENT,257,770,0.01,-0.00474070165301692,6.521385092248121e-20,-5.901916844369968e-07,5.641359226449339e-12,-0.11206736646299324
R1,1057,1.3212501471571159e-05,0.0023822427619997906,CHILD_OWN_SCALE,256,256,0.009960937500000001,-0.005,-9.164198731893232e-08,1.1000342736442793e-08,-0.01744558755881985,0.002164771854839057
R1,1057,1.3212501471571159e-05,0.0023822427619997906,CHILD_OWN_SCALE,256,257,0.01,-0.005,4.226695451770067e-20,0.0,1.1914390733562927e-11,0.0
R1,1057,1.3212501471571159e-05,0.0023822427619997906,CHILD_OWN_SCALE,256,27446,0.01,-0.00487035082650846,5.34288637438578e-20,-2.8989470737747424e-07,9.629959450777544e-12,-0.05501139422552312
R1,1057,1.3212501471571159e-05,0.0023822427619997906,CHILD_OWN_SCALE,256,27445,0.009960937500000001,-0.00487035082650846,-9.136400082656733e-08,-2.923419860755022e-07,-0.01739212551595165,-0.0554908214781093
R1,1058,1.3225006114225835e-05,0.0023879182714846886,ORIGINAL_PARENT,24367,24414,0.011796875,-3.75e-05,4.29117876986199e-06,-1.1554544165805898e-05,1.583195084191505,-0.47710281522565157
R1,1058,1.3225006114225835e-05,0.0023879182714846886,ORIGINAL_PARENT,24367,24415,0.011835937500000001,-3.75e-05,4.386411718357911e-06,-1.1554521827356474e-05,2.687936376145612,-0.4799010732365729
R1,1058,1.3225006114225835e-05,0.0023879182714846886,ORIGINAL_PARENT,24367,24928,0.011835937500000001,0.0,4.398473818077414e-06,-1.1646871678326924e-05,5.864062141873282,-2.2660631500944395
R1,1058,1.3225006114225835e-05,0.0023879182714846886,ORIGINAL_PARENT,24367,24927,0.011796875,0.0,4.284167240234304e-06,-1.1646873664945182e-05,-1.0156007089180974,-2.2656821176812554
R1,1058,1.3225006114225835e-05,0.0023879182714846886,CHILD_OWN_SCALE,50991,51603,0.011796875,-1.875e-05,4.293658845541026e-06,-1.1598643279426915e-05,2.458330012714274,-0.7466110377595294
R1,1058,1.3225006114225835e-05,0.0023879182714846886,CHILD_OWN_SCALE,50991,51604,0.011835937500000001,-1.875e-05,4.38628333805941e-06,-1.1598663489005212e-05,2.4208619811047623,-0.7473943045698715
R1,1058,1.3225006114225835e-05,0.0023879182714846886,CHILD_OWN_SCALE,50991,24928,0.011835937500000001,0.0,4.398473818077414e-06,-1.1646871678326924e-05,5.864062141873282,-2.2660631500944395
R1,1058,1.3225006114225835e-05,0.0023879182714846886,CHILD_OWN_SCALE,50991,24927,0.011796875,0.0,4.284167240234304e-06,-1.1646873664945182e-05,-1.0156007089180974,-2.2656821176812554
R1,1060,1.3250003576104064e-05,0.0023992847122015536,ORIGINAL_PARENT,24367,24414,0.011796875,-3.75e-05,1.0819548250161016e-06,-4.107995728488018e-06,-946.9469371738307,1999.4667647671124
R1,1060,1.3250003576104064e-05,0.0023992847122015536,ORIGINAL_PARENT,24367,24415,0.011835937500000001,-3.75e-05,4.681304925683965e-06,-4.212346625409956e-06,50.25311386318968,1948.649187663044
R1,1060,1.3250003576104064e-05,0.0023992847122015536,ORIGINAL_PARENT,24367,24928,0.011835937500000001,0.0,1.9600385852191014e-05,-1.209012203741675e-05,4332.792841793697,-127.18283397844715
R1,1060,1.3250003576104064e-05,0.0023992847122015536,ORIGINAL_PARENT,24367,24927,0.011796875,0.0,-1.536701854175747e-05,-1.2080937693698885e-05,-5633.228969728463,-120.81086680447513
R1,1060,1.3250003576104064e-05,0.0023992847122015536,CHILD_OWN_SCALE,50991,51603,0.011796875,-1.875e-05,-8.2764745197777e-08,-5.918110030093699e-06,-2090.940475942153,1247.2500992279142
R1,1060,1.3250003576104064e-05,0.0023992847122015536,CHILD_OWN_SCALE,50991,51604,0.011835937500000001,-1.875e-05,5.1782745901821515e-06,-6.023065224805084e-06,1015.7593607049538,1205.1298402048058
R1,1060,1.3250003576104064e-05,0.0023992847122015536,CHILD_OWN_SCALE,50991,24928,0.011835937500000001,0.0,1.9600385852191014e-05,-1.209012203741675e-05,4332.792841793697,-127.18283397844715
R1,1060,1.3250003576104064e-05,0.0023992847122015536,CHILD_OWN_SCALE,50991,24927,0.011796875,0.0,-1.536701854175747e-05,-1.2080937693698885e-05,-5633.228969728463,-120.81086680447513
R1,1061,1.3262505490274634e-05,0.0024049796788102166,ORIGINAL_PARENT,24367,24414,0.011796875,-3.75e-05,3.7174110274084398e-06,-3.302179287801417e-06,-511.53213513656345,731.427577658011
R1,1061,1.3262505490274634e-05,0.0024049796788102166,ORIGINAL_PARENT,24367,24415,0.011835937500000001,-3.75e-05,1.0001380824742958e-05,-3.544772554536921e-06,-92.44099140082405,247.26253322606576
R1,1061,1.3262505490274634e-05,0.0024049796788102166,ORIGINAL_PARENT,24367,24928,0.011835937500000001,0.0,2.7478116401339912e-05,-1.4164433933937796e-05,-2882.422172347674,-78.52411794579939
R1,1061,1.3262505490274634e-05,0.0024049796788102166,ORIGINAL_PARENT,24367,24927,0.011796875,0.0,-1.9251223041613146e-05,-1.4207750589813535e-05,-5746.344733339031,-73.89625735347165
R1,1061,1.3262505490274634e-05,0.0024049796788102166,CHILD_OWN_SCALE,50991,51603,0.011796875,-1.875e-05,1.187301099720628e-06,-6.290577123626885e-06,-2617.067346135116,473.0442554970271
R1,1061,1.3262505490274634e-05,0.0024049796788102166,CHILD_OWN_SCALE,50991,51604,0.011835937500000001,-1.875e-05,1.1154434182785218e-05,-6.8033788615264964e-06,-1344.8947252530138,21.31510573592868
R1,1061,1.3262505490274634e-05,0.0024049796788102166,CHILD_OWN_SCALE,50991,24928,0.011835937500000001,0.0,2.7478116401339912e-05,-1.4164433933937796e-05,-2882.422172347674,-78.52411794579939
R1,1061,1.3262505490274634e-05,0.0024049796788102166,CHILD_OWN_SCALE,50991,24927,0.011796875,0.0,-1.9251223041613146e-05,-1.4207750589813535e-05,-5746.344733339031,-73.89625735347165
R1,1081,1.3512505574908573e-05,0.002520296970342847,ORIGINAL_PARENT,24367,24414,0.011796875,-3.75e-05,-2.886302908042187e-06,1.2188925453487953e-05,809.5977310775909,197.74641734014304
R1,1081,1.3512505574908573e-05,0.002520296970342847,ORIGINAL_PARENT,24367,24415,0.011835937500000001,-3.75e-05,4.0303674221111385e-06,1.2391475034875651e-05,677.8746878954239,56.911780221034924
R1,1081,1.3512505574908573e-05,0.002520296970342847,ORIGINAL_PARENT,24367,24928,0.011835937500000001,0.0,2.540180559447125e-05,9.856791639896433e-07,-163.9238083231708,147.95082004391145
R1,1081,1.3512505574908573e-05,0.002520296970342847,ORIGINAL_PARENT,24367,24927,0.011796875,0.0,-2.4481886980880716e-05,6.593296109364672e-07,70.59176012004004,104.43915297086161
R1,1081,1.3512505574908573e-05,0.002520296970342847,CHILD_OWN_SCALE,50991,51603,0.011796875,-1.875e-05,-5.2230029581622735e-06,8.684668268875514e-06,394.73573547566576,171.18852149483317
R1,1081,1.3512505574908573e-05,0.002520296970342847,CHILD_OWN_SCALE,50991,51604,0.011835937500000001,-1.875e-05,6.20074267011315e-06,8.977547314517984e-06,496.8846490229053,73.30839679014915
R1,1081,1.3512505574908573e-05,0.002520296970342847,CHILD_OWN_SCALE,50991,24928,0.011835937500000001,0.0,2.540180559447125e-05,9.856791639896433e-07,-163.9238083231708,147.95082004391145
R1,1081,1.3512505574908573e-05,0.002520296970342847,CHILD_OWN_SCALE,50991,24927,0.011796875,0.0,-2.4481886980880716e-05,6.593296109364672e-07,70.59176012004004,104.43915297086161
R1,1082,1.3525004760595039e-05,0.0025261341599057308,ORIGINAL_PARENT,24367,24414,0.011796875,-3.75e-05,-3.15873178922448e-06,1.3144125157897889e-05,-610.1250575363981,-67.05363957370385
R1,1082,1.3525004760595039e-05,0.0025261341599057308,ORIGINAL_PARENT,24367,24415,0.011835937500000001,-3.75e-05,3.5719971068800894e-06,1.3069235308682692e-05,-455.78000986947967,143.498917214466
R1,1082,1.3525004760595039e-05,0.0025261341599057308,ORIGINAL_PARENT,24367,24928,0.011835937500000001,0.0,2.4642330382821072e-05,1.6888428211146468e-06,227.25457487518736,57.63465868884068
R1,1082,1.3525004760595039e-05,0.0025261341599057308,ORIGINAL_PARENT,24367,24927,0.011796875,0.0,-2.4473766235030853e-05,1.8401688672327134e-06,557.000677352495,33.2689639034739
R1,1082,1.3525004760595039e-05,0.0025261341599057308,CHILD_OWN_SCALE,50991,51603,0.011796875,-1.875e-05,-5.310313087315159e-06,9.784958952482336e-06,148.37311053896514,56.40566588258552
R1,1082,1.3525004760595039e-05,0.0025261341599057308,CHILD_OWN_SCALE,50991,51604,0.011835937500000001,-1.875e-05,5.923068961225121e-06,9.617530650171773e-06,154.01730245355168,-21.6011573282713
R1,1082,1.3525004760595039e-05,0.0025261341599057308,CHILD_OWN_SCALE,50991,24928,0.011835937500000001,0.0,2.4642330382821072e-05,1.6888428211146468e-06,227.25457487518736,57.63465868884068
R1,1082,1.3525004760595039e-05,0.0025261341599057308,CHILD_OWN_SCALE,50991,24927,0.011796875,0.0,-2.4473766235030853e-05,1.8401688672327134e-06,557.000677352495,33.2689639034739
R1,1389,1.7362503058393486e-05,0.004618302264921559,ORIGINAL_PARENT,24367,24414,0.011796875,-3.75e-05,-9.613931538887146e-06,-1.0557078719419788e-05,-1433.2047086364616,-146.34329483283855
R1,1389,1.7362503058393486e-05,0.004618302264921559,ORIGINAL_PARENT,24367,24415,0.011835937500000001,-3.75e-05,7.517607686870825e-06,-1.1013885005344699e-05,-1597.7783665513857,-141.30354965248605
R1,1389,1.7362503058393486e-05,0.004618302264921559,ORIGINAL_PARENT,24367,24928,0.011835937500000001,0.0,4.588248691655249e-05,-3.0483775855663867e-05,-709.3690414360141,-267.5636567387555
R1,1389,1.7362503058393486e-05,0.004618302264921559,ORIGINAL_PARENT,24367,24927,0.011796875,0.0,-4.6236757470430884e-05,-2.931034507205015e-05,-2.689301071425768,117.19758415755233
R1,1389,1.7362503058393486e-05,0.004618302264921559,CHILD_OWN_SCALE,50991,51603,0.011796875,-1.875e-05,-2.0047785871903275e-05,-1.7999229390593223e-05,-786.7439476294321,-38.033174046740186
R1,1389,1.7362503058393486e-05,0.004618302264921559,CHILD_OWN_SCALE,50991,51604,0.011835937500000001,-1.875e-05,1.8693762222365298e-05,-1.8822520151055054e-05,-1232.6651495541416,-169.71920485418872
R1,1389,1.7362503058393486e-05,0.004618302264921559,CHILD_OWN_SCALE,50991,24928,0.011835937500000001,0.0,4.588248691655249e-05,-3.0483775855663867e-05,-709.3690414360141,-267.5636567387555
R1,1389,1.7362503058393486e-05,0.004618302264921559,CHILD_OWN_SCALE,50991,24927,0.011796875,0.0,-4.6236757470430884e-05,-2.931034507205015e-05,-2.689301071425768,117.19758415755233
R1,1390,1.737500133458525e-05,0.00462601123355589,ORIGINAL_PARENT,24367,24414,0.011796875,-3.75e-05,-8.05806756137544e-06,-9.799223051753105e-06,-469.663507296053,149.8449714327043
R1,1390,1.737500133458525e-05,0.00462601123355589,ORIGINAL_PARENT,24367,24415,0.011835937500000001,-3.75e-05,8.44228082495306e-06,-1.2190398766509413e-05,-81.56828906641786,216.40793994687465
R1,1390,1.737500133458525e-05,0.00462601123355589,ORIGINAL_PARENT,24367,24928,0.011835937500000001,0.0,4.603334705235532e-05,-3.190861777662276e-05,836.0906208346764,-95.43579669068362
R1,1390,1.737500133458525e-05,0.00462601123355589,ORIGINAL_PARENT,24367,24927,0.011796875,0.0,-4.5787788706297125e-05,-2.8016830744568565e-05,17.38879625261809,116.64077890741238
R1,1390,1.737500133458525e-05,0.00462601123355589,CHILD_OWN_SCALE,50991,51603,0.011796875,-1.875e-05,-1.876548640325988e-05,-1.692830511068025e-05,-264.74550940869364,132.80224746434746
R1,1390,1.737500133458525e-05,0.00462601123355589,CHILD_OWN_SCALE,50991,51604,0.011835937500000001,-1.875e-05,1.937318466629518e-05,-2.0108368160443647e-05,444.78521517839533,16.789391858702395
R1,1390,1.737500133458525e-05,0.00462601123355589,CHILD_OWN_SCALE,50991,24928,0.011835937500000001,0.0,4.603334705235532e-05,-3.190861777662276e-05,836.0906208346764,-95.43579669068362
R1,1390,1.737500133458525e-05,0.00462601123355589,CHILD_OWN_SCALE,50991,24927,0.011796875,0.0,-4.5787788706297125e-05,-2.8016830744568565e-05,17.38879625261809,116.64077890741238
R1,4000,4.999999873689376e-05,0.02000000000000147,ORIGINAL_PARENT,24367,24414,0.011796875,-3.75e-05,-0.00012364886931552784,-7.153391820158305e-05,180.47055300888763,-73.07179192814088
R1,4000,4.999999873689376e-05,0.02000000000000147,ORIGINAL_PARENT,24367,24415,0.011835937500000001,-3.75e-05,0.00012599691839538079,-7.249105126871498e-05,158.19706373942995,-9.75987334239646
R1,4000,4.999999873689376e-05,0.02000000000000147,ORIGINAL_PARENT,24367,24928,0.011835937500000001,0.0,0.00019905532899955783,-0.00010503934124166026,-6.005608173428151,-8.875222081624594
R1,4000,4.999999873689376e-05,0.02000000000000147,ORIGINAL_PARENT,24367,24927,0.011796875,0.0,-0.0001987755038871277,-0.00010394051620284749,0.2544263373744653,-72.91944625150802
R1,4000,4.999999873689376e-05,0.02000000000000147,CHILD_OWN_SCALE,50991,51603,0.011796875,-1.875e-05,-0.00015839590004154303,-8.754643663076397e-05,98.71868904540625,-73.4395386954051
R1,4000,4.999999873689376e-05,0.02000000000000147,CHILD_OWN_SCALE,50991,51604,0.011835937500000001,-1.875e-05,0.000159693121240942,-8.857458489808581e-05,84.61409957102019,-8.827185764360973
R1,4000,4.999999873689376e-05,0.02000000000000147,CHILD_OWN_SCALE,50991,24928,0.011835937500000001,0.0,0.00019905532899955783,-0.00010503934124166026,-6.005608173428151,-8.875222081624594
R1,4000,4.999999873689376e-05,0.02000000000000147,CHILD_OWN_SCALE,50991,24927,0.011796875,0.0,-0.0001987755038871277,-0.00010394051620284749,0.2544263373744653,-72.91944625150802
END_UTF8_CSV R1_SELECTED_NATIVE_NODES.csv

本次artifact bytes/SHA关联；这些路径是本地归档标识，不是网页版附件或独立可访问证据：
{
  "CASE_CONTRACT.json": {
    "sha256": "2686c7aeae825f6fc536bdfa7cd29aa4d3fa0b7a5e1845efc7e54df10bf11ebd",
    "bytes": 2228
  },
  "PDMS_PARENT_CHILD_MESH_AUDIT.json": {
    "sha256": "d851cf2c786393164a0ade5bdb6e70091479631a2958c0e99235d8fd7517da4c",
    "bytes": 2617
  },
  "PDMS_PARENT_CHILD_MAP.csv": {
    "sha256": "c56cbbe643e234e3e159658aaab9c86c5333f3a561ae1848a8d27f401c2ed389",
    "bytes": 2523071
  },
  "R1_ANALYSIS_AUDIT.json": {
    "sha256": "20ff074f0228dbf005943d4190582c77e6e324ec2ff66491af4000b6beadf0ba",
    "bytes": 1508
  },
  "R1_EXTRACTION_PREFLIGHT.json": {
    "sha256": "4b969f40387babfe9699b6644318cddb29ccdd5884f5f62efd132ea83e4c6d10",
    "bytes": 4651
  },
  "R1_NATIVE_EXTRACTION_EXPECTATION.json": {
    "sha256": "627a1807af9e7ea1e2371fc4ac5df46a659b468b7c7412b1a06adb871949d85f",
    "bytes": 857
  },
  "R1_EXTRACTION_COMPLETION_EVIDENCE_TRANSFER.json": {
    "sha256": "2bbcf2b47cc704dc2425af67a8647bdc689a345343caed57b1df72d06270a037",
    "bytes": 3337
  },
  "R1_EXTRACTION_TRANSFER_AUDIT.json": {
    "sha256": "12970188083d02580ceaee57c45bc490a8e99909ed9c7dcd26b24f8e2779ae4f",
    "bytes": 2687
  },
  "R1_NATIVE_AND_PATH_AUDIT.json": {
    "sha256": "0dacc01916a282a7a6212df978d74961bb71b00ab1a8452c985a72f2871422c5",
    "bytes": 2898944
  },
  "R1_FL1_COMPARISON_AUDIT.json": {
    "sha256": "9d57427502330b3caae449d902c00ed107af4beb1d451b43640db2c80c1a222e",
    "bytes": 26513
  },
  "R1_FL1_SAME_STRAIN_AND_PARENT_SCALE_COMPARISON.csv": {
    "sha256": "8a057f36e6fcd1ead1c219967844b218272f129740b2a52531518041d97fca48",
    "bytes": 10659837
  },
  "R1_FL1_SAME_STRAIN_METRICS.csv": {
    "sha256": "bd7c70dfc5affde76f9bd4d270ead5590396c2e79e79709fbb17159ad33b8b34",
    "bytes": 4452
  },
  "R1_FL1_NATIVE_ENERGY_PEAKS_AND_CROSSINGS.csv": {
    "sha256": "dc1e36551132ac93d22952a71079d083da4d235113056ebba1dfe77ec56a8db6",
    "bytes": 2236
  },
  "R1_FL1_ORIGINAL_PARENT_SCALE_SELECTED.csv": {
    "sha256": "a19ba37ff527e721f0abeb604e4bd35481413470981fec79e85b1a2d3a8a8808",
    "bytes": 56815
  },
  "R1_CHILD_OWN_SCALE_AND_GEOMETRY_SELECTED.csv": {
    "sha256": "375cca83b5129c794204c5e095b8bed2d167d1e524f85cb5b5bcb10f19bf24c0",
    "bytes": 25937
  },
  "R1_SELECTED_NATIVE_NODES.csv": {
    "sha256": "2f1538473297cb829b4025e3f5ac67991ad6327c63976156e59ac5235aa7d898",
    "bytes": 14232
  },
  "R1_PLOTS_GENERATION_RECEIPT.json": {
    "sha256": "9079a2aee5db2ecd51a785df64fae6734a70f3212036afff8915837ace19fb4b",
    "bytes": 1184
  },
  "R1_REAL_IMAGE_REVIEW_RECEIPT.json": {
    "sha256": "4a5d71f45673e1b3d99156c5cb04bf8f030296e8687fa5258fc538035d76ee00",
    "bytes": 1229
  },
  "BUDGET_LEDGER.json": {
    "sha256": "146360cd043059ff3f33ba240b25e5f00f73cb236a5ffae5109291e20b33f978",
    "bytes": 8080
  }
}

请按本project/client/package给下一项唯一科学决策或收口裁定；当前没有自动新case/控制/材料/预起皱许可。所有新原生额度必须明确逐项授权。
END_R1_REPORT
