actual_macro_strain,R1:force_N_per_1mm_b,FL1:force_N_per_1mm_b,R1:W_path_N_mm,FL1:W_path_N_mm,R1:ALLWK,FL1:ALLWK,R1:ALLAE,FL1:ALLAE,R1:PDMS:ALLAE,FL1:PDMS:ALLAE,R1:ITO:ALLKE,FL1:ITO:ALLKE,R1:PDMS:ALLKE,FL1:PDMS:ALLKE,R1:ALLKE,FL1:ALLKE
0.018029641069006175,0.0011699928145496585,0.0008291709235037548,1.1088635998032732e-06,1.1378746247780788e-06,1.1089055078628007e-06,1.137891926386038e-06,1.3237861651305138e-07,1.420585479706432e-07,1.3219191430380306e-07,1.418749437277228e-07,2.656192280015013e-11,1.6594115162668597e-11,5.75910386046985e-09,2.153856125558722e-09,5.785353085485667e-09,2.1710768172239478e-09
0.018030666979029775,0.0010246669192015185,0.0010109819492986338,1.1088861129226955e-06,1.1378935004451517e-06,1.108928780653483e-06,1.137910658144392e-06,1.3239697931252876e-07,1.4204472620349406e-07,1.3221026291255443e-07,1.4186112196057366e-07,4.605793628529894e-11,2.921540440126158e-11,5.920318490406369e-09,2.029663104252677e-09,5.968597487196682e-09,2.05801398145411e-09
0.018030668434221298,0.001024460783179748,0.0010112125309078431,1.1088861448561983e-06,1.1378935322375142e-06,1.1089288136645337e-06,1.1379106901892657e-06,1.3239700535905286e-07,1.420447393877856e-07,1.3221028893894982e-07,1.418611351448652e-07,4.608559020513603e-11,2.919607776101668e-11,5.920547163640322e-09,2.0296558755370968e-09,5.968857408333861e-09,2.057989701222523e-09
0.018031694344244897,0.0006726590568653819,0.0011737725654004105,1.1089035506593608e-06,1.1379159458530715e-06,1.108946069587381e-06,1.1379332818250987e-06,1.3240184439662766e-07,1.4205403431333252e-07,1.3221509959507255e-07,1.418704300704121e-07,1.3482788653049518e-11,1.557079638836445e-11,6.167696839247413e-09,2.02455963105308e-09,6.17914356886761e-09,2.0408721379538974e-09
0.01803169579943642,0.0006721600473245104,0.0011737806344231303,1.1089035753484433e-06,1.1379159800972475e-06,1.1089460940638673e-06,1.1379333164464445e-06,1.3240185126051074e-07,1.4205406305710098e-07,1.3221510641869827e-07,1.4187045877392318e-07,1.3436543544464996e-11,1.5572039158022486e-11,6.1680474061631685e-09,2.0247694172861616e-09,6.179441847109501e-09,2.0410820578540567e-09
0.01803272170946002,0.0008044048050948049,0.0011794692954405495,1.1089187235752693e-06,1.1379401222413775e-06,1.1089600775449071e-06,1.1379577244952088e-06,1.323869582847692e-07,1.4207432741386583e-07,1.322001850212473e-07,1.41890694749236e-07,2.9830925923901574e-11,1.6448191766937903e-11,5.589342766398886e-09,2.172668711608594e-09,5.619517740029778e-09,2.1890755874665047e-09
0.01803374761948362,0.0010997226440910058,0.001054415879140791,1.1089382625070729e-06,1.1379630398932992e-06,1.1089801716129597e-06,1.1379808029232663e-06,1.32386291320646e-07,1.4208988829977898e-07,1.3219950386639806e-07,1.4190624142429442e-07,1.6057686484593825e-11,2.0233625538934596e-11,6.2972395953729025e-09,2.103311969037236e-09,6.315279724410979e-09,2.1234951574911065e-09
0.018033749074675143,0.0011001415346427734,0.0010542742513654742,1.1089382902218698e-06,1.1379630691278665e-06,1.1089802001151838e-06,1.137980831788435e-06,1.323862903745976e-07,1.420898817285185e-07,1.3219950290022098e-07,1.4190623487319118e-07,1.6038149974750837e-11,2.0220938721223162e-11,6.2982437043501704e-09,2.1033929082326923e-09,6.316266620842725e-09,2.123563498096149e-09
0.01803477352950722,0.0009147384819860108,0.0009545682975424796,1.1089589290595912e-06,1.1379836502633404e-06,1.109001769975345e-06,1.1380011528672185e-06,1.324050788580538e-07,1.4208525556114182e-07,1.3221829138367718e-07,1.4190162289651198e-07,4.218440267116579e-11,1.1289419052373795e-11,5.759249972119028e-09,2.160374101833895e-09,5.797338978299781e-09,2.1716752840461595e-09
0.018034774984698743,0.0009144751253771233,0.0009546173816152569,1.108958958376122e-06,1.1379836785484926e-06,1.109001800614351e-06,1.1380011809260975e-06,1.3240510554624052e-07,1.4208523465808318e-07,1.322183180718639e-07,1.419016019732961e-07,4.222154223465502e-11,1.1292724825090039e-11,5.758484356022109e-09,2.1600036274971076e-09,5.796601865171169e-09,2.1713057741073583e-09
0.01803579943953082,0.0006709427303044729,0.0009891725688504494,1.1089751967220904e-06,1.1380035912957214e-06,1.1090172400932032e-06,1.138020934376982e-06,1.324055028857698e-07,1.4207051890480216e-07,1.322187012206957e-07,1.418868720293176e-07,4.164226313557689e-11,1.3619988817326067e-11,5.620033703031022e-09,1.8991896943987285e-09,5.665326383590612e-09,1.9111707771912734e-09
0.018035800894722342,0.0006705968036069265,0.0009892444055644616,1.1089752197879228e-06,1.1380036208214123e-06,1.109017262024281e-06,1.1380209640484403e-06,1.3240550345017255e-07,1.4207052067863934e-07,1.3221870176494122e-07,1.4188687380315478e-07,4.164144029594752e-11,1.3620604977571431e-11,5.61983704017166e-09,1.899112820351805e-09,5.665139912736095e-09,1.9110996681151992e-09
0.01803682534955442,0.0008666383591015763,0.0010398174522290304,1.1089909709206077e-06,1.1380244069077256e-06,1.1090325879775536e-06,1.1380418527551228e-06,1.323949739526465e-07,1.420717694600171e-07,1.322081438860202e-07,1.4188812258453254e-07,4.692409026352971e-11,1.4054381790307158e-11,6.244979836014541e-09,1.8449934913178367e-09,6.289794016434698e-09,1.8610388785589294e-09
0.018036826804745942,0.0008669168272201766,0.0010397368483820693,1.1089909932943756e-06,1.1380244363434734e-06,1.1090326097473735e-06,1.1380418822653232e-06,1.3239495899597387e-07,1.4207178669445793e-07,1.322081288890331e-07,1.4188813979881613e-07,4.6931594027688206e-11,1.4058784517258887e-11,6.245867822940454e-09,1.8458874239998517e-09,6.290681309195634e-09,1.8619356789233951e-09
0.01803785125957802,0.000955569015287616,0.0009829917401213972,1.1090096651287123e-06,1.1380451591099883e-06,1.1090521361470984e-06,1.1380626574464259e-06,1.3240331731678633e-07,1.420839197407986e-07,1.3221645882845062e-07,1.4190025865445932e-07,4.048469018161577e-11,1.715830429127596e-11,5.0476137539227296e-09,2.4752160321384054e-09,5.085245860337235e-09,2.4932831355073404e-09
0.018037852714769542,0.0009556949416911209,0.0009829435749877206,1.1090096916512042e-06,1.1380451872253833e-06,1.1090521638834616e-06,1.1380626853836744e-06,1.3240332918940112e-07,1.4208392224384686e-07,1.3221647066075093e-07,1.419002611373217e-07,4.0475532647743506e-11,1.715254275961621e-11,5.045911688483784e-09,2.4748807378460747e-09,5.083533594074652e-09,2.4929388055135297e-09
0.018038875714410096,0.0006504836847916372,0.0009490834860130803,1.1090261184113715e-06,1.1380649523480017e-06,1.1090686250593185e-06,1.1380823252693517e-06,1.32414837821832e-07,1.4208568188678328e-07,1.3222795091184414e-07,1.419020065895893e-07,3.855900590831128e-11,1.3102186002811322e-11,5.528647643859852e-09,2.2391688503375917e-09,5.5716939326155845e-09,2.2508748198646344e-09
0.01803887716960162,0.0006500495293764175,0.0009492249949830161,1.109026141778029e-06,1.1380649814217213e-06,1.1090686484749313e-06,1.1380823539732625e-06,1.3241485419257515e-07,1.4208567303775459e-07,1.3222796724221553e-07,1.4190199772040336e-07,3.855627969673314e-11,1.3105010272884452e-11,5.5293343237394765e-09,2.2390975677202733e-09,5.57238832854523e-09,2.2508093756031195e-09
0.018039901624433696,0.0006516315870577216,0.001048847309817802,1.1090394769131245e-06,1.1380854493203006e-06,1.1090812677139184e-06,1.1381025615264662e-06,1.3240683927051577e-07,1.420794433215633e-07,1.3221992389844672e-07,1.418957538135146e-07,2.7685319314851853e-11,1.5093296404367074e-11,5.903713962140955e-09,2.188914605127934e-09,5.928492807782959e-09,2.204736615496472e-09
0.018040926079265773,0.0009339244294132437,0.0011612540524623682,1.1090557202183505e-06,1.1381080908105003e-06,1.1090975249317125e-06,1.1381254125808482e-06,1.3240065754871466e-07,1.4208157494977058e-07,1.322137279657909e-07,1.4189788544172188e-07,3.360595482448936e-11,1.0834919766944395e-11,5.1846513748898815e-09,2.187720449242647e-09,5.21919130136439e-09,2.1974313479944385e-09
0.01804195053409785,0.000901206945568167,0.001141050758064921,1.1090745203103965e-06,1.138131676883381e-06,1.1091168516941252e-06,1.1381492868167697e-06,1.324086298382099e-07,1.4209666687747813e-07,1.322216718335767e-07,1.4191297736942943e-07,2.7142366479382396e-11,1.8165186368990227e-11,6.357310677884698e-09,1.8567184456586006e-09,6.38807629016469e-09,1.874427724146699e-09
0.018042973533738405,0.0008516228822089551,0.0009842863673670266,1.109092451031691e-06,1.1381534190745347e-06,1.1091344481234893e-06,1.1381711146896123e-06,1.3241241874679072e-07,1.4211086352133862e-07,1.3222544655148868e-07,1.419271598024352e-07,2.704384595939687e-11,3.008450433217291e-11,5.7058095325544156e-09,1.912066061038331e-09,5.726312630511215e-09,1.9425250297189223e-09
0.018042974988929927,0.0008515523501131383,0.0009841177436514387,1.1090924765376958e-06,1.1381534459935645e-06,1.109134473153972e-06,1.1381711413349649e-06,1.3241242413641885e-07,1.4211086055401526e-07,1.3222545192093094e-07,1.419271567947401e-07,2.704370581640969e-11,3.006587743576582e-11,5.704882788393206e-09,1.9121287567833915e-09,5.725371288178849e-09,1.942568715733324e-09
0.01804399798857048,0.0009459981192389958,0.0008655752715931442,1.1091108668469028e-06,1.1381723700714819e-06,1.1091528642607913e-06,1.1381898730178364e-06,1.3241328976721822e-07,1.4210877452569548e-07,1.3222628917039261e-07,1.4192504238508263e-07,3.362006052391431e-11,1.6971169261581487e-11,5.1241256749076395e-09,1.956203865560724e-09,5.161922799554943e-09,1.9732799838578785e-09
0.018043999443762004,0.0009461324659945092,0.0008656838251687078,1.10911089300666e-06,1.1381723963735405e-06,1.109152890421683e-06,1.1381898988925078e-06,1.3241329099855648e-07,1.4210875360359784e-07,1.3222629036135913e-07,1.4192502144277042e-07,3.362941522477847e-11,1.698906748449236e-11,5.123299562370676e-09,1.956357923455662e-09,5.161121308105976e-09,1.9734527216105403e-09
0.018045020988211036,0.0007981027781481695,0.0009418884352143664,1.109128708990859e-06,1.1381908604187056e-06,1.10917139501641e-06,1.1382080629118718e-06,1.3242306834960475e-07,1.4209406629106525e-07,1.322360535217673e-07,1.4191031993959768e-07,2.705235840242658e-11,2.9553619967925826e-11,6.060642340446286e-09,2.0645065657021178e-09,6.085980313986372e-09,2.0947146239791437e-09
0.01804502244340256,0.0007978919096469639,0.0009421543421772047,1.109128734369754e-06,1.1381908905514942e-06,1.1091714213762316e-06,1.1382080929911773e-06,1.3242308227745525e-07,1.4209405614334253e-07,1.322360674294032e-07,1.4191030979187497e-07,2.7042989375614113e-11,2.95608857202531e-11,6.061977586568901e-09,2.064653953730879e-09,6.087297776957712e-09,2.094868347385836e-09
0.01804604398785159,0.0006554773727222238,0.0011288210300897106,1.1091435791105777e-06,1.1382120437690925e-06,1.1091856120163598e-06,1.138229208663688e-06,1.3242435943506677e-07,1.4208693244199821e-07,1.3223731620573446e-07,1.4190318609053065e-07,1.7527349277189236e-11,3.4661443854000495e-11,5.18027542152066e-09,2.1681203499213098e-09,5.1981566122798055e-09,2.202782178883922e-09
0.018046045443043113,0.0006552745030115048,0.0011289175524249566,1.109143600256932e-06,1.1382120776095315e-06,1.1091856322309468e-06,1.1382292431093444e-06,1.3242436125437962e-07,1.4208695657821518e-07,1.3223731798461813e-07,1.4190321022674761e-07,1.7513794234313984e-11,3.464926637157044e-11,5.179019435530563e-09,2.168083700874939e-09,5.196890029424139e-09,2.202733298117252e-09
0.018047066987492144,0.0008436923771575243,0.0011966762317676682,1.1091589156117302e-06,1.1382358335977224e-06,1.109200504021801e-06,1.1382534239601227e-06,1.3241855728256722e-07,1.4210390020252817e-07,1.3223148563152548e-07,1.419201538510606e-07,1.5529857170961898e-11,2.6100673705675703e-11,6.275406917044661e-09,2.1423560703226485e-09,6.2933834972816946e-09,2.168418999914934e-09
0.018047068442683667,0.0008439607786876469,0.0011964718447707544,1.109158937428475e-06,1.1382358663347064e-06,1.1092005252066883e-06,1.138253456950329e-06,1.324185490148011e-07,1.421039359823473e-07,1.3223147732333018e-07,1.4192018961066513e-07,1.552703104978903e-11,2.6126543994675086e-11,6.2769687225738835e-09,2.1424215302092508e-09,6.294945453788614e-09,2.1685108903741396e-09
0.0180480899871327,0.000991521176705322,0.001052992172937195,1.1091776898397897e-06,1.138258847697416e-06,1.1092199380023836e-06,1.138276616075018e-06,1.324262261511104e-07,1.4212905341537407e-07,1.3223914026899938e-07,1.419452928530518e-07,1.2992159532795657e-11,4.428748687224093e-11,5.300486385194889e-09,2.1883743706041514e-09,5.307566035163732e-09,2.2330179927365634e-09
0.01804809144232422,0.0009917313767024982,0.0010527884322204819,1.1091777165526263e-06,1.1382588762622199e-06,1.1092199656559387e-06,1.1382766442538068e-06,1.3242623708720203e-07,1.4212905584458e-07,1.322391511848764e-07,1.4194529526201435e-07,1.2988548604708772e-11,4.4268188300913366e-11,5.299095384714292e-09,2.1884540387534053e-09,5.306159511775377e-09,2.2330778894268935e-09
0.01804911153158173,0.0008867730880977863,0.0009099661898046563,1.1091968774475293e-06,1.1382789001896076e-06,1.1092391513624602e-06,1.1382963975847815e-06,1.3243151599461768e-07,1.421307587179399e-07,1.3224443009229205e-07,1.419469839447629e-07,1.6495598308622767e-11,3.0739889800290854e-11,5.282880393983985e-09,2.244301411380434e-09,5.304685462023222e-09,2.275065469348192e-09
0.018049112986773252,0.0008866233615805186,0.0009100849874939906,1.1091969047811883e-06,1.1382789278918667e-06,1.1092391787315137e-06,1.138296424837371e-06,1.3243152352515608e-07,1.4213073289651452e-07,1.3224443762283045e-07,1.4194695810318029e-07,1.6500601232594114e-11,3.0747378451440006e-11,5.282857262756124e-09,2.2443684842840085e-09,5.304683359241835e-09,2.275140311608241e-09
0.018050135986413807,0.0008035444165415129,0.0009935997630960052,1.1092141951914833e-06,1.1382984025800224e-06,1.1092563454440096e-06,1.138315583407767e-06,1.3243185037481453e-07,1.421125804344751e-07,1.3224475026163418e-07,1.4192879147060064e-07,4.3819840117587106e-11,3.601190020929294e-11,5.91154947215955e-09,2.291520735497089e-09,5.952077941628886e-09,2.3277544204226634e-09
0.01805013744160533,0.0008034474057195428,0.0009937185607853394,1.1092142175866952e-06,1.1382984302822816e-06,1.1092563681165983e-06,1.1383156106603565e-06,1.3243186175159566e-07,1.4211255461304972e-07,1.3224476161817193e-07,1.4192876562901802e-07,4.380340232767187e-11,3.601938886044209e-11,5.910125469743091e-09,2.2915878084006636e-09,5.9506428882232445e-09,2.3278292626827124e-09
0.018051157530862838,0.0007354428195185392,0.0011770604141293042,1.1092299166301646e-06,1.1383205768333841e-06,1.1092722616012907e-06,1.138337748014035e-06,1.3243983687516447e-07,1.4210436663031093e-07,1.322527225511294e-07,1.4192056345566788e-07,3.2280511597093664e-11,3.4904026210940563e-11,4.91189977580575e-09,2.1942572877395436e-09,4.944670450868216e-09,2.2281927676800744e-09
0.01805115898605436,0.0007353316132319288,0.001177321957429367,1.109229936898346e-06,1.1383206084261816e-06,1.1092722811968852e-06,1.1383377795937122e-06,1.324398340208475e-07,1.4210435494987905e-07,1.3225271967656905e-07,1.4192055175499263e-07,3.230569985609833e-11,3.4902435108730145e-11,4.913410072599994e-09,2.194118442488957e-09,4.946209473655237e-09,2.2280506328797856e-09
0.01805217907531187,0.000657376006317989,0.0012121719493648733,1.1092441448935649e-06,1.138344983903968e-06,1.109286017708655e-06,1.1383626415447666e-06,1.3243783314464963e-07,1.4212054643740935e-07,1.3225070460975985e-07,1.4193671486130024e-07,4.996266941836858e-11,3.140406831977022e-11,5.9721281253644065e-09,1.9938217329130287e-09,6.025064447356954e-09,2.0252197905395106e-09
0.018052180530503392,0.0006577600335313142,0.0012122216640466643,1.109244167943145e-06,1.138345018676404e-06,1.1092860402514088e-06,1.1383626770111732e-06,1.3243781457525888e-07,1.421205695351091e-07,1.3225068599982457e-07,1.4193673791851324e-07,4.997396793715422e-11,3.1399077782268137e-11,5.9711386464582414e-09,1.9935360029421645e-09,6.024073597539163e-09,2.024930445543305e-09
0.018053199164569378,0.0009265790828589526,0.0010500047167586013,1.1092603026492733e-06,1.1383680601244016e-06,1.1093018201790983e-06,1.138385836041739e-06,1.324248160017305e-07,1.4214401237732403e-07,1.322376590451313e-07,1.4196016657014571e-07,5.7882931087105405e-11,4.5308675617828096e-11,5.278503412142754e-09,2.168963309163107e-09,5.330478725085186e-09,2.2151452255932948e-09
0.0180532006197609,0.0009268972496786747,0.0010497729782624754,1.1092603328664893e-06,1.1383680930407558e-06,1.1093018514348813e-06,1.1383858691260684e-06,1.3242482456468142e-07,1.421440458670986e-07,1.322376675271087e-07,1.4196020003964804e-07,5.789248019619512e-11,4.5328546471878894e-11,5.278302463040509e-09,2.1692139196005655e-09,5.3303049571525696e-09,2.215416960993366e-09
0.01805422070901841,0.001149932190303904,0.0009060876869472122,1.1092815151349178e-06,1.1383880424743973e-06,1.1093237617387786e-06,1.1384055089321524e-06,1.3243082719327504e-07,1.421436911018153e-07,1.3224361339325696e-07,1.419598310837534e-07,6.458640566808782e-11,2.2473813391245048e-11,5.137437142366252e-09,2.284302216517789e-09,5.208493636388312e-09,2.306533545989002e-09
0.018054222164209932,0.0011493361658526647,0.0009058827150623117,1.1092815425223678e-06,1.1383880709329332e-06,1.1093237902821215e-06,1.1384055369489943e-06,1.3243085816928932e-07,1.4214369059573073e-07,1.3224364434899897e-07,1.4195983055742545e-07,6.465504320707519e-11,2.2441210348334018e-11,5.139016682795598e-09,2.284466393831508e-09,5.210127738973687e-09,2.3066635268520486e-09
0.018055240798275918,0.0007321190499851582,0.0010101258765498591,1.109300713737441e-06,1.1384075895660923e-06,1.1093437706222176e-06,1.1384247226164728e-06,1.3245254137927986e-07,1.4212091471089118e-07,1.3226531336840708e-07,1.419370546725859e-07,1.127013204982319e-10,3.384078481903809e-11,6.24469498333724e-09,2.080590739162652e-09,6.353999548736056e-09,2.1133793681627093e-09
0.01805524225346744,0.000731716330065909,0.0010102747953519842,1.109300730936807e-06,1.1384076174498539e-06,1.1093437863534918e-06,1.1384247500245692e-06,1.3245254050757266e-07,1.4212088217391283e-07,1.322653124358831e-07,1.4193702213560755e-07,1.1262304741913741e-10,3.385706992542481e-11,6.242414670134751e-09,2.0802994882274106e-09,6.35164423323723e-09,2.11310324793601e-09
0.018056260887533426,0.00044981238659147493,0.001230721945811906,1.1093127704930565e-06,1.1384304482140053e-06,1.1093547982454766e-06,1.1384476820058159e-06,1.324519303125271e-07,1.4210975675726845e-07,1.3226465966909018e-07,1.4192588252838073e-07,5.7831892052995215e-11,2.7523628664681944e-11,4.64619542839273e-09,1.8844854147598454e-09,4.702923384058977e-09,1.9120069518775885e-09
0.01805626234272495,0.00045043091068773945,0.001231036870312563,1.1093127898938178e-06,1.1384304808293827e-06,1.109354816085066e-06,1.138447714765789e-06,1.3245190665479893e-07,1.4210974086381611e-07,1.3226463597081747e-07,1.4192586661465612e-07,5.7923804146718134e-11,2.751458089145231e-11,4.648537569456166e-09,1.8842056803691776e-09,4.705368555086115e-09,1.911719671454648e-09
0.018057280976790935,0.0008833977780728849,0.0012610680591062246,1.1093263704267262e-06,1.1384558666961651e-06,1.109367303797626e-06,1.138473598388186e-06,1.3243534624507447e-07,1.421310409280804e-07,1.322480471799281e-07,1.419471666789204e-07,1.2226226975275978e-10,2.1164802791948597e-11,6.288036313861767e-09,2.077267224296261e-09,6.416988274082769e-09,2.0993841377641338e-09
0.018057282431982458,0.0008839213159677224,0.0012611109608045012,1.109326401477539e-06,1.1384559029616891e-06,1.109367336395421e-06,1.1384736353647895e-06,1.3243535435397874e-07,1.4213107135674363e-07,1.322480552685601e-07,1.4194719710758363e-07,1.2220214467261928e-10,2.1155731680377876e-11,6.28697281776443e-09,2.0775430265018713e-09,6.41584153881619e-09,2.0996522298588616e-09
0.018058301066048443,0.0012503978423539786,0.0010380276265661605,1.1093481370466274e-06,1.1384793195242747e-06,1.109390154852008e-06,1.1384972484939938e-06,1.3244103058696055e-07,1.42160616149414e-07,1.3225371731095947e-07,1.4197672770967156e-07,8.01145885742649e-11,4.380874291333712e-11,5.542525549628863e-09,2.171519050167892e-09,5.613126852210826e-09,2.2150232173093307e-09
0.018058302521239966,0.0012502409555938546,0.001037708936088677,1.1093481718376091e-06,1.1384793529765068e-06,1.1093901903690085e-06,1.1384972822270356e-06,1.3244105185256197e-07,1.4216065835626068e-07,1.3225373853601636e-07,1.4197676989624597e-07,8.007872128319714e-11,4.384110435795563e-11,5.5413484541179284e-09,2.171653301630272e-09,5.611935381766567e-09,2.2151880330056883e-09
0.018059321155305952,0.0011404202235070215,0.0008552743627991446,1.1093725255248838e-06,1.1384986328944802e-06,1.109415052269469e-06,1.1385161273205352e-06,1.324559377735568e-07,1.4215391782959477e-07,1.322685960758463e-07,1.419700151789976e-07,5.497161753575952e-11,1.1776877014801761e-11,4.717381596464065e-09,2.086980313402465e-09,4.7779060707853205e-09,2.09868822906653e-09
0.018059322610497475,0.001140011259169244,0.0008550137419801596,1.1093725545496305e-06,1.1384986604372202e-06,1.1094150811784077e-06,1.1385161542420974e-06,1.3245595074603704e-07,1.4215390820027096e-07,1.3226860898742285e-07,1.4197000552940153e-07,5.5100910233339487e-11,1.173107097574011e-11,4.7191159411953875e-09,2.086859351990711e-09,4.779759207477038e-09,2.0985218007751882e-09
0.018060339789371938,0.000854145187062727,0.0010042129512643112,1.1093928428476242e-06,1.1385175742695066e-06,1.1094352885265835e-06,1.138534545199426e-06,1.324650185097198e-07,1.421193825836196e-07,1.3227763417944516e-07,1.4193547991275018e-07,1.454765058417351e-10,3.6935662752519375e-11,5.93142290838955e-09,2.1127356045599503e-09,6.0751017549876e-09,2.14967586366553e-09
0.01806034124456346,0.0008537382332136104,0.0010044263979156476,1.1093928635611504e-06,1.1385176013279218e-06,1.1094353094774435e-06,1.1385345715098083e-06,1.324650332890087e-07,1.4211933319074888e-07,1.3227764891813163e-07,1.4193543051987945e-07,1.4530112817299848e-10,3.697172082373079e-11,5.929548468738436e-09,2.1127726235192767e-09,6.073051783366574e-09,2.1497490454436274e-09
0.018061358423437923,0.0005692774926810973,0.0012595740100239076,1.109407342315943e-06,1.1385406339746756e-06,1.1094499541286496e-06,1.1385578440175388e-06,1.3247536401195248e-07,1.4211249334396468e-07,1.322879512599684e-07,1.4192857648254175e-07,2.27121377260886e-11,1.6572975132621886e-11,4.619315152609715e-09,2.0243887566273598e-09,4.6401216202696105e-09,2.0405165947399796e-09
0.018061359878629446,0.0005693754030378957,0.0012599390280669809,1.1094073598814469e-06,1.1385406669255293e-06,1.109449969882397e-06,1.1385578773115412e-06,1.324753499432063e-07,1.4211248355877615e-07,1.3228793717092101e-07,1.41928566677052e-07,2.287946391867278e-11,1.6543792377698985e-11,4.621116091055707e-09,2.0242623133270854e-09,4.6421020348321105e-09,2.0403603251395452e-09
0.01806237705750391,0.0006378147424399572,0.0012126277609591793,1.1094196381686578e-06,1.1385658166640947e-06,1.1094609817519085e-06,1.1385836473566867e-06,1.3246551588963484e-07,1.42146966603767e-07,1.3227808892679604e-07,1.4196304972204286e-07,1.398404725350133e-10,3.6330206677858455e-11,5.879972064803951e-09,2.028202630923102e-09,6.026411814019639e-09,2.06498337445333e-09
0.01806237851269543,0.000638727537400661,0.0012125600767430023,1.1094196660295503e-06,1.138565852643692e-06,1.1094610088743397e-06,1.138583684223704e-06,1.3246548681828635e-07,1.421470159357341e-07,1.3227805985544755e-07,1.4196309905400994e-07,1.3979126341609075e-10,3.635851342220775e-11,5.8796840044347425e-09,2.028208268001208e-09,6.026055054318492e-09,2.065018600561075e-09
0.018063395691569895,0.0012767712149326371,0.0009754920505572715,1.1094391407934422e-06,1.1385881055978993e-06,1.109479967453808e-06,1.138605935011583e-06,1.3244516594568267e-07,1.4216922415195247e-07,1.3225773898284388e-07,1.4198527888912134e-07,1.0539408928922356e-10,3.531552852732909e-11,5.678329806357851e-09,2.0363336902410163e-09,5.7766800232172955e-09,2.071179074596736e-09
0.018063397146761417,0.0012771707022727946,0.0009751528974439871,1.1094391820216893e-06,1.138588137433313e-06,1.1094800114668553e-06,1.1386059668438975e-06,1.324451899214247e-07,1.4216925592336338e-07,1.3225776293828468e-07,1.419853106199298e-07,1.0532990505589852e-10,3.5314036417322114e-11,5.677086574808397e-09,2.036345314593291e-09,5.7753872915812715e-09,2.071187887864312e-09
0.01806441432563588,0.0015564123530429352,0.0009530191384305166,1.1094680005664176e-06,1.1386077500698367e-06,1.1095107765868306e-06,1.1386249254233658e-06,1.3246194896510133e-07,1.4214757275762427e-07,1.3227450779140781e-07,1.419636132636372e-07,6.046512596169507e-11,2.2689489838059343e-11,4.808067721739917e-09,1.9446920772127537e-09,4.87176787800081e-09,1.9672589348017157e-09
0.018064415780827403,0.001555266339358616,0.0009529874735392241,1.1094680342069698e-06,1.138607778127972e-06,1.1095108117175272e-06,1.138624952545797e-06,1.3246199802202898e-07,1.4214754173735855e-07,1.3227455678734467e-07,1.4196358222307026e-07,6.082333637303611e-11,2.267142897027785e-11,4.809147487487403e-09,1.94456095670148e-09,4.873200281076313e-09,1.9671102524654316e-09
0.018065431504510343,0.0007553487877038356,0.0011779257723986537,1.1094915153123694e-06,1.1386294255917568e-06,1.1095353329437785e-06,1.1386465221429624e-06,1.324962397575291e-07,1.4212371584680542e-07,1.3230875595127145e-07,1.4193974214199266e-07,3.10854203489086e-10,3.502316320889452e-11,5.5628239792326895e-09,1.9351683816035656e-09,5.873017627777699e-09,1.97038338562082e-09
0.018065432959701866,0.0007544065973970355,0.0011782480335718049,1.1094915277121516e-06,1.1386294566053153e-06,1.1095353431902317e-06,1.138646553044964e-06,1.3249623536619204e-07,1.4212368171229173e-07,1.323087515396041e-07,1.4193970798714872e-07,3.104618027551007e-10,3.504085910321919e-11,5.5617598760478505e-09,1.9351549251922506e-09,5.871559407172552e-09,1.970388074923335e-09
0.018066448683384806,9.675776325057672e-05,0.0012826705262632407,1.1095001827601936e-06,1.1386544542574927e-06,1.109542495214555e-06,1.1386719824647801e-06,1.3249317021291063e-07,1.4213758842625365e-07,1.3230567219579825e-07,1.4195361470111064e-07,3.6566090433343135e-11,1.587455682523269e-11,4.819015853030351e-09,2.0994142367969484e-09,4.853721424780133e-09,2.1158389550030267e-09
0.01806645013857633,9.751043443599185e-05,0.0012828201286883,1.1095001932322275e-06,1.1386544900707479e-06,1.1095425031840186e-06,1.1386720188966137e-06,1.3249312646218194e-07,1.4213760834991263e-07,1.3230562842473932e-07,1.4195363462476962e-07,3.6930071840350896e-11,1.5847097939447607e-11,4.820115593262468e-09,2.0996495653236025e-09,4.855195969952157e-09,2.116047337352711e-09
0.01806746586225927,0.0006228749218557539,0.0010856513850767912,1.1095075027118402e-06,1.138678544327654e-06,1.1095480658696033e-06,1.138696540122865e-06,1.324625884535635e-07,1.4216661378189035e-07,1.3227507622559642e-07,1.419826258662229e-07,2.9098909393177053e-10,4.859341684898981e-11,5.587734275280809e-09,2.047098062196749e-09,5.8844285000247964e-09,2.0951613243573092e-09
0.01806746731745079,0.0006240252238778097,0.0010853689083667462,1.1095075325405154e-06,1.13867857878934e-06,1.1095480964463208e-06,1.1386965752535616e-06,1.3246257202671e-07,1.421666553369505e-07,1.3227505977841265e-07,1.4198266740095278e-07,2.9094006376700686e-10,4.864033134599488e-11,5.587810847315168e-09,2.047022773510321e-09,5.8844404986926325e-09,2.095131401702588e-09
0.01806848304113373,0.0014269360352727745,0.0008645413362518165,1.1095283529558626e-06,1.1386983812760266e-06,1.109569438995095e-06,1.138716101415206e-06,1.3245110608295363e-07,1.421703306827833e-07,1.3226357964413182e-07,1.4198632855626113e-07,2.56717008761953e-10,2.0190974955007647e-11,5.641258127297988e-09,1.956412283806031e-09,5.892815568842025e-09,1.9763172446520437e-09
0.018068484496325254,0.0014270190668576605,0.0008642249643719957,1.1095283953297467e-06,1.1386984096463514e-06,1.1095694838843184e-06,1.1387161293896497e-06,1.3245113728990928e-07,1.4217033594832174e-07,1.3226361085108747e-07,1.419863338014693e-07,2.564776970024644e-10,2.015021656476268e-11,5.640360355534842e-09,1.9562824693508674e-09,5.8916889443767104e-09,1.9761470237966705e-09
0.018069500220008194,0.001484975113108078,0.0009314353344369739,1.1095579723009071e-06,1.1387166495713112e-06,1.1096008165623061e-06,1.1387337256399688e-06,1.3247291974494146e-07,1.4214354423815834e-07,1.3228539330611966e-07,1.4195952790078146e-07,8.943808887940108e-11,4.0477514036985505e-11,5.013715664858864e-09,1.9274200512523667e-09,5.105305067587551e-09,1.9682728348150074e-09
0.018069501675199717,0.0014840382546089693,0.0009315316243654337,1.1095580060034773e-06,1.1387166757030088e-06,1.1096008510918327e-06,1.1387337508494966e-06,1.3247295722657975e-07,1.4214350585461943e-07,1.3228543074703917e-07,1.4195948949691228e-07,9.004036599209472e-11,4.050663623966777e-11,5.014437162219288e-09,1.927378701083171e-09,5.106625617751517e-09,1.968261553741968e-09
0.018070515943691134,0.0008310478807302957,0.0012056526983194034,1.1095814966949579e-06,1.138738356479184e-06,1.1096249181719031e-06,1.1387554339263523e-06,1.3249908192847215e-07,1.4212339792274464e-07,1.3231152706794092e-07,1.4193935318404683e-07,5.098275135395625e-10,4.354352349578309e-11,5.517320822434613e-09,2.06983774882522e-09,6.027049082035774e-09,2.1136356396407527e-09
0.018070517398882657,0.0008300429896086874,0.0012060459853695527,1.1095815106454713e-06,1.1387383875850321e-06,1.1096249311646846e-06,1.1387554650355014e-06,1.32499090089563e-07,1.42123369073488e-07,1.3231153520873055e-07,1.419393242940714e-07,5.092158943715524e-10,4.354788057936432e-11,5.515980049862281e-09,2.070042137702899e-09,6.0250894495794686e-09,2.113844210782645e-09
0.01807153457775712,0.00012762409560451715,0.001315134640856086,1.10959126205429e-06,1.138764032501749e-06,1.1096340131189208e-06,1.1387816130081774e-06,1.3250479469206766e-07,1.4213848942290497e-07,1.323172256206817e-07,1.4195444464348839e-07,8.16940959325052e-11,1.771146250495459e-11,4.578780021802231e-09,2.0123676058858564e-09,4.655306362622014e-09,2.029485690613342e-09
0.01807255030144006,0.0002522327726239837,0.0010575138542758822,1.1095951203504618e-06,1.138788132054427e-06,1.1096361731688376e-06,1.1388061693651252e-06,1.3247833408058796e-07,1.4216817589840502e-07,1.322907507983473e-07,1.41984102697279e-07,3.3954539180314214e-10,7.226746978616916e-11,4.720591029183652e-09,1.8063754936292753e-09,5.066340236226097e-09,1.877996202992449e-09
0.018073566025123,0.0011788417263218776,0.0007424151994532835,1.1096096561130681e-06,1.1388064143601018e-06,1.1096500429630396e-06,1.1388241318854853e-06,1.3244820706859173e-07,1.4217204125088756e-07,1.3226059536464163e-07,1.4198795383890683e-07,3.28177179875766e-10,3.6521265178723894e-11,5.5549040922642234e-09,1.6161668670022777e-09,5.8817803960664605e-09,1.6520609324999214e-09
0.018074580293614417,0.0016164125991475836,0.0007893111379060347,1.1096380138644406e-06,1.1388219501777164e-06,1.109680580908978e-06,1.138838911174389e-06,1.3246726490381253e-07,1.421402942014538e-07,1.322796390093671e-07,1.4195619257861836e-07,8.544518201067872e-11,3.358176584034034e-11,5.3829782592543766e-09,1.6478824971244421e-09,5.468335436804602e-09,1.6820729253907984e-09
0.01807458174880594,0.0016170403909306907,0.0007898172167079113,1.1096380545498801e-06,1.1388219782900562e-06,1.1096806247223867e-06,1.1388389390260356e-06,1.3246729224647424e-07,1.4214025226110893e-07,1.3227966633166943e-07,1.419561506179141e-07,8.509692950298131e-11,3.363474546337695e-11,5.382731593783774e-09,1.6479173780096328e-09,5.467742258957742e-09,1.6821595466453802e-09
0.018075596017297357,0.0007943923710347356,0.0011425541416159035,1.1096625129525765e-06,1.138841572590883e-06,1.109706659008225e-06,1.1388583516236395e-06,1.325124969753233e-07,1.4211101984074048e-07,1.3232484263880906e-07,1.4192690400705033e-07,4.644815920773482e-10,7.056154271989357e-11,5.265842428769929e-09,1.6722293549875644e-09,5.7309286205509125e-09,1.7425345610888598e-09
0.018076610285788774,1.288428074345616e-06,0.0013658187195240146,1.109670571751033e-06,1.1388670142264608e-06,1.1097127893022051e-06,1.1388843859094777e-06,1.3250955954279113e-07,1.4212632493126875e-07,1.3232187682528624e-07,1.4194219488672388e-07,5.2117667243732904e-11,1.5494827643180997e-11,5.578999609949767e-09,1.7700414467469727e-09,5.630631529956336e-09,1.7864906221021215e-09
0.018076611740980297,1.5054580324025402e-07,0.0013655181327917128,1.109670583313154e-06,1.1388670509282608e-06,1.109712798097462e-06,1.138884423587612e-06,1.3250955532839725e-07,1.4212638878836627e-07,1.3232187257017358e-07,1.419422587438214e-07,5.152604037883535e-11,1.5594863396813565e-11,5.579448902892636e-09,1.7703499116218495e-09,5.630487631691494e-09,1.7868981881601802e-09
0.01807762455428019,0.0005771456605311778,0.0011563097671096756,1.1096764386422956e-06,1.1388925953810138e-06,1.1097167714279739e-06,1.1389106475689914e-06,1.324680056436141e-07,1.4217083332823677e-07,1.322802945044582e-07,1.419867032836919e-07,3.3144453502714836e-10,8.521974792508047e-11,5.132175610362287e-09,1.9850414645361525e-09,5.462392691524361e-09,2.0705641645690775e-09
0.018077626009471714,0.0005779746765006144,0.0011557554806314783,1.1096764470551248e-06,1.138892623412104e-06,1.1097167771367822e-06,1.1389106754605971e-06,1.3246794594579114e-07,1.421708564692986e-07,1.3228023476585804e-07,1.4198672640436514e-07,3.318467167723327e-10,8.517427124073009e-11,5.131532976321296e-09,1.9848287147438753e-09,5.4621511758057295e-09,2.070304108285221e-09
0.01807863882277161,0.0015285051796666107,0.0007699720918061814,1.109697795595307e-06,1.1389121330509646e-06,1.1097389142639207e-06,1.1389300880182418e-06,1.324592897614613e-07,1.4218696264833852e-07,1.322715785815282e-07,1.4200281839293893e-07,1.7573313082099106e-10,5.3522498932867535e-11,5.054630849378427e-09,1.8367548593190008e-09,5.231055444063107e-09,1.889304934721281e-09
0.01807864027796313,0.0015298708844125389,0.0007699698487462635,1.1096978262684968e-06,1.1389121554373512e-06,1.109738946070138e-06,1.1389301088961689e-06,1.3245927732441487e-07,1.421869068651269e-07,1.3227156614448177e-07,1.420027626097273e-07,1.7550882969175063e-10,5.3515118866677614e-11,5.0545203578167275e-09,1.8366080363857858e-09,5.230723409965776e-09,1.8891523899184114e-09
0.018079653091263026,0.0014371134227260107,0.0007684086790433753,1.1097278762801653e-06,1.1389277363624014e-06,1.1097711194452131e-06,1.1389446399334702e-06,1.324906264699166e-07,1.4214808174983773e-07,1.323029152899835e-07,1.4196393749443814e-07,1.527950266311251e-10,4.837859279849255e-11,5.7376725592916955e-09,1.7344192748680598e-09,5.892929699768956e-09,1.7829812071212814e-09
0.01808066590456292,0.000614865471850633,0.0012053937604292742,1.1097486470300382e-06,1.138947727296022e-06,1.1097922348587914e-06,1.138964307756396e-06,1.325176025460002e-07,1.4210615972842788e-07,1.32329877175601e-07,1.4192200126217358e-07,3.63652797855422e-10,1.0700446778644235e-10,5.408703408949359e-09,1.8100078102989414e-09,5.769666433126005e-09,1.917791037087113e-09
0.018080667359754443,0.0006136840811166167,0.0012057702393269043,1.1097486768730696e-06,1.1389477661906259e-06,1.1097922651970293e-06,1.1389643479388127e-06,1.325176413047302e-07,1.4210619566392256e-07,1.3232991591394239e-07,1.4192203721808615e-07,3.63955754423273e-10,1.0689478155504045e-10,5.408230752124155e-09,1.8105713622179927e-09,5.769489330731403e-09,1.918245571007194e-09
0.018081678717862815,0.0001547854130208789,0.0014674230731799298,1.1097564421737543e-06,1.1389747979403946e-06,1.1097983954657357e-06,1.1389922747184755e-06,1.3251054608631995e-07,1.4213117083272664e-07,1.323227923146585e-07,1.4194702657732705e-07,2.406945003202102e-11,3.0662850730722724e-11,5.4915073306052366e-09,2.202239945958695e-09,5.517410411052108e-09,2.2341466454633974e-09
0.018081680173054338,0.0001541251271675037,0.0014669793146599869,1.1097564533468488e-06,1.1389748361535817e-06,1.1097984042862663e-06,1.1389923140841765e-06,1.325105358773726e-07,1.4213126020185177e-07,1.3232278206487535e-07,1.419471159260343e-07,2.3580404989731463e-11,3.0831257541210265e-11,5.4916271530203176e-09,2.2021980867223114e-09,5.517047707570555e-09,2.2342701976535877e-09
0.01808269153116271,0.0006229193378728352,0.0011585671432996492,1.1097643188709052e-06,1.139001394318561e-06,1.1098051021724456e-06,1.1390196732463664e-06,1.3248245300290483e-07,1.4219337174381508e-07,1.3229468499997078e-07,1.4200921327756078e-07,3.5959080774590076e-10,1.478739908300497e-10,5.582396725593773e-09,2.1731059174356915e-09,5.9404380150583875e-09,2.320138969835739e-09
0.018082692986354232,0.0006235938619170156,0.0011579420606568779,1.109764330188206e-06,1.1390014217063827e-06,1.1098051118096919e-06,1.1390197000346442e-06,1.3248241259589122e-07,1.4219339118165084e-07,1.3229464457253926e-07,1.4200923269497863e-07,3.6007427595130537e-10,1.4776494261299384e-10,5.582527329295317e-09,2.1728361252649676e-09,5.94104720974542e-09,2.31976091815893e-09
0.018083704344462603,0.0014271275582828636,0.0007235096239308625,1.1097850820185236e-06,1.1390204562423737e-06,1.1098262271796808e-06,1.1390383178877528e-06,1.324736712868098e-07,1.4220690047750395e-07,1.3228587488258418e-07,1.4202272780039493e-07,1.3458617005419974e-10,7.197643175915758e-11,4.750938020387144e-09,1.985330566611765e-09,4.883230409435691e-09,2.057015002776552e-09
0.018083705799654126,0.0014282837218747568,0.0007235943226152714,1.1097851118772723e-06,1.1390204781571146e-06,1.109826257561508e-06,1.1390383383056476e-06,1.3247365870938665e-07,1.4220683238382512e-07,1.3228586226432526e-07,1.420226596658803e-07,1.3426172673636216e-10,7.201485442857789e-11,4.74974148900742e-09,1.9855575533042974e-09,4.881708370874094e-09,2.0572822366488757e-09
0.018084717157762498,0.0013836516105818204,0.0007824599082795203,1.1098135499637764e-06,1.1390357089020884e-06,1.1098566818580512e-06,1.139052528742468e-06,1.325021531065222e-07,1.4215950727702875e-07,1.3231432828058718e-07,1.419753061782103e-07,2.2311290191644933e-10,9.871860967569646e-11,5.565028203264596e-09,2.1433133046144803e-09,5.794560103137141e-09,2.243009777913585e-09
0.01808471861295402,0.0013835873917166508,0.0007831182863495593,1.1098135908818866e-06,1.1390357383428095e-06,1.1098567256340175e-06,1.1390525579808931e-06,1.3250219410565478e-07,1.4215945027026673e-07,1.3231436923888396e-07,1.4197524917144829e-07,2.2324074533397464e-10,9.877243428689173e-11,5.566201277673599e-09,2.143119772642423e-09,5.795873558867015e-09,2.2428661593993134e-09
0.018085729971062392,0.0004784540789657399,0.001240691045026665,1.1098324227892816e-06,1.1390561996440204e-06,1.1098762797701056e-06,1.1390728786864202e-06,1.325340974744904e-07,1.421198305706639e-07,1.3234624418601015e-07,1.4193562947184546e-07,3.9003936191939204e-10,1.3618053906760963e-10,5.674821501600036e-09,2.0086150520626234e-09,6.059101664845912e-09,2.143051291980669e-09
0.018086741329170763,-5.100924382343255e-06,0.0014606505979155582,1.1098372030481402e-06,1.1390835198817612e-06,1.1098790043339752e-06,1.1391011867090128e-06,1.3252437702526836e-07,1.4215034127573745e-07,1.3233650954635128e-07,1.41966140176919e-07,3.447840702876064e-11,4.504174463959565e-11,4.718380738484781e-09,1.7797724405355098e-09,4.753329597106692e-09,1.8252813704933146e-09
0.018086742784362286,-5.796686977088683e-06,0.0014601324027619128,1.1098372099262105e-06,1.1390835571514798e-06,1.109879008254211e-06,1.1391012249863078e-06,1.325243630390105e-07,1.4215043598750585e-07,1.3233649553967552e-07,1.4196623486824013e-07,3.39668085325151e-11,4.5224192486394113e-11,4.717004564724903e-09,1.7801550800990292e-09,4.7514507883761326e-09,1.8258473182615806e-09
0.018087752687279135,0.0007211846550266999,0.001100504966132121,1.1098444452291376e-06,1.1391094223362262e-06,1.1098845708939284e-06,1.1391277894290397e-06,1.324861198909537e-07,1.4221616595477826e-07,1.3229823820121127e-07,1.420319506451051e-07,4.2948383335949997e-10,1.7184299816452864e-10,5.249323554252272e-09,2.045706937181535e-09,5.680740217796643e-09,2.2186150694381013e-09
0.018087754142470658,0.0007222321785742558,0.0010998579840762468,1.109844455654646e-06,1.1391094478218306e-06,1.1098845789092593e-06,1.1391278141293454e-06,1.3248606478555303e-07,1.4221617660780748e-07,1.3229818307536334e-07,1.4203196125723978e-07,4.3005374261717577e-10,1.7168324341113778e-10,5.250090584496547e-09,2.0457693844311447e-09,5.6820792515566154e-09,2.218515011027304e-09
0.018088764045387506,0.0016443970014900127,0.000650852437299676,1.1098683697310308e-06,1.1391271348313323e-06,1.1099097810728768e-06,1.1391449561415357e-06,1.324819921386171e-07,1.4222356981008488e-07,1.3229409623801997e-07,1.420393260787023e-07,1.0796447528959101e-10,6.08134445578834e-11,5.108076977866797e-09,2.0891077756601817e-09,5.213203799902529e-09,2.149074473933865e-09
0.01808876550057903,0.0016457257692463756,0.0006510836458248846,1.1098684041893541e-06,1.1391271561119774e-06,1.1099098173872335e-06,1.1391449757709177e-06,1.3248198627024976e-07,1.4222348798009844e-07,1.3229409034920536e-07,1.4203924422826858e-07,1.0750036971707289e-10,6.089779132606244e-11,5.107872347309694e-09,2.0890087916896812e-09,5.2125281868597995e-09,2.1490619356021813e-09
0.018089775403495878,0.0013399966940539354,0.0008115423623196172,1.1098985570876e-06,1.1391419248797147e-06,1.1099422181359841e-06,1.1391585985620623e-06,1.3252234509764094e-07,1.4216669796951464e-07,1.3233444917659654e-07,1.4198244002727733e-07,2.856346548174571e-10,1.1943444844231266e-10,4.673890607875819e-09,2.0203139161623085e-09,4.959582966534981e-09,2.1403603334135823e-09
0.018090785306412727,0.00029531185988916,0.001369146481614042,1.1099150569142206e-06,1.139163947719957e-06,1.1099586790086172e-06,1.1391805401217425e-06,1.3255015829622772e-07,1.4213236454452272e-07,1.3236224818477587e-07,1.419481066022854e-07,3.774343683716531e-10,1.3022506684112756e-10,4.3884248420618636e-09,1.9832648856521473e-09,4.765283916783868e-09,2.112522601294131e-09
0.01809078676160425,0.0002938065503298448,0.001369367830479478,1.109915080689187e-06,1.1391639898059937e-06,1.1099587027274538e-06,1.1391805839606957e-06,1.3255019837288273e-07,1.4213242762435982e-07,1.3236228824098362e-07,1.4194816968212251e-07,3.7756664461596756e-10,1.3011214448480978e-10,4.3880135081053595e-09,1.983249134542698e-09,4.765003946971547e-09,2.112396842897629e-09
0.018091796664521098,2.9268573783269858e-05,0.0015229839430921377,1.109918343434289e-06,1.139193197515512e-06,1.109959839595831e-06,1.139211008194252e-06,1.3253172426175297e-07,1.4217620503131911e-07,1.3234381412985385e-07,1.419919470890818e-07,5.717172221753053e-11,5.1744029200273545e-11,5.2725908084028106e-09,1.9723178645847383e-09,5.333856911704515e-09,2.0251205157251206e-09
0.018092806567437947,0.0008110608623179694,0.0010596850532671453,1.1099268299457754e-06,1.1392192799650386e-06,1.1099671155534452e-06,1.1392377246011165e-06,1.3249649555291398e-07,1.4224198707779578e-07,1.3230858542101487e-07,1.4205770071384904e-07,5.285311077685151e-10,2.1055437948724887e-10,5.383235635036954e-09,2.2854542702788194e-09,5.910833600353271e-09,2.4972601764261526e-09
0.018093816470354795,0.0016078196329729622,0.00062147659294709,1.1099512582904524e-06,1.1392362580655407e-06,1.1099928087787703e-06,1.1392539818189107e-06,1.3249396602077468e-07,1.4223506639154948e-07,1.3230604167802085e-07,1.4205076581674803e-07,9.250739063659807e-11,5.1885693658215715e-11,5.580814921302135e-09,2.368831131249749e-09,5.674559933055434e-09,2.4193527181637364e-09
0.01809482491808012,0.0013600604393451505,0.0008061118089344177,1.1099811842041613e-06,1.1392506545483064e-06,1.1100245952254439e-06,1.1392673968657618e-06,1.325330321313517e-07,1.4217138755157066e-07,1.3234509359821988e-07,1.419870727659145e-07,4.2066647771645066e-10,1.1355952289626714e-10,5.642053497471809e-09,2.1008792483456773e-09,6.061076561557014e-09,2.2146522393740042e-09
0.018094826373271644,0.0013597029224712287,0.0008068832907013822,1.109981227387298e-06,1.1392506858004648e-06,1.1100246410933323e-06,1.1392674279904004e-06,1.3253308850380563e-07,1.4217134545140164e-07,1.3234514995019708e-07,1.4198703064526874e-07,4.2114001175264093e-10,1.1356355552344521e-10,5.6421418648255894e-09,2.100911771801268e-09,6.061634305609687e-09,2.2146876286127738e-09
0.01809583482099697,0.00030758682447079187,0.0013415201552078315,1.1099980258225212e-06,1.1392723435461554e-06,1.1100417830699313e-06,1.139288997364929e-06,1.325651871387948e-07,1.421421700342762e-07,1.3237720601405233e-07,1.4195784103776532e-07,4.3482125449077067e-10,1.1635816615784833e-10,4.519804471774317e-09,2.1234505265255166e-09,4.953210134717807e-09,2.239212371080157e-09
0.018095836276188493,0.0003060686194231721,0.0013417842300231784,1.1099980500626875e-06,1.139272385252587e-06,1.1100418078058283e-06,1.1392890405101503e-06,1.3256523345717142e-07,1.421422295230057e-07,1.3237725227099872e-07,1.419579005264948e-07,4.3484099654378383e-10,1.1623294028500729e-10,4.51818493729661e-09,2.1232618392362185e-09,4.951610677039753e-09,2.2388986938253914e-09
0.018096843268722296,-6.113723306555623e-05,0.0015245240022432327,1.1100005111599126e-06,1.139301246103268e-06,1.1100420348514032e-06,1.1393188970032497e-06,1.325437208889495e-07,1.42183395723805e-07,1.3235569713173153e-07,1.4199906672729412e-07,1.3037240943700394e-10,2.9576636279005086e-11,6.298014267229914e-09,1.992690235042005e-09,6.435593858047395e-09,2.0218340335276253e-09
0.01809684472391382,-6.166787736106016e-05,0.0015239936781823826,1.1100005147164115e-06,1.139301285116998e-06,1.1100420351795037e-06,1.1393189369738381e-06,1.3254368980142317e-07,1.4218348166466558e-07,1.3235566598268633e-07,1.4199915262720124e-07,1.2993242592962417e-10,2.971369178663812e-11,6.3005862749321295e-09,1.9925402179955093e-09,6.437738342413013e-09,2.0218219429749227e-09
0.018097853171639144,0.0009107052053242137,0.001156479104013286,1.1100090768140326e-06,1.139328321631839e-06,1.1100487427029293e-06,1.1393466365916538e-06,1.3249639607693098e-07,1.422430386810447e-07,1.3230831541477528e-07,1.420586812628244e-07,6.379800576716832e-10,1.246931585763278e-10,5.005892145248936e-09,1.8885784047739662e-09,5.632018407197847e-09,2.0134431899521132e-09
0.01809886161936447,0.0018388123157677683,0.0007502045848539751,1.1100368042609315e-06,1.1393475495401284e-06,1.1100785286544124e-06,1.1393652812330402e-06,1.3249962194095133e-07,1.4224197286694107e-07,1.323115128570862e-07,1.4205761544872075e-07,4.4461528209138734e-11,3.520738908746601e-11,4.35827463007854e-09,2.1106618675048594e-09,4.41129088812886e-09,2.146667510416478e-09
0.018099868611898273,0.001262232525473651,0.0008360785399119663,1.1100680231606126e-06,1.1393635232927598e-06,1.1101122449222852e-06,1.1393804015824571e-06,1.325536162167326e-07,1.4218817057098931e-07,1.3236546456182215e-07,1.4200379894191428e-07,5.473570174699128e-10,5.253551066397577e-11,6.904925112683406e-09,2.2391162257662245e-09,7.45493171763816e-09,2.291572043233714e-09
0.018099870067089796,0.0012613993176842087,0.0008366139791727801,1.1100680682746294e-06,1.139363553025473e-06,1.1101122936452157e-06,1.1393804314396064e-06,1.3255369424314267e-07,1.4218813782245398e-07,1.323655425267134e-07,1.4200376619337895e-07,5.480837450555498e-10,5.253976093674859e-11,6.908605243438615e-09,2.2389009020958346e-09,7.459330042536294e-09,2.291360140908622e-09
0.0181008770596236,5.0147008832791004e-05,0.001207137947655923,1.1100812578221739e-06,1.1393841280629522e-06,1.1101246676290477e-06,1.1394010925869225e-06,1.3257906658613792e-07,1.4216547583600914e-07,1.323909006793602e-07,1.419811042069341e-07,3.2012680056918476e-10,5.548094969554107e-11,4.5566286033762185e-09,2.0898969221860852e-09,4.864953870569719e-09,2.144723731944964e-09
0.018100878514815122,4.83966442246242e-05,0.0012072681586707313,1.1100812768822136e-06,1.1393841645102952e-06,1.1101246855105273e-06,1.1394011301003026e-06,1.3257910325137345e-07,1.421655265159305e-07,1.3239093732408946e-07,1.419811548663787e-07,3.19797383019349e-10,5.5431872976127624e-11,4.553229793202718e-09,2.0898472254680028e-09,4.8612047720553164e-09,2.144626441213617e-09
0.018101885507348925,7.021084163860714e-05,0.0012973741809181687,1.1100824712507408e-06,1.1394093860716533e-06,1.1101233212684747e-06,1.1394270893593806e-06,1.3254555142339086e-07,1.422005970215079e-07,1.3235737128525216e-07,1.420162112020549e-07,1.8532012036054368e-10,2.147078314202199e-11,5.079271669927721e-09,2.0554570965549774e-09,5.276667103260024e-09,2.0773012551214977e-09
0.018101886962540448,7.177988459731782e-05,0.001297504391932977,1.1100824890942907e-06,1.1394094225189963e-06,1.1101233381900705e-06,1.1394271268727607e-06,1.3254550443721226e-07,1.4220064770142926e-07,1.3235732427853764e-07,1.4201626186149952e-07,1.8595385535662346e-10,2.1421706422608544e-11,5.0805940386034246e-09,2.055407399836895e-09,5.278595889228474e-09,2.0772039643901508e-09
0.018102892499882728,0.0011559885690664018,0.001033182839907873,1.110094818987256e-06,1.1394328546030595e-06,1.11013503101276e-06,1.1394508530857909e-06,1.3251303698780248e-07,1.4224140229701706e-07,1.3232484263880906e-07,1.4205700226676852e-07,6.238647376477502e-10,6.619116274123936e-11,5.9943507935145135e-09,2.251146218375236e-09,6.611386993427004e-09,2.3181744240970644e-09
0.01810289395507425,0.00115674127607136,0.0010328003195720914,1.1100948602106547e-06,1.139432888513456e-06,1.110135075206054e-06,1.1394508874218445e-06,1.3251306058357137e-07,1.4224146127617132e-07,1.323248661729702e-07,1.4205706122538686e-07,6.230235648596145e-10,6.625595211362523e-11,5.9926125506957235e-09,2.251429487287737e-09,6.6088210247948256e-09,2.3185231512456994e-09
0.01810389949241653,0.0016768618164975102,0.0008017753689574369,1.1101233455791326e-06,1.1394513324952211e-06,1.1101656127721071e-06,1.1394689375073555e-06,1.3252936525987025e-07,1.422394604412208e-07,1.3234112827831268e-07,1.4205506039043633e-07,4.177316825781929e-11,2.110287736343676e-11,4.791486762911745e-09,2.286422369996102e-09,4.835736699959625e-09,2.3068256723578055e-09
0.018103900947608054,0.001675992214509139,0.0008014410347307876,1.1101233856254074e-06,1.1394513591869458e-06,1.1101656549939528e-06,1.1394689636290423e-06,1.325294297426503e-07,1.4223945754565648e-07,1.3234119274055682e-07,1.4205505749487202e-07,4.255229722693235e-11,2.1037532826895244e-11,4.793943288581844e-09,2.2864730109262155e-09,4.83897488232157e-09,2.3068087440236695e-09
0.018104906484950334,0.0010750972405446646,0.0009065888098057405,1.1101510576013703e-06,1.1394685355949514e-06,1.1101948302894016e-06,1.1394855379213982e-06,1.3257398734367598e-07,1.422062238190316e-07,1.323857361512637e-07,1.4202180957792835e-07,5.809304148840511e-10,3.988330859174082e-11,6.4914025266205044e-09,2.1378285346224136e-09,7.076558894425489e-09,2.177587266574607e-09
0.018104907940141857,0.001073806344352504,0.0009067409773528823,1.11015107589159e-06,1.1394685604522713e-06,1.110194847539572e-06,1.1394855619073496e-06,1.3257401547788258e-07,1.4220617572391347e-07,1.323857642854703e-07,1.420217614622743e-07,5.804383538919062e-10,3.991058178387519e-11,6.489249210559399e-09,2.1376134196060548e-09,7.073891655484537e-09,2.1774002600949416e-09
0.018105913477484137,0.00018179707556953417,0.0011909931811761346,1.1101637144332913e-06,1.139489658088991e-06,1.1102067674073623e-06,1.139506677101721e-06,1.325934562146358e-07,1.4219451128186153e-07,1.3240520502222353e-07,1.4201009702022235e-07,2.404242083198227e-10,3.167917140878787e-11,5.0013078123356536e-09,2.08678591490899e-09,5.23082954728693e-09,2.1179528018992954e-09
0.01810591493267566,0.00018170376658374794,0.001191404544712782,1.110163718786026e-06,1.1394896886210267e-06,1.1102067690526133e-06,1.1395067076591658e-06,1.3259342094456947e-07,1.4219449440133758e-07,1.3240516973159155e-07,1.420100801396984e-07,2.4046937720533833e-10,3.166725909276025e-11,5.001191856208496e-09,2.0867123584622504e-09,5.230788877455704e-09,2.117866770845467e-09
0.018106919014826417,0.00011732056639124355,0.0012283703300030218,1.1101667221728785e-06,1.1395139856865552e-06,1.1102079042757396e-06,1.1395316825679447e-06,1.3256908459879924e-07,1.4222376896770727e-07,1.3238081919553224e-07,1.420393547060681e-07,2.716359082111097e-10,2.4780653946876564e-11,4.921182128470036e-09,1.934319074748881e-09,5.202726693909199e-09,1.9586623700975134e-09
0.01810692047001794,0.00011879837945720159,0.0012284239036048916,1.1101667404473186e-06,1.1395140208996937e-06,1.1102079208927737e-06,1.1395317187634646e-06,1.3256902913327801e-07,1.4222381139461504e-07,1.3238076368887973e-07,1.4203939713297586e-07,2.7201053887206174e-10,2.4770673359708617e-11,4.922553729807127e-09,1.9340982149174124e-09,5.204449546032264e-09,1.9584316390819367e-09
0.018107924552168697,0.001138489394968245,0.0009791690229970951,1.110179349810988e-06,1.1395361833190952e-06,1.1102193866463494e-06,1.1395540826590528e-06,1.3253075792363234e-07,1.422532988153209e-07,1.323424640986559e-07,1.4206887036339265e-07,5.305056949289622e-10,4.747818631301026e-11,5.8689586523996695e-09,1.7598225076897464e-09,6.3932175109471245e-09,1.8065216012286825e-09
0.01810792600736022,0.001139551703735602,0.0009788077840396925,1.1101793936273017e-06,1.1395362154385437e-06,1.1102194333714753e-06,1.1395541150704958e-06,1.3253077766664322e-07,1.4225334155071323e-07,1.3234248380053554e-07,1.4206891307821934e-07,5.298136475839412e-10,4.751109575207302e-11,5.866679695829662e-09,1.7595699342010107e-09,6.3902550605945614e-09,1.8063014417535328e-09
0.018108930089510977,0.0018725447532119688,0.0008240750918426021,1.1102096268837367e-06,1.1395543156120425e-06,1.1102516737082624e-06,1.1395717110289535e-06,1.3254440034415893e-07,1.4224465709379697e-07,1.3235607809747307e-07,1.42060214431014e-07,5.230097951947066e-11,1.6044585291735074e-11,4.294199662524534e-09,1.6940834130265925e-09,4.346164317325929e-09,1.710616876802975e-09
0.0181089315447025,0.0018714048200951575,0.0008238508415640555,1.1102096699195087e-06,1.139554341844178e-06,1.1102517204333882e-06,1.1395717365303426e-06,1.3254448252444177e-07,1.4224464450762753e-07,1.3235616023662463e-07,1.4206020182427892e-07,5.317043463940699e-11,1.5998981653386757e-11,4.296415102769362e-09,1.6939885050248904e-09,4.349261135834264e-09,1.710478203520438e-09
0.018109935626853257,0.001084850969495399,0.0009699326582041232,1.1102393646020876e-06,1.1395723550298927e-06,1.1102839607701753e-06,1.1395893324888004e-06,1.3260118691960088e-07,1.4221551184414865e-07,1.324128362512056e-07,1.4203106916080004e-07,6.530944673954764e-10,3.6590340032395665e-11,5.825068871700978e-09,1.9418436326672594e-09,6.486065906585736e-09,1.9793074653144234e-09
0.01810993708204478,0.0010831746857013758,0.0009701443709818625,1.1102393793197467e-06,1.1395723811359589e-06,1.1102839731095571e-06,1.1395893579901895e-06,1.326012044826543e-07,1.4221546962289722e-07,1.3241285379369338e-07,1.420310269395486e-07,6.523227376941079e-10,3.6620182580771043e-11,5.824568792546175e-09,1.942202842997176e-09,6.484767205288084e-09,1.979697072940212e-09
0.018110941164195538,-7.3461132174657e-05,0.0012126464717981962,1.1102495345045778e-06,1.1395943016780696e-06,1.1102924872830044e-06,1.1396114948411525e-06,1.3261332298952766e-07,1.4221009150333632e-07,1.3242495811027766e-07,1.420256488199877e-07,1.1982924374986936e-10,2.8844888062554724e-11,5.479514175732447e-09,2.0750691803217054e-09,5.588663309907815e-09,2.104270516637751e-09
0.01811094261938706,-7.295522066306435e-05,0.0012129979241182198,1.1102495374463446e-06,1.1395943334469712e-06,1.1102924861296598e-06,1.1396115269235452e-06,1.3261325286204895e-07,1.4221008370896016e-07,1.3242488798279894e-07,1.4202564102561155e-07,1.2019683302209488e-10,2.88336195197747e-11,5.478318652181116e-09,2.0752617402308715e-09,5.587864290442087e-09,2.1044510578605014e-09
0.018111945246346295,0.00027561781082426767,0.0012184484371653619,1.1102515643237047e-06,1.1396187118630042e-06,1.1102916914751404e-06,1.1396363882577925e-06,1.325649350292224e-07,1.4223680396717232e-07,1.323765701499724e-07,1.4205234709356445e-07,3.7346584158548524e-10,3.244575071074971e-11,4.654602925313611e-09,2.2806444578271153e-09,5.037339878555258e-09,2.3140509431346137e-09
0.018111946701537818,0.0002774677949451909,0.0012184563479245014,1.11025159094752e-06,1.1396187472453206e-06,1.1102917184572553e-06,1.1396364243410062e-06,1.3256489745580478e-07,1.4223684274838888e-07,1.3237653257655478e-07,1.4205238585418556e-07,3.7355375405744894e-10,3.245099328141876e-11,4.657856104997763e-09,2.2809425459513477e-09,5.040667415868324e-09,2.3143551519666516e-09
0.018112950783688575,0.00155395683838222,0.0010058876967136143,1.1102699613800073e-06,1.1396410814868444e-06,1.1103103361165267e-06,1.139658934334875e-06,1.3253897179765772e-07,1.422580879761881e-07,1.3235060691840772e-07,1.4207363108198479e-07,4.342133597123876e-10,5.4679063360429936e-11,6.902550087062309e-09,2.3708845997560957e-09,7.336668161883608e-09,2.4253024033527026e-09
0.018113954865839332,0.0017796047891742717,0.0008845922470498947,1.1103034330772941e-06,1.1396600616934423e-06,1.1103463748440845e-06,1.139677438471834e-06,1.325717562394857e-07,1.4224609718191647e-07,1.323833913602357e-07,1.4206162609742407e-07,8.656490108061021e-11,3.240397833380755e-11,5.45442047084066e-09,2.3132274597193026e-09,5.535476521600913e-09,2.3455984319992386e-09
0.018113956321030855,0.0017782466771494752,0.0008844164565431356,1.110303471253813e-06,1.139660089200988e-06,1.1103464146097274e-06,1.1396774652894237e-06,1.3257181345416055e-07,1.4224607980395376e-07,1.3238344851303455e-07,1.4206160869889572e-07,8.732871126769742e-11,3.237169560188491e-11,5.454302276078506e-09,2.3131438986467856e-09,5.536136409806916e-09,2.345482918997277e-09
0.018114957492798567,0.0008438656040894443,0.001013978012060808,1.1103297366987245e-06,1.1396790972758161e-06,1.1103737733719754e-06,1.1396960828703726e-06,1.3261117715046566e-07,1.4221723106762057e-07,1.3242276963865152e-07,1.4203273158210377e-07,6.128301199836983e-10,4.7060308288958215e-11,5.372984279716775e-09,2.3080136872805973e-09,5.990139495537505e-09,2.354983277568391e-09
0.01811495894799009,0.000842836677252905,0.0010141663282752233,1.1103297509271753e-06,1.139679124903832e-06,1.1103737852349499e-06,1.13969610993081e-06,1.3261117570878475e-07,1.4221718913631776e-07,1.3242276817637516e-07,1.420326896095503e-07,6.120789430751806e-10,4.7081658016701056e-11,5.3730213470064314e-09,2.3080062305780302e-09,5.9894097314622495e-09,2.3549970862291048e-09
0.018115961574949324,0.0001339060868773556,0.001220551629890977,1.1103395543297488e-06,1.1397015337918448e-06,1.1103819588242914e-06,1.1397188143456478e-06,1.326101823906356e-07,1.4221323005398042e-07,1.3242176066796674e-07,1.4202871633695369e-07,9.451805310645156e-11,3.434836698482062e-11,5.3985607095796695e-09,2.2178575089181502e-09,5.486602283610864e-09,2.2515383448162036e-09
0.018115963030140847,0.00013438841651657125,0.0012208511731444105,1.1103395630699146e-06,1.13970156631563e-06,1.110381964920542e-06,1.1397188472983544e-06,1.326101305725045e-07,1.4221322430785222e-07,1.3242170880864474e-07,1.4202871057023003e-07,9.498216958318354e-11,3.432988615603705e-11,5.397603699906873e-09,2.2177266689737962e-09,5.4861268262562175e-09,2.251388186991221e-09
0.01811696565710008,0.00046671353793614756,0.001211448343135443,1.1103455850441955e-06,1.1397259530694803e-06,1.110386165237287e-06,1.1397435951105276e-06,1.3257442788017215e-07,1.4224034189332404e-07,1.3238597773579386e-07,1.420558139654426e-07,4.147584220515199e-10,4.022272043917649e-11,4.738224035349958e-09,2.0508073143070104e-09,5.1585367089046485e-09,2.0908897029229315e-09
0.018116967112291604,0.00046811209242193205,0.001211434696067215,1.1103456126496316e-06,1.139725988463898e-06,1.1103861931227378e-06,1.1397436310289777e-06,1.3257439380712137e-07,1.4224038125121297e-07,1.3238594364211774e-07,1.4205585330273607e-07,4.1463138611129437e-10,4.0231273173985116e-11,4.739521287608806e-09,2.05056505109269e-09,5.1596931165625565e-09,2.0906567588241387e-09
0.018117968284059316,0.0014303175786416489,0.0010262380558984194,1.1103646051895954e-06,1.1397483887167786e-06,1.110405378312862e-06,1.1397661083523184e-06,1.3255095154818264e-07,1.4225818998908712e-07,1.3236248719294963e-07,1.4207366204061022e-07,3.272306592361218e-10,4.036933343548268e-11,5.632030841695723e-09,2.19139021781166e-09,5.955301585203188e-09,2.232640203016398e-09
0.01811796973925084,0.001430671188809964,0.0010259688747353835,1.1103646503627066e-06,1.1397484212752858e-06,1.1104054263286382e-06,1.1397661410228466e-06,1.325509898081761e-07,1.4225821587388054e-07,1.323625254529431e-07,1.4207368792540365e-07,3.269690808421178e-10,4.036953410446742e-11,5.630196611459876e-09,2.191594905553984e-09,5.953210808691422e-09,2.2328465743015613e-09
0.01811897091101855,0.0016739549846107593,0.0009773735290865393,1.1103957294632028e-06,1.139768477466688e-06,1.110438461182639e-06,1.139785780300311e-06,1.3257731268367934e-07,1.4224513248239052e-07,1.3238884832844633e-07,1.4206059034368424e-07,1.4700314576732154e-10,3.193669235494739e-11,4.3682462091965135e-09,2.3415953859022914e-09,4.514756568596567e-09,2.3734271812860297e-09
0.018118972366210073,0.001672589314315934,0.0009773028963167008,1.1103957644891262e-06,1.139768506618129e-06,1.1104384981432365e-06,1.1397858088457724e-06,1.325773724971462e-07,1.4224511346583313e-07,1.3238890812128786e-07,1.4206057130650152e-07,1.4763407977176677e-10,3.192443531752076e-11,4.369420722674442e-09,2.341813409856286e-09,4.516568214092338e-09,2.3736315135636232e-09
0.018119973537977785,0.0007330081514762554,0.0010994028074705212,1.110419862324504e-06,1.1397892997861214e-06,1.1104639270342886e-06,1.1398064698197523e-06,1.3261852416235342e-07,1.422254174274512e-07,1.324300455962657e-07,1.420408752681196e-07,5.817166748300906e-10,3.916208975394837e-11,5.177485995488951e-09,2.1488444714952254e-09,5.762980315182631e-09,2.1870291103036402e-09
0.018119974993169308,0.0007318490523417511,0.0010995802782716169,1.1104198720532757e-06,1.1397893300087493e-06,1.110463934470201e-06,1.1398064998502377e-06,1.32618520361776e-07,1.4222538879948843e-07,1.3243004177503297e-07,1.4204084664015681e-07,5.809869276162065e-10,3.917260960051294e-11,5.1773715644145155e-09,2.1485639933871425e-09,5.762123980799382e-09,2.186757885880297e-09
0.018120974709745497,-6.445205306276902e-05,0.001171962057409295,1.1104265557194127e-06,1.1398120400473078e-06,1.1104690429419861e-06,1.1398295447340685e-06,1.3261590936508583e-07,1.4222724771561024e-07,1.324274165881434e-07,1.420426913660792e-07,7.965059167780453e-11,3.1077866474352694e-11,5.098757416277522e-09,1.9591172928121116e-09,5.173822259507688e-09,1.9900032326126616e-09
0.01812097616493702,-6.368397354582019e-05,0.0011720674166220135,1.1104265615445834e-06,1.1398120731041325e-06,1.1104690452520235e-06,1.1398295782782952e-06,1.3261584616906428e-07,1.4222725042145612e-07,1.3242735335087118e-07,1.420426940512698e-07,8.024978689954631e-11,3.106608373326658e-11,5.098306913233525e-09,1.9588415334226283e-09,5.173984316619491e-09,1.989716835737454e-09
0.01812197733670473,0.0004647547341149749,0.00107013230725682,1.1104305692620115e-06,1.1398345198913925e-06,1.1104706345577142e-06,1.1398522826453061e-06,1.3257236730623845e-07,1.4224688969892054e-07,1.3238384610758658e-07,1.420623333287342e-07,4.924960994578953e-10,4.6469747483370595e-11,4.788360818963611e-09,2.054933554071818e-09,5.285479609540289e-09,2.102057555918139e-09
0.018121978791896254,0.0004664426592457685,0.0010699841457606496,1.1104305997363094e-06,1.1398345525175368e-06,1.110470666027549e-06,1.1398523156458396e-06,1.3257233464186804e-07,1.4224691824438196e-07,1.3238381344321617e-07,1.4206236187419563e-07,4.922470623143313e-10,4.6492136529519e-11,4.789412566380627e-09,2.0550732227064827e-09,5.286272728411994e-09,2.1022208418486343e-09
0.018122979963663965,0.0016277351492317413,0.0008964646987728031,1.1104515660532937e-06,1.1398542400481948e-06,1.1104923172738843e-06,1.1398718697819277e-06,1.3254986155503055e-07,1.4225848588012013e-07,1.3236134035637868e-07,1.420739295099338e-07,3.209095075422567e-10,3.9173025934147176e-11,5.513014789287815e-09,2.0907573450301697e-09,5.831938512145236e-09,2.1294961349838104e-09
0.01812298141885549,0.0016294230743625349,0.0008964507599823376,1.1104515965275916e-06,1.1398542659992002e-06,1.110492348743719e-06,1.1398718952292722e-06,1.3254982889066014e-07,1.4225846896341954e-07,1.3236130769200827e-07,1.420739125725779e-07,3.206604703986926e-10,3.916251924354727e-11,5.514066536704831e-09,2.0906496359688615e-09,5.832731631016941e-09,2.129378422942146e-09
0.018123981135431677,0.0016853331858607966,0.0008868748109325253,1.1104847355089846e-06,1.1398720943398884e-06,1.1105281080462149e-06,1.1398893775549368e-06,1.3258703559349512e-07,1.4224684719010838e-07,1.3239850020464383e-07,1.4206227660906734e-07,2.254946325553755e-10,3.1944422801410965e-11,5.158183874218116e-09,2.0166535108501193e-09,5.384414009618328e-09,2.0485102503187136e-09
0.0181239825906232,0.0016854145688469657,0.0008871871209206046,1.110484783746221e-06,1.139872123278102e-06,1.1105281600976014e-06,1.1398894061418888e-06,1.325870897517234e-07,1.4224681674417836e-07,1.323985543422168e-07,1.420622461631373e-07,2.2535610877394419e-10,3.197349642395788e-11,5.1576658499641326e-09,2.01651856162778e-09,5.383761436661416e-09,2.048403903217046e-09
0.01812498230719939,0.000525988584338081,0.0011017440827311153,1.1105068746382412e-06,1.139892003830819e-06,1.1105509779382416e-06,1.1399090453778626e-06,1.3262985901272438e-07,1.4222590039025818e-07,1.324413094130184e-07,1.4204132980921713e-07,6.555061315092035e-10,5.194707511368968e-11,5.100759602807787e-09,1.9238084458805815e-09,5.756545070080974e-09,1.975343444371447e-09
0.01812498376239091,0.0005243009191495673,0.0011020108687930111,1.1105069067938336e-06,1.1398920385667788e-06,1.1105510111519834e-06,1.1399090805745145e-06,1.3262992126783502e-07,1.4222590908614455e-07,1.3244137164747372e-07,1.4204133848444822e-07,6.561322596354557e-10,5.190735838017415e-11,5.100676769842494e-09,1.9238333035804593e-09,5.75708769545713e-09,1.9753298686675784e-09
0.0181259834789671,-7.500433787949027e-05,0.0012852928933153596,1.1105113897651936e-06,1.139915902171108e-06,1.1105532815838878e-06,1.1399332606742973e-06,1.326166392411937e-07,1.4223188316009328e-07,1.32428075430633e-07,1.4204729836819752e-07,6.761810108121247e-11,2.462196245500703e-11,5.619770671426535e-09,1.9409105433965124e-09,5.687740190974103e-09,1.9660033601098803e-09
0.018125984934158623,-7.587668905420508e-05,0.0012851138894375402,1.1105113962906249e-06,1.139915937788523e-06,1.1105532848887378e-06,1.1399332970805626e-06,1.326166199078216e-07,1.4223193485285301e-07,1.3242805607660557e-07,1.4204735006095726e-07,6.676145747341877e-11,2.4670985884367157e-11,5.6205262666253475e-09,1.9410645250274518e-09,5.687639248463938e-09,1.9662059921339305e-09
0.01812698319554329,0.0005959680499793075,0.0011623172292534178,1.1105165979384735e-06,1.1399403713352238e-06,1.1105568040507335e-06,1.139958271778596e-06,1.3257789493570049e-07,1.4226739608602657e-07,1.323893027241458e-07,1.420828112941308e-07,5.945130063079507e-10,5.8301058425414e-11,5.230597707509084e-09,2.046695923851871e-09,5.825046649140779e-09,2.1052115606323696e-09
0.018126984650734812,0.0005969474154881027,0.0011619077103626001,1.1105166055210506e-06,1.1399404010631198e-06,1.1105568091807072e-06,1.139958301357003e-06,1.325778384853038e-07,1.4226741816655518e-07,1.3238924623237835e-07,1.4208283335400412e-07,5.952823234345317e-10,5.828028120866136e-11,5.2300292985307806e-09,2.046704091736844e-09,5.825246951474128e-09,2.1051985513358873e-09
0.018127984367311,0.0014959783479966404,0.0008805682323708153,1.1105375288468356e-06,1.1399608241277123e-06,1.1105786370535498e-06,1.1399786217225483e-06,1.325671803442674e-07,1.4228258748971712e-07,1.3237857388048724e-07,1.4209798848696664e-07,3.0299854292259454e-10,4.400633329959547e-11,5.407930547818296e-09,2.052315428713314e-09,5.7100710826318846e-09,2.0962611646524465e-09
0.01812898408388719,0.001603668346175721,0.0008491812154005629,1.1105685180957363e-06,1.1399781167196683e-06,1.1106113312729745e-06,1.1399953336876933e-06,1.325958871176599e-07,1.4225683742097317e-07,1.3240725227348094e-07,1.420722384182227e-07,2.314717342218602e-10,2.5947060472431005e-11,5.303729696382559e-09,2.1364532365453215e-09,5.5356336220317684e-09,2.1628783208882396e-09
0.018128985539078712,0.0016038251001759818,0.0008495538979510069,1.1105685632038133e-06,1.1399781451598636e-06,1.1106113788628136e-06,1.1399953618198075e-06,1.3259592890335625e-07,1.4225679902891152e-07,1.3240729401786666e-07,1.4207220000547566e-07,2.3136761950759421e-10,2.599066768351263e-11,5.303578021198518e-09,2.136400598075966e-09,5.5353797101531654e-09,2.1628674843358177e-09
0.01812998380046338,0.0006768703660837705,0.0011052141275555982,1.1105913305059547e-06,1.139997655133876e-06,1.1106353667855728e-06,1.140014660450106e-06,1.3263699827348319e-07,1.4223046207462176e-07,1.3244834917713888e-07,1.4204584886101657e-07,6.416586706414762e-10,5.590521448550767e-11,5.026111082884199e-09,2.100290608098021e-09,5.667063707193165e-09,2.155433609374313e-09
0.018130983517039567,-0.00021350940371644977,0.0012866434304825702,1.110595962802303e-06,1.1400215669303625e-06,1.1106386637038668e-06,1.1400389894333784e-06,1.3264070730656385e-07,1.4224366395865218e-07,1.3245202978851012e-07,1.4205903653419227e-07,3.675006479686438e-11,2.0879367679249583e-11,5.241455269811013e-09,1.9474613033310106e-09,5.277452697072249e-09,1.96825578058224e-09
0.018131981778424233,0.0004158190358298432,0.0011663867208255851,1.1105979915391719e-06,1.1400460545831173e-06,1.1106376420116744e-06,1.1400640005376772e-06,1.3258967945762744e-07,1.4228055533749284e-07,1.3240098774940435e-07,1.4209591370217822e-07,6.342638777373503e-10,4.7725587370983646e-11,4.9946190479622906e-09,1.9357748737292013e-09,5.6311595186270375e-09,1.983189168441868e-09
0.018131983233615756,0.00041673642422568324,0.0011660802227162514,1.1105979944965143e-06,1.1400460854697864e-06,1.1106376405223273e-06,1.1400640310309397e-06,1.32589605073008e-07,1.4228057012838243e-07,1.3240091334409954e-07,1.420959284723523e-07,6.351348891264763e-10,4.7714911933287516e-11,4.994259228396913e-09,1.9356567275496106e-09,5.631675126238633e-09,1.983061255212782e-09
0.0181329800398089,0.0017987980197955876,0.0009561290178226045,1.1106200991927067e-06,1.1400672428381197e-06,1.110660571787248e-06,1.140084918915818e-06,1.3256694342073186e-07,1.422907018877595e-07,1.323782516918234e-07,1.4210604604159016e-07,2.7373277502799283e-10,4.0402237111436534e-11,5.496380850941527e-09,1.8547265945301206e-09,5.7688516451678335e-09,1.8954406932891743e-09
0.018132981495000422,0.0018008156279643028,0.0009561594385155451,1.1106201314623363e-06,1.1400672709692572e-06,1.110660605263547e-06,1.140084946386e-06,1.325669103380278e-07,1.4229066984610892e-07,1.3237821860911936e-07,1.421060139792542e-07,2.7320518070084177e-10,4.040443367031827e-11,5.497113875208015e-09,1.8551595291498612e-09,5.769051902859701e-09,1.8958770952954092e-09
0.018133979756385088,0.0017708012766425515,0.0009770280338727844,1.1106557855347031e-06,1.1400865689296092e-06,1.1106997135357233e-06,1.1401037909308798e-06,1.3261957576560235e-07,1.4226868927380565e-07,1.324308840366939e-07,1.420840192167816e-07,3.022058991941634e-10,4.191127306318876e-11,5.374254374856946e-09,2.152152678291941e-09,5.677872394471706e-09,2.1952488715726304e-09
0.018134978017769754,0.0004050159186083646,0.0011419859586396797,1.1106775058775643e-06,1.1401077222280322e-06,1.1107217687822413e-06,1.140124936682696e-06,1.3266335940897989e-07,1.4225992117644637e-07,1.32474639258362e-07,1.4207525111942232e-07,6.736426971798437e-10,4.689336766117158e-11,5.23361531890032e-09,2.2041097835767687e-09,5.905929967298107e-09,2.2502792962342255e-09
0.018135974823962897,-0.00016991436579166818,0.001173495171826744,1.1106798410180662e-06,1.1401308030873417e-06,1.1107215417400143e-06,1.1401483561712666e-06,1.3263865437666133e-07,1.4227906319774775e-07,1.3244992003590427e-07,1.4209436471901427e-07,3.4604880322404696e-11,4.5861713732220366e-11,5.322749347856223e-09,2.018414324567175e-09,5.356629236061146e-09,2.0640094078316906e-09
0.01813597627915442,-0.00017075368007546388,0.0011733377895134956,1.1106798444270303e-06,1.1401308356694593e-06,1.1107215414085658e-06,1.1401483889846687e-06,1.3263861831092072e-07,1.4227908921645552e-07,1.3244988394944812e-07,1.4209439073772204e-07,3.3671978399985036e-11,4.5865148059872563e-11,5.322879470526232e-09,2.018337493573389e-09,5.3558273371834275e-09,2.0639357120041485e-09
0.018136973085347563,0.0007196920224458199,0.0010655309049383277,1.1106853292361139e-06,1.1401531544200587e-06,1.1107254011264238e-06,1.1401708661651355e-06,1.3259338014720358e-07,1.4229691203127004e-07,1.3240463159559178e-07,1.4211221355253656e-07,6.939113043836544e-10,4.821766250162618e-11,4.91731952791641e-09,1.965708262829935e-09,5.6125903671982724e-09,2.0134540701377546e-09
0.018136974540539086,0.0007209919431794276,0.0010654275795207318,1.1106853372431345e-06,1.1401531844011352e-06,1.1107254067610484e-06,1.1401708957071168e-06,1.3259331410608866e-07,1.4229690636767392e-07,1.3240456553376134e-07,1.4211220786819467e-07,6.948751574142875e-10,4.820419253337913e-11,4.91672746960603e-09,1.965389870801864e-09,5.61296520373844e-09,2.0131218999988336e-09
0.018137969891540706,0.0016968388070099575,0.000994752993885184,1.110709417346165e-06,1.1401736914575586e-06,1.110750608394529e-06,1.14019110242225e-06,1.3258819147676062e-07,1.422930324679328e-07,1.323994429044333e-07,1.421083197783446e-07,1.726173714915474e-10,3.899073425239763e-11,5.52566096301601e-09,1.7476097236013288e-09,5.697583040563483e-09,1.78591752497681e-09
0.01813797134673223,0.0016982654837114641,0.0009948263092081602,1.1107094525509939e-06,1.1401737211394927e-06,1.1107506452390226e-06,1.1401911319642312e-06,1.3258818398753647e-07,1.4229301697084012e-07,1.3239943541520915e-07,1.4210830426050616e-07,1.7185383671680654e-10,3.899316321474114e-11,5.526551216661346e-09,1.7477839065727004e-09,5.697706750851239e-09,1.786097088883133e-09
0.01813896669773385,0.0015152413123940057,0.0010449739901239319,1.1107414355597237e-06,1.1401940235824583e-06,1.1107850420630978e-06,1.1402113386793644e-06,1.326307685044711e-07,1.4228241695946053e-07,1.3244200574203483e-07,1.4209769005901762e-07,3.8543274164356226e-10,4.065457345769907e-11,5.212147181008437e-09,1.866925058990887e-09,5.598290847604322e-09,1.9089188008081237e-09
0.018138968152925372,0.0015149737331961732,0.0010450832498356145,1.1107414823185085e-06,1.1401940550843118e-06,1.1107850923508522e-06,1.140211370378906e-06,1.326308307625368e-07,1.4228242112936096e-07,1.3244206797935476e-07,1.4209769422891805e-07,3.857449915045663e-10,4.0647087201558526e-11,5.211687525985553e-09,1.8670531644652096e-09,5.598145502716534e-09,1.9090354325731967e-09
0.018139963503926992,0.0004509692563436675,0.001119816892626524,1.110761034868443e-06,1.1402156023520461e-06,1.1108048449824994e-06,1.1402330528653692e-06,1.3266507149541358e-07,1.422852733412583e-07,1.3247628033201366e-07,1.4210054644081538e-07,5.282313120571448e-10,3.5526488001424994e-11,5.498777819129836e-09,1.9546773089018643e-09,6.027802933518228e-09,1.9888115598831746e-09
0.018139964959118515,0.00044941369424300603,0.001119782201340831,1.1107610634540424e-06,1.1402156345972021e-06,1.1108048738606158e-06,1.1402330852287755e-06,1.3266512155496457e-07,1.4228529012458888e-07,1.324763303500731e-07,1.421005632034002e-07,5.28439625391286e-10,3.552318298093413e-11,5.4991975417806316e-09,1.95409851884462e-09,6.028431087656827e-09,1.988231488612352e-09
0.018140960310120136,-3.752946830830361e-05,0.001096053361926863,1.110765156061855e-06,1.1402376902839755e-06,1.1108069172363034e-06,1.140255221798725e-06,1.3264341068828347e-07,1.422967699227229e-07,1.3245460529328307e-07,1.4211202881142526e-07,5.488151040678305e-11,3.326254896518499e-11,5.393911811281718e-09,1.558206119689487e-09,5.444986577433726e-09,1.591462739369831e-09
0.01814096176531166,-3.8241373516711974e-05,0.0010959461090322405,1.1107651620451999e-06,1.140237721114223e-06,1.1108069202236948e-06,1.1402552526684356e-06,1.326433789472503e-07,1.4229677934130397e-07,1.3245457353150414e-07,1.4211203820926058e-07,5.4189173981367134e-11,3.325807594144932e-11,5.393757884775141e-09,1.55897199124058e-09,5.444133588383693e-09,1.592227872663132e-09
0.01814195711631328,0.0007853612857999792,0.0010225851291103538,1.11077259851073e-06,1.1402588090036644e-06,1.1108127182524186e-06,1.1402763675505412e-06,1.326015706126782e-07,1.423032216507636e-07,1.324127509860773e-07,1.4211846632861125e-07,5.260565316689281e-10,3.019852770624887e-11,4.5655990099646715e-09,2.082828132188297e-09,5.094017208051582e-09,2.1155790452809242e-09
0.0181429524673149,0.0016842827751404926,0.0010098347162160737,1.1107971932186564e-06,1.140279038714952e-06,1.1108384874902571e-06,1.1402963764339802e-06,1.3260199631594644e-07,1.422992994548622e-07,1.324131624992366e-07,1.4211452992185514e-07,8.417387857288684e-11,2.854861312628909e-11,5.882144457807474e-09,2.3600781329236042e-09,5.967242810827072e-09,2.3880455390923316e-09
0.018142953922506422,0.0016855969878442068,0.00100994937042908,1.1107972291758318e-06,1.1402790692462222e-06,1.1108385251645814e-06,1.1402964068501956e-06,1.3260199693831964e-07,1.4229928545176851e-07,1.3241316310086404e-07,1.4211451589798535e-07,8.352785130227858e-11,2.855626850917534e-11,5.884069231854028e-09,2.3598267664196442e-09,5.968519456445165e-09,2.3878024661491417e-09
0.01814394781831652,0.0013655602006017037,0.0010882581979123618,1.1108275498421391e-06,1.1402999221037876e-06,1.110871219105703e-06,1.1403171811252832e-06,1.3264533343840014e-07,1.4228972133878415e-07,1.3245649960094453e-07,1.4210493759492238e-07,2.829809633452388e-10,3.378489502048332e-11,4.954948558667769e-09,2.1881434442150294e-09,5.234671115675862e-09,2.2217836459503815e-09
0.018143949273508042,0.0013650916255105727,0.0010883810995374645,1.1108275942355012e-06,1.1402999549995723e-06,1.1108712669738452e-06,1.1403172142008399e-06,1.3264539688861987e-07,1.422897210686948e-07,1.3245656305116427e-07,1.4210493732483303e-07,2.8327298839947446e-10,3.378305109058501e-11,4.953588206291215e-09,2.188022592867906e-09,5.233596667153506e-09,2.2216599934001943e-09
0.01814494316931814,0.0004355546318330066,0.0011723229094826593,1.110845477256664e-06,1.1403224228204826e-06,1.1108888626713239e-06,1.1403398048059898e-06,1.3266724960968207e-07,1.4228953659767285e-07,1.3247838739206924e-07,1.4210475285381108e-07,3.046944363888634e-10,3.252364697003962e-11,5.4292081571224076e-09,2.1054811227827486e-09,5.739251693126436e-09,2.1372053016222026e-09
0.018144944624509662,0.0004341936699096133,0.0011722694617852985,1.1108455034397111e-06,1.1403224564075777e-06,1.110888888433692e-06,1.1403398387125906e-06,1.3266728160488128e-07,1.4228955328088386e-07,1.3247841934571625e-07,1.4210476951624598e-07,3.0472580014873074e-10,3.253073285386052e-11,5.429904526010887e-09,2.105198206142666e-09,5.739992037234742e-09,2.1369304308527823e-09
0.01814593852031976,0.00014356473036379808,0.0011357646844878388,1.110851241527036e-06,1.1403453963934674e-06,1.1108928616557033e-06,1.140362996920885e-06,1.326483378499345e-07,1.4230094791400916e-07,1.3245947559076947e-07,1.4211614995929267e-07,3.924824434041516e-11,3.737039150353283e-11,5.791702752216997e-09,1.911966140966115e-09,5.825224744416622e-09,1.9491936953386357e-09
0.018145939975511283,0.00014313921215070025,0.0011356152889306574,1.1108512499283353e-06,1.1403454279615601e-06,1.1108928674730123e-06,1.1403630285005622e-06,1.326483101138365e-07,1.4230095963173147e-07,1.3245944785467145e-07,1.42116161677015e-07,3.885955099369731e-11,3.737147344346359e-11,5.7922324714354545e-09,1.912057441877066e-09,5.825349536081603e-09,1.9492866151625177e-09
0.01814693387132138,0.0007481752555849042,0.0010335781233757266,1.110860108665485e-06,1.140366988968834e-06,1.1109008255516528e-06,1.1403845974200522e-06,1.326246632515904e-07,1.4230896283606853e-07,1.3243580099242536e-07,1.4212416488135204e-07,3.4174965635180854e-10,3.811043841617234e-11,4.510673612401206e-09,1.974415964056675e-09,4.855224222666266e-09,2.012750854873957e-09
0.018147927767131478,0.0014899770544332962,0.001005905163843246,1.1108823643621549e-06,1.1403872593077732e-06,1.1109235296774317e-06,1.1404046063034912e-06,1.3262332938420087e-07,1.4230479905563698e-07,1.3243446712503583e-07,1.4211997267921106e-07,6.635508903427647e-11,2.8650791808471077e-11,6.439851161754198e-09,1.9606329892951635e-09,6.5096902754536525e-09,1.989127751400588e-09
0.018147929222323,0.0014910631478430303,0.0010060617829710274,1.1108823969473622e-06,1.1403872901400975e-06,1.1109235629191971e-06,1.1404046367642397e-06,1.3262332743124716e-07,1.4230477922702124e-07,1.3243446517208213e-07,1.4211995285059532e-07,6.59518759049682e-11,2.8661165269447734e-11,6.442675726248126e-09,1.9607430561231107e-09,6.512112626921862e-09,1.989249394782469e-09
0.018148921662941575,0.0014115718105878999,0.0011128760281179373,1.1109112027189474e-06,1.1404083177852653e-06,1.1109542134232938e-06,1.1404254109947942e-06,1.3265457391736797e-07,1.422912561110934e-07,1.3246569746815477e-07,1.4210642973466747e-07,1.86399256805218e-10,3.573586565552844e-11,5.336151731968053e-09,2.035808632783187e-09,5.515746420202472e-09,2.072210181225387e-09
0.018148923118133098,0.001411455254374916,0.0011131036251719143,1.1109112449561492e-06,1.1404083524362981e-06,1.110954258365382e-06,1.1404254459497516e-06,1.3265461973333004e-07,1.4229125199140198e-07,1.324657432633103e-07,1.4210642559416955e-07,1.8657586586812158e-10,3.5729201818159755e-11,5.334529262768228e-09,2.0359855139055926e-09,5.5142854726852875e-09,2.0723793255725244e-09
0.018149915558751673,0.0005552571105206521,0.001268324815984212,1.110930750949186e-06,1.1404319844406849e-06,1.1109743514736232e-06,1.1404492852307158e-06,1.3268525604737855e-07,1.4228844236185978e-07,1.3249636538731063e-07,1.4210360177457915e-07,2.806296947709207e-10,3.118446473271419e-11,5.103529468235602e-09,2.156618439386193e-09,5.3902005962622546e-09,2.187735770320387e-09
0.018149917013943195,0.000554001688022332,0.001268290268212336,1.1109307795503488e-06,1.1404320210104265e-06,1.1109743809356587e-06,1.1404493223495515e-06,1.3268530096866016e-07,1.4228847015937353e-07,1.324964102877857e-07,1.421036295720929e-07,2.807676036109541e-10,3.1193510083809954e-11,5.103190758859455e-09,2.1564244725328772e-09,5.3900186536282035e-09,2.1875501387549564e-09
0.01815090945456177,0.00012075242969850975,0.0012447286877930175,1.110937469779682e-06,1.1404569615741644e-06,1.1109791487918515e-06,1.1404746373955277e-06,1.326719481333106e-07,1.423074280637593e-07,1.3248302907233977e-07,1.4212258747647866e-07,1.3899449137308011e-11,3.736243953111895e-11,6.200845973018951e-09,2.024139078571352e-09,6.210634461893128e-09,2.0609494111312188e-09
0.018150910909753293,0.00012011716685639273,0.0012444325662074466,1.1109374795894025e-06,1.140456994857397e-06,1.110979155782843e-06,1.1404746708524156e-06,1.3267192855437315e-07,1.4230745392626648e-07,1.3248300945178926e-07,1.4212261329737281e-07,1.3508146858021153e-11,3.738378512316088e-11,6.202455438142351e-09,2.0240505894074134e-09,6.211837710878854e-09,2.0608833679784925e-09
0.018151903350371867,0.000686381022086735,0.0010424776448481055,1.1109454836050176e-06,1.1404796940220728e-06,1.1109862043667817e-06,1.1404974884499097e-06,1.3264298104331829e-07,1.4232509215617029e-07,1.3245403351902496e-07,1.4214022314718022e-07,2.6139376774203527e-10,5.194147889575618e-11,4.3651451342441305e-09,1.9637009796014127e-09,4.625328564600295e-09,2.0158419378191184e-09
0.018152897246181965,0.001352039857683951,0.0009272868579123207,1.1109657433847338e-06,1.140499269752688e-06,1.1110072364317602e-06,1.140516673436193e-06,1.32642995254173e-07,1.4231872081087357e-07,1.3245401930817025e-07,1.421338376118049e-07,1.1603522309666658e-10,3.214141367775107e-11,5.94090066030617e-09,2.0579162282645513e-09,6.063136659406609e-09,2.0903380767713323e-09
0.018152898701373488,0.0013519684642202285,0.0009271182037586811,1.1109657820257348e-06,1.1404992984140798e-06,1.1110072767722511e-06,1.1405167015254847e-06,1.3264303088549495e-07,1.4231871148240316e-07,1.324540549394922e-07,1.4213382826255838e-07,1.1595943557158397e-10,3.2112423831165415e-11,5.940442614192912e-09,2.0580541715276013e-09,6.062583594481374e-09,2.0904471487170895e-09
0.01815388968680054,0.0013033495154252117,0.001023048367533099,1.1109920965474539e-06,1.140518625676572e-06,1.1110347486464889e-06,1.1405357729092531e-06,1.32667295815736e-07,1.4229768187619426e-07,1.3247831986973324e-07,1.4211278446633177e-07,6.434813099032155e-11,4.20388643200302e-11,5.628513211064501e-09,2.162409557053062e-09,5.68594638039599e-09,2.204908930900516e-09
0.018153891141992062,0.0013026161395771135,0.001023189234146571,1.1109921272015974e-06,1.1405186540572806e-06,1.1110347798186862e-06,1.140535800914222e-06,1.3266732552934132e-07,1.4229765099571523e-07,1.3247834958333857e-07,1.4211275356501574e-07,6.454501194068801e-11,4.205344059093896e-11,5.6278317060328814e-09,2.162562795504641e-09,5.685481096019306e-09,2.205077009875822e-09
0.018154882127419114,0.0008031871870221863,0.001191160977599246,1.1110130026733342e-06,1.1405406003894935e-06,1.1110560080851428e-06,1.1405578238216687e-06,1.3268756049455988e-07,1.4229360684067506e-07,1.3249858454855712e-07,1.4210869521995788e-07,1.9862093914024825e-10,3.165194630201321e-11,5.163726779500166e-09,2.1311746981048283e-09,5.3686224354976275e-09,2.161983034762132e-09
0.018154883582610637,0.0008026182485451972,0.001191407632141761,1.1110130204027814e-06,1.1405406326161194e-06,1.111056024754767e-06,1.14055785616074e-06,1.3268755826499763e-07,1.422936009021214e-07,1.3249858229815784e-07,1.421086892605672e-07,1.9836874945442692e-10,3.1636672448431824e-11,5.1653690747930825e-09,2.1311286069192192e-09,5.369996758766045e-09,2.1619197543287783e-09
0.01815587456803769,0.0004151711457156537,0.0011947894700256975,1.111025094156308e-06,1.1405642795308748e-06,1.111067376768915e-06,1.1405819224307334e-06,1.3268603993310535e-07,1.423155812395152e-07,1.3249704977624788e-07,1.421306554079433e-07,2.662757341009847e-11,2.9611774939477785e-11,6.2837721692687865e-09,2.020209673057447e-09,6.305910904558232e-09,2.0504141519233486e-09
0.01815587602322921,0.0004153526390643529,0.0011947944360137797,1.1110251080405924e-06,1.140564314254685e-06,1.1110673892711331e-06,1.1405819577703369e-06,1.326860142410469e-07,1.4231561351607525e-07,1.324970240633524e-07,1.4213068766366632e-07,2.6708131803733862e-11,2.960880152169665e-11,6.281086051404319e-09,2.0200467965025837e-09,6.303310781769276e-09,2.050250413887511e-09
0.018156867008656263,0.000538949609528501,0.0010183434102553816,1.1110345632382335e-06,1.1405862435605218e-06,1.111075903281744e-06,1.1406039806777837e-06,1.326685179492415e-07,1.423334361782874e-07,1.3247951358152932e-07,1.4214849613586079e-07,8.156839786943593e-11,3.3509407349766e-11,4.45183978570185e-09,2.254022228884262e-09,4.532627162490144e-09,2.28780993432974e-09
0.018156868463847786,0.0005397192677829765,0.001018084304490685,1.1110345865509326e-06,1.1405862757621456e-06,1.1110759266534876e-06,1.1406040130168549e-06,1.326685102282191e-07,1.4233346234959754e-07,1.3247950586050692e-07,1.421485222863339e-07,8.154169007698906e-11,3.351513511162807e-11,4.454464925487609e-09,2.2543658051432658e-09,4.535236005310494e-09,2.2881587735668063e-09
0.018157857994083315,0.0010630868808263472,0.0009259875824452613,1.111050439186389e-06,1.1406055116010835e-06,1.1110918194390251e-06,1.1406229708396032e-06,1.3266325993299688e-07,1.423234725986882e-07,1.324742555652847e-07,1.4213851834543748e-07,6.338039121311922e-11,1.7869808259985226e-11,6.239559979803744e-09,2.120045382843402e-09,6.309249123148675e-09,2.1370660082485e-09
0.018157859449274838,0.0010632663159300532,0.0009258521460893121,1.111050471904465e-06,1.140605539889082e-06,1.111091853661935e-06,1.1406229987187544e-06,1.3266328785388323e-07,1.4232345790787804e-07,1.3247428346530343e-07,1.4213850363375968e-07,6.33287509610431e-11,1.7846800426379872e-11,6.2385351562427655e-09,2.119847852810608e-09,6.308152156284781e-09,2.1368438130053846e-09
0.018158848979510367,0.0011852821864500873,0.0010373695704188055,1.1110727201961919e-06,1.1406249681843494e-06,1.111115125240758e-06,1.1406420700613996e-06,1.3268227405660582e-07,1.423016762776993e-07,1.3249325547803892e-07,1.4211670781359386e-07,2.821337954928005e-11,2.4226037995306536e-11,5.541655134777557e-09,2.0011676786218915e-09,5.562214688836775e-09,2.0255364457011747e-09
0.01815885043470189,0.0011846710547352124,0.0010375335666310548,1.1110727486362173e-06,1.1406249967553719e-06,1.1111151544554373e-06,1.1406420981074916e-06,1.3268229943164155e-07,1.423016442458902e-07,1.3249328085307465e-07,1.4211667576091713e-07,2.8254270374636238e-11,2.4235419227025545e-11,5.541685103299918e-09,2.0009931489539667e-09,5.562309298097648e-09,2.0253727583963155e-09
0.01815983996493742,0.0007691014886203051,0.001170454121631066,1.1110920878536004e-06,1.1406468473953928e-06,1.1111350204373593e-06,1.1406642344873476e-06,1.326995544559395e-07,1.4230225441533495e-07,1.325105358773726e-07,1.4211728593036188e-07,5.6060031616844697e-11,1.4392821012754887e-11,5.562063698505426e-09,2.1790142971112347e-09,5.626643595491032e-09,2.1943056632613715e-09
0.01815984142012894,0.0007689117374866257,0.0011706495930354777,1.1110921083569937e-06,1.1406468795286869e-06,1.1111350393016951e-06,1.1406642670408473e-06,1.326995402450848e-07,1.4230225531264296e-07,1.325105216665179e-07,1.4211728682766989e-07,5.60091955606651e-11,1.4378346603616254e-11,5.5638549717862155e-09,2.1792760929173483e-09,5.628363345628728e-09,2.19455409400382e-09
0.01816083095036447,0.0006398809665846272,0.0011300963947995983,1.1111060506644012e-06,1.1406696455157525e-06,1.1111478670500219e-06,1.1406873115798768e-06,1.3268987686387845e-07,1.4232542756155625e-07,1.3250085828531155e-07,1.4214044488659608e-07,2.1440677358541826e-11,2.2685699767203737e-11,6.781920802723107e-09,2.3992404040001497e-09,6.797793439261568e-09,2.4225131324989315e-09
0.018160832405555993,0.0006402769668817018,0.001130036757743369,1.1111060732116936e-06,1.1406696789951452e-06,1.1111478894201192e-06,1.1406873454689048e-06,1.3268985743611671e-07,1.4232546163839288e-07,1.3250083881581457e-07,1.421404789425651e-07,2.1433868118023352e-11,2.269791646303254e-11,6.77833502037495e-09,2.3995638809282127e-09,6.7942033262284734e-09,2.422848366379071e-09
0.018161821935791522,0.0009095571688924053,0.0010217695578245312,1.111121405370525e-06,1.1406909701937526e-06,1.1111631010862766e-06,1.1407084601696905e-06,1.326766465581386e-07,1.4233413172050312e-07,1.3248759955786227e-07,1.4214913483468826e-07,1.680358456546127e-11,1.773887626872055e-11,4.340003023628469e-09,2.3816656511218256e-09,4.352926463724316e-09,2.3985555519229967e-09
0.018161823390983045,0.0009095601262284206,0.0010216103413540623,1.1111214318713862e-06,1.1406910015043389e-06,1.11116312883924e-06,1.140708491220721e-06,1.3267666668321667e-07,1.4233414447062387e-07,1.3248761966204202e-07,1.4214914756394137e-07,1.6808481802080767e-11,1.7731583562552444e-11,4.341991335104718e-09,2.3816393301956396e-09,4.354936903904662e-09,2.3985198271958552e-09
0.01816281146602705,0.0009115681573828027,0.0010650118140681914,1.1111394259562553e-06,1.1407116195286939e-06,1.1111819731013384e-06,1.1407289247579363e-06,1.3269033161122934e-07,1.423204795426112e-07,1.325012704000983e-07,1.421354684459723e-07,2.0133705466718332e-11,1.8462534337847797e-11,5.692054827477477e-09,2.1527808310505072e-09,5.7200257863598836e-09,2.1710683509149556e-09
0.018162812921218574,0.000911325905042986,0.0010650757337629102,1.111139450085695e-06,1.1407116498939727e-06,1.1111819964730818e-06,1.140728954851511e-06,1.3269034588468694e-07,1.4232045941753313e-07,1.3250128465268825e-07,1.4213544829999591e-07,2.012582072311793e-11,1.8463610848562517e-11,5.691701649393538e-09,2.1524437787689976e-09,5.719640558859796e-09,2.1707333708320675e-09
0.018163802451454103,0.000746594313967619,0.001181333538959569,1.1111558581047032e-06,1.1407338804847136e-06,1.1111978892586194e-06,1.1407512047512636e-06,1.3270005183585454e-07,1.4231207313516463e-07,1.3251097641386878e-07,1.4212706201762742e-07,1.476419507484561e-11,1.6431134238640576e-11,5.451540552314782e-09,2.321983749019125e-09,5.457685858800687e-09,2.339184703010354e-09
0.018163803906645626,0.0007468704569562177,0.0011815045063201524,1.1111558825659759e-06,1.1407339131767589e-06,1.1111979129991062e-06,1.1407512374717044e-06,1.327000369353554e-07,1.4231206080239645e-07,1.3251096149247131e-07,1.4212704968485923e-07,1.4778056214410183e-11,1.6428145302449515e-11,5.450659620386071e-09,2.322233072504787e-09,5.456843464019305e-09,2.339432425557675e-09
0.018164791981689632,0.000934371546214785,0.0011625990885533544,1.1111724917701388e-06,1.1407570744042754e-06,1.1112140327895759e-06,1.1407747360395018e-06,1.326899194964426e-07,1.4232288773912922e-07,1.3250082986360212e-07,1.421378624316356e-07,2.4189769978755216e-11,1.7091534424985598e-11,4.852506840791193e-09,2.288529708875419e-09,4.884857407461141e-09,2.304724679076909e-09
0.018164793436881155,0.0009346582673444298,0.00116257124552277,1.111172521801122e-06,1.140757108515067e-06,1.1112140637190833e-06,1.1407747706471127e-06,1.326899159228306e-07,1.4232290368454414e-07,1.325008262690918e-07,1.4213787835615221e-07,2.4191839457942905e-11,1.709251143400259e-11,4.855297831758943e-09,2.288480072110133e-09,4.8876352788581015e-09,2.3046735631027104e-09
0.01816578151192516,0.0011293419143731942,0.0010134583992001446,1.1111929128388059e-06,1.1407786071510592e-06,1.1112350648545544e-06,1.1407963393808399e-06,1.326874894402863e-07,1.4233594425447524e-07,1.324983855965911e-07,1.421509047361269e-07,2.5597015826384073e-11,2.8486175140033146e-11,6.750380698861136e-09,2.0909095399535006e-09,6.7738099573944055e-09,2.1192460861349025e-09
0.018165782967116684,0.0011290168999753593,0.001013238792651805,1.1111929424955952e-06,1.1407786388132623e-06,1.1112350949924495e-06,1.1407963711462799e-06,1.3268750124429523e-07,1.4233596346002741e-07,1.3249839735874184e-07,1.4215092392078077e-07,2.5602184211433906e-11,2.850295520440138e-11,6.747267091959784e-09,2.0906185671520916e-09,6.770697818799793e-09,2.1189729970672033e-09
0.018166769586969167,0.0009086571382432851,0.0009138754975139917,1.111213049798842e-06,1.1407976506595027e-06,1.1112555284853443e-06,1.1408151018481e-06,1.3269550436234567e-07,1.4233112469539052e-07,1.3250637209694105e-07,1.4214607096621826e-07,2.910634927522082e-11,1.4588915549047683e-11,4.6362416128431505e-09,2.1171189184027547e-09,4.6606678516525335e-09,2.1316993648912774e-09
0.01816677104216069,0.0009082974518588514,0.0009137289439813401,1.1112130726850396e-06,1.140797678700574e-06,1.1112555512227117e-06,1.140815129474504e-06,1.3269551861499702e-07,1.4233111755856953e-07,1.325063863495924e-07,1.4214606380846817e-07,2.916882728001672e-11,1.4568393366665155e-11,4.637833066609306e-09,2.117158004466546e-09,4.6623392512725475e-09,2.131718135345295e-09
0.018167759117204696,0.0006640703968283646,0.001014652161639899,1.111228612413324e-06,1.1408167340216579e-06,1.1112709898952744e-06,1.1408338602169511e-06,1.3270519616526144e-07,1.4231329497333183e-07,1.3251606389985682e-07,1.4212822703327406e-07,7.159139253642977e-11,3.2598421840260945e-11,5.718430173828892e-09,2.0435999311086513e-09,5.797219593262071e-09,2.0757409745301747e-09
0.01816776057239622,0.0006640550608228988,0.0010148007967174522,1.111228631588785e-06,1.1408167620854592e-06,1.111271008312877e-06,1.140833887802728e-06,1.3270520420203347e-07,1.4231326872504724e-07,1.3251607193662885e-07,1.4212820076409116e-07,7.150762837826484e-11,3.262497563771838e-11,5.718134930372307e-09,2.043491598158198e-09,5.7968183655283305e-09,2.0756585339398725e-09
0.018168747192248702,0.0006536572491171455,0.001210121296097079,1.1112416325513415e-06,1.1408387164508165e-06,1.1112834954474238e-06,1.1408559105672924e-06,1.3271065313347208e-07,1.4230858604959218e-07,1.3252152086806746e-07,1.4212350389871049e-07,1.4715529142450556e-11,2.433821843435737e-11,5.517959866807587e-09,1.898431536012387e-09,5.524785962052192e-09,1.922432391316554e-09
0.018168748647440225,0.0006539374520074844,0.0012104093794294973,1.111241654343886e-06,1.1408387488318864e-06,1.1112835167113831e-06,1.140855943049246e-06,1.3271063705992801e-07,1.4230857914299122e-07,1.325215047945234e-07,1.4212349697118043e-07,1.487544343042724e-11,2.4325996078600198e-11,5.516625801238069e-09,1.8982175831183667e-09,5.5236311358584295e-09,1.9222063940560474e-09
0.018169735267292708,0.0008439150116572591,0.0012272488426402345,1.1112564296891162e-06,1.1408627994968875e-06,1.1112979336758144e-06,1.1408804632407197e-06,1.326997391970508e-07,1.4232878559707606e-07,1.3251060693164618e-07,1.4214370342526527e-07,1.232973306786178e-10,2.4865111054261432e-11,4.6121293451051315e-09,1.909811417503786e-09,4.740658976487566e-09,1.9348540521364407e-09
0.01816973672248423,0.0008444532929134463,0.001227273679606622,1.1112564595688984e-06,1.1408628349698447e-06,1.1112979636462768e-06,1.1408804994061938e-06,1.3269972504898336e-07,1.4232881540010567e-07,1.3251059276264966e-07,1.4214373322829488e-07,1.23173378651772e-10,2.4865906209092792e-11,4.614491379744359e-09,1.9098285175545016e-09,4.7428900290091525e-09,1.934872706499391e-09
0.018170723342336714,0.001209407984608335,0.0010249798941852526,1.1112767180612152e-06,1.14088505320697e-06,1.1113182836197666e-06,1.1409029762483782e-06,1.3269013265926333e-07,1.423493056527029e-07,1.32500986183004e-07,1.421641951010409e-07,3.913390445031695e-11,4.384994982026212e-11,6.215950865140485e-09,1.887897544071506e-09,6.255543638644667e-09,1.9315566982557483e-09
0.018170724797528237,0.0012094184554204527,0.001024681525770177,1.1112767533630795e-06,1.1408850859772312e-06,1.111318320287539e-06,1.1409030094000627e-06,1.326901595112907e-07,1.4234933587431442e-07,1.3250101303503137e-07,1.421642252807942e-07,3.925940670168359e-11,4.3877949884585377e-11,6.214483950185736e-09,1.887865197502947e-09,6.254197980973301e-09,1.931551807388132e-09
0.01817171141738072,0.0012165176660362542,0.000867091395878968,1.1113006880271553e-06,1.1409037482912017e-06,1.1113431810372276e-06,1.1409212860242631e-06,1.3270836518586293e-07,1.4234458224923125e-07,1.325192187096036e-07,1.4215945746578542e-07,1.2434993312826492e-10,2.1979762889890748e-11,5.219915610865655e-09,1.8428055321274776e-09,5.341842079786829e-09,1.86461105498693e-09
0.018171712872572243,0.0012156369900227849,0.0008668589620590694,1.1113007147435549e-06,1.1409037758167386e-06,1.1113432087043783e-06,1.140921312980936e-06,1.3270840706386842e-07,1.4234457523798483e-07,1.3251926054568916e-07,1.421594504336099e-07,1.2438300403989194e-10,2.194746467898412e-11,5.220741703910821e-09,1.842739072444033e-09,5.342710297117045e-09,1.8645123223137716e-09
0.018172698037233204,0.0006194193289039696,0.0009365781547589941,1.1113188017460264e-06,1.1409215436564438e-06,1.1113619393654517e-06,1.140938794931271e-06,1.327367584735839e-07,1.4232771764301888e-07,1.3254758357561514e-07,1.421426070285387e-07,1.467720112113824e-10,2.992023857655369e-11,5.780006695488282e-09,1.862615789235696e-09,5.930493429673334e-09,1.8929761426017494e-09
0.018172699492424726,0.0006190051769236316,0.0009366811373183737,1.1113188156813692e-06,1.1409215699014065e-06,1.111361951253177e-06,1.140938820753945e-06,1.3273675020659184e-07,1.4232769274258317e-07,1.3254757526676487e-07,1.4214258214906295e-07,1.4661755040604337e-10,2.993201519974065e-11,5.779752291234115e-09,1.862645149230957e-09,5.930071982472844e-09,1.8930181866494422e-09
0.01817368611227721,0.0003382101342545227,0.0011124564230180888,1.111328263843766e-06,1.1409417896572485e-06,1.11137001113093e-06,1.14095902720803e-06,1.327311451859714e-07,1.423227262686157e-07,1.325419418662932e-07,1.4213760148516984e-07,4.189312438618309e-11,3.0909256254142115e-11,5.6072662069084345e-09,2.0316105799794238e-09,5.64433078054094e-09,2.0630316764355994e-09
0.018173687567468733,0.0003391958332041136,0.0011127156786017167,1.1113282834264216e-06,1.1409418194798972e-06,1.1113700287113687e-06,1.1409590570110595e-06,1.3273109614910454e-07,1.4232271894343285e-07,1.3254189285035544e-07,1.421375941390579e-07,4.2224184680931535e-11,3.0910697612629434e-11,5.606401639776753e-09,2.0318597915292003e-09,5.643810015633717e-09,2.063282433795166e-09
0.018174674187321216,0.001007499721026761,0.0011936574848974146,1.1113415604670106e-06,1.1409645746154008e-06,1.1113819482488907e-06,1.1409820217522793e-06,1.3269784915337368e-07,1.4233528133900109e-07,1.325086600445502e-07,1.4215014232377143e-07,2.666830645203788e-10,2.012074534762931e-11,5.0202251244968465e-09,2.1094055391301936e-09,5.290731408535976e-09,2.129715959142686e-09
0.0181756608071737,0.001651103533985676,0.0011121891834093844,1.1113677907745232e-06,1.140987324556398e-06,1.1114096878372948e-06,1.141004986493499e-06,1.3270103238482989e-07,1.4235673972962104e-07,1.325118290651517e-07,1.421716007143914e-07,2.456394289362951e-11,3.412522001089435e-11,6.220991277672283e-09,2.191959280750666e-09,6.245412187411148e-09,2.2262749421742e-09
0.01817664597183466,0.0011315327801875261,0.0009688249007446803,1.111395196763384e-06,1.1410078259717449e-06,1.1114388622609058e-06,1.141025450124289e-06,1.327440419558247e-07,1.4236758261176874e-07,1.32554810256357e-07,1.4218242938568437e-07,2.960628765791751e-10,2.4300480030992055e-11,5.404193886231787e-09,2.047537472904537e-09,5.699246685861295e-09,2.0707484615911653e-09
0.018176647427026182,0.0011307653196944711,0.0009688576037859248,1.1113952372449037e-06,1.1410078544909152e-06,1.1114389053545892e-06,1.1410254779591193e-06,1.3274410548547166e-07,1.4236756531979952e-07,1.3255487374408403e-07,1.4218241209371515e-07,2.9646390897752894e-10,2.4293663586049967e-11,5.402987390823455e-09,2.047305776564285e-09,5.6984399421367016e-09,2.0705117086599104e-09
0.018177632591687143,0.00026084085654622927,0.0009909975627084844,1.1114089341981048e-06,1.1410271619692428e-06,1.1114517330194456e-06,1.1410443221393507e-06,1.3275808253180287e-07,1.423558586566287e-07,1.3256885079041524e-07,1.4217070543054433e-07,1.4993337426243472e-10,1.9678930360256253e-11,5.794310100228814e-09,1.89044735421362e-09,5.945152990685171e-09,1.910229974200206e-09
0.018177634046878666,0.00025955588688131304,0.0009913164985292887,1.1114089544299412e-06,1.1410271939531107e-06,1.1114517519672518e-06,1.1410443540455533e-06,1.3275810317736614e-07,1.423558376237241e-07,1.325688714359785e-07,1.421706843766488e-07,1.4971693329535185e-10,1.9694524056068133e-11,5.794888124910358e-09,1.890457176653544e-09,5.945517411731771e-09,1.9102548336844456e-09
0.018178617756348103,0.00042945468923857194,0.0012069171133930467,1.111415734764577e-06,1.1410488150479098e-06,1.1114566332803963e-06,1.1410659226385178e-06,1.3272975182950886e-07,1.4234161938020407e-07,1.3254050589825742e-07,1.4215645194326498e-07,1.3385725233802532e-10,3.023586242489884e-11,5.371737961388405e-09,1.897097146041915e-09,5.502557311489096e-09,1.9270598450304988e-09
0.018178619211539626,0.00042970601882785786,0.0012070709054419473,1.1114157447946577e-06,1.1410488516889258e-06,1.1114566405012738e-06,1.1410659597504693e-06,1.3272970988964516e-07,1.4234163617294229e-07,1.3254046393740282e-07,1.4215646871501227e-07,1.338337912715204e-10,3.0215058352602516e-11,5.371111999608047e-09,1.897082820721074e-09,5.5019020450686185e-09,1.9270257636435166e-09
0.018179602921009064,0.001203374868611755,0.0013110343304987282,1.1114318208243546e-06,1.141073621015715e-06,1.1114726466676317e-06,1.1410910474296543e-06,1.3270916296687372e-07,1.4235298806397623e-07,1.325199028247676e-07,1.4216780641618243e-07,3.0139486715089954e-10,1.615150548028854e-11,4.8618564122938855e-09,1.8873989038326044e-09,5.163574009532146e-09,1.903986746043529e-09
0.018179604376200587,0.0012045193491587725,0.0013107695885881574,1.1114318446054636e-06,1.1410736565636923e-06,1.1114726703453925e-06,1.1410910837019687e-06,1.3270913257201755e-07,1.4235302861843903e-07,1.325198724089205e-07,1.421678469496543e-07,3.016427385649223e-10,1.620668807181861e-11,4.861103075626261e-09,1.8875573846435508e-09,5.163073524272477e-09,1.904199907224341e-09
0.018180588085670024,0.0014820688812909254,0.0011318040570422738,1.1114582768671685e-06,1.1410976869962336e-06,1.111500595997336e-06,1.1411156037866022e-06,1.3272357785335824e-07,1.42380443435286e-07,1.3253431769026118e-07,1.4219524757663748e-07,2.7602048959691153e-11,5.3510119946142964e-11,4.992761509658125e-09,1.9946904128431697e-09,5.018862381983232e-09,2.0482968654533806e-09
0.018180589540861547,0.0014824794575218903,0.0011314022781207123,1.1114583159681474e-06,1.141097715977883e-06,1.111500637307472e-06,1.1411156325021846e-06,1.3272359922211763e-07,1.4238045798199547e-07,1.3253433905902057e-07,1.4219526210235605e-07,2.719666332418047e-11,5.348437742871949e-11,4.992956270655213e-09,1.9945894520803605e-09,5.018649051891089e-09,2.0481697532806317e-09
0.018181573250330985,0.0010695483346257945,0.0008597997271451163,1.1114834144982627e-06,1.1411173075729017e-06,1.1115265196190295e-06,1.1411350442358525e-06,1.3275427770763687e-07,1.4239029155760363e-07,1.3256500335467602e-07,1.422050814881004e-07,3.5220806425084855e-10,3.608243565045299e-11,4.579015772167792e-09,1.926339976421332e-09,4.932979966410497e-09,1.9622419245024503e-09
0.018181574705522507,0.0010689374897694393,0.000859757283545907,1.111483451626266e-06,1.1411173321782277e-06,1.1115265579064726e-06,1.1411350679136133e-06,1.327543230900119e-07,1.4239025736339045e-07,1.3256504871606012e-07,1.422050472728963e-07,3.526888503468939e-10,3.6067574881715635e-11,4.578403434152278e-09,1.926506245520592e-09,4.932853236994106e-09,1.962394201839752e-09
0.018182558414991945,0.0004558956388187596,0.0008310654104803916,1.111498451554145e-06,1.1411339653787021e-06,1.1115412235085387e-06,1.1411510740799713e-06,1.3276427068831254e-07,1.4236714207527257e-07,1.3257499631436076e-07,1.4218191779491463e-07,8.88133663834445e-11,2.602169521526143e-11,5.29569410545605e-09,2.038904156620447e-09,5.38413624795453e-09,2.0653336818554635e-09
0.018183542124461383,0.0004526547655667085,0.001121735132631585,1.1115073890033465e-06,1.141153175262564e-06,1.1115488292755314e-06,1.1411700597818708e-06,1.3274270209534803e-07,1.4234113621114375e-07,1.3255342772139625e-07,1.421559119307858e-07,1.6226889382285477e-10,5.919476020466163e-11,5.011217046445101e-09,1.821321760075989e-09,5.174498747751085e-09,1.879008948435512e-09
0.018183543579652905,0.0004526499713755072,0.0011220972529463473,1.1115074022244252e-06,1.1411532114715648e-06,1.111548840526666e-06,1.14117009661237e-06,1.3274267018914543e-07,1.423411517043389e-07,1.3255339581519365e-07,1.4215592742398096e-07,1.6237755584569413e-10,5.912781269773615e-11,5.01079622239331e-09,1.821113348878419e-09,5.174188633105814e-09,1.8787367830092212e-09
0.01818452583393082,0.0011592464644084714,0.0013665284654109655,1.1115232454284534e-06,1.1411776525472026e-06,1.1115639385087023e-06,1.1411949571993318e-06,1.3271863261248256e-07,1.4235160961106885e-07,1.3252934404869805e-07,1.421663853307109e-07,2.066479494097395e-10,1.3938245523037462e-11,5.5770756421988185e-09,1.6804357905186862e-09,5.78463213358788e-09,1.695025120262983e-09
0.018184527289122343,0.0011602932740277794,0.0013663427398326274,1.1115232688998668e-06,1.1411776904914152e-06,1.111563960876083e-06,1.1411949960479406e-06,1.3271859700125788e-07,1.423516671271909e-07,1.3252930841645139e-07,1.4216644282581098e-07,2.0671353517798252e-10,1.3993465318992605e-11,5.5779145746726044e-09,1.680919325164277e-09,5.785536494329335e-09,1.6955648139636264e-09
0.018185509543400258,0.0015403572839591928,0.001240977974454438,1.1115498016861634e-06,1.1412033028349677e-06,1.1115921135042408e-06,1.1412212188588455e-06,1.327332267188136e-07,1.4239049050956964e-07,1.325439381340071e-07,1.42205252018357e-07,4.000137173442452e-11,5.126682758871404e-11,5.169219455505184e-09,2.0073052109381706e-09,5.206238789848716e-09,2.0598580618980122e-09
0.01818551099859178,0.0015409203417516837,0.001240455881684882,1.1115498409939949e-06,1.1412033338163042e-06,1.111592155211838e-06,1.1412212499713677e-06,1.3273324839246925e-07,1.4239051985624596e-07,1.3254395980766276e-07,1.4220528134401132e-07,3.975439075154519e-11,5.1274485166236477e-11,5.168613981254566e-09,2.007491923844976e-09,5.205380571027263e-09,2.0600501652989174e-09
0.018186493252869695,0.0009192263155641303,0.0008880432622344614,1.1115739968429407e-06,1.1412242462184793e-06,1.1116176969107714e-06,1.141242250923824e-06,1.3277290897497971e-07,1.4241032886275207e-07,1.3258362039017322e-07,1.422250761606847e-07,2.732390016036509e-10,5.644334999388434e-11,5.044891055858689e-09,2.1335231359387308e-09,5.321548740785499e-09,2.189719960909997e-09
0.018186494708061218,0.0009183052873771858,0.0008878243799870233,1.1115740326293835e-06,1.1412242699139596e-06,1.1116177347503253e-06,1.1412422736611915e-06,1.3277296773139824e-07,1.4241029208295474e-07,1.3258367914659175e-07,1.4222503933878115e-07,2.735849047308392e-10,5.638001504317443e-11,5.0447077626358805e-09,2.133544725582384e-09,5.321720841777733e-09,2.1896789421989356e-09
0.01818747550714761,0.00019577712179185487,0.0007402977452137804,1.1115849490253055e-06,1.141240240667684e-06,1.1116273838154113e-06,1.1412575986469164e-06,1.327785868928307e-07,1.423855024995646e-07,1.32589269928421e-07,1.422002213757878e-07,4.9252750283573575e-11,1.3692258264697e-11,5.584136617800242e-09,2.1480961454045655e-09,5.630182296346009e-09,2.1620323309434752e-09
0.018187476962339133,0.00019470512154617925,0.000740637456630768,1.1115849652217387e-06,1.1412402655549574e-06,1.1116273981315317e-06,1.141257622864231e-06,1.3277859522986546e-07,1.4238544687542027e-07,1.3258927822334954e-07,1.4220016575164346e-07,4.891991325917111e-11,1.3769015484041906e-11,5.5849369573479635e-09,2.147889954981513e-09,5.630639954290473e-09,2.1619005944414265e-09
0.018188459216617048,0.0005210598657649466,0.0009699426630973562,1.1115920006030331e-06,1.1412570644645305e-06,1.111632847027304e-06,1.1412739695515484e-06,1.3274793100131264e-07,1.4234790057798818e-07,1.3255861399479672e-07,1.4216261945421138e-07,1.9551938144716873e-10,6.558013854185418e-11,4.451889898804209e-09,2.008711419421161e-09,4.64738786507467e-09,2.0729784555584274e-09
0.01818846067180857,0.0005215433542749004,0.0009703402953592196,1.1115920110258201e-06,1.1412570965993372e-06,1.1116328550997423e-06,1.1412740020575628e-06,1.327478855728259e-07,1.4234789868320756e-07,1.3255856856630999e-07,1.4216261755943076e-07,1.957365658444843e-10,6.551472922037653e-11,4.45021131056933e-09,2.008295963767742e-09,4.645931195312869e-09,2.0724995122536587e-09
0.018189441470894963,0.0013003777713615785,0.0012383444398551546,1.1116098917451074e-06,1.1412787554590678e-06,1.1116511315641993e-06,1.1412959111112286e-06,1.3273590938027795e-07,1.4234662160106382e-07,1.3254657818396042e-07,1.42161340477287e-07,1.7378641163994317e-10,2.1428846544435665e-11,5.592718706255769e-09,1.728278853363463e-09,5.771094662565946e-09,1.7496917248394084e-09
0.018189442926086485,0.0013015333120397488,0.0012382746920914444,1.1116099182743646e-06,1.1412787908145341e-06,1.1116511586806155e-06,1.1412959474910167e-06,1.3273589161144628e-07,1.4234667676023323e-07,1.3254656039407564e-07,1.4216139559435018e-07,1.7375384464557442e-10,2.1450162716000156e-11,5.594413821086164e-09,1.7286708104475362e-09,5.772764044564838e-09,1.7501064169883413e-09
0.018190423725172877,0.0013347436250659157,0.0011912646993508247,1.1116357753377522e-06,1.1413026203987742e-06,1.1116785166180946e-06,1.1413204674681765e-06,1.3276195827698016e-07,1.4238385404041765e-07,1.3257261286980792e-07,1.421985444949314e-07,8.831171419657572e-11,3.5817262350468226e-11,5.598336414365164e-09,1.992849885112946e-09,5.682102298141832e-09,2.0296089253690752e-09
0.0181904251803644,0.0013347928985273788,0.001190842227211293,1.1116358137013478e-06,1.1413026509193893e-06,1.1116785572085064e-06,1.1413204981215164e-06,1.327619969515581e-07,1.4238390082044606e-07,1.3257265152333275e-07,1.4219859127495983e-07,8.818494545703714e-11,3.5841069335658033e-11,5.5983422342364975e-09,1.9926746777745964e-09,5.681967785164943e-09,2.029454365547344e-09
0.018191405979450792,0.000713803991086337,0.0009060960051670008,1.111655906320925e-06,1.1413232218140176e-06,1.1116992482129717e-06,1.1413411584726418e-06,1.3279120025799784e-07,1.4241543055959482e-07,1.326018548297725e-07,1.422301210141086e-07,3.2716909736940636e-10,5.188697735358794e-11,4.548746712629281e-09,1.874584931726986e-09,4.87665374748758e-09,1.9252810457004443e-09
0.018192386778537184,0.0002773516095736391,0.0007921744812411924,1.1116656212147828e-06,1.1413398784354328e-06,1.1117077620939299e-06,1.1413570746299229e-06,1.3278932720418701e-07,1.4240103496376832e-07,1.3259996758616008e-07,1.4221569699657266e-07,2.600928824680474e-11,1.526747825386643e-11,5.566527969433663e-09,1.8594352724221608e-09,5.594352627566776e-09,1.8757528863488915e-09
0.018192388233728707,0.00027670405411145405,0.00079263336890084,1.111665635628572e-06,1.1413399059981883e-06,1.1117077747258008e-06,1.141357101409489e-06,1.3278932442517544e-07,1.4240097656241873e-07,1.3259996478609537e-07,1.4221563857416993e-07,2.5562463604189567e-11,1.536118007486012e-11,5.568038030645539e-09,1.8597348902013074e-09,5.595417462700425e-09,1.876144861196533e-09
0.0181933690328151,0.0005836906218140703,0.001101923651503356,1.1116740743716927e-06,1.1413584832953695e-06,1.111715050683415e-06,1.1413751508371206e-06,1.3276098798087332e-07,1.4236161405278835e-07,1.3257161413093854e-07,1.4217626187473797e-07,2.9588215211262536e-10,7.851620742460597e-11,5.1811355206154985e-09,2.061677273346163e-09,5.476191056175139e-09,2.1403359085070406e-09
0.01819434983190149,0.0013392622399352946,0.0014356563328504213,1.1116929456708067e-06,1.1413833718566725e-06,1.1117340082583489e-06,1.1414006166887702e-06,1.327468975078874e-07,1.4236462675398798e-07,1.3255750946815101e-07,1.421792887867923e-07,1.2612505200731367e-10,1.326199566831221e-11,5.601593531739329e-09,1.95347604758922e-09,5.7293513064690965e-09,1.965981155649388e-09
0.018194351287093014,0.0013403832660749404,0.0014354136781335246,1.1116929736697669e-06,1.1413834112598158e-06,1.1117340363853145e-06,1.1414006573394052e-06,1.3274687660214113e-07,1.4236470738055834e-07,1.3255748854135163e-07,1.4217936939227833e-07,1.2587318687362625e-10,1.3377448125089337e-11,5.602217356681649e-09,1.9534237975945824e-09,5.729726915149058e-09,1.9660468890885213e-09
0.018195330630987883,0.0014500053440683904,0.001272107053662097,1.1117203027654745e-06,1.141409929575229e-06,1.111762983516851e-06,1.1414280152166612e-06,1.3277475950090055e-07,1.424189690624189e-07,1.3258535725034068e-07,1.4223361688436853e-07,1.4877551780791368e-10,9.107695153609541e-11,5.633406028504858e-09,1.918259551203505e-09,5.781182126490402e-09,2.0102854936254744e-09
0.018195332086179405,0.0014501682297712037,0.0012714610289421635,1.1117203433733434e-06,1.1414099602622125e-06,1.1117630265289336e-06,1.1414280459154808e-06,1.327748009316565e-07,1.4241901496305796e-07,1.325853986600123e-07,1.422336627639232e-07,1.488095480173257e-10,9.105544040905817e-11,5.633452371256453e-09,1.9185686567306995e-09,5.78125858297085e-09,2.010571985194485e-09
0.018196311430074275,0.0006677084651497689,0.0008366863924269552,1.111741084669456e-06,1.1414306126020823e-06,1.1117846270281007e-06,1.1414487062211265e-06,1.3280777011459577e-07,1.424499060931339e-07,1.3261836784295156e-07,1.422645397042288e-07,2.4436436207864176e-10,7.657845191300083e-11,5.366169730791626e-09,2.1265966765326993e-09,5.610263809074922e-09,2.2033808111388e-09
0.018197290773969144,0.0003075968641996583,0.0007644010342664487,1.1117506310223418e-06,1.1414462927540471e-06,1.1117922327450143e-06,1.1414633718231926e-06,1.327945026793082e-07,1.424135405159177e-07,1.3260511459743437e-07,1.422281599161579e-07,3.273805069972584e-11,2.708261566397585e-11,5.19624723071835e-09,2.2131143584402935e-09,5.22639859382588e-09,2.240344354476065e-09
0.018197292229160666,0.0003070617800972064,0.0007650121380201155,1.1117506452071158e-06,1.1414463209947452e-06,1.111792244046228e-06,1.1414633994858652e-06,1.3279448296543706e-07,1.424134738893585e-07,1.3260509490464756e-07,1.422280932895987e-07,3.2423598528286135e-11,2.722093520185915e-11,5.195994745577082e-09,2.212846835871738e-09,5.225828214605599e-09,2.240213571192093e-09
0.018198271573055536,0.0009430444356476965,0.0011762849642378836,1.1117628973007847e-06,1.1414653269845903e-06,1.1118034823443539e-06,1.141482016464579e-06,1.3276539393619696e-07,1.4236863421501766e-07,1.325759916856371e-07,1.4218325361525785e-07,2.0238583411573241e-10,1.2030998419731986e-10,4.796703476224309e-09,2.0328041472339464e-09,5.001561998061863e-09,2.152196421079111e-09
0.01819827302824706,0.0009439894321641162,0.001176790930439263,1.111762915505976e-06,1.1414653661741376e-06,1.1118034990431624e-06,1.141482056499914e-06,1.327653507132709e-07,1.423686551406596e-07,1.3257594844162668e-07,1.421832745408998e-07,2.0263837829936904e-10,1.2015178350588613e-10,4.796110175675494e-09,2.032529582646272e-09,5.0012287644563e-09,2.151763730708868e-09
0.018199250916950405,0.001434688228423588,0.0015168002177662065,1.111786183466715e-06,1.1414917015499038e-06,1.1118282459480344e-06,1.141508960245119e-06,1.3277528353059337e-07,1.4238271717204043e-07,1.3258586706921012e-07,1.4219733657228062e-07,5.335227030680688e-11,1.3840918862417784e-11,5.648524603970467e-09,1.8480221797290142e-09,5.700212205173044e-09,1.860995801905574e-09
0.018199252372141927,0.0014354184349656407,0.0015165438919058393,1.1117862180916567e-06,1.1414917431842885e-06,1.1118282827737858e-06,1.141509003152187e-06,1.3277529831157153e-07,1.4238279734828909e-07,1.325858818290726e-07,1.4219741674852928e-07,5.313011836038939e-11,1.393266717945752e-11,5.649793077822096e-09,1.8476613755572675e-09,5.701252359102682e-09,1.860727249678725e-09
0.018200230260845274,0.001131668192182769,0.0013442929137390536,1.111811316921641e-06,1.1415197214908137e-06,1.1118540513398681e-06,1.1415378367019002e-06,1.3280482715849737e-07,1.4243667578739405e-07,1.3261541067599844e-07,1.4225129518763424e-07,1.2824410471367417e-10,7.558753623015946e-11,4.175704011062775e-09,1.6052009721434501e-09,4.302044318933229e-09,1.6802601532361905e-09
0.018200231716036797,0.0011312161828929135,0.0013436834160627255,1.1118113542710903e-06,1.1415197546458085e-06,1.1118540896859486e-06,1.1415378698112914e-06,1.3280487110023387e-07,1.4243671007926338e-07,1.3261545461773494e-07,1.422513294583879e-07,1.2835588147908084e-10,7.557732186902114e-11,4.173510426142002e-09,1.605130948744121e-09,4.299962164111548e-09,1.6801812246274534e-09
0.018201209604740143,0.0007109236062409698,0.0009341009775702958,1.1118293622319262e-06,1.1415420348022893e-06,1.1118719119981728e-06,1.1415601193220937e-06,1.3281288830278702e-07,1.4245975421545154e-07,1.326234718202881e-07,1.4227435940483701e-07,1.3944898711077994e-10,6.871327118407322e-11,6.063733987768057e-09,1.5580752243948837e-09,6.213269770566792e-09,1.6271411995560925e-09
0.018201211059931666,0.0007102981708590472,0.0009339328134659383,1.111829389029487e-06,1.1415420603388537e-06,1.1118719385194709e-06,1.1415601436112697e-06,1.3281290023314796e-07,1.424597053208342e-07,1.3262348375064903e-07,1.4227431051021967e-07,1.3946549470844616e-10,6.863818941793093e-11,6.066546820449048e-09,1.5585096385217109e-09,6.216116954504969e-09,1.627501563948557e-09
0.018202188948635012,0.000593867938317505,0.0008209265353377673,1.1118421423225415e-06,1.1415592209101853e-06,1.1118842166979448e-06,1.1415764659375495e-06,1.3280705957186e-07,1.4242684813798433e-07,1.3261762887850637e-07,1.422414533273698e-07,3.8946897790159696e-11,1.8183242570306743e-11,6.0938951662592444e-09,1.8504359317495603e-09,6.122337747882511e-09,1.8696664356846203e-09
0.018202190403826535,0.0005940428259862544,0.0008207583712334099,1.111842161319125e-06,1.1415592464467497e-06,1.1118842347729695e-06,1.1415764902267256e-06,1.328070425948508e-07,1.4242679924336699e-07,1.3261761188038148e-07,1.4224140443275246e-07,3.909066542890622e-11,1.810816080416444e-11,6.0915750693627375e-09,1.8508703458763875e-09,6.120186449096708e-09,1.8700268000770848e-09
0.01820316829252988,0.0007115673393858213,0.0011046327463292685,1.1118549270232351e-06,1.1415780787598996e-06,1.111896381189581e-06,1.1415948801285113e-06,1.3279563404466899e-07,1.4238909710675866e-07,1.3260618914046063e-07,1.422036881064051e-07,1.3570251866656946e-10,6.764040340093358e-11,4.532469954909857e-09,1.930304061548842e-09,4.674513665037239e-09,1.997661285524267e-09
0.018203169747721404,0.0007121367917699683,0.001105055178435066,1.1118549533011808e-06,1.141578106784175e-06,1.1118964075811682e-06,1.1415949074944365e-06,1.3279562325964533e-07,1.423890410023887e-07,1.3260617835543697e-07,1.4220363198091945e-07,1.3556117801851327e-10,6.7714112095274e-11,4.536552694347389e-09,1.9304222664828785e-09,4.678449512716755e-09,1.9978512177942775e-09
0.018204146181233227,0.0010942393415325907,0.0013839422176651721,1.1118725858027722e-06,1.1416024142471997e-06,1.1119141163362656e-06,1.1416197678621692e-06,1.3278838650876423e-07,1.4239793794906014e-07,1.3259894160455588e-07,1.422125289275909e-07,4.0721603172810816e-11,2.4993542890182318e-11,7.276070856931938e-09,1.8374777970670263e-09,7.319403305672267e-09,1.862333523836156e-09
0.01820414763642475,0.0010943895147543638,0.0013843578466357087,1.1118726191178553e-06,1.1416024504729269e-06,1.1119141510175182e-06,1.1416198049118975e-06,1.3278841072219974e-07,1.4239795120829513e-07,1.3259896581799138e-07,1.4221254218682589e-07,4.075804779761725e-11,2.4929875871992913e-11,7.273010326267059e-09,1.8373392807191635e-09,7.316362775543008e-09,1.8621315600597654e-09
0.018205124069936574,0.0011951557465640361,0.0012841948291475605,1.1118949735387136e-06,1.1416285056579703e-06,1.1119374221379985e-06,1.1416463680445434e-06,1.3280465793741314e-07,1.424377675278487e-07,1.3261521303320478e-07,1.4225234431667184e-07,6.521239104273491e-11,5.3584048659100105e-11,5.219394250133291e-09,1.9847458433697174e-09,5.276167058809733e-09,2.0394104503707575e-09
0.018205125525128096,0.0011943607686238575,0.001284045554903912,1.1118950005483244e-06,1.1416285444883503e-06,1.1119374500521774e-06,1.1416464076319244e-06,1.3280468337738073e-07,1.4243782686662598e-07,1.3261523845202526e-07,1.4225240363430203e-07,6.523272784623935e-11,5.362675234432679e-11,5.220384978135573e-09,1.984965525281268e-09,5.2772041941344445e-09,2.0396746513995367e-09
0.01820610195863992,0.0006609305707639401,0.0009750604822822879,1.111913123997135e-06,1.1416505986604402e-06,1.1119561804662226e-06,1.141668543575796e-06,1.3282175359563553e-07,1.424554788628928e-07,1.3263229448057245e-07,1.4227004144086123e-07,7.88787229977217e-11,6.319693066333326e-11,5.885163467667098e-09,2.1540066251821276e-09,5.973121997016051e-09,2.2172949815498934e-09
0.018206103413831443,0.0006605467162124222,0.0009745999978223452,1.1119131394846617e-06,1.141650631528059e-06,1.111956194189969e-06,1.14166857656528e-06,1.3282173913063736e-07,1.424555051698917e-07,1.3263227999439566e-07,1.4227006772671302e-07,7.880129823785369e-11,6.321119322416635e-11,5.885470970655232e-09,2.15425854932505e-09,5.9733245599369505e-09,2.2175596914308926e-09
0.018207078392151743,0.0004033641666953969,0.0008881731553191715,1.1119235161276162e-06,1.1416687919047824e-06,1.111965389100078e-06,1.141686058246228e-06,1.3281204758186504e-07,1.4243077256445956e-07,1.3262257425594726e-07,1.422453351212809e-07,2.692670912629591e-11,4.6941645263694976e-11,6.091497972704474e-09,2.1937628292848966e-09,6.1090417169396005e-09,2.240950929044747e-09
0.018207079847343266,0.0004040051028318326,0.0008880441600318534,1.1119235341347006e-06,1.1416688190098223e-06,1.1119654058485854e-06,1.1416860843382892e-06,1.328120247429914e-07,1.424307356501231e-07,1.3262255139592651e-07,1.4224529820694443e-07,2.698055580260767e-11,4.691736235629129e-11,6.088595338883343e-09,2.193821790896777e-09,6.1062106317056306e-09,2.2409858413396933e-09
0.01820805628085509,0.0008340732503802073,0.0011030100951258644,1.1119356168883287e-06,1.1416882634589742e-06,1.1119766440970125e-06,1.141705268822978e-06,1.3279669985877263e-07,1.4239794323583645e-07,1.3260721232200012e-07,1.4221249160295017e-07,6.311167560779651e-11,8.474549809523849e-11,4.140928044904513e-09,2.140168289281663e-09,4.206552439711686e-09,2.2244102674236144e-09
0.018208057736046612,0.0008344937161650383,0.0011033304616461237,1.111935645268624e-06,1.141688292437289e-06,1.11197667408594e-06,1.1417052974138642e-06,1.3279671074458384e-07,1.4239789436487627e-07,1.3260722320781133e-07,1.4221244271084288e-07,6.307268583885698e-11,8.480187385639937e-11,4.144846565653327e-09,2.140088328772549e-09,4.210439202456425e-09,2.224385564630893e-09
0.018209032714366913,0.0011162057920017787,0.00130551707298365,1.1119546600664726e-06,1.141711781120723e-06,1.1119967666672892e-06,1.1417291360697024e-06,1.3280400423809624e-07,1.4240086000717995e-07,1.3261451670132374e-07,1.4221540835314657e-07,3.694954064936695e-11,6.20191363904794e-11,6.770255467358766e-09,2.108345801636211e-09,6.814570241431284e-09,2.1708108905415468e-09
0.018209034169558436,0.0011159499910549544,0.0013058188440453478,1.1119546900546106e-06,1.1417118161784596e-06,1.1119967973339324e-06,1.1417291716497857e-06,1.32804028953547e-07,1.4240086443351174e-07,1.3261454139559586e-07,1.4221541277947836e-07,3.6948431817223443e-11,6.198513230470937e-11,6.7682353253981145e-09,2.1082984247300374e-09,6.81251944937317e-09,2.1707309283414133e-09
0.018210009147878736,0.0009445633566826928,0.0012186512865663475,1.1119747821070416e-06,1.1417364279464807e-06,1.1120173439849168e-06,1.14175425899712e-06,1.3282058830554888e-07,1.4243320270533035e-07,1.3263108655792166e-07,1.4224773686162088e-07,3.620551428107355e-11,7.908918634053414e-11,5.414740211762137e-09,2.2057422561740093e-09,5.438488770437289e-09,2.2845837899061544e-09
0.01821001060307026,0.0009443897537619129,0.0012185211857342892,1.1119748079023362e-06,1.1417364646804628e-06,1.1120173688909751e-06,1.1417542964409222e-06,1.3282059180002134e-07,1.424332509714077e-07,1.3263109003121552e-07,1.4224778510651959e-07,3.624926559450015e-11,7.911471477939358e-11,5.413055385613695e-09,2.2058876947284034e-09,5.43687646187277e-09,2.284753719550281e-09
0.01821098558139056,0.0008280757968394115,0.0009684475126523871,1.1119920907497802e-06,1.1417577835120931e-06,1.1120340559500619e-06,1.1417756377137678e-06,1.328229330965769e-07,1.4244971099567692e-07,1.3263341713809496e-07,1.4226423094111273e-07,6.556264559032243e-11,7.015761338745416e-11,4.2842218661576226e-09,1.949805723402235e-09,4.3566297236452556e-09,2.0188755505906026e-09
0.018210987036582083,0.0008280696094020583,0.0009680742683642052,1.1119921147895415e-06,1.1417578153312447e-06,1.1120340805172623e-06,1.1417756695664139e-06,1.3282293898423353e-07,1.4244973556287732e-07,1.32633423004573e-07,1.422642554871345e-07,6.551383470122798e-11,7.014424457940649e-11,4.286983236690419e-09,1.949423511504733e-09,4.359331949569649e-09,2.018478717502603e-09
0.018211962014902383,0.0008239240263754333,0.0009166469657419233,1.1120082214296693e-06,1.1417761902063097e-06,1.1120505405415315e-06,1.1417934917995881e-06,1.3282688371418772e-07,1.4242794022039668e-07,1.3263735354485107e-07,1.4224244595497778e-07,3.281053900794362e-11,5.319484969874479e-11,6.137101493663977e-09,1.8793054487991012e-09,6.169823318913359e-09,1.9329706207907144e-09
0.018211963470093906,0.0008238852716367666,0.0009165702085738303,1.112008245031164e-06,1.1417762176314963e-06,1.1120505636182627e-06,1.1417935183999361e-06,1.328268854322164e-07,1.4242790769003477e-07,1.3263735522045932e-07,1.4224241340343724e-07,3.2860394422102174e-11,5.3169552094445294e-11,6.135205636395124e-09,1.8792007949741674e-09,6.167973422226447e-09,1.932842996765771e-09
0.018212936993222684,0.0007979583514687583,0.0011236731909852586,1.112024034431234e-06,1.1417960828866195e-06,1.1120660019514617e-06,1.1418130433507466e-06,1.3282803479341965e-07,1.4239798172981742e-07,1.3263847620237357e-07,1.4221245906393092e-07,6.621366649417482e-11,7.285937437950144e-11,4.866877123532731e-09,2.0251798665909677e-09,4.930392538682327e-09,2.0984838162343025e-09
0.018212938448414207,0.0007982851804251898,0.0011239827619604625,1.112024060846146e-06,1.1417961125805732e-06,1.112066027704665e-06,1.1418130725360243e-06,1.3282802151442426e-07,1.423979369974404e-07,1.3263846292337818e-07,1.4221241428913345e-07,6.617690481337483e-11,7.288880610190063e-11,4.868281499072254e-09,2.025398071481277e-09,4.9317719605116136e-09,2.0987314108822375e-09
0.018213913426734507,0.0010172605812343027,0.0012739149682232664,1.1120417588372059e-06,1.1418194915635855e-06,1.1120832823507953e-06,1.1418369467719458e-06,1.3281912458751322e-07,1.4240414714095095e-07,1.3262956599646714e-07,1.42218624432644e-07,4.15465786773872e-11,4.603268460856569e-11,5.809213110552491e-09,2.156559375521283e-09,5.8559845861339e-09,2.2028747714841757e-09
0.018214888405054808,0.001227277846740371,0.0011129954558199984,1.1120636426002693e-06,1.1418427634227449e-06,1.1121060197183397e-06,1.1418607073210296e-06,1.328277932088895e-07,1.4243941848235409e-07,1.3263820619613398e-07,1.422538815631924e-07,4.4733775711458534e-11,7.724799966357665e-11,5.423667737147753e-09,2.060812631654585e-09,5.461713747934027e-09,2.1373798286816736e-09
0.018215861928183585,0.0008341030496475388,0.0008530063296439717,1.1120837106200678e-06,1.1418618991214988e-06,1.112126710722805e-06,1.1418796646860606e-06,1.3284812894198694e-07,1.424505147843408e-07,1.3265852771837672e-07,1.4226494948589014e-07,6.029147320285588e-11,4.373335502818201e-11,5.007120496003381e-09,1.988535460341935e-09,5.072980702180985e-09,2.032381337188265e-09
0.018215863383375108,0.0008336338697734953,0.0008526177061369822,1.1120837303212594e-06,1.141861927724935e-06,1.1121267288787627e-06,1.1418796930229291e-06,1.3284811927012165e-07,1.4245053137074137e-07,1.326585180253012e-07,1.4226496602987027e-07,6.024051106877847e-11,4.368325839942955e-11,5.008871101633988e-09,1.9884274227166543e-09,5.074669915461018e-09,2.032224388770487e-09
0.018216836906503886,0.0005197525340383535,0.0008930295317509348,1.1120969104184969e-06,1.141878922592612e-06,1.1121388752144412e-06,1.141896039493375e-06,1.328416487922368e-07,1.4242108785843647e-07,1.3265203335777187e-07,1.4223550832792088e-07,2.6146843370988826e-11,4.226219460418538e-11,6.180026268509664e-09,2.0939223300538176e-09,6.2047535998033254e-09,2.136610730132316e-09
0.01821683836169541,0.0005203451091359151,0.0008930899380672486,1.1120969313227652e-06,1.1418789479960017e-06,1.1121388950672174e-06,1.141896063927561e-06,1.3284162261881186e-07,1.4242104384720733e-07,1.3265200718434692e-07,1.422354642954815e-07,2.618864045347131e-11,4.2260070443056463e-11,6.17837412077098e-09,2.094080020498268e-09,6.203142298329652e-09,2.1367667635274756e-09
0.018217811884824187,0.000916777849404582,0.0012005390766479367,1.1121109162783e-06,1.1418993344326646e-06,1.1121521765744546e-06,1.1419162699813066e-06,1.3282411259751825e-07,1.423954315389132e-07,1.326344971630533e-07,1.4220986617683186e-07,5.4150888634252325e-11,5.746765563419132e-11,5.073087283591349e-09,2.06372903608597e-09,5.12518161244202e-09,2.1204293833225786e-09
0.01821781334001571,0.0009171038943620296,0.0012009986418775043,1.1121109461341702e-06,1.141899364905664e-06,1.1121522078425834e-06,1.1419163001846755e-06,1.3282412464169556e-07,1.423953932544464e-07,1.3263450918598868e-07,1.4220982791357528e-07,5.4120933206270325e-11,5.749038745062052e-11,5.073854238269159e-09,2.0636836683962656e-09,5.125925429341805e-09,2.120404962724365e-09
0.018218785407952964,0.0011349019259370152,0.0013368112539138056,1.1121308898554415e-06,1.141924036118303e-06,1.1121730949525954e-06,1.1419416144538748e-06,1.3283217015214177e-07,1.424184088063754e-07,1.3264254050682212e-07,1.4223284346550428e-07,3.411070731429433e-11,2.540110471653221e-11,5.586179963046334e-09,1.7923271672672475e-09,5.6227951183984715e-09,1.8169289427918387e-09
0.018218786863144487,0.0011344410249816957,0.001337014566207273,1.1121309183984573e-06,1.141924073051256e-06,1.1121731243514338e-06,1.1419416523494874e-06,1.3283219305094802e-07,1.4241844326079445e-07,1.3264256338438644e-07,1.4223287791992334e-07,3.4158515131623917e-11,2.5353066868127883e-11,5.585535970630056e-09,1.791920944960168e-09,5.622189488253533e-09,1.816474637372778e-09
0.018219758931081742,0.0008265591868282934,0.001082032059867062,1.1121499851330363e-06,1.1419475841174117e-06,1.1121927627755213e-06,1.14196560441586e-06,1.3284748945352476e-07,1.4246335338524285e-07,1.326578455973504e-07,1.4227777385475894e-07,6.609413710778611e-11,8.258414017825073e-11,5.155349036556345e-09,1.8386180737680293e-09,5.2176285514349274e-09,1.9225126159698428e-09
0.018219760386273265,0.000826299789193942,0.0010816503495282292,1.1121500066637789e-06,1.1419476193136185e-06,1.1121927833377147e-06,1.1419656402722467e-06,1.3284749108915377e-07,1.4246342061596806e-07,1.326578471692536e-07,1.4227784106424224e-07,6.610086996114083e-11,8.266981543769703e-11,5.155255799728022e-09,1.8386879796494782e-09,5.217553057596874e-09,1.9226713554587604e-09
0.01822073245421052,0.0006530221694471816,0.0007962442900144091,1.1121643891997488e-06,1.1419658695721002e-06,1.1122065188828856e-06,1.1419834624258983e-06,1.3284858368933783e-07,1.4246442807847545e-07,1.326588972005993e-07,1.4227884852674962e-07,7.059841600209893e-11,3.2594322047066035e-11,5.0929735984084346e-09,2.157216518189085e-09,5.1671231737770995e-09,2.190065296362641e-09
0.018220733909402043,0.0006530691727525336,0.0007958170354342986,1.1121644086627834e-06,1.1419658968928464e-06,1.1122065380855951e-06,1.141983489105769e-06,1.32848581671354e-07,1.4246442958665284e-07,1.3265889516137353e-07,1.4227885003492702e-07,7.054706967559757e-11,3.2519358733607007e-11,5.093902165712864e-09,2.1576933573186352e-09,5.167993508971148e-09,2.1904655866933354e-09
0.018221705977339298,0.0006844673807276467,0.0008949839098585024,1.1121774099698648e-06,1.1419823340697863e-06,1.1122193654955481e-06,1.1419992679551802e-06,1.3284723365813988e-07,1.4242431555132407e-07,1.3265753295854665e-07,1.4223872180998545e-07,3.6247723572691015e-11,5.867497566434781e-11,5.7141851250719355e-09,2.069078116944644e-09,5.749377418595714e-09,2.127254187449364e-09
0.01822170743253082,0.0006846865522192928,0.000895132363263329,1.1121774320209831e-06,1.1419823586763386e-06,1.1122193872798523e-06,1.1419992915762123e-06,1.328472260421429e-07,1.4242425550037296e-07,1.3265752534254967e-07,1.4223866173779243e-07,3.6338165775444964e-11,5.87141307795136e-11,5.713293158597868e-09,2.068945459399174e-09,5.748576838102265e-09,2.1271595596061843e-09
0.018222678045276552,0.0008308739371472029,0.001208659966541275,1.1121921401169558e-06,1.1420027829152627e-06,1.1122339174107765e-06,1.1420197245728243e-06,1.3284214617215184e-07,1.4240366641837013e-07,1.326524454725586e-07,1.422180726557896e-07,9.666311501232983e-11,5.264212293060377e-11,5.118351520394526e-09,1.9465780604177384e-09,5.2145896489719235e-09,1.99907553318719e-09
0.018222679500468075,0.000831373526121035,0.0012091300229180035,1.1121921691621841e-06,1.1420028135363105e-06,1.1122339459599375e-06,1.1420197552070022e-06,1.3284213593353903e-07,1.424036355501812e-07,1.326524352339458e-07,1.4221804178760067e-07,9.656923012346979e-11,5.263301947056043e-11,5.1192473930414784e-09,1.9463946010489508e-09,5.215395274592946e-09,1.998883503162574e-09
0.01822365156840533,0.0011650989606408757,0.001286024291857757,1.1122115713747598e-06,1.1420270681313894e-06,1.1122530167995137e-06,1.142044766311301e-06,1.3283529654017912e-07,1.4243315149542468e-07,1.3264559584058588e-07,1.4224757194369886e-07,3.38541243649626e-11,3.924536390309541e-11,5.717690321205282e-09,2.0597710204128816e-09,5.753553189435934e-09,2.09947947915623e-09
0.018224623636342585,0.0011385465791917682,0.0010245260318964,1.1122339643744405e-06,1.1420495282502607e-06,1.1122766636617598e-06,1.1420675036788452e-06,1.3285217903558078e-07,1.4247466140204779e-07,1.3266246412513283e-07,1.4228906763946725e-07,9.060757699685951e-11,8.276319907185581e-11,5.339716224739277e-09,1.976166341677299e-09,5.427339910824003e-09,2.0583499349413614e-09
0.01822559570427984,0.0006117084580567449,0.0008041970647028052,1.1122509703759742e-06,1.142067304681144e-06,1.1122939182309002e-06,1.142084784078179e-06,1.3287052620490518e-07,1.424699007657182e-07,1.3268079710484447e-07,1.4228430700313766e-07,8.236151355674495e-11,4.229057382065804e-11,5.170418624386059e-09,1.9813177765115597e-09,5.254576497549293e-09,2.024091783070503e-09
0.018225597159471363,0.0006109197782346865,0.0008044327981880403,1.1122509958340604e-06,1.1420673303778486e-06,1.1122939440610935e-06,1.142084808925901e-06,1.3287055367072753e-07,1.4246984192256829e-07,1.3268082454942487e-07,1.4228424815998775e-07,8.234916915039747e-11,4.234534270760533e-11,5.1701651848645724e-09,1.9814757692256142e-09,5.25431786968511e-09,2.024304026799416e-09
0.018226567772217095,0.00046833000286679435,0.0009616670328398413,1.1122614690950397e-06,1.1420844700798515e-06,1.112303025392921e-06,1.1421013823564863e-06,1.3285965607253443e-07,1.4243059354157594e-07,1.326698985720698e-07,1.422449997789954e-07,3.765386322247697e-11,7.887619030144677e-11,5.461059576606141e-09,2.0868569095000566e-09,5.497561874796207e-09,2.1658705939842093e-09
0.018226569227408618,0.0004681162250926296,0.000962086083136856,1.1122614847970802e-06,1.1420845021414993e-06,1.1123030390081112e-06,1.1421014146925628e-06,1.3285963973430626e-07,1.4243057673532562e-07,1.3266988219129416e-07,1.4224498297274508e-07,3.758685376831217e-11,7.883605287733222e-11,5.461495700131991e-09,2.086735182520263e-09,5.497926558462041e-09,2.1657074211157786e-09
0.01822753984015435,0.0009957028576503824,0.0012415926312456804,1.1122756928116717e-06,1.1421058872606205e-06,1.1123169088023133e-06,1.1421229828556534e-06,1.3284315514283662e-07,1.4241936696635094e-07,1.3265338338896981e-07,1.422337732037704e-07,1.1245698122719361e-10,5.206439099292304e-11,5.17357801044227e-09,2.0055432869980905e-09,5.287389637231854e-09,2.0568711178725607e-09
0.018228510452900082,0.0012919418363360148,0.0012121671413396484,1.1122979012934931e-06,1.1421297037657228e-06,1.1123400661984736e-06,1.1421475392126013e-06,1.3285118644567164e-07,1.4245087243125454e-07,1.3266138631264287e-07,1.4226526445781928e-07,3.411191196029139e-11,5.308906092515997e-11,5.862950423222683e-09,1.81346260230697e-09,5.89742721590093e-09,1.8660375467050017e-09
0.018228511908091605,0.0012923859727358433,0.0012117465618231968,1.1122979345895678e-06,1.1421297349622312e-06,1.1123401009172085e-06,1.1421475705744876e-06,1.3285119848660543e-07,1.4245091540470876e-07,1.326613983110292e-07,1.422653074312735e-07,3.399445308582827e-11,5.311272010863456e-11,5.863983965070929e-09,1.8133557852030823e-09,5.898341814969399e-09,1.865955564641019e-09
0.018229481065645814,0.0008962401297247041,0.0009316406038664127,1.1123191400600924e-06,1.1421505118369418e-06,1.1123621230973898e-06,1.142168457590742e-06,1.3287428488296827e-07,1.424795357252151e-07,1.3268447051784295e-07,1.4229392775177985e-07,1.3356596248180615e-10,6.886973630271243e-11,5.06738800046695e-09,1.742215594013885e-09,5.1987336354848904e-09,1.811355510028534e-09
0.018229482520837337,0.0008956453161466094,0.0009314479598828008,1.1123191719001382e-06,1.142150537081425e-06,1.1123621561637265e-06,1.142168481964382e-06,1.3287431954722706e-07,1.4247951450480837e-07,1.326845051607961e-07,1.4229390651006748e-07,1.3371546925267097e-10,6.88062289345159e-11,5.066191910430007e-09,1.7426581580402906e-09,5.1976831727529316e-09,1.8117359613211925e-09
0.018230451678391546,0.0004228236404644653,0.000803147066797294,1.1123319430611702e-06,1.1421673499071847e-06,1.1123745294505294e-06,1.1421847148085362e-06,1.3288464953896162e-07,1.4246538171391876e-07,1.326948067734325e-07,1.422797595296288e-07,1.234299999997573e-10,2.6510321715633722e-11,5.5537860554000676e-09,2.0374057996264128e-09,5.680169080052053e-09,2.065116522231847e-09
0.01823045313358307,0.0004221136980084861,0.0008034410727858323,1.1123319622370877e-06,1.1421673761355004e-06,1.1123745480290381e-06,1.1421847405457363e-06,1.3288466504945973e-07,1.4246533626901155e-07,1.3269482224131934e-07,1.4227971408472158e-07,1.2341455635223042e-10,2.6563142448595337e-11,5.554518178740864e-09,2.037466394833426e-09,5.680893533366316e-09,2.0652267508996194e-09
0.018231422291137278,0.0004417591808282075,0.0009992490611523408,1.1123403348122312e-06,1.1421848441937312e-06,1.1123819265945627e-06,1.1422018815210322e-06,1.328715822852025e-07,1.4243506996081123e-07,1.3268172528751303e-07,1.4224944777652127e-07,4.463163360671428e-11,6.174175060102982e-11,5.299926185076997e-09,2.077822802704077e-09,5.340113775131018e-09,2.1386390436362035e-09
0.0182314237463288,0.000441788678550159,0.0009995994264966695,1.1123403473836653e-06,1.1421848766712986e-06,1.11238193767349e-06,1.142201914295616e-06,1.328715626414123e-07,1.4243507243597512e-07,1.326817056224172e-07,1.4224945023034752e-07,4.451334092991921e-11,6.168786289831715e-11,5.2995439148162404e-09,2.0774028375069907e-09,5.339602093812346e-09,2.138165687213743e-09
0.018232391448691487,0.0008106835666765516,0.0012325923804752392,1.1123524729553014e-06,1.1422064742536608e-06,1.112393970383987e-06,1.1422237093938747e-06,1.3285636566860303e-07,1.424367184199582e-07,1.3266650864960793e-07,1.4225108202481351e-07,1.841902185338288e-10,2.5852540594395457e-11,4.630580461615673e-09,1.798125981444798e-09,4.816953846142124e-09,1.8233836662773228e-09
0.01823239290388301,0.0008112382958316289,0.0012325092231564418,1.1123524911892437e-06,1.142206509319685e-06,1.1123939884782885e-06,1.1422237453577769e-06,1.3285634281601233e-07,1.4243676610195647e-07,1.3266648579701723e-07,1.422511297068118e-07,1.8440025895127832e-10,2.5870280383813837e-11,4.6295745015356715e-09,1.7981362187996566e-09,4.816167908927582e-09,1.8234127915718694e-09
0.01823336206143722,0.001158429626759272,0.0011771264488373845,1.1123715803747083e-06,1.1422298632917544e-06,1.112413428927539e-06,1.142247697316634e-06,1.328587444504592e-07,1.4246852231281082e-07,1.3266887322060938e-07,1.4228288591766614e-07,2.621919868717182e-11,3.768498013645427e-11,5.6451598950957305e-09,1.8049542971354526e-09,5.672988745430985e-09,1.8428102377399114e-09
0.01823433121899143,0.0010942110804271067,0.0009099988430847361,1.1123934110777884e-06,1.1422500908241868e-06,1.1124360186896838e-06,1.1422680472605862e-06,1.3287784358352888e-07,1.4249098967411555e-07,1.3268792978503181e-07,1.4230533906811615e-07,1.6131349767493017e-10,4.1900823088969474e-11,5.3676978956925936e-09,1.7426369236517303e-09,5.527397763881476e-09,1.7843696520358776e-09
0.01823433267418295,0.0010941146561833648,0.0009097919150660508,1.1123934438566217e-06,1.1422501153031805e-06,1.1124360526082455e-06,1.1422680709880193e-06,1.3287787226090586e-07,1.4249096953140255e-07,1.326879583984919e-07,1.4230531890406555e-07,1.615163419677046e-10,4.185796277855274e-11,5.36728128608388e-09,1.742999520491171e-09,5.527179158804074e-09,1.7846918399245248e-09
0.018235300376545638,0.0005420221511793044,0.000772184782640295,1.11240926875716e-06,1.1422663938338711e-06,1.1124525124480762e-06,1.1422838497310295e-06,1.328960774113394e-07,1.424775746272644e-07,1.3270612098037415e-07,1.422919098104103e-07,1.143130495896784e-10,1.3355856351426887e-11,5.159829215880303e-09,1.9841264187192564e-09,5.274018663234178e-09,1.9989467858749776e-09
0.01823530183173716,0.0005411919368860652,0.000772438923992262,1.112409292554003e-06,1.1422664187704362e-06,1.1124525371997152e-06,1.1422838739705654e-06,1.3289610478750546e-07,1.424775337870603e-07,1.3270614829252736e-07,1.4229186894886858e-07,1.1424206719512497e-10,1.3389327067302959e-11,5.1595172578799975e-09,1.984393175972847e-09,5.273637970759637e-09,1.999244205954867e-09
0.018236269534099847,0.00028613619393524914,0.0009414429230503174,1.112417298627872e-06,1.1422830015862318e-06,1.1124590173494653e-06,1.142299993261986e-06,1.3288374134390324e-07,1.424503750513395e-07,1.3269377063807042e-07,1.4226469602363068e-07,7.465313783816541e-11,3.56473531248902e-11,5.1858983773911405e-09,2.161786749610428e-09,5.260246460636608e-09,2.1970285590811045e-09
0.018237237236462533,0.0008528527062742952,0.001186817706269494,1.1124283288971809e-06,1.1423035968146259e-06,1.112469233801774e-06,1.142320797953289e-06,1.328592360478793e-07,1.4245181034766574e-07,1.3266925115252937e-07,1.422661313199569e-07,1.7091510588158283e-10,2.2774454197516114e-11,5.260395559254612e-09,1.9866148726066513e-09,5.433641472698916e-09,2.009137523018012e-09
0.018237238691654056,0.000853704911556008,0.001186835282539719,1.112428345484052e-06,1.142303631525909e-06,1.1124692491648602e-06,1.1423208332883871e-06,1.3285919919781009e-07,1.4245185323628133e-07,1.3266921428112255e-07,1.4226617416589726e-07,1.7105986072074586e-10,2.2765952036453842e-11,5.260507585092e-09,1.9868453375697474e-09,5.433902217077957e-09,2.009361031583688e-09
0.018238206394016743,0.0012841728661774354,0.001198523502239368,1.1124490337778185e-06,1.1423267145291419e-06,1.1124913044113782e-06,1.1423443311286974e-06,1.3287477429457795e-07,1.424803741656433e-07,1.326847751670357e-07,1.4229466671622504e-07,6.87247828090598e-11,1.7112014930042996e-11,5.830470772849594e-09,2.1401045380287087e-09,5.898015853489369e-09,2.1579942277583086e-09
0.01823917409637943,0.0008871636713794762,0.0010403598274213444,1.1124700458527943e-06,1.1423483802560208e-06,1.112513018597383e-06,1.14236615900154e-06,1.3290481604144588e-07,1.4250099411583506e-07,1.3271480270304892e-07,1.4231527245556208e-07,1.2352968647988405e-10,2.5263440645018065e-11,4.831125277604542e-09,2.0179231619010807e-09,4.951978382905509e-09,2.0415937829199038e-09
0.018240141798742115,0.0005924154248219959,0.0009488725403163506,1.1124843637746661e-06,1.1423676301046426e-06,1.1125264336442342e-06,1.1423851447034394e-06,1.329031391605895e-07,1.4249567925617157e-07,1.3271312582219252e-07,1.4230994338504388e-07,7.565703619150099e-11,8.947231844302905e-12,5.339038100515836e-09,1.7431668331013839e-09,5.419122484084937e-09,1.752228140361467e-09
0.01824110804591328,0.0008671991782516098,0.0010142838315445601,1.112498471258108e-06,1.1423865990475512e-06,1.1125400555498426e-06,1.1424039030316635e-06,1.328924119099228e-07,1.4247724777760595e-07,1.327023701925558e-07,1.4229148348476883e-07,6.999527231839654e-11,1.468867388831896e-11,5.540759810194497e-09,1.842856978129248e-09,5.606665350868491e-09,1.8573765858675984e-09
0.018241109501104802,0.00086761300920557,0.0010144726823710178,1.112498492504318e-06,1.1423866303946098e-06,1.1125400760647608e-06,1.1424039344878712e-06,1.328923957544248e-07,1.424772435677738e-07,1.327023539943184e-07,1.4229147927493668e-07,6.99867455655756e-11,1.4682754534443896e-11,5.541063607950036e-09,1.8425803325890212e-09,5.606947794944972e-09,1.8570936406047231e-09
0.018242075748275965,0.00100950649890216,0.001139869631138879,1.1125166321832866e-06,1.1424074448415054e-06,1.1125586926690925e-06,1.1424248214098043e-06,1.3289790127460823e-07,1.4247444823922706e-07,1.3270783113553183e-07,1.4228868394638994e-07,6.216530466044098e-11,1.0752303561401e-11,4.596927201801539e-09,1.6588876938783415e-09,4.6593065859992856e-09,1.6692179860555711e-09
0.01824207720346749,0.0010097201939167633,0.0011398455653853124,1.1125166595020802e-06,1.1424074777835431e-06,1.1125587207061471e-06,1.142424854796752e-06,1.328979095660543e-07,1.424744805132766e-07,1.3270783938423847e-07,1.422887162204395e-07,6.215352538196939e-11,1.0764232032078746e-11,4.595505309623604e-09,1.6591422421015373e-09,4.657879415503885e-09,1.6694869596539853e-09
0.01824304199544713,0.0009260943312966286,0.0011238899707706196,1.1125353348684438e-06,1.1424293183546208e-06,1.112577677815122e-06,1.14244699034316e-06,1.3290636647993833e-07,1.4249587820813758e-07,1.327162821086697e-07,1.4231011391530046e-07,4.8574122029685575e-11,1.8672808091424464e-11,5.6192149126548215e-09,1.8279077140803679e-09,5.672112681149625e-09,1.8478164554025511e-09
0.018243043450638652,0.000925968198773823,0.0011236760056901253,1.1125353630364171e-06,1.1424293489935788e-06,1.1125777064080467e-06,1.1424470209445795e-06,1.3290637923546456e-07,1.4249590338165166e-07,1.3271629484279401e-07,1.4231013906744482e-07,4.8553640275006416e-11,1.8673970932655456e-11,5.620758969371309e-09,1.8281099644939443e-09,5.673642444747884e-09,1.8480175321517873e-09
0.018244009697809815,0.0008914272030119408,0.0009816031922418866,1.1125529235680757e-06,1.1424496932617055e-06,1.1125949868073803e-06,1.1424673402871122e-06,1.3291126776948659e-07,1.425126185949921e-07,1.327211549551066e-07,1.4232684009130026e-07,6.490440129791608e-11,1.944609751003412e-11,5.675732328569438e-09,1.9624042391086505e-09,5.73674086012943e-09,1.9815324936445222e-09
0.01824497594498098,0.0007853231209504763,0.000981281968286396,1.1125691251206485e-06,1.1424686595840423e-06,1.11261147139885e-06,1.1424859849284985e-06,1.3291607103838032e-07,1.424995303977994e-07,1.3272594401314564e-07,1.4231375189410755e-07,5.094548394257714e-11,1.891427986455696e-11,4.793550889559128e-09,1.9485302260591197e-09,4.8447486022951125e-09,1.96795957307927e-09
0.01824594073696062,0.0007968452907818439,0.0011768002367926744,1.1125843899222588e-06,1.142489480588071e-06,1.1126262284297885e-06,1.1425066759329638e-06,1.3291208380213634e-07,1.4247954993606982e-07,1.32721928397996e-07,1.4229377143237798e-07,7.008246224605745e-11,2.7670917640554293e-11,5.454020255504554e-09,2.036605772914868e-09,5.525346593914412e-09,2.0640016362705182e-09
0.018245942192152143,0.0007968626696202019,0.0011769511588495113,1.1125844129460923e-06,1.1424895162957457e-06,1.1126262506877538e-06,1.1425067122305686e-06,1.3291207778820535e-07,1.4247956853431191e-07,1.3272192234126123e-07,1.4229379003062008e-07,7.011132646672635e-11,2.7653434182976023e-11,5.455016438560278e-09,2.0363501848608e-09,5.526373136888196e-09,2.0637281231306708e-09
0.018246906984131783,0.0010860823999562822,0.0012770124825323137,1.1126025836578057e-06,1.1425131904840572e-06,1.1126440726405027e-06,1.1425307775425608e-06,1.3290479859890584e-07,1.4249189916881733e-07,1.3271460058360325e-07,1.423061206651255e-07,4.164641804316127e-11,1.606190180858391e-11,5.081901672569092e-09,1.866895305013827e-09,5.122257963836344e-09,1.882388911411681e-09
0.018246908439323306,0.0010865186288104844,0.0012767230465277116,1.1126026110646106e-06,1.1425132248575567e-06,1.112644099521276e-06,1.1425308125231263e-06,1.3290478761973645e-07,1.4249194851027668e-07,1.327145895402282e-07,1.4230617000658485e-07,4.1603484546293146e-11,1.6120360022134506e-11,5.081338905199573e-09,1.86673958426163e-09,5.121648438688453e-09,1.8822923342327138e-09
0.018247871776111424,0.0010821467163211,0.001085116411481124,1.1126235025520718e-06,1.1425359801141753e-06,1.1126662350173267e-06,1.142553969657456e-06,1.3291974326899108e-07,1.4252461255637172e-07,1.3272951681064173e-07,1.4233883405267989e-07,7.004045514760636e-11,5.4819697392627376e-11,5.876753479023953e-09,1.7636524463071623e-09,5.952335694891226e-09,1.818358241756357e-09
0.018247873231302947,0.001082140112223684,0.00108477373962652,1.11262353411021e-06,1.1425360083841623e-06,1.1126662684546318e-06,1.142553997394305e-06,1.3291976586060628e-07,1.425246190411443e-07,1.3272953935938858e-07,1.4233884051605055e-07,7.008341129655093e-11,5.4774322110489625e-11,5.877955011612812e-09,1.7636909446281593e-09,5.953590509477635e-09,1.8183519355558154e-09
0.018248838023282588,0.0006051627524295,0.0008575823000240845,1.1126398130729205e-06,1.1425547513855194e-06,1.1126826393592637e-06,1.142572386925167e-06,1.3293721679019654e-07,1.4252891844535043e-07,1.3274699028897885e-07,1.4234312573080388e-07,6.218518061595901e-11,2.4690510053160253e-11,6.043109124220791e-09,1.7892153314491566e-09,6.099530658332242e-09,1.8141709245966808e-09
0.018249802815262228,0.00049745331243288,0.0009309886532737899,1.1126504510242805e-06,1.142572007374627e-06,1.1126919616799569e-06,1.142589098890312e-06,1.3292441281009815e-07,1.4250136359805765e-07,1.3273417209802574e-07,1.4231555667265638e-07,4.80239494005108e-11,3.447492638586347e-11,4.875464476583602e-09,1.8876114005195177e-09,4.925538199529456e-09,1.922358716655026e-09
0.018250766152050346,0.0010014849431014814,0.0011880194912414765,1.1126648981825529e-06,1.1425924205596263e-06,1.112706151100502e-06,1.1426094488342642e-06,1.3291063488274877e-07,1.4248473689804086e-07,1.3272036579183526e-07,1.422989299726396e-07,1.1113977720892851e-10,4.0320406735627756e-11,6.273898827640684e-09,1.9169876797064944e-09,6.3867842377268e-09,1.957483286574302e-09
0.01825076760724187,0.0010022463201870835,0.0011881600348924112,1.1126649200060548e-06,1.1425924564955884e-06,1.112706172534672e-06,1.142609485590159e-06,1.3291061407016969e-07,1.424847670079571e-07,1.3272034493638785e-07,1.4229896008255584e-07,1.1123511833854849e-10,4.0287186627155004e-11,6.276011266237447e-09,1.917242591921473e-09,6.388991558026191e-09,1.9577060934767204e-09
0.01825173239922151,0.001262979426144284,0.0012813404754621386,1.1126867747223762e-06,1.1426162820384494e-06,1.1127287962153787e-06,1.1426338547484795e-06,1.329204337707779e-07,1.4250472988241835e-07,1.3273015042614134e-07,1.4231892295701708e-07,4.344965706670756e-11,1.8262254709719782e-11,4.582719981272021e-09,2.086249390452457e-09,4.617611182311521e-09,2.105427069780073e-09
0.018251733854413033,0.001262532032912811,0.0012814810191130732,1.1126868071700116e-06,1.1426163179744115e-06,1.1127288298749258e-06,1.1426338915043743e-06,1.3292045545199127e-07,1.4250475999233458e-07,1.3273017208588817e-07,1.4231895306693332e-07,4.3566561606842855e-11,1.822903460124703e-11,4.583274942518498e-09,2.0865043026674357e-09,4.618311928922309e-09,2.1056498766824916e-09
0.018252695736009628,0.0009668051069091632,0.0010953881278334032,1.112708255057079e-06,1.1426391779333033e-06,1.1127510788355721e-06,1.1426570485858634e-06,1.3293478673404024e-07,1.4253715436552053e-07,1.3274448917854897e-07,1.423513332507311e-07,1.2084046263627357e-10,4.543160037970393e-11,4.950104326439941e-09,2.3401074683252465e-09,5.0815054386532665e-09,2.3861927043218603e-09
0.01825269719120115,0.0009662076821636541,0.0010951065954714068,1.1127082774395985e-06,1.1426392125172047e-06,1.1127511009890495e-06,1.1426570836192695e-06,1.3293479766051314e-07,1.425372033736494e-07,1.3274450006208876e-07,1.423513822373934e-07,1.2082194703642802e-10,4.5472754034436846e-11,4.952465921079154e-09,2.3404911342339574e-09,5.083826162997751e-09,2.386617126148849e-09
0.018253659072797745,0.0005713099253821241,0.0008741312394759687,1.1127230722850285e-06,1.1426581510379176e-06,1.1127657444376382e-06,1.1426758136116504e-06,1.3294202005909028e-07,1.4254031084965803e-07,1.3275169408188958e-07,1.4235447552401387e-07,1.0858313553852028e-10,2.3063411038515313e-11,6.5134799775989904e-09,2.2471599901452017e-09,6.6178249547022006e-09,2.2690482899784546e-09
0.01825366052798927,0.0005711793661246602,0.0008737969348526775,1.1127230876527104e-06,1.1426581796892348e-06,1.1127657583269804e-06,1.1426758419474936e-06,1.3294200887045354e-07,1.4254031555083202e-07,1.3275168282895034e-07,1.4235448020372132e-07,1.0852611076648668e-10,2.3029508855465508e-11,6.51062400773919e-09,2.2470187932555064e-09,6.6149155990230885e-09,2.2688704248707836e-09
0.018254623864777386,0.0004847491376835933,0.0009202743014249393,1.1127332610581691e-06,1.142675462637459e-06,1.1127749530714937e-06,1.1426926675994764e-06,1.3293460199292895e-07,1.4251284596866753e-07,1.327442333831641e-07,1.4232701062155684e-07,7.077571168023766e-11,2.893825457039867e-11,4.619971960551084e-09,2.1407868810996433e-09,4.688922139450824e-09,2.17053330864303e-09
0.01825558574637398,0.0008760836861136656,0.0011666561058598403,1.1127463506586617e-06,1.1426955400223077e-06,1.1127876859973185e-06,1.1427125327429106e-06,1.329182026665876e-07,1.4249330718116116e-07,1.327277914242586e-07,1.4230747183405047e-07,1.6626132415265005e-10,3.575557660038864e-11,6.046184441999003e-09,2.3708902028605146e-09,6.217934611640885e-09,2.406850252166035e-09
0.018255587201565504,0.0008767494006654136,0.001167028846865037,1.112746382569126e-06,1.1426955703965661e-06,1.1127877184547388e-06,1.1427125627960777e-06,1.3291820335351714e-07,1.424932776217247e-07,1.3272779206825506e-07,1.42307442274614e-07,1.6612860833126942e-10,3.576589024945065e-11,6.0445731032091805e-09,2.3712383168117412e-09,6.2161671828729256e-09,2.407207766452757e-09
0.0182565490831621,0.001316786719370855,0.001269338367994428,1.1127674753859934e-06,1.1427190068532307e-06,1.1128091728096479e-06,1.142736514483304e-06,1.329186574139385e-07,1.4251220626553986e-07,1.3272821774990007e-07,1.4232637091842916e-07,7.840345039866747e-11,2.0723652647704193e-11,4.979478163136264e-09,2.299945287929504e-09,5.047896767251814e-09,2.320321043393044e-09
0.018256550538353622,0.0013165620708364856,0.001269493147905365,1.1127675115486778e-06,1.1427190423092923e-06,1.1128092106479297e-06,1.142736550718837e-06,1.3291868779205908e-07,1.4251223490191478e-07,1.3272824812802066e-07,1.4232639955480408e-07,7.850337429199929e-11,2.0700895858594137e-11,4.978605693784498e-09,2.2998374316074432e-09,5.0471513658645366e-09,2.3201895960056618e-09
0.018257510964758694,0.0011682940381527729,0.001092308007338667,1.1127913789204606e-06,1.1427417230928394e-06,1.1128341839139466e-06,1.14275959423248e-06,1.3293873735165107e-07,1.425456224558567e-07,1.3274829768761265e-07,1.4235977291939032e-07,1.4445314389099906e-10,4.940601092112553e-11,4.402775921619195e-09,2.203088861786226e-09,4.555186450261317e-09,2.2520868965299265e-09
0.018257512419950217,0.001167475859688363,0.001092039545004475,1.112791405040478e-06,1.142741757457663e-06,1.1128342101890012e-06,1.1427596291468944e-06,1.329387606643221e-07,1.4254567304305965e-07,1.3274832097881713e-07,1.4235982348509424e-07,1.444357805982552e-10,4.944950351970512e-11,4.405233494535765e-09,2.202942273044073e-09,4.557610685628985e-09,2.25198371062163e-09
0.018258474301546812,0.0006266598947135549,0.0008958518492556689,1.1128086703720256e-06,1.1427608786191447e-06,1.112851578000118e-06,1.1427783874751185e-06,1.3295417033987178e-07,1.4254585778417095e-07,1.3276371646497864e-07,1.4235999401535082e-07,1.329586440945718e-10,2.2731348053861566e-11,6.029689192388332e-09,2.0762029873111487e-09,6.160030263657745e-09,2.0985235771320276e-09
0.018259436183143407,0.00046794429917093594,0.0009712853219743255,1.1128191991683222e-06,1.1427788393656795e-06,1.1128609003208112e-06,1.142795982316446e-06,1.3294467748892203e-07,1.4251540735716393e-07,1.327542236140289e-07,1.4232952939895563e-07,6.828840271033698e-11,3.25349058075575e-11,4.352608939939273e-09,2.0974154574936825e-09,4.418909238523838e-09,2.130460342549564e-09
0.01825943763833493,0.00046869618656336475,0.0009713994422053673,1.1128192200195601e-06,1.142778866537762e-06,1.1128609202719053e-06,1.1427960089349654e-06,1.329446452618854e-07,1.4251536128995212e-07,1.327541913439942e-07,1.4232948331027728e-07,6.847437149147465e-11,3.254973721111831e-11,4.355017804776576e-09,2.097447548976561e-09,4.421518474934567e-09,2.1305086583822685e-09
0.018260398064740002,0.0009649418655663933,0.0011864636622718194,1.112832981836641e-06,1.1427995912248027e-06,1.112874087993987e-06,1.1428168136262684e-06,1.3292337541770394e-07,1.4249965829549183e-07,1.3273289312110137e-07,1.4231378031581698e-07,1.9121376704234194e-10,2.903076390392556e-11,5.94486859739618e-09,2.156135492370481e-09,6.143614506015638e-09,2.184877834210397e-09
0.018261358491145074,0.001429538893989446,0.0011894346764020063,1.1128559790621202e-06,1.142822410023039e-06,1.1128979622299084e-06,1.1428400841696023e-06,1.3292687128796388e-07,1.4252342546627498e-07,1.327363747805066e-07,1.4233753329724444e-07,5.268239317013368e-11,3.592187507276038e-11,5.277379422352624e-09,2.0660574716850135e-09,5.3198028204803904e-09,2.10193395551616e-09
0.018261359946336597,0.0014291090771875446,0.0011894391779385671,1.112856016532849e-06,1.1428224445969757e-06,1.1128980014441278e-06,1.1428401194280013e-06,1.3292691011520082e-07,1.425234614771398e-07,1.3273641356474547e-07,1.4233756928661023e-07,5.2887969533344715e-11,3.593231615028891e-11,5.276320391862829e-09,2.0659209898354902e-09,5.318977710118779e-09,2.1018082829726836e-09
0.01826232037274167,0.0011454299879325447,0.0009521068795308452,1.1128807472139134e-06,1.1428430125707885e-06,1.112923882828909e-06,1.1428609241193044e-06,1.3295253609157953e-07,1.4255100211357785e-07,1.3276201116241282e-07,1.4236509571219358e-07,1.8856836925262854e-10,4.7353069382305435e-11,4.5773602685983406e-09,2.0828199165379147e-09,4.774404871454863e-09,2.1301855834821026e-09
0.01826328079914674,0.0005170212198279955,0.0008529713349332444,1.1128967138342843e-06,1.1428603475759804e-06,1.1129396852993523e-06,1.1428776108015975e-06,1.3296686063313246e-07,1.4253276879151436e-07,1.3277632149311103e-07,1.423468482007744e-07,1.6789040990783377e-10,2.8024282985607802e-11,6.457529178049981e-09,2.0146021502558692e-09,6.623629644764151e-09,2.0421557076072196e-09
0.018263282254338264,0.0005168525289332234,0.000852821129562642,1.1128967272614302e-06,1.1428603738411397e-06,1.1129396968402888e-06,1.1428776360844495e-06,1.3296684166379458e-07,1.4253274116526882e-07,1.3277630248070995e-07,1.4234682055302983e-07,1.677292973493542e-10,2.7994996945612804e-11,6.455080793793701e-09,2.014498790003927e-09,6.6210190717269465e-09,2.042022329007409e-09
0.018264241225551814,0.00040568522927841855,0.0010795408561740665,1.1129055757506628e-06,1.1428789079355309e-06,1.1129473023174796e-06,1.1428959119326243e-06,1.3295434087012836e-07,1.424970833962754e-07,1.327637733083975e-07,1.4231117697335956e-07,6.15561213113125e-11,5.955985118241859e-11,4.841595568905177e-09,1.9827916389577894e-09,4.900651440209458e-09,2.042841984125598e-09
0.018264242680743337,0.00040637687900025075,0.001079884892178029,1.1129055942004435e-06,1.142878936060105e-06,1.1129473200595164e-06,1.1428959396653227e-06,1.3295431031679072e-07,1.4249702928736951e-07,1.3276374273352826e-07,1.4231112288598524e-07,6.178571093303742e-11,5.960774929203438e-11,4.84399206806591e-09,1.9827435249197833e-09,4.9032942897850065e-09,2.042843227911817e-09
0.018265201651956886,0.0008621740456876692,0.0012689326224321203,1.1129177526059187e-06,1.1429014632949354e-06,1.112959012061765e-06,1.14291886961148e-06,1.329341756672875e-07,1.4250332934683354e-07,1.3274359389470192e-07,1.4231740875612613e-07,2.1308527164976e-10,2.000919372321016e-11,6.423285014989233e-09,2.1261290738084816e-09,6.644932160071448e-09,2.1462319571395313e-09
0.01826520310714841,0.0008627539517823073,0.0012692194930394862,1.1129177832680571e-06,1.1429014974789032e-06,1.1129590437562773e-06,1.1429189044065424e-06,1.3293417969369633e-07,1.4250333890686306e-07,1.3274359785651597e-07,1.4231741829462408e-07,2.1283862673672284e-10,1.994910486802226e-11,6.422902014960235e-09,2.1263466543075538e-09,6.644274609289948e-09,2.146388844437297e-09
0.01826616207836196,0.0012449120681488068,0.0011080855517349164,1.1129379896173335e-06,1.142924295149941e-06,1.1129799304399057e-06,1.1429422102082754e-06,1.3293683309711923e-07,1.4254250402245816e-07,1.3274620869196951e-07,1.4235658341021917e-07,5.0299629045236216e-11,6.670849983514415e-11,6.170504995850479e-09,2.1178532261245664e-09,6.210948644280734e-09,2.1848760578535575e-09
0.018267121049575508,0.0011238672491453716,0.0008457755316896103,1.112960705529099e-06,1.1429430282981705e-06,1.1130032362416387e-06,1.142960826600205e-06,1.3295678513713938e-07,1.4255903458388963e-07,1.327661180994255e-07,1.4237311397165064e-07,1.3248331598436636e-10,3.703647739925352e-11,5.042395390120191e-09,2.2668273729478577e-09,5.180600393117629e-09,2.304354149247076e-09
0.01826712250476703,0.0011232498390446345,0.0008453774891705734,1.1129607323171556e-06,1.1429430567247991e-06,1.1130032634988775e-06,1.1429608548496617e-06,1.3295680422151939e-07,1.4255905966820137e-07,1.3276613718380552e-07,1.4237313905596238e-07,1.3249507617759026e-10,3.699145156854655e-11,5.044339036510544e-09,2.267053433868682e-09,5.182542523270164e-09,2.304535451358447e-09
0.018268080020789057,0.0007169939927595959,0.0008878962246641335,1.1129783588584902e-06,1.1429596537170436e-06,1.1130211987619987e-06,1.142976746854959e-06,1.3296936174356233e-07,1.4253019865143827e-07,1.3277869470584847e-07,1.4234426384990883e-07,1.402332833189135e-10,3.837714178438064e-11,6.323258361362605e-09,2.3206357419078768e-09,6.46046416363788e-09,2.358665155618052e-09
0.01826808147598058,0.0007166509954589258,0.0008879608428031815,1.1129783764365164e-06,1.142959678940436e-06,1.1130212151508449e-06,1.1429767710069427e-06,1.3296935926367115e-07,1.4253015478971065e-07,1.3277869220439302e-07,1.4234421996661695e-07,1.4008243550338995e-10,3.837924769656276e-11,6.320375511443612e-09,2.3207171739869636e-09,6.4574289250793285e-09,2.3587474196062885e-09
0.018269038992002606,0.000490958771618033,0.001213890452970339,1.1129899427777737e-06,1.1429798092462524e-06,1.1130319990115822e-06,1.142996749527888e-06,1.3296772749527008e-07,1.4250274108057282e-07,1.327770462467015e-07,1.4231679206818867e-07,4.082457288889785e-11,6.020364775433199e-11,4.423460264746382e-09,2.085820787039255e-09,4.460241953552213e-09,2.1451347466169325e-09
0.01826904044719413,0.0004914397701120207,0.0012143857867243923,1.1129899616791918e-06,1.1429798398394223e-06,1.1130320164355133e-06,1.1429967798903817e-06,1.3296769555858444e-07,1.4250269941840088e-07,1.327770142884516e-07,1.4231675038445246e-07,4.10173957899431e-11,6.02368155355748e-11,4.425204682878497e-09,2.085463801648757e-09,4.462198507506641e-09,2.14481010729628e-09
0.018269997963216156,0.0008079367791559156,0.001372389825029883,1.1130023988121998e-06,1.14300461092962e-06,1.1130434813821921e-06,1.1430222070988573e-06,1.3294668121943687e-07,1.4252710499796458e-07,1.3275598576001357e-07,1.4234114177472571e-07,1.6789486467772008e-10,2.2475022464840612e-11,5.573031813810303e-09,1.9509903441572273e-09,5.749611009520095e-09,1.9731137068168467e-09
0.01826999941840768,0.0008087900488051532,0.0013726299527476726,1.113002430508865e-06,1.1430046485756538e-06,1.113043513814856e-06,1.1430222457420314e-06,1.3294667300344955e-07,1.4252714208851103e-07,1.3275597754402626e-07,1.423411788437079e-07,1.6769615663120152e-10,2.2417633721572017e-11,5.573722873900925e-09,1.950785977200553e-09,5.750079751409101e-09,1.9728527700380027e-09
0.018270956934429705,0.0013702414780034644,0.0011223557771589694,1.1130232869146657e-06,1.1430285348217963e-06,1.1130648545076838e-06,1.1430466513215952e-06,1.3294126688379038e-07,1.425730444430974e-07,1.3275057142436708e-07,1.4238708119829427e-07,3.6946262021997356e-11,8.250116910133895e-11,6.028440413530234e-09,1.8533151961335497e-09,6.058511914375231e-09,1.9359641622061866e-09
0.018270958389621228,0.0013699853912410237,0.001121975421269017,1.1130233243418696e-06,1.1430285711230822e-06,1.113064894246244e-06,1.1430466884121415e-06,1.3294131081217713e-07,1.425731142035147e-07,1.3275061530955976e-07,1.4238715095871157e-07,3.711186379209392e-11,8.259248146513798e-11,6.026650513994656e-09,1.8531670642474296e-09,6.0569034387800294e-09,1.9359081004921563e-09
0.01827191445045173,0.0012017363883174426,0.0008311179011797349,1.1130479140148188e-06,1.1430472396507873e-06,1.1130910024803597e-06,1.1430649641760224e-06,1.329701717622811e-07,1.425779953081537e-07,1.3277944788114837e-07,1.4239200368483525e-07,1.4591222674553705e-10,2.7924926360429275e-11,4.850686519120018e-09,2.0289343874359666e-09,5.0001349727324396e-09,2.057415148076763e-09
0.018271915905643255,0.0012006112963849267,0.0008306751956697056,1.113047938200643e-06,1.1430472680655936e-06,1.1130910264598292e-06,1.1430649919930147e-06,1.3297019559080077e-07,1.4257800273753674e-07,1.3277947168810377e-07,1.4239201107102417e-07,1.458974264323112e-10,2.784171851399897e-11,4.852670017631299e-09,2.0292019176082476e-09,5.002098655700146e-09,2.0576000903105296e-09
0.01827287342166528,0.00046030080478942637,0.0009282158275014663,1.1130638524730592e-06,1.1430641097289505e-06,1.113106804950803e-06,1.1430811355239712e-06,1.329858747567414e-07,1.425423477030563e-07,1.3279513666475395e-07,1.4235635603654373e-07,1.361588203296904e-10,5.512696896192715e-11,6.157812038054544e-09,2.0917174659018656e-09,6.294202048451325e-09,2.1468604671781577e-09
0.01827383239287883,0.00038202263771580647,0.0012917188375709543,1.1130719301123977e-06,1.1430853982633481e-06,1.113113398787391e-06,1.1431023949626251e-06,1.3296509848714777e-07,1.4252130142722308e-07,1.3277434618430561e-07,1.4233532397156523e-07,7.287360298535717e-11,6.395108748113998e-11,5.198129926498041e-09,2.017921607588846e-09,5.267738689695989e-09,2.081498085004796e-09
0.018274788453709334,0.000982204008909318,0.0014305231450200545,1.1130849816827937e-06,1.1431114245526552e-06,1.1131259988482032e-06,1.1431291113694897e-06,1.3294679434475146e-07,1.4254970892579877e-07,1.3275601366339395e-07,1.423637172592862e-07,1.9884813973352485e-10,1.987879305609397e-11,5.399424943627049e-09,2.041187441292891e-09,5.601643848537601e-09,2.0614798756923847e-09
0.018274789908900857,0.0009831175269781056,0.0014301031117669146,1.1130850015481977e-06,1.1431114621644726e-06,1.113126018026378e-06,1.1431291495530628e-06,1.3294676648456516e-07,1.4254976952710323e-07,1.3275598576001357e-07,1.4236377786059066e-07,1.9903988179859056e-10,1.997485625275169e-11,5.399731328736834e-09,2.04137281985443e-09,5.602152075567801e-09,2.061761392143872e-09
0.01827574596973136,0.0012970308297074607,0.0011541412644540117,1.113106805721553e-06,1.1431361731284914e-06,1.1131489478667751e-06,1.1431542361606262e-06,1.3295554963506385e-07,1.4258958458412963e-07,1.3276472634273925e-07,1.4240359291761706e-07,6.19872969021536e-11,8.308837645687461e-11,5.364810678778516e-09,2.1631665347854323e-09,5.42272669523939e-09,2.246717700771228e-09
0.018275747424922884,0.001297508627732924,0.0011536381624606203,1.1131068389090315e-06,1.143136201901141e-06,1.1131489827675978e-06,1.1431542646687239e-06,1.3295556300363387e-07,1.4258958441135327e-07,1.3276473964651814e-07,1.4240359272324367e-07,6.177869327217422e-11,8.301705975496388e-11,5.3647575271043024e-09,2.1630785693517787e-09,5.4224535972480226e-09,2.2465561258637723e-09
0.018276703485753387,0.001040879958318558,0.0008231001528025139,1.1131291953263678e-06,1.1431551055318558e-06,1.1131719475088175e-06,1.1431729944888502e-06,1.3297403711476363e-07,1.425894708972919e-07,1.3278319954679318e-07,1.4240346501992462e-07,1.5759146765326193e-10,3.616198659961434e-11,5.050176277165974e-09,2.1052852794412047e-09,5.211532094762106e-09,2.1404014116654935e-09
0.01827765954658389,0.0006513289281838476,0.0008355577648373469,1.1131453682039884e-06,1.1431709633105184e-06,1.1131878394774096e-06,1.1431881148382672e-06,1.3297915943678306e-07,1.4255438429700007e-07,1.3278830767955496e-07,1.4236836420877808e-07,1.3289918011490112e-10,3.277390164813099e-11,5.62929841343031e-09,1.9372821125074324e-09,5.759499055322714e-09,1.97031391202529e-09
0.018277661001775414,0.0006507360042414811,0.0008360388463929599,1.1131453928202406e-06,1.1431709922278823e-06,1.1131878636660986e-06,1.143188143389756e-06,1.3297916723331582e-07,1.425543405180504e-07,1.3278831545449066e-07,1.423683204298284e-07,1.3286159672443176e-10,3.281846038374313e-11,5.630179877869068e-09,1.9375398194361196e-09,5.760333099402715e-09,1.9706166439895966e-09
0.018278615607414395,0.0005283949087052994,0.0011516283468750999,1.1131566470901293e-06,1.1431899620185616e-06,1.113198647476946e-06,1.1432068731664913e-06,1.329731226235513e-07,1.425256215270565e-07,1.3278227084472614e-07,1.423396014388345e-07,4.640635210370213e-11,6.204899094530703e-11,4.987946741587644e-09,2.1065955646548673e-09,5.035472559808479e-09,2.1692088125746523e-09
0.018278617062605917,0.0005282084131328357,0.0011519844838595913,1.1131566642460285e-06,1.143189998940244e-06,1.1131986639156821e-06,1.1432069108890646e-06,1.3297311340920714e-07,1.425256429623031e-07,1.3278226163038198e-07,1.423396228524512e-07,4.6274560572268086e-11,6.19899416209178e-11,4.986967727660385e-09,2.1066842574488864e-09,5.034367589473732e-09,2.16923735189675e-09
0.0182795716682449,0.0007863905765751167,0.0013856103456859614,1.1131692172391591e-06,1.1432142195638776e-06,1.1132105828645136e-06,1.1432316568971146e-06,1.329633512225452e-07,1.4253970448407927e-07,1.3277248525449524e-07,1.4235367018500256e-07,1.219679710159334e-10,2.3253584821580908e-11,5.653038318191442e-09,2.1648667303253433e-09,5.775327578255929e-09,2.1879591471929416e-09
0.01827957312343642,0.0007867841469462178,0.0013853925819149696,1.1131692363748195e-06,1.143214257808492e-06,1.1132106010336429e-06,1.143231695830963e-06,1.3296333634116309e-07,1.4253977032554313e-07,1.327724703514832e-07,1.423537360048365e-07,1.2208335731234143e-10,2.3327827598757253e-11,5.654053669701398e-09,2.1646663798500836e-09,5.776457090433951e-09,2.1878323036209354e-09
0.018280527729075402,0.001134414248681992,0.0012425395481443502,1.1131875762430402e-06,1.1432393462755793e-06,1.113229359361867e-06,1.143257236435602e-06,1.3296202894252929e-07,1.4258296232583234e-07,1.327711487419947e-07,1.4239691381590092e-07,5.6234000095356507e-11,7.203108942643865e-11,4.985284185465844e-09,2.0332364680797355e-09,5.039562545050558e-09,2.1046229203847133e-09
0.018281482334714383,0.001070852287198586,0.0009405040480423565,1.1132086269167981e-06,1.14326018573285e-06,1.113251267524957e-06,1.143278041126905e-06,1.3297837492949814e-07,1.4259876479627565e-07,1.3278749472896354e-07,1.424127020754895e-07,7.193697892466084e-11,6.116839673664387e-11,5.677865568881384e-09,1.8679924274067616e-09,5.754161614635214e-09,1.92917348762478e-09
0.018281483789905906,0.0010707553939646175,0.0009404584759853055,1.1132086590062398e-06,1.1432602126694237e-06,1.1132513009215472e-06,1.1432780670828041e-06,1.329783998471612e-07,1.4259872309379788e-07,1.327875196466266e-07,1.4241266037301174e-07,7.196091639238844e-11,6.114513969241667e-11,5.678921333185372e-09,1.868449126181619e-09,5.7552509424851905e-09,1.929608920136745e-09
0.018282438395544887,0.0006282964389097145,0.0009105632065598002,1.1132248782508457e-06,1.1432778830618176e-06,1.1132675581393414e-06,1.1432950941525633e-06,1.32990635393071e-07,1.4257136626838474e-07,1.3279972677082696e-07,1.423853035475986e-07,9.932685923752516e-11,4.588851867937116e-11,5.70919533871006e-09,2.1680435224880057e-09,5.805537828251772e-09,2.2152526479857215e-09
0.018283393001183867,0.00041746826211674914,0.0011795576859796597,1.1132348611796522e-06,1.1432978354737193e-06,1.1132769941468723e-06,1.143314761975489e-06,1.3298780743298266e-07,1.4254115399126022e-07,1.3279688459988392e-07,1.4235509127047408e-07,3.522232505659417e-11,8.097884862667826e-11,5.714857032046439e-09,2.1504589220455728e-09,5.75326897234163e-09,2.2302015789676943e-09
0.01828434760682285,0.0007113403890830483,0.0013778242498503346,1.11324563685069e-06,1.1433222483858889e-06,1.1132869985885918e-06,1.1433396593929501e-06,1.3297888301622152e-07,1.4255228109050222e-07,1.3278796018312278e-07,1.4236620415886136e-07,1.1701992153057006e-10,3.545844173835633e-11,5.883832532305178e-09,1.835109175729599e-09,5.997044194572254e-09,1.869978172308606e-09
0.018285300757270306,0.0011168453841377396,0.0012097861627253792,1.1132630681124422e-06,1.1433469122061147e-06,1.1133045931864572e-06,1.1433648978709243e-06,1.3297444179917968e-07,1.4259379099712532e-07,1.3278350477688912e-07,1.4240769985462975e-07,8.914193552307423e-11,7.731189299864383e-11,4.743901682726594e-09,2.02485583855605e-09,4.8322219552313014e-09,2.104016960657873e-09
0.01828530221246183,0.001117464475733243,0.00120927762763124,1.1132630947250555e-06,1.1433469425610214e-06,1.1133046200484387e-06,1.1433649280256649e-06,1.3297443501869566e-07,1.4259381352652915e-07,1.327834979747422e-07,1.4240772238403358e-07,8.909937371237575e-11,7.727484364729444e-11,4.742161330284489e-09,2.025358452089499e-09,4.830443600667422e-09,2.1044794934477196e-09
0.018286255362909287,0.0011663507022703357,0.0008761871409701527,1.1132848629196437e-06,1.1433668250248994e-06,1.1133274711028207e-06,1.1433846793806879e-06,1.329874663724695e-07,1.4260857028602913e-07,1.3279650090680661e-07,1.4242247914353356e-07,1.0098018948800913e-10,5.3007518513448204e-11,5.294583438342215e-09,2.354570316498439e-09,5.396695534898299e-09,2.407438470797274e-09
0.018287208513356745,0.000752629354031531,0.0008348700959484034,1.113303153686637e-06,1.1433831339746093e-06,1.1133460020573693e-06,1.1434003681642935e-06,1.3300814316608012e-07,1.4257997804634215e-07,1.328171492787078e-07,1.4239385848213715e-07,1.9947427043476296e-10,3.785271054934647e-11,4.546166110230843e-09,2.2610837646652726e-09,4.74257255689281e-09,2.299002543892925e-09
0.018288161663804203,0.00042797471693578615,0.0011353257099839809,1.1133144066196221e-06,1.1434019129047492e-06,1.1133565749332774e-06,1.1434187854320044e-06,1.330080436900971e-07,1.4254932523272146e-07,1.3281702138101537e-07,1.4236321987937117e-07,7.162241633107413e-11,7.794628137380855e-11,4.931082209225224e-09,2.2795267895503457e-09,5.006997039203043e-09,2.357102291128399e-09
0.01828911481425166,0.000718378608036674,0.0013626347171680209,1.1133253373174014e-06,1.143425722225738e-06,1.1133666776378583e-06,1.1434431144152768e-06,1.3298891665951442e-07,1.4256238500820473e-07,1.3279786597204904e-07,1.4237627965485444e-07,1.9709295010752146e-10,2.2302685739883366e-11,5.447215835578295e-09,1.983515129921898e-09,5.642495468151072e-09,2.0043613435660745e-09
0.018289116269443184,0.000718821972755912,0.0013623837214781452,1.1133253540054895e-06,1.1434257594912612e-06,1.1133666930618347e-06,1.1434431526001688e-06,1.3298888745794102e-07,1.42562453979666e-07,1.3279783672714984e-07,1.4237634860461976e-07,1.9728450817435572e-10,2.2380618546931617e-11,5.448003825847536e-09,1.983254033433956e-09,5.6434656947601525e-09,2.0041808609652e-09
0.01829006796469912,0.0012287751793648456,0.0011982325402994376,1.1133438966159867e-06,1.1434501311434613e-06,1.1133853092381196e-06,1.1434681255195756e-06,1.3298085639408637e-07,1.4260756131534436e-07,1.327898056632952e-07,1.4242144175113935e-07,1.281812404098751e-10,7.334867435648817e-11,4.756029592209252e-09,1.812496930320151e-09,4.884043294985658e-09,1.8861452399931977e-09
0.018290069419890642,0.0012295549243290793,0.0011977086501933584,1.1133439249686022e-06,1.1434501610231571e-06,1.113385337703221e-06,1.1434681551996507e-06,1.3298084411417221e-07,1.4260758548464536e-07,1.3278979338338104e-07,1.4242146589874438e-07,1.280755779209386e-10,7.331600573147351e-11,4.754971527631824e-09,1.812437019465248e-09,4.8828820986557275e-09,1.886051060875767e-09
0.018291021115146577,0.0012232434563146377,0.0008550845208175062,1.1133672681344284e-06,1.1434697023442172e-06,1.1134100077470066e-06,1.143487565968826e-06,1.3300258672188647e-07,1.426233922074971e-07,1.328115359910953e-07,1.4243725843243737e-07,1.4867537756479976e-10,5.195072497188313e-11,5.585133688867927e-09,1.7732553203586576e-09,5.7372520068099675e-09,1.8244579180759501e-09
0.018291972810402513,0.0007207627229165837,0.0008060621104100107,1.1133857618369542e-06,1.1434855113979007e-06,1.1134287374365616e-06,1.143502686318243e-06,1.330255873482264e-07,1.4259229885738023e-07,1.3283449404995896e-07,1.424061650823205e-07,2.1258395828235156e-10,3.152047026167004e-11,5.461107139023342e-09,1.7315500144832185e-09,5.670675143703483e-09,1.7636584415114953e-09
0.018291974265594035,0.0007199944037523665,0.0008065063433685524,1.1133857901147869e-06,1.1434855390851396e-06,1.1134287660752307e-06,1.1435027136100373e-06,1.3302562251737982e-07,1.425922535521324e-07,1.328345291540245e-07,1.4240611975534356e-07,2.1268167782473313e-10,3.1578767596307274e-11,5.460917495980766e-09,1.7318111066844246e-09,5.67057334421861e-09,1.76397745527016e-09
0.018292924505658448,0.00045365838014177484,0.0010965904652961989,1.1133969426337565e-06,1.1435036188522006e-06,1.1134387705169502e-06,1.1435205351517652e-06,1.3301902868079196e-07,1.4256266922529903e-07,1.328279068957272e-07,1.423765212393846e-07,8.825186414984643e-11,6.964692711441955e-11,5.399350744283993e-09,1.902304314072012e-09,5.490192300783292e-09,1.9722934396781966e-09
0.018293876200914383,0.0008757581912350771,0.0013165414753575078,1.1134096007705585e-06,1.1435265845143993e-06,1.1134506894103034e-06,1.1435439546403359e-06,1.3299741859200993e-07,1.425749900363371e-07,1.3280626842862765e-07,1.423888562612774e-07,2.2410879138462047e-10,2.5438665063326482e-11,5.711306050654556e-09,1.8245287503049212e-09,5.933789301137123e-09,1.8491131958953133e-09
0.018293877656105906,0.0008764036037902656,0.0013163634192201665,1.1134096201255078e-06,1.1435266211362474e-06,1.113450707634911e-06,1.1435439920144492e-06,1.329973855490607e-07,1.4257504870500337e-07,1.3280623534228653e-07,1.423889149082145e-07,2.243165236892608e-10,2.5487882621872003e-11,5.7117830465358566e-09,1.8243252931081973e-09,5.934467584012282e-09,1.8489606094910472e-09
0.018294827896170318,0.0013809814398187,0.00120009276153632,1.113431078045174e-06,1.143550535203041e-06,1.1134727291578104e-06,1.143568397310446e-06,1.32996363932019e-07,1.4261335934406816e-07,1.3280519953611922e-07,1.4242721135815373e-07,7.275790070664444e-11,5.7626948352096363e-11,5.144970047009499e-09,1.691467743647479e-09,5.217126585314203e-09,1.7493216875053008e-09
0.01829482935136184,0.0013817541470714234,0.0011996960515925,1.1134311109056942e-06,1.1435505663606404e-06,1.113472762881429e-06,1.14356842830012e-06,1.3299636236752121e-07,1.4261338010540873e-07,1.3280519794989232e-07,1.4242723209773188e-07,7.252580480621162e-11,5.761267376156855e-11,5.144102033227682e-09,1.6916437772438905e-09,5.216028053922628e-09,1.7494837486134108e-09
0.01829577813623473,0.0011323341075183443,0.0009410411682218012,1.1134549605652055e-06,1.1435708811154742e-06,1.1134980762220986e-06,1.1435886335675605e-06,1.3302310880651368e-07,1.4262691649946646e-07,1.3283191601070016e-07,1.4244075430269731e-07,1.8734758399652169e-10,4.830564073743382e-11,5.567348467554549e-09,1.806417682104211e-09,5.7565845825068165e-09,1.8551475911010584e-09
0.018295779591426253,0.00113195156144541,0.0009409788186403143,1.1134549971444379e-06,1.1435709079099988e-06,1.1134981150462409e-06,1.1435886596425232e-06,1.3302314982865937e-07,1.4262687938610277e-07,1.3283195698932104e-07,1.4244071718933363e-07,1.875236910198197e-10,4.8275756632240825e-11,5.567997618527443e-09,1.8067670648763299e-09,5.75741365693716e-09,1.8554680758203512e-09
0.018296729831490666,0.0004514135075638914,0.0009002645419293742,1.1134700429136895e-06,1.143588404734565e-06,1.1135130080219824e-06,1.1436056865932187e-06,1.330402881194459e-07,1.426026443596129e-07,1.3284906685839815e-07,1.4241648216284375e-07,1.3704958001792278e-10,2.876143594121583e-11,5.363059774055046e-09,2.034914015069944e-09,5.497886146343944e-09,2.0647445975185974e-09
0.018297680071555078,0.00042312543073564566,0.001115268693304472,1.1134783527214146e-06,1.1436075571388778e-06,1.1135195917762513e-06,1.1436245586082805e-06,1.3301918888970912e-07,1.425786280151442e-07,1.3282795343953576e-07,1.4239246581837506e-07,8.728153382042351e-11,4.8005290714803195e-11,5.476841041846949e-09,2.209235239192253e-09,5.566093716415025e-09,2.2572954616606467e-09
0.0182976815267466,0.0004230821105567356,0.0011155325065148058,1.1134783654470007e-06,1.1436075921043275e-06,1.1135196018585702e-06,1.143624594124536e-06,1.330191565784844e-07,1.42578639375123e-07,1.3282792110658193e-07,1.4239247715659146e-07,8.720531935457743e-11,4.7966174884099394e-11,5.477015285748621e-09,2.2091712117973307e-09,5.56619816904913e-09,2.2571919018251057e-09
0.01829863031161949,0.0011197332613311073,0.0012875387196524812,1.1134930034458658e-06,1.1436303895775864e-06,1.1135340400869609e-06,1.1436477507231757e-06,1.3299880663453223e-07,1.4258604608130554e-07,1.3280757116262976e-07,1.4239986967368168e-07,1.9264441430966173e-10,2.2462653265220567e-11,5.08972952673048e-09,2.1674253503078944e-09,5.278533166119814e-09,2.1896708890523087e-09
0.018299580551683903,0.001421428245818701,0.0012086706838587702,1.1135171505806082e-06,1.1436541095594301e-06,1.1135595059386105e-06,1.1436718523327727e-06,1.3301368539941905e-07,1.4261252090363996e-07,1.3282242150580714e-07,1.4242633028516138e-07,2.469007637229126e-11,3.689293315289888e-11,5.195528451906739e-09,2.0859798333106028e-09,5.224667365411051e-09,2.12228479234966e-09
0.018300530791748315,0.0009491862496773251,0.0010171449672874253,1.1135396771093173e-06,1.1436752573644413e-06,1.1135826980535057e-06,1.143692965751635e-06,1.3303892387739324e-07,1.4262136072887603e-07,1.3284765998378134e-07,1.4243517011039746e-07,2.254546827007431e-10,3.2143521741472424e-11,5.60322188647433e-09,1.7996175613251335e-09,5.825321114372173e-09,1.8306350757400234e-09
0.018300532246939838,0.000948446520702612,0.0010168516660369331,1.1135396977050718e-06,1.1436752897500538e-06,1.1135827180749243e-06,1.143692998084589e-06,1.330389334528543e-07,1.4262137426612753e-07,1.3284766953747998e-07,1.4243518364764896e-07,2.252454866533261e-10,3.213624852338448e-11,5.601541454944483e-09,1.799179027983655e-09,5.82343633515841e-09,1.8301884452398554e-09
0.018301481031812727,0.0004661432291896972,0.0009694459669873368,1.1135531261370688e-06,1.1436941354415265e-06,1.1135957720398437e-06,1.1437115290391375e-06,1.3304517665346793e-07,1.4260596969961625e-07,1.3285389854900131e-07,1.4241976487028296e-07,8.884966373745584e-11,2.268450358111629e-11,4.5059000974845276e-09,1.7175397770685663e-09,4.594560287785043e-09,1.7408376962180228e-09
0.018302429816685617,0.0004758913896942829,0.001098593469798459,1.1135620640190301e-06,1.143713756686868e-06,1.1136036164316465e-06,1.143730969488388e-06,1.330316905523432e-07,1.4259045144626725e-07,1.328404124478766e-07,1.4240424661693396e-07,1.0467823829962697e-10,3.270793358378654e-11,6.118832995838375e-09,1.9456316557864284e-09,6.230286064834445e-09,1.978882391284742e-09
0.018303377146366984,0.0009962418981833698,0.001221169362460843,1.1135760099746155e-06,1.1437357342724293e-06,1.1136171451653354e-06,1.143753104420312e-06,1.330119516751438e-07,1.425915865709813e-07,1.3282065935982246e-07,1.42405381741648e-07,2.448325153725506e-10,2.3853950421734215e-11,5.544158909742691e-09,1.9999005938005976e-09,5.780010248201961e-09,2.023985418936915e-09
0.018303378601558506,0.0009970406087565287,0.0012213576510824442,1.1135760465471159e-06,1.1437357680321613e-06,1.1136171828284595e-06,1.1437531384217436e-06,1.3301195673176693e-07,1.4259158831464447e-07,1.328206644164456e-07,1.4240538348531118e-07,2.4449012400986604e-10,2.3840349833159635e-11,5.542494846853844e-09,1.9999839562245825e-09,5.778024229490512e-09,2.0240547016214805e-09
0.018304325931239873,0.0015170011918830134,0.0011815856737067496,1.113599855244873e-06,1.143758531248745e-06,1.1136417015222833e-06,1.143776181453439e-06,1.3301524859343772e-07,1.4260837397135365e-07,1.3282395627811638e-07,1.4242215495296144e-07,2.1593346902215593e-11,2.438593750872145e-11,4.459189906214078e-09,2.1471475545054837e-09,4.4851260483369515e-09,2.171920436615161e-09
0.018304327386431396,0.0015164905862357883,0.0011815245800395058,1.1135998945508694e-06,1.1437585662152836e-06,1.1136417430214663e-06,1.1437762168498011e-06,1.3301529606466712e-07,1.4260839975577255e-07,1.3282400370575421e-07,1.4242218071558455e-07,2.1994844699711464e-11,2.4386775585027998e-11,4.461830422513215e-09,2.1473736122601395e-09,4.4881643670814696e-09,2.172147572920835e-09
0.018305274716112763,0.001184086309892196,0.0010019420922709303,1.1136254827544935e-06,1.1437792482298842e-06,1.113668758989661e-06,1.1437969896320684e-06,1.3304619983500743e-07,1.4262239016787336e-07,1.3285487909797666e-07,1.424361569386264e-07,2.8336991086952423e-10,3.342681867125808e-11,6.180806533251371e-09,1.992814188718231e-09,6.466109869762704e-09,2.025054476526471e-09
0.018305276171304286,0.0011827533228612177,0.0010016662359149109,1.1136255045687614e-06,1.1437792799994918e-06,1.1136687807854505e-06,1.1437970215411042e-06,1.330462301965421e-07,1.4262241165852174e-07,1.3285490943771557e-07,1.4243617840747902e-07,2.831773716121509e-10,3.344070506616781e-11,6.178309740431159e-09,1.9925767702488884e-09,6.463406025797348e-09,2.0248285270696442e-09
0.018306223500985652,0.00031497876569425154,0.0008836448801368135,1.1136397056571654e-06,1.1437971401112802e-06,1.1136829698443762e-06,1.143814643000951e-06,1.330659955556257e-07,1.426161020390282e-07,1.3287466060774022e-07,1.4242985457713075e-07,1.5783431506211087e-10,1.595365506368296e-11,4.55289761447375e-09,1.870795962588545e-09,4.703203604350392e-09,1.887281220191994e-09
0.018307169375475496,0.0002134155834375706,0.0009917202932188513,1.1136447036045197e-06,1.1438148802847506e-06,1.113685925702157e-06,1.143832010368096e-06,1.3304418189363787e-07,1.4259697523272795e-07,1.3285283273489767e-07,1.424107277708305e-07,1.0435269315323126e-10,2.64403754427177e-11,5.351071585835143e-09,2.0638811076620897e-09,5.465879748811631e-09,2.0905729303346737e-09
0.01830717083066702,0.00021471799559784154,0.0009918865630851315,1.1136447221538676e-06,1.143814907577325e-06,1.1136859431655729e-06,1.1438320370871224e-06,1.3304413504802462e-07,1.425969458068721e-07,1.3285278584562589e-07,1.4241069834497466e-07,1.0468503453584116e-10,2.6456508858685446e-11,5.3518711994959716e-09,2.0641781617314336e-09,5.466981870448458e-09,2.0908856868118164e-09
0.018308116705156863,0.001061285899773945,0.0012006736849607858,1.113656779230019e-06,1.1438356494836384e-06,1.1136972943859291e-06,1.1438528098203743e-06,1.3301368539941905e-07,1.4259321409318e-07,1.3282230781896942e-07,1.424069524422571e-07,3.2070693323227317e-10,2.1524400496198185e-11,5.871620079034301e-09,1.946899658727511e-09,6.183360934386428e-09,1.9677189599516226e-09
0.018308118160348386,0.0010620958333771265,0.0012009948959175176,1.1136568177902453e-06,1.1438356813942635e-06,1.1136973355995907e-06,1.1438528417784255e-06,1.3301370301563986e-07,1.42593208352082e-07,1.3282232541336098e-07,1.4240694667932985e-07,3.2025377677470243e-10,2.1516812637178973e-11,5.868646733279677e-09,1.946719230261351e-09,6.179950277410264e-09,1.96752947267953e-09
0.01830906403483823,0.001588552675445179,0.001221195399627018,1.1136818819373504e-06,1.1438585925683205e-06,1.1137241244796314e-06,1.1438763388045628e-06,1.3302515355917421e-07,1.4261935872597766e-07,1.3283376176786987e-07,1.424330970532255e-07,2.5702079353706608e-11,2.447660142924343e-11,3.935971992774512e-09,1.8522801807468425e-09,3.9630232429033185e-09,1.8767219268649245e-09
0.018309065490029752,0.0015877615784165423,0.0012212264773250325,1.113681920676021e-06,1.1438586278162805e-06,1.1137241648201223e-06,1.1438763749538339e-06,1.3302520557832441e-07,1.4261939895732212e-07,1.3283381380884936e-07,1.4243313728456997e-07,2.6120494698747507e-11,2.4481154950461992e-11,3.93926072645655e-09,1.8521348899014356e-09,3.966740328255926e-09,1.8765822229482865e-09
0.018310011364519596,0.0010735485098027908,0.0010222738944166017,1.1137071008120263e-06,1.1438798456188353e-06,1.1137503861391451e-06,1.1438976017359e-06,1.3305901802596054e-07,1.4264288179443406e-07,1.3286764044551092e-07,1.424566201216819e-07,2.9809046897533165e-10,3.797675586328431e-11,6.07693761978112e-09,1.8092584262998131e-09,6.382845807451076e-09,1.8472186998998344e-09
0.01831001281971112,0.0010724737951479553,0.0010219678135198196,1.1137071218753092e-06,1.1438798782616085e-06,1.1137504063967076e-06,1.1438976343924878e-06,1.330590343105959e-07,1.4264291792187578e-07,1.3286765668648774e-07,1.4245665624912363e-07,2.978924403831727e-10,3.799751832622711e-11,6.0764362369237165e-09,1.8091924625096567e-09,6.382121895651822e-09,1.8471735252489907e-09
0.018310958694200963,0.00037390926950486847,0.0009125104888021429,1.113720813009195e-06,1.1438981759983817e-06,1.1137635738123208e-06,1.1439155969128478e-06,1.3306961932357808e-07,1.4263007130921324e-07,1.3287821332141903e-07,1.4244379542560637e-07,1.6917385547987607e-10,2.5680856746701508e-11,5.750537379611842e-09,1.984340691763009e-09,5.9115792261366096e-09,2.010938304763954e-09
0.01831190602388233,0.0004045630487538032,0.0010414500238695723,1.113728187708527e-06,1.1439166864462804e-06,1.11376959921472e-06,1.143933900493721e-06,1.330517704900558e-07,1.4260677971833502e-07,1.3286036448789673e-07,1.4242048962387344e-07,1.0422353258210393e-10,3.882405161248492e-11,4.654895580102902e-09,2.0148791524121634e-09,4.761186112034466e-09,2.0530679378794048e-09
0.018312851898372173,0.0010329816553062976,0.0011573969951008678,1.1137417850771629e-06,1.1439374847793035e-06,1.1137825595142203e-06,1.1439549325586995e-06,1.3302657464464573e-07,1.4261014769090252e-07,1.3283514022077725e-07,1.4242385759644094e-07,3.1490832164138283e-10,2.916631866578534e-11,5.361419752603069e-09,1.8859112049796067e-09,5.676953129807316e-09,1.9150203645068586e-09
0.018313796317670494,0.0015079266595640003,0.001097350562915267,1.1137657888170008e-06,1.14395877905037e-06,1.113807759163767e-06,1.143976419371029e-06,1.3302836245762033e-07,1.4263211767229222e-07,1.3283691384475998e-07,1.4244582757783064e-07,1.643221183588429e-11,3.266347609054421e-11,5.075442395252594e-09,1.976426799998876e-09,5.090711873925522e-09,2.0096477815201297e-09
0.018313797772862017,0.0015086584700482186,0.0010971994819663914,1.1137658258027323e-06,1.1439588095584386e-06,1.1138077979921945e-06,1.1439764498041208e-06,1.3302836521233985e-07,1.4263213660552328e-07,1.3283691657761665e-07,1.424458465110617e-07,1.5972310279943613e-11,3.2648103347401655e-11,5.075001752175012e-09,1.976568516381095e-09,5.089808574609833e-09,2.009773073775333e-09
0.018314742192160338,0.0011574290097087214,0.000999147946146195,1.1137910048474012e-06,1.143978609294947e-06,1.113834173338546e-06,1.1439962008807925e-06,1.330598280446793e-07,1.426444242724756e-07,1.328683651991014e-07,1.42458134178014e-07,3.0968078101878405e-10,2.267119304788512e-11,5.51812773252891e-09,2.068542448441235e-09,5.831604976691551e-09,2.091087747402298e-09
0.018315685156267136,0.000325232594065028,0.0010281080607486373,1.11380498581415e-06,1.1439977260128702e-06,1.113848043132748e-06,1.1440150438172485e-06,1.3307997903666546e-07,1.426354000950764e-07,1.3288848776937812e-07,1.4244908162269848e-07,1.499755875045139e-10,2.030476684805117e-11,5.631688893004139e-09,1.9992990023333396e-09,5.777780920368514e-09,2.019526623657536e-09
0.01831568661145866,0.00032516307161154363,0.0010281527522835177,1.1138049946220692e-06,1.143997755513978e-06,1.1138480489045412e-06,1.1440150728958542e-06,1.3307994285364309e-07,1.4263538616887672e-07,1.3288845158635574e-07,1.424490676527057e-07,1.499535319206589e-10,2.0301114955767474e-11,5.630662858362274e-09,1.99919214516342e-09,5.776740171343092e-09,2.0194161898245966e-09
0.01831663103075698,0.0002800429993001785,0.001188900183444872,1.113810710961581e-06,1.1440186961289403e-06,1.1138517947983928e-06,1.1440359590918748e-06,1.330564600721118e-07,1.4262333971478607e-07,1.3286496880482446e-07,1.4243702119861506e-07,1.3563945799877075e-10,2.456969440934619e-11,4.964766375792351e-09,2.056735823361923e-09,5.101294053844185e-09,2.0814965764679106e-09
0.018316632485948503,0.0002815070019581721,0.0011891478682386492,1.1138107329595327e-06,1.1440187283949108e-06,1.1138518156118293e-06,1.144035991273995e-06,1.3305640379712712e-07,1.4262332115322351e-07,1.3286491250797693e-07,1.424370026370525e-07,1.359563219483794e-10,2.4576271573373276e-11,4.965354679215422e-09,2.0568244885055265e-09,5.102199215601698e-09,2.081592231917284e-09
0.018317576905246824,0.0012316447269959951,0.001271771263968935,1.1138250096301502e-06,1.1440419697901116e-06,1.1138653235320817e-06,1.1440594107625657e-06,1.3301988133207487e-07,1.4263343928178074e-07,1.328283758539328e-07,1.4244712076560972e-07,3.4160102524438685e-10,1.753258302428229e-11,5.347163600788463e-09,1.9579398102820278e-09,5.6896491962277196e-09,1.9746713153523388e-09
0.018318519869353622,0.001673727069618991,0.001109431187814795,1.1138524062433612e-06,1.1440644213121829e-06,1.1138948821098893e-06,1.1440823401189762e-06,1.330362522367068e-07,1.426588091389973e-07,1.3284473254771e-07,1.424724764338681e-07,3.055537073359815e-11,4.4496834349105486e-11,5.367851052540118e-09,1.8061869072802045e-09,5.39716804581758e-09,1.8507275510095476e-09
0.018318521324545145,0.001672487252003633,0.0011091806630059153,1.1138524432461533e-06,1.1440644559595936e-06,1.1138949211733173e-06,1.1440823755037854e-06,1.330363233128769e-07,1.4265884829001152e-07,1.3284480360198359e-07,1.424725155629858e-07,3.1246432337618805e-11,4.4538445848063546e-11,5.3669757876051145e-09,1.805952720701498e-09,5.3969848805729234e-09,1.8505362797682778e-09
0.018319464288651943,0.0008690854372517265,0.0008628354599935495,1.1138764210553963e-06,1.1440830513638138e-06,1.1139202342747012e-06,1.1441007927714963e-06,1.3308238067111233e-07,1.4266852588207257e-07,1.3289084677126084e-07,1.4248219315504684e-07,4.790543517430024e-10,2.688609231082939e-11,4.799804109723027e-09,1.8925492284438405e-09,5.278293802035705e-09,1.919808312322857e-09
0.01832040725275874,0.00011736413961571657,0.0008618778607964715,1.1138857229208378e-06,1.1440993147774393e-06,1.1139279649796663e-06,1.1441164573813214e-06,1.3308432755820832e-07,1.4264525599066588e-07,1.328927652366474e-07,1.4245892326364015e-07,7.720336175909281e-11,2.6537025233583062e-11,5.029908933806837e-09,2.040193541244171e-09,5.1075872420369706e-09,2.067193676636497e-09
0.018320408707950264,0.00011799805845004638,0.0008618763830199327,1.1138857323234357e-06,1.1440993398752997e-06,1.1139279719865591e-06,1.144116481555102e-06,1.3308427283875387e-07,1.4264522008033964e-07,1.328927104952964e-07,1.424588873533139e-07,7.76349147184426e-11,2.653648654982188e-11,5.03040095180654e-09,2.0404213874058996e-09,5.108513508804418e-09,2.0674211231863637e-09
0.018321351672057062,0.0005287774630957642,0.0011389869273052966,1.1138918252068282e-06,1.1441182072981421e-06,1.1139325124531751e-06,1.144135239883326e-06,1.3304881463227503e-07,1.4262198533288029e-07,1.328572380998594e-07,1.4243563839499984e-07,3.5728123237710463e-10,5.7160630395625134e-11,5.3492286156142654e-09,1.968675888974758e-09,5.708734374110236e-09,2.025214440593004e-09
0.01832229463616386,0.0014802814344108128,0.001321353472399478,1.1139107699111161e-06,1.1441414074250163e-06,1.1139514981550747e-06,1.1441587730587344e-06,1.3302931733960577e-07,1.4263736147768213e-07,1.3283774080719013e-07,1.4245100032894698e-07,3.085574296068927e-10,1.843269460677366e-11,5.2322528532045e-09,1.8867627460394942e-09,5.5380096064538975e-09,1.9050181432334057e-09
0.01832323760027066,0.001673655493036108,0.0011726181655241363,1.1139405104042929e-06,1.1441649246823956e-06,1.113983216782799e-06,1.1441827609814936e-06,1.330566448132231e-07,1.426749207666944e-07,1.3286505406995275e-07,1.4248855961795925e-07,1.3189267733526577e-10,4.8978668343302445e-11,4.9978901017766475e-09,1.8240042809480883e-09,5.1305741877172295e-09,1.8730077488982033e-09
0.018324179109185934,0.0007663079123680916,0.0009177478498614278,1.1139634828772842e-06,1.1441846056647923e-06,1.1140074320792337e-06,1.1442024288044195e-06,1.331013379513024e-07,1.4268844950038329e-07,1.3290973299717734e-07,1.425020741407934e-07,5.792887280975378e-10,3.4029837975291244e-11,4.997579683418962e-09,2.01419370071676e-09,5.577469153195125e-09,2.0493924335340807e-09
0.018325122073292732,-2.5183481977109068e-05,0.0008724781950419924,1.1139704714146495e-06,1.1442014868538262e-06,1.1140127753606066e-06,1.1442186860222137e-06,1.3309798418958962e-07,1.426646178970259e-07,1.3290636502460984e-07,1.424782283265813e-07,2.660192725822963e-11,1.362402812093988e-11,5.2581845544352745e-09,2.2452528725125376e-09,5.283929738197912e-09,2.2588448889138135e-09
0.018326063582208008,0.0004923810257275263,0.0010712872178313404,1.1139748776527307e-06,1.1442197875784804e-06,1.1140152726112981e-06,1.1442368759162491e-06,1.3305580051739643e-07,1.4263905256939324e-07,1.3286415297456788e-07,1.4245264878809394e-07,4.543168423957037e-10,2.6940694466959236e-11,5.094298930570695e-09,2.094731277324513e-09,5.550109969003981e-09,2.1211752354588498e-09
0.01832606503739953,0.0004931809708708101,0.0010715254710323512,1.1139748844629905e-06,1.144219821000217e-06,1.1140152764710365e-06,1.1442369098290152e-06,1.3305573531852133e-07,1.4263906798828042e-07,1.3286408773183211e-07,1.4245266420698111e-07,4.5497791645310315e-10,2.691288499426275e-11,5.094045629761013e-09,2.094710690666598e-09,5.550521375852213e-09,2.1211277302682734e-09
0.018327005091123283,0.0015623099804609986,0.0012254370388853353,1.1139942227400947e-06,1.1442414114421166e-06,1.1140351409177202e-06,1.1442588174759294e-06,1.3304062415015114e-07,1.4264902858940331e-07,1.3284896237457144e-07,1.42462624808104e-07,2.489534252369707e-10,8.947965632333243e-12,5.181673557000649e-09,2.08141170965348e-09,5.428158601294048e-09,2.090439377155917e-09
0.018327006546314806,0.0015639649789278565,0.0012252667544391934,1.113994252675508e-06,1.1442414455037852e-06,1.1140351716676378e-06,1.1442588520915507e-06,1.3304060075824964e-07,1.4264907499981448e-07,1.328489389607057e-07,1.4246267119655092e-07,2.4863450187595504e-10,8.977083716607922e-12,5.181809203946841e-09,2.081290965435147e-09,5.42796918523436e-09,2.090346940364397e-09
0.018327946600038558,0.0016480188427919315,0.0011152630022315257,1.1140244482721752e-06,1.1442634493416836e-06,1.1140674088268276e-06,1.1442812137829605e-06,1.330743845065026e-07,1.4267905612541654e-07,1.3288270852006818e-07,1.4249263813326252e-07,1.4145526734327213e-10,2.7787366158049664e-11,4.704840338718557e-09,2.003290200391916e-09,4.846171466869e-09,2.0306327730423845e-09
0.01832794805523008,0.0016481489571322783,0.0011150260722581715,1.114024495014585e-06,1.1442634795693922e-06,1.1140674587295507e-06,1.1442812436543088e-06,1.3307443680332653e-07,1.4267906704163724e-07,1.328827607949279e-07,1.4249264900555476e-07,1.4128935521551256e-10,2.77645849690309e-11,4.704101996821919e-09,2.0033005400516647e-09,4.845270851205896e-09,2.0306217730830692e-09
0.018328888108953834,0.0006884300134784548,0.0009619693094713444,1.1140464601122065e-06,1.1442830066690893e-06,1.1140903097839328e-06,1.1443005405453732e-06,1.331136729731952e-07,1.4268611892021e-07,1.3292198275394185e-07,1.4249967250634654e-07,5.118303558759862e-10,1.3047936862908838e-11,4.903539796430323e-09,2.0099799602490975e-09,5.417434056909087e-09,2.0235157993653274e-09
0.018329828162677586,4.522845533404252e-05,0.0010468880803258251,1.1140533475361476e-06,1.144301891007787e-06,1.1140954177845086e-06,1.1443189578130841e-06,1.3310625218346976e-07,1.4266505843352206e-07,1.329145619642164e-07,1.424786120196586e-07,2.2286027002660932e-11,2.061461071289905e-11,5.08821929120806e-09,2.0760844154921188e-09,5.1078258154089165e-09,2.0963646374383416e-09
0.01832982961786911,4.423278728737934e-05,0.0010472087976442419,1.1140533581977945e-06,1.1443019244958224e-06,1.1140954256916302e-06,1.1443189913744226e-06,1.3310624069617916e-07,1.4266504325624137e-07,1.329145504769258e-07,1.424785968204137e-07,2.152821844403352e-11,2.0612064970002124e-11,5.088505172778923e-09,2.0758515226183192e-09,5.107346545685232e-09,2.0961293072217538e-09
0.01833076967159286,0.0005912866621926582,0.001254392185341402,1.1140593324220445e-06,1.1443235577666538e-06,1.1140998594783014e-06,1.144340671999089e-06,1.3306772927990096e-07,1.4265523873291386e-07,1.328760390606476e-07,1.424687781081957e-07,4.0638012399618617e-10,1.8967515058587736e-11,4.751393500868062e-09,1.9254027261439433e-09,5.1601243278298625e-09,1.9441059873059885e-09
0.018331709725316614,0.0014815770277607498,0.0012951486122751987,1.1140788184543503e-06,1.1443475248198604e-06,1.1141200957354158e-06,1.144365114669199e-06,1.3305781010330975e-07,1.4267514814036986e-07,1.3286610567320167e-07,1.424886875156517e-07,2.1278594164453324e-10,1.2340397800847391e-11,5.015155846166408e-09,1.9761143832397465e-09,5.2253974480720444e-09,1.9885681989961768e-09
0.018332648323848844,0.0015006630787326618,0.001122146260654322,1.114106809993956e-06,1.1443702135140574e-06,1.114149608556911e-06,1.1443879657235811e-06,1.3308844384446752e-07,1.426959386208182e-07,1.3289673941435945e-07,1.4250946378524532e-07,1.4303554616964322e-10,2.925333239534034e-11,4.541542458236374e-09,1.7949887132218123e-09,4.685436967203707e-09,1.8232135801099503e-09
0.018332649779040366,0.0015006926695093625,0.0011219011200275552,1.1141068533916918e-06,1.1443702438683582e-06,1.1141496543132234e-06,1.1443879958171557e-06,1.3308849133863987e-07,1.4269593479312668e-07,1.328967869085318e-07,1.4250945993555556e-07,1.4292740602162013e-10,2.922618670392238e-11,4.540808173914002e-09,1.7948337353680766e-09,4.684599819171353e-09,1.8230336289407455e-09
0.018333588377572596,0.0007106150646598163,0.0009637854157629189,1.1141275971964855e-06,1.1443898223924566e-06,1.1141711078642334e-06,1.1444074061728315e-06,1.3311878454724194e-07,1.4269346593209775e-07,1.329270517394209e-07,1.4250697688567016e-07,4.4229411230422124e-10,1.1717215739337483e-11,5.003560435604169e-09,1.6948730197086093e-09,5.4477119932419834e-09,1.7069651248036166e-09
0.01833358983276412,0.0007093901381406698,0.0009638291275279916,1.1141276293574231e-06,1.144389850853218e-06,1.1141711411255528e-06,1.1444074341545764e-06,1.3311883151345683e-07,1.4269344230600183e-07,1.3292709866163932e-07,1.4250695325957423e-07,4.4275824673256636e-10,1.1724341628913176e-11,5.004277880971131e-09,1.69509749357088e-09,5.448895112891705e-09,1.7071963885561748e-09
0.01833452843129635,5.935166921820117e-05,0.0009920232159998932,1.1141348352974391e-06,1.144408208044329e-06,1.1141772707115557e-06,1.1444254823800293e-06,1.3312026458796212e-07,1.4267820347413362e-07,1.3292851754728814e-07,1.4249171442770603e-07,3.556477701670123e-11,1.6320540405234674e-11,5.111291123407826e-09,1.8398831347354871e-09,5.145116129499379e-09,1.8563615089561836e-09
0.01833452988648787,5.834385763847649e-05,0.0009922390768088603,1.114134846469439e-06,1.144408238942071e-06,1.1141772802147898e-06,1.1444255132252954e-06,1.3312026680978306e-07,1.4267819404429516e-07,1.3292851974711084e-07,1.4249170497583523e-07,3.493346931171537e-11,1.632208014579195e-11,5.111457035411604e-09,1.8397182001750765e-09,5.144645154331329e-09,1.8561974229848444e-09
0.018335467029828578,0.0004423270884905966,0.0011312534377836414,1.114139544061561e-06,1.1444281370878366e-06,1.1141800044686872e-06,1.1444453775766306e-06,1.3308658254544745e-07,1.4267212122831552e-07,1.3289483548277523e-07,1.424856179710332e-07,3.730157536373074e-10,1.7313673064678348e-11,5.3223299834554e-09,1.7335003432705776e-09,5.699618328379721e-09,1.7505260574424142e-09
0.0183354684850201,0.00044292333574347253,0.0011313786536825622,1.1141395513559587e-06,1.1444281711869194e-06,1.1141800086988951e-06,1.14444541194707e-06,1.3308653024068917e-07,1.4267213768646818e-07,1.3289478317801695e-07,1.4248563440715354e-07,3.735407261284962e-10,1.7300174529109534e-11,5.322657425921307e-09,1.7338236259287576e-09,5.700480087966753e-09,1.7508382413129e-09
0.018336405628360808,0.0015446536292451187,0.001212017692587608,1.1141581938334132e-06,1.1444501309962725e-06,1.1141988514550187e-06,1.1444675465099863e-06,1.330621112773692e-07,1.4268273673678777e-07,1.328703500258746e-07,1.4249621926865075e-07,2.2850294399958944e-10,8.607117622794203e-12,5.516676713379115e-09,1.9420176577966686e-09,5.74032185781558e-09,1.951884653905722e-09
0.01833640708355233,0.0015463643905704316,0.001211915058447901,1.1141582227813597e-06,1.1444501653073073e-06,1.114198880713957e-06,1.1444675810566843e-06,1.330620733597243e-07,1.4268276399078357e-07,1.3287031208619737e-07,1.424962465006142e-07,2.2827773005218432e-10,8.617400349499199e-12,5.516977985564608e-09,1.9420489530042654e-09,5.74038372391783e-09,1.951922183919272e-09
0.018337344226893038,0.0017016599428529844,0.0011458186724766506,1.1141886614251048e-06,1.1444722616137873e-06,1.1142317362100584e-06,1.1444898291301797e-06,1.330957104528352e-07,1.4270031556407048e-07,1.3290393496845354e-07,1.4251378388507874e-07,1.5949706833051636e-10,1.523947634751721e-11,4.407842535414375e-09,1.9622030666965884e-09,4.567238587327438e-09,1.9760915126454393e-09
0.018338282825425267,0.0005575716610835002,0.001021431218452662,1.114209866539779e-06,1.1444926033894532e-06,1.1142539051434142e-06,1.1445101790741319e-06,1.3313879776433168e-07,1.4270842996211286e-07,1.3294700806909532e-07,1.425218840722664e-07,5.319892304456175e-10,1.6223813958937683e-11,4.970869049714111e-09,1.509883884587282e-09,5.50607337501674e-09,1.5251164775520465e-09
0.018339219968765974,-8.20258992799694e-05,0.001012050701419298,1.1142143230852177e-06,1.1445116600298498e-06,1.1142561788801686e-06,1.1445290510891937e-06,1.331241321622656e-07,1.4270078452227608e-07,1.329323140453198e-07,1.425142244215749e-07,1.8985634245294314e-11,1.3401924535416665e-11,5.318110840590862e-09,1.5887844373452253e-09,5.334171770954299e-09,1.6032540850474675e-09
0.01834015711210668,0.0006263496355032316,0.0011175921935198119,1.1142194241788635e-06,1.1445316178364205e-06,1.1142595894853002e-06,1.1445488325989572e-06,1.3308314805726695e-07,1.4269083692397544e-07,1.3289130151861173e-07,1.4250427682327427e-07,4.899030625615808e-10,2.121808805044534e-11,4.8396007201745306e-09,1.7610403135748243e-09,5.3333883975881236e-09,1.7823458264842884e-09
0.01834109571063891,0.001509404290834231,0.0011817679371617373,1.1142394831840046e-06,1.1445531995968577e-06,1.1142807025037546e-06,1.1445706604717998e-06,1.330756847187542e-07,1.4269627968133136e-07,1.328838239912425e-07,1.4250970536977547e-07,2.6389079058337007e-10,2.113754657417921e-11,5.8423467178654295e-09,1.7865197099453667e-09,6.104660937746465e-09,1.8078673003074641e-09
0.018341097165830433,0.0015107733678192403,0.001181666012407299,1.1142395142832375e-06,1.1445532330371336e-06,1.1142807352371165e-06,1.144570694241918e-06,1.3307567314768676e-07,1.4269630313034668e-07,1.3288381239817681e-07,1.425097288187908e-07,2.63540383960148e-10,2.1145844061422898e-11,5.8439013628230896e-09,1.7865587045003165e-09,6.105856709126556e-09,1.8079145412468083e-09
0.018342031398788095,0.001524674135177455,0.0011162303200578094,1.1142678726365059e-06,1.144574701694219e-06,1.1143105883752222e-06,1.1445923746578046e-06,1.3310498711314603e-07,1.427113573981842e-07,1.3291308379737453e-07,1.425247830866283e-07,1.4822824283880355e-10,2.647283087187091e-11,4.950394740063624e-09,1.8115932087781061e-09,5.096715733056209e-09,1.8382432243058133e-09
0.018342032853979617,0.0015246957874630596,0.0011160566482126724,1.1142679168083957e-06,1.1445747325532428e-06,1.1143106348754372e-06,1.1445924053744346e-06,1.3310503277352836e-07,1.4271136507734172e-07,1.3291312939145428e-07,1.4252479074371927e-07,1.4804862891182324e-10,2.6465908724513356e-11,4.949002985199513e-09,1.8119761921056972e-09,5.095143862376972e-09,1.838621294034546e-09
0.0183429685421288,0.000757945179279895,0.0010043856517896188,1.11428926405172e-06,1.1445945749055812e-06,1.114332655874678e-06,1.1446121561675682e-06,1.3313560961203604e-07,1.4271630277562508e-07,1.329436778523856e-07,1.4252971425321448e-07,5.532152393188769e-10,2.2014967973604804e-11,4.889911116465213e-09,2.0582344717468004e-09,5.444683772160767e-09,2.081720129609721e-09
0.018342969997320324,0.0007567527211023162,0.0010043955258793385,1.1142892972511653e-06,1.1445946042295852e-06,1.1143326901219552e-06,1.1446121851188746e-06,1.3313565716543962e-07,1.427162835777313e-07,1.329437253616561e-07,1.425296950553207e-07,5.538453584641445e-10,2.201349501020414e-11,4.889819216202795e-09,2.05861779383033e-09,5.4452273801075535e-09,2.082099361797127e-09
0.018343905685469508,6.003762794359879e-06,0.001010744565569155,1.1142964342731923e-06,1.1446134595642197e-06,1.1143391702717054e-06,1.1446308008089545e-06,1.3314088675997482e-07,1.4270393933202286e-07,1.3294892653448187e-07,1.4251735080961225e-07,4.567416583833861e-11,2.1066379543577263e-11,4.742646719790855e-09,2.3050938935398335e-09,4.783300866506579e-09,2.3259456582991334e-09
0.018344841373618692,0.00026793671192005105,0.001141261074110389,1.114299001313376e-06,1.14463359562596e-06,1.1143395108026216e-06,1.1446508096923935e-06,1.3311022478873813e-07,1.4268978532072651e-07,1.3291826456324518e-07,1.425031825874612e-07,3.5884377061642954e-10,2.452389506746311e-11,4.274551503648241e-09,2.0717938475911524e-09,4.639112184118656e-09,2.0955588375670686e-09
0.018344842828810215,0.00026834407264964,0.001141364689033894,1.1142990053056626e-06,1.1446336298105412e-06,1.1143395113322185e-06,1.1446508443465462e-06,1.3311017710293527e-07,1.4268979798452084e-07,1.3291821687744232e-07,1.4250319525125552e-07,3.5933081510286513e-10,2.451753305139967e-11,4.273823517308983e-09,2.071717585801803e-09,4.638887940444647e-09,2.095477569932318e-09
0.018345777061767876,0.0013844251067165769,0.0012078854699240082,1.114314462261167e-06,1.1446555763117793e-06,1.1143548351863793e-06,1.144673092312587e-06,1.3308338873566175e-07,1.4269792814047833e-07,1.328914001326611e-07,1.42511325407213e-07,2.9399490138886127e-10,2.043311873867193e-11,5.709217715833542e-09,2.0227575170395085e-09,6.001810861674756e-09,2.0433037484224315e-09
0.0183457785169594,0.0013861635506948744,0.00120771503910113,1.1143144863374216e-06,1.1446556098711722e-06,1.114354859055311e-06,1.144673126259512e-06,1.3308334700923297e-07,1.4269796420908625e-07,1.328913583620306e-07,1.4251136145372006e-07,2.9389313205285816e-10,2.045526035792971e-11,5.711453532342148e-09,2.022737316505676e-09,6.003933794573868e-09,2.043305352806933e-09
0.01834671274991706,0.0017111976765071743,0.0010982984508132176,1.114343427636693e-06,1.144677155001424e-06,1.1143863013338481e-06,1.1446949201854295e-06,1.3311779730358684e-07,1.4272112025537353e-07,1.3292579446763061e-07,1.425345033112535e-07,8.452757288393292e-11,3.4670179921425515e-11,4.16572581026629e-09,2.009768573785209e-09,4.245413340384996e-09,2.044335367656913e-09
0.018346714205108583,0.0017117039601922401,0.0010981223927640485,1.1143434727165983e-06,1.1446771853161995e-06,1.1143863503093598e-06,1.1446949500193978e-06,1.3311785096448148e-07,1.4272112270476e-07,1.3292584810642438e-07,1.425345057385734e-07,8.420145830578818e-11,3.4648452655347084e-11,4.163318134686733e-09,2.0096983704527587e-09,4.24267421195168e-09,2.044243014685542e-09
0.018347649893257767,0.0007136752144394354,0.0009849170671483165,1.114366166702108e-06,1.1446966777169231e-06,1.114409997171606e-06,1.1447141332610045e-06,1.331630272716211e-07,1.4272269766024692e-07,1.329710102027093e-07,1.4253606650527217e-07,4.39498049065179e-10,2.0677820566916694e-11,4.568278644256907e-09,1.9645576276872134e-09,5.0146780061766094e-09,1.9848600540939287e-09
0.018348584126215428,3.857402414375599e-05,0.0010790067176806506,1.1143731944624186e-06,1.1447159609423266e-06,1.1144153404529789e-06,1.1447332029461822e-06,1.3315334967956005e-07,1.4270121588691424e-07,1.3296131839979353e-07,1.4251457054318564e-07,4.994696323201708e-11,2.8786341792422185e-11,5.241045375470321e-09,1.8178413680171098e-09,5.2848116993686745e-09,1.8460926003711323e-09
0.01834858558140695,3.937446995435943e-05,0.0010791532747687071,1.114373203074747e-06,1.1447159909785033e-06,1.1144153468180272e-06,1.1447332326497417e-06,1.3315330121236816e-07,1.427011824262081e-07,1.3296126991050077e-07,1.4251453706037864e-07,5.028312538249187e-11,2.8798971887789016e-11,5.238803635930513e-09,1.8176128380176237e-09,5.282920594850143e-09,1.8458764516893211e-09
0.018349519814364612,0.0005532606803617668,0.0012394537796982519,1.1143787321896115e-06,1.1447376521697647e-06,1.1144194331791368e-06,1.1447549468357465e-06,1.3312218527516961e-07,1.4269306802816573e-07,1.3293013978454837e-07,1.4250640845148155e-07,2.6609922598730407e-10,1.8370764978681287e-11,3.799606851373483e-09,1.7687261655296993e-09,4.068831493952985e-09,1.7874915991811235e-09
0.01835045259213075,0.0013139989963932355,0.0011944587900729788,1.1143961495727124e-06,1.1447603545102997e-06,1.1144372820126591e-06,1.1447781028258523e-06,1.331130050630236e-07,1.4271332951950817e-07,1.3292095957240235e-07,1.4252665575410457e-07,2.555454181596417e-10,2.4859202980885776e-11,5.979806871891924e-09,2.070187347092583e-09,6.240568950488523e-09,2.0963473205531363e-09
0.018350454047322273,0.0013143113728975575,0.0011943885950813637,1.1143961907334408e-06,1.1447603899273675e-06,1.1144373252207407e-06,1.1447781389506417e-06,1.3311303485712087e-07,1.4271336112869903e-07,1.3292098934436433e-07,1.4252668734116014e-07,2.5523405365350964e-10,2.4869325349063942e-11,5.978607503146379e-09,2.070657645347751e-09,6.239038258681227e-09,2.0968291547518447e-09
0.01835138682508841,0.0015145447121680256,0.0009736762401111902,1.1144225747602597e-06,1.1447806099423181e-06,1.1144650216010632e-06,1.144798457196862e-06,1.3313213287347025e-07,1.4273421854625743e-07,1.329400731719943e-07,1.4254754475871854e-07,5.5649405222846227e-11,3.458419535845459e-11,5.2098121372523565e-09,2.0844909816933243e-09,5.2578648102041825e-09,2.1178568369433753e-09
0.018351388280279934,0.0015136866953680684,0.0009733319150644348,1.1144226108234364e-06,1.1447806414868032e-06,1.1144650589654288e-06,1.144798488894594e-06,1.3313218276640878e-07,1.4273425108513038e-07,1.3294012304279752e-07,1.425475772975915e-07,5.615671548946086e-11,3.459935116190138e-11,5.2094449494906785e-09,2.084512562561258e-09,5.258029568684492e-09,2.117889641439774e-09
0.018352321058046073,0.0009636979265955636,0.0008822704895520626,1.114445727319762e-06,1.1447979488083432e-06,1.1144890095238225e-06,1.144815288338396e-06,1.3316416413999832e-07,1.4272278659983296e-07,1.3297209022766765e-07,1.4253609862357466e-07,3.8134259638944457e-10,1.4804064559549608e-11,4.974077594255277e-09,1.8617627477754876e-09,5.36363975456311e-09,1.876833718207657e-09
0.018352322513237596,0.0009625733925101704,0.000882128428045803,1.1144457448776591e-06,1.1447979758088449e-06,1.1144890263728858e-06,1.1448153145465767e-06,1.331641738060399e-07,1.427227687145205e-07,1.329720998493696e-07,1.425360807161269e-07,3.8084910829540864e-10,1.4773182677174646e-11,4.976034036543744e-09,1.8614152441642773e-09,5.365079761976127e-09,1.8764576559249235e-09
0.01835325383581221,0.00024287157785851665,0.0010722529878521446,1.1144569819318326e-06,1.1448161829375182e-06,1.114499809773406e-06,1.1448332211089294e-06,1.3317036007265415e-07,1.4269789219277107e-07,1.3297825773861405e-07,1.4251119002779332e-07,6.501672811243253e-11,3.700298461547662e-11,6.228157101162424e-09,2.053005013481971e-09,6.286684506306983e-09,2.090437268769762e-09
0.018353256746195257,0.00024333762028693094,0.0010728471271015394,1.114457000422741e-06,1.1448162398347952e-06,1.1144998225233318e-06,1.1448332770669367e-06,1.331702679013161e-07,1.426978144536406e-07,1.3297816547873485e-07,1.4251111224439228e-07,6.546266375978878e-11,3.707245274653381e-11,6.2204754272431056e-09,2.053603731511089e-09,6.2794640128065444e-09,2.091105955059902e-09
0.018354188068769872,0.000392471197379507,0.0012900008992176636,1.114462917513433e-06,1.1448382487318713e-06,1.114503902499564e-06,1.1448555249248523e-06,1.331407730731371e-07,1.42701276492755e-07,1.3294864231738757e-07,1.4251458847219156e-07,2.0816207091378658e-10,1.6679216331666077e-11,3.762339773061285e-09,2.0282492166982326e-09,3.968906092666202e-09,2.044649096938676e-09
0.018354189523961395,0.00039385167578562133,0.001290340201986595,1.1144629418126438e-06,1.144838283120773e-06,1.1145039262656112e-06,1.1448555596871302e-06,1.3314073505189554e-07,1.427012819021911e-07,1.329486042739762e-07,1.425145939037975e-07,2.0817455014100655e-10,1.6647351899767848e-11,3.765499532913215e-09,2.0282096002688377e-09,3.9720934643363204e-09,2.0445765080978617e-09
0.01835512084653601,0.001277357855698824,0.001239438291225891,1.1144784933075726e-06,1.1448618427782476e-06,1.1145191365358187e-06,1.1448796236967123e-06,1.3311640145730053e-07,1.4273248282027535e-07,1.3292425649069628e-07,1.4254578063319684e-07,2.1616125556178645e-10,2.8590644501852334e-11,5.787745838148339e-09,2.03492262180981e-09,6.012011333211831e-09,2.06369930816517e-09
0.018355122301727533,0.001277828774781144,0.0012393587569903275,1.1144785348762074e-06,1.1448618795902125e-06,1.114519181230176e-06,1.1448796612967271e-06,1.331164363304276e-07,1.4273253157170984e-07,1.3292429134165355e-07,1.4254582936246152e-07,2.1589836277095986e-10,2.860930589654309e-11,5.786720444476478e-09,2.0349331109059676e-09,6.010694914925266e-09,2.0637291875402752e-09
0.01835605362430215,0.0015792169874657702,0.0010025978379509394,1.1145051388025827e-06,1.1448827559927695e-06,1.1145477856189245e-06,1.1449005470408926e-06,1.3313875513176754e-07,1.4275249505135717e-07,1.3294659595430858e-07,1.4256577865342398e-07,4.764697664194628e-11,3.535527733271101e-11,5.130468494485285e-09,1.982089349298154e-09,5.1681872115239e-09,2.017037329325475e-09
0.01835605507949367,0.0015780969184494083,0.0010022278990149402,1.1145051742997923e-06,1.1448827886121485e-06,1.114547822274961e-06,1.144900579674868e-06,1.3313881348038597e-07,1.4275252624429413e-07,1.32946654302927e-07,1.425658098241911e-07,4.8023688100356566e-11,3.536581791308002e-11,5.129792677173861e-09,1.982006780920642e-09,5.1679192963772734e-09,2.0169643732970144e-09
0.01835698785725981,0.0008601326789614561,0.0008996339727946889,1.114527928011119e-06,1.1449005287568314e-06,1.114571318794333e-06,1.1449178600742016e-06,1.331762149447968e-07,1.42734918995302e-07,1.3298405576733785e-07,1.4254820257519896e-07,2.8949573294134723e-10,1.3081857645758088e-11,4.696593780550984e-09,2.0009285339739336e-09,4.996185687389243e-09,2.0144650392239782e-09
0.018357919179834425,0.0003399581860321632,0.0010542267050746013,1.1145391047282606e-06,1.144918725502401e-06,1.1145812095492147e-06,1.1449358225945616e-06,1.3316955005393538e-07,1.4270695203322248e-07,1.329773766656217e-07,1.4252022140226472e-07,5.6853594748718095e-11,2.649216609973415e-11,6.748971159709072e-09,2.1089576751620598e-09,6.801492702379619e-09,2.135587040541509e-09
0.01835885050240904,0.0007164077613310837,0.001202481548824897,1.114548942902799e-06,1.1449397448932047e-06,1.114590077122557e-06,1.1449571623766439e-06,1.3314162572442e-07,1.4271248562033154e-07,1.3294943812525162e-07,1.4252575498937379e-07,1.4604784048799502e-10,1.485159892774332e-11,4.2797081434287065e-09,2.0498888497547433e-09,4.4228771756138485e-09,2.0643667150125867e-09
0.018358851957600564,0.0007171506426956221,0.001202713197018257,1.114548970671631e-06,1.1449397777360028e-06,1.1145901055442664e-06,1.1449571957200533e-06,1.3314162150557252e-07,1.427124942665614e-07,1.3294943388419966e-07,1.4252576363560365e-07,1.4602629168792431e-10,1.4833410541537084e-11,4.282612714456846e-09,2.0497965547150443e-09,4.425777222483162e-09,2.0642554332539476e-09
0.018359781824983656,0.00119185183463566,0.0011214733627588516,1.1145667149551985e-06,1.144961388406549e-06,1.1146082670165924e-06,1.1449791029960466e-06,1.3313892566202412e-07,1.427400344367058e-07,1.3294672385200101e-07,1.425532896170978e-07,1.322566084427379e-10,2.605257651863528e-11,6.1386336014379594e-09,2.0263271970077936e-09,6.278907171974879e-09,2.0525059006570865e-09
0.01835978328017518,0.0011918390487877166,0.001121346226867992,1.1145667495235746e-06,1.144961422226065e-06,1.1146083028990007e-06,1.1449791372797335e-06,1.3313895488309413e-07,1.4274007753556361e-07,1.329467530286621e-07,1.4255333269375114e-07,1.3212195106959528e-10,2.607013389888113e-11,6.137573668046903e-09,2.0262904687484706e-09,6.277683770039566e-09,2.0524875132821307e-09
0.018360713147558272,0.0011836688919519833,0.0010046203738163298,1.1145888387159898e-06,1.1449811891974755e-06,1.1146312317578122e-06,1.144998660862484e-06,1.3315762714682933e-07,1.427448449220492e-07,1.329653969150968e-07,1.4255810008023672e-07,4.6075889631458367e-11,1.6498839702219423e-11,5.4602762311617425e-09,1.977845096035047e-09,5.495929933374555e-09,1.9938400576402502e-09
0.018360714602749795,0.0011831725550146765,0.0010044377042497388,1.1145888685355679e-06,1.144981220131703e-06,1.1146312619087676e-06,1.1449986914158217e-06,1.3315765472608559e-07,1.4274485238274792e-07,1.3296542447218323e-07,1.4255810754093545e-07,4.6214543524167823e-11,1.6483861151050938e-11,5.4586934833617e-09,1.9777692816802528e-09,5.494512837777855e-09,1.993748277584473e-09
0.01836164592532441,0.0008655169151383368,0.0010783129491684917,1.1146079530655852e-06,1.1450006172587112e-06,1.1146505585202249e-06,1.145017790804559e-06,1.3317530545009504e-07,1.427254829877711e-07,1.3298306100750779e-07,1.4253873814595863e-07,1.3495303485822063e-10,2.4224480060786036e-11,4.445734891334041e-09,1.8884918073780455e-09,4.587571655889633e-09,1.9127335271207357e-09
0.018362575792707503,0.0005230364753732175,0.0012126389020892248,1.1146208647706604e-06,1.1450219200727385e-06,1.114663177759212e-06,1.1450392776168883e-06,1.3317514913069317e-07,1.4272018233896233e-07,1.329828762663965e-07,1.4253343749714986e-07,2.919122929490037e-11,1.6685363160573452e-11,6.476348790585007e-09,1.9316834798388527e-09,6.505169292125856e-09,1.9484753810417033e-09
0.018363505660090595,0.0005797455419127573,0.0011526508495158794,1.1146311191809457e-06,1.1450439141306543e-06,1.1146726137667429e-06,1.1450616739239194e-06,1.3315715818862373e-07,1.4273952331222972e-07,1.3296487111347233e-07,1.4255276425956254e-07,7.272482616116349e-11,3.580565705041394e-11,4.5892818434367655e-09,1.9120818262052808e-09,4.656439234196341e-09,1.947934480384106e-09
0.01836443698266521,0.000983571439149955,0.0009366281659883846,1.1146456787049031e-06,1.1450633720577725e-06,1.1146870519951335e-06,1.1450811143731698e-06,1.331529233539186e-07,1.4275381943207321e-07,1.3296062206791248e-07,1.4256706037940603e-07,3.7690139204071826e-11,4.2262755794997275e-11,5.270632374987372e-09,2.072508609174406e-09,5.314359619035258e-09,2.1158486074313032e-09
0.01836536539485678,0.0010468328705215413,0.0008561447532059547,1.1146645292260522e-06,1.1450800152089337e-06,1.114706833504897e-06,1.1450973461493086e-06,1.3317212221863883e-07,1.427427948778251e-07,1.329797925109233e-07,1.425560216365424e-07,3.687992272682905e-11,2.6191905783210787e-11,5.381979306662288e-09,2.2680261789665077e-09,5.414115378243878e-09,2.294135877268373e-09
0.018365366850048304,0.0010463142059019147,0.000856018603656139,1.1146645548700054e-06,1.1450800412953775e-06,1.1147068594802934e-06,1.145097371590964e-06,1.331721401656807e-07,1.427427775979595e-07,1.3297981041348675e-07,1.425560043344376e-07,3.687143629127024e-11,2.6166716363129616e-11,5.381373637782606e-09,2.268332632837655e-09,5.413515292100695e-09,2.294415324399779e-09
0.018366295262239873,0.0007154061785801247,0.001023400210428349,1.114680915712182e-06,1.1450974900487781e-06,1.1147234317832044e-06,1.14511453830346e-06,1.33183590378394e-07,1.427183775604135e-07,1.3299123224896903e-07,1.4253159008603689e-07,3.145709040475175e-11,5.4957309536529664e-11,4.994956892545588e-09,2.1127326554903902e-09,5.030660332749903e-09,2.167169110833811e-09
0.018367225129622966,0.0007515612029393992,0.0012267991063694694,1.1146945565633833e-06,1.1451184139182797e-06,1.1147359373353538e-06,1.1451356840552762e-06,1.3316804370333557e-07,1.4271456905134983e-07,1.3297564294134645e-07,1.4252779578782793e-07,2.915693728122726e-11,3.374237694808713e-11,6.1820686347857645e-09,2.033572421566987e-09,6.210790548522027e-09,2.0670509748299537e-09
0.018368153541814536,0.001137827766803114,0.0011924143287984634,1.114712103501843e-06,1.145140874190752e-06,1.1147537582364292e-06,1.145158648796496e-06,1.331580691066349e-07,1.4274132809077855e-07,1.3296566834464578e-07,1.4255452640554722e-07,2.7663351678048162e-11,4.658162744419769e-11,5.000943544512654e-09,1.9154449137914753e-09,5.026351529739809e-09,1.9614918578270135e-09
0.01836815499700606,0.0011384332002887937,0.0011919519342060794,1.1147121310048812e-06,1.14514090459492e-06,1.114753786168876e-06,1.1451586793976479e-06,1.3315805347247078e-07,1.4274136901092358e-07,1.3296565271048166e-07,1.4255456730345303e-07,2.766101063478299e-11,4.6628321411356885e-11,4.999092251267712e-09,1.915197064059084e-09,5.024495042249555e-09,1.961291266588037e-09
0.018369081954006106,0.0009562276740696096,0.0008974065788573869,1.1147315476104834e-06,1.1451602720499128e-06,1.1147743634865037e-06,1.1451781723314322e-06,1.331831214201884e-07,1.427674351433095e-07,1.3299069223648985e-07,1.4258061926946267e-07,6.815693842643356e-11,7.63723784917628e-11,6.358091830804824e-09,1.757316784525829e-09,6.433893862123341e-09,1.833514647360059e-09
0.01836908340919763,0.0009555150218039754,0.0008969441842650028,1.1147315688136506e-06,1.1451603024540809e-06,1.1147743837686625e-06,1.145178202932584e-06,1.3318313803287772e-07,1.4276747606345452e-07,1.3299070882693995e-07,1.4258066016736848e-07,6.810480804765094e-11,7.641907245892199e-11,6.357818344823962e-09,1.7570689347934376e-09,6.433542488176883e-09,1.8333140561210826e-09
0.0183700118213892,0.0005008428763293438,0.0006970409914792697,1.1147450964342801e-06,1.1451751012067843e-06,1.114787323786004e-06,1.145192527474137e-06,1.3319373692866066e-07,1.427598732561819e-07,1.330012935341074e-07,1.4257304314924113e-07,3.484562638433886e-11,3.5231526029910754e-11,6.183334289033837e-09,1.9060368838808017e-09,6.209365910336828e-09,1.9422075059338795e-09
0.018370938778389245,0.0008223935622240219,0.000901754457359516,1.1147573622670744e-06,1.1451899213531137e-06,1.114798351409263e-06,1.1452067383288522e-06,1.3317117009137291e-07,1.4272465875819762e-07,1.3297872669681965e-07,1.4253781444040214e-07,9.129226541393365e-11,8.825421643487985e-11,4.588134316918513e-09,2.13934492343526e-09,4.681662169048195e-09,2.2283326295280403e-09
0.018371867190580815,0.0013727176355935455,0.001265662464476236,1.1147777419470535e-06,1.145210043916058e-06,1.1148193834742415e-06,1.1452270882728044e-06,1.331660115511113e-07,1.4271245163399726e-07,1.3297355394570332e-07,1.4252560731620179e-07,7.881134633791476e-11,7.062327112006273e-11,5.756226606479231e-09,2.1662849292169994e-09,5.835098182416232e-09,2.2363859653040663e-09
0.018372794147580862,0.0011845260725943736,0.001300479226314627,1.1148014437580673e-06,1.145233830946092e-06,1.1148442418675373e-06,1.1452516446297523e-06,1.3318658499305125e-07,1.4275182991241309e-07,1.3299411319906263e-07,1.425649855946176e-07,7.097941609251008e-11,6.72017441694095e-11,4.76601531768704e-09,2.0747057405401392e-09,4.834682200385932e-09,2.141983923564794e-09
0.018372795602772385,0.0011842306384295398,0.0012999267773599848,1.1148014809665618e-06,1.1452338636660154e-06,1.1148442808917025e-06,1.1452516777735639e-06,1.3318661729044834e-07,1.4275189829379863e-07,1.3299414547418564e-07,1.425650539537291e-07,7.096712106857694e-11,6.729125481316897e-11,4.7644608258679e-09,2.07471465921576e-09,4.8331116886402015e-09,2.142082478306313e-09
0.018373722559772432,0.0006884264628865822,0.000948016793252876,1.1148188396926493e-06,1.1452547062572645e-06,1.1148615612910362e-06,1.1452727903815685e-06,1.332038692680726e-07,1.4279545723638876e-07,1.3301136903010047e-07,1.4260859870773857e-07,2.1750898304695454e-10,1.2430953488795637e-10,5.133382607880321e-09,2.080395855585948e-09,5.353477217084901e-09,2.2048618486536498e-09
0.01837464951677248,0.0004838484401332721,0.0007065721449812656,1.1148297061769226e-06,1.1452700435852495e-06,1.1148716794195934e-06,1.1452874559836346e-06,1.332074219817514e-07,1.4278485593877122e-07,1.3301490753292455e-07,1.425979689884116e-07,4.03058315889826e-11,5.167086550295075e-11,5.078632181465537e-09,2.2281660960743466e-09,5.117001489196582e-09,2.2803747778965544e-09
0.018375575018581003,0.0006628193514145249,0.0009700146616857808,1.1148403212124407e-06,1.1452855604264667e-06,1.1148817816641183e-06,1.145302348959376e-06,1.3319380097789754e-07,1.427382869678695e-07,1.3300130071761636e-07,1.4255140001750988e-07,2.3031678119819385e-10,1.2365525270396915e-10,5.193669806103627e-09,2.2352604212017013e-09,5.426607084151816e-09,2.3585426944805477e-09
0.018375576473772526,0.0006631007522184262,0.0009706759045224062,1.114840337902748e-06,1.1452855947870458e-06,1.1148817975481506e-06,1.145302383582997e-06,1.331937795612248e-07,1.4273827050380235e-07,1.3300127932325267e-07,1.4255138355344273e-07,2.3061554055292532e-10,1.2359114662698997e-10,5.1938506828719255e-09,2.2349913895880394e-09,5.427093885401746e-09,2.358209325355464e-09
0.01837650197558105,0.0012200914481244052,0.0013912263486162146,1.1148577668806201e-06,1.1453074481152996e-06,1.1148988505738089e-06,1.145324404205894e-06,1.3317364278009336e-07,1.4272779935708968e-07,1.3298112833126652e-07,1.4254091240673006e-07,1.5325715696512532e-10,8.281968166823361e-11,5.150869508696587e-09,2.063887283298982e-09,5.3007460643073046e-09,2.1461865618022102e-09
0.018377427477389574,0.001444585231760452,0.0013901187860660968,1.1148824317782981e-06,1.1453331895148225e-06,1.1149249574978622e-06,1.1453511206127587e-06,1.3318709352139905e-07,1.427755904614969e-07,1.3299456488402654e-07,1.4258868930028257e-07,1.258214562104404e-10,9.337759732108708e-11,4.824323233590157e-09,2.116948616404102e-09,4.952808783018388e-09,2.2107424779704843e-09
0.018377428932581097,0.0014449382094076785,0.0013894942783704513,1.114882470559584e-06,1.1453332241836862e-06,1.1149249985464849e-06,1.1453511555933242e-06,1.3318711467036337e-07,1.4277565834788764e-07,1.3299458601068181e-07,1.4258875716436428e-07,1.2577831831617203e-10,9.345904200550425e-11,4.823809796050682e-09,2.116679237606097e-09,4.952261711821393e-09,2.2105522202533505e-09
0.01837835443438962,0.0006230645814204738,0.0009923073839399332,1.1149016099628134e-06,1.1453552735809762e-06,1.1149455758641125e-06,1.1453734032329521e-06,1.332305998857919e-07,1.4281883409239526e-07,1.3303805701525562e-07,1.426319187203262e-07,3.4525723946465803e-10,1.45257861294823e-10,5.577262207623335e-09,1.945354322074877e-09,5.923450174805112e-09,2.089548312156353e-09
0.018379279936198145,-8.114955082955122e-05,0.0007605278112585712,1.1149066253962222e-06,1.1453714961024082e-06,1.114948645408731e-06,1.1453888646428823e-06,1.3322699032869423e-07,1.4280153948220686e-07,1.3303441903644853e-07,1.426146098992831e-07,3.1286341573011356e-11,6.295225452035424e-11,5.1198285611064875e-09,1.8397018353155659e-09,5.147949622141823e-09,1.902573876222391e-09
0.018380203982815146,0.0006734161602115485,0.0010303721653155407,1.1149120982157899e-06,1.1453880448530557e-06,1.1149521697007003e-06,1.1454047808001633e-06,1.3317904290488514e-07,1.4275234150318283e-07,1.3298645740178472e-07,1.4256538349854964e-07,3.8713771077780734e-10,1.3689538391759015e-10,5.156336690959051e-09,1.8122724432245718e-09,5.547393211458029e-09,1.949261418943138e-09
0.01838112948462367,0.0016343610776203832,0.0014316743744449134,1.1149334567358628e-06,1.1454108311383079e-06,1.1149749070682446e-06,1.1454278592282208e-06,1.3317814762103808e-07,1.4274382920120843e-07,1.3298556211793766e-07,1.4255688540742995e-07,1.1185984083450506e-10,7.962954601259398e-11,5.356656007649008e-09,1.7952285213951313e-09,5.464259711374098e-09,1.8744084062660704e-09
0.018382053531240672,0.0012553139265286777,0.0014019386214139118,1.1149601531641189e-06,1.145437015043335e-06,1.1150035111056223e-06,1.1454550303824362e-06,1.3322428865752234e-07,1.4279423510288325e-07,1.330316747774007e-07,1.4260727709825005e-07,2.300230873176076e-10,9.874775303009287e-11,4.885332307803811e-09,1.7735716228983733e-09,5.1191042383384064e-09,1.8727799311335502e-09
0.018382054986432195,0.0012547170018812892,0.0014012674807254467,1.1149601952057382e-06,1.1454370496336998e-06,1.1150035561513505e-06,1.1454550652392498e-06,1.3322436132057192e-07,1.4279430162130225e-07,1.3303174739576207e-07,1.4260734357198084e-07,2.302091711703369e-10,9.880329138047901e-11,4.884590065756811e-09,1.7735749787045723e-09,5.118560686412366e-09,1.8728372793896733e-09
0.018382979033049196,0.0004302313900028833,0.0009750931435501542,1.114975752916507e-06,1.145459014515309e-06,1.1150185392185484e-06,1.145477199315792e-06,1.3324605555328546e-07,1.428365408173704e-07,1.330534416284756e-07,1.4264955439102778e-07,3.170358865153106e-10,1.3407014387567529e-10,5.666142889613048e-09,1.7757059156409127e-09,5.981313469673466e-09,1.9092534220277457e-09
0.01838298048824072,0.00042893298746449204,0.0009747124442001683,1.114975777416839e-06,1.1454590393764151e-06,1.1150185628139297e-06,1.1454772229483314e-06,1.3324608971743146e-07,1.4283650250401093e-07,1.330534757926216e-07,1.42649516055289e-07,3.1717262150010583e-10,1.3392943970054876e-10,5.6673736814616404e-09,1.7756743784883208e-09,5.9826721354738766e-09,1.909082804701704e-09
0.018383903079666197,0.00038525197544458933,0.0007333490563090628,1.1149832890174942e-06,1.1454748013176603e-06,1.1150247019031667e-06,1.1454922059783712e-06,1.332313530610918e-07,1.4281221183409798e-07,1.3303872492542723e-07,1.4262521119690064e-07,4.199521980163823e-11,4.472299267033186e-11,4.6403201281464135e-09,1.7556798237450266e-09,4.680280163427142e-09,1.8009114199912801e-09
0.0183848271262832,0.0009383395573827613,0.0009949016411194556,1.1149955196202762e-06,1.145490771159763e-06,1.115036411647452e-06,1.1455075537014636e-06,1.3321114522568678e-07,1.4275902060489898e-07,1.3301851709002221e-07,1.4257200575684692e-07,3.5651923080415315e-10,1.1357308149495537e-10,5.296723060155273e-09,2.0593573513139063e-09,5.657668111780367e-09,2.1741453082313456e-09
0.018385749717708677,0.0014622676294777648,0.0013628985248388403,1.1150176674163416e-06,1.1455125240219242e-06,1.115059262701834e-06,1.1455296089479816e-06,1.3321292158252618e-07,1.4274984039275296e-07,1.330202792360069e-07,1.425628255447009e-07,4.320334368035361e-11,5.5732779502548624e-11,5.179378259612122e-09,2.106276264512985e-09,5.21744336623442e-09,2.1611841205526616e-09
0.01838667376432568,0.001295497084893874,0.0013124638268271482,1.1150431480210589e-06,1.1455372456172272e-06,1.1150860506098545e-06,1.145555188486469e-06,1.332458673041487e-07,1.4279557092322648e-07,1.3305319658060823e-07,1.426085418643197e-07,2.89734521075442e-10,6.211475778172826e-11,4.784131580061826e-09,1.995195786363979e-09,5.078379113458735e-09,2.057359171914186e-09
0.0183866752195172,0.0012952344541150018,0.0013118591197874942,1.1150431881479954e-06,1.1455372782359766e-06,1.1150860927955364e-06,1.1455552213014395e-06,1.3324591918717488e-07,1.427956289097898e-07,1.3305324841894617e-07,1.4260859982846842e-07,2.901227591500799e-10,6.216684896666898e-11,4.783509144345999e-09,1.9950543432501857e-09,5.078160114635466e-09,2.057268813769105e-09
0.018387596355751157,0.0004698307933668211,0.0009290795636864857,1.1150594468035429e-06,1.1455579259043464e-06,1.115102577387006e-06,1.145575993177772e-06,1.3327191084044898e-07,1.428323344043747e-07,1.3307921165051084e-07,1.4264529113461322e-07,1.6917134360028285e-10,9.51405690341467e-11,5.834488447931108e-09,1.905520852218956e-09,6.002823571549243e-09,2.0000721079327377e-09
0.018388518947176635,0.00026121430227320913,0.0007665518165467233,1.1150661913629117e-06,1.145573569654068e-06,1.115107465921028e-06,1.1455908861535136e-06,1.3324839187589532e-07,1.428067974984515e-07,1.3305566426424775e-07,1.4261974001783528e-07,1.3969943257752249e-10,3.1015832263614485e-11,5.075485365324539e-09,1.8021872882911794e-09,5.213951936866579e-09,1.8328641937515044e-09
0.018389441538602114,0.0011291140093199203,0.0010727202867286678,1.1150790184127005e-06,1.1455905386207842e-06,1.115119289352151e-06,1.1456073707449832e-06,1.3321188419013197e-07,1.4275795479079534e-07,1.3301914236762968e-07,1.4257088309932442e-07,2.9240612708925084e-10,1.0425115631873538e-10,5.3161448576588555e-09,1.7512896688387514e-09,5.609566144926248e-09,1.85586856993325e-09
0.01839036267483607,0.0016078283588614323,0.0014218900743117047,1.115104236346767e-06,1.1456135173807158e-06,1.1151465311571774e-06,1.1456306765467161e-06,1.332309676420905e-07,1.4275822479703493e-07,1.3303819744270797e-07,1.425711388947093e-07,4.1532107745486154e-11,3.41189056174418e-11,4.996180014394747e-09,1.9186585653585553e-09,5.034818152299477e-09,1.9532262474086792e-09
0.018390364130027592,0.0016085846216569166,0.0014217254526462234,1.1151042761855254e-06,1.1456135572443781e-06,1.1151465741932043e-06,1.1456307176102585e-06,1.3323099778972392e-07,1.4275830327054023e-07,1.330382275455122e-07,1.425712173458e-07,4.113578228048809e-11,3.419223193551392e-11,4.9956745407087055e-09,1.918732071578944e-09,5.033910177587586e-09,1.9533721279122905e-09
0.018391285266261548,0.0008649764190811134,0.0013175199383965719,1.1151270502316171e-06,1.1456387909426018e-06,1.1151706377876441e-06,1.1456567108325544e-06,1.3327554949169398e-07,1.4280797699939285e-07,1.3308275087060203e-07,1.426208768862125e-07,3.4204976958742085e-10,8.060779127516682e-11,4.936209014619742e-09,1.9652615090848258e-09,5.282257982579292e-09,2.0457144866981025e-09
0.01839128672145307,0.0008638016825841532,0.0013168976906650241,1.115127086209573e-06,1.1456388235557294e-06,1.1151706758028013e-06,1.1456567435197652e-06,1.3327561987352965e-07,1.4280802558120897e-07,1.330828212076085e-07,1.4262092544557862e-07,3.425251471345092e-10,8.06144813006532e-11,4.9361150722404545e-09,1.964933894898388e-09,5.282650317184334e-09,2.045392548680345e-09
0.018392206402495503,0.00018835947542558424,0.0009236371243268593,1.1151367529073013e-06,1.1456594350523663e-06,1.1151788483239129e-06,1.1456774018370197e-06,1.3327613065609912e-07,1.4283872928899655e-07,1.3308330361336857e-07,1.4265161496496148e-07,6.17057124634863e-11,8.484257740803969e-11,5.605858764025816e-09,1.7578817290697657e-09,5.664779526975892e-09,1.8419277214576368e-09
0.018392207857687026,0.00018729073775602956,0.0009234635302744753,1.115136768202709e-06,1.145659460334707e-06,1.1151788612551172e-06,1.1456774259034276e-06,1.332761314642994e-07,1.4283868086433048e-07,1.3308330437666882e-07,1.426515664953954e-07,6.126137791495623e-11,8.475350076067375e-11,5.606918485057122e-09,1.7580338103311642e-09,5.665384161801512e-09,1.8419937034326549e-09
0.01839312753872946,0.0005810230264384613,0.0008137520891677852,1.1151438399683035e-06,1.1456754387739367e-06,1.115184650124238e-06,1.1456926358732744e-06,1.3324623649558017e-07,1.4280807647537586e-07,1.3305339521954488e-07,1.4262093372963136e-07,2.1096841115165213e-10,2.8457059625397463e-11,4.652303994038319e-09,1.854149167535013e-09,4.863317634161058e-09,1.8836943116440352e-09
0.018393128993920982,0.0005816460205661234,0.0008142645097806363,1.1151438511578061e-06,1.1456754671773314e-06,1.115184659283841e-06,1.1456926637112837e-06,1.3324618919341447e-07,1.4280801130300423e-07,1.3305334789492917e-07,1.4262086853480974e-07,2.112052893687988e-10,2.8547534300937237e-11,4.650793528071517e-09,1.8545352881947695e-09,4.8620485415540315e-09,1.8841699845065524e-09
0.018394048674963415,0.0012913123069507016,0.001138114337102536,1.1151610867274806e-06,1.1456934181228276e-06,1.1152022529056786e-06,1.1457102573331213e-06,1.332358316579778e-07,1.4276682236413762e-07,1.3304297617108782e-07,1.4257966540753841e-07,2.076965273674722e-10,8.57275292420745e-11,5.377071361802568e-09,2.098563545160914e-09,5.586875610903714e-09,2.184795233617365e-09
0.018394050130154938,0.0012924351966443481,0.001138554879435928,1.1151611139989517e-06,1.14569345531072e-06,1.1152022807436879e-06,1.1457102953482784e-06,1.3323581526947237e-07,1.4276684173034974e-07,1.3304295976013236e-07,1.4257968475133592e-07,2.076909755288625e-10,8.56346638223522e-11,5.378220535590117e-09,2.0985640627980217e-09,5.588022489178002e-09,2.1847013164544994e-09
0.01839496981119737,0.0014424578954148615,0.0014169776341396146,1.1151862662922502e-06,1.1457169580587807e-06,1.1152286560900393e-06,1.145734320927561e-06,1.3325458780855115e-07,1.4277908117639944e-07,1.3306171808835643e-07,1.4259191003136013e-07,8.317382893530123e-11,2.6943718557860687e-11,5.208980358162307e-09,2.098891209449886e-09,5.2897406455088e-09,2.125345669523534e-09
0.018394971266388893,0.0014416766779821693,0.0014174181764730065,1.1151863010772235e-06,1.1457169952466732e-06,1.1152286920100511e-06,1.1457343589427182e-06,1.332546346841667e-07,1.4277910054261156e-07,1.3306176496397198e-07,1.4259192937515763e-07,8.359302762019332e-11,2.6850853138138397e-11,5.20874121787671e-09,2.0988917270869933e-09,5.28992844473205e-09,2.1252517523606684e-09
0.018395890947431326,0.0009479472605207206,0.0012803948861952112,1.1152082851802798e-06,1.1457418045280195e-06,1.1152513934575836e-06,1.145759671056717e-06,1.332842600731965e-07,1.4282436155362928e-07,1.3309139035300177e-07,1.4263717619777066e-07,3.4852659647199857e-10,5.8105825133773465e-11,5.057604557379136e-09,2.0150475664047626e-09,5.408617553825934e-09,2.0730825401070254e-09
0.01839589240262285,0.0009470712343448156,0.0012801780771916071,1.1152083047125294e-06,1.1457418437832115e-06,1.11525141198566e-06,1.1457597111075302e-06,1.332842694271768e-07,1.4282443316915305e-07,1.3309139970698209e-07,1.426372477908444e-07,3.481162808789631e-10,5.815527920338681e-11,5.057782117174414e-09,2.0149149015935564e-09,5.408375128196434e-09,2.072999993885105e-09
0.01839681062847376,0.0003942987173487511,0.0009704992585841785,1.115220629562081e-06,1.1457625055779093e-06,1.115263103201869e-06,1.1457803693730644e-06,1.3329017178875802e-07,1.4284130314011472e-07,1.330973020685633e-07,1.426541035734369e-07,8.920714167359733e-11,4.4804089614936334e-11,5.169822347994568e-09,1.8307048658310962e-09,5.255404555981613e-09,1.8741220663972364e-09
0.01839681208366528,0.00039462481563050784,0.0009700084839112666,1.1152206440367482e-06,1.1457625383224334e-06,1.115263115433997e-06,1.1457804021119955e-06,1.3329013086509412e-07,1.4284132987540943e-07,1.3309726109992835e-07,1.4265413028624607e-07,8.954785607649094e-11,4.478293083587381e-11,5.169232103544908e-09,1.8304129323354346e-09,5.255167131977106e-09,1.8738068874313285e-09
0.01839773030951619,0.0006003928314189944,0.000897928676614305,1.1152297775516857e-06,1.145779689155421e-06,1.115270833906834e-06,1.1457969741272042e-06,1.3326430803317635e-07,1.428136767438667e-07,1.330714098912722e-07,1.4262646296633418e-07,3.0453864430235456e-10,1.901845967104037e-11,4.7967878558097254e-09,1.6097938785432382e-09,5.105352585133005e-09,1.6289987702637533e-09
0.018397731764707714,0.0006016207571577294,0.0008978144455409343,1.115229806318417e-06,1.1457797163358219e-06,1.1152708625084276e-06,1.1457970003903029e-06,1.3326427940909714e-07,1.428136329195695e-07,1.3307138124470747e-07,1.4262641911955143e-07,3.0444844263413825e-10,1.897762849645268e-11,4.797843036365877e-09,1.6094442445435675e-09,5.10630625968443e-09,1.6286108017737888e-09
0.018398649990558624,0.0013764418982995519,0.0011004160334114324,1.1152479581259352e-06,1.1457980675528817e-06,1.1152889101140318e-06,1.1458151615028603e-06,1.332462176151239e-07,1.4278451838600066e-07,1.3305330526236503e-07,1.425973045859826e-07,2.4753118998965817e-10,3.924163680030059e-11,5.4636619672976394e-09,1.84342486247639e-09,5.7080749016336085e-09,1.8836990574961292e-09
0.018398651445750147,0.001376732294787391,0.001100737113582384,1.1152480008521626e-06,1.1457980966356345e-06,1.1152889555166992e-06,1.1458151902843383e-06,1.3324625209502655e-07,1.427844722456939e-07,1.3305333974226768e-07,1.4259725844567583e-07,2.473927706687506e-10,3.9273750918056294e-11,5.461881673477193e-09,1.8437956716965687e-09,5.706160125495294e-09,1.884103317806307e-09
0.018399568216409534,0.0015596820821260904,0.0012657518962169904,1.1152749183753383e-06,1.1458197967150963e-06,1.1153175591971376e-06,1.1458371757357724e-06,1.3326797443369287e-07,1.427941617101146e-07,1.33075062080934e-07,1.4260693374421286e-07,1.6018859849697975e-10,1.2372928071079496e-11,4.34029656659618e-09,2.0368015203415747e-09,4.49985115835716e-09,2.0495260882247714e-09
0.01839957112679258,0.0015573934694416566,0.0012662757526697987,1.115274988112847e-06,1.1458198656042374e-06,1.1153176315106008e-06,1.1458372455308563e-06,1.3326807746238956e-07,1.427941924703191e-07,1.3307516506465962e-07,1.4260696445944632e-07,1.6089810176008281e-10,1.2287528633470046e-11,4.344412754998963e-09,2.0374142373214e-09,4.504701417791752e-09,2.0500512398768933e-09
0.018400487897451967,0.0008364804738449916,0.0011614359561828399,1.1152969554281114e-06,1.1458421206272586e-06,1.1153404102515196e-06,1.1458598333578693e-06,1.333005315018454e-07,1.4282671213081762e-07,1.3310760493823182e-07,1.4263946993161127e-07,3.8439162963754825e-10,2.921536751845627e-11,5.641012101875731e-09,2.1392729489609837e-09,6.032533139688212e-09,2.1687603711497886e-09
0.01840048935264349,0.0008355044285951565,0.0011612695438074638,1.115296970796394e-06,1.145842155952692e-06,1.1153404237428374e-06,1.145859869211563e-06,1.3330053235629552e-07,1.4282676374932635e-07,1.3310760579268194e-07,1.4263952152759884e-07,3.839517473077956e-10,2.924223710398799e-11,5.641048293740988e-09,2.13943462945565e-09,6.03210505595941e-09,2.168948798342285e-09
0.0184014075784944,0.0002196198759492063,0.0009538480663913163,1.1153066681828176e-06,1.145861577509366e-06,1.1153489367643488e-06,1.1458793096608133e-06,1.3330107151432458e-07,1.4283806137882493e-07,1.33108144950711e-07,1.4265081915709743e-07,1.0638599723389319e-10,1.6974718505813335e-11,5.663885360718268e-09,2.011882438424095e-09,5.761984223084937e-09,2.0277428625092853e-09
0.01840232580434531,0.000532823917587244,0.0009453247656612263,1.1153135773162435e-06,1.1458790162052634e-06,1.1153545074193971e-06,1.1458962489996338e-06,1.332724792746376e-07,1.4281893356837827e-07,1.33079552711024e-07,1.4263167713579605e-07,2.7473773256403433e-10,1.0465174733742533e-11,4.277615595071893e-09,1.870215537991271e-09,4.555556820662332e-09,1.881135469616879e-09
0.01840324403019622,0.0012766602543390349,0.0011263513293471306,1.1153301924676782e-06,1.145898038870715e-06,1.11537133307138e-06,1.1459151210146956e-06,1.332577141965885e-07,1.4280050208981265e-07,1.330647734221202e-07,1.4261323144637572e-07,2.1054723242652784e-10,1.8761584300031053e-11,5.6319411356753335e-09,2.0867687577919014e-09,5.842933692434826e-09,2.105926988349438e-09
0.01840416225604713,0.0013565210381543125,0.001243144650686645,1.1153543710190071e-06,1.14591979619534e-06,1.115397026296705e-06,1.1459372899480513e-06,1.332796841779782e-07,1.4280843174674374e-07,1.3308672919265518e-07,1.426211611033068e-07,1.5980466949727656e-10,9.071392075010731e-12,4.466566227989688e-09,1.92443549984489e-09,4.6224011285289635e-09,1.9323274091931353e-09
0.018405079026706517,0.0006227428918208489,0.0011437993409799674,1.115372516329989e-06,1.1459416789975114e-06,1.1154158983117668e-06,1.145959458881407e-06,1.3330981118997443e-07,1.4283263283232372e-07,1.3311682778294198e-07,1.426453621888868e-07,3.1694111224389587e-10,2.4955620903099884e-11,5.1683999302554184e-09,1.7745306335470445e-09,5.493175692095065e-09,1.7998241785832647e-09
0.018405997252557427,0.00018109127990584284,0.00096894782018353,1.1153798973431523e-06,1.1459610787881095e-06,1.1154216963404906e-06,1.145978671956982e-06,1.3330112835774344e-07,1.4284266569575266e-07,1.3310811652900156e-07,1.42655380841461e-07,7.9282573561823e-11,2.0877879286507195e-11,6.05137628895136e-09,1.918792902344535e-09,6.124730056455974e-09,1.9401433792864964e-09
0.018406914023216814,0.0007296821179760826,0.0009601864870560917,1.1153882470464375e-06,1.1459787645254185e-06,1.115428858611267e-06,1.1459960660431534e-06,1.3326767600574385e-07,1.4282697691214707e-07,1.3307463575529255e-07,1.4263969205785543e-07,2.758221984144882e-10,1.760828982622087e-11,4.024326205609441e-09,2.0332739936179678e-09,4.299470557356244e-09,2.0510213527558108e-09
0.0184078307938762,0.0013701661515295172,0.0011367328901812357,1.1154074978392639e-06,1.1459979884670201e-06,1.1154490948683815e-06,1.146015051745053e-06,1.3326597070317803e-07,1.428068117093062e-07,1.33072916241872e-07,1.4261952685501456e-07,1.0162153757375947e-10,2.9748984525790334e-11,5.807353264941639e-09,1.871939270259304e-09,5.915137268885928e-09,1.9005972351493483e-09
0.018408746109344065,0.0011717856034465512,0.0012640613258483313,1.1154307647168628e-06,1.146019963307831e-06,1.1154735375384917e-06,1.146037448052084e-06,1.332939802978217e-07,1.4281505400504102e-07,1.3310091162566096e-07,1.4262775493989466e-07,1.4939910419897728e-10,1.3199283679932172e-11,5.498054900243687e-09,1.6715883122131459e-09,5.641500155917356e-09,1.6847128136987521e-09
0.018409662880003452,0.0005387885851147398,0.001120191149873051,1.1154464467591305e-06,1.1460418214349742e-06,1.1154892263220972e-06,1.1460597306722775e-06,1.333117580770704e-07,1.4284704263900494e-07,1.3311868940490967e-07,1.4265974357385858e-07,1.8616592989406655e-10,4.207009740575529e-11,4.818481613710901e-09,1.8386984157459096e-09,5.007891878960891e-09,1.8819577007889166e-09
0.018410578195471317,0.0003313291163597825,0.0008630608515858285,1.115454408062108e-06,1.1460599744473103e-06,1.1154960367050427e-06,1.1460776931926375e-06,1.3330426665583045e-07,1.4285865290730726e-07,1.3311118379537191e-07,1.4267132542045147e-07,4.5694538546488706e-11,2.7847994743535054e-11,5.946147127411725e-09,2.1052737331217486e-09,5.991849001442946e-09,2.1334150002161323e-09
0.01841057965066284,0.00033099929208513235,0.0008630631511459652,1.1154544207191875e-06,1.1460599995867353e-06,1.1154960475323605e-06,1.1460777175928332e-06,1.3330425474578078e-07,1.428586129632832e-07,1.3311117186276533e-07,1.4267128545383464e-07,4.547121359999018e-11,2.7852306885505172e-11,5.947939918371503e-09,2.1051337211134022e-09,5.99341332119252e-09,2.133278163198528e-09
0.01841149351093918,0.0007833658909107422,0.0008645072749118299,1.1154646044599282e-06,1.14607578714559e-06,1.1155054835398914e-06,1.14609304091573e-06,1.3328244108379295e-07,1.4283352811617078e-07,1.3308934398992278e-07,1.4264618641846027e-07,2.396932652359851e-10,3.0560332042739446e-11,4.968093492152548e-09,2.0172061798717777e-09,5.205592845669571e-09,2.047344516142857e-09
0.018412407371215522,0.0013384880911431196,0.0011042384635358584,1.115483995240592e-06,1.1460937822193837e-06,1.1155254924233304e-06,1.1461108613727284e-06,1.3328022419045737e-07,1.4280942225913233e-07,1.330871128857325e-07,1.4262208056142182e-07,6.1279807617165e-11,5.6107974210918875e-11,5.368328448440707e-09,2.07691969716813e-09,5.431825655932698e-09,2.1338589951717542e-09
0.018412408826407045,0.001338301729465064,0.0011046202010973616,1.1154840324899254e-06,1.1460938108739598e-06,1.1155255316443857e-06,1.1461108897492522e-06,1.3328026817858796e-07,1.4280938387400965e-07,1.330871568512703e-07,1.4262204217629915e-07,6.146680424405674e-11,5.61486551697854e-11,5.368515424824561e-09,2.0770147823867546e-09,5.432194827504654e-09,2.133996757081036e-09
0.018413322686683387,0.0012212665956461422,0.00124091584544065,1.1155074250711797e-06,1.146115247779519e-06,1.115550162467116e-06,1.1461326829195943e-06,1.3330789272458787e-07,1.4282212493323304e-07,1.3311476720900828e-07,1.4263475485899865e-07,1.7890068593207076e-10,3.4224697179800756e-11,5.485936593885299e-09,2.17389445183863e-09,5.664034574692778e-09,2.2076846039317125e-09
0.01841332414187491,0.0012202480788981692,0.0012411328767214513,1.115507451277253e-06,1.146115281914719e-06,1.1155501889940447e-06,1.1461327176220948e-06,1.3330792768780186e-07,1.428221452215439e-07,1.3311480217222227e-07,1.4263477510212397e-07,1.7892578922012573e-10,3.418978641867021e-11,5.485126315762041e-09,2.174048718828203e-09,5.663246808367942e-09,2.207801941267462e-09
0.01841423800215125,0.0005806195611710901,0.0011010248471521322,1.115523908691245e-06,1.1461366859637667e-06,1.1155668479053324e-06,1.1461545454949373e-06,1.3332988458618245e-07,1.4285789973200735e-07,1.3313675907060285e-07,1.426705154017327e-07,1.946906541186499e-10,6.595742702009133e-11,4.976271654356428e-09,2.008041732892707e-09,5.168529556371256e-09,2.073639704391894e-09
0.018414239457342774,0.000579601044423117,0.0011006795807256447,1.1155239348973183e-06,1.1461367148475303e-06,1.115566874432261e-06,1.1461545740522034e-06,1.3332991954939644e-07,1.4285791954586998e-07,1.3313679403381684e-07,1.4267053517040977e-07,1.9471575740670488e-10,6.592043443634682e-11,4.97546137623317e-09,2.0079578342742182e-09,5.167741790046421e-09,2.0735193505678313e-09
0.018415153317619115,0.0003436244635239838,0.0008838522648915159,1.1155323718884964e-06,1.1461548538509913e-06,1.1155740367030376e-06,1.1461725080152974e-06,1.333205403852844e-07,1.4287036265159259e-07,1.331274148697048e-07,1.426829498996085e-07,5.550873996562622e-11,4.268909184479419e-11,4.812635623352435e-09,1.9552695018631994e-09,4.8696549015403434e-09,1.9979371490563835e-09
0.018416067177895457,0.000893554560508214,0.0009168821454608178,1.1155436779761444e-06,1.14617131004745e-06,1.1155843822052702e-06,1.1461884241725784e-06,1.3329187709132384e-07,1.4284704263900494e-07,1.3309875157574425e-07,1.4265961567616614e-07,2.356064787711887e-10,4.096219197169404e-11,5.461272323259436e-09,2.082087613430872e-09,5.699113625468044e-09,2.1237909209048667e-09
0.018416981038171798,0.0014289894134063008,0.0011793448306463006,1.1155649027829226e-06,1.1461904666330865e-06,1.1156067785123014e-06,1.1462075235613156e-06,1.3329126602457109e-07,1.4282576898949628e-07,1.3309812629813678e-07,1.4263831360494805e-07,4.321729779599437e-11,5.484778603515039e-11,5.205509800987329e-09,2.2227284457443375e-09,5.2439887987532074e-09,2.2778603447903834e-09
0.018417893443256617,0.0010591475852993076,0.0013010869815421877,1.115587599289509e-06,1.1462130982190664e-06,1.1156308417435392e-06,1.1462307156762108e-06,1.3332655214254768e-07,1.428428930694281e-07,1.331333982278874e-07,1.4265542347402516e-07,2.1778320978036688e-10,2.446489191787471e-11,4.3568734317421295e-09,2.256512310339076e-09,4.576391532537403e-09,2.2806327937274773e-09
0.01841789489844814,0.0010585577259243362,0.0013007613782571332,1.1155876354880842e-06,1.1462131331101224e-06,1.1156308801218984e-06,1.1462307511580902e-06,1.333266084202478e-07,1.4284295133845818e-07,1.3313345448295877e-07,1.4265548172042648e-07,2.1806162431303733e-10,2.4523314316295852e-11,4.35551994470984e-09,2.2560803936286108e-09,4.575326784106437e-09,2.2802580022345196e-09
0.018418805848341435,0.0003608205078443408,0.0010969337218130187,1.11560056531259e-06,1.146234974911078e-06,1.1156431583003723e-06,1.1462529628145249e-06,1.3334104664863844e-07,1.4287942775128967e-07,1.331478785004947e-07,1.4269194396766076e-07,1.5016178578353134e-10,6.109573572793192e-11,5.518036250151681e-09,1.9857005328774557e-09,5.671624059289115e-09,2.0456385276430624e-09
0.018418807303532958,0.00036090934973283516,0.0010966081185279641,1.1156005766270326e-06,1.1462350098021338e-06,1.1156431676989662e-06,1.1462529982964043e-06,1.3334101440875023e-07,1.4287948602031975e-07,1.331478462606065e-07,1.4269200221406209e-07,1.5007619035727132e-10,6.115415812635305e-11,5.517949716297937e-09,1.985268616166991e-09,5.671441576749173e-09,2.0452637361501047e-09
0.018419719708617777,0.00041661321381880346,0.0008504997449509943,1.1156076707824378e-06,1.146252775313287e-06,1.1156490606173399e-06,1.1462703923825757e-06,1.3332079999884806e-07,1.4288312399912684e-07,1.3312763185070432e-07,1.4269562598201446e-07,9.640785809224211e-11,2.2263363028129923e-11,5.463692990000152e-09,1.83908255291243e-09,5.557025024205161e-09,1.8614298991082023e-09
0.0184197211638093,0.00041670205570729785,0.0008506337039397947,1.1156076820968803e-06,1.146252801288336e-06,1.1156490700159338e-06,1.1462704175858777e-06,1.3332076775895985e-07,1.4288307159801663e-07,1.331275996108161e-07,1.426955735582394e-07,9.63222626659821e-11,2.2277608679682698e-11,5.463606456146408e-09,1.8392866322672984e-09,5.556842541665219e-09,1.8616487982582934e-09
0.018420632113702595,0.001001046760707916,0.0009344920309288796,1.1156206055815451e-06,1.1462690616690138e-06,1.115661782634062e-06,1.146286194853019e-06,1.3330351492007167e-07,1.428502685030253e-07,1.3311036096011782e-07,1.426627562750582e-07,2.475728767504709e-10,3.119538655171894e-11,4.9843936923993524e-09,1.96704030841488e-09,5.233102189046277e-09,1.998679666215253e-09
0.018420633568894118,0.0010019802187031246,0.0009349766089899452,1.1156206262260894e-06,1.1462690932876263e-06,1.1156618029417587e-06,1.1462862264024763e-06,1.3330348735962616e-07,1.428502436623606e-07,1.3311033342233713e-07,1.426627314343935e-07,2.478144911499669e-10,3.119803359034126e-11,4.983628176802313e-09,1.967026642578741e-09,5.232585031933468e-09,1.9986675387551324e-09
0.018421544518787414,0.001327878324433295,0.0012383224752170463,1.1156418548124437e-06,1.1462888865390516e-06,1.1156838230124449e-06,1.1463059763627825e-06,1.3331156043966512e-07,1.4283469340625743e-07,1.331184065023761e-07,1.4264718117829034e-07,4.699474081191898e-11,3.28550797679128e-11,5.2351386716715544e-09,1.958471829155428e-09,5.280124779014812e-09,1.991075748719595e-09
0.018421545973978937,0.0013283989284360587,0.0012384743291600035,1.1156418887239236e-06,1.1462889239645021e-06,1.1156838581882766e-06,1.1463060146210326e-06,1.333115733359591e-07,1.428347362201403e-07,1.3311841939867008e-07,1.4264722399217322e-07,4.6673942488695275e-11,3.282213733175349e-11,5.23554044562502e-09,1.9585103260945396e-09,5.280200721102801e-09,1.9910819840295775e-09
0.018422456923872232,0.0009820633108148513,0.0013335348974512495,1.1156629358772266e-06,1.1463123522964942e-06,1.1157060271216324e-06,1.1463299642855418e-06,1.3334322090940987e-07,1.4286153771081445e-07,1.3315005276126612e-07,1.4267402548284736e-07,3.005500570640862e-10,1.2200172296028544e-11,4.380181994889654e-09,1.9826094099784086e-09,4.6808170672818505e-09,1.99498528807851e-09
0.01842336932895705,0.00030021433599713987,0.0011425406569025576,1.1156746354436775e-06,1.1463349441357562e-06,1.1157173958054045e-06,1.1463528153399238e-06,1.3335757387267222e-07,1.4289128102973336e-07,1.3316439151367376e-07,1.4270375459091156e-07,1.0626748092601446e-10,3.673732845710376e-11,5.5708504476115195e-09,1.9356971581174776e-09,5.68197711103835e-09,1.972099594738097e-09
0.018424280278850347,0.0003371969331222857,0.0009734905475351496,1.1156804419409535e-06,1.1463542201197551e-06,1.1157216022184002e-06,1.1463718010418233e-06,1.3333048798358504e-07,1.4288686145391694e-07,1.3313729141373187e-07,1.4269932080424041e-07,1.9457090105756691e-10,1.4580591942148224e-11,5.845608441745753e-09,1.8762764675273047e-09,6.037609079356798e-09,1.8906560761422497e-09
0.018425191228743643,0.0011812499749136857,0.0010021166909410795,1.1156942865140304e-06,1.146372216911786e-06,1.1157349958696423e-06,1.146389536188508e-06,1.333052330056073e-07,1.428665399316742e-07,1.3311203643575412e-07,1.4267899928199768e-07,2.326124032228264e-10,1.2056420098383036e-11,5.2996424615408045e-09,1.8009115310135826e-09,5.533181241916007e-09,1.8124803879970841e-09
0.018425192683935165,0.0011825983024564835,0.0010022824109406031,1.1156943086299618e-06,1.1463722475868464e-06,1.1157350172652514e-06,1.146389566880322e-06,1.3330519266219198e-07,1.4286653160039037e-07,1.3311199609233881e-07,1.4267899092801278e-07,2.3267317239561436e-10,1.205595536568671e-11,5.298770311412682e-09,1.800681110077435e-09,5.53237544664853e-09,1.8122499496804483e-09
0.01842610217863694,0.0015252200157078732,0.001105857410642841,1.115718936094099e-06,1.146391419499615e-06,1.115761278924765e-06,1.1464087492640829e-06,1.3332612525118748e-07,1.4286132454799372e-07,1.331329144704796e-07,1.4267376968746248e-07,4.850136958722828e-11,1.1765497430482608e-11,5.988946671919848e-09,1.6566680249852084e-09,6.0378244626235755e-09,1.6682260017830686e-09
0.018427013128530234,0.0008640927504403317,0.0011380058359762302,1.1157407015361927e-06,1.1464118599694657e-06,1.1157841299791471e-06,1.1464293265817105e-06,1.333626045152414e-07,1.428713147788585e-07,1.3316935110196937e-07,1.4268374570747255e-07,3.21998788743727e-10,9.666776927541587e-12,5.122978041782744e-09,1.80955284090345e-09,5.442106765229937e-09,1.8202962470681427e-09
0.018427922623232007,0.0002309681815324938,0.0010913151252651687,1.1157506518441753e-06,1.1464321355254937e-06,1.1157928698818075e-06,1.1464496765256627e-06,1.333632997347712e-07,1.4288325189681927e-07,1.3317004632149917e-07,1.4269568282543332e-07,6.552119060967789e-11,1.4283586466379283e-11,5.243409750406839e-09,1.9700183706561347e-09,5.310533365557197e-09,1.9840633580514577e-09
0.01842792407842353,0.0002299551822222412,0.0010912338615087177,1.115750667764668e-06,1.146432166546672e-06,1.1157928838656517e-06,1.146449707399085e-06,1.3336330084712245e-07,1.4288325500686255e-07,1.3317004743385041e-07,1.4269568591277556e-07,6.511082645266342e-11,1.4287011999332957e-11,5.243602441140638e-09,1.9697723212913686e-09,5.310322848117721e-09,1.9838208594494993e-09
0.018428833573125303,0.0005209249581771269,0.0010404440137268267,1.1157574969797615e-06,1.1464515547830957e-06,1.1157983408338623e-06,1.1464690032880753e-06,1.3333645654256543e-07,1.4288519878391526e-07,1.331432031292934e-07,1.426976155016746e-07,1.8268474233362753e-10,1.642797009537844e-11,5.450660367500859e-09,1.8159914683124612e-09,5.6329660935716674e-09,1.8322592332253862e-09
0.018429743067827076,0.0012454917907592233,0.0010617475661121034,1.1157735624465043e-06,1.1464706741041354e-06,1.1158147117384942e-06,1.1464879889899748e-06,1.333269779024704e-07,1.4287884653185756e-07,1.3313371027834364e-07,1.426912632496169e-07,1.99417149460146e-10,2.0360629848781286e-11,5.1041104676130544e-09,2.0153314572723957e-09,5.303181449534122e-09,2.0367842967772276e-09
0.01843065256252885,0.0013680330157423372,0.0011264131933543808,1.1157973340993585e-06,1.146490575310309e-06,1.1158396828889523e-06,1.1465079978734138e-06,1.3334725277406386e-07,1.4287708438587288e-07,1.3315397096178344e-07,1.426894868927775e-07,4.5630473657430546e-11,1.8800731804713422e-11,5.616927093837357e-09,2.1270312178245376e-09,5.663402266145758e-09,2.1456170173905775e-09
0.01843065401772037,0.0013682290817023102,0.0011264018125282179,1.1157973721340031e-06,1.1464906079897397e-06,1.115839722842793e-06,1.1465080306152232e-06,1.333472852138584e-07,1.4287709661857661e-07,1.3315400337887695e-07,1.4268949914821861e-07,4.5384414976146203e-11,1.8798238832218317e-11,5.617747600439316e-09,2.1270339374268587e-09,5.663978619452337e-09,2.145618210391831e-09
0.01843156205723062,0.0009059172684251493,0.001119300177002458,1.1158180222813832e-06,1.1465109999544295e-06,1.1158607549077715e-06,1.1465284615042037e-06,1.333700936356763e-07,1.4288472982570966e-07,1.3317679758984013e-07,1.42697146543469e-07,1.9237098025648436e-10,1.7242623995272766e-11,4.6986827761941186e-09,2.1287309692752387e-09,4.886120397173954e-09,2.1463626431739158e-09
0.01843247009674087,0.0005368998246733647,0.0010319907781308757,1.1158311236306492e-06,1.1465305345262825e-06,1.1158733741467586e-06,1.1465481293271296e-06,1.3337266580037976e-07,1.4289258842836716e-07,1.3317935554368887e-07,1.4270499093527178e-07,6.895745779944562e-11,1.8625202075073233e-11,4.515829488127565e-09,2.200358562021165e-09,4.588550872597352e-09,2.218772721107598e-09
0.018433378136251122,0.0005612862436267158,0.0009819676405733446,1.1158410959489144e-06,1.1465488220644444e-06,1.1158826815517386e-06,1.1465662055343273e-06,1.3336257804894557e-07,1.4289007310708257e-07,1.3316925360413734e-07,1.4270246140313247e-07,7.051970253302287e-11,1.3935631294759165e-11,5.435188899127752e-09,2.025043022158002e-09,5.505449088616388e-09,2.0382333598689684e-09
0.018433379591442645,0.0005613253244263205,0.0009820663717842308,1.1158411119301937e-06,1.1465488515414192e-06,1.1158826964674518e-06,1.1465662348200567e-06,1.3336256188267726e-07,1.428900555765722e-07,1.3316923741513165e-07,1.4270244382714736e-07,7.052220613035232e-11,1.3939810727947588e-11,5.436662231517175e-09,2.0248491185981265e-09,5.506918476783085e-09,2.0380443771728098e-09
0.018434287630952895,0.0009515595095450635,0.0010436746473772018,1.1158548495222307e-06,1.14656724517373e-06,1.115896111514303e-06,1.1465845091152005e-06,1.3335001369796373e-07,1.4287911653809715e-07,1.3315668923041812e-07,1.4269147641243762e-07,1.1859543902481562e-10,1.6547777037523304e-11,4.7949693104953894e-09,1.903853297235969e-09,4.913223605740313e-09,1.920119174769752e-09
0.018435195670463145,0.001265705362503263,0.0011534404358997108,1.1158749877347397e-06,1.1465871958467718e-06,1.115916769413161e-06,1.1466045179986395e-06,1.333535465391833e-07,1.428751517096316e-07,1.331602220716377e-07,1.4268751158397208e-07,2.504446272588723e-11,1.567900149990198e-11,5.865946047123316e-09,1.785358971773121e-09,5.894753573443267e-09,1.8006744983978251e-09
0.018435197125654668,0.0012662088013701833,0.0011534584690204525,1.1158750200075161e-06,1.1465872295797923e-06,1.1159168025187682e-06,1.1466045521229392e-06,1.3335355220078782e-07,1.4287516792779808e-07,1.331602277332422e-07,1.4268752777932817e-07,2.489454128951074e-11,1.5674049710856294e-11,5.867662355996117e-09,1.785459498636573e-09,5.896326538135099e-09,1.8007717824477332e-09
0.018436102254781872,0.0009794005981086928,0.0011646750701217456,1.115895345672274e-06,1.1466082115184394e-06,1.11593817564426e-06,1.1466257774372934e-06,1.3337898963072803e-07,1.4288525562733412e-07,1.331856509523277e-07,1.4269760129081988e-07,1.328973736614003e-10,1.2594036924440388e-11,5.223085075556355e-09,1.8479872077037385e-09,5.349850784597265e-09,1.8612824614905321e-09
0.018437010294292122,0.0004483012100235615,0.0010504478323483113,1.1159083020402671e-06,1.1466283257095945e-06,1.1159507746924646e-06,1.1466460136944079e-06,1.3339164543140213e-07,1.428957006055498e-07,1.3319829256488447e-07,1.4270801784732612e-07,4.716031940521503e-11,1.7541237559703937e-11,4.704747924222374e-09,1.978304631222727e-09,4.755570848402613e-09,1.9958672492492724e-09
0.018437011749483645,0.0004474500892093225,0.0010502986248285293,1.1159083228036775e-06,1.1466283549289583e-06,1.115950794883247e-06,1.1466460425267038e-06,1.33391665713134e-07,1.4289569031807712e-07,1.3319831282387895e-07,1.427080075370431e-07,4.702292027980448e-11,1.7529383530097005e-11,4.703917255710621e-09,1.978291613991418e-09,4.754618476709993e-09,1.995842660036851e-09
0.01843791687861085,0.000571251702220929,0.0009574915475241141,1.1159175433703111e-06,1.146646529373142e-06,1.1159586392750498e-06,1.146663976214768e-06,1.3337010784653103e-07,1.4288929151007324e-07,1.3317674074642127e-07,1.4270159454099485e-07,8.993777250720925e-11,1.0156177114584164e-11,5.4524655901389e-09,1.97019489611705e-09,5.539683378685822e-09,1.9805481699108896e-09
0.018438823462929577,0.0012200368309147674,0.00100207526821805,1.1159338017933881e-06,1.1466642944986085e-06,1.115974957792787e-06,1.1466815976746147e-06,1.333542426209533e-07,1.428710305617642e-07,1.3316087552084356e-07,1.426833193818311e-07,1.0892105551940645e-10,1.4017814686795305e-11,3.940987231487725e-09,1.9944772500224417e-09,4.04853234030611e-09,2.0081405427418986e-09
0.018438826373312622,0.0012221196082139452,0.0010024039425587305,1.1159338539873627e-06,1.146664355806776e-06,1.1159750101796817e-06,1.14668165935383e-06,1.3335419168925e-07,1.4287101537006397e-07,1.3316082458914025e-07,1.4268330409888943e-07,1.0898199703790468e-10,1.4022692083213208e-11,3.936134973514527e-09,1.994211094456868e-09,4.0437453385777644e-09,2.0078813942340022e-09
0.018439730047248304,0.0013436433484587775,0.0011044573253400358,1.1159570418868565e-06,1.1466833919927706e-06,1.115999527056956e-06,1.1467008107501897e-06,1.333751331885885e-07,1.4286629834714404e-07,1.331817802764864e-07,1.426785587455015e-07,4.452818161196974e-11,1.5537123670972264e-11,5.669815516691548e-09,1.9115697913463237e-09,5.721862983421033e-09,1.9274157825321936e-09
0.018439731502439827,0.0013438390388617483,0.0011044518581062902,1.1159570792264693e-06,1.1466834240869852e-06,1.1159995665366296e-06,1.146700842946302e-06,1.3337516691080964e-07,1.4286632003859267e-07,1.331818140215546e-07,1.4267858043695014e-07,4.442439124896502e-11,1.5545672604755368e-11,5.6726072727997234e-09,1.9118816553032046e-09,5.724565266262971e-09,1.927736459350626e-09
0.018440638086758554,0.0008543086478765005,0.0011010457714828135,1.1159770072886999e-06,1.146703418782645e-06,1.116019802793744e-06,1.146720901124354e-06,1.3339786164578982e-07,1.428798338110937e-07,1.3320449454568006e-07,1.4269209420945117e-07,1.4840299822349579e-10,2.0871658351628852e-11,5.3576698633150954e-09,2.1061729004401284e-09,5.498753008481572e-09,2.1275181172342174e-09
0.018440639541950077,0.0008538591938257871,0.001101040304249068,1.115977028077674e-06,1.1467034508768595e-06,1.1160198225018957e-06,1.1467209333204664e-06,1.3339785941037447e-07,1.4287985550254234e-07,1.33204492264644e-07,1.426921159008998e-07,1.482069332160346e-10,2.0880207285411956e-11,5.356588486130045e-09,2.1064847643970097e-09,5.497494625748796e-09,2.12783879405265e-09
0.01844154467107728,0.000574298774282056,0.0010279736903555659,1.1159899588195653e-06,1.146722721202647e-06,1.116032080972218e-06,1.146740260082879e-06,1.3339646898202773e-07,1.428879414788753e-07,1.3320307346020854e-07,1.4270018766637804e-07,2.625449857518447e-11,2.3695434503423485e-11,4.683971877028625e-09,1.9913644067059977e-09,4.7147805659619735e-09,2.0140347167796335e-09
0.018442448345012963,0.0007558372723366347,0.0010294976147998964,1.1160019789123277e-06,1.1467413140789178e-06,1.1160434496559901e-06,1.1467587315480071e-06,1.3338264182038984e-07,1.4288305447314742e-07,1.3318924629857065e-07,1.4269528649541618e-07,1.0410607098609859e-10,2.3045192855177103e-11,6.106360306290526e-09,1.8137832787333495e-09,6.21107743015159e-09,1.8369574506067807e-09
0.01844245125539601,0.0007571314522306666,0.0010295025227691212,1.116002034659512e-06,1.1467413739593567e-06,1.1160435054062664e-06,1.1467587910374277e-06,1.333826025128013e-07,1.4288303873399855e-07,1.331892069454345e-07,1.4269527071064658e-07,1.0398337410584298e-10,2.304309867917631e-11,6.102101526352135e-09,1.8132113588364973e-09,6.206676877579681e-09,1.836387153453245e-09
0.018443356384523213,0.001159621399274613,0.0010791761670816413,1.1160193720338684e-06,1.1467604602243777e-06,1.1160608437421615e-06,1.1467777767393272e-06,1.3337037785277062e-07,1.428783207302331e-07,1.3317696812009672e-07,1.4269053849602642e-07,6.582464434634616e-11,2.592261474920754e-11,4.777620965512597e-09,1.998291088156634e-09,4.8381050277157556e-09,2.0247739040968327e-09
0.018444260058458894,0.0012770537007760208,0.0010926382036377522,1.1160413916316449e-06,1.1467800865406757e-06,1.1160838084833813e-06,1.1467975264460203e-06,1.3338330973056145e-07,1.4288191029617662e-07,1.3318989999788755e-07,1.4269409968595458e-07,6.521594375641371e-11,3.083349433000943e-11,5.273891989787671e-09,1.8437751495273957e-09,5.346107112558229e-09,1.8732936448924705e-09
0.018444261513650417,0.001276231323057515,0.0010926598816354272,1.1160414213671862e-06,1.1467801181450498e-06,1.1160838392392408e-06,1.1467975582490908e-06,1.333833541938315e-07,1.4288191607647605e-07,1.331899444382738e-07,1.4269410542055994e-07,6.537281064930107e-11,3.0841402348658065e-11,5.2744328296601114e-09,1.8435263315907946e-09,5.346783352441786e-09,1.873049715328534e-09
0.018445163732394576,0.000766357137583995,0.0010483866357796016,1.11605985740279e-06,1.14679943377953e-06,1.1161029078721185e-06,1.146816936188858e-06,1.334109214212731e-07,1.4289092511864856e-07,1.3321749747774447e-07,1.427031002975718e-07,1.6263028423946224e-10,3.828600005133756e-11,5.609753550572805e-09,1.6903711760090718e-09,5.766052080247164e-09,1.7291759492658497e-09
0.018445166642777622,0.0007651797132068079,0.001048243818857486,1.1160598913534354e-06,1.1467994960880284e-06,1.1161029385785312e-06,1.1468169986983412e-06,1.3341090597667857e-07,1.4289095418007491e-07,1.332174819874559e-07,1.427031293133041e-07,1.6216132154365993e-10,3.831001488263652e-11,5.605510752248629e-09,1.6898771271200985e-09,5.761368371306646e-09,1.7287118403430668e-09
0.01844606886152178,0.0004001781562787965,0.0010011939822498247,1.1160704160535139e-06,1.1468179858153546e-06,1.1161124575664871e-06,1.1468354998123833e-06,1.3340611815237935e-07,1.4289545176684741e-07,1.3321267999799602e-07,1.427076127121057e-07,1.6782885844945916e-11,3.9956467247848986e-11,4.2902432717539796e-09,1.822381690891498e-09,4.3094185997460954e-09,1.8622807236183502e-09
0.018446070316713303,0.0004009635472852444,0.0010011180954165866,1.1160704348090339e-06,1.1468180156374954e-06,1.1161124743819036e-06,1.1468355296528898e-06,1.3340606964812765e-07,1.4289545902101963e-07,1.3321263149374432e-07,1.427076199433941e-07,1.707881979987299e-11,3.995912281617997e-11,4.293061089901427e-09,1.822595407929839e-09,4.312532850296997e-09,1.8624961573010523e-09
0.018446973990648985,0.0008886913622894177,0.0010439942636184978,1.1160820819869381e-06,1.1468364974087698e-06,1.1161229167555575e-06,1.146853803806784e-06,1.3337594850781898e-07,1.4289330244385198e-07,1.3318251035343565e-07,1.4270544917821877e-07,2.0085380580958656e-10,4.0437292620976744e-11,6.042926159466333e-09,1.7914416466870718e-09,6.2464824424068865e-09,1.8321814837000973e-09
0.018446975445840508,0.0008896213697800194,0.0010440633073676153,1.1160821162554962e-06,1.1468365271700762e-06,1.1161229522712524e-06,1.146853833233763e-06,1.3337594452603358e-07,1.4289329897110292e-07,1.3318250634876644e-07,1.4270544568262267e-07,2.0061384003063384e-10,4.043806262066241e-11,6.039794207799275e-09,1.7913914795997243e-09,6.243089291912008e-09,1.832132667800579e-09
0.018447877664584666,0.0014662260139530758,0.0011559931301209025,1.116103362761474e-06,1.1468563781204306e-06,1.1161449720020755e-06,1.1468736963930106e-06,1.3337347581909853e-07,1.4289229162516964e-07,1.3318002345386049e-07,1.4270443833668938e-07,5.183505707995195e-11,3.421707729510851e-11,4.097984174222802e-09,1.9259375593701383e-09,4.1393359850872e-09,1.9602418425272988e-09
0.01844787911977619,0.0014658287972400044,0.0011561736620930851,1.1161034018389433e-06,1.1468564101380925e-06,1.116145013492288e-06,1.1468737284303643e-06,1.333735253971608e-07,1.4289229000041814e-07,1.3318007300907573e-07,1.427044367119379e-07,5.205036436472541e-11,3.4207043447809227e-11,4.098452829705212e-09,1.9261545691762194e-09,4.140056332056127e-09,1.960448470228471e-09
0.01844878279371187,0.001219157218422695,0.0012178814792900283,1.1161276689472873e-06,1.1468778638556238e-06,1.1161707789142383e-06,1.1468953289295314e-06,1.3340431337383052e-07,1.4290091598923027e-07,1.3321084679773776e-07,1.4271303427904058e-07,1.8575618820904083e-10,2.2999343748941747e-11,4.389487884282062e-09,1.7828086784632546e-09,4.587391799759644e-09,1.8050906325228766e-09
0.01844968501245603,0.0004913056264682081,0.001149608040482029,1.1161431010636858e-06,1.1468992227963278e-06,1.1161858992636553e-06,1.146916894645286e-06,1.3342506122171471e-07,1.4291540190751018e-07,1.3323159464562195e-07,1.427275201973205e-07,1.94350507909391e-10,2.410407091259894e-11,5.952850656854025e-09,1.7675972893280215e-09,6.140711050761638e-09,1.7920954487782553e-09
0.018449686467647552,0.0004910375489461407,0.0011494979220323387,1.1161431129439158e-06,1.1468992572462322e-06,1.1161859089820463e-06,1.1469169294286985e-06,1.3342503577970062e-07,1.429154252718945e-07,1.3323156913484567e-07,1.427275435617048e-07,1.9414865351597582e-10,2.4105852730604838e-11,5.949554045124907e-09,1.7675727548294162e-09,6.137223651861513e-09,1.7920744888044737e-09
0.01845058723120019,0.000325097562786425,0.0010375675776909958,1.1161504668062872e-06,1.146918955906325e-06,1.1161919246660545e-06,1.1469365655293293e-06,1.3340928717298084e-07,1.429179223482753e-07,1.3321577796432393e-07,1.427300264501516e-07,6.920078399197394e-11,2.038869715980143e-11,3.908951384801185e-09,1.7608936740642542e-09,3.978523732683925e-09,1.7807640451833651e-09
0.01845058868639171,0.000326067006823147,0.001037386753225178,1.1161504850284845e-06,1.1469189877296856e-06,1.1161919418746902e-06,1.1469365972516243e-06,1.334092466457285e-07,1.4291792638232437e-07,1.3321573741418777e-07,1.4273003046127997e-07,6.958122872834302e-11,2.038269206194876e-11,3.912519472119008e-09,1.7608828839499324e-09,3.982485468972746e-09,1.7807457730611986e-09
0.01845149090513587,0.0009271223095907999,0.0010298906636660586,1.1161617827908912e-06,1.1469376389849519e-06,1.1162026112288004e-06,1.1469549848618994e-06,1.3338411974928022e-07,1.4290729959212688e-07,1.331905963297686e-07,1.4271940367108247e-07,3.0545696527717325e-10,1.4544012107553857e-11,6.1247336091696525e-09,1.690144099643986e-09,6.438761968041717e-09,1.7049585096754878e-09
0.018451492360327393,0.0009279575493420783,0.0010298785731990279,1.1161618173093914e-06,1.1469376690676218e-06,1.1162026469851445e-06,1.1469550145193352e-06,1.3338412451679277e-07,1.4290728245214268e-07,1.3319060109728115e-07,1.4271938653109828e-07,3.050345234633405e-10,1.4534594881820961e-11,6.123942798741758e-09,1.6900300048305894e-09,6.437517999672544e-09,1.7048362721538979e-09
0.01845239312388003,0.001444970955383429,0.0010997267249749946,1.1161831842609569e-06,1.1469568527923872e-06,1.116224780162156e-06,1.1469741966060785e-06,1.3338707560706098e-07,1.429003445524256e-07,1.3319355218754936e-07,1.427124344434472e-07,4.354304070086634e-11,1.2269079542928483e-11,5.634431143874963e-09,1.8385995097370787e-09,5.667501579154077e-09,1.8512238279945155e-09
0.01845239457907155,0.0014444801318070377,0.0010998395652848103,1.1161832218868444e-06,1.146956883783865e-06,1.1162248201359152e-06,1.1469742275949102e-06,1.333871277517295e-07,1.4290033334418695e-07,1.3319360433221788e-07,1.4271242321228783e-07,4.39357772889647e-11,1.2265419582768722e-11,5.632883634084401e-09,1.8388395250923395e-09,5.666376756338542e-09,1.8514603183916734e-09
0.018453295342624187,0.001140660338020849,0.0011329941879601791,1.1162065123111407e-06,1.1469769968189684e-06,1.1162495638927794e-06,1.1469944312129003e-06,1.3341940530153806e-07,1.4290596595397771e-07,1.3322588188202644e-07,1.4271804163414462e-07,2.8703972532184707e-10,9.411008861764756e-12,4.674975073726273e-09,1.789963755173585e-09,4.970111433522106e-09,1.7988636519429603e-09
0.01845329679781571,0.0011393672553364359,0.0011330477495476998,1.1162065338422916e-06,1.1469770293117553e-06,1.116249585346586e-06,1.1469944638520246e-06,1.3341943835323565e-07,1.4290597505350888e-07,1.3322591488788255e-07,1.4271805071075505e-07,2.868819802011179e-10,9.406397535882682e-12,4.67780584876717e-09,1.7898847959330055e-09,4.9727654431506606e-09,1.7987786815609752e-09
0.018454197561368346,0.0003389490736847023,0.0011190911284730948,1.1162198616245936e-06,1.1469973155548276e-06,1.1162628652527928e-06,1.1470147809734865e-06,1.3343989735403738e-07,1.429161619901078e-07,1.3324634551281633e-07,1.4272822345942e-07,1.8923775046975067e-10,9.822153188234332e-12,6.430055599082607e-09,1.7292965539825805e-09,6.615597403225593e-09,1.7392856816080038e-09
0.01845419901655987,0.00033867790656135453,0.0011190685814277401,1.1162198690467352e-06,1.1469973483274336e-06,1.1162628698443452e-06,1.1470148137959768e-06,1.3343986238936576e-07,1.429161784471944e-07,1.3324631052518696e-07,1.4272823989358585e-07,1.8907417712129267e-10,9.822824845184819e-12,6.426390523659414e-09,1.729198673139365e-09,6.611767601555038e-09,1.7391895701379667e-09
0.018455098324920982,0.00017109662433245632,0.0011148795772887882,1.1162244559303432e-06,1.1470174383490497e-06,1.1162657074237359e-06,1.1470349038580624e-06,1.3341825422230613e-07,1.4291640545354564e-07,1.3322468817023037e-07,1.4272845271204015e-07,8.798584777425233e-11,1.0565508080706643e-11,4.16137391212601e-09,1.7854771832629012e-09,4.244950169152162e-09,1.7960769405580937e-09
0.018455099780112505,0.0001723782931376827,0.0011148727989649387,1.1162244724733665e-06,1.1470174708571754e-06,1.1162657228264687e-06,1.1470349363662535e-06,1.3341820395713776e-07,1.4291640582086984e-07,1.3322463788214126e-07,1.4272845305640658e-07,8.837287607568476e-11,1.0566709833514931e-11,4.163280042576622e-09,1.785568248813263e-09,4.247263999283242e-09,1.7961689913192913e-09
0.01845600054366514,0.0009657312835728016,0.0011760146775945518,1.116234712604817e-06,1.1470381072263277e-06,1.1162752571181045e-06,1.1470554804946593e-06,1.333870898179157e-07,1.4290887202792552e-07,1.331935095549852e-07,1.4272091926346226e-07,3.2794339466235556e-10,1.688755652315276e-11,5.343174791505589e-09,1.723087912854485e-09,5.679524850421558e-09,1.7396812839760722e-09
0.018456001998856664,0.0009667304297374907,0.001176113452842742,1.116234749711241e-06,1.1470381405645653e-06,1.1162752960544688e-06,1.1470555136838811e-06,1.333871044649679e-07,1.4290885985701607e-07,1.3319352415612187e-07,1.427209070925528e-07,3.274508756582927e-10,1.689776790714248e-11,5.343427571531903e-09,1.7229869753165872e-09,5.67925841985341e-09,1.739590027582949e-09
0.018456901307217777,0.0015842027595153185,0.0012174712015747152,1.1162576814812934e-06,1.1470596668733272e-06,1.1162993587277015e-06,1.1470771927904256e-06,1.33396156343224e-07,1.429130878503081e-07,1.3320254765858408e-07,1.4272513508584485e-07,2.307413114743806e-11,2.0286023707869755e-11,5.49964562779337e-09,1.6972838264988514e-09,5.51460432873796e-09,1.7176124209878076e-09
0.0184569027624093,0.0015836028468861837,0.0012175381234982297,1.1162577221838675e-06,1.147059701705542e-06,1.116299401704632e-06,1.147077227869886e-06,1.3339621256678327e-07,1.429130946917212e-07,1.3320260385918561e-07,1.4272514192725794e-07,2.3447040838919114e-11,2.029150632243404e-11,5.497907634809233e-09,1.6972422356431593e-09,5.513260728583113e-09,1.7175768585175888e-09
0.018457802070770413,0.0012128568420808339,0.0011000691155047483,1.11628287637473e-06,1.1470805424318211e-06,1.1163259614477283e-06,1.1470982259573766e-06,1.3343095872642152e-07,1.429277791650677e-07,1.332373358309269e-07,1.427398122127075e-07,2.5390523017421174e-10,4.011001531641135e-11,4.4238279706121375e-09,1.663558838161061e-09,4.682915832887602e-09,1.7037576251993387e-09
0.018457803525961936,0.0012116592693081094,0.001099879036203788,1.116282900868784e-06,1.1470805761546793e-06,1.116325985468657e-06,1.1470982599348645e-06,1.334309820368074e-07,1.4292780292635143e-07,1.3323735914131278e-07,1.4273983595103346e-07,2.537765940715459e-10,4.0142084101191244e-11,4.426291757492744e-09,1.6635043342816402e-09,4.6852409199638785e-09,1.7037352639803771e-09
0.01845870428951457,0.00047036172299165513,0.0009352987249968692,1.1162980626881293e-06,1.1470989082941835e-06,1.1163408544234699e-06,1.1471165635157377e-06,1.3344541116566688e-07,1.4293118510977365e-07,1.3325178827017226e-07,1.4274320392360096e-07,1.7415084652139257e-10,3.2792896870192934e-11,5.951375836588113e-09,1.868275756322646e-09,6.1244698201790015e-09,1.9022514674560398e-09
0.018459603597875684,0.0003276017835815992,0.0009520167412091496,1.1163052388406626e-06,1.1471158810799717e-06,1.1163467661390314e-06,1.147133161794045e-06,1.3342905447188969e-07,1.429183242862564e-07,1.3323541736554034e-07,1.4273031467837427e-07,4.7952884718593936e-11,3.384828528574246e-11,4.497282546367387e-09,2.1203794275947985e-09,4.54167192742716e-09,2.1546391337778914e-09
0.018460502906236798,0.0008709898266694438,0.0011348052793861028,1.1163160178752292e-06,1.1471346507048078e-06,1.116357111641264e-06,1.1471517763148476e-06,1.3340815030460362e-07,1.4290810900045014e-07,1.3321451319825428e-07,1.4272008520467105e-07,2.4462501468924813e-10,4.754587539959793e-11,5.169968897433819e-09,2.137239082892929e-09,5.419941828677111e-09,2.184856250685625e-09
0.01846050436142832,0.0008717560936919878,0.0011351010537197226,1.1163160501266234e-06,1.147134681076369e-06,1.1163571448841035e-06,1.1471518064354314e-06,1.3340815753629869e-07,1.4290809247086145e-07,1.332145203840338e-07,1.427200686521246e-07,2.4429929501117447e-10,4.756803978489543e-11,5.170220581226993e-09,2.137266363888557e-09,5.419851611846515e-09,2.1849051456968027e-09
0.018461403669789433,0.0013453091136241824,0.0012688689034803247,1.1163359814883007e-06,1.1471563001791929e-06,1.1163776889588917e-06,1.147173634308274e-06,1.334126267238389e-07,1.4291887850959029e-07,1.3321896119578014e-07,1.4273084047999873e-07,4.3004533961665814e-11,3.0436403397615663e-11,5.325761165408949e-09,2.204254334614575e-09,5.364097610538465e-09,2.234808338386074e-09
0.018462302978150547,0.0011884141523985647,0.0012064238713875852,1.1163587674734796e-06,1.1471785606940793e-06,1.1164014495079755e-06,1.1471962579889805e-06,1.3343817784061685e-07,1.429437475053419e-07,1.3324449810170336e-07,1.4275569526489562e-07,1.3584808278288563e-10,4.6561046684878704e-11,4.812237719420409e-09,2.1219306312048047e-09,4.951651089157849e-09,2.1678312478456974e-09
0.01846320228651166,0.0006424115225307503,0.0010260394966588038,1.1163752322418516e-06,1.1471986374238068e-06,1.1164181614731206e-06,1.1472163805592572e-06,1.3345653826490889e-07,1.4295603989467054e-07,1.3326284431514068e-07,1.4276795923251484e-07,1.3973294743507836e-10,5.0751187974373835e-11,5.826821247723046e-09,1.8265852164134344e-09,5.96648952466694e-09,1.8761372455600167e-09
0.01846410013968125,0.00038339595058189957,0.0009328953968439357,1.1163844424867629e-06,1.1472162257828383e-06,1.1164263469254365e-06,1.147233660958591e-06,1.3344931915071356e-07,1.429498439620147e-07,1.3325561099009064e-07,1.4276173487814958e-07,4.355598173799713e-11,3.089474509554435e-11,4.910365447585718e-09,1.6909202926740363e-09,4.950442722417847e-09,1.7221174486437008e-09
0.01846499799285084,0.0008409741882742239,0.001038231411962396,1.1163954355328622e-06,1.1472339251402087e-06,1.1164364650539937e-06,1.1472510268989919e-06,1.3342221905077167e-07,1.4293724514250818e-07,1.3322849667929404e-07,1.4274912187078324e-07,1.8672025037247408e-10,4.051129101924106e-11,5.026090654780546e-09,1.870570520485587e-09,5.215967657790088e-09,1.9116573906376828e-09
0.018464999448042363,0.0008419513802275799,0.0010384021348394112,1.1163954687964012e-06,1.1472339538263633e-06,1.11643649945438e-06,1.1472510550447623e-06,1.3342221438280484e-07,1.429372247230276e-07,1.3322849196533737e-07,1.4274910142830777e-07,1.8646212278381582e-10,4.052687699318547e-11,5.0265048276117804e-09,1.870861687791603e-09,5.21611545829619e-09,1.9119645866538804e-09
0.018465897301211953,0.0014448788154481917,0.0012378657483509414,1.1164159924000473e-06,1.147254391369701e-06,1.1164577244926477e-06,1.14727163236239e-06,1.334193342472645e-07,1.429324498758433e-07,1.3322558345407742e-07,1.4274431237026874e-07,2.719740058165776e-11,3.6529862468270835e-11,5.282049464483407e-09,1.8709791493876082e-09,5.307308370561259e-09,1.907007884938139e-09
0.018466795154381543,0.0011712877939906718,0.001288353292487443,1.116439481734872e-06,1.1472770731074298e-06,1.1164826219101087e-06,1.1472945971036097e-06,1.3345339766601683e-07,1.4294849393081677e-07,1.3325963266197505e-07,1.427603564252422e-07,1.9558124564333923e-10,1.8804903814673146e-11,5.037369188443108e-09,1.8093716525058312e-09,5.234910283036243e-09,1.8283901059845675e-09
0.018467693007551134,0.00043418050957200194,0.0010977084530916503,1.1164538964829224e-06,1.1472984964384408e-06,1.116496832764824e-06,1.1473163112896145e-06,1.3347221283765975e-07,1.4297272343810619e-07,1.3327843362276326e-07,1.427845717216769e-07,1.2828572926171233e-10,4.3371972680006365e-11,5.2218487311961326e-09,1.8919206201672978e-09,5.34729105439169e-09,1.935425819610259e-09
0.018468590860720724,0.00045811975009968364,0.000879244845853222,1.1164619080290862e-06,1.1473162465762967e-06,1.1165031992277363e-06,1.1473338190626237e-06,1.3344831018002878e-07,1.4297701511623018e-07,1.3325451675427757e-07,1.4278883497809147e-07,8.469936557675695e-11,2.1328647181739768e-11,4.592414892812258e-09,1.84584303397628e-09,4.678484266662508e-09,1.8668904200325187e-09
0.01846948725869879,0.001109798521278026,0.0009256950501139727,1.1164759722999427e-06,1.1473324260210296e-06,1.1165170465425312e-06,1.1473495078462292e-06,1.334268581923547e-07,1.429530129826162e-07,1.3323305057878096e-07,1.427648328444775e-07,2.124988303567004e-10,2.463365622595859e-11,5.637758582685672e-09,1.816891082029315e-09,5.853251490554403e-09,1.8413478519718751e-09
0.018469488713890314,0.0011108564413611077,0.0009261799160785632,1.1164759951315513e-06,1.1473324573086301e-06,1.1165170690219384e-06,1.147349539036287e-06,1.334268233676994e-07,1.4295297856281874e-07,1.3323301573109347e-07,1.4276479840161046e-07,2.127062970203042e-10,2.465334022898822e-11,5.639455569195206e-09,1.8167945566081812e-09,5.855158580203579e-09,1.8412718364792733e-09
0.01847038365667686,0.0013258882445867926,0.001224372484301739,1.1164978026023447e-06,1.1473516991829352e-06,1.1165401474499959e-06,1.1473687209218042e-06,1.3344380533908407e-07,1.4293181038738112e-07,1.3324998349162342e-07,1.427436160383877e-07,2.528967139869831e-11,3.675900209221261e-11,5.296242555630215e-09,1.7574314226109777e-09,5.317296380979997e-09,1.7945223085291673e-09
0.018471280054654926,0.0009059151819212209,0.0014010590354835983,1.116517802331722e-06,1.147375233497994e-06,1.1165605779144473e-06,1.1473927088445635e-06,1.3347003862295268e-07,1.4294789707491873e-07,1.3327621677549204e-07,1.427596885150706e-07,2.0100851545273362e-10,8.417725717857483e-12,5.1017789395216265e-09,2.0529735689223116e-09,5.306418311420156e-09,2.062370052513529e-09
0.01847128150984645,0.0009052334074688417,0.0014007612125194599,1.116517834798815e-06,1.1473752716044997e-06,1.1165606110807857e-06,1.14739274760144e-06,1.3347008120945247e-07,1.429479591781994e-07,1.3327625936199183e-07,1.4275975061835127e-07,2.012937733164577e-10,8.489683893600803e-12,5.101463251833138e-09,2.0528973402164243e-09,5.306400652216325e-09,2.062362560310423e-09
0.018472176452632993,0.0005284355402723762,0.0012176000895742778,1.1165306653156458e-06,1.1473987071054436e-06,1.1165730029460974e-06,1.147416583080485e-06,1.3347479921321792e-07,1.4298615269581205e-07,1.3328096315490257e-07,1.4279794413596392e-07,5.522919274691951e-11,5.274396197574305e-11,5.5207216576036444e-09,2.0060166860957906e-09,5.572913241991273e-09,2.0577548554001623e-09
0.01847307285061106,0.0006199347395172694,0.000915485720484277,1.1165409592836144e-06,1.1474178280435154e-06,1.1165824389536283e-06,1.1474355687823845e-06,1.3346119942525547e-07,1.4299878614565387e-07,1.332673491560854e-07,1.4281056337495102e-07,1.1268648514306534e-10,3.1005979034270936e-11,4.860117197580394e-09,1.6866437135831802e-09,4.973991885037776e-09,1.7167210986102077e-09
0.018473967793397605,0.0010955355801200994,0.0008889191612801994,1.1165563117614954e-06,1.1474339764348447e-06,1.1165974456162076e-06,1.1474511438791524e-06,1.3344593696729135e-07,1.4296820438630675e-07,1.3325207248726656e-07,1.427799816156039e-07,1.2591860887312123e-10,2.237689894490913e-11,5.313922191163556e-09,1.6991755780182416e-09,5.43925393614586e-09,1.7224310866481574e-09
0.01847486273618415,0.0013518132387837299,0.0011779012093349195,1.1165782178625427e-06,1.1474524732946623e-06,1.1166203730770033e-06,1.1474694474600255e-06,1.3345937279982447e-07,1.4293480887772603e-07,1.3326549413201455e-07,1.4274658610702318e-07,5.573483632136923e-11,6.093622134661913e-11,4.795559046547589e-09,1.9036359155677474e-09,4.850690517364754e-09,1.9650696625461705e-09
0.018474864191375673,0.0013522299504238333,0.0011782279129310034,1.116578253482219e-06,1.1474525105046638e-06,1.1166204103574273e-06,1.1474694852941192e-06,1.3345939464670664e-07,1.4293482987103412e-07,1.3326551595582714e-07,1.4274660707726172e-07,5.562071636600052e-11,6.086562872069595e-11,4.794716179645775e-09,1.9037767596141296e-09,4.8497335036756795e-09,1.965139039589963e-09
0.018475759134162217,0.000828606136982879,0.0013791506245226515,1.1165977707174697e-06,1.1474753946555992e-06,1.1166408739882172e-06,1.1474927532617585e-06,1.3349264804674021e-07,1.4294774075551686e-07,1.3329874093415128e-07,1.427595037739593e-07,2.0532987810018e-10,1.7451163777937317e-11,5.5563909029388014e-09,1.9903958481393147e-09,5.7658158247875235e-09,2.0078059215222765e-09
0.01847665262175724,0.00028758654956995144,0.001204181391074144,1.1166077437606606e-06,1.1474984764066967e-06,1.1166498552483972e-06,1.1475164001240046e-06,1.3349141170238e-07,1.429908706995775e-07,1.3329749037893635e-07,1.4280263371801993e-07,3.976671769656548e-11,6.565500920707734e-11,5.33798916180217e-09,1.8315730043738654e-09,5.3720494719300405e-09,1.896265144907261e-09
0.018477547564543784,0.0006591285832537874,0.0009130434910679663,1.116616216319451e-06,1.1475174243580543e-06,1.1166571312060114e-06,1.1475351584522286e-06,1.3346370053568535e-07,1.4300485418061726e-07,1.332697792122417e-07,1.4281660298820498e-07,1.5605298997467543e-10,3.263378803297634e-11,4.667289665860608e-09,1.580415354140996e-09,4.826928190482249e-09,1.6127046364999842e-09
0.018478441052138805,0.0012779305984923822,0.0009441859526047036,1.1166335327077027e-06,1.1475340184727445e-06,1.11667495101704e-06,1.1475510746095097e-06,1.334599691580575e-07,1.4296969652605185e-07,1.3326603364686623e-07,1.4278144533363957e-07,1.0303361260383521e-10,4.1591671079421744e-11,5.714516580982531e-09,1.8215713382119247e-09,5.817088881048964e-09,1.864747911639597e-09
0.018478442507330328,0.0012789384193641062,0.0009447080289052645,1.1166335609102894e-06,1.1475340506244565e-06,1.1166749800395337e-06,1.1475511065897095e-06,1.3345996308089525e-07,1.4296964968799898e-07,1.332660275465969e-07,1.427813984955867e-07,1.0294726182635827e-10,4.160064130912982e-11,5.716222162277518e-09,1.8219986932016225e-09,5.818701520610148e-09,1.865181973459508e-09
0.01847933599492535,0.0012466066109237059,0.0012652628774496577,1.1166561258713521e-06,1.1475537917756715e-06,1.1166987019535783e-06,1.1475707424324355e-06,1.3348511795745098e-07,1.4294089112354413e-07,1.33291168235405e-07,1.4275263993113185e-07,6.736750125677883e-11,4.710836234989024e-11,4.676297060149043e-09,2.084394656876043e-09,4.740496545262818e-09,2.1316959308848027e-09
0.018479337450116873,0.001246553953255236,0.0012654214454369817,1.116656162622103e-06,1.147553830016453e-06,1.1166987405886175e-06,1.147570781871029e-06,1.334851589263053e-07,1.4294093519108059e-07,1.3329120918115223e-07,1.427526839986683e-07,6.73095537639945e-11,4.707011835926117e-11,4.6746033710576285e-09,2.084367066206518e-09,4.738740511101014e-09,2.131629334861861e-09
0.01848022948252037,0.0008093566453067915,0.0013626236216666143,1.116674495648771e-06,1.1475772716155522e-06,1.1167171278607784e-06,1.1475949577288702e-06,1.3350350363533617e-07,1.4296794859092188e-07,1.333095397024731e-07,1.427796973985096e-07,1.7781214723342355e-10,2.3626552103639398e-11,5.181900459939831e-09,2.0674539857878926e-09,5.365009085559874e-09,2.0908059727986483e-09
0.018480230937711895,0.0008086434359952932,0.0013621016705945678,1.1166745255558292e-06,1.147577306609551e-06,1.1167171578563284e-06,1.1475949932791518e-06,1.3350353356145206e-07,1.4296801902028816e-07,1.3330956960544427e-07,1.4277976780473116e-07,1.7799241247562492e-10,2.3734614764431553e-11,5.182728024522021e-09,2.0671947020605777e-09,5.3660307308689426e-09,2.0906545170415557e-09
0.018481122970115393,0.000541636938592216,0.001042145663430083,1.1166865704943086e-06,1.1475987579308035e-06,1.1167286402269383e-06,1.1476167856017128e-06,1.334995545221318e-07,1.4301119222182024e-07,1.3330554793355986e-07,1.4282292681855324e-07,3.911371920795048e-11,8.997702583002365e-11,5.373014033693835e-09,1.9082537772163732e-09,5.406609382418992e-09,1.9978121379438107e-09
0.018482015002518892,0.0006863623070059166,0.0007658998161756969,1.116697524645494e-06,1.1476148862823517e-06,1.1167390994160087e-06,1.1476324743853183e-06,1.3348532945656189e-07,1.4300570683190017e-07,1.3329130865713523e-07,1.4281742721777846e-07,1.1872013094826883e-10,2.259276099536578e-11,4.450379620379863e-09,1.918476044693307e-09,4.572101808264506e-09,1.9411652285583614e-09
0.018482908490113914,0.0010832985096672534,0.0009295588427948587,1.1167133421215468e-06,1.1476300349951482e-06,1.116754762689397e-06,1.147646912613709e-06,1.3347866121517373e-07,1.4296158212800947e-07,1.3328462622799944e-07,1.4277328830303304e-07,6.42684284065836e-11,6.932916046809012e-11,5.774655560596267e-09,1.8358632392079244e-09,5.840067021487231e-09,1.9045587329458158e-09
0.018482909945305437,0.0010839449855673533,0.0009301624178344917,1.1167133678829085e-06,1.1476300674329562e-06,1.1167547881996143e-06,1.1476469452546282e-06,1.3347865035484574e-07,1.4296155403085463e-07,1.3328461534456437e-07,1.4277326018269574e-07,6.417974485195543e-11,6.931184329809741e-11,5.776812361801831e-09,1.8355954568555329e-09,5.842132111411047e-09,1.904274550262992e-09
0.018483800522517413,0.0012204635009895066,0.0012995503420899501,1.1167338924063663e-06,1.1476499193713868e-06,1.1167761264586697e-06,1.147666921497148e-06,1.3349222795718346e-07,1.4294435857209464e-07,1.332981929469021e-07,1.427560505362635e-07,4.6031664953387926e-11,5.871373526256107e-11,5.011580751260774e-09,1.6717126571919039e-09,5.054876356534635e-09,1.7303547483749071e-09
0.018483801977708936,0.0012206865704591507,0.0012996796473344876,1.1167339259431695e-06,1.1476499583467245e-06,1.116776161325106e-06,1.1476669615564578e-06,1.334922501428082e-07,1.429444159023454e-07,1.3329821513252682e-07,1.4275610788969673e-07,4.6002011228063466e-11,5.86752303441665e-11,5.010330372812177e-09,1.6720602749032101e-09,5.053589990922092e-09,1.7306656024906016e-09
0.018484692554920912,0.0008038506739609375,0.0013788144569915062,1.1167519560105162e-06,1.1476738112532785e-06,1.11679491965333e-06,1.1476914778540959e-06,1.3351484540180536e-07,1.4297950201580534e-07,1.3332079618066928e-07,1.427912081908289e-07,9.97973717553613e-11,3.511022028668265e-11,5.1843254134098515e-09,1.884802314222611e-09,5.285719861802818e-09,1.9209083212956557e-09
0.01848558458732441,0.0004710310218980496,0.0010918271028498119,1.1167633283683494e-06,1.1476958418241354e-06,1.1168052651555627e-06,1.1477138013276082e-06,1.3351223060453776e-07,1.4301879472870082e-07,1.3331818138340168e-07,1.428304725744433e-07,2.6017807699951767e-11,8.596699967742586e-11,4.717310542190489e-09,1.9394384313526842e-09,4.739845849144331e-09,2.025060701963228e-09
0.018485587497707456,0.00047214240381517747,0.0010908907656421718,1.1167633656998502e-06,1.1476959137020175e-06,1.1168053003929185e-06,1.147713874161127e-06,1.3351216912462471e-07,1.430189229267853e-07,1.333181198571237e-07,1.4283060068009945e-07,2.6190436190890074e-11,8.613292717951637e-11,4.717654982997705e-09,1.9396166894836142e-09,4.740387888640815e-09,2.025400513971931e-09
0.01848647661972791,0.0008116695794977424,0.0008526627412452377,1.1167747704733538e-06,1.1477131907975525e-06,1.1168160654051462e-06,1.1477307858212893e-06,1.334933870111854e-07,1.4301187167250622e-07,1.332993235791946e-07,1.42823535238186e-07,7.892844017254319e-11,3.161743052714928e-11,4.8228816496020954e-09,1.8917263296867165e-09,4.905980954816869e-09,1.923400511845446e-09
0.018486478074919432,0.000812348809863733,0.0008522728426783033,1.1167748001648867e-06,1.1477132190743045e-06,1.1168160959561694e-06,1.1477308134999475e-06,1.3349338740464555e-07,1.4301186013199185e-07,1.3329932397265475e-07,1.4282352367445128e-07,7.887299921828177e-11,3.15282071283729e-11,4.823673417990191e-09,1.89164794939245e-09,4.90670616045255e-09,1.9232335723984306e-09
0.01848737010732293,0.0012287170242159529,0.0009510282018538874,1.1167930010745484e-06,1.1477293051039544e-06,1.1168348237333703e-06,1.1477463885967154e-06,1.3349362859571556e-07,1.429751677051172e-07,1.3329956516372476e-07,1.4278683124757663e-07,4.4887694256035005e-11,4.7776910899743896e-11,5.3090274398925885e-09,2.0019914614977097e-09,5.3512572151248605e-09,2.0502015640744276e-09
0.018488259229343385,0.0011040929319507953,0.0012056073326779156,1.116813742601564e-06,1.1477484839300069e-06,1.1168563105456997e-06,1.147765570278376e-06,1.3351098004932282e-07,1.4295973155892878e-07,1.333169024064773e-07,1.4277140928902257e-07,5.037529074436442e-11,3.69366299528899e-11,4.649123752642481e-09,1.9876023183890182e-09,4.700683842173703e-09,2.0241065142062042e-09
0.018488260684534907,0.0011035491639114073,0.0012060239924664984,1.1168137698843104e-06,1.1477485153192475e-06,1.1168563376228258e-06,1.1477656016722904e-06,1.335109999630654e-07,1.4295970629518706e-07,1.3331692229703742e-07,1.427713840485012e-07,5.045274868314955e-11,3.691888808554644e-11,4.650391244101379e-09,1.987578768236631e-09,4.70202837477931e-09,2.0240638054502824e-09
0.018489151261746883,0.0007707631238060286,0.001271057099742734,1.1168304669251004e-06,1.1477705756389768e-06,1.116872908824007e-06,1.147788225352997e-06,1.3352318717352318e-07,1.4298232997589366e-07,1.3332909531982295e-07,1.427940077292078e-07,9.78570072196483e-11,2.0989236390600574e-11,5.426096016947213e-09,1.9803674256024806e-09,5.52488232941073e-09,2.0016091006880288e-09
0.018490040383767337,0.0006651604552377899,0.0010712988581509564,1.1168432340378386e-06,1.1477913991347308e-06,1.116885187002481e-06,1.1478092230518561e-06,1.3352010341804998e-07,1.4301059174354747e-07,1.3332599735349504e-07,1.4282225530922725e-07,2.568460721885657e-11,4.3721399529231066e-11,4.764999506079448e-09,1.8465932187489698e-09,4.787551244334054e-09,1.888934898838445e-09
0.01849004183895886,0.0006654124828136162,0.0010709719215853397,1.1168432556373884e-06,1.1477914332157386e-06,1.1168852082141005e-06,1.1478092574179755e-06,1.3352008469507445e-07,1.4301063799848635e-07,1.3332597860726117e-07,1.4282230154094577e-07,2.58438743900483e-11,4.3758604378885124e-11,4.765216769638837e-09,1.846374275693563e-09,4.7879383694723286e-09,1.888750489342783e-09
0.01849092950578779,0.0008191493040676789,0.0009027040040865996,1.1168564313627604e-06,1.1478089479850004e-06,1.1168981473019812e-06,1.1478264813454159e-06,1.3350866368000425e-07,1.430077626224416e-07,1.333145434045946e-07,1.42819412000487e-07,1.22996848817003e-10,1.9788027527830662e-11,4.8977475408662485e-09,1.4812694629345178e-09,5.0240847038196534e-09,1.5004978149605991e-09
0.018490932416170835,0.0008201305074158163,0.0009021523059964398,1.1168564877818987e-06,1.1478090054104734e-06,1.116898203402349e-06,1.1478265378173091e-06,1.3350864663626674e-07,1.4300775319497916e-07,1.3331452626797566e-07,1.4281940252658387e-07,1.2278047547664343e-10,1.9709435472581305e-11,4.898613252145237e-09,1.4800723979746522e-09,5.024717188443515e-09,1.4992248553724608e-09
0.018491820082999766,0.0011193975285976876,0.0010174586585982542,1.1168736956190956e-06,1.1478260468381788e-06,1.1169153140144772e-06,1.1478431089298583e-06,1.3350344829632377e-07,1.4298015832005795e-07,1.3330929959920468e-07,1.4279180765166267e-07,5.6786606666969774e-11,3.7822191777848514e-11,5.162655192236798e-09,1.608513483710549e-09,5.217624998721249e-09,1.647193948252041e-09
0.01849182153819129,0.0011195956948418003,0.001017647685405798,1.1168737299597912e-06,1.1478260747749455e-06,1.1169153491811096e-06,1.1478431360956165e-06,1.3350346457717205e-07,1.429801130825581e-07,1.333093158567946e-07,1.427917624141628e-07,5.681662536112867e-11,3.7851884820971904e-11,5.162736946807178e-09,1.6087240428674932e-09,5.217744991480385e-09,1.6474365205354502e-09
0.01849270920502022,0.001240477103750623,0.0012626279158683648,1.1168946777841068e-06,1.1478463195899979e-06,1.1169368008268066e-06,1.1478634527336047e-06,1.335133958946244e-07,1.4296751449698996e-07,1.333192329866506e-07,1.4277916382859467e-07,7.512802879805491e-11,3.3543961122355406e-11,5.212607234739153e-09,1.6579637586456009e-09,5.290940574553815e-09,1.6912137900335673e-09
0.018492710660211742,0.0012399033452388682,0.0012630295228035493,1.1168947087769796e-06,1.1478463527782192e-06,1.1169368329637721e-06,1.1478634860395687e-06,1.335134262668433e-07,1.42967493843571e-07,1.333192633124288e-07,1.427791431751757e-07,7.520530063803455e-11,3.3536898952357674e-11,5.213357570625532e-09,1.6580444794911386e-09,5.291759194961297e-09,1.691285556049138e-09
0.018493599782232195,0.0008893368945567248,0.00130077572525716,1.1169136454222331e-06,1.147869148684521e-06,1.1169564686497324e-06,1.1478867537599262e-06,1.335319836925919e-07,1.4299223707790244e-07,1.3333779236290866e-07,1.4280388640950715e-07,1.224183948655977e-10,2.709498728946371e-11,5.671812797203302e-09,1.6963897757467326e-09,5.7919362639324845e-09,1.7240950147211883e-09
0.018493601237423718,0.0008886573754873522,0.0013008375030025832,1.1169136652635896e-06,1.1478691859936965e-06,1.1169564874424831e-06,1.1478867918413016e-06,1.3353198727437852e-07,1.429922775741943e-07,1.3333779592143693e-07,1.4280392690579902e-07,1.2225348086854126e-10,2.708444406251953e-11,5.670076928071651e-09,1.6964525340057435e-09,5.790035940789413e-09,1.724148712689555e-09
0.01849448890425265,0.00047415074317003203,0.0010476827701602076,1.1169257684910662e-06,1.147890033029132e-06,1.1169679510203423e-06,1.1479079375931178e-06,1.3353417216421803e-07,1.4302501938345813e-07,1.3333996662368008e-07,1.4283666871506284e-07,2.165594266412274e-11,5.936327818201192e-11,4.611196757764446e-09,1.8210531971263322e-09,4.630838823516115e-09,1.8806227686241073e-09
0.01849537657108158,0.0007215227849020067,0.0008273146164682058,1.1169363820883573e-06,1.1479066735521977e-06,1.116977500714711e-06,1.147924281704125e-06,1.3351360905744514e-07,1.4301897546740856e-07,1.3331938930605247e-07,1.428306106114169e-07,9.573281750663298e-11,1.8474980507300377e-11,5.447199136199288e-09,1.81423140177005e-09,5.54851586898053e-09,1.8324409154996303e-09
0.0184953780262731,0.0007224660929734811,0.0008269533571998583,1.116936411474594e-06,1.1479067008317438e-06,1.1169775306714717e-06,1.1479243084977497e-06,1.3351359698635904e-07,1.4301896555934945e-07,1.3331937721170805e-07,1.4283060068009945e-07,9.569077663366788e-11,1.8407950511112325e-11,5.447177678186616e-09,1.8142202184989742e-09,5.548433358513623e-09,1.832361928855164e-09
0.018496265693102032,0.0012978840165728256,0.0009545579625909148,1.1169543370789118e-06,1.1479225165736747e-06,1.116995804295584e-06,1.1479395176010482e-06,1.3350623362384795e-07,1.4298135424139773e-07,1.3331199966160057e-07,1.4279297517455138e-07,7.004584412495518e-11,4.680026637242281e-11,5.434088290456884e-09,1.7851145862465756e-09,5.4981019736999315e-09,1.8319578040400825e-09
0.018496267148293555,0.0012978610080583385,0.000954767150468605,1.1169543746480693e-06,1.1479225425011204e-06,1.1169958436200477e-06,1.1479395425340044e-06,1.3350626239500463e-07,1.4298129258349945e-07,1.3331202843275725e-07,1.4279291349339474e-07,6.999310158670397e-11,4.6846811152523316e-11,5.432759338936106e-09,1.7850668720953422e-09,5.496735641515926e-09,1.8319571415403857e-09
0.018497153359930962,0.0012838488227356892,0.0012284705055592294,1.116977254264938e-06,1.1479418945902085e-06,1.1170197922183434e-06,1.1479590646141317e-06,1.3352378402942122e-07,1.4296829678015888e-07,1.3332955006717384e-07,1.427799318776124e-07,3.7872895791712935e-11,3.0422211664672024e-11,4.623427862782137e-09,1.724530777925106e-09,4.664639341456223e-09,1.7546701963906288e-09
0.018497154815122485,0.0012830646147353568,0.0012289199363557657,1.1169772846572906e-06,1.147941926367038e-06,1.1170198227333048e-06,1.1479590966700925e-06,1.3352380854372706e-07,1.4296827544058033e-07,1.3332957455822132e-07,1.4277991056133033e-07,3.802860469016111e-11,3.0395241878977686e-11,4.625134538317712e-09,1.7244313754716245e-09,4.666495806610585e-09,1.7545432884347179e-09
0.018498042481951416,0.0008046977345326223,0.0012442870779985071,1.1169958239922862e-06,1.1479638802053152e-06,1.1170384368597297e-06,1.1479816066639614e-06,1.3353876227029104e-07,1.430006051350574e-07,1.3334451409718895e-07,1.428122402558074e-07,1.330110327435463e-10,2.917495411924875e-11,5.6662066150181545e-09,1.8569394910628034e-09,5.79893955077182e-09,1.887124456700917e-09
0.018498928693588823,0.0005609439059196461,0.0009918715387091644,1.1170079264674292e-06,1.1479836936300776e-06,1.1170499192303396e-06,1.1480015827459521e-06,1.3353765382362326e-07,1.4303482552551315e-07,1.3334336301795702e-07,1.428464464587049e-07,3.206032314628793e-11,5.3216367310083815e-11,4.5894861244732965e-09,1.9682116235544786e-09,4.618074367357394e-09,2.0212542972686264e-09
0.018498930148780346,0.0005612514928133487,0.0009914570632751918,1.1170079455233924e-06,1.147983726164437e-06,1.1170499373084105e-06,1.1480016155474004e-06,1.3353763462732116e-07,1.4303488171663048e-07,1.3334334377506194e-07,1.4284650262652576e-07,3.2154278937750033e-11,5.3255844179034284e-11,4.59043669888301e-09,1.968394336415713e-09,4.619133784392367e-09,2.0214745433122516e-09
0.018499816360417753,0.0007485719110782441,0.0008506720924277522,1.1170195506049563e-06,1.1480000492786998e-06,1.1170609468535986e-06,1.1480173921121544e-06,1.3352594407933793e-07,1.4302424104795644e-07,1.3333162485196226e-07,1.4283584777029348e-07,8.937335593817153e-11,1.7909849707567442e-11,5.169336514398992e-09,1.9484484029862123e-09,5.2643187586909335e-09,1.9665048489421262e-09
0.018499817815609276,0.0007491808633029119,0.0008504409184197925,1.1170195777878718e-06,1.1480000760818432e-06,1.117060974295249e-06,1.1480174180178437e-06,1.33525928911759e-07,1.4302422357559408e-07,1.3333160968438333e-07,1.4283583027463465e-07,8.939818292456053e-11,1.7851810307778493e-11,5.169814345638265e-09,1.9484156510429784e-09,5.264805338998087e-09,1.9664145867182015e-09
0.01850070257205516,0.0011194238159009662,0.0010572911990117835,1.117036105000475e-06,1.1480169578747903e-06,1.1170776588187437e-06,1.1480339890411785e-06,1.3351670702377305e-07,1.4298726508605036e-07,1.3332238779639738e-07,1.4279887178509093e-07,1.0449299064907436e-10,5.4971481993753146e-11,5.4603357391158625e-09,2.058528097115301e-09,5.560646165747585e-09,2.11409203881332e-09
0.018500704027246684,0.0011197414729879754,0.001057631413289073,1.1170361403997325e-06,1.148016985640897e-06,1.1170776949748854e-06,1.148034016296151e-06,1.3351671804300958e-07,1.4298720429906098e-07,1.3332239876904093e-07,1.4279881099810154e-07,1.0438290240135796e-10,5.503253408534192e-11,5.458827705345144e-09,2.05870920311213e-09,5.55903491181221e-09,2.1143349293595293e-09
0.01850159023888409,0.0013131946389766114,0.0013193125022206154,1.1170576985475735e-06,1.148038050394491e-06,1.1170997140652617e-06,1.148055275734805e-06,1.3352342875805334e-07,1.4298328210315958e-07,1.3332908110896824e-07,1.4279488880220015e-07,3.733915954207134e-11,2.2754737330488162e-11,4.5404351389777275e-09,2.1147363860052337e-09,4.577781265169278e-09,2.1370167857526212e-09
0.0185024764505215,0.0010189993322737845,0.0012446580704799936,1.1170783667219537e-06,1.148060771513721e-06,1.117121200877591e-06,1.1480785433303056e-06,1.3354303973756032e-07,1.430228086403941e-07,1.333486778776205e-07,1.4283440115187644e-07,2.0103828324291584e-10,4.8657458751476916e-11,5.096486788147558e-09,1.9268811442604702e-09,5.299651828494234e-09,1.97522209335478e-09
0.018502477905713022,0.0010180512774717403,0.0012445354852061996,1.1170783879631695e-06,1.1480608088226195e-06,1.1171212219376118e-06,1.148078581536538e-06,1.3354305753607343e-07,1.4302287354439613e-07,1.333486956761336e-07,1.4283446603258199e-07,2.0079823999465914e-10,4.8699991955780675e-11,5.095890364690488e-09,1.9265726791672932e-09,5.298805396644305e-09,1.9749564206250625e-09
0.01850336411735043,0.0004406859030268162,0.0009541849662610957,1.1170913238635942e-06,1.1480802941391344e-06,1.1171340474902536e-06,1.148098135672626e-06,1.3355389683056273e-07,1.430512668321171e-07,1.3335953497062292e-07,1.4286285932030296e-07,5.461190180633402e-11,4.877485221266298e-11,4.732668479334734e-09,1.9896735370394936e-09,4.78332840003759e-09,2.0389436805601235e-09
0.018504248873796314,0.00047539672166152513,0.0008792595811186743,1.1170994289636657e-06,1.1480965156579492e-06,1.1171405276400037e-06,1.148113710769394e-06,1.335304062877185e-07,1.4303269324500434e-07,1.3333603021692397e-07,1.428442857331902e-07,1.2849810104853532e-10,1.9339590692779574e-11,4.42293091040824e-09,2.090410067268067e-09,4.553886157054876e-09,2.1098789382278937e-09
0.01850513508543372,0.0012780125160745115,0.0011419554609730653,1.117114967880382e-06,1.1481144279008693e-06,1.1171558753630961e-06,1.1481313322292408e-06,1.3350317829008418e-07,1.4300056250249327e-07,1.3330878800843493e-07,1.428121407798244e-07,1.5756147775380924e-10,6.100032978739733e-11,5.088063748104332e-09,2.111456565145886e-09,5.246535206282488e-09,2.1725408139161573e-09
0.018506019841879606,0.0015166466419387348,0.0013914274465847143,1.1171396938074229e-06,1.148136842169443e-06,1.1171823643962853e-06,1.1481541832836228e-06,1.3352428140933625e-07,1.430054510365153e-07,1.333298769168323e-07,1.4281701510299172e-07,3.0053289717946186e-11,1.6038004257978855e-11,5.171882033749853e-09,2.03501526740979e-09,5.201950425970381e-09,2.0503234665625314e-09
0.01850690459832549,0.0008085933054324812,0.001288907688987706,1.1171602665177395e-06,1.1481605566073262e-06,1.1172033964612638e-06,1.1481783985800575e-06,1.3355447947560606e-07,1.4304804096809676e-07,1.3336006077224738e-07,1.4285960503457318e-07,2.307906088461209e-10,5.473815845036256e-11,5.244473300081154e-09,1.890385181724241e-09,5.477093001360345e-09,1.9451216193289156e-09
0.018507789354771376,0.000397322393823174,0.0009570030611669722,1.1171709359346206e-06,1.148180427447457e-06,1.11721305984247e-06,1.1481982937766588e-06,1.335477008979069e-07,1.430777984978704e-07,1.333532679836935e-07,1.428893483534921e-07,5.2170216063851527e-11,5.901155258891677e-11,5.959952531497947e-09,1.878375899266871e-09,6.012807141075882e-09,1.9371633186437975e-09
0.01850867411121726,0.0006562999568231476,0.0008304058006913806,1.1171802579262832e-06,1.1481962416625766e-06,1.117221700042137e-06,1.1482135278129135e-06,1.3353214001199376e-07,1.4305666695690888e-07,1.3333770709778037e-07,1.4286820260167588e-07,1.363037321899796e-10,1.9443759102788505e-11,5.206201247887066e-09,1.8503037990669213e-09,5.3378341746679325e-09,1.869635113393997e-09
0.018509557412471622,0.001044168120009859,0.0010836551258890381,1.1171952838263605e-06,1.1482131485867502e-06,1.1172367955225582e-06,1.1482301260912209e-06,1.335251313960839e-07,1.430180844863571e-07,1.3333067010690732e-07,1.428296201311241e-07,1.6294625702194034e-10,7.063719748012787e-11,4.498292025417446e-09,1.7871689683701675e-09,4.663220754716917e-09,1.8578139027169982e-09
0.018509558867663145,0.0010448071120414681,0.0010840837358925138,1.1171953085807264e-06,1.1482131839174198e-06,1.117236820391554e-06,1.1482301619923276e-06,1.3352511984976445e-07,1.430180873378773e-07,1.3333065851384163e-07,1.428296229826443e-07,1.6299014915510668e-10,7.057300908229261e-11,4.49712578287631e-09,1.7873674727775235e-09,4.662109365227707e-09,1.8579491362811112e-09
0.018510442168917507,0.0012973313087834004,0.0013442500080023123,1.1172159967187764e-06,1.1482346296339222e-06,1.1172580798302079e-06,1.1482519539640634e-06,1.3353159999951458e-07,1.4301981821063237e-07,1.3333712445273704e-07,1.4283135385539936e-07,4.198343062089549e-11,3.161065159629217e-11,6.075331793198302e-09,1.9078596480426313e-09,6.122499396354897e-09,1.9400359096977127e-09
0.018511324014980346,0.0009645078668539531,0.0012352030661125879,1.1172359426584944e-06,1.1482573748524572e-06,1.1172789982083486e-06,1.1482752213707358e-06,1.335609596253562e-07,1.430593444270893e-07,1.3336645565686922e-07,1.428708800718563e-07,2.5028626393641673e-10,5.914754343225134e-11,5.8978071315607394e-09,1.9374296046302856e-09,6.142939490416666e-09,1.996103133049409e-09
0.01851132547017187,0.000963375788637839,0.001235023120663925,1.117235960713233e-06,1.1482574123858211e-06,1.1172790157849322e-06,1.1482752597657964e-06,1.335609848449487e-07,1.4305940965186892e-07,1.333664808297155e-07,1.428709452966359e-07,2.499609260038815e-10,5.919298384782223e-11,5.895956063285471e-09,1.937478399938186e-09,6.140770333749514e-09,1.9961956532199565e-09
0.01851220877142623,0.00027620431145658486,0.0009169400471797928,1.1172469199394668e-06,1.1482764207034762e-06,1.1172896847710945e-06,1.1482942454676959e-06,1.335762931375939e-07,1.4308355389403005e-07,1.333817607473975e-07,1.4289508953879704e-07,5.2480800954990414e-11,7.138469676482018e-11,4.772357620197454e-09,1.7249581762968091e-09,4.824092236788147e-09,1.7959376208409594e-09
0.018513092072680593,0.0004422013565451924,0.0008194457549279832,1.1172532656257438e-06,1.1482917582210468e-06,1.1172942322446033e-06,1.1483090247565997e-06,1.3354892303141241e-07,1.4305908280221047e-07,1.333543764303613e-07,1.4287061844697746e-07,1.7811009611623518e-10,4.026491640107821e-11,5.4021733753018e-09,1.8259729284153536e-09,5.582651230184865e-09,1.8668078194394866e-09
0.01851397391874343,0.0013437854151137074,0.0010587095911915867,1.1172690152797725e-06,1.1483083206600206e-06,1.117309921028209e-06,1.1483252819743939e-06,1.335284451897678e-07,1.4302297302037914e-07,1.333338985887167e-07,1.4283450866514613e-07,1.5567952482697933e-10,8.309779947479612e-11,4.7912371847758095e-09,1.87654269900861e-09,4.942564579835107e-09,1.959837847564927e-09
0.01851485576480627,0.0014682103133331495,0.001294799293162896,1.1172938145640114e-06,1.1483290749854558e-06,1.1173367069207685e-06,1.14834642772621e-06,1.3355775644719782e-07,1.4302865736226522e-07,1.3336318147126051e-07,1.428401930070322e-07,6.52546093309084e-11,4.046914192645801e-11,5.203280877735979e-09,2.0674602030368305e-09,5.274693065998345e-09,2.1088375490307953e-09
0.018514857219997793,0.0014684156349473731,0.0012946615017086472,1.1172938554869227e-06,1.1483291114519612e-06,1.1173367511219112e-06,1.1483464648102197e-06,1.3355780481560942e-07,1.4302872064388021e-07,1.3336322979284887e-07,1.4284025626523559e-07,6.510539329873666e-11,4.0512814433035616e-11,5.203960817823372e-09,2.0677472712277586e-09,5.275241132807196e-09,2.109167125045819e-09
0.018515739066060632,0.0006188221084126033,0.0012111598804338541,1.1173122617107847e-06,1.14835121015427e-06,1.1173555094501353e-06,1.148368937720079e-06,1.3359111505906185e-07,1.430670693025604e-07,1.333965400363013e-07,1.428785907364727e-07,2.625804573774815e-10,6.69783534190671e-11,5.787413215330162e-09,2.2417105949301686e-09,6.047223610750052e-09,2.3088901901502368e-09
0.01851662091212347,0.0002429674573591889,0.0009741012802968463,1.1173198613681405e-06,1.1483704807937787e-06,1.1173615348525345e-06,1.148388150795654e-06,1.335782684463993e-07,1.430838949545432e-07,1.3338366500192933e-07,1.4289540217760077e-07,2.8864011875073814e-11,5.606123204549007e-11,5.112177792199191e-09,2.138326182787864e-09,5.1408606260849865e-09,2.193535575401029e-09
0.018517501302994788,0.0008258587004587063,0.0009581656741577405,1.117329279698248e-06,1.1483874922956552e-06,1.1173701607944462e-06,1.1484047490739613e-06,1.3355146843937455e-07,1.4305977913409151e-07,1.3335683662009568e-07,1.4287128635714907e-07,2.4160290520254043e-10,4.6199561537507705e-11,5.640166039381739e-09,1.902108248685863e-09,5.884078005913614e-09,1.947519923106711e-09
0.01851750275818631,0.0008268221570588707,0.0009585370589797455,1.1173292952657358e-06,1.148387523456989e-06,1.1173701750522014e-06,1.1484047800282984e-06,1.335514241418423e-07,1.4305973898725442e-07,1.3335679227566288e-07,1.4287124618686174e-07,2.41954539736966e-10,4.6222035441204666e-11,5.641038747228322e-09,1.901855796794422e-09,5.88530646439267e-09,1.9472910160044168e-09
0.018518383149057627,0.0013628963826493035,0.0011832248762928543,1.117348573347867e-06,1.1484063760639143e-06,1.1173901839356404e-06,1.1484235074021854e-06,1.3355119676816685e-07,1.430354501508191e-07,1.33356536480278e-07,1.4284694316302193e-07,1.1627875745601202e-10,5.98187471778644e-11,5.195689212200705e-09,1.7491224024723806e-09,5.306469486043852e-09,1.808802219116501e-09
0.018519263539928943,0.0012879343018949174,0.0013183977231818744,1.1173719099283857e-06,1.1484284001209148e-06,1.1174144727720757e-06,1.1484459037092165e-06,1.3357083213593934e-07,1.4304698936484783e-07,1.3337614347324157e-07,1.4285846816619596e-07,1.1734111556682617e-10,3.7693376198078e-11,4.250929998178683e-09,1.8570794901862087e-09,4.368901956013829e-09,1.8955297331757492e-09
0.018519264995120466,0.0012878103976292077,0.0013181965644500854,1.1173719485012461e-06,1.1484284367203555e-06,1.1174145129189128e-06,1.148445940727906e-06,1.3357086459109269e-07,1.430470328899946e-07,1.3337617588149442e-07,1.4285851169134273e-07,1.173428715306457e-10,3.77108750562715e-11,4.24936841270096e-09,1.857363088308238e-09,4.367352257617085e-09,1.895829632491415e-09
0.01852014393080026,0.0007672136801684104,0.001196696690449528,1.1173900108410943e-06,1.1484505427825374e-06,1.1174329301866237e-06,1.1484683000162477e-06,1.3359365880205587e-07,1.430733220786351e-07,1.333989558816029e-07,1.4288480087998323e-07,3.077381960370218e-10,4.8280185405147336e-11,4.938272901711116e-09,2.028656354013947e-09,5.249373824511849e-09,2.076968819153535e-09
0.018521024321671575,0.00025647112105784244,0.001014637895738968,1.1173990158363527e-06,1.1484700111703684e-06,1.117441329130064e-06,1.1484876267786603e-06,1.335955599142535e-07,1.4307816798009299e-07,1.3340084280639607e-07,1.428896325705864e-07,1.653143224392625e-11,3.644521143209012e-11,5.2992031313092165e-09,1.8828825165684293e-09,5.313364338902655e-09,1.9188690636440242e-09
0.018521025776863098,0.0002556269184808002,0.001014600813130555,1.1173990307206425e-06,1.148470040373746e-06,1.1174413430126151e-06,1.148487655529216e-06,1.335955630565877e-07,1.4307813751483915e-07,1.3340084592528e-07,1.4288960210533256e-07,1.6050098750053365e-11,3.6439173372919005e-11,5.299799710201114e-09,1.883065388467871e-09,5.3134701083479285e-09,1.9190479802133712e-09
0.01852190471254289,0.0005988253741215091,0.000992202917649121,1.117406545800904e-06,1.1484876792136914e-06,1.1174473584556715e-06,1.1485050208648317e-06,1.335639961679071e-07,1.4305973650152737e-07,1.333692648492337e-07,1.4287120109202078e-07,2.986101976225032e-10,3.279218563356778e-11,4.823156538620897e-09,1.99352001573061e-09,5.1239122718864895e-09,2.0271135880989277e-09
0.018521906167734414,0.0005993935834851527,0.000992428426795763,1.1174065582430897e-06,1.1484877100759587e-06,1.1174473684150144e-06,1.1485050514945087e-06,1.3356394390484638e-07,1.430597084556422e-07,1.3336921256268397e-07,1.428711730461356e-07,2.990780123557357e-10,3.280551214632611e-11,4.822367394297089e-09,1.993619285450694e-09,5.123598434408905e-09,2.0272243021080546e-09
0.018522785103414208,0.0015438898955686398,0.0011286359513675848,1.1174253963263062e-06,1.1485063508854896e-06,1.1174662404300761e-06,1.1485235518193804e-06,1.3354691930089757e-07,1.4304276874099742e-07,1.3335217374788044e-07,1.4285423333149083e-07,1.2377959768272717e-10,4.0854725852357276e-11,5.617839082816545e-09,2.0535781963815225e-09,5.741589426122573e-09,2.0940955636206127e-09
0.018523664039094,0.00157259749980998,0.0012422465455017573,1.1174527882459804e-06,1.1485271894176806e-06,1.1174959126947215e-06,1.1485445838843589e-06,1.3358369699290051e-07,1.4305062734365492e-07,1.3338893722902867e-07,1.4286209193414834e-07,1.3972353829494466e-10,2.841802140829408e-11,4.987554369506597e-09,1.974086893952176e-09,5.125372126713046e-09,2.00244953951767e-09
0.018524542974773794,0.0005670466207825233,0.0011630995514053666,1.1174715797088857e-06,1.1485483308627489e-06,1.1175152075120724e-06,1.1485660706966883e-06,1.3361910865768558e-07,1.4307607898444985e-07,1.3342432051908234e-07,1.4288752936408855e-07,3.314744588545449e-10,4.490901053810781e-11,5.1950574501567404e-09,2.046663283294947e-09,5.529728009925056e-09,2.092127582287162e-09
0.018524544429965317,0.0005653818014463852,0.001162836103489269,1.1174716108205793e-06,1.1485483623978632e-06,1.1175152394571342e-06,1.1485661019417463e-06,1.3361916728626966e-07,1.4307609232477207e-07,1.3342437910068838e-07,1.4288754268088286e-07,3.3179192726606743e-10,4.4897743698687214e-11,5.195400998303512e-09,2.046894514811589e-09,5.5303974733078576e-09,2.092347155359175e-09
0.018525421910453588,0.0001012414933397876,0.0010039770100824796,1.1174774603099214e-06,1.1485673780718563e-06,1.1175192184964544e-06,1.14858494271175e-06,1.3360035211462673e-07,1.4308413653907337e-07,1.3340554971819074e-07,1.4289557270785735e-07,1.5402335656888866e-11,3.810383952806973e-11,5.604551489568621e-09,2.1863271193467426e-09,5.6175140095149345e-09,2.22474971778297e-09
0.01852630084613338,0.0007126602163750624,0.001019529239343342,1.11748462287976e-06,1.1485851633902653e-06,1.1175255744362877e-06,1.1486024504847592e-06,1.3356983509100787e-07,1.430650087286267e-07,1.3337503269457189e-07,1.428764448974107e-07,3.033831477877678e-10,3.880485516249976e-11,5.103245356141155e-09,2.1683157491736438e-09,5.408582881836137e-09,2.2065365090639943e-09
0.018526302301324904,0.0007136724990290944,0.0010197965424042924,1.1174846347383193e-06,1.1485851954080036e-06,1.1175255849593668e-06,1.1486024823472395e-06,1.3356978456613433e-07,1.430649836769873e-07,1.3337498216969834e-07,1.428764198457713e-07,3.038599372118256e-10,3.8816552353992306e-11,5.102415379099057e-09,2.1678856310987116e-09,5.4082369693730925e-09,2.206117601111629e-09
0.01852717832662165,0.001322222474222159,0.001180712985096477,1.117502478548868e-06,1.1486044700864795e-06,1.1175441986809498e-06,1.1486216635603341e-06,1.3357205453218104e-07,1.4304990259006445e-07,1.3337725213574505e-07,1.4286133875884843e-07,1.3983033967860198e-10,4.585826163250317e-11,5.576606852730078e-09,1.9089545499895166e-09,5.714456275780234e-09,1.9539350137876e-09
0.018527179781813174,0.0013232333545796227,0.0011808122581982757,1.1175025081897492e-06,1.1486045053222967e-06,1.1175442296007532e-06,1.14862169932275e-06,1.3357205830288876e-07,1.4304992296523032e-07,1.3337725590645277e-07,1.428613591340143e-07,1.3955786526409497e-10,4.586242195892796e-11,5.57739454620787e-09,1.9088666376042717e-09,5.714964945724432e-09,1.9538534693769355e-09
0.018528057262301445,0.0012779661573603107,0.001240673938582848,1.1175253332079275e-06,1.1486257525200976e-06,1.1175678764629993e-06,1.1486432640595012e-06,1.335929340484654e-07,1.4306220919024781e-07,1.333981316520294e-07,1.428736453590318e-07,9.55781634393027e-11,4.837109879307633e-11,4.600600789217424e-09,1.8558554693015594e-09,4.694227229151693e-09,1.904682189746154e-09
0.018528934742789716,0.0007999647315362186,0.0011107351496246753,1.117543559690201e-06,1.1486463856760461e-06,1.1175866037343885e-06,1.1486640687508043e-06,1.336113066366844e-07,1.430853728834336e-07,1.3341647586559479e-07,1.4289679484136286e-07,2.8347350562600967e-10,6.956383385992027e-11,5.1440028939878186e-09,1.8750530017541678e-09,5.4314158042363345e-09,1.9442034648875506e-09
0.01852893619798124,0.0007991720260207558,0.0011105292313244094,1.1175435899165398e-06,1.1486464161958007e-06,1.1175866347912233e-06,1.148664098916466e-06,1.3361133710532158e-07,1.4308537580573207e-07,1.3341650628717616e-07,1.4289679776366134e-07,2.8378510652515843e-10,6.955257757011914e-11,5.144904058340671e-09,1.8749856585345363e-09,5.432638339186724e-09,1.9441264087814446e-09
0.018529812223277986,0.0002751520486512504,0.0009865664145642938,1.1175530012672029e-06,1.148664789088052e-06,1.1175956160514033e-06,1.1486822586448397e-06,1.3361325557070813e-07,1.4308713502941828e-07,1.3341839633085328e-07,1.4289855698734755e-07,3.750612320718716e-11,6.277629110984506e-11,4.775710937821032e-09,1.8344450403162682e-09,4.805960962528388e-09,1.8977386329055435e-09
0.01853069115895778,0.0003907476014219924,0.0010637195187896964,1.117558854096819e-06,1.1486828097826581e-06,1.1176001635249122e-06,1.1486999937915243e-06,1.3359372985632945e-07,1.4306709772426984e-07,1.3339884219476517e-07,1.428785196821991e-07,1.5810933118309833e-10,7.299889165368612e-11,4.0931604772254104e-09,2.02288608086576e-09,4.2574117564697644e-09,2.096229856363152e-09
0.018531567184254527,0.001149656668676613,0.0012382854396537544,1.1175723484278973e-06,1.148702978468695e-06,1.1176134648849256e-06,1.1487201964893401e-06,1.3357299621929997e-07,1.4305529390082693e-07,1.3337808013602626e-07,1.428667016714684e-07,1.852032832649897e-10,6.980713983414578e-11,5.907565103768775e-09,1.9840215576942893e-09,6.093602511469953e-09,2.0535813175259193e-09
0.01853156863944605,0.0011502472142506288,0.0012385754162664853,1.1175723870606387e-06,1.1487030119714957e-06,1.1176135054873676e-06,1.1487202300486388e-06,1.3357301855064308e-07,1.430552742931468e-07,1.3337810242015724e-07,1.4286668204022135e-07,1.8492982749030806e-10,6.980183792082428e-11,5.905570924860392e-09,1.9839569986856986e-09,6.0913261264094354e-09,2.0535104727770204e-09
0.018532443209551275,0.0015051651042341518,0.0012705933950533162,1.1175956053382115e-06,1.148724956877732e-06,1.1176379075550358e-06,1.148742589152502e-06,1.3358643968786055e-07,1.4307017090422327e-07,1.333914951828774e-07,1.4288157865129782e-07,2.05829069066521e-11,5.819997981149662e-11,4.707069400922137e-09,2.0296694221962613e-09,4.7232187050383345e-09,2.0881568423450706e-09
0.018532444664742798,0.0015044877394636232,0.001270646669560449,1.1175956432103948e-06,1.1487249933917191e-06,1.1176379468355378e-06,1.14874262635567e-06,1.335864818246972e-07,1.4307019569059776e-07,1.33391537296108e-07,1.428816034376723e-07,2.093046446639616e-11,5.818067555507511e-11,4.7083684614490605e-09,2.029745482801104e-09,4.724885522331604e-09,2.0882144902145683e-09
0.018533319234848022,0.001097391512375978,0.0010866867411959912,1.1176184043925351e-06,1.1487456072480407e-06,1.1176615544172819e-06,1.148763396487685e-06,1.3361180606352718e-07,1.4309407283006602e-07,1.3341684734768933e-07,1.4290546638989193e-07,2.2981255787257737e-10,7.433040584845404e-11,5.4891038381299495e-09,1.935689122832231e-09,5.7266427155866495e-09,2.009011071197421e-09
0.018533320690039545,0.0010964238011507892,0.0010863806514649355,1.1176184278534364e-06,1.1487456415473025e-06,1.1176615772679586e-06,1.148763431046973e-06,1.3361182492477788e-07,1.4309411255908344e-07,1.3341686618533396e-07,1.4290550609530328e-07,2.29651358514913e-10,7.435727727989061e-11,5.4892600616321535e-09,1.935532623065228e-09,5.726611497295501e-09,2.008879285142484e-09
0.01853419526014477,0.0005148293548122851,0.0009033923992123047,1.117632527855171e-06,1.1487630408447359e-06,1.1176753105246462e-06,1.1487805692433352e-06,1.3362316053644463e-07,1.4309021106570627e-07,1.3342818760975206e-07,1.429016046019261e-07,1.327705445586247e-10,5.185121277868536e-11,5.583150386456737e-09,1.6797762099705152e-09,5.707849304315005e-09,1.7313141890966836e-09
0.018534196715336293,0.0005146653197816173,0.0009030879262468261,1.117632541399302e-06,1.148763069795314e-06,1.1176753222138402e-06,1.148780597759469e-06,1.3362314337972452e-07,1.4309020457403676e-07,1.3342817040589809e-07,1.429015981102566e-07,1.3265782941920993e-10,5.181376508400781e-11,5.581346900406353e-09,1.6793506585344176e-09,5.705954177547126e-09,1.730852350334544e-09
0.01853507274063304,0.00041591623131959077,0.0009730849151807774,1.1176406949660848e-06,1.1487795055440156e-06,1.117682359108585e-06,1.1487966276035877e-06,1.3361281503421196e-07,1.4306026230315183e-07,1.3341781368580996e-07,1.4287164162851695e-07,6.480331549152396e-11,5.533757480025159e-11,4.495648298075139e-09,1.8654342515134203e-09,4.565087863284134e-09,1.9218215907557124e-09
0.018535947310738266,0.001013886174301648,0.0011609977504261654,1.1176531995904881e-06,1.1487981723275214e-06,1.117694182539708e-06,1.1488153547717981e-06,1.3358749129110947e-07,1.43048969253231e-07,1.3339244731014333e-07,1.4286034857859612e-07,2.582135061324209e-10,4.307707990724553e-11,6.037120581225963e-09,1.876685848067108e-09,6.295630239350203e-09,1.9186343366774784e-09
0.01853594876592979,0.0010148038817994586,0.001161310417373329,1.1176532371378093e-06,1.1487982033870613e-06,1.1176942214425129e-06,1.1488153859318118e-06,1.3358749400580764e-07,1.4304895046279853e-07,1.3339244997762936e-07,1.4286032978816365e-07,2.578179483130405e-10,4.305667974935368e-11,6.034445916011664e-09,1.8767045695256e-09,6.29254900087432e-09,1.9186290334261002e-09
0.018536823336035013,0.0015663460879835611,0.0011608488374932335,1.1176758030778206e-06,1.1488185122977e-06,1.1177176020282786e-06,1.1488361906231148e-06,1.3358912553940172e-07,1.4307308049410494e-07,1.3339405313672614e-07,1.4288444560861535e-07,2.008769886541195e-11,3.57459131739013e-11,4.426972122217876e-09,1.6149606096860225e-09,4.440724676868513e-09,1.6505170563618776e-09
0.018537697906140238,0.00118789434379174,0.0009859612230656012,1.1176998908412629e-06,1.1488372876567057e-06,1.1177432952536037e-06,1.1488549489513389e-06,1.336233310667012e-07,1.4309709683857363e-07,1.334282302423162e-07,1.4290846195308404e-07,2.5385815671796763e-10,3.853642405182711e-11,5.2599382627249724e-09,1.6945372882659626e-09,5.5243791763359695e-09,1.7333424695564759e-09
0.018538572476245463,0.0003420703003806924,0.0009026722126890263,1.1177132714546613e-06,1.148853805080132e-06,1.1177563692399417e-06,1.148871206169133e-06,1.3364149253902724e-07,1.4308778872873518e-07,1.3344637750378752e-07,1.4289913963239087e-07,1.7344968517019055e-10,2.21888653284541e-11,5.95538240943938e-09,1.7474377500548144e-09,6.119751372324345e-09,1.769935642492726e-09
0.018539447046350688,0.00023856714544479019,0.0010359257917045284,1.1177183495361823e-06,1.1488707594787388e-06,1.1177596661582356e-06,1.1488879181342782e-06,1.3361793094190944e-07,1.4306354501059104e-07,1.334228159066697e-07,1.4287489591424674e-07,8.689684388718533e-11,3.469473319750449e-11,3.9127403539396255e-09,1.8450783123569181e-09,4.001629694272424e-09,1.8797430278993943e-09
0.01854032016126439,0.0009900867502814492,0.001159925219522641,1.1177290770965836e-06,1.1488899335858297e-06,1.1177700116604683e-06,1.148907326236691e-06,1.3358949502162432e-07,1.4306775861177282e-07,1.333943799863846e-07,1.428791095154285e-07,3.1840993730547495e-10,2.0083040171709373e-11,5.969132743643968e-09,1.6490411158975592e-09,6.292652177108948e-09,1.6681922288356054e-09
0.018540321616455913,0.0009909233057035123,0.0011601318852356712,1.1177291132281642e-06,1.1488899655426748e-06,1.1177700494930265e-06,1.1489073585835285e-06,1.3358950601671156e-07,1.4306776563444146e-07,1.3339439093418114e-07,1.4287911653809715e-07,3.179553173023418e-10,2.0058687349999715e-11,5.9670294824662485e-09,1.6487143872367938e-09,6.290068968549706e-09,1.667839644170499e-09
0.018541194731369615,0.00149285655894138,0.0010390257039674111,1.1177507921764958e-06,1.148909166715562e-06,1.1177927490280126e-06,1.1489269127196167e-06,1.3359610306906688e-07,1.4309969742498652e-07,1.3340095961211773e-07,1.429110341177875e-07,4.5183315422470116e-11,3.9672268942192446e-11,4.705072775834651e-09,1.6265665481185465e-09,4.74014383300414e-09,1.667149529538392e-09
0.018542066391091794,0.0010997199789031242,0.0008557321264757907,1.1177733906219428e-06,1.14892567988913e-06,1.1178165095770964e-06,1.1489432563394075e-06,1.336263153461914e-07,1.4311056479717383e-07,1.3343114346753282e-07,1.429219014899748e-07,2.856798131389837e-10,1.628821064136865e-11,4.478163173615712e-09,1.9227788070989388e-09,4.774219242165145e-09,1.939687946187855e-09
0.018542067846283317,0.0010984958361867042,0.000855426127181147,1.1177734119220203e-06,1.1489257074570326e-06,1.1178165305741663e-06,1.1489432836242486e-06,1.3362634052848802e-07,1.4311058293969836e-07,1.334311685788934e-07,1.4292191963249934e-07,2.855338068962064e-10,1.6249172146709512e-11,4.4809367730468155e-09,1.923273318382712e-09,4.776820750746636e-09,1.9401429351972865e-09
0.01854294096119702,0.00036401020633469727,0.0009446875301577506,1.117786191968564e-06,1.1489414245178385e-06,1.1178291288160835e-06,1.1489585176605033e-06,1.336414499064631e-07,1.4308412232821865e-07,1.3344623539524036e-07,1.4289545902101963e-07,1.9793006122981183e-10,2.997860293341148e-11,6.145096431708907e-09,1.9565820075229112e-09,6.3377258996411e-09,1.986530273612175e-09
0.01854381407611072,0.00020266276212765888,0.001205534812896758,1.1177911396747637e-06,1.1489601984297934e-06,1.1178327667948906e-06,1.148977389675565e-06,1.336226773673843e-07,1.4307141782410326e-07,1.3342743443445215e-07,1.4288275451690424e-07,8.75849670567419e-11,2.2821996029098734e-11,4.101923245514172e-09,1.9805963535901583e-09,4.188787094960844e-09,2.0035111347738166e-09
0.0185446857358329,0.0008666949175939465,0.001236166727061582,1.1178004608349438e-06,1.148981482204406e-06,1.1178412933077198e-06,1.1489991811686195e-06,1.3359606043650274e-07,1.4310129600403343e-07,1.3340080329271586e-07,1.429126326968344e-07,3.228048939263317e-10,2.072050069718001e-11,5.925040458265585e-09,2.0204829169016372e-09,6.254117224102629e-09,2.0415110261554996e-09
0.018544687191024423,0.0008677384505094197,0.0012362178654825584,1.1178004951551418e-06,1.148981517736584e-06,1.1178413293686533e-06,1.1489992175484076e-06,1.3359607338996963e-07,1.4310134588413348e-07,1.3340081619873416e-07,1.4291268257693446e-07,3.223389227755461e-10,2.0716992357727726e-11,5.923089081346138e-09,2.020549505488134e-09,6.251670462333365e-09,2.0415744650392753e-09
0.01854555739555508,0.0014917711339623718,0.0009941955631564128,1.1178210186335765e-06,1.1490009233734043e-06,1.1178628938068869e-06,1.1490187390398612e-06,1.3360381956317724e-07,1.4313145097487802e-07,1.3340853399768093e-07,1.429427734805486e-07,4.3688174605760466e-11,4.2286239876144254e-11,4.756165683517111e-09,2.1044049782299432e-09,4.788506924313651e-09,2.1469467161234464e-09
0.018545558850746602,0.001491238737126502,0.0009937908435873055,1.1178210574013945e-06,1.149000955824302e-06,1.1178629347341484e-06,1.1490187716844957e-06,1.336038802908964e-07,1.4313150131783914e-07,1.3340859470171532e-07,1.429428237997854e-07,4.398860748456671e-11,4.232230885192756e-11,4.755149862016121e-09,2.1045452047729896e-09,4.787826520432267e-09,2.147122923901179e-09
0.01854643051046878,0.0011723330324404646,0.0008571447859253567,1.11784427932437e-06,1.149017089684668e-06,1.1178874501638347e-06,1.149034574154939e-06,1.3364025619466702e-07,1.4312072948996502e-07,1.33444956418316e-07,1.4293202355020185e-07,2.2394790188950964e-10,1.027062723063521e-11,4.146672782923133e-09,2.087199080236246e-09,4.380264595482686e-09,2.0966586244952623e-09
0.01854730217019096,0.000467626097254481,0.0010297536086625314,1.1178585741875636e-06,1.149033537017972e-06,1.1179014336448745e-06,1.1490506039990578e-06,1.3365587392399902e-07,1.4308859874745394e-07,1.3346054572593857e-07,1.4289989280769078e-07,1.756137457675777e-10,3.868303941056972e-11,6.099644789259173e-09,1.6888057619013352e-09,6.272245833827128e-09,1.7262199447642956e-09
0.01854817382991314,0.0003944011538621339,0.0012659329927515728,1.1178660881319058e-06,1.149053547593424e-06,1.1179076864209492e-06,1.1490708402561722e-06,1.3363802509047673e-07,1.430856571005279e-07,1.3344268268156156e-07,1.4289695116076473e-07,5.953542520087396e-11,1.582477898720569e-11,4.155766841762443e-09,1.6744780007016402e-09,4.2116807819070345e-09,1.6911673172970154e-09
0.018549044034443796,0.0008886178748568341,0.0012437024065768904,1.117877253021623e-06,1.1490753862308743e-06,1.1179186003573705e-06,1.1490930856766658e-06,1.336220094572127e-07,1.4311998995613665e-07,1.334266386265881e-07,1.4293128401637349e-07,2.0550042223455023e-10,2.7522506168238473e-11,5.152247961603962e-09,1.8609802437701965e-09,5.364791277884251e-09,1.8886932932103306e-09
0.01854904548963532,0.0008892127389316572,0.0012436652316836216,1.1178772840689975e-06,1.149075422750335e-06,1.1179186326224163e-06,1.1490931228763657e-06,1.3362202029921706e-07,1.4312004736893869e-07,1.3342664942114385e-07,1.4293134142917552e-07,2.0528888662498713e-10,2.7542067584929164e-11,5.152703064819324e-09,1.8612921204308464e-09,5.365013123056793e-09,1.889023604206841e-09
0.018549915694165975,0.0012449414556758853,0.0010170094058938872,1.117895850398956e-06,1.1490950952434545e-06,1.1179379271197831e-06,1.1491129043861292e-06,1.3362850381781755e-07,1.4314500162981858e-07,1.3343310456548352e-07,1.429562814792007e-07,7.879059210624817e-11,3.250571339874497e-11,5.424854787605682e-09,1.8199111107009003e-09,5.497676536236895e-09,1.8522179345836776e-09
0.01855078589869663,0.001093471214366426,0.0009220873060569179,1.1179161993719562e-06,1.1491119693508957e-06,1.117958845497924e-06,1.1491293889775989e-06,1.336514543481826e-07,1.4313312135527667e-07,1.3345604088499385e-07,1.4294438699380407e-07,1.4238527024090786e-10,9.624889427128913e-12,4.562057398516117e-09,1.8019136183156093e-09,4.7080899179263724e-09,1.8114518773870714e-09
0.018551656103227288,0.0006729419342419247,0.001078214009730516,1.117931564659699e-06,1.1491293760635726e-06,1.1179743945928608e-06,1.1491465556900948e-06,1.3366389646155817e-07,1.4310904816738912e-07,1.3346846881123902e-07,1.429202853842071e-07,1.4414493161504184e-10,2.8399501500464552e-11,5.799307731864927e-09,1.830491758170183e-09,5.943487057364482e-09,1.8592929418304038e-09
0.01855165755841881,0.0006722387080209807,0.0010784867821348736,1.11793159035416e-06,1.1491294098174082e-06,1.1179744205946918e-06,1.1491465897201015e-06,1.3366391726776783e-07,1.431090462900354e-07,1.3346848959372437e-07,1.4292028353061734e-07,1.4414787419259056e-10,2.8369303335564986e-11,5.801376712355477e-09,1.8306513904181457e-09,5.945552938868559e-09,1.8594218186727122e-09
0.018552526307757944,0.00045058288470656294,0.0012413319075363916,1.1179413448593265e-06,1.1491495608572352e-06,1.1179836292285472e-06,1.149166905634047e-06,1.3365263384912396e-07,1.4310792550986662e-07,1.3345716354251635e-07,1.429191769375393e-07,7.937868418128602e-11,1.0340998890523423e-11,4.6909525153182585e-09,1.925951842451923e-09,4.766694594593446e-09,1.9363612935308083e-09
0.0185533965122886,0.0006495624235896003,0.0011661184633169341,1.1179509183736431e-06,1.1491705105994356e-06,1.1179924968018895e-06,1.1491882787595387e-06,1.3363690243295423e-07,1.4313381768715772e-07,1.334414037046372e-07,1.429450549039757e-07,1.4443606033420764e-10,2.3117627603874702e-11,4.984862744805696e-09,1.9228285630390474e-09,5.132695157783473e-09,1.9459875932881232e-09
0.018554265261627734,0.0010126018899043743,0.000918822453437329,1.117965358415132e-06,1.1491886235098711e-06,1.1180072760907933e-06,1.1492064686535741e-06,1.336414641173178e-07,1.4315169494238944e-07,1.3344592275643663e-07,1.429629321592074e-07,1.0402204791981617e-10,3.164191825222318e-11,5.022207538729617e-09,1.8824253267268887e-09,5.123487412106442e-09,1.9137382789580215e-09
0.018555134010966867,0.001018133938255217,0.0008038059239154904,1.1179830004997205e-06,1.149203588832515e-06,1.1180255490636716e-06,1.1492210205688025e-06,1.3365994989655737e-07,1.4313863516690617e-07,1.3346436597440398e-07,1.4294985817286943e-07,1.309077417373949e-10,4.162355356218672e-12,4.867679086265297e-09,1.7818722053419833e-09,5.001361388208489e-09,1.7854879796885825e-09
0.01855513546615839,0.0010181432046678651,0.0008041320222452671,1.117983030050951e-06,1.1492036150640688e-06,1.1180255796716665e-06,1.1492210460437796e-06,1.3365998086101172e-07,1.431385920590626e-07,1.334643968675664e-07,1.429498150412619e-07,1.3095277640040592e-10,4.226724880132194e-12,4.867420244636378e-09,1.781606901212519e-09,5.0011568220043046e-09,1.7852876653786642e-09
0.018556002760306,0.0007639980113793854,0.0009984866267921458,1.11799848645742e-06,1.1492192490701157e-06,1.118040927394759e-06,1.14923622913008e-06,1.3366536677494878e-07,1.4311289978429636e-07,1.3346975435979402e-07,1.4292410860316886e-07,1.2647465019721693e-10,4.259096113259121e-11,5.371979749924094e-09,1.6234856400517906e-09,5.497200472603936e-09,1.6659003366673597e-09
0.018556004215497524,0.0007640979248242017,0.0009988127251219225,1.117998509560686e-06,1.1492192753016694e-06,1.1180409494846637e-06,1.1492362546050572e-06,1.3366535070739949e-07,1.431128566764528e-07,1.3346973824463716e-07,1.4292406547156133e-07,1.2645989164642378e-10,4.265533065650473e-11,5.371348462606865e-09,1.6232203359223263e-09,5.496558393993295e-09,1.6657000223574414e-09
0.018556871509645134,0.000823646337934747,0.0012941130639134713,1.1180122791072125e-06,1.1492391617128468e-06,1.1180541150679346e-06,1.1492562634884962e-06,1.3365577444801602e-07,1.4310708706943842e-07,1.3346013361115183e-07,1.4291829586454696e-07,1.1766379537370142e-10,2.153961037310026e-11,4.995101221538789e-09,1.663562620990433e-09,5.113879542051336e-09,1.6853228812507837e-09
0.018557740258984268,0.0009930581095998203,0.0013284494037897332,1.1180280617150944e-06,1.1492619452069533e-06,1.1180701449120534e-06,1.1492796829770668e-06,1.3366003770443058e-07,1.4313611984562158e-07,1.334643968675664e-07,1.4294732864073012e-07,9.930920669143362e-11,1.5459513877380537e-11,5.566779925914034e-09,1.7905774640780692e-09,5.665337532434478e-09,1.8066822482509792e-09
0.01855860755313188,0.0008513333346834786,0.0010379500876975811,1.1180440559517827e-06,1.1492824688512521e-06,1.118086601891142e-06,1.14930048766837e-06,1.3367659399287576e-07,1.4316924534796271e-07,1.334809247819097e-07,1.4298043993221654e-07,8.603104834007389e-11,6.21304674375267e-11,4.555020634640266e-09,1.8329502360359129e-09,4.638687601164771e-09,1.8947270419289453e-09
0.0185586090083234,0.0008510955414369747,0.0010375221470579799,1.1180440827877503e-06,1.149282495341844e-06,1.118086629503523e-06,1.1493005133764488e-06,1.3367662177188322e-07,1.4316923289858747e-07,1.334809525133096e-07,1.4298042745903753e-07,8.600876955089376e-11,6.204458175622441e-11,4.553323051936786e-09,1.832659872174166e-09,4.636965034165996e-09,1.894350214753489e-09
0.018559476302471012,0.0007933714986751905,0.0007824695258555892,1.1180583443141531e-06,1.1492982837346143e-06,1.118100249072424e-06,1.1493158353914623e-06,1.3367330200196363e-07,1.4316181307094666e-07,1.3347760436928812e-07,1.4297299344434578e-07,8.482608350613191e-11,1.0856715700058306e-11,5.304642668917098e-09,1.6596030105731074e-09,5.394219715237344e-09,1.6697612181815202e-09
0.018559477757662535,0.0007932746462544493,0.0007826619737778078,1.1180583682428887e-06,1.1492983081765642e-06,1.1181002719240496e-06,1.1493158588536789e-06,1.3367329643187986e-07,1.4316175253175182e-07,1.3347759875159682e-07,1.4297293290515093e-07,8.482409913357358e-11,1.0890674331022859e-11,5.305903272301293e-09,1.659593970265455e-09,5.395490276782766e-09,1.669788385301677e-09
0.018560343596618623,0.0011193102453672665,0.0008971684874978791,1.1180749281479485e-06,1.1493128511368052e-06,1.118116415455006e-06,1.149329818872502e-06,1.3366081930143991e-07,1.4312573171082477e-07,1.3346509319944744e-07,1.4293691208422388e-07,8.978945365001323e-11,3.109605975493146e-11,5.358433252666828e-09,1.654214987212299e-09,5.4441611219147035e-09,1.685952821794956e-09
0.018561210890766233,0.001232006820910167,0.0012394823565244906,1.118095320983256e-06,1.1493313821845302e-06,1.1181377885804977e-06,1.1493483498270507e-06,1.3367181850298948e-07,1.4310890605884197e-07,1.334760781901423e-07,1.4292007222138636e-07,6.127190421700845e-11,4.1748896006943426e-11,4.823641930329359e-09,1.815350536560345e-09,4.88693174816035e-09,1.857513587388837e-09
0.01856207672972232,0.0008546605296438914,0.00139539738034955,1.1181133881620611e-06,1.149354195999738e-06,1.118156092161371e-06,1.1493716556287836e-06,1.3369076157232485e-07,1.4313462770587648e-07,1.3349499283776822e-07,1.4294577965756616e-07,1.1056593834934958e-10,5.722829328480561e-12,5.477266640241396e-09,1.9132371242847057e-09,5.58793811222813e-09,1.919068015610037e-09
0.01856294402386993,0.0006539211847155076,0.0012078148769774089,1.1181264690818396e-06,1.1493767735072957e-06,1.1181684632697893e-06,1.1493946203700034e-06,1.3368803765854467e-07,1.431724996336925e-07,1.3349224054988615e-07,1.4298365158538218e-07,5.817447541510174e-11,4.0171282966738886e-11,5.049725229814635e-09,1.8955443881196743e-09,5.10701437588268e-09,1.9356585223562206e-09
0.018562945479061455,0.0006535843737340841,0.0012074144454105474,1.1181264910296917e-06,1.1493768051922426e-06,1.1181684840266826e-06,1.1493946517055352e-06,1.3368803308821953e-07,1.4317250154439564e-07,1.3349223593195347e-07,1.4298365347220154e-07,5.808657027595032e-11,4.012826390620283e-11,5.049007878454859e-09,1.8954475800305847e-09,5.1062074568619664e-09,1.9355179638296845e-09
0.01856380986282602,0.0008551521477666954,0.0009695580946949001,1.1181395352364307e-06,1.1493956260507038e-06,1.1181813090483995e-06,1.1494132650113897e-06,1.336788257440887e-07,1.431736365020697e-07,1.3348302858782265e-07,1.4298477424290468e-07,8.942777805624409e-11,1.4574941947786968e-11,5.50452890439625e-09,1.837943575111467e-09,5.5964213901737904e-09,1.8520261990673248e-09
0.018563811318017542,0.000855491487453619,0.0009695955904785231,1.1181395571963748e-06,1.1493956545932113e-06,1.118181330639345e-06,1.1494132929076558e-06,1.3367881024350936e-07,1.4317358780302304e-07,1.334830130872433e-07,1.4298472551997422e-07,8.948054103230518e-11,1.457752963333833e-11,5.505295774810293e-09,1.8377613826617314e-09,5.597246666155797e-09,1.8518472275705052e-09
0.018564675701782107,0.0010418231390581859,0.0009918680859506424,1.1181559599874515e-06,1.1494126088426707e-06,1.1181979010213864e-06,1.149429863289697e-06,1.3367859743894548e-07,1.4314466056930542e-07,1.334827860957085e-07,1.4295578409928567e-07,7.759818395923665e-11,1.611461485084842e-11,5.191717166352543e-09,1.729539067518715e-09,5.264644659715122e-09,1.7455381584596807e-09
0.01856467715697363,0.0010421368287073518,0.0009921787706998393,1.1181559876015779e-06,1.1494126403998608e-06,1.1181979289176525e-06,1.1494298946252289e-06,1.3367859708068863e-07,1.4314463513306967e-07,1.3348278571356786e-07,1.429557586869337e-07,7.757817999110017e-11,1.6116982448096457e-11,5.191189256237294e-09,1.7296209495455509e-09,5.2640847236773425e-09,1.745623181951196e-09
0.018565541540738195,0.0010662899380247115,0.0011767255117227648,1.1181742125002373e-06,1.1494313853708386e-06,1.118216459872201e-06,1.1494485079310834e-06,1.3368412510317285e-07,1.4312952600903373e-07,1.3348829952519736e-07,1.429406637498687e-07,6.777082367515064e-11,1.7523335213431857e-11,4.629824967850027e-09,1.7782588734860383e-09,4.700730027451527e-09,1.796127135911263e-09
0.01856640592450276,0.00083773432237777,0.0012541573574491593,1.1181906705768176e-06,1.1494523975276954e-06,1.1182332855241839e-06,1.149469881056575e-06,1.3369880491609365e-07,1.4314403529169795e-07,1.3350295091640874e-07,1.4295514461082348e-07,1.1584972564593343e-10,1.1801510289843886e-11,5.605174102640831e-09,1.9336330314700945e-09,5.720789619800826e-09,1.946340644209954e-09
0.018567271763458848,0.0004978238017641452,0.0011368591859397537,1.1182022294129884e-06,1.1494730998803746e-06,1.1182445216368953e-06,1.1494907994347159e-06,1.3370413923222937e-07,1.431686769137741e-07,1.3350827104553346e-07,1.4297978623289964e-07,4.474027709413087e-11,2.5996706523589985e-11,4.571738133476981e-09,2.153816680561249e-09,4.613092184905564e-09,2.1799833049840345e-09
0.01856727321865037,0.0004972525235782399,0.0011366008270868918,1.1182022488396039e-06,1.1494731307341195e-06,1.1182445405211183e-06,1.149490830057433e-06,1.3370414819746657e-07,1.4316868322970953e-07,1.3350827998692694e-07,1.4297979252491107e-07,4.462076541589255e-11,2.5976554147516445e-11,4.570001266301915e-09,2.1535074232650837e-09,4.611230508544395e-09,2.179651862665625e-09
0.018568136147223413,0.0006878663380618377,0.0009833940273397956,1.1182124755688855e-06,1.1494914270049178e-06,1.1182538628418115e-06,1.1495089893287513e-06,1.3368592988172168e-07,1.4317242857941892e-07,1.3349004746032733e-07,1.4298352368768974e-07,1.0874788569648075e-10,1.4026195135907749e-11,5.063837349439382e-09,1.970117846639141e-09,5.177651640764225e-09,1.9831065678488358e-09
0.018569000530987978,0.0012167133220870596,0.0010138335963216782,1.1182289384462511e-06,1.149508690716238e-06,1.1182704611201189e-06,1.1495259286675719e-06,1.3367714757350768e-07,1.4315173757495359e-07,1.334812367304039e-07,1.429628184723697e-07,6.774042438095762e-11,1.7996841863987534e-11,5.3459321414095484e-09,1.8281076652471029e-09,5.409892978036623e-09,1.8461703277239394e-09
0.018569864914752543,0.001206006179001441,0.001182784284600058,1.11824987988447e-06,1.1495276779245702e-06,1.1182925927947631e-06,1.1495449143694714e-06,1.3369439893015342e-07,1.4313742724425538e-07,1.3349847390007872e-07,1.4294849393081677e-07,5.789045826509929e-11,1.8975793159015097e-11,4.624236496987484e-09,1.8946026969501872e-09,4.68286569260352e-09,1.9138655105166436e-09
0.018569866369944066,0.0012059881535080308,0.0011828538393918878,1.1182499151394166e-06,1.1495277129493438e-06,1.1182926300534746e-06,1.1495449499683802e-06,1.3369442797284137e-07,1.4313745068977324e-07,1.3349850291888288e-07,1.4294851737633463e-07,5.7873875830560806e-11,1.8968183864577563e-11,4.623021521155124e-09,1.894810151280744e-09,4.681641740944542e-09,1.914065810824222e-09
0.018570729298517108,0.0007331505550070005,0.0012240998309469564,1.1182666485214033e-06,1.149548482640097e-06,1.1183094557054574e-06,1.1495660601212876e-06,1.337101593890111e-07,1.4315135388187628e-07,1.335142201241979e-07,1.4296242056843766e-07,1.2375700464417605e-10,1.4455872263119396e-11,4.976996148542412e-09,2.017830569300827e-09,5.100525779511145e-09,2.032843893218228e-09
0.01857159222709015,0.0005449794636791651,0.001049658235128037,1.1182776751322853e-06,1.1495681035481309e-06,1.1183196702955738e-06,1.1495858416310512e-06,1.3370644241316315e-07,1.4317421914711304e-07,1.3351048896141922e-07,1.42985257411965e-07,4.4960727130676266e-11,3.798034456381494e-11,4.592978987785758e-09,2.047081171241416e-09,4.637405839807143e-09,2.0847137349733202e-09
0.018571593682281673,0.0005446621431204335,0.0010494031281082679,1.1182776937269074e-06,1.149568131895815e-06,1.1183196875208523e-06,1.1495858696214025e-06,1.3370643614507571e-07,1.4317421123888024e-07,1.335104826694078e-07,1.4298524947976784e-07,4.4827849765560757e-11,3.794381238148604e-11,4.592331404040806e-09,2.0469404896959324e-09,4.636624861831251e-09,2.084536947027973e-09
0.018572455155663192,0.0007843387423032021,0.0008983797724049225,1.118289146203529e-06,1.1495849137247116e-06,1.118330923538028e-06,1.1496024399093585e-06,1.3369714373188117e-07,1.4316952956505702e-07,1.3350117606932287e-07,1.4298055361905426e-07,1.216344134978585e-10,1.631676044278052e-11,5.435255692401156e-09,1.9636570147696375e-09,5.561688585411382e-09,1.9798784833824357e-09
0.018572456610854715,0.0007847436014234432,0.0008985599542097484,1.1182891655489287e-06,1.1495849414258444e-06,1.1183309425177868e-06,1.1496024669411362e-06,1.3369712803523726e-07,1.4316948470380908e-07,1.3350116034871462e-07,1.42980508733842e-07,1.217641543149739e-10,1.6349414321678716e-11,5.4366795509963595e-09,1.9635238494153085e-09,5.563251193052565e-09,1.979776778341195e-09
0.018573318084236234,0.0011101210064099795,0.0010052275826666346,1.1183054940380055e-06,1.149601340496497e-06,1.118347285815497e-06,1.1496184697534773e-06,1.3369288615501562e-07,1.4314292684503016e-07,1.334969042816026e-07,1.429539366881727e-07,8.975928469667435e-11,3.568051062941002e-11,5.396399422503811e-09,1.884689959652519e-09,5.480828020025317e-09,1.9195673939265134e-09
0.018573319539427757,0.0011106706304048891,0.0010056075391397282,1.1183055216199127e-06,1.1496013730422813e-06,1.1183473134224187e-06,1.1496185024265012e-06,1.336928789896774e-07,1.4314291203708072e-07,1.3349689709230006e-07,1.4295392188022325e-07,8.97052224169137e-11,3.566169578068806e-11,5.396331381746222e-09,1.884142461657866e-09,5.480688791692501e-09,1.9190008049472315e-09
0.0185741824680008,0.0012154251514793213,0.0012309217276843217,1.118325594165051e-06,1.1496206726923692e-06,1.1183678907400463e-06,1.1496378775297037e-06,1.337005386403689e-07,1.4313413092305618e-07,1.3350452832128212e-07,1.429451407661987e-07,6.207591385365419e-11,2.4504490488562354e-11,4.567434874758192e-09,1.5594761508285662e-09,4.631639960450684e-09,1.5830135402330395e-09
0.018574183923192322,0.001214861380438736,0.0012313016841574154,1.1183256246736372e-06,1.1496207052381535e-06,1.1183679223729775e-06,1.1496379102027277e-06,1.3370057592888482e-07,1.4313411611510674e-07,1.3350456560979804e-07,1.4294512595824926e-07,6.220175250830906e-11,2.4485675639840387e-11,4.568969901688566e-09,1.558928652833913e-09,4.633298867301807e-09,1.5824469512537576e-09
0.01857504539657384,0.0008811089244122536,0.0012643033109611679,1.1183436857566354e-06,1.1496422042108942e-06,1.1183866490682703e-06,1.149659851762408e-06,1.3372265073030576e-07,1.4315638452444546e-07,1.3352664041121898e-07,1.4296738015673327e-07,1.3669823606399234e-10,1.4084173063921845e-11,5.477705844469938e-09,1.5674479492133742e-09,5.615371723166618e-09,1.582243003284134e-09
0.018575908325146884,0.0004681405648536696,0.0010743303811551197,1.1183553288159999e-06,1.1496623849492422e-06,1.1183976766915293e-06,1.14968020170636e-06,1.3372796558996924e-07,1.4317994612156326e-07,1.3353195527088246e-07,1.4299094175385108e-07,3.1073209977305893e-11,3.375005830363875e-11,4.973796485785442e-09,1.651639824906681e-09,5.002755987248975e-09,1.6851097184300556e-09
0.01857676834333688,0.0007208387859236609,0.0009103351715470593,1.118365554254692e-06,1.1496794510475618e-06,1.1184068853253848e-06,1.1496969989366335e-06,1.337036223958421e-07,1.4317526446109855e-07,1.335075836550459e-07,1.4298626009338636e-07,1.0623698448730678e-10,8.129677644991659e-12,5.289645610417892e-09,1.5422961202079563e-09,5.3990314441421106e-09,1.5502737961602307e-09
0.018576769798528403,0.0007217805847108394,0.0009100576838827479,1.1183655833609126e-06,1.1496794799242086e-06,1.1184069150411687e-06,1.1496970273583429e-06,1.3370360907166804e-07,1.4317525653950725e-07,1.335075703069075e-07,1.4298625217179506e-07,1.0614590046460485e-10,8.086326747092087e-12,5.289943276001287e-09,1.5421111054791936e-09,5.399229040625038e-09,1.5500456473915847e-09
0.018577631271909922,0.0012793254667204934,0.0009677173218847201,1.1183828142435358e-06,1.1496956564560481e-06,1.1184245067852316e-06,1.1497128298287862e-06,1.3369572116062045e-07,1.4315145335785928e-07,1.3349966820896952e-07,1.4296242056843766e-07,5.22241590250605e-11,1.3741217365359493e-11,5.4661613013706756e-09,1.751029876650989e-09,5.516206158517889e-09,1.7661343498787119e-09
0.01857849129009992,0.0011966935331981787,0.001164848760551256,1.1184041084573229e-06,1.1497139997809108e-06,1.1184469030922628e-06,1.1497312159862475e-06,1.3371730744893284e-07,1.4314191979473115e-07,1.3352122607557249e-07,1.4295288700530953e-07,6.981731165423e-11,1.708677426539125e-11,5.090806887153576e-09,1.9057604175309883e-09,5.161215899107674e-09,1.922355729179894e-09
0.01857849274529144,0.0011958182448768013,0.0011651823162850405,1.1184041357325755e-06,1.1497140308186856e-06,1.1184469305074699e-06,1.149731247096497e-06,1.3371733541531977e-07,1.4314190366349067e-07,1.3352125401799507e-07,1.4295287087406905e-07,6.988411763974403e-11,1.7092435106169646e-11,5.091382407298514e-09,1.9060222289368767e-09,5.161858562096267e-09,1.9226200631550228e-09
0.01857935421867296,0.0006776475586214303,0.0012372439905128374,1.1184202826821604e-06,1.1497347270818292e-06,1.118463160310057e-06,1.1497522791614756e-06,1.3373389151638548e-07,1.431606193591506e-07,1.335377959321704e-07,1.4297157235887425e-07,1.0943326106405138e-10,8.181296785869652e-12,5.432090333101769e-09,1.781099934206054e-09,5.542315051343394e-09,1.789409398433861e-09
0.018580214236862957,0.0005365323889012785,0.0011056462621112928,1.1184307248505683e-06,1.1497548763641733e-06,1.1184725963175879e-06,1.1497726291054278e-06,1.337256918532148e-07,1.4318375463062694e-07,1.335295678472903e-07,1.429946934194959e-07,2.5588444557689272e-11,2.2167096283554066e-11,5.332803532098751e-09,1.847602071336496e-09,5.3573292468911404e-09,1.869620236405467e-09
0.018581074255052954,0.00087388671380495,0.0009738405015764634,1.1184428547114066e-06,1.1497727584105734e-06,1.1184843060618732e-06,1.1497903342940944e-06,1.3370777196541894e-07,1.4318454909422095e-07,1.3351163374863972e-07,1.4299547369624e-07,1.1870832095084438e-10,1.2707529215268395e-11,5.212222209394213e-09,1.7235616768266918e-09,5.3307878111752416e-09,1.736035084456291e-09
0.018581075710244477,0.0008743918457248512,0.0009736174799850339,1.118442884489084e-06,1.149772788667843e-06,1.1184843368400357e-06,1.1497903642521123e-06,1.3370777201350982e-07,1.43184550438491e-07,1.3351163377268516e-07,1.4299547501650522e-07,1.1854356930765535e-10,1.2691523179619857e-11,5.2115074699778485e-09,1.723351794602479e-09,5.329904915989441e-09,1.7358090520502856e-09
0.01858193427324295,0.0011724196784665963,0.001005473821568707,1.1184604533186032e-06,1.149789780877035e-06,1.1185024959559087e-06,1.1498070479398206e-06,1.3370780038712837e-07,1.431686895857207e-07,1.3351164795949444e-07,1.4297961416373494e-07,2.1340099826128167e-11,1.4950069450757178e-11,4.789811214322981e-09,1.8144539420489823e-09,4.808996756366923e-09,1.8298733609397869e-09
0.018581935728434473,0.001172096579794296,0.0010055278153680014,1.1184604846570976e-06,1.1497898096773896e-06,1.1185025284104281e-06,1.1498070762172574e-06,1.3370783869882454e-07,1.431686627029194e-07,1.3351168624718577e-07,1.4297958728093363e-07,2.153065291159162e-11,1.495389749528453e-11,4.789844616282858e-09,1.8146083524683831e-09,4.8092277030101144e-09,1.830032791971803e-09
0.018582794291432947,0.0009814683631371003,0.0011408975581395087,1.1184789743688457e-06,1.1498082380914364e-06,1.1185216765769641e-06,1.1498254934849683e-06,1.3373044259955767e-07,1.431598803947054e-07,1.3353427598507386e-07,1.4297079076186492e-07,1.339569733350282e-10,1.477840246011386e-11,4.809551772610098e-09,1.79747594586388e-09,4.9454862224926415e-09,1.8118176958736854e-09
0.01858279574662447,0.0009811452644648,0.0011410004061043753,1.1184790057073402e-06,1.1498082721804366e-06,1.1185217090314836e-06,1.1498255279180375e-06,1.3373048091125384e-07,1.4315989967914784e-07,1.3353431427276519e-07,1.4297081004630736e-07,1.3414752642049166e-10,1.476964553344623e-11,4.809585174569975e-09,1.797510549129799e-09,4.945717169135833e-09,1.8118456488849016e-09
0.01858365285443142,0.0005099507674728443,0.001201577857410763,1.118491786007839e-06,1.1498283506016173e-06,1.1185344419573084e-06,1.1498458089958513e-06,1.3374922502862319e-07,1.4317125821574455e-07,1.3355304417927982e-07,1.4298216858290407e-07,7.383713085395982e-11,9.611815726213112e-12,4.60422633352664e-09,1.8178918727561613e-09,4.674169051810395e-09,1.828309972491194e-09
0.018583654309622943,0.0005098407371270607,0.0012016807053756295,1.1184917999014777e-06,1.1498283846906175e-06,1.1185344542477775e-06,1.1498458434289205e-06,1.3374920373634595e-07,1.43171277500187e-07,1.3355302286299775e-07,1.429821878673465e-07,7.386437319756975e-11,9.603058799545483e-12,4.603603710702471e-09,1.8179264760220804e-09,4.673586367009085e-09,1.8283379255024101e-09
0.01858451432781294,0.00044481280276897905,0.0010846414464940335,1.1185000110418533e-06,1.1498480474770057e-06,1.1185417179149226e-06,1.1498657386255218e-06,1.337366200004908e-07,1.4319272167995223e-07,1.3354042494029272e-07,1.4300360362540232e-07,8.996459827104175e-11,2.071179859564065e-11,4.235633621618717e-09,2.113136776671354e-09,4.32921964943489e-09,2.13470974230745e-09
0.01858537143561989,0.0010346889722256947,0.0009403305561481938,1.1185126919670708e-06,1.1498654015701291e-06,1.1185536550328834e-06,1.149882989736043e-06,1.3370799933909439e-07,1.4319669397513803e-07,1.335117900680416e-07,1.4300757592058812e-07,1.9372321802269e-10,1.0850995234760995e-11,5.401236347069016e-09,2.173256976638503e-09,5.59611379458147e-09,2.1838846286925673e-09
0.018585372890811414,0.001035492299334429,0.0009400855461476065,1.1185127289775524e-06,1.1498654310337846e-06,1.1185536939561736e-06,1.1498830190248555e-06,1.3370800784152103e-07,1.4319670071927249e-07,1.3351179857046824e-07,1.4300758266472258e-07,1.934296149247591e-10,1.083425363312962e-11,5.40010791262332e-09,2.173359048285306e-09,5.594684251092236e-09,2.183968117464019e-09
0.018586229998618364,0.0015086519663789488,0.0010008229620361562,1.1185345281512948e-06,1.1498820675959799e-06,1.1185766197741032e-06,1.1498992486880432e-06,1.3371301577080885e-07,1.431770236713342e-07,1.3351680649975606e-07,1.4298789143001574e-07,2.049739024345687e-11,2.139863031355292e-11,4.7354600241078515e-09,2.1143489629549073e-09,4.7526831359334665e-09,2.135456684175506e-09
0.018586231453809887,0.0015077612449236534,0.0010009260815877496,1.1185345643984792e-06,1.1498820958414164e-06,1.1185766584391699e-06,1.1498992762426496e-06,1.3371308598349204e-07,1.431769902637825e-07,1.3351687666434837e-07,1.4298785799837788e-07,2.101931941036168e-11,2.1416566436949225e-11,4.7354607604994345e-09,2.1142487760528184e-09,4.753216785388229e-09,2.1353743218099908e-09
0.01858709001680836,0.0009822355862993959,0.0012101746398620605,1.1185559502373402e-06,1.1499010795340697e-06,1.1185994708284852e-06,1.1499182619445492e-06,1.3375451146657724e-07,1.431668010809517e-07,1.3355827377381502e-07,1.4297766881554708e-07,3.289575278841994e-10,1.908844610154503e-11,4.7358952315335046e-09,1.949276073887063e-09,5.068069963698463e-09,1.96772242944121e-09
0.018587948579806834,0.0001721358887325497,0.0012792935502545788,1.1185658612436898e-06,1.149922453186809e-06,1.118608565775503e-06,1.149939976130554e-06,1.3376782703744539e-07,1.4318669627755298e-07,1.3357157513382845e-07,1.4299756401214836e-07,7.03096053600305e-11,1.2398571752614274e-11,4.913639717329943e-09,1.9301475973065862e-09,4.981008494553407e-09,1.942982441605068e-09
0.018588805687613785,0.0004211762121786311,0.0011394084225386791,1.1185709465680263e-06,1.1499431840702446e-06,1.1186118626937969e-06,1.1499608945086948e-06,1.337313904059556e-07,1.4321240371373278e-07,1.3353513850233867e-07,1.4302325723747344e-07,2.3419335914987016e-10,2.871673558668686e-11,4.6206505288637345e-09,1.9776806858828877e-09,4.857474422692576e-09,2.0060320071735305e-09
0.018589662795420736,0.0013380173904014026,0.0010172919076936182,1.1185860247537334e-06,1.1499616693171475e-06,1.1186270967300516e-06,1.149979198089568e-06,1.337076298568718e-07,1.432163401204889e-07,1.3351136374240014e-07,1.4302717943337484e-07,2.485174011024327e-10,1.4289501873432364e-11,5.143221848413759e-09,1.805569360691095e-09,5.390867752197437e-09,1.8194104001167943e-09
0.01859052135841921,0.0015066798819560745,0.0010905772967433336,1.1186104482719325e-06,1.1499797667021931e-06,1.1186532447027275e-06,1.1499969332362525e-06,1.33735312601857e-07,1.431970986232045e-07,1.3353903227653063e-07,1.4300793793609046e-07,6.872143132330422e-11,2.532407963884431e-11,4.8028625521112644e-09,1.8455726946697837e-09,4.871409498008461e-09,1.871516497331527e-09
0.018591377011034638,0.0007362061810762821,0.0012806080726176505,1.1186296395851918e-06,1.1500000558118227e-06,1.1186731398993288e-06,1.1500172831802047e-06,1.337741082352295e-07,1.4318392516088352e-07,1.3357781369904842e-07,1.4299475026291475e-07,3.8656089440536334e-10,2.2569595498067585e-11,5.12693087983962e-09,1.9763284342388943e-09,5.515883749751538e-09,1.998925025503695e-09
0.018592232663650066,0.0001639137804612667,0.0013136653793222371,1.1186373414851847e-06,1.1500222542615126e-06,1.118679620049079e-06,1.1500398684505874e-06,1.3377285768001457e-07,1.432045242893985e-07,1.3357654893297877e-07,1.4301533520470212e-07,2.93506746684713e-11,1.9192709255729682e-11,5.0909210180805076e-09,1.87182456518308e-09,5.115611934058961e-09,1.8905218013589183e-09
0.01859223411884159,0.00016460545280781066,0.0013137215992315987,1.1186373521840814e-06,1.1500222920139781e-06,1.1186796287348305e-06,1.1500399068609113e-06,1.3377280378010042e-07,1.4320455932193e-07,1.3357649500893752e-07,1.430153702131065e-07,2.977384962798602e-11,1.9186966251916182e-11,5.089280580436266e-09,1.871646837514618e-09,5.114404946332822e-09,1.8903374421341823e-09
0.018593089771457016,0.0005713087925756644,0.001080434849898701,1.1186436431352568e-06,1.1500427742814836e-06,1.1186847359567764e-06,1.1500606762301578e-06,1.337411106305808e-07,1.4323551476161297e-07,1.335447876726903e-07,1.4304632565278948e-07,2.7860072582264195e-10,4.4537507280197413e-11,4.124703245622641e-09,1.8027215080073702e-09,4.404696163362587e-09,1.8473133089250415e-09
0.01859309122664854,0.0005725378757119745,0.0010800381037263662,1.1186436702970985e-06,1.1500428091152718e-06,1.1186847637511815e-06,1.1500607115522143e-06,1.337410926076462e-07,1.4323556740691856e-07,1.3354476962562862e-07,1.4304637829809508e-07,2.783502202075224e-10,4.4580620445211494e-11,4.126424317502258e-09,1.8026042880592286e-09,4.406169339216671e-09,1.8472401386304682e-09
0.018593946879263967,0.0012952387598623716,0.0008759500185462343,1.1186596414600492e-06,1.1500595455787974e-06,1.1187011068614083e-06,1.1500770824568463e-06,1.3373049512210855e-07,1.432341036888829e-07,1.3353415795336332e-07,1.430449003692047e-07,1.310529185172271e-10,9.134344322592192e-12,5.138414582717132e-09,1.8303928372986888e-09,5.272396741418106e-09,1.8395462930698159e-09
0.018594802531879395,0.0013488504840495352,0.0010142070678682558,1.118682265678819e-06,1.150075718757343e-06,1.1187250947841676e-06,1.1500927712404518e-06,1.3375489515965455e-07,1.4320109187337948e-07,1.3355855799090932e-07,1.4301187434284657e-07,1.0565200103673789e-10,4.099006203905908e-11,5.520891299681807e-09,1.8678920632453355e-09,5.626537902259088e-09,1.9091894731815273e-09
0.0185956567293033,0.0007018576462201054,0.0013214906493292102,1.1186997827748397e-06,1.1500956746986383e-06,1.1187430573045276e-06,1.1501127460951776e-06,1.337821373681436e-07,1.4318672075985882e-07,1.3358578598854365e-07,1.429974890426393e-07,2.642922547479998e-10,3.233717032690848e-11,5.4720379338846215e-09,1.8970372808527676e-09,5.736723096561036e-09,1.9292902347507303e-09
0.018595658184494823,0.0007009812167534159,0.0013220141307286326,1.1186997956896402e-06,1.150095708695131e-06,1.118743068692513e-06,1.1501127801238908e-06,1.3378213394209713e-07,1.4318669627755298e-07,1.3358578253837008e-07,1.4299746453616535e-07,2.6387713521403446e-10,3.232242945516717e-11,5.4719259887210504e-09,1.8970869319900885e-09,5.736191355149145e-09,1.929324477956129e-09
0.01859651383711025,0.0001856406903399943,0.0013596468138157292,1.1187073895923689e-06,1.15011865439714e-06,1.1187497648279532e-06,1.1501363132992992e-06,1.3378011942677404e-07,1.4321902597203007e-07,1.3358375383631937e-07,1.4302979423064244e-07,1.9786849242420246e-11,2.409589541785273e-11,5.406102232541343e-09,1.9292674124926634e-09,5.42352740495744e-09,1.9536543494069747e-09
0.018597368034534156,0.0005962798580012162,0.0010686367155150478,1.118714074713136e-06,1.1501393967324927e-06,1.118755099022113e-06,1.1501573453642777e-06,1.3374812844850244e-07,1.4325583208574244e-07,1.335517486713612e-07,1.430666003443548e-07,2.45634179019911e-10,6.769613342116898e-11,4.562308703917398e-09,1.955649420182226e-09,4.806277527896412e-09,2.0234449671363564e-09
0.01859736948972568,0.0005969794136531092,0.0010682569125459963,1.1187140861017575e-06,1.1501394245896472e-06,1.118755108109326e-06,1.1501573724786854e-06,1.3374807394939126e-07,1.432558176570041e-07,1.3355169414808188e-07,1.4306658589140717e-07,2.4601892745224063e-10,6.760147646303838e-11,4.560871236236608e-09,1.955724155403077e-09,4.8052259948860865e-09,2.023424523523625e-09
0.01859822223195806,0.0014162172125433692,0.0008456923726818388,1.11873125347961e-06,1.1501557488822492e-06,1.1187726158823352e-06,1.1501732615215587e-06,1.3373583840348147e-07,1.4324736241633218e-07,1.335394586021721e-07,1.4305811646408984e-07,7.635880816536655e-11,1.2132498998507213e-11,4.435434242111569e-09,1.9995189948218695e-09,4.511850004718099e-09,2.011444566463183e-09
0.01859907788457349,0.0013181964757158493,0.0009673267312102496,1.11875465056185e-06,1.15017126202763e-06,1.1187978543603094e-06,1.150188268184138e-06,1.3377247398693726e-07,1.4320934837996901e-07,1.3357609418562788e-07,1.4302010242772667e-07,1.449898950900419e-10,4.2130732930134585e-11,4.9266639656764255e-09,1.8227543918669653e-09,5.074756170841965e-09,1.864093102099673e-09
0.018599932081997395,0.0005321001013207649,0.0012353179458202135,1.1187704557475458e-06,1.150190076961719e-06,1.118813543143915e-06,1.1502072538860375e-06,1.3379893459841696e-07,1.4319560648345941e-07,1.3360254058625287e-07,1.4300634632036235e-07,2.0117368881855668e-10,2.6937620536959805e-11,5.134236147341653e-09,1.7199267565715104e-09,5.333214314617862e-09,1.7471225577381233e-09
0.018600784824229777,0.000374067911895537,0.001260154581737949,1.1187781830248908e-06,1.1502113569098588e-06,1.1188199096068274e-06,1.15022908175888e-06,1.3378161156651913e-07,1.4322353081297479e-07,1.3358520334350032e-07,1.4303427064987773e-07,3.880717275306367e-11,1.9887751168123913e-11,4.506686135385962e-09,1.8968024928511795e-09,4.544720155763571e-09,1.917083380931217e-09
0.018601639021653682,0.0009513400707632513,0.0010336228092011623,1.118789504625735e-06,1.1502309502972423e-06,1.118830709856411e-06,1.150248749581806e-06,1.3375741048093914e-07,1.4324783137453778e-07,1.335609738362109e-07,1.43058557000586e-07,2.8714183808453697e-10,3.496552006265752e-11,5.090019072895302e-09,1.7710742872267815e-09,5.381635137524654e-09,1.8051088401804805e-09
0.018602491763886064,0.0014523070691745842,0.0009211627192584615,1.118810008830044e-06,1.150247619578996e-06,1.1188518195847998e-06,1.1502650067996e-06,1.3375824749301907e-07,1.4323434527341306e-07,1.33561782475e-07,1.4304507089946128e-07,3.531025146938501e-11,1.3065644920151609e-11,5.437960738531752e-09,1.6078299802657625e-09,5.469041719969752e-09,1.6206345154756718e-09
0.018602493219077587,0.0014531619616633407,0.0009214240377901018,1.1188100438201537e-06,1.150247648616733e-06,1.1188518556082272e-06,1.150265035318312e-06,1.3375824892136734e-07,1.432343012343138e-07,1.3356178385492967e-07,1.4304502683611142e-07,3.4880504734546847e-11,1.3093912400527854e-11,5.4385544956403464e-09,1.6078777702516106e-09,5.469190877960273e-09,1.6207121988795604e-09
0.018603344506118447,0.0012868588418655236,0.0010742953787996612,1.1188333692621711e-06,1.1502646356929275e-06,1.1188762982783373e-06,1.1502817187647452e-06,1.3378453900259046e-07,1.4320853836125025e-07,1.3358805972529808e-07,1.4301924977644376e-07,2.4324500746963906e-10,2.9630388420631704e-11,4.4583301495038086e-09,1.6358349119727222e-09,4.703551326201705e-09,1.6661569901543771e-09
0.01860419724835083,0.0005365218031911922,0.0012582881900584653,1.1188489179989886e-06,1.1502845266181248e-06,1.1188922144356184e-06,1.1503018413350219e-06,1.3381036012560799e-07,1.4320612251594866e-07,1.3361385242660617e-07,1.430168481419969e-07,2.038510887869549e-10,1.552146085270767e-11,5.736908725850753e-09,1.9598505041074077e-09,5.9433924448626385e-09,1.9765411529704124e-09
0.01860504999058321,0.00020708675616049055,0.0012393812973101603,1.1188552590632179e-06,1.150305825300669e-06,1.1188969892828027e-06,1.150323441834189e-06,1.337965471748248e-07,1.4322566244118207e-07,1.3360002526496828e-07,1.4303637385637558e-07,6.518398321109231e-11,1.7857566120271784e-11,5.291971305609877e-09,2.112265029552418e-09,5.353113063932824e-09,2.1300170516269645e-09
0.01860590127762407,0.0009752014827618454,0.0010516669559876846,1.1188653349073218e-06,1.1503253286975492e-06,1.1189058417237673e-06,1.1503431096571148e-06,1.3375698073596234e-07,1.4323984487418784e-07,1.335604304528976e-07,1.4305052786767192e-07,3.380871007640228e-10,3.0259510175323356e-11,5.0862806192833975e-09,1.9742363299712906e-09,5.428589344448445e-09,2.0038930514942876e-09
0.018605902732815593,0.0009765144993885144,0.0010514362752045705,1.118865352130987e-06,1.1503253573379736e-06,1.118905856856145e-06,1.150343137787817e-06,1.337569131010241e-07,1.4323983088158858e-07,1.3356036276945815e-07,1.4305051387507266e-07,3.3855360181966887e-10,3.022960611211966e-11,5.085929011272583e-09,1.9741166448979102e-09,5.428718363731377e-09,2.0037447582849486e-09
0.018606754019856453,0.0017328387625424352,0.0009164880170828837,1.1188884275101635e-06,1.1503421119862032e-06,1.118930257815214e-06,1.1503595942485845e-06,1.3375953762278443e-07,1.4323164521101717e-07,1.3356295891801025e-07,1.4304232820450125e-07,1.6532354827773024e-11,1.2735729137958174e-11,5.806450674084067e-09,1.9041008769704604e-09,5.818873473316298e-09,1.9169932308216175e-09
0.018606755475047976,0.0017341316245307326,0.0009165873989344032,1.118888466955256e-06,1.1503421395055399e-06,1.1189302995262551e-06,1.1503596212613545e-06,1.3375954210914642e-07,1.4323161163939115e-07,1.3356296335587103e-07,1.430422945842911e-07,1.5981891157701433e-11,1.2748114856002898e-11,5.807682335046138e-09,1.904219975243964e-09,5.8195404051275545e-09,1.9171242151238446e-09
0.018607605306897312,0.00119942007541185,0.0009746264002217231,1.118913397211919e-06,1.1503582107981656e-06,1.1189570159331197e-06,1.1503753967190278e-06,1.3380783059346868e-07,1.4321200580980076e-07,1.3361123762933858e-07,1.430226603815754e-07,3.3197966597953155e-10,1.998137419412238e-11,3.846315710376302e-09,1.973773366970022e-09,4.175468415468231e-09,1.9936190476244064e-09
0.018608456593938172,0.0002640570831611657,0.001140941810348295,1.118925841991993e-06,1.1503762203561826e-06,1.1189687056949063e-06,1.1503934729262255e-06,1.338262448056033e-07,1.432032519232962e-07,1.336296518414732e-07,1.4301390649507084e-07,1.8351551012133412e-10,2.3511836574896527e-11,4.882780140017002e-09,1.7729245849196218e-09,5.072242674415425e-09,1.7956949260877764e-09
0.018608458049129695,0.00026245817206330124,0.0011410885800592003,1.1189258632651212e-06,1.1503762548092554e-06,1.118968725677405e-06,1.15039350777202e-06,1.33826276282889e-07,1.4320327413992352e-07,1.336296833187589e-07,1.4301392866303086e-07,1.8326172523952522e-10,2.3501010302322133e-11,4.884551874084764e-09,1.7728897754355594e-09,5.073775621866616e-09,1.7956513209378441e-09
0.01860930642578751,0.0003815650659089553,0.0012266553215170006,1.1189313287411766e-06,1.1503963409506732e-06,1.1189724709189648e-06,1.1504138228701777e-06,1.337957327030471e-07,1.4321622643365117e-07,1.3359912555239596e-07,1.430268525837164e-07,1.350883035332869e-10,1.718929339145081e-11,5.20609691049598e-09,1.7525958462272229e-09,5.336576047884052e-09,1.7702295185273442e-09
0.01860930788097903,0.00038176936589839894,0.0012265017424384446,1.118931338115921e-06,1.1503963753436429e-06,1.1189724773430498e-06,1.1504138576564067e-06,1.3379568031268718e-07,1.43216265665327e-07,1.3359907313770236e-07,1.4302689181539222e-07,1.3500567330737567e-10,1.7208765149464957e-11,5.206648445721385e-09,1.7529114915528644e-09,5.337026820484425e-09,1.7705654389925775e-09
0.018610157712828368,0.0012085538239702265,0.001136811560561668,1.118944853188896e-06,1.1504164608379553e-06,1.118985892389901e-06,1.1504341728141299e-06,1.337698876113791e-07,1.4323917696401622e-07,1.3357326622553956e-07,1.4304980311408144e-07,4.0319925176390825e-10,2.8580271829725667e-11,4.098855033163318e-09,1.937248361727484e-09,4.50376136384989e-09,1.9667429906888856e-09
0.018611007544677705,0.0015694240993483891,0.0009929120203366892,1.1189684665814095e-06,1.1504345599072487e-06,1.119010747247674e-06,1.1504521353344899e-06,1.3378384718903245e-07,1.4324695030154544e-07,1.3358721161663026e-07,1.4305756224075594e-07,2.0854778896198123e-11,2.4905064122116016e-11,5.4704735336133775e-09,2.158534684326696e-09,5.493551190397982e-09,2.1837747166131294e-09
0.018611008999869227,0.0015700420279021188,0.0009929187809036605,1.1189685070153008e-06,1.1504345888623436e-06,1.119010789807362e-06,1.1504521639019516e-06,1.3378387109241885e-07,1.4324692477059108e-07,1.335872354957246e-07,1.430575366855095e-07,2.0200079456356157e-11,2.4906466638632996e-11,5.472822195429217e-09,2.158346524867173e-09,5.495246035991386e-09,2.1835858189027403e-09
0.018611858831718564,0.0010672404166915395,0.000996866952014841,1.118990919481472e-06,1.150451498637782e-06,1.1190342092959327e-06,1.150468847299635e-06,1.3382106089920853e-07,1.4323201469323976e-07,1.3362442530251428e-07,1.4304261242159555e-07,4.515701701457431e-10,2.5725536284548767e-11,4.78599293529669e-09,2.04846140050563e-09,5.234491951000564e-09,2.073269556035484e-09
0.018612707208376378,0.0002862621438610905,0.001133469122613917,1.1190023795517992e-06,1.1504695719117722e-06,1.119045425814245e-06,1.150486809819995e-06,1.3383639863826457e-07,1.4321754804313969e-07,1.3363974887929972e-07,1.4302813156064076e-07,1.499744524912529e-10,3.064938233765524e-11,4.6921209800734106e-09,1.8767210008263646e-09,4.8437894257772236e-09,1.9073669310643027e-09
0.018612710118759423,0.0002835829731138162,0.001133642526026228,1.1190024188659342e-06,1.150469639361996e-06,1.1190454642928671e-06,1.1504868783435683e-06,1.338364512548651e-07,1.432175868796536e-07,1.3363980144731613e-07,1.4302817034848736e-07,1.4893981881147766e-10,3.0621716896370356e-11,4.691798949352233e-09,1.8770560805833042e-09,4.842449108366509e-09,1.907675630097153e-09
0.018613557040225714,0.00022741325912929838,0.0011841029190087227,1.1190067457853402e-06,1.1504892673771132e-06,1.1190481880968969e-06,1.150506818703434e-06,1.3381012114924498e-07,1.4322888830520242e-07,1.3361348552817534e-07,1.4303945761184877e-07,2.0278220433583174e-10,2.2571073482469117e-11,5.311470129358571e-09,1.974564289852765e-09,5.514393031396606e-09,1.9975070486566437e-09
0.018613558495417237,0.0002273167475932425,0.0011838839096376184,1.1190067532199095e-06,1.1504892999778325e-06,1.1190481927769724e-06,1.150506851602536e-06,1.3381007590851368e-07,1.432289290640751e-07,1.3361344031181943e-07,1.4303949832205415e-07,2.0287471702573612e-10,2.259445628952768e-11,5.312534856471984e-09,1.9747039368985946e-09,5.515547574219681e-09,1.997670111902959e-09
0.01861440687207505,0.0011056827509372366,0.001056201446283822,1.1190180748584115e-06,1.1505083061971316e-06,1.119058747548641e-06,1.150526031779009e-06,1.3377696456835995e-07,1.4325269148685038e-07,1.3358030059862358e-07,1.430632323717873e-07,3.356351735732646e-10,3.622663280467009e-11,4.357298760769283e-09,2.05611816461726e-09,4.689964311127027e-09,2.0927359845046567e-09
0.018614408327266574,0.0011071893821608114,0.0010560251677037193,1.1190180942780316e-06,1.150508335441133e-06,1.1190587656528805e-06,1.1505260606394755e-06,1.337769077736084e-07,1.4325268900056018e-07,1.3358024375520472e-07,1.4306322986112172e-07,3.3586289305276296e-10,3.6202876400450634e-11,4.355660276900153e-09,2.0562926311191113e-09,4.68854821633613e-09,2.092886124744139e-09
0.018615255248732865,0.0017053390973708698,0.0009534310340839625,1.1190419228896942e-06,1.1505253554500028e-06,1.1190841878238242e-06,1.1505428574309917e-06,1.3379184613633361e-07,1.4325124197966943e-07,1.335951679314506e-07,1.4306176865375164e-07,2.611302803730811e-11,2.237664914472859e-11,5.062959123036023e-09,2.1578321351967134e-09,5.093541611359764e-09,2.1802677441229434e-09
0.018615256703924388,0.0017063668460224335,0.0009536781003636247,1.119041963832326e-06,1.1505253852945505e-06,1.1190842315045302e-06,1.1505428866814644e-06,1.337918718036235e-07,1.432511984695911e-07,1.335951935743651e-07,1.4306172511929792e-07,2.5580811774394974e-11,2.2410509143819405e-11,5.064174413149658e-09,2.1575774736485274e-09,5.094237476299668e-09,2.1800453011326724e-09
0.01861610362539068,0.0010562278741080566,0.0010974706751269991,1.1190653608400374e-06,1.1505427548213783e-06,1.119109242608829e-06,1.15055991045665e-06,1.3383862551563652e-07,1.432258756040028e-07,1.336419330755234e-07,1.430363880672303e-07,3.775338930367411e-10,4.211702861467437e-11,5.132868796664525e-09,2.0093644526042453e-09,5.507934108806012e-09,2.0505834807948986e-09
0.018616952002048492,0.00016888188852651198,0.0013188062688485047,1.1190757543852962e-06,1.150563253950959e-06,1.1191185649295221e-06,1.1505804877742776e-06,1.3384517671966023e-07,1.4322132813049393e-07,1.336484700686924e-07,1.4303185480457614e-07,7.891277215010817e-11,2.8053039058395512e-11,4.881909099196946e-09,1.8332337869964022e-09,4.961525412738865e-09,1.8609805918501365e-09
0.01861780183389783,0.0004760958394722792,0.0012919856353974524,1.1190812356114498e-06,1.1505854412920812e-06,1.1191222029083292e-06,1.150603225141822e-06,1.3380667951423675e-07,1.4324979247248848e-07,1.3360997286326892e-07,1.4306030493571598e-07,2.0034006398272908e-10,4.112702886582831e-11,5.073154785151246e-09,1.702343266352102e-09,5.2723332366610975e-09,1.7427285170512619e-09
0.01861864875536412,0.0013798927738974953,0.0010725151743631567,1.1190969543774283e-06,1.1506054635632941e-06,1.119138232752448e-06,1.150623199704706e-06,1.3379052177242556e-07,1.4327078846188382e-07,1.3359380091060302e-07,1.43081286738632e-07,2.3456184217174325e-10,4.79280603019626e-11,4.283226218149139e-09,1.582094234350998e-09,4.517016982674704e-09,1.630418150212794e-09
0.018618650210555643,0.0013800735662546598,0.0010721380773510703,1.1190969960687629e-06,1.1506054979658219e-06,1.1191382770942215e-06,1.150623234025261e-06,1.3379056916635855e-07,1.4327082453746698e-07,1.33593848304536e-07,1.4308132278983976e-07,2.342186549412481e-10,4.793974592298689e-11,4.285332379900442e-09,1.5818876208939514e-09,4.5187891366904485e-09,1.6302251770738962e-09
0.01861949567683041,0.001485113925767223,0.0009659466468496345,1.1191212187341784e-06,1.1506227277395275e-06,1.1191640396646108e-06,1.1506401442586883e-06,1.3381810504142777e-07,1.4325602808321804e-07,1.3362138417960523e-07,1.430665121491534e-07,3.482687402356355e-11,2.276286828344377e-11,5.509012357407528e-09,1.8597623584322131e-09,5.548410619837796e-09,1.8832916038036884e-09
0.018619497132021934,0.0014840291708295367,0.0009657638733031604,1.1191212527538746e-06,1.150622757394904e-06,1.1191640743751718e-06,1.1506401733640814e-06,1.338181538165912e-07,1.4325600261599902e-07,1.3362143293039328e-07,1.430664866575171e-07,3.525193217428555e-11,2.2719534586990164e-11,5.5078705050239655e-09,1.8602406282042239e-09,5.5476752705682316e-09,1.883727174245564e-09
0.018620344053488225,0.0008527017970960671,0.001080440579201536,1.1191410522170739e-06,1.1506400871396566e-06,1.1191842759217252e-06,1.1506573400765774e-06,1.338465409617129e-07,1.4322853303383454e-07,1.3364980588903563e-07,1.430390170753526e-07,2.8263577589449085e-10,3.640577422858726e-11,4.843312417790457e-09,1.8158565762149692e-09,5.11970199568168e-09,1.851513053985343e-09
0.018621190974954516,0.00035127731035800025,0.0012233326342467876,1.1191512489745844e-06,1.150659598289536e-06,1.1191938256160938e-06,1.1506770078995032e-06,1.3384817521000514e-07,1.432242981991294e-07,1.3365142592647317e-07,1.4303476802979276e-07,3.607537879535272e-11,2.5748618515120114e-11,4.596269587153756e-09,1.7567961529962872e-09,4.63754634694169e-09,1.7831428555936668e-09
0.018622037896420807,0.00048154531623534336,0.0011846780601771911,1.1191583023281852e-06,1.1506799922490176e-06,1.119199851018493e-06,1.1506976989039686e-06,1.3382658892169275e-07,1.4324575658974936e-07,1.3362982542730606e-07,1.430562264204127e-07,1.739117044818883e-10,3.068685930363024e-11,5.981148021305671e-09,1.9812440577027246e-09,6.155056464507425e-09,2.012261912653912e-09
0.018622883362695575,0.001166624729609822,0.0010184718690119904,1.1191722370500736e-06,1.150698616720033e-06,1.119213379752182e-06,1.1507163115098887e-06,1.3380535790474823e-07,1.4326387267035904e-07,1.3360859441036155e-07,1.4307432831458494e-07,1.7065808488592182e-10,3.700035734080976e-11,4.379608231630527e-09,1.7953718027345782e-09,4.544695730857029e-09,1.8312743362580441e-09
0.018622884817887098,0.0011672264043750351,0.0010181857998361465,1.1191722760990347e-06,1.1506986487759212e-06,1.119213420968544e-06,1.150716343545355e-06,1.338053841533201e-07,1.4326390385122068e-07,1.3360862063451613e-07,1.430743594710293e-07,1.7043307546570012e-10,3.7011223946725735e-11,4.380928652302909e-09,1.7950518849119135e-09,4.545812842605686e-09,1.8309628257995314e-09
0.018623730284161866,0.001516799442963901,0.0009672367717286079,1.1191949635454228e-06,1.1507154348541755e-06,1.1192373676749412e-06,1.1507328281368245e-06,1.3382063457356708e-07,1.4325357255984272e-07,1.3362385686832567e-07,1.4306401396879664e-07,3.9702602316893376e-11,3.2816766665222374e-11,5.148093062956605e-09,1.74220815551962e-09,5.1948547685753965e-09,1.7758129411404866e-09
0.018624575750436634,0.0009192841403731222,0.0011061873427280489,1.1192155598105451e-06,1.1507329649557962e-06,1.1192589681741083e-06,1.150750222222996e-06,1.3385667330112483e-07,1.432342031648659e-07,1.336598813850287e-07,1.430446303629651e-07,2.5098528810829634e-10,4.801431821577218e-11,5.058509611188811e-09,1.9367190073893426e-09,5.301937555657332e-09,1.9850556753908677e-09
0.018625421216711402,0.00031526951491667177,0.0012114013831876491,1.1192259975453446e-06,1.1507525593868616e-06,1.1192684041816392e-06,1.1507700037327595e-06,1.3385567854129476e-07,1.4324166386359138e-07,1.3365888662519865e-07,1.4305207685083587e-07,2.639705121154634e-11,4.704029180069291e-11,3.935045178593555e-09,1.9892505420671114e-09,3.965539452366329e-09,2.036617541278929e-09
0.018626265227794647,0.0006730361192310852,0.0011160785115511636,1.1192343389544332e-06,1.1507722021880032e-06,1.1192753390787402e-06,1.1507898646863374e-06,1.3382333463596296e-07,1.4326744054405637e-07,1.3362652850901213e-07,1.4307782515851005e-07,1.6399474833672656e-10,6.368399186868346e-11,6.137749419821148e-09,2.050247830755868e-09,6.3052305598887415e-09,2.1137658194826914e-09
0.01862626668298617,0.000674262508960444,0.00111591416177248,1.1192343689110739e-06,1.1507722360549016e-06,1.1192753699952986e-06,1.1507898989293608e-06,1.3382331756336988e-07,1.432674849866089e-07,1.3362651141195972e-07,1.4307786955214397e-07,1.6387442814335016e-10,6.371268790328344e-11,6.1343914832111754e-09,2.0503529984949864e-09,6.3017292848873164e-09,2.1138988337554565e-09
0.018627110694069415,0.0013855685519885697,0.0009702014466755294,1.1192517437626591e-06,1.1507898409814472e-06,1.1192933015991002e-06,1.1508073765685094e-06,1.3381341545937175e-07,1.432776140729336e-07,1.336165951215662e-07,1.4308798445207327e-07,9.40887159850412e-11,5.824617378106125e-11,4.186788249427309e-09,1.863778845924565e-09,4.27098978406093e-09,1.9212775084779154e-09
0.018627112149260938,0.001385488913559275,0.0009699502178563968,1.1192517834158541e-06,1.1507898713347689e-06,1.1192933435456232e-06,1.15080740670237e-06,1.3381345992954643e-07,1.4327763153687556e-07,1.3361663959174088e-07,1.430880018915559e-07,9.40727733140073e-11,5.823674875671259e-11,4.18813428075968e-09,1.863457166351168e-09,4.272358463177332e-09,1.920945402744678e-09
0.01862795470515266,0.0013393782629975703,0.0009968424603328863,1.11927474261579e-06,1.1508064430536907e-06,1.1193176305823727e-06,1.1508236358904783e-06,1.3383920816067985e-07,1.432633742518678e-07,1.336423878228743e-07,1.4307371623384166e-07,8.484196678537614e-11,5.758741138404822e-11,4.967486422202683e-09,1.807855084791509e-09,5.064823671574459e-09,1.865562766336725e-09
0.018627956160344183,0.0013382656525664745,0.0009968889063475261,1.119274772190082e-06,1.1508064716749668e-06,1.1193176603248845e-06,1.1508236639201641e-06,1.3383924832285445e-07,1.4326334962788678e-07,1.3364242796058959e-07,1.430736915608577e-07,8.504142124196059e-11,5.758628990326642e-11,4.969017923844577e-09,1.8077590535625632e-09,5.066517086919299e-09,1.8654671141149493e-09
0.01862880017142743,0.0006929516025309113,0.0011713276432392394,1.1192919252793951e-06,1.150824771662954e-06,1.1193349109817063e-06,1.1508419675010373e-06,1.338625423841222e-07,1.4325166830531089e-07,1.3366570783546194e-07,1.4306199602742709e-07,2.0072500606094223e-10,5.409946796097742e-11,5.8572888761432296e-09,1.7581508471309348e-09,6.048697986926754e-09,1.8117887190527426e-09
0.018629644182510674,0.00040370300273906423,0.001243862472206203,1.1193011811658086e-06,1.15084515613521e-06,1.11934321012086e-06,1.1508626585055026e-06,1.3385587749326078e-07,1.4326920450002945e-07,1.336590287337458e-07,1.4307951801129093e-07,1.8277521857124057e-11,3.8338218016908954e-11,3.6824545635028016e-09,1.7754442360740086e-09,3.7022813703657675e-09,1.8144348246096342e-09
0.018630486738402396,0.0007652667499655763,0.0011188703793473644,1.1193110303893324e-06,1.1508650616611821e-06,1.1193524187547155e-06,1.1508827463816927e-06,1.338340211987088e-07,1.4329594577588978e-07,1.3363718665004853e-07,1.4310624510079803e-07,2.0894107277680263e-10,4.488208560192872e-11,5.8798761415346235e-09,1.926164042824139e-09,6.094360571751167e-09,1.9710621391760256e-09
0.01863048819359392,0.0007661780103871434,0.001118654503539318,1.119311060352665e-06,1.1508650960403288e-06,1.1193524491365428e-06,1.1508827810757793e-06,1.3383401041806038e-07,1.432959919611676e-07,1.3363717584489866e-07,1.4310629126157437e-07,2.087005231108883e-10,4.489338761848316e-11,5.877457642417175e-09,1.9264243533712033e-09,6.0916742332432055e-09,1.971332652672686e-09
0.01863133074948564,0.0012937977944744716,0.0010208397938440417,1.1193284091222987e-06,1.1508831224755845e-06,1.1193700402145623e-06,1.1509006299093016e-06,1.338277684226341e-07,1.4329509667732054e-07,1.3363091966311913e-07,1.4310536755601788e-07,6.942226654649275e-11,3.349162613908163e-11,4.4771466534143656e-09,1.8379000543689017e-09,4.536284237133259e-09,1.871059751579196e-09
0.018632173305377364,0.0013385981102516098,0.0011242604568234384,1.1193505885290874e-06,1.1509011976490986e-06,1.1193932323294575e-06,1.150918334478147e-06,1.3384740782385052e-07,1.4327404412911007e-07,1.3365054485348082e-07,1.430843150078074e-07,1.0876602396514556e-10,4.2211287554408295e-11,4.292863398092095e-09,1.837988164922238e-09,4.4109293995120424e-09,1.8805555201184927e-09
0.018632174760568887,0.0013375633439833988,0.0011244390762759071,1.1193506187538778e-06,1.1509012288670147e-06,1.119393263691344e-06,1.1509183650559862e-06,1.338474543276475e-07,1.4327400776892318e-07,1.3365059135727782e-07,1.4308427864762052e-07,1.0893976267056028e-10,4.2226347418683474e-11,4.2951516626890574e-09,1.8379883170993594e-09,4.413367609299369e-09,1.8805719204095794e-09
0.01863301731646061,0.0007384336746891762,0.0012506609350912967,1.119368118907555e-06,1.150921240412095e-06,1.119411422223493e-06,1.1509386013131007e-06,1.3387438002609997e-07,1.4327164876704046e-07,1.3367751705573028e-07,1.4308190543488308e-07,2.0953447310567697e-10,3.390809161230024e-11,5.620056864330536e-09,1.9760486580366887e-09,5.8250910761614705e-09,2.010307476041362e-09
0.01863385841716081,0.00027959900200080767,0.0011708664349433346,1.1193766815875269e-06,1.150941606734597e-06,1.1194190392416203e-06,1.150959256581807e-06,1.3387239050643984e-07,1.4329485757171322e-07,1.3367551332521543e-07,1.4310510005324492e-07,9.233778672235182e-12,5.036070034174009e-11,4.083598348358919e-09,1.981541420297836e-09,4.0927159439263505e-09,2.03196021973458e-09
0.018633859872352332,0.00028038797575211046,0.0011707283821749126,1.1193766963839547e-06,1.150941641970449e-06,1.1194190515903631e-06,1.150959292317566e-06,1.3387233456957552e-07,1.4329489772535453e-07,1.3367545741285257e-07,1.4310514018234244e-07,9.623478585498609e-12,5.038916506272528e-11,4.086564504415323e-09,1.981550923346731e-09,4.0960828269439475e-09,2.0319976812288587e-09
0.018634702428244054,0.0007372037777564344,0.0009922533395201327,1.1193852635156828e-06,1.150959866300382e-06,1.1194262015123968e-06,1.1509774822116015e-06,1.3383994712512504e-07,1.4330791486827366e-07,1.3364308415475534e-07,1.4311814311440685e-07,2.352597283650226e-10,4.5362345824084827e-11,5.803968861073372e-09,2.0402626255133782e-09,6.045508094132401e-09,2.0855774884864786e-09
0.018635543528944254,0.0015239943948504517,0.0009916808043115566,1.119404293918656e-06,1.1509765531843572e-06,1.1194458353667165e-06,1.1509938531162334e-06,1.3383098137662064e-07,1.432904639386834e-07,1.3363411840625095e-07,1.4310067797396187e-07,5.028298634789315e-11,4.214410070924046e-11,4.778166471198892e-09,1.8555211811488448e-09,4.817966166498067e-09,1.8967047932250125e-09
0.018635544984135777,0.001525355624291791,0.0009920427703503146,1.1194043268432286e-06,1.1509765850958335e-06,1.1194458693353226e-06,1.1509938847286357e-06,1.3383096586494503e-07,1.4329042547856362e-07,1.3363410289457534e-07,1.431006395138421e-07,4.996295738246559e-11,4.2173122219536146e-11,4.776391726579732e-09,1.8553044573692584e-09,4.815842391536762e-09,1.89651905789845e-09
0.018636386084835976,0.0013536417454149685,0.0012012591407524198,1.1194285421102638e-06,1.1509950299290663e-06,1.1194719036211609e-06,1.1510121566971065e-06,1.338675019724178e-07,1.4326819552934467e-07,1.336706247911934e-07,1.4307840956462314e-07,1.7859613787862827e-10,5.894755517044103e-11,4.112895801711147e-09,1.730038112768284e-09,4.299368416837979e-09,1.7891640391454189e-09
0.018637227185536176,0.0004069859103815604,0.001343174664033775,1.1194433507618047e-06,1.1510164311796145e-06,1.1194867965969024e-06,1.1510338708831114e-06,1.3389519892825774e-07,1.4327680730730208e-07,1.3369830753617862e-07,1.4308702134258056e-07,2.2111726338813753e-10,3.276136653629358e-11,5.703530536749213e-09,1.7800848572946393e-09,5.9226952231483665e-09,1.8126418144248646e-09
0.018638068286236376,0.00019663632961552935,0.0011977421438299496,1.1194484278326919e-06,1.1510378028486768e-06,1.1194900935151963e-06,1.1510555850691162e-06,1.3387425212840753e-07,1.4330828435049625e-07,1.336773607363284e-07,1.4311848417492e-07,3.701744466511059e-11,6.092788773504054e-11,4.26722790436429e-09,1.714519748396981e-09,4.301313527577122e-09,1.775595559472265e-09
0.018638907931745052,0.0009658465615309808,0.0009364313937358321,1.1194581885680766e-06,1.1510557185383606e-06,1.119499188462214e-06,1.1510734030223037e-06,1.3384321562170953e-07,1.4332048454137303e-07,1.3364629580792098e-07,1.4313067017952832e-07,3.39798356119303e-10,4.5569108253494416e-11,5.0099830950500746e-09,1.7824232090291048e-09,5.355888621494387e-09,1.8280321084237137e-09
0.018638909386936575,0.0009667869950670487,0.0009359785154861022,1.1194582245879043e-06,1.1510557495880827e-06,1.11949922642339e-06,1.1510734339026385e-06,1.3384322592334989e-07,1.4332050568555132e-07,1.3364630610956133e-07,1.4313069129912037e-07,3.3929750872013754e-10,4.5542489918171114e-11,5.010657490614457e-09,1.782540892669715e-09,5.356042994740599e-09,1.8281229863248427e-09
0.018639749032445252,0.0015094171453782224,0.0009278050095726798,1.1194790080284473e-06,1.1510713987627422e-06,1.1195211300218944e-06,1.1510885542520555e-06,1.338491699698352e-07,1.4329573616578273e-07,1.3365225015604665e-07,1.4310592177935177e-07,5.0308559401690545e-11,4.345500348446052e-11,5.3997837312635966e-09,1.7905267268858438e-09,5.445116357805091e-09,1.8340855501008946e-09
0.01864058867795393,0.0012346877297453318,0.0012028379475560976,1.1195020487817846e-06,1.1510892926128938e-06,1.1195451179446536e-06,1.1511062587150952e-06,1.3387995068114833e-07,1.4326906598107536e-07,1.3368301665650506e-07,1.4307923740837594e-07,2.520813002782063e-10,7.509017434664753e-11,4.528663222203022e-09,1.7518458709819175e-09,4.783375029404624e-09,1.8267088013312047e-09
0.01864059013314545,0.001233508100523819,0.001203314607760575,1.119502074811223e-06,1.1510893236247658e-06,1.1195451439527344e-06,1.15110628939874e-06,1.3387998533396042e-07,1.4326901975891815e-07,1.3368305130931716e-07,1.4307919116163248e-07,2.521208623637607e-10,7.514500133254387e-11,4.529991234426608e-09,1.7517788331034012e-09,4.784737407360115e-09,1.826696016671292e-09
0.018641428323462605,0.0005540416689324701,0.0013892237625823271,1.119517067767843e-06,1.1511110567356887e-06,1.1195601246072329e-06,1.1511284199110675e-06,1.3389994535373262e-07,1.4328068083656757e-07,1.3370301132908935e-07,1.4309086642550775e-07,2.7490862364309976e-10,4.349181519450507e-11,5.2949262752122195e-09,1.7857613829797312e-09,5.5694671097228365e-09,1.8297169069683027e-09
0.01864142977865413,0.0005534174134129484,0.0013895465215316705,1.1195170786510443e-06,1.151111094466784e-06,1.1195601340647168e-06,1.1511284583320958e-06,1.338999306503006e-07,1.4328070108149404e-07,1.3370299660102848e-07,1.430908866950631e-07,2.745163228679015e-10,4.3436861746348754e-11,5.2944159782275015e-09,1.7858203804621553e-09,5.5685645195692464e-09,1.8297221515695128e-09
0.018642267968971282,0.0001938462341684044,0.0012291892995945422,1.1195233473750314e-06,1.1511330421233639e-06,1.1195655815754435e-06,1.1511509293138436e-06,1.3389146147346764e-07,1.4331928761580843e-07,1.3369451323796966e-07,1.4312944485692577e-07,4.855107635370892e-11,8.823776996355273e-11,5.0004849150298014e-09,1.939167497096111e-09,5.048672591101422e-09,2.0280302944400358e-09
0.018642269424162805,0.00019472576750300075,0.0012289109016397903,1.1195233604016614e-06,1.1511330802269343e-06,1.1195655922151129e-06,1.1511509683259646e-06,1.3389140507336833e-07,1.433193546063194e-07,1.3369445683787035e-07,1.43129511798179e-07,4.908726285065385e-11,8.831554931809649e-11,5.000567069224667e-09,1.939433724729156e-09,5.049292104015335e-09,2.028374579410297e-09
0.01864310761447996,0.0007013369682304926,0.0009222587401864174,1.1195308637405847e-06,1.1511511066602014e-06,1.1195717206646805e-06,1.15116889971544e-06,1.3385891861616983e-07,1.4333498782720707e-07,1.3366197038067185e-07,1.4314513083284083e-07,3.5793068509093473e-10,6.472792872652475e-11,5.047887885467617e-09,1.943438673614682e-09,5.406131542429193e-09,2.0073674388424944e-09
0.018643109069671482,0.000702785419219803,0.0009217263579616719,1.1195308963140306e-06,1.1511511379560924e-06,1.119571754159936e-06,1.1511689308463247e-06,1.338589033216451e-07,1.4333501496821555e-07,1.3366195506151825e-07,1.4314515794922045e-07,3.5741691837064504e-10,6.468697799633105e-11,5.047503062541155e-09,1.9434456266509414e-09,5.405229469481754e-09,2.007330968112342e-09
0.018643947259988636,0.0015370931890625883,0.0008837092569837779,1.1195496586188653e-06,1.1511662709425994e-06,1.1195910474270931e-06,1.151183482761553e-06,1.338500936753917e-07,1.4330619535485312e-07,1.33653131229039e-07,1.431163241250033e-07,6.148728748378574e-11,4.4556896366954035e-11,4.825845056899425e-09,1.7029496701681524e-09,4.885635451756798e-09,1.746811140179716e-09
0.018644786905497313,0.001388112775497774,0.0011915148765879735,1.1195742199793662e-06,1.1511836954688318e-06,1.1196175364602823e-06,1.151200649474049e-06,1.338928115046656e-07,1.4327221720122907e-07,1.336958632691676e-07,1.4308234597137925e-07,2.513563523987017e-10,7.511761351830515e-11,5.0596651313128405e-09,1.6314012363238817e-09,5.313995465883181e-09,1.7068286783938902e-09
0.018645625095814466,0.00038298062519714904,0.00141337663561103,1.1195890651127586e-06,1.1512055294172594e-06,1.1196324294360238e-06,1.1512229320942424e-06,1.3392458697580878e-07,1.4328377062611253e-07,1.3372762452945608e-07,1.43093885185408e-07,2.3360979817255156e-10,2.5458805202882573e-11,4.9416923886269615e-09,1.8534015433502304e-09,5.171843842077806e-09,1.8798311796075495e-09
0.01864646328613162,0.0001901043795768942,0.0012321089642608474,1.1195938686557776e-06,1.1512277036213991e-06,1.1196352716069669e-06,1.1512456694617867e-06,1.3389484365688986e-07,1.4332559317153937e-07,1.3369788121053716e-07,1.4313570773083484e-07,6.207843961103521e-11,6.633406324230151e-11,4.829899591385356e-09,2.08588413208588e-09,4.894534999522193e-09,2.1528028248951614e-09
0.018647301476448774,0.0010374071075354152,0.0009064691857738616,1.1196041575382045e-06,1.1512456289763774e-06,1.119645048675011e-06,1.1512634046084713e-06,1.338629118663448e-07,1.433391787486471e-07,1.336659352091374e-07,1.4314926488623314e-07,2.9501118214980693e-10,4.1307988279948304e-11,4.995397873130969e-09,2.086657957534044e-09,5.287939863762858e-09,2.1274693118300547e-09
0.018648138211574405,0.0014800837415697462,0.0008716414009182216,1.1196252287102165e-06,1.1512605070522288e-06,1.1196674060995647e-06,1.1512777291500242e-06,1.3387833224736627e-07,1.433077727597265e-07,1.3368135559015886e-07,1.4311784468645783e-07,1.837101643227014e-11,2.553716092756897e-11,4.2615217959390214e-09,2.0208918982689283e-09,4.279160827378201e-09,2.046479652406674e-09
0.01864813966676593,0.0014808536139767625,0.0008721570126912184,1.119625265355733e-06,1.1512605367421403e-06,1.119667444982042e-06,1.1512777583612256e-06,1.3387835906542023e-07,1.433077128323548e-07,1.336813824082128e-07,1.4311778475908613e-07,1.7889903100587468e-11,2.559959996504041e-11,4.260245489717818e-09,2.0209583277697174e-09,4.277406429054054e-09,2.04660895368315e-09
0.01864897640189156,0.0010627033093740246,0.0011686337821643633,1.1196465421050633e-06,1.1512776084412567e-06,1.119689688917131e-06,1.151294554802007e-06,1.3390921401364628e-07,1.4327325459362328e-07,1.3371222317025575e-07,1.430833265203546e-07,2.144953781618093e-10,6.150204651111935e-11,5.0267852534800914e-09,2.0591552907234245e-09,5.245271626763692e-09,2.1209571876568134e-09
0.018648977857083082,0.0010619760914529763,0.001169027106044817,1.1196465791081057e-06,1.1512776457440551e-06,1.1196897276022355e-06,1.1512945929612413e-06,1.339092676744258e-07,1.4327326818661473e-07,1.3371227680636366e-07,1.4308334011334606e-07,2.1483730072713314e-10,6.142263825880268e-11,5.0281183661127216e-09,2.0592874115111648e-09,5.246954870585796e-09,2.121009268508522e-09
0.01864981313701719,0.0005069728518591887,0.0013947950134252096,1.1196596842238055e-06,1.15129905755041e-06,1.1197024605280603e-06,1.1513164963616873e-06,1.3391948527896602e-07,1.4328107056371664e-07,1.3372248020004918e-07,1.4309114249044796e-07,1.0483891532686584e-10,1.584230142903653e-11,4.761255834040412e-09,2.135124743674055e-09,4.860644331472486e-09,2.1509036773892376e-09
0.01865064987214282,0.0004401656282244648,0.0012256559763983432,1.1196676092641567e-06,1.1513209837842918e-06,1.1197093954251613e-06,1.1513388926687185e-06,1.3390379649536044e-07,1.4332157149965497e-07,1.337067914164436e-07,1.4313162921553158e-07,7.283657010859201e-11,6.724850537542792e-11,4.479256965339573e-09,2.073389016032934e-09,4.557322963449906e-09,2.140680743778489e-09
0.018651486607268453,0.0009597083989500432,0.0008745259921596471,1.1196793225018567e-06,1.151338556744525e-06,1.1197206504220958e-06,1.1513564004417276e-06,1.338805759587558e-07,1.4333930664633954e-07,1.3368355666898424e-07,1.4314935015136143e-07,1.8132320644959066e-10,5.348642709290807e-11,5.604987585172694e-09,2.0967618752365524e-09,5.784432932642858e-09,2.1501953550995268e-09
0.01865232188720256,0.0013665556790617018,0.0008285770218492416,1.1196987592393219e-06,1.1513527824222581e-06,1.1197408514857195e-06,1.1513699291754165e-06,1.3388791019323157e-07,1.433055274446815e-07,1.3369087671731983e-07,1.4311554252799397e-07,8.00385084598342e-12,2.831915257850426e-11,3.966170978888227e-09,2.088331063632154e-09,3.9697720256919695e-09,2.116489428161117e-09
0.018652323342394084,0.001367264472232628,0.0008291806246537479,1.1196987931012338e-06,1.15135281158758e-06,1.1197408866792102e-06,1.1513699578442713e-06,1.3388792297064356e-07,1.4330546133331393e-07,1.3369088947001728e-07,1.431154764166264e-07,7.701900749113033e-12,2.839170669098069e-11,3.96331589769261e-09,2.0880506969843814e-09,3.966610595540487e-09,2.11628054790503e-09
0.018653158622328192,0.000981828006282652,0.0011756486344403072,1.1197184145993405e-06,1.1513695524823213e-06,1.1197616913705133e-06,1.1513864137668861e-06,1.339225406127298e-07,1.4326751340831834e-07,1.3372552132295823e-07,1.430775284916308e-07,2.0742343953550346e-10,7.003776725245103e-11,4.744643788967551e-09,1.9271202411630384e-09,4.95943819345257e-09,1.996383280911118e-09
0.0186539939022623,0.000366471738022089,0.0014368030995490777,1.1197296677219442e-06,1.1513913737674437e-06,1.1197723593479326e-06,1.1514088100739173e-06,1.339337760357565e-07,1.4328435327115585e-07,1.3373674255984478e-07,1.4309436835446832e-07,3.406955110541866e-11,1.3703600754144674e-11,5.432389638416601e-09,1.8033983195664405e-09,5.4624538986766544e-09,1.8168936355422716e-09
0.018653995357453823,0.00036539968877424833,0.0014364753466811538,1.1197296873266873e-06,1.1513914128462635e-06,1.1197723779332591e-06,1.1514088500821773e-06,1.3393379560966423e-07,1.4328444002173935e-07,1.3373676210903795e-07,1.430944551050518e-07,3.3767540846829647e-11,1.3785943229994492e-11,5.433587801917383e-09,1.8034092728643297e-09,5.4633302326578814e-09,1.8169878867074097e-09
0.01865482918219641,0.0005607128794663518,0.00124867295336073,1.1197374094824254e-06,1.1514138050100489e-06,1.1197787443961715e-06,1.151431774815137e-06,1.3390500441801123e-07,1.4333414810607792e-07,1.3370795670653024e-07,1.4314416318939038e-07,1.6241340217160172e-10,6.096818189194053e-11,4.6573211953671034e-09,1.8096855125548927e-09,4.822220400768629e-09,1.8709938043315333e-09
0.018655664462130517,0.0013288869779566536,0.000912675403183627,1.1197532041092737e-06,1.1514318583191773e-06,1.1197945193840576e-06,1.1514496236486593e-06,1.338853991722752e-07,1.4334614206745755e-07,1.3368836564693438e-07,1.4315612872906058e-07,1.462908122900933e-10,3.2582037762241e-11,5.616083500084217e-09,1.863950993552521e-09,5.7625557960188474e-09,1.8962982295533948e-09
0.01865566591732204,0.0013302252603582046,0.0009126481010364592,1.1197532316260454e-06,1.1514318846538755e-06,1.1197945468666148e-06,1.151449649044672e-06,1.3388536501679482e-07,1.4334607426208792e-07,1.3368833151616855e-07,1.4315606092369096e-07,1.4626272415441122e-10,3.258125958890372e-11,5.6177538176882535e-09,1.8637496376533378e-09,5.764194010993151e-09,1.8960955776189915e-09
0.018656498286873102,0.0014902568174237146,0.0008970312728564522,1.1197767131175853e-06,1.1514469481012104e-06,1.1198194708242088e-06,1.1514641755638877e-06,1.339089719698113e-07,1.433072895906662e-07,1.3371191014650593e-07,1.4311727625226922e-07,6.894631173569885e-11,3.213614443997592e-11,5.0632590447104615e-09,1.7485740633205182e-09,5.131023703480595e-09,1.7801786711402201e-09
0.018656501197256148,0.001490816368322545,0.0008979204406179579,1.1197767952207025e-06,1.1514470077423425e-06,1.1198195579709136e-06,1.1514642345859742e-06,1.3390905451160506e-07,1.433071824893465e-07,1.3371199258926936e-07,1.4311716910143437e-07,6.867597462933972e-11,3.2190083883383286e-11,5.061320251797952e-09,1.7478697935382659e-09,5.128809821286495e-09,1.7795280916660711e-09
0.01865733356680721,0.0007848037782779867,0.0011522224204085774,1.1197957265160654e-06,1.1514640651061092e-06,1.119839191469541e-06,1.1514811149027082e-06,1.3394196615670324e-07,1.432765515119172e-07,1.3374489004831363e-07,1.4308652396266552e-07,3.3003551669498076e-10,4.761676469788867e-11,5.327779562493089e-09,1.5464486358141016e-09,5.660404263206023e-09,1.5934623620594834e-09
0.018657335021998733,0.0007835694905331536,0.0011524219692654945,1.1197957596127356e-06,1.1514641003040828e-06,1.1198392257938394e-06,1.1514811510126636e-06,1.3394202369454433e-07,1.4327658638183298e-07,1.337449475613539e-07,1.430865588325813e-07,3.304924389713193e-10,4.7576346600597085e-11,5.32824540044885e-09,1.546638246793724e-09,5.66133362411847e-09,1.5936148268755126e-09
0.018658167391549796,0.00024374123688812067,0.0012665639154221253,1.1198043027788906e-06,1.1514842335450477e-06,1.1198467160303101e-06,1.1515018059071735e-06,1.3393928578613747e-07,1.4329653197364678e-07,1.337421954668931e-07,1.431065044243951e-07,2.907061131957772e-11,2.44571949498118e-11,5.427942770839159e-09,1.6550957271377342e-09,5.453583740892194e-09,1.6808247016442124e-09
0.01865816884674132,0.00024279748119993005,0.0012662220194694046,1.1198043177144957e-06,1.151484267556096e-06,1.119846729125129e-06,1.1515018404298781e-06,1.339392809995843e-07,1.4329660079584894e-07,1.3374219065553916e-07,1.4310657324659726e-07,2.854365008242432e-11,2.451732003862003e-11,5.42811706694124e-09,1.6554953452308592e-09,5.453220541795645e-09,1.6812821966517676e-09
0.01865900121629238,0.0006462854623483505,0.0010706575345131586,1.1198117181702015e-06,1.1515037218757863e-06,1.1198527545275283e-06,1.1515215874169371e-06,1.339042228210019e-07,1.4333596709548146e-07,1.3370710405524733e-07,1.4314593954622978e-07,3.159922601359e-10,5.890887083692675e-11,4.712107148918676e-09,1.884076894498321e-09,5.029894722952122e-09,1.9429693409733773e-09
0.01865983649622649,0.0014658687289212935,0.0008731652462259376,1.1198293605703387e-06,1.1515199582374285e-06,1.1198707170478883e-06,1.1515375035742181e-06,1.3388557817961555e-07,1.433379708259963e-07,1.3368844520300627e-07,1.431479290658899e-07,1.8678816826600553e-10,2.6682326487170727e-11,5.341115549839515e-09,1.7769692384206337e-09,5.5269975263172455e-09,1.8033428084152092e-09
0.018660670320969075,0.0015279000668684262,0.0010172182596730472,1.1198543233552938e-06,1.1515357207228305e-06,1.1198973197679152e-06,1.1515527376104728e-06,1.3391435516041383e-07,1.4330208841784042e-07,1.3371720797294984e-07,1.431120324468793e-07,1.483552447556491e-10,5.6907655671123436e-11,4.441999212900782e-09,1.8040403615415812e-09,4.587385582510706e-09,1.861302112438068e-09
0.018661502690520138,0.0006802981846050216,0.0013004068599400398,1.1198727037251661e-06,1.1515550119286339e-06,1.119916191782977e-06,1.1515721780597232e-06,1.339493849172868e-07,1.4328922759432317e-07,1.3375220930811338e-07,1.4309915741250734e-07,3.8149011727384163e-10,3.647033716691617e-11,4.560385402641032e-09,1.7858130529901928e-09,4.946236309422147e-09,1.8216967934137074e-09
0.0186623350600712,0.00018514117760304316,0.0012707438617265549,1.1198799073789e-06,1.1515764129726995e-06,1.1199219898117008e-06,1.1515941948154096e-06,1.3393690778684686e-07,1.4332294784449488e-07,1.3373973217767343e-07,1.4313289184873299e-07,2.5158996413976453e-11,4.831793993293338e-11,5.522220902776098e-09,1.6468427006033057e-09,5.545937042938931e-09,1.695016107693351e-09
0.018662336515262723,0.00018623711915051436,0.0012706920033380698,1.1198799218895012e-06,1.1515764503871123e-06,1.1199220021344e-06,1.1515942333062412e-06,1.3393683581333967e-07,1.433230067959812e-07,1.337396601793221e-07,1.431329508250201e-07,2.5767327137815056e-11,4.833865252518166e-11,5.520596728787324e-09,1.6465997454417902e-09,5.544922608093559e-09,1.6947946379630707e-09
0.018663167429622263,0.0008120197427565756,0.0009735157486335667,1.119888207442776e-06,1.1515950935070977e-06,1.1199290383956395e-06,1.1516129588401852e-06,1.3389573894073692e-07,1.433497048678619e-07,1.3369854912070878e-07,1.4315963471089023e-07,3.7312417044965684e-10,6.563022185250751e-11,4.593193381197125e-09,1.6607720133076588e-09,4.9656803113862225e-09,1.7266468864630733e-09
0.018663168884813786,0.0008134062340055726,0.0009729952998512471,1.119888242616392e-06,1.151595126157045e-06,1.1199290749662307e-06,1.1516129916344653e-06,1.3389572840681665e-07,1.433497516245552e-07,1.3369853861163265e-07,1.4315968144273938e-07,3.7262475097292344e-10,6.566050481104924e-11,4.59393750779119e-09,1.6607968333914869e-09,4.965926527021515e-09,1.7267026697354027e-09
0.018663999799173325,0.0016050927371829005,0.0008463181139713109,1.119908326751074e-06,1.15161024125005e-06,1.1199499567737803e-06,1.151627631597367e-06,1.3388971353833767e-07,1.4333275678390003e-07,1.3369253792916425e-07,1.4314267241607362e-07,8.745622975814271e-11,2.6417675560341763e-11,5.018833793002386e-09,1.7881760146036726e-09,5.106515654773602e-09,1.8151791551974753e-09
0.018664001254364848,0.0016046558546440213,0.0008460962625074231,1.1199083698289438e-06,1.151610267721316e-06,1.1199500028845256e-06,1.1516276572365314e-06,1.3388978732546792e-07,1.433327270206064e-07,1.336926117162945e-07,1.4314264262793586e-07,8.773158643082347e-11,2.634894906428098e-11,5.018070755350675e-09,1.7883990954814522e-09,5.1060254128938765e-09,1.8153341052595806e-09
0.018664832168724388,0.0013551959249440415,0.0010425019826001414,1.1199329672925213e-06,1.1516259603553287e-06,1.1199763321201317e-06,1.1516430049596238e-06,1.3393191977684182e-07,1.4330446163057786e-07,1.337347441676684e-07,1.4311437723790732e-07,2.449602465315337e-10,5.692963461756406e-11,4.582376256223597e-09,2.0826600444223686e-09,4.82609729957062e-09,2.1409825023965823e-09
0.01866566453827545,0.00041449775046231707,0.0012861726780073468,1.1199476976838224e-06,1.151645343534147e-06,1.11999088403536e-06,1.151662559095712e-06,1.3395954567840818e-07,1.4330434794374014e-07,1.3376235585838003e-07,1.4311424934021488e-07,2.5438703921132344e-10,4.033499229061377e-11,4.7533523783727105e-09,2.1644863679171067e-09,5.010077241962563e-09,2.203620619312119e-09
0.018666493997443467,0.00017873879592922304,0.0013090219469913626,1.1199526183387445e-06,1.1516668699463926e-06,1.119994180953654e-06,1.1516844622288428e-06,1.3393511721915274e-07,1.4333108849163638e-07,1.3373791318826989e-07,1.4314100407407818e-07,6.9964187221494e-11,3.715092843448798e-11,5.2547517448431336e-09,1.8197017584144693e-09,5.323372409549165e-09,1.8565407646713393e-09
0.01866649545263499,0.00018002039797216586,0.0013090620334281766,1.1199526342083934e-06,1.151666907712028e-06,1.1199941956613918e-06,1.1516845006553922e-06,1.3393506527003176e-07,1.433311354048783e-07,1.3373786121430474e-07,1.4314105101220775e-07,7.042727179897721e-11,3.7145342357547406e-11,5.253276820542337e-09,1.8190968731346402e-09,5.3223617960448615e-09,1.8559318526456536e-09
0.01866732636699453,0.0009118151644925132,0.001106073133982477,1.119961695777849e-06,1.1516869754169363e-06,1.1200025937796454e-06,1.1517047369125066e-06,1.3390540232194326e-07,1.4335724074499012e-07,1.3370818408020568e-07,1.4316714214146486e-07,3.348485655418898e-10,6.202487828899095e-11,4.4110950447873165e-09,1.9853552135629116e-09,4.745301485087339e-09,2.0482209261984963e-09
0.01866815728135407,0.0014804664410098256,0.0008995029600846749,1.1199815735892296e-06,1.1517036400366935e-06,1.1200233984709485e-06,1.1517212215039763e-06,1.3391611730639852e-07,1.4335604703319405e-07,1.3371888485380623e-07,1.4316592000795936e-07,3.675830126392832e-11,3.9228145037872864e-11,5.110034617672454e-09,2.0070889394929736e-09,5.148270254551335e-09,2.0456885074793263e-09
0.018668986740522087,0.0011915176616450612,0.0009413206352551495,1.120003736606337e-06,1.151718908916772e-06,1.120046817959519e-06,1.1517361144797178e-06,1.3394924280873965e-07,1.433302969644501e-07,1.3375199614529265e-07,1.431401557283607e-07,2.4685717359140824e-10,3.855008326447695e-11,4.666495634353396e-09,1.8489489939099713e-09,4.911373086002868e-09,1.887062284211538e-09
0.018669817654881626,0.0005163553347699579,0.0011668539378899,1.1200179275683068e-06,1.1517364260420244e-06,1.1200608014405589e-06,1.1517535085658892e-06,1.339653579179867e-07,1.433146934459728e-07,1.3376809704368497e-07,1.431245522098834e-07,1.58332125188565e-10,4.1330470296196964e-11,4.512340279205773e-09,1.764291823747044e-09,4.670809516937879e-09,1.8055464900967877e-09
0.018670647114049643,0.00035107354115954115,0.001259895378151299,1.1200251225366442e-06,1.1517565549367112e-06,1.1200668268429581e-06,1.1517740858835168e-06,1.339486317419869e-07,1.4333316755710257e-07,1.3375137086768518e-07,1.4314301211015845e-07,7.409401564517637e-11,2.5112859708409374e-11,4.86815432410026e-09,1.8641210797198937e-09,4.9443933392012696e-09,1.889870038240815e-09
0.01867147657321766,0.0009252367481819984,0.001110686448292597,1.1200357090093516e-06,1.151776217945006e-06,1.1200768312846776e-06,1.151793981080118e-06,1.3392472908435593e-07,1.4336373510559497e-07,1.337274682100542e-07,1.4317356544779614e-07,2.391651043875953e-10,4.1112533516463046e-11,5.4227737855683245e-09,1.979802988216761e-09,5.663622903995247e-09,2.020914102729421e-09
0.018672304577194154,0.0013649634277744793,0.0009374421396260183,1.120054671957878e-06,1.1517931740101211e-06,1.1200967264812789e-06,1.1518107772134133e-06,1.3393007236572885e-07,1.4336745181752344e-07,1.337327972805724e-07,1.4317726797380122e-07,5.6457991060021584e-11,2.3796591415217872e-11,5.6850733010094245e-09,1.8923642812595673e-09,5.740801611864299e-09,1.9158347567252384e-09
0.018672306032385677,0.0013644685744044764,0.0009371376680817889,1.1200547075717345e-06,1.1517932038098841e-06,1.1200967635141192e-06,1.151810806732101e-06,1.339301174372838e-07,1.4336745834953035e-07,1.3373284235212738e-07,1.431772744808768e-07,5.6600941194141064e-11,2.376615917953906e-11,5.684237028140996e-09,1.89221061042133e-09,5.740107011231207e-09,1.915650083006426e-09
0.018673135491553694,0.0010824021535028594,0.000979754980797054,1.1200750074699235e-06,1.1518091036517012e-06,1.1201178722330951e-06,1.151826268142031e-06,1.3395580822361808e-07,1.4334233355839388e-07,1.3375853313846164e-07,1.4315214968974033e-07,1.3808251764224622e-10,3.2832694896178793e-11,5.207561493136836e-09,1.951168782099444e-09,5.3441846503687884e-09,1.9846473353624106e-09
0.018673963495530188,0.0006792702435309411,0.0011648854183903268,1.1200895941874236e-06,1.151826861359488e-06,1.1201320830878103e-06,1.1518441169755533e-06,1.3396363840456615e-07,1.4332722741983162e-07,1.337663348977003e-07,1.4313702934032335e-07,1.3034363866015752e-10,2.6895546553773464e-11,4.8668216123815e-09,2.0551627066822675e-09,4.995265090457224e-09,2.081959715738435e-09
0.018674791499506682,0.0006444684167803416,0.0011850778518791572,1.1201005547961694e-06,1.151846319148812e-06,1.1201425422768807e-06,1.151863898485317e-06,1.3395745668276504e-07,1.433474068335272e-07,1.3376015317589918e-07,1.4315719454316422e-07,4.9773019039633937e-11,2.5638128772764723e-11,4.422274990645292e-09,2.03619965333246e-09,4.471968129138304e-09,2.062068071850831e-09
0.018675619503483176,0.000901255284169622,0.0009745184836353784,1.1201133534498788e-06,1.1518641976283042e-06,1.12015504782903e-06,1.1518819429798704e-06,1.3394664222232677e-07,1.4337553751961185e-07,1.337493245046062e-07,1.4318531104332546e-07,1.415123157544329e-10,4.186313838529316e-11,4.956052457316673e-09,2.0952314920090015e-09,5.100115885170453e-09,2.1370659456490477e-09
0.0186756209586747,0.0009018395906517474,0.0009741484320215932,1.1201133845179407e-06,1.151864229049182e-06,1.120155079197806e-06,1.1518819746925146e-06,1.3394663517933726e-07,1.4337558695842745e-07,1.3374931746161668e-07,1.4318536045720975e-07,1.4134936122733963e-10,4.189165334067546e-11,4.9559962749585515e-09,2.095335238649909e-09,5.099887439905405e-09,2.137197752105635e-09
0.01867644750745967,0.0012337256724990198,0.0008485750396474145,1.1201310311770973e-06,1.1518792947478905e-06,1.1201728966625524e-06,1.1518966402945807e-06,1.3394263476129709e-07,1.4337032894218282e-07,1.337453170435765e-07,1.4318008823011041e-07,4.879118983835973e-11,1.5620371315860915e-11,4.924084695545616e-09,1.9649892823991877e-09,4.97013052935813e-09,1.979685304576151e-09
0.018677275511436164,0.0011710990916746766,0.0010395059200085655,1.1201509432217724e-06,1.151894928133316e-06,1.1201935876670177e-06,1.1519119880176731e-06,1.3396318365721527e-07,1.433406850992469e-07,1.3376585172863997e-07,1.431504301763198e-07,1.286360740149206e-10,5.068953243259067e-11,4.693128996535734e-09,1.767968549337695e-09,4.824268096115247e-09,1.818700745559454e-09
0.01867810351541266,0.0006689287349459505,0.0013090982571664078,1.1201661787253455e-06,1.1519143746692951e-06,1.1202091627637856e-06,1.1519315421537613e-06,1.33983206751509e-07,1.433350576007797e-07,1.3378586061207898e-07,1.4314480267785257e-07,1.0130749017456253e-10,2.543782892661106e-11,5.217639653665174e-09,1.9085464320056644e-09,5.317595253018226e-09,1.9343462387411137e-09
0.01867893006419763,0.0004433842553284075,0.0012970268587149114,1.1201753725348517e-06,1.1519359155647752e-06,1.1202173482161015e-06,1.1519535974002792e-06,1.3397598763731366e-07,1.4336710307816247e-07,1.3377861307617422e-07,1.4317683394438063e-07,4.8039048433645704e-11,3.0457802946415313e-11,4.423812427489793e-09,1.912166869288967e-09,4.470436021364321e-09,1.942519478603799e-09
0.0186797566129826,0.0009266722284040352,0.001023632429212995,1.1201866967200713e-06,1.1519550969459229e-06,1.1202279210920096e-06,1.151972924162692e-06,1.339534065891712e-07,1.4339698850562854e-07,1.3375601781717705e-07,1.43206705160992e-07,1.6781738498838905e-10,5.709644562701399e-11,4.7823278670477976e-09,1.8476365992725619e-09,4.952975363181622e-09,1.9044326116102184e-09
0.018680583161767572,0.0014008282816078133,0.0008480281379661392,1.120205934647257e-06,1.1519705671335998e-06,1.1202480436622864e-06,1.151988044512109e-06,1.3395838038832153e-07,1.4338679932279774e-07,1.3376099161632737e-07,1.4319650176730647e-07,3.772453183170654e-11,1.2115676517598928e-11,5.510077727421958e-09,1.7923602602110122e-09,5.549436910001759e-09,1.8042317639910266e-09
0.01868140825536102,0.0010962327315458683,0.0010143976594183535,1.1202265333052523e-06,1.1519859338895367e-06,1.1202696061324056e-06,1.1520029374878504e-06,1.339875890238318e-07,1.4335428488720936e-07,1.3379020025183763e-07,1.4316397312086337e-07,1.4681037980079133e-10,4.998195607397449e-11,5.635339985734324e-09,1.7501039506484517e-09,5.781648842782797e-09,1.8002548340945168e-09
0.018681409710552543,0.0010956955259902035,0.0010149310365983307,1.1202265696344552e-06,1.1519859678210167e-06,1.1202696441614535e-06,1.1520029717139935e-06,1.3398764053818013e-07,1.433542715520235e-07,1.3379025176618597e-07,1.4316395978567751e-07,1.4700277106705073e-10,4.995832948839801e-11,5.635560906824821e-09,1.750155811355104e-09,5.7820583876377896e-09,1.8002824524559487e-09
0.018682234804145992,0.0005197383831681834,0.0013173558976454086,1.120239898476146e-06,1.1520052069702311e-06,1.1202826044609537e-06,1.1520223779371008e-06,1.339980002512675e-07,1.4334671050164616e-07,1.3380061147927336e-07,1.4315639873530017e-07,1.6804146962812183e-10,3.656205546653801e-11,5.046273621189812e-09,1.7795608320270162e-09,5.211542752903142e-09,1.8159420633878653e-09
0.01868305989773944,0.0003986828454536351,0.0013655446832352425,1.1202474763108642e-06,1.1520273434110426e-06,1.120289425671217e-06,1.1520450016178074e-06,1.3398914688877994e-07,1.4337783227347245e-07,1.3379174390593107e-07,1.4318752050712646e-07,5.313525661132523e-11,2.198337345493684e-11,4.93600982309772e-09,1.740197319577419e-09,4.9909978372397745e-09,1.7621581971383193e-09
0.01868388499133289,0.0007045705560506654,0.001129242686475962,1.1202565836352515e-06,1.1520479277418002e-06,1.1202980506592648e-06,1.1520658063091105e-06,1.3397723078687193e-07,1.43410687769574e-07,1.3377981361818744e-07,1.43220376003228e-07,2.1182650925648738e-10,5.142279657643911e-11,5.25196739306426e-09,1.7413940289756624e-09,5.463243417908439e-09,1.79295167601623e-09
0.01868388644652441,0.0007051100405490729,0.0011289179519541573,1.120256599697552e-06,1.1520479579277242e-06,1.1202980658708839e-06,1.1520658357834758e-06,1.3397720977081917e-07,1.4341067849617674e-07,1.3377979257711559e-07,1.4322036667970427e-07,2.12106388008948e-10,5.1360401384667616e-11,5.2525246374557355e-09,1.7416007170618658e-09,5.4640763025304295e-09,1.7930967418294035e-09
0.018684710084926337,0.001210899810004662,0.0009451182126127833,1.120272380690466e-06,1.1520650431606835e-06,1.1203138683413272e-06,1.1520825182742556e-06,1.3396849851687875e-07,1.4340542975332937e-07,1.3377106711232045e-07,1.4321508956527396e-07,8.913288163103772e-11,1.6044722842001313e-11,4.752237270366777e-09,1.8585861738529275e-09,4.839427081293479e-09,1.875203992085517e-09
0.018685535178519785,0.0013376804706695111,0.0010519699180449038,1.1202934088630856e-06,1.1520815210069052e-06,1.1203359235878452e-06,1.152098661805212e-06,1.3398582154877658e-07,1.4337506115680299e-07,1.3378836172250885e-07,1.4318473517960228e-07,1.0001898614886429e-10,3.022321282131202e-11,4.76579309349745e-09,1.985303033080754e-09,4.867508174299928e-09,2.015590805370948e-09
0.01868635881692171,0.0007307842815196253,0.0012802355769281348,1.1203104455331149e-06,1.1521007299469737e-06,1.1203536587345297e-06,1.1521179885676247e-06,1.3401498222265218e-07,1.4336701781303418e-07,1.3381752239638445e-07,1.4317667762497877e-07,2.1894755453111259e-10,2.2483825565244864e-11,5.0737098966635585e-09,1.867751509010418e-09,5.293281368778935e-09,1.889657319509297e-09
0.01868718391051516,0.0003395045665111063,0.0012945116137763613,1.1203192764178313e-06,1.1521219740210916e-06,1.120361275752657e-06,1.1521395890667918e-06,1.3400894260939822e-07,1.433926399840857e-07,1.3381145436142106e-07,1.4320228558517556e-07,3.9163984555390385e-11,2.0243997450597462e-11,5.23989296397076e-09,1.8124342027192597e-09,5.279056303209018e-09,1.8327024342568166e-09
0.018688007548917085,0.0008661517099826099,0.0010893996792269434,1.1203292066659197e-06,1.1521416088299685e-06,1.120370257012837e-06,1.1521593705765554e-06,1.3398047826740367e-07,1.4341493681513384e-07,1.337829758085718e-07,1.432245824162237e-07,1.9373846971149078e-10,3.498669409740529e-11,5.175348594121942e-09,1.7651332617774074e-09,5.368402611338752e-09,1.7998804668906132e-09
0.01868883118731901,0.0014414127591350079,0.0009718743288331666,1.1203482126530364e-06,1.1521585862742679e-06,1.1203900385226007e-06,1.1521759688548627e-06,1.339804072131301e-07,1.434047192105936e-07,1.337828905434435e-07,1.4321435060082877e-07,1.075923794502387e-10,1.7186694775683797e-11,4.5821524352618326e-09,1.7456478484945137e-09,4.687643162526456e-09,1.7628348780718284e-09
0.018689653370529413,0.0012891065366605595,0.0010825696386262962,1.120370660307896e-06,1.1521754775676354e-06,1.120413416633983e-06,1.1521926808200078e-06,1.340069913033792e-07,1.4338141340886068e-07,1.338094604479454e-07,1.4319104479909583e-07,1.0529762011529056e-10,3.303897433415415e-11,5.013242663558389e-09,1.7633283722062743e-09,5.122568862221682e-09,1.7966366172572634e-09
0.018689654825720936,0.0012888369681252065,0.001082858603340854,1.1203707000382587e-06,1.1521755114545828e-06,1.1204134580111713e-06,1.152192714765371e-06,1.3400703835486638e-07,1.4338140989380828e-07,1.3380950747432507e-07,1.4319104128404344e-07,1.0529355859434375e-10,3.3030277702571824e-11,5.0140056551128964e-09,1.7635177138777874e-09,5.1233386422211424e-09,1.7968174310036496e-09
0.01869047700893134,0.0007910516892280679,0.0012461236670660014,1.1203878005335944e-06,1.152194657579964e-06,1.1204306247236673e-06,1.1522118938955828e-06,1.3402548404428671e-07,1.4337942388920055e-07,1.3382792474203598e-07,1.431890552794357e-07,2.3140603322424624e-10,2.8116680858558674e-11,5.158638849422914e-09,1.8704957582826864e-09,5.386736390278202e-09,1.8989771977118153e-09
0.01869129919214174,0.0004909530199925793,0.001251552597778982,1.1203983409610703e-06,1.1522151930548637e-06,1.1204406291653868e-06,1.1522326985868858e-06,1.3402291187958326e-07,1.433988074950321e-07,1.338253241556231e-07,1.4320843888526724e-07,4.828585795091378e-11,2.986565855733758e-11,4.663457620068812e-09,1.967280560677409e-09,4.713409662571166e-09,1.9976622578354863e-09
0.018692121375352144,0.0007184054207335366,0.0011202102157774618,1.1204082841031236e-06,1.1522346932905074e-06,1.1204497241124045e-06,1.1522523664098117e-06,1.3400057241597096e-07,1.4341271992179827e-07,1.3380297048115608e-07,1.432223371011787e-07,2.1938813266064727e-10,3.712388382814957e-11,5.376994405281721e-09,2.156853362578204e-09,5.596998864376701e-09,2.1945516515131658e-09
0.018692943558562547,0.001316587294412276,0.0010399436075729795,1.1204250241762523e-06,1.152252453712562e-06,1.120466520037087e-06,1.1522698741828208e-06,1.3398840104487506e-07,1.434062113503387e-07,1.3379078492431297e-07,1.4321580010800972e-07,8.071624753543318e-11,2.6990186127728855e-11,4.596727329360675e-09,2.1959825069473027e-09,4.673623310894254e-09,2.222771522397693e-09
0.01869294501375407,0.0013176460233922382,0.001040028869402202,1.1204250538047004e-06,1.1522524846799129e-06,1.1204665497643873e-06,1.1522699049688141e-06,1.3398837950262532e-07,1.4340618697809408e-07,1.3379076335695572e-07,1.432157757357651e-07,8.047081057060979e-11,2.6994028859540074e-11,4.595346325686478e-09,2.1957668210710637e-09,4.671989017879241e-09,2.2225585045937068e-09
0.01869376574177295,0.0013144718468629895,0.0010881165410836502,1.1204466562873612e-06,1.1522699502658114e-06,1.1204895873456694e-06,1.1522872682689922e-06,1.3401653812260383e-07,1.4339244103211968e-07,1.3381892197693423e-07,1.4320202978979069e-07,1.5346093366074122e-10,2.916132960106843e-11,4.739951833195757e-09,2.074119986872347e-09,4.897773096038779e-09,2.1024164631455733e-09
0.018693767196964473,0.00131446621889042,0.0010882841561319718,1.1204466945896354e-06,1.1522699833098345e-06,1.1204896281924448e-06,1.152287301326867e-06,1.34016588049235e-07,1.433924349597509e-07,1.338189719035654e-07,1.4320202371742192e-07,1.5359034877260314e-10,2.915886084965355e-11,4.740208225939568e-09,2.0735435911641946e-09,4.898173422418495e-09,2.1018372607778666e-09
0.01869458646979183,0.0005573020349700641,0.001182651428337067,1.1204620294783304e-06,1.1522885870947802e-06,1.1205053169760504e-06,1.1523059129103785e-06,1.3404252285909024e-07,1.4338901621613331e-07,1.3384489250256593e-07,1.4319860497380432e-07,1.899062851418165e-10,2.7768953803075647e-11,5.35072475216225e-09,1.7490328074742933e-09,5.538638436775045e-09,1.775746327759009e-09
0.018695408653002232,0.00032601877562209733,0.001193083157097874,1.1204692886281146e-06,1.1523081199856654e-06,1.1205109912749296e-06,1.1523255807333044e-06,1.3402070517989965e-07,1.434006975387092e-07,1.3382307482337534e-07,1.432102578746708e-07,6.809839966170671e-11,2.589653318174623e-11,4.212522459635726e-09,1.6484701381713762e-09,4.277556542191521e-09,1.6745681508112398e-09
0.018695410108193755,0.0003256094247205965,0.0011929081762663476,1.1204693014761674e-06,1.1523081532728386e-06,1.1205110013179365e-06,1.152325614194324e-06,1.3402066656453826e-07,1.4340071656210515e-07,1.3382303620801395e-07,1.4321027689806673e-07,6.78828104838658e-11,2.5897646729657515e-11,4.2105079423038205e-09,1.6486230133228424e-09,4.2753245388382766e-09,1.6747224629535003e-09
0.018696229381021112,0.0009597939178136733,0.0010943939681169468,1.120479841665074e-06,1.1523268939513575e-06,1.120520988021284e-06,1.1523444527483662e-06,1.3399446565390882e-07,1.434114267340192e-07,1.3379680692606816e-07,1.4322098706998077e-07,2.4056394071411476e-10,2.6524574203712348e-11,4.856958137490437e-09,1.7346917235983028e-09,5.1044274953410015e-09,1.7616001990461427e-09
0.018696230836212635,0.0009609203556344426,0.0010942853530221184,1.1204798603865461e-06,1.1523269249109795e-06,1.120521005759656e-06,1.1523444833873722e-06,1.3399441911587928e-07,1.434114160506816e-07,1.3379676033764554e-07,1.4322097633625009e-07,2.408706567536001e-10,2.651287999907992e-11,4.8581063616381925e-09,1.73491683804863e-09,5.10590014712875e-09,1.7618134413934845e-09
0.018697050109039992,0.0013594971142689427,0.0010331350546337603,1.1204988709363583e-06,1.152344355178157e-06,1.1205411283299327e-06,1.1523617331476999e-06,1.3400543252828356e-07,1.4340540133161994e-07,1.338077453283404e-07,1.432149332458721e-07,1.008984354400333e-10,1.992904279102259e-11,5.772896827238583e-09,1.8616562735829234e-09,5.870195440849102e-09,1.8818688829469465e-09
0.01869786938186735,0.0011088705790246545,0.0010820925382688529,1.1205190899550527e-06,1.1523616846630626e-06,1.1205618961334852e-06,1.1523790135470335e-06,1.3402849840845868e-07,1.433939473827195e-07,1.338307828371992e-07,1.4320347929697164e-07,1.9711025841227774e-10,2.1813955156102516e-11,4.3875263375178004e-09,1.8057478845534547e-09,4.583614317886243e-09,1.827038076385179e-09
0.018697870837058872,0.001108425416439851,0.001082194102443934,1.1205191258680522e-06,1.1523617169896659e-06,1.1205619330212357e-06,1.1523790460001912e-06,1.3402853937805048e-07,1.4339394904569184e-07,1.3383082375639788e-07,1.4320348093474745e-07,1.9728114974970623e-10,2.1807788758553317e-11,4.385065643930375e-09,1.8056656215548352e-09,4.5813290938667706e-09,1.82695098214477e-09
0.01869869010988623,0.0006987253765241896,0.0011393747330146198,1.1205339254015282e-06,1.1523799168673882e-06,1.1205765726204612e-06,1.1523973171279067e-06,1.3403773168454093e-07,1.433948852991307e-07,1.33839987691572e-07,1.4320440300252812e-07,2.0095565080971098e-10,1.8336106938354746e-11,5.219120725037889e-09,1.759351553332067e-09,5.423082997641135e-09,1.7779169247944537e-09
0.018698691565077752,0.0006979976677499167,0.0011393458399916166,1.1205339516884437e-06,1.1523799497908446e-06,1.1205765986233018e-06,1.152397350244499e-06,1.3403774801190593e-07,1.4339490359907682e-07,1.338400039685439e-07,1.4320442130247426e-07,2.0096217745457778e-10,1.8337541730298577e-11,5.2206021727840835e-09,1.7593966248373082e-09,5.424578120027945e-09,1.7779625575243359e-09
0.018699509382713586,0.0005350796699082335,0.0011231079610638517,1.1205440336416057e-06,1.1523984527733244e-06,1.1205862448404208e-06,1.152415961769293e-06,1.3403347814226946e-07,1.4340518816879921e-07,1.3383573409890742e-07,1.4321470587219665e-07,9.781425324334665e-11,1.9143894802731154e-11,4.883378224393418e-09,1.7847268107828995e-09,4.9764749842189526e-09,1.8036081517180946e-09
0.01869951083790511,0.0005347897802323587,0.0011229859263859607,1.120544051581024e-06,1.1523984844602711e-06,1.1205862620045082e-06,1.1524159934723721e-06,1.3403347054463666e-07,1.4340520230393e-07,1.3383572650127462e-07,1.4321471998208615e-07,9.763071601165407e-11,1.9146092124269414e-11,4.882778181780623e-09,1.7845068799400706e-09,4.975677647678367e-09,1.8033903693441561e-09
0.018700328655540943,0.0008290334684863785,0.0010544024374112837,1.1205552094498829e-06,1.152416292524332e-06,1.120596702615978e-06,1.1524338106028154e-06,1.3402024955293835e-07,1.4341314624743973e-07,1.338224913239629e-07,1.4322264973998244e-07,2.110821333319204e-10,2.0380986828771874e-11,4.330295972598109e-09,1.6609057462702026e-09,4.544672609032858e-09,1.6809966751907268e-09
0.018700330110732466,0.0008295570337679692,0.001054317569172257,1.120555229303742e-06,1.1524163225137093e-06,1.1205967211935786e-06,1.1524338403827305e-06,1.340202260280421e-07,1.4341314793262072e-07,1.3382246777382534e-07,1.432226514503154e-07,2.112840041812447e-10,2.037793240443305e-11,4.3293129081689585e-09,1.6610849567023407e-09,4.543905696152706e-09,1.6811748054642869e-09
0.018701149383559823,0.0013103652137829158,0.0010065367506001746,1.1205727611052427e-06,1.1524332065331627e-06,1.1206144563402631e-06,1.152450606474883e-06,1.3401900389453658e-07,1.4341409668952465e-07,1.3382123142946512e-07,1.4322361436777013e-07,9.817428814340445e-11,1.865829150167512e-11,5.441263883909642e-09,1.7619804299961133e-09,5.539449787761441e-09,1.781462149478579e-09
0.018701150838751346,0.001310287778446203,0.001006451882361148,1.1205727986086098e-06,1.15243323652254e-06,1.1206144957867637e-06,1.1524506362547982e-06,1.340190473109735e-07,1.4341409837470565e-07,1.3382127479532959e-07,1.4322361607810308e-07,9.827417781783283e-11,1.8655237077336295e-11,5.439667354753235e-09,1.7621596404282514e-09,5.537949003290445e-09,1.7816402797521391e-09
0.018701967201195657,0.0012668465545502272,0.0010354169168623572,1.120593837997597e-06,1.1524499059940756e-06,1.1206366252736188e-06,1.1524672049988024e-06,1.3404340393208258e-07,1.4340899157004677e-07,1.3384560304530169e-07,1.4321849508787573e-07,1.5431228517215345e-10,1.854399326735406e-11,4.544014498009119e-09,1.879001845971383e-09,4.696008915061611e-09,1.8974502635376176e-09
0.01870196865638718,0.001265758116190038,0.0010354685479398995,1.1205938659504046e-06,1.1524499357079287e-06,1.1206366537458108e-06,1.1524672345331055e-06,1.3404343714963997e-07,1.4340898246700817e-07,1.3384563626285907e-07,1.432184859595509e-07,1.5433389934599474e-10,1.8543794971792593e-11,4.5448929459057415e-09,1.8792101208475742e-09,4.696920265788093e-09,1.897656698446326e-09
0.018702786474023014,0.0006540557577636719,0.0011190865769469859,1.120609575428282e-06,1.1524675572565162e-06,1.1206526551177376e-06,1.1524848246937342e-06,1.340621054168878e-07,1.4340546443488243e-07,1.338643045301069e-07,1.4321496792742515e-07,1.6648106504479898e-10,1.8754754022001483e-11,5.038580663807579e-09,1.8803201450969225e-09,5.209099374070547e-09,1.8993423482898352e-09
0.018702787929214537,0.0006535169891207057,0.0011192353634754681,1.1206095900576647e-06,1.1524675886115848e-06,1.1206526678619916e-06,1.1524848559929524e-06,1.3406208420175058e-07,1.434054581750388e-07,1.3386428326439727e-07,1.4321496166758152e-07,1.66271613581607e-10,1.8755129393976944e-11,5.039228390045587e-09,1.8803221202290388e-09,5.20952530619523e-09,1.899345347666781e-09
0.01870360429165885,0.0003512677804167197,0.0011550451459073153,1.1206177971414744e-06,1.1524861555046426e-06,1.120659817388514e-06,1.1525035809433682e-06,1.3405018250978173e-07,1.4341408300068488e-07,1.338523532012914e-07,1.432235864932276e-07,4.8769342730903276e-11,1.9541266517273007e-11,5.402602809567725e-09,1.895779956900447e-09,5.4484732281423476e-09,1.914877658572798e-09
0.01870360574685037,0.00035198106386175683,0.0011551089779615609,1.1206178132084498e-06,1.1524861886007086e-06,1.1206598323313666e-06,1.1525036143211764e-06,1.3405015075622003e-07,1.4341409837470565e-07,1.338523214477297e-07,1.4322360186724836e-07,4.890445570213884e-11,1.9542667831218274e-11,5.401470165953933e-09,1.8958075109765105e-09,5.447482779053903e-09,1.9149053454015075e-09
0.018704423564486206,0.0007528463599726365,0.0010950372810292208,1.1206268428486096e-06,1.1525045906936466e-06,1.1206682302145055e-06,1.152522145275725e-06,1.3403230525455e-07,1.4342710130677006e-07,1.3383447594605968e-07,1.4323660479931277e-07,1.2483794553652672e-10,2.5636191086642057e-11,4.7649244550029834e-09,1.679340222437986e-09,4.890850391348067e-09,1.7043666478144814e-09
0.01870524138212204,0.0011412188162321923,0.0010484062502911229,1.1206423328476548e-06,1.15252212015286e-06,1.1206842600586242e-06,1.1525395393618965e-06,1.3403607113104954e-07,1.434285366030963e-07,1.338382276117045e-07,1.43238040095639e-07,6.713840594585463e-11,2.4771738479922867e-11,5.2311581733022194e-09,1.7391241780018163e-09,5.297328797837508e-09,1.7647704408929599e-09
0.01870605774456635,0.0010533347735488807,0.0010894908609367622,1.120660248358982e-06,1.152539573739834e-06,1.1207026773263351e-06,1.1525569024977366e-06,1.3405001197952515e-07,1.4342106080849846e-07,1.338521684601801e-07,1.4323055011547267e-07,4.764836442072706e-11,2.7315317233905888e-11,4.495417815775227e-09,1.8542284297545767e-09,4.5417829497296225e-09,1.8811261257665513e-09
0.018706059199757874,0.0010528357213325397,0.0010895640955368435,1.1206602749409837e-06,1.1525396048513971e-06,1.1207027040761794e-06,1.1525569334480679e-06,1.3405002277065547e-07,1.4342104748266138e-07,1.3385217920064785e-07,1.4323053676434938e-07,4.778892784565917e-11,2.731985124238001e-11,4.496538317763114e-09,1.854433606673922e-09,4.543053055160631e-09,1.8813335334044723e-09
0.018706874107010663,0.0007733664801815587,0.0011560340916343171,1.1206751608619873e-06,1.1525579053611586e-06,1.1207176839889144e-06,1.1525753178864246e-06,1.3405606580363383e-07,1.434178557398911e-07,1.3385819386257936e-07,1.4322734502157911e-07,1.265044458076403e-10,2.688260222345105e-11,5.1240194309798426e-09,1.6860369256418375e-09,5.254312096525382e-09,1.7127799250195166e-09
0.018706875562202185,0.0007728075269777616,0.0011561527880559197,1.1206751787905626e-06,1.1525579380406403e-06,1.1207177019607235e-06,1.1525753507157788e-06,1.340560778437363e-07,1.4341785004035046e-07,1.3385820587744054e-07,1.4322733932203846e-07,1.2637389249081524e-10,2.6881821421631535e-11,5.1237980481703834e-09,1.6857362172828516e-09,5.253944412745768e-09,1.712478936433115e-09
0.01870769337983802,0.00045867582644376625,0.0011735238118291136,1.1206852546498272e-06,1.152576990546732e-06,1.1207278021174716e-06,1.152594450104516e-06,1.3406284438133298e-07,1.4342533916078537e-07,1.338649582294238e-07,1.4323482844247337e-07,5.300292843513077e-11,2.5050834670525823e-11,4.999380909254114e-09,1.8422815495355849e-09,5.047306128602713e-09,1.8680577085206096e-09
0.018708508287090808,0.0003857276662166953,0.0011186595565600126,1.1206921357551316e-06,1.1525956689168682e-06,1.1207339412067086e-06,1.152613174995435e-06,1.3405934851107304e-07,1.434364038690556e-07,1.3386143393745442e-07,1.4324589315074361e-07,7.347900066179136e-11,2.8488261286403795e-11,4.329439029504556e-09,1.8528759190448108e-09,4.406387699162906e-09,1.8808616949518294e-09
0.01870850974228233,0.0003866548653650097,0.0011185615846756036,1.1206921545640825e-06,1.1525957022711006e-06,1.1207339588059166e-06,1.15261320843274e-06,1.3405931214949103e-07,1.4343642362746323e-07,1.338613975505862e-07,1.4324591290915123e-07,7.362131740045407e-11,2.8494399548217864e-11,4.331689592230061e-09,1.8528948375617915e-09,4.408775784937903e-09,1.880884559213314e-09
0.018709326104726642,0.0009068135875693883,0.001055132334286668,1.1207027063854555e-06,1.1526134474919093e-06,1.1207438319615903e-06,1.1526309435794246e-06,1.3403891330199258e-07,1.434382568277215e-07,1.3384098451751925e-07,1.4324773189855478e-07,1.534610077902343e-10,2.6331371111298907e-11,5.594255281238247e-09,1.765661505892524e-09,5.7484919047112726e-09,1.7920257500136927e-09
0.01871014101197943,0.00140679350159445,0.00107428819899269,1.120721560137426e-06,1.1526308002942774e-06,1.1207634997845162e-06,1.1526481102919206e-06,1.3404422816165606e-07,1.434294745195075e-07,1.3384629937718273e-07,1.4323894959034078e-07,3.0920360022390625e-11,2.674853741280181e-11,4.4400350063256155e-09,1.793416859463548e-09,4.466533809477369e-09,1.820169348576428e-09
0.018710957374423742,0.0011225765588927517,0.0011275850145864297,1.1207422089646775e-06,1.1526487755602644e-06,1.120785213970521e-06,1.1526661864991183e-06,1.3407509413809748e-07,1.4342735710215493e-07,1.3387715114276943e-07,1.432368179621335e-07,1.6484373588365742e-10,2.6014376416916285e-11,5.220340160150272e-09,1.876535815625857e-09,5.392544188964621e-09,1.903498247912694e-09
0.01871177228167653,0.0005255530383606044,0.0010971653154001615,1.1207556396923008e-06,1.1526669052120599e-06,1.1207984016436967e-06,1.1526844900799915e-06,1.3408724441887898e-07,1.4343923737669684e-07,1.3388928721269622e-07,1.432486982366754e-07,1.234871649380409e-10,2.511145978656426e-11,5.053649054787002e-09,2.211874239321787e-09,5.167547278972506e-09,2.2377117936400737e-09
0.01871258718892932,0.0004811478681788217,0.0010247701617256061,1.120763843371002e-06,1.1526841959646743e-06,1.1208056776013109e-06,1.152701626192287e-06,1.3407345988980524e-07,1.4344496832815987e-07,1.3387548847276776e-07,1.4325441500261502e-07,3.794486599928426e-11,2.1912058011165634e-11,3.561590355971589e-09,2.0800962679387247e-09,3.6044054407824433e-09,2.100627549901455e-09
0.018712588644120842,0.00048199718949948415,0.001024640884665473,1.1207638642954291e-06,1.1526842268410183e-06,1.1208056976995198e-06,1.1527016567924875e-06,1.3407343129046013e-07,1.4344497856200178e-07,1.3387545982266958e-07,1.4325442521112564e-07,3.820275827452757e-11,2.1906344793709565e-11,3.5659451530500872e-09,2.0798609501326837e-09,3.6090164884372555e-09,2.100382756609065e-09
0.018713402096182108,0.000956767807749781,0.0010310751260647066,1.1207755610501343e-06,1.1527009491052815e-06,1.1208169325982453e-06,1.1527183687576326e-06,1.340574442565412e-07,1.4343765997182345e-07,1.338594444177943e-07,1.432471066209473e-07,1.8236454013553782e-10,2.052680074526858e-11,6.000276719930753e-09,1.7684741449031094e-09,6.186592127477297e-09,1.7884237424325988e-09
0.018714217003434896,0.001360949594169325,0.0010842790546092829,1.1207944482973417e-06,1.152718187279922e-06,1.1208363730474957e-06,1.1527355354701285e-06,1.3406000221038994e-07,1.4343419252327294e-07,1.3386200237164303e-07,1.4324362496154208e-07,3.684914179347132e-11,2.1191704641099207e-11,4.320965807380617e-09,1.6943899616705949e-09,4.348267079734569e-09,1.7155422638026607e-09
0.018715031910687685,0.0012582696095813084,0.001074184136285794,1.1208157925045996e-06,1.1527357767530133e-06,1.1208585419808514e-06,1.152753270616813e-06,1.340803521543421e-07,1.434427474578115e-07,1.3388233810474048e-07,1.4325217989608063e-07,1.163433793749391e-10,2.4011728369521812e-11,4.6958308352884615e-09,1.805125271481245e-09,4.823255128627579e-09,1.829946416620487e-09
0.01871584536274895,0.0006717330456409432,0.0010221498113764937,1.1208314921509809e-06,1.1527528294247217e-06,1.1208745718249702e-06,1.1527703236424713e-06,1.3409839993983041e-07,1.434515439768802e-07,1.339003858902288e-07,1.4326094799343991e-07,1.5767351313478173e-10,2.4443143689656388e-11,5.870123942486316e-09,1.9189962952026463e-09,6.020671516893117e-09,1.9431218856169608e-09
0.018716658814810216,0.0002852661964576342,0.0010392444369955456,1.120839276881042e-06,1.1527695978787259e-06,1.1208815067220712e-06,1.1527869219207787e-06,1.340924029591406e-07,1.434476075701241e-07,1.3389437469868426e-07,1.432569973758291e-07,1.4627766012353938e-11,2.4126835945770253e-11,3.7220835302775868e-09,1.7485149994556082e-09,3.736480902460926e-09,1.7721749623333949e-09
0.018717472266871482,0.0006776423585321822,0.0011348036547182971,1.1208471096805307e-06,1.1527872827177408e-06,1.1208884416191722e-06,1.1528045433806255e-06,1.340700492846736e-07,1.4344131216148526e-07,1.3387202102421725e-07,1.4325070196719025e-07,1.5036162592796387e-10,2.3224939332822103e-11,5.884173148729133e-09,1.7487450376663105e-09,6.042115696658357e-09,1.7723177370143617e-09
0.018718284263741225,0.001288760388341359,0.0011620785861713263,1.1208630768092818e-06,1.1528059337265408e-06,1.1209048125238041e-06,1.1528234951188366e-06,1.3406553023287415e-07,1.434509015140531e-07,1.338674877615631e-07,1.432602771343253e-07,6.558720233584836e-11,2.2127689526155008e-11,4.973059297697091e-09,1.7913413433976372e-09,5.028778726767769e-09,1.8131090572465193e-09
0.018718285718932748,0.001288704143027871,0.0011621274659767977,1.120863113859617e-06,1.1528059671512879e-06,1.1209048515718771e-06,1.152823529082525e-06,1.3406557118759142e-07,1.4345091869927273e-07,1.3386752866543652e-07,1.4326029429412301e-07,6.558251757700632e-11,2.212572312865202e-11,4.972430775616754e-09,1.7914176808631055e-09,5.028178171979996e-09,1.8131821599709497e-09
0.01871909771580249,0.0012573192581015746,0.0010564350718880178,1.1208837879466473e-06,1.1528239818096486e-06,1.1209266403966467e-06,1.1528416052897228e-06,1.3408842391982034e-07,1.4346412058330316e-07,1.3389035302679986e-07,1.4327348196729872e-07,6.296842214315035e-11,2.926126008162555e-11,4.621715454788955e-09,1.5987816626150675e-09,4.693068600403194e-09,1.627631474043767e-09
0.018719909712672234,0.0007455076952851414,0.0009890687043189305,1.1209000508388151e-06,1.1528405902559722e-06,1.1209428976144409e-06,1.1528579469082998e-06,1.3410678434411238e-07,1.434605458542394e-07,1.3390869924023718e-07,1.4326989305280218e-07,1.756513823281125e-10,2.4390421945845142e-11,5.942181413587377e-09,1.7480804613415102e-09,6.113646033867326e-09,1.7736507780264624e-09
0.018719911167863756,0.0007450071525929731,0.0009889479760616382,1.12090006846427e-06,1.152840620020213e-06,1.1209429142912222e-06,1.1528579761943547e-06,1.3410677773441251e-07,1.4346053944791493e-07,1.3390869263053731e-07,1.4326988662105578e-07,1.75386136753155e-10,2.4381692845243386e-11,5.939079977961468e-09,1.7483480219127046e-09,6.110284980034937e-09,1.7739124613669333e-09
0.0187207231647335,0.00046570433036308145,0.0010851986005491199,1.120909903468004e-06,1.1528574620254888e-06,1.120952219935134e-06,1.1528746881594998e-06,1.3410308952188643e-07,1.434500376262804e-07,1.3390500441801123e-07,1.4325938479942124e-07,2.7379105926872427e-11,3.1569472730419434e-11,4.208478898704016e-09,1.9284525087925886e-09,4.234816941561803e-09,1.959834960985063e-09
0.01872153370641172,0.0006059379264148346,0.0012224795315321614,1.1209185895751368e-06,1.152876168716249e-06,1.12096040538745e-06,1.1528934128706483e-06,1.340936250926461e-07,1.4345008018244209e-07,1.338955257779162e-07,1.4325942735558294e-07,1.0420633106411614e-10,3.0859683884341994e-11,5.749760223494604e-09,1.7582894797647822e-09,5.859265961305482e-09,1.7884452284315605e-09
0.018721535161603242,0.0006066291589139548,0.0012227259963992765,1.1209186128330964e-06,1.152876202300972e-06,1.1209604281654926e-06,1.1528934464877238e-06,1.3409360854297453e-07,1.4345008025884454e-07,1.338955092028227e-07,1.4325942743198539e-07,1.0426478757099431e-10,3.085840957761654e-11,5.7481014152418505e-09,1.7579839806103337e-09,5.857642293299632e-09,1.7881375269368505e-09
0.018722347158472985,0.0009923368934230403,0.001279560651128886,1.1209315907746033e-06,1.152896520790222e-06,1.1209731383132748e-06,1.1529139101185137e-06,1.340843738262265e-07,1.4345917520586227e-07,1.3388626030064188e-07,1.432685081681484e-07,1.3688351840901447e-10,2.7467717336748798e-11,4.822486410205329e-09,1.5883863113685948e-09,4.951635546035504e-09,1.6154602100471038e-09
0.018723157700151205,0.0013329112075855035,0.0012310772796046976,1.120950437879584e-06,1.1529168705570398e-06,1.1209924650756875e-06,1.1529344874361414e-06,1.3408789811819588e-07,1.4347141075177205e-07,1.3388977038175653e-07,1.432807437140582e-07,1.2880362575129478e-11,3.411860377555698e-11,4.515823714967837e-09,1.6764871713093044e-09,4.5338985898979445e-09,1.7115938666378838e-09
0.018723968241829425,0.0011070627027295332,0.0010990088044437022,1.1209702148850648e-06,1.15293575495404e-06,1.1210131560801528e-06,1.1529533256303875e-06,1.3411178656497214e-07,1.4348092914660583e-07,1.3391363040682336e-07,1.4329024792350473e-07,1.3960364808607295e-10,3.8493877981367075e-11,5.39749400729761e-09,1.8597946239591387e-09,5.535385039223684e-09,1.8983696464663417e-09
0.018723969697020948,0.0011059453656253472,0.0010987716976660344,1.1209702380320877e-06,1.152935788857805e-06,1.121013179102756e-06,1.1529533594512031e-06,1.341118138406449e-07,1.4348094623528596e-07,1.3391365765702862e-07,1.4329026498671737e-07,1.3950138864909344e-10,3.850173305175453e-11,5.395532251967544e-09,1.8601237217197308e-09,5.53332059502864e-09,1.898704971026177e-09
0.018724780238699168,0.0004835885985936539,0.0009990590844448644,1.1209831309238401e-06,1.1529527926506323e-06,1.1210260026928154e-06,1.1529702987900237e-06,1.3412700639037212e-07,1.4347942567383143e-07,1.3392883602136862e-07,1.4328873021440813e-07,8.254288225151285e-11,2.9345501723065937e-11,4.302834533120858e-09,1.839834617989311e-09,4.383425178389189e-09,1.869199461879134e-09
0.018725590780377388,0.00046011938511014705,0.0010459406255733938,1.1209907800703687e-06,1.1529693682256016e-06,1.1210323691557278e-06,1.1529866696946556e-06,1.3411134602847596e-07,1.4346382215535414e-07,1.3391314723776304e-07,1.4327311248507613e-07,6.60358642767811e-11,3.560882491648876e-11,5.062377184117395e-09,1.924079562343195e-09,5.131937985680679e-09,1.960249518262458e-09
0.018726401322055608,0.0011156420612294937,0.0011799142620745329,1.1210035522736407e-06,1.1529874097071626e-06,1.1210447610210394e-06,1.1530046322150156e-06,1.3409322718871408e-07,1.434516292420085e-07,1.3389501418714644e-07,1.4326090536087577e-07,1.510209179933497e-10,3.620507366131065e-11,4.556942823086274e-09,2.0825363655774254e-09,4.70335859148463e-09,2.1192601007413714e-09
0.018727210408542305,0.0013902635543060482,0.0011944519442366186,1.1210238272173453e-06,1.1530066203832825e-06,1.1210662478333688e-06,1.1530241863511037e-06,1.3410462429419567e-07,1.4346237264817319e-07,1.3390639708177332e-07,1.4327163455618575e-07,3.155335714932761e-11,2.7132362329096438e-11,4.318807089731536e-09,2.2210222550000935e-09,4.352239013627468e-09,2.2484929473876036e-09
0.018728019495029002,0.0009613443735574378,0.0010248327038802074,1.1210428537593098e-06,1.1530245763154717e-06,1.121085801969457e-06,1.1530422625583014e-06,1.3412974908533215e-07,1.4348165677802172e-07,1.339315218729098e-07,1.4329090447517956e-07,1.5111380202714741e-10,4.001371803341591e-11,4.323728930444304e-09,2.195042592134655e-09,4.473415415873205e-09,2.2345878480933834e-09
0.018728830036707222,0.0005823820280997927,0.0009034479931244732,1.121055366305193e-06,1.1530402058341941e-06,1.12109762540058e-06,1.1530576102813939e-06,1.3413236388259975e-07,1.434800509514389e-07,1.3393412245932268e-07,1.432892702268873e-07,9.38587332854901e-11,2.194487647155796e-11,4.374515416571967e-09,2.0566608416316967e-09,4.470899650499405e-09,2.0781887322129933e-09
0.01872963912319392,0.0006551747830627619,0.0010283578503447188,1.1210653792101174e-06,1.153055835814223e-06,1.1211072887817863e-06,1.1530729580044863e-06,1.3411838040156e-07,1.4345617671551736e-07,1.339201105565735e-07,1.4326539599096577e-07,5.7891653276742616e-11,4.214326457252504e-11,5.072720021814803e-09,1.982770614361584e-09,5.13042497374272e-09,2.0248220877761014e-09
0.018730446754489094,0.0009531422698422157,0.0012610742483900594,1.1210783728179599e-06,1.153074325984334e-06,1.1211201122890304e-06,1.153091488959035e-06,1.341079258386851e-07,1.4344389853704342e-07,1.3390964180840298e-07,1.4325310360163712e-07,1.4064385755264745e-10,3.296378447981141e-11,4.531631229338049e-09,1.962313866954446e-09,4.671912776707592e-09,1.9951378327220937e-09
0.018730448209680617,0.0009536791481967732,0.0012610960973645899,1.1210783962298658e-06,1.1530743628632022e-06,1.1211201353944489e-06,1.15309152678649e-06,1.3410790700163489e-07,1.4344394017280302e-07,1.3390962294579367e-07,1.432531452118376e-07,1.4079296062341484e-10,3.297129070941212e-11,4.530656294576829e-09,1.9622717415785166e-09,4.671086628604826e-09,1.9951036969583334e-09
0.01873125584097579,0.0012455761036325175,0.0012732222782290137,1.1210961581035404e-06,1.1530948306350637e-06,1.1211379842279712e-06,1.1531125210240134e-06,1.3410749488684814e-07,1.434670480193745e-07,1.3390921083100693e-07,1.4327623887311347e-07,1.1585002054892435e-11,3.71372481378085e-11,5.364121591355797e-09,1.938892157937744e-09,5.378472778261312e-09,1.9761583480715217e-09
0.018732063472270966,0.001188164291049954,0.000995617613668287,1.1211158129171594e-06,1.1531131544960681e-06,1.1211585245360347e-06,1.153131051978562e-06,1.3412697129773988e-07,1.4349559762649733e-07,1.3392867305660304e-07,1.433047742693816e-07,1.0873191342039607e-10,6.39235886445988e-11,4.835194916714659e-09,1.992873865930278e-09,4.939556680549746e-09,2.0570354308802052e-09
0.01873206492746249,0.001188060846342598,0.0009952742579510186,1.121115848331238e-06,1.1531131806943097e-06,1.1211585615455988e-06,1.1531310773331806e-06,1.3412700639037212e-07,1.43495578201588e-07,1.339287081236762e-07,1.4330475481891318e-07,1.0890695290033392e-10,6.383955853958228e-11,4.83424189567927e-09,1.9929215100731055e-09,4.9387658407340496e-09,2.056998059495242e-09
0.01873287110356614,0.0006461580327155048,0.0008050551905843462,1.1211306353655297e-06,1.1531276945201107e-06,1.121173568208178e-06,1.153145123791821e-06,1.341438178315002e-07,1.434848168018231e-07,1.3394551956480427e-07,1.4329397925941174e-07,6.492171383820633e-11,1.7286880360432082e-11,4.787330976085968e-09,2.0193163651996118e-09,4.857059643370576e-09,2.036294312225494e-09
0.018732872558757663,0.000645814813442889,0.0008047118348670779,1.1211306513942628e-06,1.1531277207183523e-06,1.1211735823167963e-06,1.1531451491464395e-06,1.3414378884749075e-07,1.4348479737691378e-07,1.3394549058079483e-07,1.4329395980894333e-07,6.486925973774068e-11,1.720285025541557e-11,4.789049789027664e-09,2.019364009342439e-09,4.858712866891886e-09,2.0362569408405307e-09
0.018733680190052837,0.0004553281171411072,0.000984257605487926,1.121139547341121e-06,1.1531421689954137e-06,1.1211814125999808e-06,1.1531591326274793e-06,1.3412770272225316e-07,1.4344819021516741e-07,1.3392940445555723e-07,1.4325733843634225e-07,3.5757233979305525e-11,5.105527459137171e-11,5.74299097166886e-09,1.890193779274796e-09,5.776251921219e-09,1.9408601392711944e-09
0.01873448636615649,0.0009828501524338988,0.0012914627095472753,1.1211511492671143e-06,1.1531605153087796e-06,1.1211926473176414e-06,1.1531776635820279e-06,1.3411012719803399e-07,1.434382568277215e-07,1.3391181474608849e-07,1.4324740504889633e-07,8.024058702892766e-11,3.3281575412269504e-11,4.199083480126741e-09,1.7676224928209194e-09,4.27740697796432e-09,1.8003227797436239e-09
0.01873448782134801,0.0009838023582737776,0.001291531804300651,1.121151170209219e-06,1.153160553453322e-06,1.1211926675969153e-06,1.1531777027066875e-06,1.3411009547326103e-07,1.4343831413203295e-07,1.3391178299571038e-07,1.4324746232760264e-07,8.032088189002806e-11,3.3262917692380915e-11,4.196296643499409e-09,1.7674481435971724e-09,4.274701481676857e-09,1.8001307313644224e-09
0.018735293997451663,0.0012300130426225464,0.0013298102976708748,1.12116901745996e-06,1.1531816855299178e-06,1.1212114259251393e-06,1.1531993777680327e-06,1.3412582688943075e-07,1.434700607205741e-07,1.339275002010254e-07,1.4327919473089423e-07,2.256149086998782e-11,2.2926540874101953e-11,5.558766780211499e-09,1.6708586736413622e-09,5.586939799684387e-09,1.6937359292867882e-09
0.018736100173555315,0.0009181362297146529,0.0010850979448164821,1.1211863307876595e-06,1.1532011539430938e-06,1.1212290156346082e-06,1.1532189319041208e-06,1.3414518975509595e-07,1.435008130101778e-07,1.3394683469619145e-07,1.433099185987885e-07,4.8197741599861177e-11,4.962061317392852e-11,4.8981020800870525e-09,1.7365747728703695e-09,4.938526722299287e-09,1.7868020396605289e-09
0.018736101628746837,0.000917573275178718,0.0010847619597988453,1.1211863620391535e-06,1.1532011828149694e-06,1.1212290473849862e-06,1.1532189602232247e-06,1.34145224706117e-07,1.43500797516755e-07,1.3394686959600222e-07,1.4330990307971432e-07,4.824401642067322e-11,4.956203632480617e-11,4.8969095445272615e-09,1.7369280340131305e-09,4.9373563015819855e-09,1.787096341748243e-09
0.018736906349658966,0.0007713297829354222,0.0008989622450457091,1.1211999508671248e-06,1.1532171489622264e-06,1.1212420977720708e-06,1.1532346206877264e-06,1.3414030244055355e-07,1.4349222965392983e-07,1.3394194733043876e-07,1.433013210316858e-07,3.4718594719719085e-11,1.7169038760145305e-11,4.474988402299436e-09,1.932281445959916e-09,4.516740198062627e-09,1.9498453962540907e-09
0.01873690780485049,0.0007710653281574054,0.0008991500218462518,1.1211999754400505e-06,1.153217176639283e-06,1.1212421213713242e-06,1.153234647775565e-06,1.3414029353953083e-07,1.434921672698167e-07,1.3394193842941604e-07,1.4330125862192132e-07,3.4694136452628754e-11,1.7207386297409853e-11,4.474225434591972e-09,1.932162953499788e-09,4.5159795902804944e-09,1.9497632509727395e-09
0.018737712525762618,0.0008199208269784826,0.0010029905925463822,1.121212779149291e-06,1.1532324820515059e-06,1.1212549447951551e-06,1.1532496273503057e-06,1.3413603797852497e-07,1.4345766885526245e-07,1.3393766868320683e-07,1.4326674602216372e-07,1.6285018673018363e-11,3.8413574404705386e-11,6.313096787413692e-09,1.8666366230490894e-09,6.328892907541617e-09,1.9043369103854957e-09
0.01873771398095414,0.0008200091732692982,0.0010033750283737018,1.1212128023024723e-06,1.1532325143416038e-06,1.1212549679839867e-06,1.1532496597736277e-06,1.3413603028311627e-07,1.4345764676943951e-07,1.3393766096214677e-07,1.4326672393634078e-07,1.6251729129113102e-11,3.838693173561261e-11,6.316422052066173e-09,1.866280179734594e-09,6.3321712318042955e-09,1.903954124925528e-09
0.01873851870186627,0.00083606328301002,0.001215968040881421,1.1212261292974659e-06,1.1532503707657584e-06,1.1212683588159519e-06,1.1532675898706657e-06,1.3413736369223145e-07,1.4344543330935267e-07,1.3393896600085524e-07,1.4325451047625393e-07,3.406136276058049e-11,2.3653535727308217e-11,4.421915445119168e-09,1.6691670268187409e-09,4.449679935384802e-09,1.6922737655633568e-09
0.018738520157057792,0.0008360923139498766,0.0012159268725403503,1.1212261533969144e-06,1.1532504058231968e-06,1.1212683830308379e-06,1.153267625782573e-06,1.341373661034595e-07,1.434454847146827e-07,1.3393896836078056e-07,1.432545618559326e-07,3.409356824635168e-11,2.3665286045861317e-11,4.41848957422053e-09,1.6691131699799767e-09,4.4462757919916385e-09,1.692233245428977e-09
0.01873932487796992,0.001032805551279381,0.0011931607799282595,1.1212411928088621e-06,1.153269792586618e-06,1.121283048632904e-06,1.153287485067267e-06,1.3413136912276968e-07,1.4347391186220193e-07,1.3393294295838132e-07,1.4328297481824848e-07,2.4760787170619025e-11,3.016321220572493e-11,4.99909802442744e-09,1.639330338143452e-09,5.031179473036218e-09,1.6698256111169485e-09
0.01874012959888205,0.0011934295874641,0.0009488973631639752,1.121259110125964e-06,1.1532870301764452e-06,1.1213014326564493e-06,1.1533047654666007e-06,1.3413822057598914e-07,1.434986529602611e-07,1.3393978022639742e-07,1.4330770170545293e-07,3.132272509956793e-11,3.738305151546051e-11,5.422139797720144e-09,1.7497585602654908e-09,5.448099887794541e-09,1.7875688707036375e-09
0.018740131054073572,0.0011937200468423725,0.0009487675517912499,1.1212591425261758e-06,1.153287056748374e-06,1.1213014659006149e-06,1.1533047911643487e-06,1.3413823296559713e-07,1.434986212492399e-07,1.3393979259035405e-07,1.43307669968734e-07,3.1334591171772175e-11,3.735163085811972e-11,5.42290479188523e-09,1.7500295747401663e-09,5.448853812595189e-09,1.7878083562497593e-09
0.018740934319794178,0.0009157298042743913,0.0008771116740469154,1.1212760789231423e-06,1.153301724453025e-06,1.1213187971922513e-06,1.1533189763213159e-06,1.3415472884366617e-07,1.4348111676554254e-07,1.339562743088711e-07,1.4329015129987965e-07,4.706855674623144e-11,2.0007428006008077e-11,4.48196804820199e-09,1.899629564761085e-09,4.53168122201217e-09,1.920004377709006e-09
0.018740937230177224,0.0009147225932505942,0.0008780037016910499,1.1212761402868994e-06,1.1533017826859768e-06,1.1213188599867863e-06,1.1533190338842716e-06,1.3415478861134034e-07,1.4348101495106446e-07,1.3395633402524254e-07,1.4329004948540157e-07,4.712556386787803e-11,2.0106279143500604e-11,4.478558857101689e-09,1.8992581291081046e-09,4.528358132915855e-09,1.919727449540042e-09
0.018741739040706307,0.0006858925532037307,0.0011237573176501314,1.1212889708577585e-06,1.1533178258642254e-06,1.1213311159221833e-06,1.1533348924785969e-06,1.3415006496957274e-07,1.4345296506235172e-07,1.3395159619836453e-07,1.4326199959668884e-07,2.0772799244742875e-11,4.7339767522691645e-11,5.635364363560066e-09,1.7969276067120177e-09,5.656395348886899e-09,1.8434337389905409e-09
0.01874174049589783,0.0006854772536755149,0.0011241449481021364,1.121288994143731e-06,1.1533178617004928e-06,1.1213311381652602e-06,1.1533349287354803e-06,1.3415005639672017e-07,1.4345298180811567e-07,1.3395158759976766e-07,1.4326201631684764e-07,2.072497208571722e-11,4.728920458109522e-11,5.637463829089029e-09,1.796794027078177e-09,5.658442603362346e-09,1.8432519694761857e-09
0.018742545216809958,0.0008713261518179527,0.0013385045880609054,1.1213015220662958e-06,1.1533376791563026e-06,1.1213434163437341e-06,1.1533549787919902e-06,1.3414125987765146e-07,1.4346224221557152e-07,1.3394277686984424e-07,1.4327126256465907e-07,1.864413658181352e-11,1.9327897878270144e-11,4.4550545474919545e-09,1.7229244895642791e-09,4.469509207183364e-09,1.7427334280377942e-09
0.01874254667200148,0.0008714499906215207,0.0013388922185129104,1.1213015484217812e-06,1.15333771499257e-06,1.1213434434805562e-06,1.1533550150488736e-06,1.3414127655549e-07,1.4346225896133546e-07,1.3394279349628728e-07,1.4327127928481787e-07,1.8646820224126314e-11,1.9277334936673718e-11,4.455434257418305e-09,1.7227909099304384e-09,4.4699056808750956e-09,1.742551658523439e-09
0.018743349937722087,0.0009398090101910839,0.0012437785725545325,1.1213160966496913e-06,1.1533584607017108e-06,1.1213584230063134e-06,1.1533762744875276e-06,1.3415048272236163e-07,1.434989371773554e-07,1.3395197129284497e-07,1.4330797171169252e-07,2.0128190780788202e-11,4.548549384364442e-11,4.665034136763779e-09,1.9048231880702815e-09,4.688759158710809e-09,1.950700267983052e-09
0.018744153203442693,0.0007872712306493668,0.0010114817543298684,1.1213299696932333e-06,1.1533765730544635e-06,1.1213722928005154e-06,1.153394204525934e-06,1.3415697708296648e-07,1.4351571821804744e-07,1.339584514425951e-07,1.433247385672276e-07,1.7469602153763475e-11,3.926617869637398e-11,4.844861845043624e-09,1.8466822192376452e-09,4.859794344724833e-09,1.885542965885577e-09
0.018744154658634216,0.0007874493872283569,0.0010110609267606208,1.1213299940369123e-06,1.1533766058666968e-06,1.1213723162793188e-06,1.1533942370078876e-06,1.34156965703985e-07,1.4351574861848349e-07,1.3395844006361363e-07,1.4332476894196589e-07,1.747207476323974e-11,3.9254911821107186e-11,4.844560026891833e-09,1.8465768913955571e-09,4.859505521813995e-09,1.885424927294821e-09
0.0187449564691633,0.0008856136622519273,0.0009629420836688638,1.1213434074041232e-06,1.1533924329304576e-06,1.1213852531000157e-06,1.1534097838889004e-06,1.3415069588518236e-07,1.434951092828323e-07,1.3395217024481099e-07,1.433041296063147e-07,1.8834482584662027e-11,2.6228964925789753e-11,4.6782582252546945e-09,1.876676809122928e-09,4.700364097942611e-09,1.9032081796212462e-09
0.01874495792435482,0.0008858123144759627,0.0009628547536451038,1.1213434347745784e-06,1.1533924616547113e-06,1.1213852811098164e-06,1.1534098121046554e-06,1.3415070193509332e-07,1.4349507182487287e-07,1.3395217626897765e-07,1.4330409214835527e-07,1.8826008132078614e-11,2.6205324368810956e-11,4.680190953789075e-09,1.876731436922796e-09,4.7022848312412695e-09,1.903240454126376e-09
0.018745759734883904,0.0009952696899194619,0.0011608426960653198,1.1213585158953358e-06,1.1534094925655728e-06,1.1214007145099458e-06,1.1534266072753847e-06,1.3415403543604043e-07,1.4346782222776913e-07,1.3395549558481434e-07,1.4327682836614114e-07,1.4156584758617807e-11,5.007774832454044e-11,5.7451243762329796e-09,1.8290948439836042e-09,5.7606088788020315e-09,1.878672729460146e-09
0.018745761190075427,0.0009949313975134407,0.0011612020208247031,1.1213585421441092e-06,1.1534095234746669e-06,1.12140074128402e-06,1.1534266377566382e-06,1.3415404974987236e-07,1.4346777277296496e-07,1.3395550987290197e-07,1.4327677888559265e-07,1.4162710728731938e-11,5.0121073957853923e-11,5.74458682957523e-09,1.8290083891869813e-09,5.7600722114730975e-09,1.8786281419380657e-09
0.01874656300060451,0.0008085322817958096,0.0013308329963544884,1.1213730052182423e-06,1.1534295073422786e-06,1.1214154937988496e-06,1.1534468373538667e-06,1.3416193667126208e-07,1.4347337589157816e-07,1.3396338260918128e-07,1.4328238200420584e-07,1.7538120261617607e-11,2.668028808966539e-11,5.448398621155093e-09,1.6920867217449199e-09,5.464368513230511e-09,1.718371635402795e-09
0.018746564455796033,0.0008083825091689177,0.0013311408565641614,1.1213730275465565e-06,1.1534295436106408e-06,1.1214155154240633e-06,1.1534468740137527e-06,1.3416192889648287e-07,1.4347338606057747e-07,1.3396337480865778e-07,1.4328239217320515e-07,1.752899493261521e-11,2.66377458285616e-11,5.448120770948482e-09,1.6918382250707964e-09,5.464084227752904e-09,1.7180807887484661e-09
0.018747366266325116,0.0007258577917514941,0.0012233023514909291,1.1213853304477235e-06,1.1534500254052425e-06,1.1214274309168104e-06,1.1534677923918935e-06,1.341576449931381e-07,1.435068810451412e-07,1.3395907672020257e-07,1.4331587294691417e-07,1.2500938652293403e-11,5.0735169537796665e-11,5.295025307106016e-09,1.7013580544400497e-09,5.3074429295918435e-09,1.7525486617486763e-09
0.0187481680768542,0.0008567186702763685,0.0010041335276400995,1.1213980197124268e-06,1.1534678820313237e-06,1.1214400501557975e-06,1.1534854954096891e-06,1.3415495914159692e-07,1.4352201655795208e-07,1.3395637665780669e-07,1.4333100845972505e-07,1.6053788506886768e-11,3.7669363382640243e-11,5.063292451978896e-09,1.7251683163744507e-09,5.077787079699192e-09,1.762408864982289e-09
0.018748169532045722,0.0008567282778596661,0.0010037357620795717,1.1213980447232563e-06,1.1534679144389936e-06,1.1214400757404942e-06,1.153485527538578e-06,1.3415496674994927e-07,1.4352204402712232e-07,1.3395638426615904e-07,1.433310359288953e-07,1.6083807606993248e-11,3.7645650485806925e-11,5.062622808166827e-09,1.7252115291910286e-09,5.077149778638307e-09,1.7624267600879762e-09
0.018748969887383282,0.0008620124486733438,0.0010191097684833913,1.121411800679505e-06,1.1534841046148894e-06,1.121454147323675e-06,1.1535013013294016e-06,1.341591513437379e-07,1.435002841394214e-07,1.3396056885994767e-07,1.4330924767106696e-07,3.259431266555701e-11,3.346323848186378e-11,4.694318711528922e-09,1.7401477363320652e-09,4.726634195151291e-09,1.7744694358778095e-09
0.018748971342574805,0.0008618885291931724,0.0010191377212223074,1.1214118247719664e-06,1.1534841340515728e-06,1.121454171008433e-06,1.1535013300090213e-06,1.3415915193585684e-07,1.435002445759892e-07,1.339605694520666e-07,1.4330920805605274e-07,3.260817568307436e-11,3.3455634096402065e-11,4.694613158765242e-09,1.7401748930723215e-09,4.726944715681675e-09,1.7744913316519728e-09
0.018749773153103888,0.0007936088956186915,0.0012597351858829597,1.1214250997182268e-06,1.1535024062944863e-06,1.121467221310013e-06,1.1535195199030568e-06,1.3415947819339635e-07,1.4347877197451453e-07,1.3396089570960612e-07,1.4328773545457807e-07,4.02466983351335e-11,4.588489310730637e-11,4.8568535859772055e-09,1.9798085393318843e-09,4.898041527923169e-09,2.0260446653708186e-09
0.01875057496363297,0.0008854822587471833,0.0013719736787152215,1.1214385628478955e-06,1.1535235076132575e-06,1.1214805226700264e-06,1.1535410067153862e-06,1.3415866817467759e-07,1.4349400601076923e-07,1.3396007148003264e-07,1.4330296949083277e-07,4.417273838375202e-11,2.3163570020412472e-11,4.944447073995661e-09,2.001134369322699e-09,4.9879709251854365e-09,2.0244668164082213e-09
0.01875137531897053,0.0009883252356105432,0.0011796852702090632,1.1214535599661922e-06,1.1535439299518514e-06,1.121495756706281e-06,1.1535618114066892e-06,1.3416406829946936e-07,1.4352821153806872e-07,1.339654573939697e-07,1.4333716080727754e-07,4.264752787030979e-11,6.379330397265903e-11,4.882863002819704e-09,2.0806278921980947e-09,4.926691055118226e-09,2.144676436444115e-09
0.01875217567430809,0.0008596486856866647,0.0009214660102471262,1.121468350324108e-06,1.1535607428706901e-06,1.1215107633688604e-06,1.1535783795610796e-06,1.3417181321528915e-07,1.4353807015733347e-07,1.3397317388808005e-07,1.433470194265423e-07,4.167031650292863e-11,3.814984989791332e-11,5.011309589519897e-09,1.9936947293720266e-09,5.050679874329944e-09,2.031007753186114e-09
0.018752177129499614,0.0008594537299208776,0.0009209965206835591,1.1214683737828388e-06,1.1535607734396334e-06,1.1215107865196345e-06,1.1535784096849966e-06,1.3417180967549442e-07,1.4353808808209578e-07,1.3397317032244743e-07,1.433470373513046e-07,4.166823361098889e-11,3.810322543595923e-11,5.009514960428099e-09,1.9935366690759793e-09,5.0488843845125135e-09,2.0308010828529177e-09
0.01875297602964565,0.0007524230145037336,0.0009316798945714168,1.1214812526260058e-06,1.153575574629684e-06,1.1215234962946852e-06,1.1535927081819286e-06,1.3416986632819317e-07,1.4351159047071798e-07,1.3397121279012936e-07,1.4332051136989322e-07,4.0524725936075257e-11,3.460836421735487e-11,4.024263589030852e-09,1.86672173234244e-09,4.063160474743199e-09,1.9013862985094543e-09
0.018752977484837174,0.0007527143283479792,0.0009316993542688445,1.1214812768601827e-06,1.1535756015899574e-06,1.1215235200224281e-06,1.1535927342265495e-06,1.3416985768819982e-07,1.4351154220548779e-07,1.33971204124345e-07,1.4332046305298718e-07,4.054843738957566e-11,3.460199834992572e-11,4.025460612555719e-09,1.8664907397436536e-09,4.0643923153457e-09,1.9011505703048215e-09
0.018753777840174735,0.0009129369426830181,0.0012160320531429125,1.1214946056574896e-06,1.153592791072913e-06,1.1215365702810232e-06,1.1536097872522078e-06,1.3416510569186357e-07,1.4348536581110238e-07,1.3396643794294505e-07,1.4329427244774706e-07,5.3589736814796396e-11,5.865077867817092e-11,4.6838235512325355e-09,1.8907160281855795e-09,4.741904646721196e-09,1.9493775482715137e-09
0.018754578195512295,0.0009764655858006677,0.001395577403142667,1.1215097275914744e-06,1.1536136932285927e-06,1.1215520316909533e-06,1.1536311603776994e-06,1.341723390169136e-07,1.4350030141940806e-07,1.3397365705714037e-07,1.4330920805605274e-07,6.744348829412772e-11,2.235822464669024e-11,5.370584421626745e-09,1.9038866039267077e-09,5.4380122627151195e-09,1.9262580419621145e-09
0.018755377095658332,0.0008925460239002092,0.0012232617490113284,1.1215246591279538e-06,1.1536346151384036e-06,1.1215669246666948e-06,1.153652533503191e-06,1.3417633226708858e-07,1.4353854282944667e-07,1.3397763609646063e-07,1.4334743525523663e-07,7.523733719372316e-11,6.254918805126408e-11,5.066052910507324e-09,1.852489051046291e-09,5.140204262232828e-09,1.9147130547736424e-09
0.01875617599580437,0.000965570244022107,0.0009319110065220118,1.1215395036215318e-06,1.1536518285769836e-06,1.121581590268761e-06,1.153669555523348e-06,1.3417151478734013e-07,1.4355011780315345e-07,1.3397279019500274e-07,1.4335899604392662e-07,7.528039996929081e-11,4.744206204655331e-11,5.125495139424174e-09,1.7248422960621084e-09,5.2018447327384365e-09,1.7718952026836053e-09
0.018756177450995892,0.000965542951892929,0.0009313803130019949,1.1215395315048904e-06,1.1536518599311522e-06,1.121581618793822e-06,1.1536695865288493e-06,1.341715277838127e-07,1.4355013888689427e-07,1.3397280313979948e-07,1.4335901710182952e-07,7.52682174037284e-11,4.74145445128471e-11,5.125361243297665e-09,1.7246097883116818e-09,5.2016922962911334e-09,1.7716350608765197e-09
0.01875697635114193,0.0009505595729741856,0.0008966613819228475,1.1215548394687967e-06,1.1536664641589226e-06,1.1215972790523665e-06,1.1536836836967268e-06,1.3417866284726188e-07,1.4351998345318862e-07,1.3397990983321506e-07,1.4332886166812386e-07,6.857998890996697e-11,4.074879322857328e-11,5.051852269843948e-09,1.7946559793813321e-09,5.118004686721633e-09,1.8362072973232557e-09
0.018757775251287967,0.000715234213743976,0.0011541391358311781,1.1215681474977915e-06,1.1536828480072539e-06,1.1216106940992177e-06,1.153699940914521e-06,1.34189434675136e-07,1.4348745480674552e-07,1.3399065323937975e-07,1.4329631881082605e-07,5.328190319509041e-11,6.34023666901129e-11,4.371383699464104e-09,1.9350991919964144e-09,4.424514088441356e-09,1.9984640609038706e-09
0.018758574151434004,0.0007418370868679247,0.0013366818842017736,1.1215797880425398e-06,1.1537027471800205e-06,1.121621608035639e-06,1.1537201771716354e-06,1.3418248556718027e-07,1.4349834032145736e-07,1.339836757097146e-07,1.433072185363926e-07,5.7092244126755176e-11,3.05039535297702e-11,5.060972529946639e-09,1.828613704901727e-09,5.120836643612847e-09,1.8585700756190704e-09
0.01875937159638852,0.0010784739881417593,0.0011826633081517186,1.121594304021364e-06,1.1537228353298785e-06,1.1216361599508673e-06,1.1537406035280523e-06,1.3417646016478102e-07,1.4353669647961793e-07,1.3397763609646063e-07,1.4334557469455318e-07,5.613208509114287e-11,6.133685533526273e-11,5.056624452492997e-09,1.761826656231468e-09,5.110554646137189e-09,1.823319760909784e-09
0.01875937305158004,0.0010786631198077478,0.0011823822523560068,1.1215943369200611e-06,1.1537228719870862e-06,1.1216361939119628e-06,1.1537406408024253e-06,1.3417647895727742e-07,1.4353676647260727e-07,1.3397765486307204e-07,1.4334564468754252e-07,5.6091974878127086e-11,6.139311975461581e-11,5.056305021308397e-09,1.7617047820550624e-09,5.110202001286002e-09,1.8232554355179786e-09
0.018760170496534556,0.0011823072727694672,0.0009409083156981524,1.121612365406159e-06,1.1537398040605908e-06,1.1216548045922536e-06,1.1537574664544081e-06,1.3418677724530426e-07,1.4354823463236244e-07,1.3398793896612915e-07,1.4335709863644297e-07,3.411157814547927e-11,3.9691503556094077e-11,4.881256732147676e-09,1.7669226082261957e-09,4.916952622835424e-09,1.8062867868096077e-09
0.01876096794148907,0.0008944872356127912,0.0009662615761847348,1.1216289225108488e-06,1.1537550126906676e-06,1.1216715995964185e-06,1.153772245743312e-06,1.3420118917455393e-07,1.4351989818806032e-07,1.3400233671040909e-07,1.4332876219214086e-07,6.949906386701953e-11,4.2687270385144416e-11,5.184030035035188e-09,1.7184731415653687e-09,5.2529652993322846e-09,1.7613035474539629e-09
0.018760969396680593,0.0008939620165668849,0.0009667232139341926,1.1216289527245435e-06,1.1537550444938876e-06,1.1216716302442364e-06,1.1537722772768874e-06,1.342012154736949e-07,1.4351984821667887e-07,1.3400236298366508e-07,1.433287122207594e-07,6.956363957089096e-11,4.270203583855222e-11,5.184582541062355e-09,1.7184583715472323e-09,5.25357846115071e-09,1.7613025966735514e-09
0.018761765386443585,0.000643221673964689,0.0012192390628875671,1.1216411885493586e-06,1.1537724408552448e-06,1.1216835673621972e-06,1.1537895261426456e-06,1.3420606137515279e-07,1.4349251387102413e-07,1.3400719467426825e-07,1.4330137787510466e-07,3.0938081957421204e-11,5.07787388526193e-11,4.918762286365563e-09,1.7103791716266414e-09,4.949335163928481e-09,1.7607825197885063e-09
0.0187625628313981,0.0007371861286493697,0.001347754581807692,1.1216521965417322e-06,1.153792911216547e-06,1.1216940265512676e-06,1.1538104445207864e-06,1.3419732169950294e-07,1.435072647382185e-07,1.339984549986184e-07,1.4331611453144433e-07,4.744601586614827e-11,2.1602440322676664e-11,5.070130981721377e-09,1.6480645737004807e-09,5.1182262872373485e-09,1.669716254149023e-09
0.018763360276352614,0.0010274490549505022,0.0011521355663006716,1.1216662685359694e-06,1.1538128464644016e-06,1.1217080100323074e-06,1.1538306807779009e-06,1.3418694777556084e-07,1.4354780830672098e-07,1.3398805265296687e-07,1.433566580999468e-07,6.794187434877585e-11,6.729106855063449e-11,4.8965658194788375e-09,1.7279818687043758e-09,4.963191635454223e-09,1.79588399706887e-09
0.018764156266115606,0.00115153065243509,0.0008873689570805254,1.121683612991378e-06,1.1538290807116234e-06,1.1217258588658297e-06,1.1538467106220196e-06,1.3419096944744524e-07,1.435606407085288e-07,1.3399206011399656e-07,1.433694762908999e-07,3.978110202362828e-11,2.7269953656317014e-11,4.9351704944911035e-09,1.8407976254408709e-09,4.9768136278771635e-09,1.867898946628088e-09
0.018764952255878597,0.0008818746549863477,0.00094850123933149,1.1216997986894652e-06,1.1538436949400405e-06,1.121742457144137e-06,1.1538607820651382e-06,1.3420940092601086e-07,1.4352880974244202e-07,1.3401047738170746e-07,1.4333764532481312e-07,1.3313476709964078e-10,4.5449168170588895e-11,5.271477920842926e-09,1.7158807651301966e-09,5.404381386853174e-09,1.7608353627577605e-09
0.01876495371107012,0.0008812187447111115,0.0009486129985312175,1.121699819134417e-06,1.1538437216570942e-06,1.1217424770964887e-06,1.153860807789897e-06,1.342094183323594e-07,1.435287515505479e-07,1.3401049473609676e-07,1.43337587132919e-07,1.329628769276788e-10,4.548240256641023e-11,5.270791358112635e-09,1.7156523979267035e-09,5.403520449693707e-09,1.760639634085237e-09
0.01876574824564159,0.000523091734432185,0.0012909177939892953,1.1217109820780986e-06,1.1538615204846698e-06,1.1217533710805583e-06,1.15387851051401e-06,1.3421892219867004e-07,1.4349944559861092e-07,1.3401997023265722e-07,1.4330826699610695e-07,3.911084303642731e-11,6.339494231465763e-11,4.895928107373493e-09,1.5748951066683737e-09,4.933448760624515e-09,1.6380928411403488e-09
0.018765749700833112,0.0005233950528187468,0.0012915447258491086,1.1217109997208688e-06,1.1538615530832551e-06,1.1217533870548037e-06,1.1538785429365817e-06,1.3421889076882347e-07,1.434993919247063e-07,1.3401993880281065e-07,1.4330821329622268e-07,3.9249563320419836e-11,6.342774916401339e-11,4.895862062880018e-09,1.5746373094316368e-09,4.933526421130278e-09,1.6378683964646257e-09
0.01876654423540458,0.0006890068918815175,0.0014260052298926684,1.1217206326734648e-06,1.1538831449571505e-06,1.1217621089928175e-06,1.1539007118699374e-06,1.342017300726018e-07,1.435234366908844e-07,1.3400277810658896e-07,1.433322722732555e-07,1.1499083838033608e-10,1.827097501072572e-11,4.859801769442607e-09,1.7267794971687067e-09,4.975929057277102e-09,1.7459288459420463e-09
0.018766545690596104,0.0006893102102680793,0.0014254345761143543,1.121720650316235e-06,1.1538831819170194e-06,1.1217621249670628e-06,1.153900749696271e-06,1.3420169864275522e-07,1.4352352595687492e-07,1.340027466767424e-07,1.4333236151326638e-07,1.1512955866432861e-10,1.841258318370948e-11,4.8597357249491324e-09,1.7269773486540543e-09,4.976006717782866e-09,1.746266887338668e-09
0.018767340225167572,0.0012548394000582164,0.001113857613154856,1.12173609725701e-06,1.1539033620053753e-06,1.121777586376993e-06,1.1539214028744027e-06,1.3418714672752685e-07,1.4357226518768584e-07,1.3398819476151402e-07,1.4338108655920223e-07,9.850264354183125e-11,9.573064563284106e-11,4.90926499452371e-09,1.8350042596537719e-09,5.00664887326252e-09,1.9308374898940883e-09
0.01876813475973904,0.0013631200930817045,0.0007796772190452677,1.1217568978502502e-06,1.153918401931275e-06,1.1217995279366733e-06,1.153936041665496e-06,1.3420407185549266e-07,1.4357313046506636e-07,1.340050914677704e-07,1.4338193765170767e-07,5.412469777921203e-11,3.7322223376519914e-11,4.634964412275622e-09,1.840019056275608e-09,4.6888675164780125e-09,1.8773950864359583e-09
0.018768136214930564,0.0013620994101810422,0.0007790651670414039,1.1217569293977348e-06,1.153918429476927e-06,1.121799560359245e-06,1.1539360684764688e-06,1.342041204893501e-07,1.4357313204982347e-07,1.3400514007564821e-07,1.4338193921048514e-07,5.4381444807379586e-11,3.721524824418232e-11,4.635146114582692e-09,1.8400282408848057e-09,4.689308207228206e-09,1.877297206576145e-09
0.018768930749502033,0.0008048065464194565,0.0008934160997338125,1.1217741543243698e-06,1.1539317179187928e-06,1.1218172630833578e-06,1.1539486877154559e-06,1.3423067457551952e-07,1.4352598043387843e-07,1.3403167997694254e-07,1.433347733836854e-07,1.9456532218686817e-10,6.527071938489115e-11,4.734355574242954e-09,2.0250470189608905e-09,4.929925356833564e-09,2.0914094900348346e-09
0.018769725284073502,0.0003554926811517589,0.0012766189502595449,1.1217833733028655e-06,1.1539489595974779e-06,1.1218256759093492e-06,1.1539659681147896e-06,1.3423279199287208e-07,1.4350362675941142e-07,1.340337831834404e-07,1.433124339200731e-07,3.262193640218847e-11,7.837280130429392e-11,5.0728461431504e-09,2.1023114360474437e-09,5.1061834760446345e-09,2.1800778959857325e-09
0.01877051981864497,0.0006610565371437116,0.0014179499221490532,1.1217914501378407e-06,1.1539703688787213e-06,1.1218328381801257e-06,1.1539879096744698e-06,1.3420873301583924e-07,1.4353477695294714e-07,1.3400970999555284e-07,1.4334355569189938e-07,2.0268028921854864e-10,4.1437023950985363e-11,5.20766896272562e-09,1.85603132862866e-09,5.410984549314435e-09,1.896330426021109e-09
0.018771312898024917,0.001319071782663174,0.0011952514069075715,1.1218071637026236e-06,1.1539910936396186e-06,1.1218487251869356e-06,1.1540089417394483e-06,1.3419444889453792e-07,1.435728904652933e-07,1.3399542587425151e-07,1.4338165499339084e-07,1.1532832061140068e-10,8.937270368214456e-11,4.810902936098687e-09,1.5865696534334006e-09,4.922743229738641e-09,1.675728555916578e-09
0.01877131435321644,0.0013202791500861455,0.001194806199059218,1.1218071925348526e-06,1.1539911248886827e-06,1.1218487543374067e-06,1.1540089725556608e-06,1.3419442268514103e-07,1.4357288263110417e-07,1.3399539966485463e-07,1.433816471331745e-07,1.1516804176991968e-10,8.932094989112788e-11,4.8101749250406556e-09,1.5867986080582975e-09,4.921847374106392e-09,1.675907151557093e-09
0.018772107432596385,0.0013506891278534106,0.0009521679217066037,1.1218283754335099e-06,1.1540081556285788e-06,1.1218712643312756e-06,1.1540257673914311e-06,1.3421703215499292e-07,1.4356861299802404e-07,1.340179807129971e-07,1.4337736331526685e-07,1.0619072288164944e-10,6.111513378703748e-11,4.566533373662196e-09,1.7115788786270514e-09,4.6755599392156455e-09,1.7732417756377572e-09
0.01877290051197633,0.0006595001992650913,0.0009869465470444538,1.1218443077724385e-06,1.154023534345584e-06,1.1218876052525658e-06,1.1540407740540104e-06,1.3424601175759332e-07,1.4353275901157758e-07,1.3404694613076997e-07,1.4334149511796568e-07,2.5108748917031747e-10,6.567395932632891e-11,5.2537239914621585e-09,1.7582717504183165e-09,5.504971627101212e-09,1.8237933385734095e-09
0.018772901967167854,0.0006582319626988742,0.0009873134886736888,1.1218443370060878e-06,1.1540235659796475e-06,1.1218876352359075e-06,1.1540408055525655e-06,1.3424606493117608e-07,1.4353272375822792e-07,1.3404699927832553e-07,1.43341459864616e-07,2.513533547965352e-10,6.567575671629258e-11,5.254984891678305e-09,1.758118016715688e-09,5.506493483409258e-09,1.8236408532096241e-09
0.018773693591356277,0.00028650105992344965,0.001186929734977582,1.121851815741211e-06,1.1540407749101223e-06,1.1218938880119822e-06,1.1540579407665064e-06,1.3423671418877348e-07,1.4351354593600263e-07,1.340376201142135e-07,1.4332228204239073e-07,2.1807750050228947e-11,6.66535368565313e-11,4.535735786959094e-09,1.6744868824858372e-09,4.553409205243497e-09,1.7406888153104205e-09
0.018774486670736223,0.0008290455798311896,0.0012571689657931984,1.1218606708066465e-06,1.1540601585529435e-06,1.1219018315153871e-06,1.15407772227627e-06,1.3420381957378065e-07,1.435293057738818e-07,1.3400471131439316e-07,1.4333804188026988e-07,2.6318228818285995e-10,5.4438745178408965e-11,4.3231260565681265e-09,1.6218987264338125e-09,4.590374865731336e-09,1.6767089938696245e-09
0.018774488125927746,0.0008300410743631303,0.0012569611174664977,1.121860687054473e-06,1.1540601934929738e-06,1.1219018460906227e-06,1.15407775732102e-06,1.3420375921668892e-07,1.4352934525137545e-07,1.3400465093127423e-07,1.4333808135776354e-07,2.6362517724365375e-10,5.4450214075087395e-11,4.322735946971079e-09,1.6223368685150422e-09,4.5904426926313135e-09,1.6771595211507536e-09
0.01877527975011617,0.0014847794309447993,0.0011438916277413114,1.1218790117335115e-06,1.154079200869411e-06,1.1219208317925222e-06,1.1540968216650072e-06,1.3419898436950461e-07,1.435508210079206e-07,1.339998618732352e-07,1.433595571143087e-07,6.216486353460837e-11,6.068929386815469e-11,5.445861983588429e-09,1.860686160704006e-09,5.508396849762676e-09,1.922246362084934e-09
0.018776071374304593,0.0013223094185204054,0.0010420882865327386,1.1219012309635845e-06,1.1540965056151664e-06,1.1219442083095542e-06,1.1541139883775031e-06,1.3422926887427604e-07,1.4354962729612453e-07,1.3403014637800663e-07,1.433583491916579e-07,1.6801219565700514e-10,4.8473117880698524e-11,4.984543246657065e-09,1.948371908255808e-09,5.151576941993036e-09,1.996615317523265e-09
0.018776072829496115,0.0013220107604093312,0.0010421756431395937,1.1219012718077574e-06,1.1540965366354632e-06,1.1219442512810929e-06,1.1541140190980274e-06,1.3422932454432157e-07,1.435495974637788e-07,1.3403020204805216e-07,1.4335831933318928e-07,1.682067679587007e-10,4.846965974771512e-11,4.983695234273e-09,1.9481841166842994e-09,5.15092102304493e-09,1.996423706090662e-09
0.018776862998493016,0.0006329826092635921,0.0010896102806619012,1.1219167095325768e-06,1.1541133806566485e-06,1.1219597977471682e-06,1.1541307003426482e-06,1.3425031794741592e-07,1.4353339850003977e-07,1.340511954511465e-07,1.4334210618471843e-07,1.8984067264476336e-10,4.6591893537728524e-11,5.001992208502843e-09,1.8462132933549924e-09,5.192276608667612e-09,1.892378698187258e-09
0.01877686445368454,0.0006317136808084434,0.0010898027155162979,1.1219167379630092e-06,1.1541134138946425e-06,1.1219598263778607e-06,1.154130733510001e-06,1.3425035660930007e-07,1.435333868445314e-07,1.3405123411303066e-07,1.4334209455528503e-07,1.898805140898574e-10,4.6575368822900635e-11,5.002025904587981e-09,1.8460889055969985e-09,5.192352769967101e-09,1.892238527743199e-09
0.018777656077872962,0.00037103339826893844,0.0011944872763081094,1.121924675951436e-06,1.1541314953633906e-06,1.121966647588124e-06,1.154148776549846e-06,1.3423614575458487e-07,1.4352704624798207e-07,1.3403699483660603e-07,1.4333576814351545e-07,3.781215618392508e-11,3.7585923956529044e-11,4.936561381896354e-09,1.7784219652483557e-09,4.972344758158442e-09,1.8159858061750356e-09
0.018778446246869862,0.0009034820936325394,0.0011925146864086855,1.1219347545258619e-06,1.1541503567128553e-06,1.1219759527721982e-06,1.1541678759385832e-06,1.3420701031542556e-07,1.43539224950473e-07,1.340078452127149e-07,1.4334794684600638e-07,2.437804602536708e-10,3.367532294684672e-11,4.580124781073489e-09,1.8081365293909357e-09,4.826298316061654e-09,1.8417843916651577e-09
0.018778447702061385,0.0009044626621322882,0.0011922437595678153,1.1219347730867724e-06,1.154150389274878e-06,1.1219759699088172e-06,1.1541679087489389e-06,1.3420695665899984e-07,1.4353926029474953e-07,1.340077915301663e-07,1.4334798216416002e-07,2.4415977573077896e-10,3.3690071068382004e-11,4.579468360077499e-09,1.8079201471275214e-09,4.826029353921513e-09,1.8415817880041853e-09
0.018779237871058285,0.0014881952649616892,0.0010451304849752319,1.1219536791279143e-06,1.154168070453283e-06,1.121995637731743e-06,1.1541857247721055e-06,1.342065445442131e-07,1.4355845223690267e-07,1.3400737941537955e-07,1.4336715992158133e-07,2.5903029721163762e-11,4.1698301062043086e-11,5.518786760916328e-09,1.6904245780935412e-09,5.5442499480307106e-09,1.7315680000962175e-09
0.01878002949524671,0.001167486173848431,0.0009030060064667556,1.1219747021445514e-06,1.1541834923729727e-06,1.1220179203519365e-06,1.1542009588083602e-06,1.3424173062048794e-07,1.4355906330365542e-07,1.3404253706994496e-07,1.4336775677747937e-07,2.1612391043479562e-10,2.2088657292140823e-11,4.304447021041824e-09,1.689890449796394e-09,4.517095142375638e-09,1.712366581863023e-09
0.01878081966424361,0.0004175678134790235,0.0009799455564001303,1.1219872158369949e-06,1.1541983708724491e-06,1.1220301759602295e-06,1.1542155107235885e-06,1.342577451827133e-07,1.4353643962294882e-07,1.340585374474385e-07,1.4334511888591805e-07,1.336716243974327e-10,3.797688899465079e-11,4.73092960068582e-09,1.7347049352522959e-09,4.8693148883919874e-09,1.7725846346294816e-09
0.01878082111943513,0.0004161867483586379,0.0009803572707963507,1.121987238882469e-06,1.154198402645858e-06,1.1220301985304104e-06,1.1542155425475284e-06,1.342577746754614e-07,1.435364222192317e-07,1.340585669140637e-07,1.4334510148220094e-07,1.3351977856679298e-10,3.797336299507458e-11,4.731715019801186e-09,1.7346808544535534e-09,4.869963543541189e-09,1.772557527195116e-09
0.01878160983324051,0.0004302407903897798,0.001203506473547833,1.1219939147733197e-06,1.154215623833452e-06,1.1220354281249456e-06,1.1542327911229222e-06,1.3423371569842857e-07,1.435269894045632e-07,1.3403449372617615e-07,1.4333566866753245e-07,9.89181167532216e-11,3.606227122476824e-11,5.44396350221632e-09,1.7216290615351681e-09,5.54125989538079e-09,1.7578652977690012e-09
0.01878240000223741,0.0011414784927965549,0.0012509766815662626,1.1220063340118137e-06,1.1542350190891601e-06,1.122047478929744e-06,1.154252649747471e-06,1.3420886091353168e-07,1.4355367088511757e-07,1.3400961051956983e-07,1.433623501480868e-07,2.88034068818277e-10,2.607335952789747e-11,4.470992909233473e-09,1.7948133014533685e-09,4.757954030765177e-09,1.8208735440610322e-09
0.018782401457428932,0.0011423284579362791,0.001251064103680477,1.1220063739617398e-06,1.1542350548078632e-06,1.1220475207263757e-06,1.1542526863195235e-06,1.3420886882876878e-07,1.435537200222825e-07,1.3400961840868404e-07,1.4336239928525174e-07,2.8754933515856033e-10,2.6054963742083714e-11,4.472612327884938e-09,1.794948079059111e-09,4.759096013515371e-09,1.8209895813470212e-09
0.018783191626425833,0.0016038595288065949,0.0010666517015174293,1.1220280667716468e-06,1.154253368679592e-06,1.1220702162972884e-06,1.1542711035872344e-06,1.3421316680251039e-07,1.4358477073983522e-07,1.3401390219769382e-07,1.4339345000280446e-07,2.4338957932412697e-11,4.501706299397945e-11,5.351956655630374e-09,1.6848203943098383e-09,5.379192646870479e-09,1.7295790355476015e-09
0.01878398034023121,0.0012176888465180724,0.0009411988284284689,1.1220503207132083e-06,1.1542692048739131e-06,1.1220935220990214e-06,1.1542866786840023e-06,1.3424472911083285e-07,1.4357949851273588e-07,1.3404545029516157e-07,1.4338814935399569e-07,3.436529949496503e-10,2.4574994816894957e-11,4.590622104672093e-09,1.7917679562273747e-09,4.9292645520893075e-09,1.8169901139231115e-09
0.018784769054036587,0.0003616342337692813,0.0010472228865846486,1.1220627770523742e-06,1.1542848893733417e-06,1.122105913964333e-06,1.154302111619881e-06,1.3426790701487334e-07,1.4355403700547275e-07,1.3406861398834735e-07,1.4336270203141628e-07,2.0298430991605443e-10,3.580747045302392e-11,4.3733585641803074e-09,1.8483338152428072e-09,4.580581691726593e-09,1.8838689029042486e-09
0.01878477050922811,0.00036140277255848624,0.0010474185029281102,1.122062785751749e-06,1.1542849183115324e-06,1.1221059196276995e-06,1.1543021400939324e-06,1.3426786280915186e-07,1.435539900285221e-07,1.3406856975640657e-07,1.4336265508063661e-07,2.028578581508414e-10,3.582819457781383e-11,4.375350564021318e-09,1.8484381802963412e-09,4.5824363057699084e-09,1.8839922955038446e-09
0.018785557767841965,0.0002361822575183692,0.0012182761599386738,1.1220674921135717e-06,1.1543027576742355e-06,1.1221089835089515e-06,1.1543200694731108e-06,1.3424394751382351e-07,1.435511531014369e-07,1.340446402764428e-07,1.4335980396891597e-07,1.3444745317059414e-10,2.6138592546047556e-11,5.453022478008052e-09,1.7799176366087965e-09,5.585782503203518e-09,1.8061555492303783e-09
0.018785559223033488,0.00023785940501978422,0.0012185919781586563,1.1220675122396797e-06,1.154302790649028e-06,1.1221090023520738e-06,1.1543201026142924e-06,1.3424387481077675e-07,1.4355114785757905e-07,1.3404456752105404e-07,1.4335979869883886e-07,1.350509668798288e-10,2.612068200624762e-11,5.449627579976439e-09,1.779790981260021e-09,5.5829877418505435e-09,1.8060116735441056e-09
0.018786347936838865,0.0011468733507867257,0.0012320412140915948,1.1220784205901985e-06,1.1543221191313346e-06,1.1221192153243464e-06,1.1543396567503805e-06,1.3420446975942468e-07,1.435738141708498e-07,1.3400513410033454e-07,1.433824650121096e-07,4.621553972850023e-10,2.9025618714095813e-11,3.609592846842702e-09,1.9468013867651734e-09,4.068227088538379e-09,1.9765853398467925e-09
0.01878713519545272,0.0017662753376157525,0.0011037044753976488,1.1221013546041823e-06,1.1543405074904727e-06,1.1221435443076189e-06,1.1543581877049292e-06,1.3421535527413653e-07,1.435930698789889e-07,1.340160196150464e-07,1.434017207202487e-07,2.146631830624024e-11,3.560760714060862e-11,4.905090555951119e-09,1.986093955963497e-09,4.9329296203382e-09,2.021299128074361e-09
0.018787922454066575,0.001157964361816255,0.001045499908263243,1.122124375933106e-06,1.1543574264401245e-06,1.122167986977729e-06,1.1543747553591067e-06,1.3426284795059473e-07,1.4358619033080726e-07,1.3406349808064988e-07,1.4339484117206707e-07,4.7266390801326e-10,2.6168296741024586e-11,4.931089314652581e-09,1.936821851731651e-09,5.399935609773365e-09,1.963212159464933e-09
0.018787923909258097,0.0011562073251576124,0.0010453923212629945,1.122124395801882e-06,1.1543574577135988e-06,1.1221680056803696e-06,1.1543747859832365e-06,1.3426287695019475e-07,1.4358617761445203e-07,1.3406352702771437e-07,1.4339482845571183e-07,4.721559216974836e-10,2.6150848847494856e-11,4.929801550343756e-09,1.9367307757534036e-09,5.398146983430417e-09,1.963104789837189e-09
0.01878870971268043,0.00020740752949066632,0.0011669273419475338,1.1221351249409314e-06,1.1543748439657925e-06,1.1221781051062862e-06,1.1543920344409817e-06,1.3427853673420032e-07,1.4356717026792352e-07,1.3407915844254603e-07,1.4337580692459637e-07,1.9784331117822518e-10,3.275686656740151e-11,4.234408823577951e-09,1.9804682847468893e-09,4.432288758238201e-09,2.012989100936802e-09
0.018788711167871952,0.00020747271642820818,0.0011671524068006534,1.1221351314904747e-06,1.1543748761625558e-06,1.1221781086787006e-06,1.1543920663825702e-06,1.3427847518885355e-07,1.4356713506913366e-07,1.3407909687093153e-07,1.4337577169953875e-07,1.978398893928809e-10,3.2769099933549484e-11,4.235424184714668e-09,1.980549280133914e-09,4.4333021156378365e-09,2.0130814792906904e-09
0.018789496971294284,0.0002426736627008097,0.0012673021704366649,1.1221386682438863e-06,1.1543940076473097e-06,1.1221800377825275e-06,1.1544114708975337e-06,1.342452407016026e-07,1.4357245428924424e-07,1.340458481990936e-07,1.4338109091964933e-07,1.959921253069652e-10,2.2021939493777415e-11,4.783719198542258e-09,1.8537884971176774e-09,4.980515111441264e-09,1.8755393020128043e-09
0.018789498426485807,0.0002444542633891231,0.0012674876329619167,1.122138689350463e-06,1.1543940430759852e-06,1.1221800579189416e-06,1.1544115068318206e-06,1.342451794009046e-07,1.4357246413965186e-07,1.340457868983956e-07,1.4338110077005695e-07,1.9640058636919165e-10,2.2002037344814873e-11,4.782524687877214e-09,1.8535537549269065e-09,4.979725482316569e-09,1.8752845942771046e-09
0.01879028568509966,0.0012077592357666589,0.00116579690551466,1.1221501080083942e-06,1.154413199318114e-06,1.1221909517189488e-06,1.1544308335942333e-06,1.3421201572327845e-07,1.4359534361574333e-07,1.3401262322076946e-07,1.4340398024614842e-07,4.173780210336986e-10,3.029373973895133e-11,4.136294418088937e-09,1.9449231114521126e-09,4.552536125856932e-09,1.975828611833208e-09
0.018791071488521993,0.0017557671079835302,0.001024990807429763,1.122173395499825e-06,1.15443041255394e-06,1.122215735449572e-06,1.1544479685752828e-06,1.3422899769466312e-07,1.4359927274633168e-07,1.340295909812994e-07,1.4340790937673677e-07,1.9322876632088537e-11,1.7657966996587492e-11,5.227377641858766e-09,1.9529214454250675e-09,5.2506381464922924e-09,1.9698916972872776e-09
0.018791072943713516,0.0017545267328046602,0.0010247300553962724,1.122173436816363e-06,1.1544304444303027e-06,1.1222157790784693e-06,1.1544480003067292e-06,1.3422908408722085e-07,1.4359928002249944e-07,1.3402967737385714e-07,1.4340791665290453e-07,2.008645535673339e-11,1.7634567417434965e-11,5.2264093856332605e-09,1.952936257154647e-09,5.250417777463814e-09,1.969880703001081e-09
0.018791858747135848,0.0010847241362149334,0.0010434002222201588,1.1221957477468602e-06,1.1544466958688025e-06,1.122239338682921e-06,1.154464030150848e-06,1.3427573606839198e-07,1.4358117539359228e-07,1.3407632935502827e-07,1.4338979781314265e-07,4.3241896666495393e-10,1.7847058900177792e-11,4.703551023860527e-09,1.72859115910029e-09,5.131418502085547e-09,1.7457707501833397e-09
0.01879186020232737,0.0010834837610360637,0.0010436217873169185,1.1221957890633982e-06,1.154446727980036e-06,1.1222393823118182e-06,1.1544640620924365e-06,1.342758224609497e-07,1.4358115456326365e-07,1.34076415747586e-07,1.4338977698281402e-07,4.3318254538959877e-10,1.7845316763244003e-11,4.702582767635022e-09,1.7283409985590042e-09,5.131198133057069e-09,1.7455194664903693e-09
0.01879264455055818,0.00018375827571581738,0.0011630453744703828,1.1222057286538936e-06,1.1544640359348792e-06,1.1222485909456736e-06,1.1544812786085931e-06,1.3428513057078817e-07,1.4356992701613175e-07,1.3408572385742445e-07,1.4337854943568212e-07,1.0302317332566702e-10,1.690630495593167e-11,4.7072457043384475e-09,1.5935044668059545e-09,4.814761478399987e-09,1.6100775559793114e-09
0.018792646005749702,0.000184142172559386,0.0011632669395671424,1.1222057370186379e-06,1.1544640680461127e-06,1.1222485962089532e-06,1.1544813105501817e-06,1.3428506006915894e-07,1.4356990618580312e-07,1.3408565335579522e-07,1.433785286053535e-07,1.0319108132284394e-10,1.690456281899788e-11,4.708952309565954e-09,1.5932543062646687e-09,4.816624284605571e-09,1.609826272286341e-09
0.01879343035398051,0.0003910625712428839,0.0011886318604178937,1.1222102456157813e-06,1.1544825154918489e-06,1.1222514331166167e-06,1.1545000341407608e-06,1.3424705969100614e-07,1.4358406235504406e-07,1.3404765297764243e-07,1.4339268477459444e-07,1.9369349180120565e-10,1.4354183868403386e-11,5.62881252719194e-09,1.6254706064683584e-09,5.820676829415561e-09,1.64053590856061e-09
0.018793431809172034,0.0003927323471383238,0.0011886789196402514,1.1222102701426548e-06,1.1544825497171657e-06,1.122251457703234e-06,1.1545000688784057e-06,1.3424702128755034e-07,1.435840886188089e-07,1.3404761454791887e-07,1.4339271103835927e-07,1.9376248220917008e-10,1.4349452182038647e-11,5.626119439705508e-09,1.6255303769696638e-09,5.818051086703372e-09,1.6405928837670558e-09
0.018794217612594366,0.0012944113306758709,0.0010726775795417698,1.1222235146542584e-06,1.1545003195339273e-06,1.1222647344766301e-06,1.154517917711928e-06,1.3422628342141252e-07,1.4360375644173473e-07,1.340268624971941e-07,1.434123646504304e-07,2.3101730250996155e-10,1.958154471903839e-11,4.171852197032422e-09,1.920475112271447e-09,4.400150022121352e-09,1.941018679119111e-09
0.018795001960825175,0.0015059898806342176,0.0010057773193636876,1.122245479551615e-06,1.154516621858155e-06,1.1222881539652008e-06,1.1545340612428845e-06,1.3425248823750735e-07,1.4360033162574837e-07,1.3405306731328892e-07,1.4340893983444403e-07,4.99051668045869e-11,9.881618093232625e-12,5.656848767188194e-09,1.9256203298567698e-09,5.715144357765212e-09,1.9345516300006693e-09
0.018795786309055984,0.0008279519811367209,0.0011141093670811184,1.1222637857833158e-06,1.1545332507283141e-06,1.1223071396671003e-06,1.1545505153073329e-06,1.3428399370241095e-07,1.4358392011491492e-07,1.340845443564831e-07,1.4339252832361058e-07,2.5903085232314993e-10,1.7046797718267972e-11,5.6522098113021e-09,1.6547936099587235e-09,5.902816013758638e-09,1.6711866421579043e-09
0.018795787764247507,0.0008270569387475193,0.001114310354182635,1.1222638028466162e-06,1.1545332815796503e-06,1.1223071548253452e-06,1.1545505458343541e-06,1.3428398391271104e-07,1.4358388966684288e-07,1.340845345404668e-07,1.4339249787553854e-07,2.5862167164769635e-10,1.7060091186960058e-11,5.649397581840453e-09,1.6542911485117884e-09,5.899615715296189e-09,1.670698024369699e-09
0.018796572112478316,0.0003446290909678851,0.001231603653475355,1.12227299996551e-06,1.1545516817146657e-06,1.1223153251194162e-06,1.1545690767889027e-06,1.342787072644569e-07,1.4358636235556332e-07,1.3407924370767432e-07,1.4339497056425898e-07,3.8073287578210824e-11,1.0990364000817987e-11,4.133605902012505e-09,1.4708224638226852e-09,4.1746548440357856e-09,1.4809830028994497e-09
0.018797356460709125,0.0006499891214062359,0.001177426002036075,1.122280801235862e-06,1.1545705768961483e-06,1.1223222600165172e-06,1.15458817617764e-06,1.3425329825622612e-07,1.436085881323379e-07,1.340538062777341e-07,1.4341719634103356e-07,1.7963110165997165e-10,2.2397627155723576e-11,6.219810000374082e-09,1.3414244159903888e-09,6.403396035636888e-09,1.3640313323293185e-09
0.018798140808939934,0.0012325563685990915,0.001043297961441425,1.1222955669481071e-06,1.154587995105267e-06,1.1223371529922588e-06,1.1546055702638114e-06,1.3424629230485152e-07,1.4362034050918737e-07,1.340467861155048e-07,1.4342893450702832e-07,1.1351152656713381e-10,2.0004435608012017e-11,4.722036095472504e-09,1.480677025433863e-09,4.8266191043921935e-09,1.5012231457944836e-09
0.018798925157170743,0.0012984484534968033,0.0010523889086737626,1.122315418839651e-06,1.154604432588156e-06,1.1223580713703996e-06,1.1546217137947679e-06,1.3426537748273404e-07,1.436064422932759e-07,1.340658428716779e-07,1.4341505050197156e-07,9.720652061062651e-11,2.2133942248481198e-11,4.8042130273984185e-09,1.6081193043859798e-09,4.90994578328241e-09,1.630617085801589e-09
0.01879970950540155,0.0007296495576053497,0.0012204229747466641,1.1223313261905201e-06,1.1546222593479534e-06,1.1223744422750315e-06,1.1546394489414524e-06,1.342910564972044e-07,1.4358992928009684e-07,1.3409149346443883e-07,1.4339852327793778e-07,2.1343456169109487e-10,3.211320098728265e-11,5.504145139667571e-09,1.7136438934528542e-09,5.71035085883409e-09,1.7463492874014719e-09
0.018800492398440838,0.00029693883780279595,0.001310615371587151,1.1223393632796098e-06,1.1546420746709885e-06,1.122381604545808e-06,1.1546595715117292e-06,1.3429237810669292e-07,1.4359807209984865e-07,1.3409280086307263e-07,1.434066660976896e-07,4.6190981595195524e-11,1.8436016602230154e-11,3.469394771471457e-09,1.8620026631666065e-09,3.515509661156102e-09,1.8804737766942026e-09
0.018801275291480124,0.0006549735224504194,0.0011767347680404633,1.1223468157352184e-06,1.1546615479620942e-06,1.122388084695558e-06,1.1546793530214927e-06,1.3426820544282236e-07,1.4362133526901744e-07,1.3406859977749264e-07,1.4342992926685838e-07,1.8997917128338315e-10,4.140364440186062e-11,5.443022921269858e-09,1.6902993449363635e-09,5.639957390002337e-09,1.7309749189564627e-09
0.01880205818451941,0.0012803826098055637,0.000979567243701851,1.1223619675036632e-06,1.15467842950045e-06,1.122403659792326e-06,1.1546960649866378e-06,1.342595510323008e-07,1.436267211829545e-07,1.3405991694526165e-07,1.4343531518079544e-07,1.237404206877457e-10,2.9030512369021544e-11,4.73981787152411e-09,1.690793949293834e-09,4.854984414492947e-09,1.7204848656859895e-09
0.018802841077558696,0.0012846450638877016,0.0009761390467772912,1.1223820489267764e-06,1.1546937405888671e-06,1.1224246918573044e-06,1.154711071649217e-06,1.3428294209916203e-07,1.4360611544361745e-07,1.3408330801212287e-07,1.4341468101974897e-07,9.071771805979623e-11,2.3278582186869734e-11,4.366850436809955e-09,1.8724362060851263e-09,4.464762337619277e-09,1.8961245906723434e-09
0.01880362251540646,0.0007622253840481868,0.0011720518719897655,1.1223980363449443e-06,1.1547105273657485e-06,1.1224409188572217e-06,1.1547276699275244e-06,1.343072684145974e-07,1.435871865851368e-07,1.3410762014311778e-07,1.4339576637212303e-07,2.250982883541394e-10,3.3242488622908795e-11,5.676331386753744e-09,1.9841177589796644e-09,5.89885448376983e-09,2.0178236859180743e-09
0.018803623970597982,0.0007612525354823776,0.0011722829506458845,1.1223980661166727e-06,1.1547105632860462e-06,1.1224409490750986e-06,1.1547277062735023e-06,1.343073137149986e-07,1.4358720290912977e-07,1.3410766541710473e-07,1.4339578266970178e-07,2.2534853150180112e-10,3.320610383947915e-11,5.678769898764813e-09,1.98417118051782e-09,5.901525046425604e-09,2.017838957056414e-09
0.018804405408445746,0.00042517601313141196,0.0012963721889818203,1.1224073373183881e-06,1.154729852485902e-06,1.1224495892747655e-06,1.1547472240636125e-06,1.343057363101252e-07,1.435959688933508e-07,1.341060595905219e-07,1.4340453446948231e-07,4.00922836596429e-11,1.3667475137757457e-11,4.1568455344531685e-09,2.0128585465073456e-09,4.194232072762816e-09,2.0260395583449053e-09
0.01880518684629351,0.000715074924234782,0.0011926293292532364,1.1224162476707722e-06,1.1547493024857967e-06,1.1224576610402437e-06,1.154767005573376e-06,1.3428305578599975e-07,1.4362038314175152e-07,1.3408336485554173e-07,1.4342894871788303e-07,1.991928427758083e-10,2.570085810837952e-11,5.026402405405861e-09,1.8639589871582984e-09,5.2305360043192195e-09,1.88944149215331e-09
0.01880596682894975,0.0012961861263285357,0.001015500368825656,1.1224319351581382e-06,1.1547665229369034e-06,1.122473463510687e-06,1.1547841403180647e-06,1.3427275291633123e-07,1.436287944857916e-07,1.3407303356416378e-07,1.434373458775318e-07,8.783849342330896e-11,2.081583824200386e-11,4.886613336196888e-09,1.8577553106451872e-09,4.969860523118541e-09,1.878505104830975e-09
0.018805968284141272,0.0012962938115797977,0.0010151699043472462,1.12243197372518e-06,1.1547665550646107e-06,1.122473504294255e-06,1.154784172285872e-06,1.342727909792339e-07,1.4362881017859763e-07,1.34073071574238e-07,1.4343736154387443e-07,8.787019409544584e-11,2.0806724398969578e-11,4.886192574052224e-09,1.8577437366218419e-09,4.9694866627376394e-09,1.878484701123284e-09
0.018806749721989036,0.0013541207915075404,0.000980646409580288,1.1224526842265177e-06,1.1547821511286595e-06,1.1224954050703673e-06,1.1547995200089645e-06,1.3429323075797583e-07,1.436137182508901e-07,1.3409348298409896e-07,1.4342225540531217e-07,1.0489345503295056e-10,1.3142024794798868e-11,4.660243302367917e-09,1.8426792314230056e-09,4.768723638193251e-09,1.8559538350615412e-09
0.018807529704645276,0.0007250729789624044,0.0011249474555441452,1.1224689015773171e-06,1.1547985743956184e-06,1.1225121170355123e-06,1.1548157772267587e-06,1.343191939895405e-07,1.435964378515564e-07,1.3411943200480891e-07,1.4340497500597849e-07,1.8813416102769764e-10,2.813205397800278e-11,5.092087640434784e-09,1.966161455868587e-09,5.277785319890427e-09,1.994846732245037e-09
0.018808309687301517,0.00031888191892015527,0.0012651231871103619,1.1224770442444596e-06,1.154817216532103e-06,1.122519165619451e-06,1.1548346492418204e-06,1.3431379386474873e-07,1.4360041689087666e-07,1.3411401766916242e-07,1.4340893983444403e-07,3.2529888505106186e-11,1.3580640084720486e-11,4.504910666724982e-09,1.9817751883977053e-09,4.5384140889837e-09,1.9948445117989877e-09
0.01880909112514928,0.0007793884906064363,0.0012101555805870134,1.1224856265451104e-06,1.1548365592972316e-06,1.1225268963244162e-06,1.1548542033779086e-06,1.3428575584839564e-07,1.4362314004756627e-07,1.3408597965280933e-07,1.4343166299113363e-07,2.166589546659381e-10,1.8075376265191956e-11,5.197526853351064e-09,1.857989317954889e-09,5.4153517226041e-09,1.875982480470384e-09
0.018809869652613997,0.001415036849813589,0.0010223635503743584,1.1225027107490782e-06,1.1548539373390874e-06,1.122544517784263e-06,1.1548715650124266e-06,1.3428093836864718e-07,1.436387570080274e-07,1.3408114796220616e-07,1.4344726576725286e-07,1.0687627172156766e-10,2.2229461304583937e-11,4.788828000812373e-09,1.928347643256765e-09,4.894276095512851e-09,1.95098817242629e-09
0.01880987110780552,0.0014148346921970512,0.001022012537233774,1.1225027503523347e-06,1.1548539698214087e-06,1.1225445592789002e-06,1.15487159746408e-06,1.342809887814558e-07,1.436387861986077e-07,1.3408119837501478e-07,1.4344729493132036e-07,1.069332680028398e-10,2.223722594951738e-11,4.789986584076874e-09,1.9284791541451796e-09,4.895500077322611e-09,1.9511283699813475e-09
0.018810649635270238,0.0013066803673492688,0.0009514019284218023,1.1225239380945296e-06,1.1548693333950165e-06,1.1225667589098192e-06,1.154886717813497e-06,1.3430795963407102e-07,1.4362770173192985e-07,1.3410816922763e-07,1.434362104646425e-07,1.3742627848343265e-10,1.0806714897948488e-11,5.409828630585193e-09,1.9856842836674105e-09,5.550330345544564e-09,1.9963624087182552e-09
0.01881065109046176,0.001306478209732731,0.0009516807573670694,1.122523977697786e-06,1.1548693632592743e-06,1.1225668004044564e-06,1.1548867472957179e-06,1.3430801004687964e-07,1.4362766575407566e-07,1.3410821964043862e-07,1.4343617446027552e-07,1.374832747647048e-10,1.083270095852589e-11,5.410987213849694e-09,1.985564912322098e-09,5.5515543273543244e-09,1.9962690497327047e-09
0.01881142961792648,0.0006684447146412253,0.0011008542430850365,1.1225393530151593e-06,1.154885340637216e-06,1.1225823755012243e-06,1.1549025202839402e-06,1.3433235324100679e-07,1.4360841760208132e-07,1.3413254862371105e-07,1.4341691212393926e-07,2.5880619869411703e-10,2.4735243367435267e-11,4.862364733071445e-09,1.921701242579843e-09,5.116834955742888e-09,1.9463219924631403e-09
0.018812208145391196,0.00032749551175864563,0.001274077445796884,1.12254710172189e-06,1.1549038301326823e-06,1.1225892974600845e-06,1.1549211649253266e-06,1.343282965192158e-07,1.4360993816353584e-07,1.3412847771757813e-07,1.4341841847453907e-07,4.9719028794264555e-11,1.6025241897366094e-11,4.915221353478694e-09,1.8739607643425416e-09,4.968579770665858e-09,1.8895276454600207e-09
0.01881220960058272,0.00032685822352895855,0.0012740539726626338,1.122547116205454e-06,1.1549038670304715e-06,1.1225893103983253e-06,1.1549212023251088e-06,1.3432828893655824e-07,1.4360997455394887e-07,1.3412847010840778e-07,1.4341845483838974e-07,4.932821165426482e-11,1.6033667303377594e-11,4.9153201509000155e-09,1.8736759834209555e-09,4.968302658170387e-09,1.8892516618626745e-09
0.018812986672855914,0.0007054524156160369,0.0012615193189731144,1.1225551380052041e-06,1.1549235704498904e-06,1.1225964726691018e-06,1.1549411738087656e-06,1.34302453602686e-07,1.4362940703449567e-07,1.3410263477453555e-07,1.4343787313464418e-07,2.947721233770295e-10,2.0532834113518028e-11,5.240777589676782e-09,1.7216029712940895e-09,5.533223657039343e-09,1.741876420879862e-09
0.01881376520032063,0.001378814855738916,0.001113683727459125,1.122571374397063e-06,1.1549420620579498e-06,1.122613039980472e-06,1.1549597047633142e-06,1.3429388626016237e-07,1.4364360367835616e-07,1.3409403906332807e-07,1.4345206977850467e-07,9.573508956717849e-11,2.62457590383125e-11,4.504722831902659e-09,1.8328393247557528e-09,4.600065943417934e-09,1.8600115891942437e-09
0.018813766655512154,0.0013800734771223233,0.001113485213687585,1.122571404745459e-06,1.154942092924928e-06,1.1226130709474091e-06,1.154959735363136e-06,1.3429387024643802e-07,1.436435957362149e-07,1.3409402299657813e-07,1.4345206180980107e-07,9.536305772828158e-11,2.622173852013155e-11,4.5033470286170996e-09,1.8332196479430265e-09,4.598321723392473e-09,1.8603665250049966e-09
0.01881454372778535,0.0013471915010799806,0.001007478859685218,1.1225925975654212e-06,1.154958575891262e-06,1.122635580941278e-06,1.1549760756679461e-06,1.3432504886168317e-07,1.436393546327963e-07,1.3412520161182329e-07,1.434478065220901e-07,1.9351806268552707e-10,1.339478181150433e-11,5.191411300842219e-09,2.036312229947157e-09,5.387070345364009e-09,2.0499022479469886e-09
0.018815322255250067,0.0004881024809204604,0.0010514494944500186,1.1226068858331293e-06,1.1549746052139777e-06,1.1226502465433441e-06,1.1549918781383894e-06,1.3435827384000731e-07,1.4362274214363424e-07,1.34158398168438e-07,1.4343119403292803e-07,2.439682345034555e-10,1.6862324037081322e-11,4.237566741949195e-09,1.9591839262034227e-09,4.475189996355766e-09,1.9754629043688965e-09
0.01881609932752326,0.0001336593122706481,0.0011838172253924029,1.1226117173716295e-06,1.1549919748518895e-06,1.122653543461638e-06,1.1550092722245608e-06,1.3434076606699819e-07,1.4361498301695974e-07,1.3414087618457415e-07,1.4342343490625353e-07,5.086324070258108e-11,1.6447182157874884e-11,4.1582257637173825e-09,1.799426718740449e-09,4.215144233654655e-09,1.8155100756089837e-09
0.018816876399796456,0.0009248139200654373,0.0012177111368885107,1.122619953986452e-06,1.1550106364629257e-06,1.1226608058193315e-06,1.1550281442396226e-06,1.3430034083374387e-07,1.4362780120791285e-07,1.341004225827351e-07,1.4343625309720665e-07,3.3954433114457183e-10,1.4790970531697312e-11,5.416617619233573e-09,1.8474162200021738e-09,5.755721947651524e-09,1.8627792641723318e-09
0.01881687785498798,0.0009262954830013825,0.0012174751341466207,1.1226199694108243e-06,1.1550106700690723e-06,1.1226608194192522e-06,1.1550281780901979e-06,1.3430026513105986e-07,1.436278364157046e-07,1.341003468269264e-07,1.434362882783863e-07,3.4008493243753435e-10,1.4807013832644305e-11,5.418974158288847e-09,1.8475578703224445e-09,5.7586069246440275e-09,1.86293567505325e-09
0.01881765347206965,0.0015914615951118094,0.0010916856727192226,1.1226394975647972e-06,1.1550285821452112e-06,1.1226815104237176e-06,1.1550462204468204e-06,1.3430539524961205e-07,1.4364660216870107e-07,1.3410546273462387e-07,1.4345503984714014e-07,4.544358639391177e-11,2.335809323739113e-11,4.490772198550985e-09,1.923057491026725e-09,4.534393749366927e-09,1.946302674582512e-09
0.018818430544342846,0.0011944923084925563,0.0009866766212809353,1.122661146440126e-06,1.1550447325223343e-06,1.1227043614780996e-06,1.1550622502909391e-06,1.3434373613563366e-07,1.4364474054673337e-07,1.3414380362064549e-07,1.4345316401431774e-07,2.5289412231011e-10,1.14487291175136e-11,5.855000484444872e-09,1.8479512364777406e-09,6.115364215020236e-09,1.8589454420236962e-09
0.01881920761661604,0.00048373887570825043,0.001068148991379303,1.122674177166515e-06,1.1550607000024328e-06,1.122716957129724e-06,1.1550779390745447e-06,1.3435857290545263e-07,1.4362575484483386e-07,1.3415862620617208e-07,1.4343417831241823e-07,1.9101204403229107e-10,1.6983674883119804e-11,5.277113353150647e-09,1.723828746413858e-09,5.4575592344406765e-09,1.7406230901073627e-09
0.018819209071807563,0.00048240787677045205,0.0010684242277172458,1.1226742015686242e-06,1.15506073322444e-06,1.1227169807170867e-06,1.1550779725620372e-06,1.3435860068966576e-07,1.4362574945910656e-07,1.3415865396382287e-07,1.4343417290002891e-07,1.908961599905723e-10,1.6972904360968462e-11,5.276031167511519e-09,1.723892752958346e-09,5.456327389907756e-09,1.74067707819091e-09
0.018819983233697712,0.0004152750994244059,0.0012148499595028284,1.1226811510881202e-06,1.1550784073322701e-06,1.1227228924326482e-06,1.155095787908067e-06,1.3433772494408913e-07,1.436228842521814e-07,1.3413776400739152e-07,1.4343129350891104e-07,8.81305167732549e-11,1.1242986576454062e-11,4.0393151046203e-09,1.757944234626052e-09,4.133243969306477e-09,1.7693987386380172e-09
0.018820758850779384,0.001029374978432042,0.001196280244847081,1.122692364977224e-06,1.1550971084699964e-06,1.1227335589831042e-06,1.1551147736099665e-06,1.3430860469397442e-07,1.4364593425852945e-07,1.341086437572768e-07,1.434543435152591e-07,2.890731275085932e-10,1.851960251819662e-11,5.865858591201494e-09,1.7399315321853237e-09,6.155269368691928e-09,1.757988865591642e-09
0.018820760305970907,0.0010305271358035384,0.0011959515317517867,1.1226923860164155e-06,1.1550971407319955e-06,1.122733578995394e-06,1.1551148059702648e-06,1.3430855005935882e-07,1.4364597151545194e-07,1.3410858912266121e-07,1.4345438077218158e-07,2.8945013053061075e-10,1.8529480384511783e-11,5.869285502058119e-09,1.7394854703544891e-09,6.159063037358692e-09,1.7575520190277256e-09
0.018821534467861056,0.001529058768863223,0.0010210761650551413,1.122712201355035e-06,1.1551143041155183e-06,1.1227541563130217e-06,1.155132021649002e-06,1.3431214540560177e-07,1.4366579219820825e-07,1.3411217025804945e-07,1.434742014549379e-07,2.52043629023202e-11,2.378450526417804e-11,4.392263441843625e-09,1.5021805763504605e-09,4.412281651156036e-09,1.5251496470242092e-09
0.01882153592305258,0.0015282960507856098,0.001020747451959847,1.1227122399296315e-06,1.1551143363775174e-06,1.1227541974020847e-06,1.1551320540093002e-06,1.343122191210841e-07,1.4366582945513073e-07,1.3411224392030758e-07,1.4347423871186038e-07,2.577320948082787e-11,2.3794383130493202e-11,4.393380877575585e-09,1.501734514519626e-09,4.413992055758007e-09,1.5247128004602928e-09
0.01882231154013425,0.0011217673154177987,0.0009441409195787287,1.1227328001895467e-06,1.1551295763873629e-06,1.122776097872702e-06,1.1551469469850417e-06,1.3435150947316288e-07,1.436547734101623e-07,1.3415150590390112e-07,1.4346315424518252e-07,3.2896843582541635e-10,1.121554238370237e-11,4.988974122710488e-09,1.5652810159139108e-09,5.32563770860861e-09,1.5777209538825332e-09
0.0188230857020244,0.0003202772251569286,0.0010867189485733923,1.1227439639488188e-06,1.1551453006052878e-06,1.1227867844354478e-06,1.1551624928602397e-06,1.3436830670343625e-07,1.4363209288603684e-07,1.341683031341745e-07,1.4344047372105706e-07,1.038477082104805e-10,2.7605861858498334e-11,5.543667747076597e-09,1.8459205875329356e-09,5.640757194669277e-09,1.87381409263295e-09
0.018823087157215923,0.00032052497127354275,0.0010869869523872921,1.1227439751880689e-06,1.1551453301620885e-06,1.1227867925559361e-06,1.1551625220818096e-06,1.3436823842722449e-07,1.436320502534727e-07,1.3416823483125062e-07,1.4344043108849291e-07,1.0407247721818911e-10,2.763667072969156e-11,5.540475936017199e-09,1.8464481055247006e-09,5.63780416336608e-09,1.874370658683233e-09
0.01882385986391455,0.00045207815919567906,0.0012152883706127902,1.1227499432298609e-06,1.1551631218647615e-06,1.1227911045352812e-06,1.1551805643111743e-06,1.343319837587842e-07,1.436386884322012e-07,1.3413196597866772e-07,1.434470692672214e-07,2.234248203114575e-10,1.33714853034546e-11,3.845624263476566e-09,1.7558887823264589e-09,4.069744541368436e-09,1.768767057631434e-09
0.018823861319106072,0.00045379617028115833,0.0012155299928693353,1.1227499697122545e-06,1.155163155370793e-06,1.1227911309840014e-06,1.1551805982890073e-06,1.343319294749189e-07,1.436387009334794e-07,1.341319116681404e-07,1.4344708176849963e-07,2.2345886856556315e-10,1.3344620547472985e-11,3.847673138617408e-09,1.7557182374616787e-09,4.071829847655058e-09,1.7685681807932951e-09
0.01882463548099622,0.0013677780677561202,0.0011159193809149315,1.122764058345619e-06,1.155181204563333e-06,1.1228052017031587e-06,1.1551989018698805e-06,1.3430305045858404e-07,1.4366736422743998e-07,1.3410301846761286e-07,1.434757450624602e-07,2.415725397497681e-10,2.920135314110617e-11,4.937674713545448e-09,1.7087807835380886e-09,5.1812127921380124e-09,1.7380578087866638e-09
0.01882540964288637,0.0015203542853541308,0.0009516779161629074,1.122786417165634e-06,1.1551972111136486e-06,1.122829189625918e-06,1.1552148180271615e-06,1.3433286483177653e-07,1.436757912642861e-07,1.3413281862995063e-07,1.434841578884516e-07,1.0275440220919307e-10,1.9224916797400127e-11,4.403869269253846e-09,1.727915921456713e-09,4.503387884824406e-09,1.747275879537824e-09
0.01882618380477652,0.0006649958171403292,0.0009639202873046315,1.1228033353132938e-06,1.1552120409449083e-06,1.122846697398927e-06,1.15522936994239e-06,1.3437146151318302e-07,1.436590650882863e-07,1.341714011005024e-07,1.4346741750159708e-07,3.8845637817530587e-10,1.90926944393377e-11,4.527703101331326e-09,1.8305866822387884e-09,4.921222096498923e-09,1.8501467025089369e-09
0.018826956511475146,0.00013575597265003125,0.0011026167378083318,1.122809522776013e-06,1.15522801123323e-06,1.1228516996197868e-06,1.155245256182082e-06,1.3436188339710498e-07,1.436480156412147e-07,1.3416180877356965e-07,1.4345635387038291e-07,2.8870678417391993e-11,2.193544628975022e-11,5.644676726035414e-09,1.8914946094368465e-09,5.671970004783589e-09,1.9132931755218743e-09
0.01882695796666667,0.000136619088976345,0.001102877936396851,1.1228095334089494e-06,1.1552280413091024e-06,1.1228517081676694e-06,1.155245286099671e-06,1.3436181554828735e-07,1.4364799483246316e-07,1.3416174089803989e-07,1.4345633303491923e-07,2.9556450198623706e-11,2.1940799871389416e-11,5.6424306780762646e-09,1.891609313631193e-09,5.670409882660203e-09,1.9134120954333866e-09
0.018827730673365295,0.0005949338582489361,0.0011674741262623911,1.122815179498219e-06,1.155245584471573e-06,1.1228562470932957e-06,1.1552631349331932e-06,1.3432578782612836e-07,1.436592498293976e-07,1.3412569899173832e-07,1.4346757382099895e-07,3.937012660326644e-10,1.8520006708766523e-11,4.449779211768146e-09,1.7830251719530565e-09,4.8419850351422156e-09,1.8011905300596709e-09
0.01882850338006392,0.00136576469247629,0.0010768649377510542,1.1228303299472603e-06,1.1552629266298606e-06,1.1228718221900635e-06,1.1552806427062023e-06,1.3431322543056012e-07,1.4367874712206685e-07,1.3411310817446065e-07,1.4348704269195878e-07,1.5680580445209813e-10,2.980306626487739e-11,4.771189221486338e-09,1.8133888834981349e-09,4.928006003268592e-09,1.8436228099716345e-09
0.018829276086762547,0.0014003168139709032,0.0009567987305310055,1.1228517036443501e-06,1.155278640885253e-06,1.1228945595576079e-06,1.1552962178029702e-06,1.3434362244879594e-07,1.4368465883762838e-07,1.3414347677098704e-07,1.4349294019666559e-07,2.0367728337244984e-10,2.4980051013812066e-11,4.26142410248076e-09,1.7457236767270956e-09,4.463373226570866e-09,1.7696011322954064e-09
0.018830048793461174,0.0005433399695107255,0.000981314307523462,1.1228667224105144e-06,1.155293616814525e-06,1.1229102483412134e-06,1.155310997091874e-06,1.3438052803849132e-07,1.436748675587296e-07,1.341803681498277e-07,1.4348312049605738e-07,3.963480377233708e-10,2.53151839768595e-11,4.238946971213409e-09,1.4867861386491654e-09,4.637719097644322e-09,1.5119698826282502e-09
0.018830820044968277,1.839537728187679e-05,0.001134213199294035,1.1228710548028425e-06,1.1553099350772762e-06,1.1229132041989942e-06,1.155327223693439e-06,1.3436815038403438e-07,1.4366561953056503e-07,1.3416796207366133e-07,1.4347385828380053e-07,2.760527570422333e-11,3.440464881103881e-11,5.126140845135296e-09,1.6583807436735718e-09,5.1541326762105655e-09,1.6937089947744151e-09
0.0188308215001598,1.9743383688229565e-05,0.001134501687769074,1.1228710657347382e-06,1.1553099658664512e-06,1.1229132123501259e-06,1.1553272543096682e-06,1.343680673711925e-07,1.436656020814553e-07,1.3416787903400652e-07,1.4347384080792835e-07,2.836485238905432e-11,3.4421798744688203e-11,5.125030417662054e-09,1.6587045070792783e-09,5.153779713268672e-09,1.6940518987595965e-09
0.01883159129647538,0.0007328387726488472,0.0012502893637269144,1.1228768487075456e-06,1.1553283255850322e-06,1.1229175242988276e-06,1.1553457503001515e-06,1.3432415357783611e-07,1.4367181469175572e-07,1.3412395105660835e-07,1.4348005341822878e-07,4.301809186646466e-10,2.4767901314143828e-11,4.53761428431676e-09,1.8465728053558743e-09,4.967062317007276e-09,1.8718296918752017e-09
0.018831592751666903,0.0007346510552658512,0.0012505082440217308,1.1228768840395902e-06,1.1553283602914947e-06,1.1229175613380421e-06,1.1553457852642168e-06,1.3432414520119293e-07,1.4367182643582055e-07,1.3412394265320274e-07,1.434800651622936e-07,4.295399319110155e-10,2.474965198062673e-11,4.538181126976618e-09,1.8469279439159436e-09,4.9669889143297424e-09,1.8721657557563276e-09
0.018832364003174007,0.001695160842277943,0.0011976503245763048,1.1228956100232128e-06,1.1553472417513512e-06,1.1229371921217535e-06,1.155364884652954e-06,1.3431970558031026e-07,1.4369359746524424e-07,1.3411948884822777e-07,1.435018219808626e-07,8.981695248655441e-11,3.8846519750945774e-11,4.838607736701306e-09,1.9471226853085e-09,4.9280854952371556e-09,1.9860308952956984e-09
0.01883313525468111,0.0014717906579448936,0.0010175705604991148,1.1229200351843874e-06,1.155364326675813e-06,1.1229634537812672e-06,1.15538205136545e-06,1.343642423989877e-07,1.43709925737312e-07,1.341639972451958e-07,1.4351813604207564e-07,2.6085650306484354e-10,4.64046683024133e-11,4.373674311608511e-09,1.7895401827061619e-09,4.633650352303675e-09,1.8351101749303211e-09
0.018833906506188214,0.0004475402630106373,0.0009491374464419833,1.1229348380530417e-06,1.155379494940957e-06,1.122978233070171e-06,1.1553969443411916e-06,1.3439432677841978e-07,1.43700845001149e-07,1.3419405320291844e-07,1.435090410950579e-07,3.292432715351623e-10,3.4706553603269796e-11,4.521371277377284e-09,1.710245611796779e-09,4.852804380561793e-09,1.7451606826313082e-09
0.018834677757695317,0.00017199434219472565,0.0011226541626658815,1.1229396162230212e-06,1.1553954736649662e-06,1.1229814163016272e-06,1.1554126331247971e-06,1.343725699598508e-07,1.4367849132668198e-07,1.3417226796264003e-07,1.4348667320973618e-07,4.794415905950977e-11,5.258818380760033e-11,5.203451003410464e-09,1.6976353656161791e-09,5.25100007919832e-09,1.7497678861388977e-09
0.018835447554010898,0.0009175520686529392,0.001331946801468753,1.1229480143604413e-06,1.1554143690927502e-06,1.1229890189480222e-06,1.1554317325135344e-06,1.3433945022229036e-07,1.4367765288625378e-07,1.341391482250796e-07,1.4348582055845327e-07,4.103251955389526e-10,3.28152123529879e-11,4.442568914838399e-09,1.5577501510932734e-09,4.851596079178316e-09,1.5901873151591417e-09
0.01883544900920242,0.0009189614405366031,0.0013318738640553313,1.1229480302359375e-06,1.1554144072949731e-06,1.1229890333197545e-06,1.155431771338662e-06,1.343393876140908e-07,1.4367770903253636e-07,1.3413908561688004e-07,1.4348587673154878e-07,4.1101022585365854e-10,3.2836780124141834e-11,4.441130574406316e-09,1.557713879688107e-09,4.8508410621650455e-09,1.590173679525639e-09
0.018836218805518,0.0015292838177261986,0.0012932899723552271,1.122966876737732e-06,1.1554346162709334e-06,1.123008814829518e-06,1.155452309831162e-06,1.3434279821922246e-07,1.4370741041602741e-07,1.3414248201115697e-07,1.4351559229908162e-07,7.782066657746611e-11,4.4246131064573646e-11,4.848218715380881e-09,1.5385263063549814e-09,4.928000674198074e-09,1.5829604294026467e-09
0.01883698714664206,0.001322813582430804,0.0010563825636921188,1.1229887905749557e-06,1.1554526663238518e-06,1.1230316658839001e-06,1.1554703518678358e-06,1.343750994919901e-07,1.437293104982792e-07,1.341747690730699e-07,1.4353746401335118e-07,2.438119706127395e-10,5.045806814146256e-11,5.1175153004123786e-09,1.5525279001901878e-09,5.360532906450999e-09,1.6029749273381265e-09
0.018836988601833582,0.001321510410670561,0.0010559338754181358,1.1229888190421298e-06,1.1554527005095582e-06,1.1230316946817002e-06,1.1554703860383597e-06,1.3437514062019156e-07,1.4372935197570769e-07,1.3417481017440776e-07,1.4353750543705246e-07,2.4390334800148696e-10,5.0469833173805156e-11,5.1157652841913854e-09,1.5525544183603301e-09,5.358870986112202e-09,1.6030128335842164e-09
0.01883775694295764,0.0006334357212622876,0.0009511843591081259,1.123003849710019e-06,1.1554681220243625e-06,1.1230468999201548e-06,1.1554855063877767e-06,1.343968563105591e-07,1.437136489812474e-07,1.3419651168078417e-07,1.4352178823173745e-07,2.9215060926013336e-10,2.1947776929209795e-11,4.1917567195071115e-09,1.6491531473761256e-09,4.481377047227397e-09,1.671607297026867e-09
0.01883852673927322,0.00019408736159753914,0.0011153920753770308,1.1230102199522215e-06,1.155484030453614e-06,1.1230524705752032e-06,1.1555011951713823e-06,1.3438894086448272e-07,1.436819587752325e-07,1.341885820238531e-07,1.4349009802572255e-07,4.6963929273280414e-11,4.410690909728565e-11,4.838566880494e-09,1.7278732888925674e-09,4.888959459492526e-09,1.7719938849580785e-09
0.018839295080397278,0.0006498486737645185,0.0013051138859303535,1.123016710892042e-06,1.1555026281963249e-06,1.1230576902839264e-06,1.1555199534996063e-06,1.3435438866217358e-07,1.436769281326633e-07,1.3415398726957067e-07,1.4348506738315336e-07,3.235291533665601e-10,2.053287574688145e-11,4.592569047174291e-09,1.6551454651292374e-09,4.912711439081723e-09,1.6752023102029057e-09
0.0188392965355888,0.000650711858067865,0.0013049906634420934,1.1230167231854887e-06,1.1555026652315759e-06,1.1230577001697384e-06,1.1555199913235827e-06,1.343543232223965e-07,1.4367698167185696e-07,1.341539217492027e-07,1.4348512089548342e-07,3.240529511394641e-10,2.0563563474104294e-11,4.592103142186943e-09,1.6551124510001048e-09,4.912756423891551e-09,1.675201806090296e-09
0.01884006487671286,0.0015220078213147303,0.001239929189640776,1.123033417084296e-06,1.1555222198441505e-06,1.1230747531953966e-06,1.1555399623830453e-06,1.3434159029657167e-07,1.437052503661107e-07,1.3414117461252317e-07,1.4351337540574605e-07,8.381555866021628e-11,3.676668344776424e-11,4.299770761662103e-09,1.637680990818069e-09,4.38561409410454e-09,1.6749356346323907e-09
0.018840833217836916,0.0014603591549900985,0.000992166550510376,1.1230563318362451e-06,1.1555393699536504e-06,1.1230994232391822e-06,1.1555571290955413e-06,1.3437971801977255e-07,1.4372336920587259e-07,1.3417927391401463e-07,1.4353148003465321e-07,1.5826534527363378e-10,3.542924981170259e-11,5.304181094345495e-09,1.7297577814545662e-09,5.464592778281485e-09,1.765161017353023e-09
0.01884160010376945,0.0005646106641729043,0.0009316746510400655,1.1230718610449264e-06,1.1555541227409165e-06,1.12311499833595e-06,1.1555714265072807e-06,1.3440970292322163e-07,1.4370139828247547e-07,1.3420923039575428e-07,1.4350949492731588e-07,2.024894696361912e-10,2.2372318180873994e-11,4.746546711231758e-09,1.7616048272883766e-09,4.945361009589533e-09,1.7843011365563924e-09
0.018841601558960974,0.0005642186999861982,0.0009315598656520763,1.1230718744599335e-06,1.1555541507348203e-06,1.123115008866489e-06,1.1555714536370942e-06,1.34409665690245e-07,1.4370135659191874e-07,1.3420919313591403e-07,1.4350945320984465e-07,2.021614094457256e-10,2.2347542219525174e-11,4.7464805285076806e-09,1.7616652581153858e-09,4.9449783524405496e-09,1.7843374555681635e-09
0.01884236844489351,0.00035765357359211867,0.001173527670122354,1.1230789441687156e-06,1.1555702943549996e-06,1.1231205584604595e-06,1.1555873697943753e-06,1.3439004391156299e-07,1.4366996481385286e-07,1.3418955720010454e-07,1.4347804722092405e-07,2.9273689070360626e-11,4.732370745275105e-11,4.711602232918887e-09,1.7886473413497583e-09,4.743318034926241e-09,1.8358466968848575e-09
0.018842369900085032,0.00035726160940541263,0.0011738993953538206,1.1230789575837227e-06,1.1555703313652678e-06,1.1231205689909984e-06,1.155587407474672e-06,1.3439000667858636e-07,1.4366997452998648e-07,1.341895199402643e-07,1.4347805691014318e-07,2.8945628879895047e-11,4.726771995565258e-11,4.711536050194809e-09,1.7886297037328022e-09,4.742935377777258e-09,1.8357733952507347e-09
0.018843136786017567,0.0010785339936660865,0.0013697985923366574,1.1230899684982226e-06,1.155589835776593e-06,1.1231311418669065e-06,1.1556072649909765e-06,1.3436272183753317e-07,1.4367509493240505e-07,1.341622350992111e-07,1.4348316312862153e-07,2.632683238079636e-10,1.7762308984758945e-11,4.8324957369061394e-09,1.7793346795969e-09,5.093644173115308e-09,1.7971434340680048e-09
0.018843903671950102,0.0015588104354726795,0.0012384691128239922,1.123110193921642e-06,1.1556098382147067e-06,1.1231522876187228e-06,1.1556276149349287e-06,1.3436950041523232e-07,1.437090872968838e-07,1.3416901367691025e-07,1.4351714128224557e-07,4.8140297304044566e-11,5.4468294458098754e-11,4.152345578489758e-09,1.7921634176687462e-09,4.19978807286725e-09,1.8467495310758864e-09
0.018844670557882637,0.0012773807493360323,0.0009656935343862472,1.1231319442728583e-06,1.1556267416279783e-06,1.1231749112994294e-06,1.1556444405869115e-06,1.3440063639791333e-07,1.43720754408605e-07,1.3420013544873655e-07,1.435287657614026e-07,2.3120691472477972e-10,4.0320750210876e-11,4.766665284705596e-09,1.778351244041687e-09,5.000793112941437e-09,1.8184423966616237e-09
0.01884543744381517,0.0006668118950887703,0.0009191057264388292,1.1231468540127498e-06,1.155641195888366e-06,1.123189804275171e-06,1.155658537754789e-06,1.344217395171654e-07,1.436931000853292e-07,1.342212243571339e-07,1.435010830164174e-07,2.1540448591483852e-10,2.507772461912694e-11,4.571264256014729e-09,1.7517759465235372e-09,4.78401007697471e-09,1.7767867177553853e-09
0.018846202874556184,0.0003683232579696494,0.0011461909017569383,1.1231547772554222e-06,1.1556570043036515e-06,1.1231969665459474e-06,1.1556741128515569e-06,1.3441250246160052e-07,1.4366297307333298e-07,1.342119730907143e-07,1.4347092758271174e-07,7.254166017878205e-11,5.077574125045281e-11,4.645427154059689e-09,1.6726878770967346e-09,4.720249080492067e-09,1.7230460391814972e-09
0.01884696976048872,0.0008516810028567079,0.001343591550401868,1.1231641332964748e-06,1.1556760980950277e-06,1.1232053793719388e-06,1.1556934396139695e-06,1.3438094015327806e-07,1.4366671052812308e-07,1.3418041078239185e-07,1.434746366157924e-07,3.2204766631238613e-10,1.684236604349021e-11,4.900714944966467e-09,1.5983281365095081e-09,5.2228736890924665e-09,1.6150886184007618e-09
0.01884773519122973,0.0015441496948511713,0.0012602908693957193,1.1231824717211377e-06,1.1556960290115286e-06,1.1232242513870005e-06,1.1557137895579217e-06,1.3437579582387116e-07,1.4369939549396804e-07,1.3417525224213023e-07,1.4350730737078266e-07,3.896975797612612e-11,3.752318941674382e-11,4.9200798990511885e-09,1.6564152272025012e-09,4.95775065445514e-09,1.6942706126954477e-09
0.018848500621970743,0.001238763195075876,0.0010202212679359945,1.1232037729918928e-06,1.1557134847524804e-06,1.1232472161282203e-06,1.1557311836440931e-06,1.3441643886835664e-07,1.4371677536928473e-07,1.3421590949747042e-07,1.4352465882438992e-07,2.7264623891909423e-10,3.4946118915302193e-11,4.551828247656431e-09,1.6847846451284454e-09,4.824857402496718e-09,1.7198620305691747e-09
0.018849266052711755,0.00030055577996701555,0.0009583999689990463,1.12321555541253e-06,1.155728629727676e-06,1.1232586984988302e-06,1.155745962932997e-06,1.3443782620470301e-07,1.4369716438977775e-07,1.3423728262296208e-07,1.435050194231735e-07,1.7165922849837756e-10,1.6452571943714744e-11,4.610321902021042e-09,1.888638356817296e-09,4.7813419890019304e-09,1.906103719306884e-09
0.018850031483452767,0.00026216630162934074,0.0011551420314646066,1.1232198626603288e-06,1.1557448074278717e-06,1.1232613132960978e-06,1.1557619927771157e-06,1.3440512702800333e-07,1.4367189749009412e-07,1.342045834462624e-07,1.4347973831263516e-07,9.435494052745241e-11,3.458825240110208e-11,4.732404690344083e-09,2.0247752363644622e-09,4.827655608607984e-09,2.0592227922833217e-09
0.018850795459002256,0.0010795256732210878,0.0013098050480380152,1.1232301247531104e-06,1.155763639020867e-06,1.1232714121886691e-06,1.155781092165853e-06,1.3437854651581406e-07,1.4367677181326144e-07,1.341779745663974e-07,1.4348461263580248e-07,2.7972844889599455e-10,1.0968667814303945e-11,4.63032715507297e-09,1.838451280100628e-09,4.9093070875954504e-09,1.8483269359492738e-09
0.01885079691419378,0.0010810825482145958,0.0013095698244033555,1.1232301442999538e-06,1.15576367534416e-06,1.123271431424655e-06,1.1557811291952801e-06,1.3437849588626705e-07,1.4367682213322128e-07,1.3417792388281669e-07,1.4348466292869403e-07,2.80081541292887e-10,1.1002372283744211e-11,4.630132721672453e-09,1.8380431515432233e-09,4.909462614222093e-09,1.847954367095199e-09
0.018851559434551746,0.0014062963169834913,0.0011863126398417023,1.123249115802664e-06,1.155782708749689e-06,1.1232915156662265e-06,1.1558005326151033e-06,1.343950058136605e-07,1.43703189792177e-07,1.3419441962642375e-07,1.4351101640386332e-07,3.438149511124171e-11,2.866351427044389e-11,4.714381753550307e-09,1.624183787463096e-09,4.749460195288943e-09,1.6527282875600235e-09
0.01885156088974327,0.0014069169539467907,0.001185864869093423,1.1232491520078218e-06,1.1557827398485559e-06,1.1232915539949317e-06,1.1558005635223615e-06,1.3439503732115554e-07,1.4370320932534802e-07,1.3419445110685047e-07,1.435110359100175e-07,3.391260189333778e-11,2.8654221643705028e-11,4.714542534145494e-09,1.6242847685792561e-09,4.749154847161208e-09,1.6528203875251937e-09
0.018852324865292758,0.000949142827565197,0.0009507852262466976,1.123267151728484e-06,1.1557990667537215e-06,1.123310198636318e-06,1.1558167898328975e-06,1.3442327428947465e-07,1.437134642401361e-07,1.3422267386431486e-07,1.435212766409677e-07,2.4026980405267295e-10,2.377559260580142e-11,5.056298935102177e-09,1.67729985456333e-09,5.298312455437326e-09,1.7011728692395423e-09
0.018853087385650724,0.0004732855261180529,0.0009076680933519654,1.1232779911096232e-06,1.1558132378386266e-06,1.1233206379031236e-06,1.1558305459402618e-06,1.3442972791229597e-07,1.4369462064678373e-07,1.3422912748713618e-07,1.4350241883676063e-07,1.387543946407277e-10,9.258094291197949e-12,5.0590807302138986e-09,1.6399446245429772e-09,5.1955992363432525e-09,1.6489590803914211e-09
0.018853088840842247,0.0004723774014969706,0.0009080612143390358,1.123278011795465e-06,1.1558132672585932e-06,1.1233206578253885e-06,1.1558305749574737e-06,1.3442974022837006e-07,1.4369457847438059e-07,1.3422913980321027e-07,1.4350237666435748e-07,1.3856066294337666e-10,9.304161429397289e-12,5.059086038983196e-09,1.639831755886757e-09,5.195403218749561e-09,1.6488924458628384e-09
0.018853851361200213,0.0004300554946426465,0.0011140566115639405,1.1232848924141503e-06,1.1558286833210502e-06,1.1233267852211222e-06,1.1558457799765165e-06,1.3441748543690274e-07,1.4367248013513745e-07,1.3421687082795654e-07,1.4348027832511434e-07,1.0436926756703037e-10,3.344334184585129e-11,4.695466944360489e-09,1.5806885800273562e-09,4.800667999423543e-09,1.6139759528854825e-09
0.018853852816391736,0.0004299747276448329,0.0011145031864652414,1.123284905545102e-06,1.155828719156088e-06,1.1233267969146254e-06,1.1558458161397583e-06,1.3441746204989613e-07,1.4367248630670863e-07,1.3421684741388162e-07,1.4348028449668552e-07,1.0430401681249535e-10,3.3410164519224555e-11,4.694773014790599e-09,1.5806099140647233e-09,4.79991468793628e-09,1.6138642542985946e-09
0.018854615336749703,0.0009367112240994402,0.0013485084347468757,1.1232953268037135e-06,1.1558474967158944e-06,1.1233365739826695e-06,1.155864765678416e-06,1.343960178701309e-07,1.4367572021001251e-07,1.3419540323411638e-07,1.434835183999894e-07,2.5545937587523326e-10,1.6025245366813046e-11,5.144274783930314e-09,1.5393889496451152e-09,5.401354030709626e-09,1.5553341947693866e-09
0.01885537785710767,0.0015782970399484952,0.0013444710323859965,1.1233145042537313e-06,1.155868031232567e-06,1.1233562418055953e-06,1.1558856840565568e-06,1.3439553470107057e-07,1.4370603196312004e-07,1.3419492006505607e-07,1.4351381594224222e-07,3.119763822279076e-11,2.0589018337457965e-11,5.111225664933272e-09,1.6142440717459294e-09,5.13960740633479e-09,1.6354029241938406e-09
0.018856140377465636,0.001340094755461277,0.0011094429149380858,1.1233367541189971e-06,1.1558867428259825e-06,1.1233799570964903e-06,1.1559045560716186e-06,1.3443154733479223e-07,1.4373091516972636e-07,1.342309043312049e-07,1.4353868493799382e-07,2.2086086511911918e-10,3.801700620975623e-11,4.477436022789388e-09,1.7313349642833487e-09,4.698898989273305e-09,1.7696427656588298e-09
0.01885614183265716,0.001339640170948897,0.0011091351031232498,1.123336796580572e-06,1.1558867727678933e-06,1.1233800023546792e-06,1.1559045853611664e-06,1.3443161606119247e-07,1.4373089312120558e-07,1.3423097300346853e-07,1.4353866288947305e-07,2.2122281784220377e-10,3.7963984469476525e-11,4.476226500571556e-09,1.7314605144049625e-09,4.6980579426758595e-09,1.7697146773890053e-09
0.018856902897823602,0.00044253409208503346,0.0009481495239640481,1.1233503470334816e-06,1.155902432387213e-06,1.123393505270174e-06,1.155919903794711e-06,1.3445059389830597e-07,1.437193617448429e-07,1.3424993665684727e-07,1.4352713151311036e-07,1.4803014783001838e-10,1.023361430319003e-11,4.8860615273861986e-09,1.7971232280089566e-09,5.034614920043666e-09,1.8073245122707249e-09
0.018856904353015125,0.0004408187840948541,0.000948337760780761,1.1233503729425695e-06,1.1559024614146008e-06,1.123393531088368e-06,1.1559199324881384e-06,1.344506301848014e-07,1.4371930631435798e-07,1.3424997291622276e-07,1.4352707608262544e-07,1.4789020008620923e-10,1.0255288090874945e-11,4.8868451507644295e-09,1.7970088194201291e-09,5.035258432428691e-09,1.8072316439190927e-09
0.018857663962990046,0.0003126863911782482,0.001046597379104952,1.1233560947784706e-06,1.155917613711051e-06,1.1233976159890457e-06,1.1559349104572902e-06,1.344222628189837e-07,1.436903716012239e-07,1.3422159136672211e-07,1.4349814136949135e-07,6.905782375198202e-11,2.1569005262400687e-11,4.927712330385683e-09,1.7372875360521789e-09,4.996592826338948e-09,1.758754364367121e-09
0.01885766541818157,0.00031244092682400186,0.0010469067060191056,1.123356105739842e-06,1.1559176465297243e-06,1.123397623814526e-06,1.1559349434351516e-06,1.34422208475371e-07,1.4369036633995325e-07,1.3422153699593764e-07,1.434981361082207e-07,6.89068038739471e-11,2.1555756563454027e-11,4.927790620001815e-09,1.7374755643982527e-09,4.9965187542966305e-09,1.7589304648075427e-09
0.018858426483348012,0.0010473194230389282,0.0012086846821214303,1.1233664544022119e-06,1.1559348106958974e-06,1.1234076282562455e-06,1.155952190856624e-06,1.3439746737731184e-07,1.4368761469540914e-07,1.3419679589787847e-07,1.434953844636766e-07,2.1092332047611961e-10,1.462668701435188e-11,4.837531264456629e-09,1.8358143893948409e-09,5.0485344793571585e-09,1.8510309951480508e-09
0.018859187548514456,0.0014006023025570089,0.0011914881570680436,1.1233850898227097e-06,1.1559530775753109e-06,1.1234273720150362e-06,1.1559707218111726e-06,1.3441027528980323e-07,1.437129100168022e-07,1.3420960381036987e-07,1.4352066557421495e-07,5.546777987354391e-11,1.8607962393168975e-11,4.667723148626829e-09,1.9092065706161065e-09,4.7209083792315035e-09,1.9277812679519e-09
0.01885918900370598,0.0014012777956344813,0.0011912267650667598,1.123385125454489e-06,1.1559531102628167e-06,1.123427409766009e-06,1.1559707544173402e-06,1.3441029977911967e-07,1.437129443347936e-07,1.342096282996863e-07,1.4352069989220635e-07,5.517054174619673e-11,1.861057470761277e-11,4.667398467717021e-09,1.9092060140186362e-09,4.720281943093596e-09,1.9277835406187648e-09
0.0188599486136809,0.0010169438016195131,0.0010547801403966162,1.1234034945069574e-06,1.1559701731408677e-06,1.1234463954679086e-06,1.1559877748368308e-06,1.34433037146664e-07,1.437308583263075e-07,1.3423236566723062e-07,1.4353861388372025e-07,1.4435277972957294e-10,1.9974202847272693e-11,4.1668952732720754e-09,1.90891547013905e-09,4.312052048760506e-09,1.928969872722064e-09
0.018860711134038866,0.0005529539101019054,0.0010233324235144892,1.1234154652966085e-06,1.155986019172229e-06,1.1234579915253562e-06,1.1560033499335987e-06,1.3444076785162906e-07,1.4372035650467296e-07,1.3424008216134098e-07,1.43528097851231e-07,1.4343665144522788e-10,2.2354311110528435e-11,4.90292739740994e-09,1.901569568474315e-09,5.0482351632297195e-09,1.923753156773955e-09
0.018861470744013786,0.00048814939568586624,0.0011636662207600735,1.1234233736211685e-06,1.1560026338742078e-06,1.1234652674829704e-06,1.1560199164752362e-06,1.344315592177736e-07,1.4370102414486818e-07,1.342308593166308e-07,1.4350876549142621e-07,4.371556241999919e-11,3.392112356817902e-11,4.508385664792058e-09,1.8918357944580622e-09,4.548144527660725e-09,1.926223777040643e-09
0.01886147219920531,0.0004887847580749805,0.0011639350594521147,1.1234233926637075e-06,1.1560026657031388e-06,1.1234652859597987e-06,1.156019948211906e-06,1.3443153479031972e-07,1.4370098710969614e-07,1.3423083488917693e-07,1.4350872845625418e-07,4.389883271797015e-11,3.3943282212733905e-11,4.507639899753212e-09,1.8918171473814027e-09,4.547595674155059e-09,1.9262285100296594e-09
0.01886223180918023,0.0008204439251926487,0.0012500866293898576,1.1234333328691042e-06,1.1560210041063543e-06,1.1234749308641767e-06,1.1560385572038823e-06,1.3441878365938464e-07,1.4370866048214983e-07,1.3421808375824185e-07,1.4351638764502496e-07,1.395659282588113e-10,2.401691171995116e-11,4.1183505494757355e-09,2.124351093590669e-09,4.261094144197841e-09,2.149031563283264e-09
0.018862233264371753,0.0008211456550119399,0.0012502516707115774,1.1234333620775749e-06,1.156021039237395e-06,1.1234749607015268e-06,1.1560385928532924e-06,1.3441878654511377e-07,1.4370867518209707e-07,1.3421808664397097e-07,1.4351640231780038e-07,1.3937257444484898e-10,2.3997895684524373e-11,4.120354034125097e-09,2.124796560920572e-09,4.262898013299612e-09,2.1494583890557806e-09
0.01886299141915515,0.0011867468908626222,0.0010945021032634135,1.1234485796907586e-06,1.1560388138338367e-06,1.1234905059609446e-06,1.1560566344317406e-06,1.3442029000998446e-07,1.4373585101881639e-07,1.3421959010884166e-07,1.435435781545197e-07,3.86352373704657e-11,5.009442769802248e-11,5.164169536442387e-09,2.098577676045542e-09,5.202713815322113e-09,2.148234164417557e-09
0.018862992874346673,0.001186650715844761,0.0010942031597558355,1.1234486134976843e-06,1.1560388479501446e-06,1.1234905409582311e-06,1.15605666906049e-06,1.344203291917292e-07,1.437359031797314e-07,1.342196292634146e-07,1.435436303154347e-07,3.875901355230211e-11,5.0144517010908274e-11,5.162349337893459e-09,2.0985273518903114e-09,5.201012839866448e-09,2.1482318146581747e-09
0.018863752484321594,0.0011364473565212974,0.0008887715401044716,1.1234662607129243e-06,1.1560539108237649e-06,1.1235088095418178e-06,1.1560715620362316e-06,1.3444078206248378e-07,1.4374350598700403e-07,1.3424006795048626e-07,1.4355120470099791e-07,1.0337018047090751e-10,3.444436402766371e-11,4.212205695353077e-09,2.0352326490780115e-09,4.313103652009431e-09,2.069591831244111e-09
0.018864510639104992,0.0006609039868797906,0.0009194967418508985,1.1234798874181087e-06,1.1560676207433518e-06,1.1235226793360198e-06,1.1560848379147126e-06,1.3445757929275715e-07,1.437243155344564e-07,1.3425687939161435e-07,1.435319858811886e-07,9.16528727912258e-11,3.73704062121269e-11,4.757800375898569e-09,1.978386207943414e-09,4.8535424568285634e-09,2.0153053138597163e-09
0.018864512094296515,0.0006604885599147686,0.0009195557153667266,1.1234799034973216e-06,1.1560676470579767e-06,1.1235226939280086e-06,1.156084863396245e-06,1.344575604538463e-07,1.4372427870057436e-07,1.3425686052547963e-07,1.4353194899285882e-07,9.157437446030607e-11,3.737602241593585e-11,4.757978072836193e-09,1.9782770976917163e-09,4.853626701062119e-09,2.0152011170893047e-09
0.018865270249079913,0.00044405111113832163,0.0011536448895391768,1.1234882807672517e-06,1.156083368533978e-06,1.1235302963541471e-06,1.1561005221247095e-06,1.3444774538129423e-07,1.4370952772448455e-07,1.342470312692967e-07,1.4351718383313814e-07,5.0676744051125766e-11,5.1749175805797164e-11,4.850558177338371e-09,1.7827424491934213e-09,4.897517946744756e-09,1.8338925395295548e-09
0.018865271704271436,0.00044491420330212923,0.0011540941969752083,1.123488300246974e-06,1.1560833987095559e-06,1.1235303146485807e-06,1.1561005521798506e-06,1.3444770650562272e-07,1.4370949941167055e-07,1.342469923936252e-07,1.435171554931003e-07,5.0819895074036545e-11,5.177676343226523e-11,4.8498832434109774e-09,1.7823671427663612e-09,4.897000929919491e-09,1.8335445384209947e-09
0.018866029859054834,0.0008945852206458937,0.0013154065428224726,1.123498449182356e-06,1.1561021213475406e-06,1.1235398460485158e-06,1.1561195378817501e-06,1.3442745228076092e-07,1.437241223811725e-07,1.342267381687634e-07,1.4353176425174752e-07,1.254015780105533e-10,2.5771483905256964e-11,4.498242667239083e-09,1.8375138077786346e-09,4.627635163956256e-09,1.8641064247759687e-09
0.01886678801383823,0.0012955384879020926,0.001227187975388233,1.1235150537100146e-06,1.1561213981495027e-06,1.1235572401346872e-06,1.1561390920178383e-06,1.3443366242427146e-07,1.4375618206941e-07,1.3423293410141923e-07,1.4356379551827558e-07,3.759813294035297e-11,4.0810379381417405e-11,5.7913616124949385e-09,2.000947851854562e-09,5.829395632872547e-09,2.041761426596622e-09
0.018867547623813152,0.001027764876884163,0.0010317895063209903,1.1235327017541211e-06,1.156138557567785e-06,1.1235755437155603e-06,1.1561562587303342e-06,1.3445948354728898e-07,1.4377127399711753e-07,1.3425874101358204e-07,1.435788590242737e-07,9.471928796855877e-11,3.26288371321759e-11,4.779041162805697e-09,1.8779067190166643e-09,4.870265080114677e-09,1.9100416803752296e-09
0.018868304323405027,0.0006384549687368235,0.0010107899463580015,1.1235453100328926e-06,1.1561540134525835e-06,1.1235877082071966e-06,1.1561713500579672e-06,1.3446467050926003e-07,1.4375371472680763e-07,1.342639279755531e-07,1.4356128557038518e-07,9.318650018297348e-11,2.308250960544755e-11,5.0336157464414555e-09,1.8176792551389467e-09,5.130537772402022e-09,1.8404755488890485e-09
0.01886830577859655,0.0006384603420181835,0.0010107495625888419,1.1235453286551156e-06,1.1561540431754388e-06,1.1235877261003265e-06,1.1561713790797512e-06,1.3446465299799567e-07,1.437536809589801e-07,1.3426391043701263e-07,1.4356125177528156e-07,9.307847977120689e-11,2.3064151283280765e-11,5.033909830669528e-09,1.817563433093028e-09,5.130709395407869e-09,1.8403417678669598e-09
0.018869062478188425,0.0006412544483254123,0.0011992227510653208,1.1235550122110516e-06,1.1561707660269169e-06,1.1235970305278897e-06,1.1561879773580586e-06,1.3445554714053287e-07,1.437336578646864e-07,1.342547903959712e-07,1.435412002592784e-07,3.6907865652580085e-11,3.6390914587292045e-11,5.186833629267085e-09,1.6864003526961824e-09,5.2199533584484925e-09,1.7224921489145117e-09
0.018869820632971823,0.0008255008409037146,0.0013264365967253777,1.1235661324864376e-06,1.1561899144340744e-06,1.1236080581511487e-06,1.156207417807309e-06,1.3445340130147088e-07,1.437485366295732e-07,1.342526303460545e-07,1.4355607902416523e-07,8.861118089287245e-11,2.1732475194435885e-11,4.628506022896772e-09,1.6804293512251434e-09,4.7200257036195126e-09,1.7020435061354533e-09
0.0188705773325637,0.001049240184618938,0.0012120277254368261,1.1235803186441265e-06,1.1562091229832402e-06,1.123622269005864e-06,1.1562268582565594e-06,1.3445169599890505e-07,1.4377921786490333e-07,1.3425091083263396e-07,1.4358673183778592e-07,3.3221071726874385e-11,3.204568901904459e-11,5.565764293891107e-09,1.5275547493587283e-09,5.597715624361399e-09,1.5588259572041352e-09
0.018871334032155573,0.0011519957656780586,0.0010580453367748932,1.1235969753875786e-06,1.1562263006168373e-06,1.1236393220315222e-06,1.1562439112822176e-06,1.344603504094266e-07,1.4378196055986336e-07,1.3425956524315552e-07,1.4358947453274595e-07,4.501516520649673e-11,1.7016141967696186e-11,4.04953359733895e-09,1.4468612974383177e-09,4.0907255360878025e-09,1.464213861268604e-09
0.01887209073174745,0.0008770642338919998,0.001106451598494207,1.1236123292763143e-06,1.1562426793563126e-06,1.1236550108151278e-06,1.1562599411263363e-06,1.344753854937153e-07,1.437580579022324e-07,1.3427457190573477e-07,1.4356555766426027e-07,7.367070842256851e-11,2.077943372924551e-11,5.102807953960564e-09,1.6334776864468381e-09,5.184562112958702e-09,1.6548264980542626e-09
0.0188728459761478,0.0006124821947324222,0.0012377705747173289,1.123623578992307e-06,1.1562603858739502e-06,1.123665924751549e-06,1.1562777556351787e-06,1.3447348123918346e-07,1.437488386102359e-07,1.342726250186388e-07,1.4355632418873763e-07,3.037658319327008e-11,1.1845924548439588e-11,5.667923019814225e-09,1.622962263939739e-09,5.6925877345292974e-09,1.6342895278529048e-09
0.018872847431339324,0.0006127634765268051,0.0012380235977929033,1.123623598946343e-06,1.1562604199905546e-06,1.1236659437722314e-06,1.1562777899598586e-06,1.344734624644581e-07,1.4374882084666751e-07,1.3427260621658487e-07,1.4355630639784067e-07,3.0400224591937865e-11,1.182871162130894e-11,5.665584457991403e-09,1.6229420030100528e-09,5.69028696213618e-09,1.6342499575827674e-09
0.018873602675739676,0.0007587487278115645,0.0011921813959858696,1.1236339550911015e-06,1.1562787739776872e-06,1.1236758155064308e-06,1.156296434601245e-06,1.344637183819941e-07,1.4377194190728915e-07,1.3426284795059473e-07,1.435794132476076e-07,4.267011050052005e-11,2.0771363795635267e-11,4.451870871946539e-09,1.557991513578827e-09,4.496186090108267e-09,1.5790025953421605e-09
0.01887435937533155,0.0009978360796356611,0.0010249048001469419,1.1236472471611704e-06,1.1562955506598848e-06,1.123689230553282e-06,1.15631314656639e-06,1.3446302205011307e-07,1.4378851176388707e-07,1.3426213740785897e-07,1.435959688933508e-07,5.3345650813385603e-11,1.51915945101333e-11,5.249366274995282e-09,1.6768159083468959e-09,5.301668881685373e-09,1.6925587598137781e-09
0.018875114619731903,0.0010493334661418885,0.0010207999290747227,1.1236627082945305e-06,1.1563110007303e-06,1.1237049193368875e-06,1.156328266915807e-06,1.344690332416576e-07,1.4377047818925348e-07,1.342681485994035e-07,1.435779353187172e-07,2.1743912226313e-11,1.3007472703108203e-11,4.228818628604358e-09,1.9111667803883847e-09,4.249286256197138e-09,1.9250492311329026e-09
0.018875868408940732,0.0009694696946098702,0.0012008138823937859,1.1236779258149037e-06,1.1563277496350206e-06,1.12372026705998e-06,1.156344946680634e-06,1.344748312703814e-07,1.4375066387678482e-07,1.342739466281273e-07,1.4355812100624855e-07,4.467335529279026e-11,1.7624540466732454e-11,5.310351713916361e-09,1.892381212981454e-09,5.359883203936988e-09,1.9088310940448417e-09
0.018875869864132255,0.0009690873721862099,0.0012011613996781856,1.1236779511427167e-06,1.1563277819688136e-06,1.1237202926888047e-06,1.1563449788809521e-06,1.3447484389312518e-07,1.4375062562521634e-07,1.3427395919610865e-07,1.4355808275468007e-07,4.467404245720255e-11,1.7633453724963388e-11,5.309404342426605e-09,1.8923449474073095e-09,5.358913090630239e-09,1.908799784899884e-09
0.018876623653341085,0.0007710443567301439,0.0012656459219039257,1.1236910709498138e-06,1.1563463774345796e-06,1.1237335684199934e-06,1.1563639280015377e-06,1.344813824744051e-07,1.437635042191473e-07,1.3428046941044158e-07,1.4357094716513755e-07,4.502999362276938e-11,7.803440038627007e-12,4.818665910732989e-09,1.4762822820335843e-09,4.8563943977342205e-09,1.4828751731135826e-09
0.018876625108532608,0.0007707589565273666,0.00126577040939857,1.123691091234689e-06,1.1563464133331622e-06,1.123733588134474e-06,1.1563639645828516e-06,1.3448138967566675e-07,1.4376352908129775e-07,1.3428047655694077e-07,1.4357097199990676e-07,4.4983796987352735e-11,7.784463178228673e-12,4.816993828435918e-09,1.4754790722548705e-09,4.854699318632518e-09,1.482052924828281e-09
0.018877378897741437,0.0006229216514886948,0.0010850801002391108,1.1237015988000336e-06,1.1563641337906196e-06,1.1237438002353883e-06,1.1563819271032116e-06,1.344851199291952e-07,1.437886396615795e-07,1.3428417844352225e-07,1.4359608258018852e-07,2.1053939841531033e-11,3.030918918622838e-11,3.950855198553427e-09,1.4318056740236784e-09,3.976648343950728e-09,1.463058563189179e-09
0.018878132686950266,0.0008379881265221378,0.0009104525958960608,1.123712610980291e-06,1.1563791759007416e-06,1.1237542594244587e-06,1.1563967063921154e-06,1.3447710500713583e-07,1.437860959185855e-07,1.3427616352146288e-07,1.435935388371945e-07,5.4061099347135766e-11,9.17424643198661e-12,5.759811738670351e-09,1.7392955964368184e-09,5.815131487452163e-09,1.7491833537164325e-09
0.01887888793135062,0.0012050472034967896,0.0009770679359988321,1.1237280408902183e-06,1.1563934312938642e-06,1.1237699482080643e-06,1.1564106898731552e-06,1.3447535707200586e-07,1.4375832790847198e-07,1.342744155863329e-07,1.4356575661622628e-07,3.287422417619368e-11,2.0988598012361415e-11,4.068347880803458e-09,1.8113172073341843e-09,4.094100614082663e-09,1.8323507156026153e-09
0.018879640265367925,0.0012059085120199597,0.0011819105842505314,1.1237461793302082e-06,1.1564096770045512e-06,1.1237885928494507e-06,1.1564269157063592e-06,1.3448942581817391e-07,1.4374350623391077e-07,1.3428848433250096e-07,1.4355092075824443e-07,3.578615528909701e-11,2.2873943743514957e-11,4.674561182582693e-09,1.8213433344099e-09,4.7203991826449965e-09,1.8442022932369542e-09
0.018879641720559448,0.0012053053464353377,0.0011823067982703606,1.123746209880168e-06,1.1564097084275893e-06,1.1237886237950957e-06,1.1564269470909494e-06,1.344894443087455e-07,1.437434775652946e-07,1.3428850282307254e-07,1.4355089206219418e-07,3.588244509410888e-11,2.287759044705684e-11,4.6771425917146184e-09,1.8213627273055977e-09,4.723047861861749e-09,1.8442252169847961e-09
0.018880394054576755,0.000893468739185721,0.0012471098484443388,1.1237620042093804e-06,1.1564279857554446e-06,1.1238046226935694e-06,1.156445478045498e-06,1.3449900393425196e-07,1.4376065848864528e-07,1.34298062448579e-07,1.4356807298554486e-07,8.566427428524648e-11,1.6925448889648642e-11,6.011731112920415e-09,1.750074751782904e-09,6.092415016922814e-09,1.7665953144785362e-09
0.018881147843785584,0.0006549866246283731,0.0010991541605989141,1.1237736762988162e-06,1.1564456716403555e-06,1.1238159913773416e-06,1.1564633268790203e-06,1.3449977132040658e-07,1.4378447588114796e-07,1.342988014130242e-07,1.435918619563381e-07,2.778160687610942e-11,3.4715768454374185e-11,4.051731394838498e-09,1.704869689866939e-09,4.0780401278084355e-09,1.7397082663350716e-09
0.01888190017780289,0.0006916984271407856,0.0009687495733388118,1.1237838078685666e-06,1.156461229183591e-06,1.123825654758548e-06,1.1564787882889505e-06,1.3449280800159613e-07,1.437833958561896e-07,1.3429183809421374e-07,1.4359075350967032e-07,7.376273203352213e-11,2.3535048909728573e-11,5.618177034705241e-09,1.6854502238317082e-09,5.697836424900515e-09,1.7087279369221164e-09
0.018882652511820197,0.0010843659559294228,0.0010447789256033957,1.1237971698050897e-06,1.1564763776434365e-06,1.1238387287448859e-06,1.156493681264692e-06,1.3448045876884862e-07,1.4376055901266227e-07,1.3427947465061152e-07,1.4356790245528828e-07,1.0517121201703006e-10,3.9338376306430334e-11,4.909007866871207e-09,1.7514253380923606e-09,5.006731473855552e-09,1.7916546024565605e-09
0.018883404845837504,0.0014594675470541718,0.0012200957927461786,1.1238163079298763e-06,1.1564934170663921e-06,1.1238583965678117e-06,1.1565107342903502e-06,1.3448335778321052e-07,1.4374653289905837e-07,1.342823594541187e-07,1.4355384791997494e-07,3.104349069471546e-11,4.4167225432545365e-11,4.4681311983651995e-09,1.9308199483702992e-09,4.504034034624738e-09,1.975043906199403e-09
0.01888415717985481,0.0011894742241777647,0.001249225511067209,1.123836232891e-06,1.1565119946105574e-06,1.123879161095618e-06,1.156529606305412e-06,1.3450671787699264e-07,1.4375903845120774e-07,1.3430570536448018e-07,1.435663250504149e-07,1.6336457969985935e-10,4.489388374939729e-11,5.138770308462003e-09,1.8217641839513021e-09,5.299227512399318e-09,1.8661827638766226e-09
0.018884158635046333,0.0011889519933791642,0.0012488785726169004,1.1238362714305766e-06,1.1565120283576688e-06,1.1238792012591148e-06,1.1565296403894736e-06,1.3450676306092646e-07,1.4375907877485158e-07,1.3430575052097993e-07,1.4356636534657158e-07,1.6362051991070103e-10,4.493822769039229e-11,5.140067482756194e-09,1.8216023890239646e-09,5.300765604232538e-09,1.8660659922509417e-09
0.018884908058680594,0.0005415971553169655,0.0010702052707079535,1.1238492405748995e-06,1.1565294081200892e-06,1.123892161558615e-06,1.1565471936811973e-06,1.345211018133341e-07,1.437798454514311e-07,1.3432010348424228e-07,1.4358711786727068e-07,1.4757163546708085e-10,6.777535730281477e-11,3.913566359869947e-09,1.7382780014450966e-09,4.0596352945954095e-09,1.8059286050253538e-09
0.018884909513872117,0.0005413200209669721,0.001069858332257645,1.1238492542524754e-06,1.1565294418672006e-06,1.1238921732131652e-06,1.1565472277652589e-06,1.3452107693746655e-07,1.4377988577507494e-07,1.3432007855340045e-07,1.4358715816342738e-07,1.473934995049961e-10,6.781970124380976e-11,3.914820517619016e-09,1.7381162065177591e-09,4.060718970190403e-09,1.8058118333996731e-09
0.0188856603926979,0.0003983186963703589,0.0009122435471691226,1.1238563118815857e-06,1.1565443250505188e-06,1.1238981869610143e-06,1.156561893367325e-06,1.3450824098981684e-07,1.437790047020826e-07,1.343072142390156e-07,1.435862486687256e-07,5.5475343069266714e-11,4.506335582465937e-11,4.561965916138888e-09,1.7061583257316215e-09,4.619895577206989e-09,1.7511982974838247e-09
0.018886411271523684,0.0008712105304202744,0.0010034430308536457,1.1238658445077369e-06,1.1565587095354016e-06,1.123907281908032e-06,1.1565758768483647e-06,1.3448870106458344e-07,1.4375520152043464e-07,1.3428766010292748e-07,1.4356244548707764e-07,2.2834656387971108e-10,5.68530673927814e-11,4.372458395351941e-09,1.846280905937192e-09,4.599702396745897e-09,1.904077784331548e-09
0.018887162150349468,0.001322817609924698,0.001253422569909901,1.1238823190004744e-06,1.156575655861324e-06,1.1239242212468525e-06,1.1565928161871852e-06,1.3448742208765907e-07,1.437398253756328e-07,1.342863811260031e-07,1.4354704092056636e-07,7.629775283790607e-11,5.7100092015760495e-11,4.945523546240338e-09,2.011604216534124e-09,5.024852978152694e-09,2.068715199143867e-09
0.01888791302917525,0.0012815174900993043,0.0013364933621460295,1.123901874401293e-06,1.1565951029916635e-06,1.1239445711908047e-06,1.1566127113837865e-06,1.3450416247451358e-07,1.4375903845120774e-07,1.3430309309114818e-07,1.435662539961413e-07,1.2633805113182461e-10,3.833476244774481e-11,5.005687420123195e-09,1.94854421486923e-09,5.129752622679007e-09,1.986586006808011e-09
0.018888662452809513,0.0007682327029541157,0.00111704493596676,1.1239172282444065e-06,1.1566134903875452e-06,1.1239602295697908e-06,1.1566313560251729e-06,1.34520969701958e-07,1.4379108392859052e-07,1.343199003185926e-07,1.4359827105181466e-07,2.0401470325238483e-10,7.322929068687145e-11,4.734715200439133e-09,1.906966140552413e-09,4.940834422043739e-09,1.9803876316615288e-09
0.018888663908001035,0.0007672360334645134,0.0011165608112091957,1.123917258057694e-06,1.1566135192626413e-06,1.1239602599744103e-06,1.1566313844468823e-06,1.345210023373511e-07,1.4379108775670836e-07,1.343199329539857e-07,1.435982748523921e-07,2.0416553170310436e-10,7.316661092535041e-11,4.734189040789261e-09,1.9070420350541213e-09,4.940467590586195e-09,1.9803997696696124e-09
0.018889413331635296,0.00037930457806822915,0.0008672365610635779,1.1239258505040133e-06,1.1566283899371503e-06,1.123968104366213e-06,1.156646021627239e-06,1.3451797542529675e-07,1.4379305923739594e-07,1.3431687762022193e-07,1.4360023214976536e-07,5.0598688433600714e-11,4.088653374201279e-11,5.1186974658889994e-09,1.946127703433831e-09,5.166355343533269e-09,1.986650843832649e-09
0.018890162755269557,0.0006841974620818776,0.0009254367214239778,1.1239338250764286e-06,1.1566418246544144e-06,1.1239752527566198e-06,1.1566589819267392e-06,1.3449597710481888e-07,1.4375940793343034e-07,1.3429486511642975e-07,1.4356656663494505e-07,1.6373710633871275e-10,4.4986223080023535e-11,4.0767650469923095e-09,1.7737465940470543e-09,4.241001790060783e-09,1.8182672034683378e-09
0.01889016421046108,0.0006847894870993798,0.0009260014058771201,1.1239338405610351e-06,1.1566418558200467e-06,1.1239752666369895e-06,1.15665901305265e-06,1.3449593438963348e-07,1.4375936560439902e-07,1.3429482237370394e-07,1.4356652430591373e-07,1.6395679258707219e-10,4.499876304908668e-11,4.074741877246879e-09,1.7737375135005992e-09,4.2392049870443316e-09,1.8182719795831166e-09
0.018890912178903818,0.001292159966677646,0.0012162492147922421,1.123948636357482e-06,1.1566578749549921e-06,1.1239902441604182e-06,1.156675011770858e-06,1.3448446013162802e-07,1.4373760848229722e-07,1.3428334811569848e-07,1.4354476718381193e-07,1.0984306792078548e-10,5.1444307147541224e-11,5.4770896297315865e-09,1.7690701126227282e-09,5.591600624592716e-09,1.8207269025793948e-09
0.01889091363409534,0.0012933416213071758,0.001216489707759608,1.1239486651430782e-06,1.1566579121548142e-06,1.1239902732995688e-06,1.1566750497400543e-06,1.3448443780816888e-07,1.4373765677160936e-07,1.3428332579223934e-07,1.4354481547312407e-07,1.0973778830081216e-10,5.139494453672464e-11,5.479817932751985e-09,1.7690916533207561e-09,5.594231744510125e-09,1.8206982583942049e-09
0.01889166160253808,0.0013363954940303069,0.0013401030929856006,1.123968334746828e-06,1.1566770328633616e-06,1.1240109643040341e-06,1.156694565906946e-06,1.3450348035348725e-07,1.4376247747804882e-07,1.343023683375577e-07,1.4356963617956353e-07,6.176002070867881e-11,2.602256257699942e-11,5.205701647525984e-09,1.7801635721070852e-09,5.262382973825197e-09,1.8059751472065955e-09
0.018892409570980817,0.0007700251083937401,0.0011627891849457228,1.1239840818664316e-06,1.1566957537077562e-06,1.1240270764883286e-06,1.1567135516088456e-06,1.345280457612319e-07,1.4379941148945363e-07,1.3432691956204155e-07,1.4360655598011363e-07,2.0150887384015036e-10,5.506744366057248e-11,4.6990361237502955e-09,1.7519266037879788e-09,4.903913023661536e-09,1.8071518725903957e-09
0.01889241102617234,0.0007689232204839413,0.0011624629235395334,1.123984112502851e-06,1.1566957851042953e-06,1.1240271078349906e-06,1.1567135825140054e-06,1.3452809355385398e-07,1.4379941441440626e-07,1.3432696732706972e-07,1.4360655887747235e-07,2.0178075876842172e-10,5.5024367296899e-11,4.698050393159292e-09,1.751940154329466e-09,4.903215611307132e-09,1.8071214783487953e-09
0.018893158994615078,0.00037737909059387675,0.000994764560758199,1.1239926864823962e-06,1.1567119229254484e-06,1.1240349522267934e-06,1.1567294677661266e-06,1.3452860514462373e-07,1.4380091784005344e-07,1.3432746470698476e-07,1.4360804811985872e-07,2.973716758947198e-11,3.2883116368731535e-11,5.306018735495854e-09,1.7589051326538652e-09,5.332257746459845e-09,1.7914988381662056e-09
0.018893906963057816,0.0006705297490427521,0.001093121884878201,1.1240005287757288e-06,1.156727539657182e-06,1.1240419871241614e-06,1.1567447018023813e-06,1.3450656435730548e-07,1.4377438617430016e-07,1.343054097364057e-07,1.4358150224325072e-07,1.706091403737785e-10,4.7003088921027114e-11,3.804665174066229e-09,1.6606354069637064e-09,3.974588152019975e-09,1.7073555902413773e-09
0.01889390841824934,0.0006711000810630807,0.0010935415492441033,1.1240005440331088e-06,1.156727574610173e-06,1.1240420008107321e-06,1.1567447369700996e-06,1.345065214763963e-07,1.437743675121855e-07,1.3430536682790262e-07,1.435814835534885e-07,1.708832103597402e-10,4.6993302495412134e-11,3.801744252740491e-09,1.6605318886025081e-09,3.971946771486046e-09,1.7072429235560575e-09
0.018894654931500554,0.0012654438816284141,0.001308829368952047,1.124015000590406e-06,1.1567455054945708e-06,1.1240565527259605e-06,1.156762778009579e-06,1.34492864845015e-07,1.437647938473674e-07,1.342916959856666e-07,1.4357189570546325e-07,1.1495084051293958e-10,4.197286615492679e-11,5.48824363733047e-09,1.6074269693078236e-09,5.609987141497186e-09,1.6494449139869971e-09
0.018895402899943292,0.001399487203116223,0.0013229615674390516,1.1240349334339406e-06,1.1567651904602538e-06,1.1240774711041013e-06,1.156782786893018e-06,1.3451079894366558e-07,1.437918939473093e-07,1.343096442951719e-07,1.4359899580540514e-07,6.525348317243385e-11,4.9377626987201495e-11,5.131111979750358e-09,1.7167371968440648e-09,5.188877327810815e-09,1.7666313967268366e-09
0.018896149413194507,0.0008383734130867429,0.001106770141412028,1.124051631194704e-06,1.1567833287294294e-06,1.124094717883981e-06,1.1568010904738912e-06,1.3454042766337672e-07,1.438190082581059e-07,1.3433927301488304e-07,1.4362609590534703e-07,2.1915513140725003e-10,6.41752553875996e-11,4.607947098683924e-09,1.751210843004003e-09,4.834295376461545e-09,1.8152939151860892e-09
0.01889615086838603,0.0008372796240223579,0.001106540619812446,1.1240516637439453e-06,1.1567833592239307e-06,1.124094751503435e-06,1.1568011203332748e-06,1.3454048541916563e-07,1.438189857806256e-07,1.3433933077067195e-07,1.4362607342786672e-07,2.194551346201834e-10,6.413933999674803e-11,4.606927284100948e-09,1.7512196066380065e-09,4.833604183573925e-09,1.8152671624831396e-09
0.018896897381637245,0.0003484794606940511,0.000988796039226969,1.1240605155926401e-06,1.1567990029031572e-06,1.1241028232689132e-06,1.1568164381969837e-06,1.345403575214732e-07,1.4380745483322244e-07,1.343391886621248e-07,1.4361454248046357e-07,1.6708572025958546e-11,4.571474448988866e-11,6.315961975644768e-09,1.7557153508818146e-09,6.3294613994457904e-09,1.8015430258699894e-09
0.01889764389488846,0.0007172844374533822,0.0011422160939744685,1.1240684770281853e-06,1.1568149111911165e-06,1.1241097446739966e-06,1.1568321269805892e-06,1.3450939558029108e-07,1.4377896206951846e-07,1.343081983545284e-07,1.4358603550590487e-07,1.924020601157715e-10,6.873823038544558e-11,3.8591960332114145e-09,1.8153497594042278e-09,4.046632104198949e-09,1.8844277249741026e-09
0.018897645350079983,0.0007180033555367338,0.0011425555449681014,1.1240684925475528e-06,1.1568149469729663e-06,1.1241097581660142e-06,1.15683216303303e-06,1.345093352256299e-07,1.437789638389634e-07,1.3430813794457208e-07,1.4358603724770224e-07,1.927445425486951e-10,6.86897343682025e-11,3.8544070157797705e-09,1.8154627353968183e-09,4.042182144559092e-09,1.884491364945044e-09
0.0188983918633312,0.0013953938570712143,0.0013166939047017934,1.1240842693377956e-06,1.156833303061942e-06,1.1241260153838084e-06,1.1568506579351379e-06,1.344999702723726e-07,1.4377987156422023e-07,1.3429877299131476e-07,1.4358693078975193e-07,8.249574634522361e-11,4.3811277522509684e-11,4.989662460985755e-09,1.8734194195957343e-09,5.0795776473933074e-09,1.9171386700378434e-09
0.018899138376582414,0.00129821079643766,0.0012446495659261814,1.1241043774534695e-06,1.1568524238303593e-06,1.1241472748224624e-06,1.1568700983843883e-06,1.3453278313591e-07,1.4381117807715782e-07,1.3433158585485216e-07,1.436182230918348e-07,1.1077466027797911e-10,5.764384455875238e-11,5.092934074468758e-09,1.8001208301754446e-09,5.197220431796268e-09,1.8573494964257975e-09
0.018899883434642106,0.0006297195249887902,0.0010246146286530843,1.1241187416537145e-06,1.1568693279642071e-06,1.124161713050853e-06,1.156887004703055e-06,1.345571973843107e-07,1.4382921904808422e-07,1.3435598589239817e-07,1.4363623569645472e-07,1.79438491842987e-10,4.766844090641432e-11,4.164657507743641e-09,1.6169059591339369e-09,4.348705395784691e-09,1.663803971140175e-09
0.01889988488983363,0.0006293742046282733,0.0010241848729162228,1.1241187574031025e-06,1.1568693609800935e-06,1.1241617267907828e-06,1.1568870377232088e-06,1.3455716699579684e-07,1.4382925428435556e-07,1.343559555038843e-07,1.4363627087732311e-07,1.7917654645422623e-10,4.764895769615585e-11,4.168490668519652e-09,1.616548117588934e-09,4.35226999512597e-09,1.6634259525361017e-09
0.01890062994789332,0.00045257018004363214,0.000958230467009713,1.124126821089779e-06,1.1568841311253603e-06,1.1241687616347917e-06,1.1569014759515994e-06,1.3454160807668814e-07,1.438114338725427e-07,1.343403965847756e-07,1.4361843625465553e-07,4.5060507408711814e-11,2.712125836412671e-11,6.1310689858373735e-09,1.5931249652822999e-09,6.177344857860589e-09,1.6208676623108431e-09
0.018901375005953014,0.0009459251788825895,0.0011335396325673486,1.1241372406921652e-06,1.1568997160270774e-06,1.1241786523896735e-06,1.1569169373615296e-06,1.3451888491999853e-07,1.4378578327978175e-07,1.3431765921723127e-07,1.4359277145103988e-07,1.9269580375791406e-10,3.883108071200958e-11,4.189128599563219e-09,1.8278489832823652e-09,4.374553164154804e-09,1.8673356194653934e-09
0.018902120064012706,0.001338938547721824,0.00128427158921951,1.1241542642535132e-06,1.1569177301244535e-06,1.124196387536358e-06,1.156935127255565e-06,1.3452654457069002e-07,1.4379186552559986e-07,1.3432531886792276e-07,1.4359883948600327e-07,3.8526272450045695e-11,1.8307969723574402e-11,4.774900919102265e-09,1.89543825079852e-09,4.820998711352331e-09,1.913778691076118e-09
0.0189028651220724,0.0011195307004783217,0.0011776466962540866,1.124172581276792e-06,1.1569360728450624e-06,1.1242153732382576e-06,1.1569537718969514e-06,1.3455368730319606e-07,1.4382290203229786e-07,1.3435244738957408e-07,1.4362987599270127e-07,1.4142888249413232e-10,3.3895705686681765e-11,5.2637201264360556e-09,1.9497865544337856e-09,5.399940494754674e-09,1.983934794225206e-09
0.018903608724940568,0.000635504347805238,0.000980611242062262,1.1241856317677486e-06,1.156952118845751e-06,1.1242283335377579e-06,1.1569697704327808e-06,1.3456268277423078e-07,1.438350285820622e-07,1.343614286497541e-07,1.4364197417626734e-07,6.909493116546983e-11,1.997055820002593e-11,4.1961194519046785e-09,1.93188105660283e-09,4.267300290905496e-09,1.951403197017476e-09
0.01890361018013209,0.0006354336509174566,0.000980225654089284,1.1241856497366265e-06,1.1569521502469266e-06,1.1242283499690586e-06,1.1569698017410701e-06,1.345626489401841e-07,1.4383505231307936e-07,1.3436139478795184e-07,1.4364199785177334e-07,6.906115965693094e-11,1.9943307422165546e-11,4.199427255588417e-09,1.931846016489658e-09,4.270578106424505e-09,1.9513395344006312e-09
0.01890435378300026,0.0005993075412611404,0.0009935919519001857,1.1241948318332502e-06,1.1569668276112572e-06,1.1242367463637493e-06,1.156984126282623e-06,1.3454535974233295e-07,1.4381485868852906e-07,1.3434409140700154e-07,1.4362179001636832e-07,5.180391879355817e-11,1.5458341204310777e-11,5.889714937978852e-09,1.813899697111765e-09,5.945541836638313e-09,1.829135065634091e-09
0.01890509738586843,0.0010431634819205726,0.0012058693443393054,1.1242070452948873e-06,1.1569831828685403e-06,1.12424868348171e-06,1.1570003835004172e-06,1.3453076519454044e-07,1.4379597246261255e-07,1.343294684374996e-07,1.4360290379045182e-07,7.501181620295228e-11,2.8277321456604554e-11,5.085029286533427e-09,1.8373184085263006e-09,5.153343973773872e-09,1.8658927736225905e-09
0.0189058409887366,0.0012426393479891829,0.0013321405608124337,1.1242240425902913e-06,1.1570020555829893e-06,1.1242664186283946e-06,1.1570194828891545e-06,1.3454244651711633e-07,1.4380702850758098e-07,1.3434113554922078e-07,1.4361395983542025e-07,2.928539702407029e-11,1.1239219624425978e-11,4.3755719048022e-09,1.8641717058898166e-09,4.407568532371897e-09,1.875211985691294e-09
0.01890658459160477,0.0008862513233385272,0.0012192372096251347,1.1242398730823834e-06,1.1570210277012681e-06,1.1242826758461888e-06,1.1570388096515671e-06,1.3456552494517382e-07,1.4383482493940392e-07,1.3436421397727827e-07,1.4364175626724318e-07,8.989106681234205e-11,3.3366306245730115e-11,5.17097120678045e-09,1.8440037274913834e-09,5.260880620028274e-09,1.877647370918112e-09
0.01890732819447294,0.0005847283987026608,0.001015163894287241,1.1242508113297867e-06,1.1570376427719632e-06,1.1242931350352592e-06,1.1570552942430368e-06,1.345670028740642e-07,1.438471599612967e-07,1.3436570611702336e-07,1.4365407707828126e-07,2.6061441199543012e-11,2.8629810328029137e-11,4.587572099978843e-09,1.8469114015928767e-09,4.612031201389755e-09,1.8749739538748145e-09
0.018908070342149585,0.0007765530963062559,0.0009741219503247578,1.1242609168401913e-06,1.1570524062106408e-06,1.1243026660413804e-06,1.1570697324714274e-06,1.3455452179461962e-07,1.4383158486452885e-07,1.3435321085453396e-07,1.4363848777065868e-07,6.981050766138576e-11,2.325791295665347e-11,4.872794904257848e-09,1.6367396327154893e-09,4.9448243812265645e-09,1.6594154939042483e-09
0.01890807179734111,0.0007769292231643021,0.0009745018854195525,1.1242609366549176e-06,1.1570524373865291e-06,1.1243026847296278e-06,1.157069763396027e-06,1.3455449732191482e-07,1.4383154028527227e-07,1.3435318635401927e-07,1.436384431635922e-07,6.989629014464427e-11,2.3297720229971518e-11,4.8733541646583944e-09,1.6366170721323675e-09,4.945476916873304e-09,1.6593340913092118e-09
0.018908812489826232,0.001134974979724035,0.0011678888486700639,1.124275097985671e-06,1.1570683059136987e-06,1.1243170092711807e-06,1.157085504017271e-06,1.3455030511977384e-07,1.4380884944367697e-07,1.3434896573016886e-07,1.4361573816676198e-07,6.15154524541417e-11,4.35596223488584e-11,4.901056893658051e-09,1.5742337353233888e-09,4.960837074463598e-09,1.617900170435654e-09
0.018908813945017755,0.001135142023565898,0.0011682687837648587,1.1242751322575024e-06,1.157068337089587e-06,1.124317044491809e-06,1.1570855349418707e-06,1.3455032289727444e-07,1.4380880486442038e-07,1.3434898347980504e-07,1.436156935596955e-07,6.144604431069331e-11,4.3599429622176444e-11,4.901024263550285e-09,1.574111174740267e-09,4.960742115129084e-09,1.6178187678406175e-09
0.01890955463750288,0.0012201673390741519,0.001350381091880286,1.1242925766196717e-06,1.1570869951900253e-06,1.1243349717915407e-06,1.1571043699529815e-06,1.3455937164508214e-07,1.4381375472803305e-07,1.3435801804462244e-07,1.4362064342330817e-07,2.6117299295469465e-11,2.617334243196811e-11,4.88441553869734e-09,1.6544811945299266e-09,4.912407813861819e-09,1.6811086999592733e-09
0.018909556092694402,0.0012195142760442384,0.0013507388763756012,1.124292607284523e-06,1.1570870318464112e-06,1.1243350032226077e-06,1.1571044069569325e-06,1.3455941450056166e-07,1.4381376445271599e-07,1.3435806090010197e-07,1.436206531479911e-07,2.6310108578442512e-11,2.613910650428597e-11,4.884909686339535e-09,1.654639092407706e-09,4.913089812110543e-09,1.6812330416726695e-09
0.018910296785179526,0.0008871051938182661,0.0012559923949014096,1.124308215693815e-06,1.1571063383303022e-06,1.1243510016356595e-06,1.1571240362154996e-06,1.3458122793963412e-07,1.438466973561791e-07,1.3437987433917442e-07,1.436535860514542e-07,1.244500336117227e-10,4.722446059270163e-11,5.136430836216732e-09,1.819572864929639e-09,5.260226920711375e-09,1.8674046233094263e-09
0.01891029824037105,0.0008863115858988629,0.0012558062525016567,1.1243082356222316e-06,1.1571063762605259e-06,1.124351020806381e-06,1.1571240747798583e-06,1.3458124404526946e-07,1.4384676205736469e-07,1.3437989041694534e-07,1.436536507526398e-07,1.2424660666459434e-10,4.726588564984979e-11,5.135790011133103e-09,1.819896899846185e-09,5.259381735351767e-09,1.8677703828018366e-09
0.018911038932856172,0.0004823651549226149,0.001005437836612444,1.1243183791861906e-06,1.1571231251255642e-06,1.1243607787037035e-06,1.1571409004318411e-06,1.345894418136595e-07,1.4386722568815458e-07,1.343880740023451e-07,1.4367410017257498e-07,2.0702290576268823e-11,4.7352111814946696e-11,4.809610043565726e-09,1.8118448963377887e-09,4.829182387311448e-09,1.8586289174393755e-09
0.018911779625341296,0.0006353560687436532,0.0009410950229640069,1.1243266580632989e-06,1.1571375420118643e-06,1.1243682820349932e-06,1.1571548564942906e-06,1.3456805447731313e-07,1.4384965296318008e-07,1.3436668666599871e-07,1.436565132646102e-07,1.0789297233415596e-10,2.2392410420455413e-11,4.696647071256166e-09,1.7768113590465714e-09,4.804670883373774e-09,1.7995710566589726e-09
0.01891178108053282,0.000636364103350284,0.0009409686127210826,1.1243266840356997e-06,1.157137570335806e-06,1.1243683081160912e-06,1.157154883912881e-06,1.3456802914855443e-07,1.4384961843916244e-07,1.343666613093756e-07,1.4365647871272813e-07,1.0782287161426475e-10,2.23433736790124e-11,4.696156368353018e-09,1.7767425308790052e-09,4.804106726373791e-09,1.7994550294275768e-09
0.018912521773017943,0.0011494537181253595,0.0011524212350466634,1.1243399039876648e-06,1.1571530759170928e-06,1.1243815833950066e-06,1.1571702316359733e-06,1.34555136810377e-07,1.4382179358563008e-07,1.3435375478820788e-07,1.4362866807005048e-07,7.214160518964619e-11,4.368391759435042e-11,4.44638859065094e-09,1.875149813201915e-09,4.5169508133824365e-09,1.9189250188844653e-09
0.018913262465503067,0.0012331757381573993,0.0013447415683249808,1.1243575519449957e-06,1.1571715722143187e-06,1.1244000006627175e-06,1.1571889899641974e-06,1.3457368197578035e-07,1.438276058252086e-07,1.343722715319018e-07,1.4363446609877428e-07,5.4443009128712916e-11,1.2765682608217865e-11,4.472545445111109e-09,1.802645699378047e-09,4.529062902491887e-09,1.814817629508525e-09
0.01891400315798819,0.0007949710327910253,0.0012449659983289063,1.1243725742757154e-06,1.1571907539836517e-06,1.12441534838581e-06,1.1572085441002855e-06,1.3459646197588881e-07,1.43860319212763e-07,1.3439502311030083e-07,1.4366717948632868e-07,1.4902150347051446e-10,3.2643103498042336e-11,4.941937081781589e-09,1.6637288213772194e-09,5.0914601423812655e-09,1.6961292370609726e-09
0.01891474239528179,0.0004597688170875358,0.0010024211216403955,1.1243818497806233e-06,1.157207367507374e-06,1.1244241022723145e-06,1.1572251423785929e-06,1.3459612091537565e-07,1.4387337898824626e-07,1.3439466783893295e-07,1.4368021084010252e-07,1.778653960227139e-11,2.4166228046462734e-11,4.7976498329660444e-09,1.6602061947423863e-09,4.813884846299743e-09,1.6845440597990091e-09
0.018915483087766916,0.000763119909994725,0.0009560751924162503,1.1243909076255263e-06,1.1572218739423938e-06,1.1244322877246304e-06,1.1572392395464703e-06,1.3457380987347278e-07,1.4384905000497383e-07,1.3437235679703008e-07,1.4365586764597538e-07,1.4635791190098502e-10,1.0375705503107291e-11,4.624208571613053e-09,1.7458845480433638e-09,4.772067185854212e-09,1.7565741083913622e-09
0.018916222325060517,0.0013313321764413244,0.001159268004848002,1.124406390596446e-06,1.1572375113481957e-06,1.1244480901950737e-06,1.1572547009564005e-06,1.3456694603064534e-07,1.4381960511400393e-07,1.3436550716505735e-07,1.4362640854415076e-07,6.856284290313042e-11,3.099058509814512e-11,4.9958792658344464e-09,1.8124995948554101e-09,5.063503838442784e-09,1.8435961646190435e-09
0.018916961562354118,0.0013078207096794622,0.0013354661598654616,1.1244259001988153e-06,1.1572559533535174e-06,1.1244686675127014e-06,1.1572733455977868e-06,1.3459202818921767e-07,1.4382152357939049e-07,1.3439058932362968e-07,1.436283127986826e-07,8.791468941726777e-11,1.0315583456876887e-11,4.282522336751526e-09,1.7159019760626393e-09,4.3687378159518175e-09,1.7255088469170232e-09
0.01891770079964772,0.000690624193032563,0.0012533855675656014,1.1244406734488282e-06,1.1572750911109627e-06,1.1244836741752806e-06,1.1572927860470372e-06,1.3461405501402623e-07,1.4384794155830605e-07,1.3441258772672882e-07,1.4365473077759816e-07,1.6113407830253834e-10,3.03641035925839e-11,4.606972137111143e-09,1.6623855625397255e-09,4.770993378144794e-09,1.6932237834055286e-09
0.01891844003694132,0.00036120652973858913,0.0010228127836597878,1.1244484489737965e-06,1.1572919176180513e-06,1.1244906090723816e-06,1.15730961169902e-06,1.3460493164529908e-07,1.43862763479774e-07,1.3440345014714694e-07,1.436695384882114e-07,1.6885064527127902e-11,3.5261980835255e-11,4.6917967289061835e-09,1.729678511530608e-09,4.704993283866088e-09,1.7648217331966976e-09
0.018919177819043398,0.0007400689943250216,0.00095395014274402,1.1244565739875075e-06,1.1573065018211227e-06,1.1244979987168335e-06,1.1573238225537352e-06,1.345818532172416e-07,1.438445309531744e-07,1.3438035750823474e-07,1.4365129175075708e-07,1.6486531584369857e-10,1.808013461168656e-11,3.8532164126081625e-09,1.7508412497591053e-09,4.020040744734388e-09,1.7692820541981291e-09
0.018919917056337,0.001267578285149562,0.0011485150192385163,1.1244714152649214e-06,1.157322044027685e-06,1.1245132327530882e-06,1.1573391702768276e-06,1.3457791681048548e-07,1.4381525659246108e-07,1.343764068906239e-07,1.4362201739004377e-07,5.492439836274343e-11,4.1009917683965114e-11,5.31622124100295e-09,1.84753823351258e-09,5.3739772631899996e-09,1.8887471586737092e-09
0.018920654838439077,0.0012807152923119403,0.001347201530101927,1.1244902161188443e-06,1.1573404569777046e-06,1.124532900576014e-06,1.157357814918214e-06,1.3459938941196015e-07,1.4381626556314586e-07,1.3439787949209858e-07,1.4362302636072855e-07,8.239586790637077e-11,1.6551812004328426e-11,4.502382466853305e-09,1.8184952432775958e-09,4.579748580368914e-09,1.8346533181556879e-09
0.018921391165349633,0.0007806743686247231,0.0012606055650536546,1.1245053946856491e-06,1.1573596577029846e-06,1.1245482482991065e-06,1.1573774439485896e-06,1.346181335293295e-07,1.4384932572919046e-07,1.3441660939861322e-07,1.4365608652677315e-07,1.4415073301687897e-10,3.9884211475626077e-11,4.507088480210086e-09,1.7065900914658982e-09,4.656391272561677e-09,1.7461519335434735e-09
0.018921392620541155,0.0007800272290958083,0.0012604344267828083,1.124505412622367e-06,1.157359695649082e-06,1.1245482650835806e-06,1.1573774827411398e-06,1.3461811878696643e-07,1.43849391065487e-07,1.3441659462827604e-07,1.4365615186306968e-07,1.4389086891663305e-10,3.9930322937031804e-11,4.5089189556138844e-09,1.706368935039393e-09,4.657947775519696e-09,1.745977029621315e-09
0.01892212894745171,0.00045257462746493057,0.0009888049910955488,1.1245144886015366e-06,1.1573762574041985e-06,1.1245567580274615e-06,1.1573940810194472e-06,1.3461065915125766e-07,1.4386954205747315e-07,1.3440912083766077e-07,1.4367628864420112e-07,1.2399634192202691e-11,4.0292984226919515e-11,5.435139509935803e-09,1.614196443178173e-09,5.4455382722769546e-09,1.654350101354396e-09
0.018922130402643234,0.0004519274879360158,0.0009886400210510546,1.1245145065382544e-06,1.1573762849650918e-06,1.1245567748119356e-06,1.15739410770334e-06,1.3461064440889459e-07,1.4386950057411027e-07,1.344091060673236e-07,1.4367624716083823e-07,1.213977009195677e-11,4.024809704575157e-11,5.436969985339601e-09,1.6144091927857161e-09,5.447094775234973e-09,1.6545194622636507e-09
0.01892286672955379,0.0007828407947212956,0.0009051651785370041,1.1245235984694026e-06,1.1573902307771286e-06,1.1245650739510893e-06,1.157407609753136e-06,1.3458975445246324e-07,1.4384850999249466e-07,1.3438821611089224e-07,1.4365525657922262e-07,1.1457818027693634e-10,1.7535183374772778e-11,4.398523767434881e-09,1.7220604942025375e-09,4.512177298465758e-09,1.7402160823465351e-09
0.018923603056464344,0.0012948196997372569,0.0011139739227417067,1.124538904293007e-06,1.157405098241693e-06,1.1245807317903485e-06,1.1574222753552021e-06,1.3458561306744178e-07,1.4381936352947378e-07,1.3438406054304537e-07,1.4362611011620174e-07,4.6469274790171004e-11,4.359119662455946e-11,5.2270547329446065e-09,1.7380756833773603e-09,5.276703832153017e-09,1.7809486108077976e-09
0.018923604511655867,0.0012958315157550748,0.0011142985628993158,1.1245389345416701e-06,1.1574051330530141e-06,1.1245807627346949e-06,1.1574223106295767e-06,1.345856048828864e-07,1.4381938403129974e-07,1.343840523304607e-07,1.4362613058994303e-07,4.6334672210157635e-11,4.3530425932309637e-11,5.228692145919922e-09,1.7373927588655135e-09,5.278214754156352e-09,1.780203702939427e-09
0.0189243393833749,0.0012699361942553734,0.0012782418424919229,1.1245577892661205e-06,1.157422712770131e-06,1.1246005051505656e-06,1.1574401241887244e-06,1.3460626917880858e-07,1.4382973745341587e-07,1.3440470244361286e-07,1.4363646982928913e-07,3.7220518100977443e-11,1.2841226346149703e-11,5.093873393359324e-09,1.3925158803829163e-09,5.128194731401453e-09,1.404025229412298e-09
0.018924340838566422,0.0012698849163910175,0.0012779770533427003,1.1245578266022086e-06,1.157422748022151e-06,1.1246005442444584e-06,1.1574401601371316e-06,1.3460631009820645e-07,1.4382980735621703e-07,1.3440474333492602e-07,1.4363653970400558e-07,3.7202470271058274e-11,1.2886111057901838e-11,5.093606425532471e-09,1.3923066217733542e-09,5.127897662049463e-09,1.4038647071799887e-09
0.018925075710285455,0.0008387511678573656,0.0011442585329852761,1.124573322372449e-06,1.157440550292304e-06,1.1246160056543886e-06,1.15745831408276e-06,1.3462013725984434e-07,1.43865108270802e-07,1.3441857049656392e-07,1.4367182643582055e-07,9.267270978385866e-11,3.555289049272936e-11,4.770037698165197e-09,1.286631023944551e-09,4.864428859718828e-09,1.322800979863814e-09
0.01892581203719601,0.0006026314626980209,0.0009202777586755362,1.124583932224648e-06,1.1574557520285977e-06,1.124626217288688e-06,1.1574734344321769e-06,1.3461385426818507e-07,1.4387505586910265e-07,1.3441227332207923e-07,1.436817740341212e-07,2.2049024184639272e-11,2.4135343029696443e-11,5.434312930399736e-09,1.4623530164570298e-09,5.4569895216641486e-09,1.48673584554615e-09
0.018925813492387533,0.0006021648229645044,0.0009202906438967727,1.1245839531927353e-06,1.1574557789068953e-06,1.1246262374697835e-06,1.1574734605463811e-06,1.346138418512055e-07,1.438750109571737e-07,1.3441226087707037e-07,1.4368172909405192e-07,2.190945168345504e-11,2.4132313323122812e-11,5.435625727301385e-09,1.4623484190344772e-09,5.458160590166017e-09,1.4867275863662313e-09
0.018926546908915043,0.0007403438505057592,0.0009267847953999819,1.1245938013839993e-06,1.1574693255689403e-06,1.1246357682538663e-06,1.1574866221053526e-06,1.3460632501256883e-07,1.438523753449772e-07,1.3440472985571928e-07,1.43659079299141e-07,5.529243988890414e-11,2.2605341210013563e-11,5.074637529551554e-09,1.4600313180679336e-09,5.1282662209182555e-09,1.4825649596872381e-09
0.018926548364106566,0.0007406180152429442,0.0009272141226531227,1.1245938209240613e-06,1.15746935570318e-06,1.1246357871641521e-06,1.157486651987466e-06,1.3460631009820645e-07,1.4385234301949543e-07,1.344047149132166e-07,1.4365904697365925e-07,5.535867597661337e-11,2.263087869825534e-11,5.073921283127447e-09,1.4600598009932185e-09,5.12761166859832e-09,1.4826197112352854e-09
0.018927283235825598,0.0010204106736395602,0.0011440243854892174,1.12460676222586e-06,1.1574845734942054e-06,1.1246486337768147e-06,1.1575017424547696e-06,1.3460389425290487e-07,1.438360186512e-07,1.344022848570603e-07,1.4364272260536382e-07,6.345335368251881e-11,3.552731026035261e-11,4.9676822655442265e-09,1.474443678262105e-09,5.031937533317432e-09,1.5102692429991293e-09
0.01892801810754463,0.0011712153628035682,0.001289235989005988,1.1246228678657888e-06,1.1575024548365479e-06,1.1246651183682843e-06,1.1575198186619673e-06,1.3460856962410617e-07,1.4385035740360763e-07,1.3440693180655217e-07,1.4365707556862617e-07,2.982387253824825e-11,1.6333549096581024e-11,5.045507123213611e-09,1.6230546906470522e-09,5.074376918656753e-09,1.63994384738686e-09
0.018928752979263663,0.0010426548039474404,0.0011995711274295218,1.1246391369715403e-06,1.1575207443761879e-06,1.124681602959754e-06,1.1575384633033536e-06,1.3462091885685368e-07,1.438769601236345e-07,1.3441926682844496e-07,1.436836640777983e-07,7.082364555932585e-11,2.97367547252847e-11,4.754812987783907e-09,1.7545804809060428e-09,4.825496446869693e-09,1.7847540112470028e-09
0.018929486395791173,0.0008032724826326407,0.0010278182691223492,1.1246526718238746e-06,1.157537080418154e-06,1.1246949914421558e-06,1.1575547205211478e-06,1.3462704578947829e-07,1.438833265865469e-07,1.3442537957835517e-07,1.4369003054071072e-07,6.577877509735302e-11,2.3903923979107233e-11,4.6916458370659065e-09,1.7517299832903177e-09,4.756710281986841e-09,1.7749511860287726e-09
0.018929487850982696,0.0008027975177093971,0.0010277797122996888,1.1246526986787404e-06,1.1575371100482596e-06,1.124695018006605e-06,1.157554749561944e-06,1.3462705794609064e-07,1.4388329433775582e-07,1.344253917068272e-07,1.4368999829191964e-07,6.5768765433738e-11,2.3884559611324695e-11,4.691520505417657e-09,1.7512839231597913e-09,4.756573801500963e-09,1.7744860900802197e-09
0.018930221267510206,0.000785671170351443,0.0010083470736788058,1.124664348770633e-06,1.157552043621411e-06,1.1247063866903773e-06,1.157569386123214e-06,1.3462353365412127e-07,1.4386704094704328e-07,1.3442185320400313e-07,1.436737449012071e-07,4.8042105016410375e-11,1.4124918248925589e-11,4.687441546025184e-09,1.5264696173744596e-09,4.736370851077254e-09,1.5400777320095926e-09
0.018930954684037715,0.0010056661872391765,0.001129694184008656,1.1246774899362257e-06,1.15756772436936e-06,1.124719321325918e-06,1.1575849612199818e-06,1.3461597426734136e-07,1.438554733113051e-07,1.3441427963450882e-07,1.4366217726546893e-07,7.630083799379921e-11,2.0063409267301324e-11,4.759399320417711e-09,1.5898075078624174e-09,4.834575511322631e-09,1.6107196687542569e-09
0.018930956139229238,0.0010061026852885568,0.0011298926061940192,1.124677516009967e-06,1.157567758703049e-06,1.1247193469898775e-06,1.1575849959576267e-06,1.3461595926855807e-07,1.4385548151638192e-07,1.344142646075852e-07,1.4366218547054574e-07,7.635690690843688e-11,2.005850625037588e-11,4.759542093779601e-09,1.590264238194984e-09,4.8347703618389914e-09,1.6111709530463795e-09
0.018931688100565225,0.0011562159756895293,0.0012296989654316803,1.124693345530962e-06,1.157585028548667e-06,1.1247354584900186e-06,1.157602468992991e-06,1.3461689532402402e-07,1.4385960867002723e-07,1.3441520066305116e-07,1.4366631262419105e-07,5.181714376774933e-11,1.759228873687846e-11,4.31329537871449e-09,1.819999595475963e-09,4.3642185588492365e-09,1.8381669519840216e-09
0.018931689555756748,0.0011565144116545412,0.001229697930532981,1.1246933770011827e-06,1.157585064330027e-06,1.124735490520834e-06,1.1576025048584814e-06,1.3461689718496928e-07,1.4385963001450544e-07,1.344152025239964e-07,1.4366633396866926e-07,5.1768356962300643e-11,1.7594561775337853e-11,4.312408208306806e-09,1.8201274603463302e-09,4.363283068187229e-09,1.8382958532828274e-09
0.018932421517092735,0.0010514485161029514,0.0012291773764872005,1.1247095369072168e-06,1.1576030623541496e-06,1.1247520558660495e-06,1.1576205452001886e-06,1.34627548361559e-07,1.4387036628704664e-07,1.34425825335269e-07,1.4367707024121046e-07,7.939908095665921e-11,1.8737900120413542e-11,4.343961077971302e-09,1.8844434901410523e-09,4.424013655413006e-09,1.903133206582197e-09
0.018932422972284257,0.001051239637582968,0.0012290022184224425,1.1247095690342666e-06,1.1576030968432814e-06,1.1247520887991413e-06,1.1576205799378336e-06,1.346275695368604e-07,1.4387038114641257e-07,1.344258464541781e-07,1.4367708507238025e-07,7.945401281350684e-11,1.8745509295635775e-11,4.344023807334452e-09,1.8844413908502932e-09,4.424134392166934e-09,1.9031393899076536e-09
0.018933154933620244,0.0007973019412499639,0.0011408977118492203,1.1247230959486236e-06,1.1576204448765618e-06,1.1247655906901046e-06,1.1576380529731978e-06,1.346357103828824e-07,1.4387785540748155e-07,1.3443397311754152e-07,1.4368454515079065e-07,7.606254303102775e-11,2.2572924432417985e-11,4.529096421534807e-09,1.8833854475985845e-09,4.605897571630454e-09,1.90624960261232e-09
