actual_macro_strain,R1:force_N_per_1mm_b,FL1:force_N_per_1mm_b,R1:W_path_N_mm,FL1:W_path_N_mm,R1:ALLWK,FL1:ALLWK,R1:ALLAE,FL1:ALLAE,R1:PDMS:ALLAE,FL1:PDMS:ALLAE,R1:ITO:ALLKE,FL1:ITO:ALLKE,R1:PDMS:ALLKE,FL1:PDMS:ALLKE,R1:ALLKE,FL1:ALLKE
0.0,0.0,0.0,0.0,0.0,0.0,0.0,0.0,0.0,0.0,0.0,0.0,0.0,0.0,0.0,0.0,0.0
2.5175327969835103e-14,1.6420454778613269e-12,1.6462202120907677e-12,4.13390334465435e-28,4.144413374995658e-28,4.963055985067798e-28,4.977198570131919e-28,1.1732532708424448e-32,1.500058332786303e-32,1.1550519897827094e-32,1.4824103422238204e-32,1.8739119006661734e-28,1.8697406975184952e-28,5.671501370649622e-29,5.811710274307228e-29,2.485303537448627e-28,2.4953289657741347e-28
2.0066570509456958e-13,6.5457084227008445e-12,6.554549486212423e-12,1.478211053260714e-26,1.4806003008182784e-26,1.5766451385659134e-26,1.5792331261879832e-26,2.99108745836507e-31,4.5968181488623285e-31,2.8121038673224265e-31,4.418897204712828e-31,5.081311165141085e-27,5.089516397076152e-27,1.8417146131160208e-27,1.8628266571663936e-27,6.977095683666794e-27,7.006657167569183e-27
6.763852427774759e-13,1.7006456799006735e-11,1.7014460393843583e-11,1.2682436203962878e-25,1.2692838784602372e-25,1.2794967662682298e-25,1.280001883766604e-25,1.831807829598251e-30,3.186814461802408e-30,1.5846166020271107e-30,2.9399950666043196e-30,2.4645855868131243e-26,2.461680360010615e-26,1.3956015608176912e-26,1.4046275470578586e-26,3.8807229534418277e-26,3.886879766288045e-26
1.6022031384997984e-12,3.563082830152398e-11,3.5647792070915996e-11,6.141497673227218e-25,6.144849454552377e-25,6.189247848411409e-25,6.192396882537438e-25,6.762058148415956e-30,1.2122489934832335e-29,5.281678931125978e-30,1.0643104903644508e-29,8.295517681967507e-26,8.301972166545928e-26,5.865326892845205e-26,5.893303721589352e-26,1.4217838542619765e-25,1.4252441186670186e-25
3.1279435964114144e-12,6.458491411252441e-11,6.459457922770883e-11,2.1431818945303493e-24,2.1439233603283387e-24,2.1477383038432065e-24,2.148123662395407e-24,1.935286503261589e-29,3.359536824503193e-29,1.370939527138027e-29,2.795428031746972e-29,2.0174442188877281e-25,2.015911486800787e-25,1.78385338364757e-25,1.7900480371653344e-25,3.813634894054889e-25,3.818309880994455e-25
5.403385462047876e-12,1.0656783783332888e-10,1.0659134248939542e-10,6.0376632664952205e-24,6.0391594911549876e-24,6.050117042203258e-24,6.05142576244502e-24,4.6410021603232963e-29,7.71173766464867e-29,3.0160619643228663e-29,6.087384275428171e-29,4.324360946946307e-25,4.326377965673344e-25,4.421428802219555e-25,4.4338829437607315e-25,8.7697607668852e-25,8.78428468222645e-25
8.578263831693009e-12,1.6364446990619805e-10,1.6365462668843297e-10,1.4616575377036407e-23,1.4619140311419715e-23,1.462823430735678e-23,1.4629671611926093e-23,9.687012341623538e-29,1.5665942687058403e-28,5.818056815327091e-29,1.179833952469478e-28,8.097441734458948e-25,8.092986149458646e-25,9.51203253311999e-25,9.53363154470494e-25,1.7650965886003234e-24,1.766813544360537e-24
1.280226738422513e-11,2.385941513601713e-10,2.386238935736377e-10,3.1607149028984067e-23,3.161139929836323e-23,3.163217371788457e-23,3.163581509982307e-23,1.8140872202861588e-28,2.917295883247003e-28,1.01036860813855e-28,2.1138624291017854e-28,1.4213292485134396e-24,1.4217512890977329e-24,1.8421880205630467e-24,1.8458148085748003e-24,3.2703023603299055e-24,3.274362627409078e-24
1.822504007518294e-11,3.3340168493556973e-10,3.33411465658893e-10,6.262518303304525e-23,6.263157654144731e-23,6.264886553574123e-23,6.265275304228216e-23,3.12717313597163e-28,5.07723907516317e-28,1.6195043791030186e-28,3.570175301038339e-28,2.3186986615008937e-24,2.3176674230825435e-24,3.2859695323380474e-24,3.291628820472103e-24,5.614985311187874e-24,5.619618291284237e-24
2.499618079795235e-11,4.50918127327133e-10,4.509542404616427e-10,1.1573258123791366e-22,1.1574208228401273e-22,1.1577592750997517e-22,1.1578413166338947e-22,5.058080405558892e-28,8.348846605090391e-28,2.4473321434063312e-28,5.739327567724836e-28,3.632845280214341e-24,3.6334049770265956e-24,5.481295475858259e-24,5.490048676462591e-24,9.129234820633099e-24,9.138570200585484e-24
3.3265244400206007e-11,5.930960980042414e-10,5.931042906830901e-10,2.020627815471408e-22,2.02075946269126e-22,2.0210379102402032e-22,2.021125379137374e-22,7.771079177353887e-28,1.3057315836739585e-27,3.5424118171837817e-28,8.830132646332873e-28,5.426999757473707e-24,5.4250690204081785e-24,8.650572956006714e-24,8.663180530993956e-24,1.4098517364944492e-23,1.4109201697044805e-23
4.318174236152966e-11,7.628954743526726e-10,7.629360823251151e-10,3.365296581756346e-22,3.3654766221321033e-22,3.3659576536561332e-22,3.366117445321095e-22,1.143744697539459e-27,1.9526880446625744e-27,4.962697762098142e-28,1.3053491902835004e-27,7.861452515547885e-24,7.862466201811094e-24,1.3031509626568888e-23,1.304936470429766e-23,2.092122545062903e-23,2.0940132868805368e-23
5.489514008291674e-11,9.622776220329695e-10,9.622810507003672e-10,5.3860604433765335e-22,5.386292065619966e-22,5.386671941598579e-22,5.386838044150782e-22,1.6228095637770788e-27,2.8067948341675592e-27,6.77004145905465e-28,1.861076564625929e-27,1.099417299805704e-23,1.0991307066388373e-23,1.8869638049864366e-23,1.889378034900775e-23,2.9900466258743406e-23,2.992174972596627e-23
6.855485146575746e-11,1.194290891754087e-09,1.1943340002829863e-09,8.33187079094183e-22,8.33216598165226e-22,8.332768791414777e-22,8.333040412001663e-22,2.229155673365351e-27,3.895355475824502e-27,9.023334234634023e-28,2.5685378481544198e-27,1.500465191005747e-23,1.5006289585296708e-23,2.640975675314043e-23,2.6441890213253702e-23,4.146102718725284e-23,4.1494853542868717e-23
8.431024975386059e-11,1.4608972323147066e-09,1.4608935992209892e-09,1.2515225433396353e-21,1.2515582819227171e-21,1.2516032286138999e-21,1.251630693595176e-21,2.975793453450589e-27,5.2428038576518546e-27,1.1776468423505076e-27,3.44456037227557e-27,1.9940453619829472e-23,1.9936405185663878e-23,3.5895228536796854e-23,3.5936454407703704e-23,5.589323113738401e-23,5.593042119589975e-23
1.0231067295446428e-10,1.7652028158743186e-09,1.7652477331980311e-09,1.8322342048885397e-21,1.8322773748077352e-21,1.8323450070404297e-21,1.8323866084091275e-21,3.878195440020012e-27,6.875203974772998e-27,1.5081496134274763e-27,4.50498857004886e-27,2.5995765705524063e-23,2.599800607049489e-23,4.7566715930354845e-23,4.7619083672687036e-23,7.363263661390202e-23,7.368732045185194e-23
1.2270540486469805e-10,2.109163451401478e-09,2.109151337359883e-09,2.62240081831997e-21,2.6224506783806113e-21,2.6224963624846383e-21,2.6225377619049443e-21,4.9543812114122886e-27,8.821034938461576e-27,1.899551830089925e-27,5.7659723270229475e-27,3.3206648576840706e-23,3.3201079218849845e-23,6.167296886533593e-23,6.173757972891716e-23,9.496329034067162e-23,9.50223350017056e-23
1.4564367507158282e-10,2.4959228749407833e-09,2.495970234992319e-09,3.6787279631166616e-21,3.6787859080023e-21,3.678852654793346e-21,3.6789124315173e-21,6.2226026131173836e-27,1.1109456483633578e-26,2.3586792769502535e-27,7.245211324572741e-27,4.178030443914475e-23,4.17831979809451e-23,7.847773194134809e-23,7.855680735848745e-23,1.2035715202006843e-22,1.2043923141953487e-22
1.7127469147809604e-10,2.9274425533969313e-09,2.9274201869159766e-09,5.068791645839067e-21,5.068855996830881e-21,5.068893323478196e-21,5.0689518885118e-21,7.704205111894929e-27,1.3774956622989134e-26,2.894301579713732e-27,8.964609934327734e-27,5.1748499143367637e-23,5.174200839583948e-23,9.827870864224725e-23,9.837282290368374e-23,1.5014282323988408e-22,1.502304309765743e-22
1.9974759693508481e-10,3.406891464918121e-09,3.406939279277472e-09,6.87236058220379e-21,6.872432178945961e-21,6.872487139935481e-21,6.872567919292176e-21,9.42593794874252e-27,1.6861117610425773e-26,3.518145918404729e-27,1.0952779001169765e-26,6.33475627949391e-23,6.335176584584211e-23,1.2142028408481668e-22,1.215315197833401e-22,1.8490248334817166e-22,1.8501804831534292e-22
2.312115126093528e-10,3.936208728799989e-09,3.936175310578728e-09,9.182787435032267e-21,9.182863561363186e-21,9.182883370152782e-21,9.182960918335209e-21,1.1420810022162996e-26,2.0422707500958022e-26,4.245236472519409e-27,1.3246533831543764e-26,7.663552084660357e-23,7.662792884925172e-23,1.4831747483584956e-22,1.484463936404244e-22,2.2510818671061544e-22,2.2522945671985326e-22
2.6581547293152985e-10,4.518530846084063e-09,4.518580515601423e-09,1.2108462162868544e-20,1.2108543912791518e-20,1.2108580807074493e-20,1.2108684204651063e-20,1.3726218269444493e-26,2.4521887609470925e-26,5.092597499801183e-27,1.5887669416358866e-26,9.189397770886322e-23,9.189887495736284e-23,1.7945554394802714e-22,1.7960458186112873e-22,2.715285741497138e-22,2.716826607726088e-22
3.037084906482024e-10,5.155744821442329e-09,5.155701724040055e-09,1.577433715552406e-20,1.5774421395819764e-20,1.577442636985287e-20,1.577452653625517e-20,1.6380100429003528e-26,2.9222547965567606e-26,6.0777692146255635e-27,1.8919679416735158e-26,1.092131727583881e-22,1.0920417343318135e-22,2.1539343408257834e-22,2.155634241413226e-22,3.2481154659325563e-22,3.249724742179207e-22
3.4503955682191334e-10,5.8509254389815845e-09,5.850978909989588e-09,2.0323511324382028e-20,2.0323599852199583e-20,2.0323627317623287e-20,2.0323756564594e-20,1.941556939955994e-26,3.4582626704951055e-26,7.216173693615226e-27,2.2382791116607044e-26,1.2891110529240368e-22,1.289164569247847e-22,2.567372428502026e-22,2.5693159293370007e-22,3.8588311314800003e-22,3.8608304205581924e-22
3.8995759746307534e-10,6.6059233789350765e-09,6.6058720827146585e-09,2.5918883739021943e-20,2.591897324371147e-20,2.591897263337747e-20,2.591910188034818e-20,2.2854221789138107e-26,4.0646489549820176e-26,8.516674836746217e-27,2.630856665590314e-26,1.5111001719678297e-22,1.5110000812961753e-22,3.0413501001820805e-22,3.0435543668778853e-22,4.555119146364454e-22,4.557221933993411e-22
4.3861147352997065e-10,7.423814778487138e-09,7.423871205823086e-09,3.2744895154644067e-20,3.274498715582019e-20,3.274501406659424e-20,3.2745178856481894e-20,2.6704768964062484e-26,4.7441262838255675e-26,9.981195107289026e-27,3.0717263736150495e-26,1.7616068020619795e-22,1.7616714255473352e-22,3.582685386006464e-22,3.5851804583863696e-22,5.3473273461785e-22,5.349889061527678e-22
4.911500459808815e-10,8.306493002585287e-09,8.306430765030225e-09,4.100937430495407e-20,4.100946325352402e-20,4.10094692706653e-20,4.100963406055296e-20,3.096758532511426e-26,5.49847452444316e-26,1.1608292368901294e-26,3.562482905728863e-26,2.042302318583596e-22,2.0422085387991833e-22,4.1988410363563122e-22,4.2016284290332564e-22,6.244571428889637e-22,6.247263400951485e-22
5.477221107219599e-10,9.257025931360503e-09,9.257083201629759e-09,5.094541960707744e-20,5.094550574555124e-20,5.0945543401606664e-20,5.094574373441127e-20,3.564207922661452e-26,6.329225176326572e-26,1.3397762473008916e-26,4.104713844503512e-26,2.3571721730436005e-22,2.357225436931921e-22,4.897834654819057e-22,4.90095980618118e-22,7.258880955322634e-22,7.262062147363464e-22
6.084763769231838e-10,1.0277231794644619e-08,1.027716271996158e-08,6.281331454636775e-20,6.281339351315658e-20,6.281343322968027e-20,6.281363356248487e-20,4.073169269055987e-26,7.238253016720868e-26,1.535395108793841e-26,4.700377167357658e-26,2.7082922686913003e-22,2.7081620119786302e-22,5.688125859524543e-22,5.691602401088288e-22,8.400766329525421e-22,8.4041100900216e-22
6.735615537545314e-10,1.1370067727584738e-08,1.1370131871912608e-08,7.690249771962218e-20,7.690257347748064e-20,7.690267135632528e-20,7.690291692556963e-20,4.624691818328733e-26,8.227974548445869e-26,1.7487380724533926e-26,5.351877667457061e-26,3.099380475418566e-22,3.0994135444677127e-22,6.577761536577004e-22,6.581641470053243e-22,9.682015783994643e-22,9.685932573052374e-22
7.43126307017894e-10,1.2537364256213807e-08,1.2537291013410383e-08,9.353364379075786e-20,9.353371321928426e-20,9.353383550534574e-20,9.353408753693863e-20,5.221003794388149e-26,9.301927319623425e-26,1.981622907998257e-26,6.062354764685468e-26,3.5322573579769023e-22,3.532122557425418e-22,7.574045654434574e-22,7.578363311049902e-22,1.1111721540197258e-21,1.1115900862164247e-21
8.173193025151626e-10,1.3782238854435089e-08,1.3782308313630429e-08,1.1306094574154058e-19,1.130610123628948e-19,1.130611657740675e-19,1.130614759667972e-19,5.865766313021316e-26,1.046530486997877e-25,2.2368403649550493e-26,6.836141647343354e-26,4.010110419294382e-22,4.010148789488812e-22,8.684274608490694e-22,8.68908501918186e-22,1.2700401070374909e-21,1.2705253890228339e-21
8.962889458397072e-10,1.5106723342381734e-08,1.510663869539776e-08,1.3587445614852935e-19,1.3587451077614105e-19,1.3587469074600635e-19,1.3587501386343313e-19,6.564493696845006e-26,1.1726142487388678e-25,2.5186744818920643e-26,7.680049636309238e-26,4.534686008088547e-22,4.534571907247216e-22,9.917617865472164e-22,9.922891747722365e-22,1.4458946461035906e-21,1.4464102203476941e-21
9.801839895295927e-10,1.651382358693076e-08,1.6513895303489233e-08,1.624025278098568e-19,1.624025715894824e-19,1.624027995055853e-19,1.624031613971033e-19,7.324415116498468e-26,1.309536343020013e-25,2.8327551372227347e-26,8.603417488846254e-26,5.1087919643110045e-22,5.108843966021877e-22,1.128461258758882e-21,1.1290367107011353e-21,1.64007367931328e-21,1.6406548867846979e-21
1.0691527524420152e-09,1.8005369638570486e-08,1.8005269179798868e-08,1.9311382698993402e-19,1.9311384519796814e-19,1.9311411571920976e-19,1.9311449053542482e-19,8.15384319377047e-26,1.4585240648465136e-25,3.1855133962173585e-26,9.616651389629916e-26,5.734396275039228e-22,5.734319534650368e-22,1.2794614034087857e-21,1.2800794664616955e-21,1.853705492331191e-21,1.854315174525844e-21
1.1633436401703445e-09,1.9584262876605908e-08,1.9584352083974613e-08,2.285198355497954e-19,2.285198431600332e-19,2.2852022474634964e-19,2.2852066418605006e-19,9.061512097996007e-26,1.6208251703032997e-25,3.5840483907253424e-26,1.0730585233857788e-25,6.414031877976573e-22,6.414063179977292e-22,1.4456088891292834e-21,1.4462780451253025e-21,2.0878925214278142e-21,2.0885656154174722e-21
1.2629051450441242e-09,2.1252192573009655e-08,2.1252108121060098e-08,2.6917722513254323e-19,2.6917723747734794e-19,2.6917772866637363e-19,2.691781939554682e-19,1.0056382796020321e-25,1.797765068970659e-25,4.0365537971020877e-26,1.1957676860856538e-25,7.149959080497551e-22,7.149963119465386e-22,1.6272223904825352e-21,1.6279639449769919e-21,2.3431742717316733e-21,2.3439156242777383e-21
1.3679855859205503e-09,2.3012328507365397e-08,2.30124374523636e-08,3.156905790356399e-19,3.1569061711784814e-19,3.1569112848599606e-19,3.1569167132327305e-19,1.1147478500744462e-25,1.990759766173463e-25,4.552352965171175e-26,1.3312365506679622e-25,7.9445119011396585e-22,7.944520483946307e-22,1.8243930871674102e-21,1.8252307690963335e-21,2.619879313276124e-21,2.620718812740573e-21
1.4787332816568188e-09,2.4866924846713876e-08,2.4866837473761037e-08,3.6871574886101276e-19,3.687158108337642e-19,3.6871627503339493e-19,3.687169212682485e-19,1.2343514892575957e-25,2.2012769129739724e-25,5.141383693445643e-26,1.481054302078175e-25,8.800733197295386e-22,8.800884658589188e-22,2.0376069679886226e-21,2.038538959816487e-21,2.9187962545308975e-21,2.9197427866429668e-21
1.5952962909016044e-09,2.6819179778321328e-08,2.681928364450998e-08,4.2896262777336207e-19,4.289627089711255e-19,4.289631736174763e-19,4.28963845701724e-19,1.3652698590119433e-25,2.430741019603693e-25,5.813538790715028e-26,1.646813946306773e-25,9.721342204059466e-22,9.721298785155242e-22,2.2678644852788352e-21,2.26888957531529e-21,3.2412032268672946e-21,3.2422250857294817e-21
1.7178231059844506e-09,2.887124595459304e-08,2.8871157517875237e-08,4.971983327299799e-19,4.971984328329825e-19,4.971988274612299e-19,4.971996029430542e-19,1.5081949382627875e-25,2.680508187262507e-25,6.577126564685022e-26,1.830009265433502e-25,1.0710506631366362e-21,1.071077623246933e-21,2.516709736441266e-21,2.5178226740281264e-21,3.589059533581944e-21,3.590198522511338e-21
1.8464616988178584e-09,3.1026122572787285e-08,3.10262106156822e-08,5.742494647478423e-19,5.742495643442368e-19,5.742499260387202e-19,5.742507015205445e-19,1.663651196252584e-25,2.9516924354600053e-25,7.437570434079018e-26,2.031775602864298e-25,1.1771225412833363e-21,1.1771122419153577e-21,2.7861064676371617e-21,2.787286048193295e-21,3.96463345901083e-21,3.965803547992552e-21
1.981360214786676e-09,3.3285767221685357e-08,3.328568066657332e-08,6.610052496720873e-19,6.610053512754788e-19,6.61005766056624e-19,6.610065932372366e-19,1.8321327803827438e-25,3.245237439054059e-25,8.398168823556973e-26,2.2528955332690435e-25,1.2908516965995123e-21,1.2908829986002314e-21,3.078245011123297e-21,3.079479117745199e-21,4.370613945989926e-21,4.3718785468189805e-21
2.122666799275752e-09,3.565298633065187e-08,3.565307632105849e-08,7.584202477062367e-19,7.584203541639255e-19,7.584207588454627e-19,7.584215860260752e-19,2.014289021785877e-25,3.5621563912698114e-25,9.461849146634355e-26,2.4940286183202133e-25,1.4125112642849878e-21,1.4124935938007109e-21,3.395292475091397e-21,3.39658130972746e-21,4.809444973956028e-21,4.810716844927185e-21
2.270529424197587e-09,3.812967587506113e-08,3.812960237673836e-08,8.675172287808148e-19,8.675173596241316e-19,8.67517868329023e-19,8.67518798907212e-19,2.2110553369322526e-25,3.903701115756235e-25,1.0632788668323342e-25,2.755910224292893e-25,1.542649433249132e-21,1.5426964872244066e-21,3.7392562265553235e-21,3.7405878742504345e-21,5.283676747199985e-21,5.285054439128412e-21
2.4250962349370297e-09,4.071860017042304e-08,4.0718702192790376e-08,9.893904943873517e-19,9.893906693193744e-19,9.893911442649827e-19,9.893920748431718e-19,2.423697477796201e-25,4.271438734005358e-25,1.1917436326524115e-25,3.039488709906578e-25,1.6815314627044906e-21,1.6815095513039871e-21,4.111811023527748e-21,4.113204063533947e-21,5.795252817043871e-21,5.7966252583141125e-21
2.5865148564618856e-09,4.342171946937652e-08,4.3421671607108987e-08,1.1252086384965236e-18,1.1252089008530329e-18,1.1252095479552442e-18,1.1252105819310099e-18,2.6538052456207756e-25,4.667295052702051e-25,1.332526461507515e-25,3.3460476997654823e-25,1.829825700853516e-21,1.8298844678355113e-21,4.5143151708914906e-21,4.5157902019447345e-21,6.3461938790954006e-21,6.347727475182248e-21
2.754933434157003e-09,4.6241825624242184e-08,4.624193481985372e-08,1.2762187058542164e-18,1.2762190715074715e-18,1.276219640582925e-18,1.2762206745586906e-18,2.903206825553826e-25,5.093545689038843e-25,1.4868664813164237e-25,3.677271904940319e-25,1.987782866624549e-21,1.987747727604387e-21,4.9478341483613535e-21,4.9493980367069616e-21,6.937820675836532e-21,6.939350636852328e-21
2.930499592990188e-09,4.918096181032779e-08,4.918094388250277e-08,1.4437488284046457e-18,1.443749354293248e-18,1.4437501844045147e-18,1.4437514251754336e-18,3.173962870191209e-25,5.552846639076002e-25,1.6563282251213207e-25,4.0353208321591306e-25,2.1560824153815875e-21,2.1561460291249845e-21,5.4132213898408155e-21,5.414900792666497e-21,7.571659129315227e-21,7.573402347832697e-21
3.1133616518186358e-09,5.224197604185689e-08,5.224210206783691e-08,1.6292129006854479e-18,1.629213624244562e-18,1.6292141073038308e-18,1.6292153480747496e-18,3.4686477777933072e-25,6.048549082546518e-25,1.8430952352559542e-25,4.423153449373594e-25,2.3348552096824767e-21,2.3348176472816137e-21,5.911198658881943e-21,5.913028311311077e-21,8.248568327989932e-21,8.250361629708553e-21
3.30366671519311e-09,5.542704662860813e-08,5.542704284352282e-08,1.834112502513153e-18,1.8341134587028794e-18,1.8341139828635755e-18,1.8341154304296475e-18,3.7906186445499015e-25,6.585137693696574e-25,2.05023112700146e-25,4.844959347547532e-25,2.524784844833245e-21,2.5248702690029495e-21,6.442583038677703e-21,6.444566979678123e-21,8.970043497753066e-21,8.972112257078015e-21
3.5015625815537632e-09,5.873907996589364e-08,5.873920782032641e-08,2.0600425478277425e-18,2.0600437495455788e-18,2.0600443051120217e-18,2.0600457526780936e-18,4.144007622490153e-25,7.168089139360666e-25,2.281665290482454e-25,5.306012554870413e-25,2.7259317034030215e-21,2.7258941410021585e-21,7.008445259601082e-21,7.010589951521324e-21,9.737221204153321e-21,9.739331160950185e-21
3.7071973962854443e-09,6.218031284630594e-08,6.218031915413997e-08,2.308694917211783e-18,2.308696394813948e-18,2.308696865196993e-18,2.3086987263533714e-18,4.533305548836064e-25,7.803346500383502e-25,2.5417510053005913e-25,5.812118101528531e-25,2.939039763266964e-21,2.939155479695429e-21,7.610252274769654e-21,7.612566603338955e-21,1.0552310762596296e-20,1.0554741413439238e-20
3.920718610883611e-09,6.575358281818368e-08,6.57537041426565e-08,2.5818609251173526e-18,2.5818626752415697e-18,2.5818627159398205e-18,2.5818645770961987e-18,4.962797417417184e-25,8.49666106580221e-25,2.8346644271324024e-25,6.368918808184547e-25,3.1641659738715418e-21,3.1641322484901218e-21,8.249844641825707e-21,8.252322952489099e-21,1.141721452693215e-20,1.141966133364643e-20
4.142273676843722e-09,6.946110917336159e-08,6.94611131574251e-08,2.881435925146981e-18,2.8814379528986086e-18,2.8814377553044752e-18,2.8814398232560066e-18,5.436686870782208e-25,9.253616491711559e-25,3.1645054140137407e-25,6.981895285977482e-25,3.4021175229385264e-21,3.402248789393155e-21,8.92940501898713e-21,8.932037618221808e-21,1.233491971777145e-20,1.233768398735754e-20
4.372010045661234e-09,7.33056265020903e-08,7.330575203486674e-08,3.20942303956706e-18,3.209425364865973e-18,3.2094247943491013e-18,3.2094268623006327e-18,5.959678478154648e-25,1.0080479784965461e-24,3.535841224066803e-25,7.657175505026706e-25,3.652884918893506e-21,3.652847356492643e-21,9.651358402541896e-21,9.654159022838499e-21,1.3307846484640766e-20,1.331061236981399e-20
4.610075168831607e-09,7.728938281525641e-08,7.728938447777202e-08,3.5679372339868355e-18,3.567939862093376e-18,3.567939347490303e-18,3.567941829032141e-18,6.53736772854285e-25,1.0984467050694428e-24,3.954058544679084e-25,8.401768987513175e-25,3.917300391058827e-21,3.9174595263915156e-21,1.0418370511260928e-20,1.0421319765573849e-20,1.433948934251071e-20,1.434259773215632e-20
4.856616844794992e-09,8.141502549609487e-08,8.141513887068236e-08,3.959209742065415e-18,3.959212653786358e-18,3.95921190724983e-18,3.959214388791668e-18,7.1762799807471885e-25,1.1973664113176973e-24,4.42539282826829e-25,9.223479046903722e-25,4.195305374400886e-21,4.1952698314839405e-21,1.1233225001775921e-20,1.1236297040711018e-20,1.5432576210256858e-20,1.543561512965571e-20
5.111782178102153e-09,8.568480954531657e-08,8.568481189478267e-08,4.3855905931045495e-18,4.385593800113159e-18,4.385593320928558e-18,4.385595802470395e-18,7.883496247468154e-25,1.3056569962590722e-24,4.956560978923346e-25,1.0130437360016977e-24,4.4878195418956514e-21,4.487996448686813e-21,1.2098733803493418e-20,1.210192620366999e-20,1.6590839094158503e-20,1.659420759333267e-20
5.376362549602831e-09,9.011204809962025e-08,9.011216155777263e-08,4.850714572148041e-18,4.850718085560877e-18,4.850716979367125e-18,4.850719460908963e-18,8.668150551912075e-25,1.4244478128870046e-24,5.555822616840948e-25,1.1133069709791567e-24,4.795514977790822e-21,4.7954826660481444e-21,1.301983495848816e-20,1.3023162260190412e-20,1.7819885697157386e-20,1.782318311049766e-20
5.64923906265502e-09,9.467782275356237e-08,9.467782641838255e-08,5.354962728205849e-18,5.354966561219769e-18,5.354965453598838e-18,5.354968348730982e-18,9.533242044632988e-25,1.5539636865594824e-24,6.226613231263334e-25,1.2234058223305245e-24,5.117939721585692e-21,5.1181396504935114e-21,1.399453079326909e-20,1.3997986534148485e-20,1.911726517357139e-20,1.9120922862842524e-20
5.9311812405926645e-09,9.939507725537544e-08,9.939518798345254e-08,5.902136089277794e-18,5.90214024481354e-18,5.902139638538378e-18,5.902142120080216e-18,1.048663172455142e-24,1.695213373159057e-24,6.975907831706854e-25,1.3442609893398071e-24,5.455694367797286e-21,5.4556487274607534e-21,1.502710261374102e-20,1.503068437041686e-20,2.0487861443306277e-20,2.0491399579129502e-20
6.222337228800612e-09,1.0426615604006259e-07,1.0426616877008688e-07,6.49510796567562e-18,6.495112480667021e-18,6.495111505272529e-18,6.495114813994979e-18,1.1533734135705582e-24,1.8488822942047522e-24,7.808689553902177e-25,1.476514308961015e-24,5.8098153155719954e-21,5.8100398821836065e-21,1.6119582020724825e-20,1.612330271789418e-20,2.193474089074217e-20,2.1938686154523137e-20
6.52285378488493e-09,1.0929359427566286e-07,1.0929371039236028e-07,7.136890372506707e-18,7.136895274703839e-18,7.136893645592209e-18,7.136896127134047e-18,1.2679763648678985e-24,2.0156295429828804e-24,8.72976946329502e-25,1.6207850370047466e-24,6.180120407460474e-21,6.180105463279486e-21,1.7273962648743726e-20,1.7277843289039336e-20,2.3459712973469033e-20,2.3463580689067572e-20
6.832877319506991e-09,1.14479803979946e-07,1.144798226788285e-07,7.830640571322648e-18,7.830645891479807e-18,7.830644235076145e-18,7.830648370979208e-18,1.393030934298512e-24,2.1961463588616412e-24,9.744373763382471e-25,1.7777282238451748e-24,6.567774481786259e-21,6.568070538128545e-21,1.8492194511468332e-20,1.8496256097522938e-20,2.5065892543481008e-20,2.507025139756825e-20
7.15255632499634e-09,1.1982736426531851e-07,1.198274705545635e-07,8.579671396559364e-18,8.579677116277325e-18,8.579674477716388e-18,8.579677786438838e-18,1.5291804379306065e-24,2.3912085865413197e-24,1.0858628945169703e-24,1.9480892444301204e-24,6.972751285258425e-21,6.972756939813393e-21,1.9776453804767995e-20,1.9780689874233062e-20,2.6755436409601844e-20,2.675968055700258e-20
7.482036518124957e-09,1.253387050463941e-07,1.253387328952111e-07,9.387445035213434e-18,9.387451196889742e-18,9.387448605918309e-18,9.387452741821372e-18,1.6772362192052016e-24,2.601746095813945e-24,1.2080430520241848e-24,2.1327759790538795e-24,7.396336421338765e-21,7.396698312856757e-21,2.1129246304287384e-20,2.113366493509858e-20,2.853213150807338e-20,2.8536913645989705e-20
7.821465003443606e-09,1.3101624086992543e-07,1.310163501252494e-07,1.0257586745176641e-17,1.0257593372223456e-17,1.0257591325126116e-17,1.0257595461029179e-17,1.8382922309826128e-24,2.8289768879171787e-24,1.342059771591401e-24,2.332994596040535e-24,7.838571895292762e-21,7.838615516145377e-21,2.2552964694571793e-20,2.2557606276407467e-20,3.03984125287064e-20,3.040310096256896e-20
8.17098957939244e-09,1.3686231998692776e-07,1.3686236876491245e-07,1.1193888149069397e-17,1.1193895328481463e-17,1.1193893604087139e-17,1.1193898567170814e-17,2.0137922859346206e-24,3.0744982089688666e-24,1.4893567672827868e-24,2.55034253872316e-24,8.300721904052687e-21,8.301186385353681e-21,2.4049279492717668e-20,2.4054232882870183e-20,3.2357214993323186e-20,3.236263367257026e-20
8.530757350522222e-09,1.4287967421445233e-07,1.4287977887590328e-07,1.2200309686521706e-17,1.220031741795941e-17,1.2200313502032445e-17,1.220031846511612e-17,2.2055547084477596e-24,3.3403151461748544e-24,1.6517630131070968e-24,2.7868347550689144e-24,8.782877728291604e-21,8.782973855726071e-21,2.5620583383270303e-20,2.5625842119391124e-20,3.4411026906109926e-20,3.4416380961871647e-20
8.900914033604934e-09,1.4907086409797054e-07,1.4907091465963043e-07,1.3280984115381092e-17,1.3280992421387515e-17,1.328098774920541e-17,1.3280993539469698e-17,2.415721255879705e-24,3.628806706810062e-24,1.831437621361921e-24,3.044867607292634e-24,9.286252673947067e-21,9.28685771132871e-21,2.7270842632643405e-20,2.727639379003546e-20,3.6565027839417885e-20,3.6571186457572284e-20
9.281606733191339e-09,1.554385595629068e-07,1.5543863307110935e-07,1.4440229260810688e-17,1.444023803914202e-17,1.4440234228403563e-17,1.444023919148724e-17,2.6466940096868543e-24,3.942649890356358e-24,2.0308013103425435e-24,3.3271372247531374e-24,9.811066460869285e-21,9.811241752073313e-21,2.900557931766062e-20,2.9011321114334473e-20,3.8824975745792255e-20,3.883089202587657e-20
9.672982553832199e-09,1.6198499184257985e-07,1.6198502040285032e-07,1.5682548290031273e-17,1.568255746783393e-17,1.5682553629339804e-17,1.5682560246784704e-17,2.9010888326309207e-24,4.284770187480753e-24,2.2524852269907155e-24,3.636583297613731e-24,1.0358484735175362e-20,1.0359248907889694e-20,3.0830666097553644e-20,3.0836498367106997e-20,4.11978951980912e-20,4.120449325594602e-20
1.0075188600078278e-08,1.687125439546553e-07,1.6871257997185148e-07,1.7012633773794542e-17,1.7012643211331677e-17,1.7012638547629146e-17,1.701264351071282e-17,3.1816986867468392e-24,4.6583474964921944e-24,2.499290616380877e-24,3.976396176590355e-24,1.0928810419452903e-20,1.092904387179375e-20,3.275113714183169e-20,3.275699202960492e-20,4.368912732737937e-20,4.369521485969988e-20
1.0488370588701557e-08,1.7562331418877414e-07,1.756233643239631e-07,1.8435367520014596e-17,1.843537731351787e-17,1.8435372657608103e-17,1.8435379275053003e-17,3.4914810115682834e-24,5.066759325356385e-24,2.7741784679207748e-24,4.349956130661881e-24,1.1522995902317337e-20,1.1523903862286585e-20,3.4770572591583464e-20,3.477650502753912e-20,4.63031925464574e-20,4.631003617355657e-20
1.091267631814219e-08,1.827198446560977e-07,1.8271987551959305e-07,1.9955838074051935e-17,1.9955848211237267e-17,1.995584146568265e-17,1.9955849737488775e-17,3.833461285882002e-24,5.5135180772538214e-24,3.0801718938144424e-24,4.760774774147901e-24,1.2141303716677922e-20,1.21416268341047e-20,3.689156061739746e-20,3.689759968210395e-20,4.9042950444552274e-20,4.9049312626685543e-20
1.1348250811282767e-08,1.900043439744632e-07,1.9000444940878766e-07,2.1579329569491833e-17,2.15793403003557e-17,2.1579335619050676e-17,2.1579343890856802e-17,4.210624362138125e-24,6.002155876887631e-24,3.420253182714068e-24,5.2123802874470154e-24,1.2784478648203382e-20,1.2785543320124617e-20,3.9116049617357155e-20,3.9122334251307997e-20,5.191107643395772e-20,5.1918427355416933e-20
1.1795242560452834e-08,1.9747964569692428e-07,1.9747963271186855e-07,2.331135103267793e-17,2.33113621767824e-17,2.331135586878566e-17,2.3311364140591786e-17,4.625859048971572e-24,6.536110580082767e-24,3.797308579456628e-24,5.7082085542319145e-24,1.3452735569982525e-20,1.345319197334785e-20,4.144651790212594e-20,4.145292208952469e-20,5.491028470105868e-20,5.491714125285492e-20
1.2253796588534982e-08,2.0514793596634927e-07,2.05148050184175e-07,2.5157616026564608e-17,2.5157627634876024e-17,2.5157621341642793e-17,2.5157629613448918e-17,5.0819831575357926e-24,7.118743917586828e-24,4.214151359245368e-24,6.251616572084766e-24,1.4146759490960122e-20,1.4147971181310542e-20,4.388612879131197e-20,4.3892642838635826e-20,5.804440741853675e-20,5.805213638738529e-20
1.2724059306190583e-08,2.1301216508615118e-07,2.1301212139827885e-07,2.7124067081925502e-17,2.7124079021912995e-17,2.7124074503142655e-17,2.712408277494878e-17,5.581805032653373e-24,7.753403026220668e-24,4.6735831615851804e-24,6.84594635023054e-24,1.486671520102383e-20,1.4867335586483245e-20,4.643919267138848e-20,4.644573256810648e-20,6.131794238097268e-20,6.132510266315009e-20
1.32061778179704e-08,2.2107432381463692e-07,2.2107443940137632e-07,2.921687840205124e-17,2.921689068867648e-17,2.921688612065489e-17,2.9216896046822244e-17,6.128241093090916e-24,8.443526156239692e-24,5.178512911064067e-24,7.494629039176493e-24,1.5613389491107854e-20,1.561475304664886e-20,4.911044967500631e-20,4.9116918485890414e-20,6.473639550931878e-20,6.474423433809242e-20
1.3700299228425195e-08,2.2933735214873945e-07,2.2933727408932722e-07,3.144245892817456e-17,3.1442471400230354e-17,3.144246518956557e-17,3.144247511573292e-17,6.724528035142542e-24,9.192781510853178e-24,5.73216980979755e-24,8.20132613681421e-24,1.6386678963635625e-20,1.6387535224816588e-20,5.1905014751031356e-20,5.1911276766762324e-20,6.830480743543279e-20,6.831192248117045e-20
1.420656925432695e-08,2.3780309467403248e-07,2.378032216063513e-07,3.380745098930179e-17,3.3807463708786457e-17,3.380745397019348e-17,3.380746389636083e-17,7.374387704559086e-24,1.0005303510065388e-23,6.3382729425232945e-24,8.97016969656524e-24,1.7187612747611433e-20,1.7189225103571058e-20,5.482758602684899e-20,5.483358954863853e-20,7.202887795072309e-20,7.203649059729799e-20
1.4725132224668869e-08,2.464745195538288e-07,2.4647442537677547e-07,3.631873537034276e-17,3.631874825968411e-17,3.631874453140242e-17,3.631875445756977e-17,8.082157653027904e-24,1.0885842674247565e-23,7.001165777385447e-24,9.805914971966252e-24,1.8016001819340612e-20,1.801718766029689e-20,5.788248035128096e-20,5.788808966980983e-20,7.591274942060098e-20,7.591954134891186e-20
1.5256138019559273e-08,2.5535342570130607e-07,2.553535876627334e-07,3.8983470840026977e-17,3.8983484089307277e-17,3.8983473787517495e-17,3.8983487022407296e-17,8.852773783232964e-24,1.1839788501104178e-23,7.725799205425174e-24,1.0713967237939822e-23,1.8873474690654127e-20,1.887538108347212e-20,6.107327786541598e-20,6.107854467947247e-20,7.996161111094051e-20,7.996879078016353e-20
1.5799729580212585e-08,2.6444283662287703e-07,2.6444275087994084e-07,4.1809039454612584e-17,4.180905311821017e-17,4.180904335065983e-17,4.1809056585549633e-17,9.691631903765978e-24,1.2873121345157708e-23,8.517596250935419e-24,1.1700334459140113e-23,1.9759847184618713e-20,1.9761438537945597e-20,6.440300294836869e-20,6.440798541908962e-20,8.417832584214296e-20,8.418489805060364e-20
1.6356054011179566e-08,2.7374460078198127e-07,2.73744755333212e-07,4.480310765329094e-17,4.4803121699685877e-17,4.480311622202412e-17,4.480312945691392e-17,1.0604661093190588e-23,1.3992484992951925e-23,9.382530957551419e-24,1.2771705387182494e-23,2.067727287888385e-20,2.0679546009981236e-20,6.787447318410061e-20,6.787901621512112e-20,8.856784377318657e-20,8.857466155089159e-20
1.692525841701098e-08,2.832618163756107e-07,2.832617131230805e-07,4.797361272051566e-17,4.797362705890506e-17,4.797362010060107e-17,4.797363333549087e-17,1.1598733118852173e-23,1.5205595293000797e-23,1.0327538201490972e-23,1.393585740173154e-23,2.1625511050966585e-20,2.1627540228406755e-20,7.14908615857427e-20,7.149479715600086e-20,9.313312465970062e-20,9.313907648270188e-20
1.750748851447881e-08,2.929963860737357e-07,2.9299654883416584e-07,5.132876141430285e-17,5.1328776099165147e-17,5.132876723551211e-17,5.132878377912436e-17,1.2681880951348599e-23,1.6521563588759626e-23,1.1360730628303373e-23,1.5201982310054885e-23,2.2607015777723305e-20,2.260972350175971e-20,7.525601971302216e-20,7.525930258607823e-20,9.788043697976462e-20,9.788642757685709e-20
1.8102890020355034e-08,3.0295147126894496e-07,3.029513449049649e-07,5.4877043931158264e-17,5.487705883272558e-17,5.4877047808564477e-17,5.487706435217673e-17,1.3862984009029033e-23,1.7950610362116456e-23,1.2491081530785508e-23,1.6580390524183768e-23,2.362139770265474e-20,2.362397133295903e-20,7.917497527309966e-20,7.917739219145196e-20,1.028144723984154e-19,1.0281944840678778e-19
1.8711608651411638e-08,3.1312893298478077e-07,3.131290771745624e-07,5.862724013413953e-17,5.862725514421583e-17,5.862724647786349e-17,5.862725971275329e-17,1.5151182823202272e-23,1.9503394701622633e-23,1.3727828470137517e-23,1.8081840529143592e-23,2.4671424326521248e-20,2.4674644191679096e-20,8.325377056185596e-20,8.325502425747186e-20,1.0794400032261572e-19,1.0794847226780233e-19
1.9333790124420602e-08,3.235319195410641e-07,3.23531750745531e-07,6.258842600445627e-17,6.258844086144015e-17,6.258842914292273e-17,6.258844899525743e-17,1.6555585581879998e-23,2.1190649848754594e-23,1.5080167986792467e-23,1.971715234111037e-23,2.5756426796249397e-20,2.5759614349664567e-20,8.749970803313626e-20,8.749940430275508e-20,1.132756898960543e-19,1.1327855917880408e-19
1.996958154393269e-08,3.341622136796094e-07,3.3416233161923017e-07,6.676998887010771e-17,6.677000340375407e-17,6.676999257550079e-17,6.677000581039059e-17,1.8085267340915872e-23,2.3023203708297403e-23,1.6557246922946393e-23,2.1497229595516067e-23,2.6879421413018166e-20,2.688313403225185e-20,9.192072991329077e-20,9.191851332774306e-20,1.1882048833715037e-19,1.1882197467731355e-19
2.0619127238941104e-08,3.450228428538674e-07,3.4502264935668513e-07,7.118160616596137e-17,7.118162020882684e-17,7.11816114800421e-17,7.118162471493191e-17,1.974938046453227e-23,2.501219026306735e-23,1.8168269707641417e-23,2.3433256762274906e-23,2.8039122169468975e-20,2.8042931723930694e-20,9.652497876147431e-20,9.65204357304538e-20,1.245852521977002e-19,1.2458450256527008e-19
2.1282574313996605e-08,3.5611550084149735e-07,3.5611561443704524e-07,7.583328799930085e-17,7.583330151206126e-17,7.583329143323611e-17,7.583331128557081e-17,2.1557463858795123e-23,2.7169189991153076e-23,1.9922805223657868e-23,2.553684745163355e-23,2.9238634224073167e-20,2.924290260528091e-20,1.0131990566554839e-19,1.0131277123276512e-19,1.3058051510581677e-19,1.3057764582306697e-19
2.1960067098092395e-08,3.6744313218028783e-07,3.6744297662980215e-07,8.073534552672558e-17,8.073535875524431e-17,8.073535564912746e-17,8.073536888401726e-17,2.35196512308929e-23,2.9506332417833264e-23,2.183100295540232e-23,2.782014538836697e-23,3.047598656052739e-20,3.048047143041108e-20,1.0631190835056324e-19,1.0630223421480549e-19,1.368107360819896e-19,1.36805540353767e-19
2.2651752695779237e-08,3.790075258750013e-07,3.790076642721076e-07,8.589843722233267e-17,8.589845033220395e-17,8.589844497911605e-17,8.589846483145075e-17,2.5646694754963765e-23,3.2036341869509126e-23,2.3903613499291124e-23,3.029587805432001e-23,3.175429726200006e-20,3.17592280339327e-20,1.1150663490913893e-19,1.1149430474813306e-19,1.432846522214388e-19,1.4327724637001704e-19
2.3357776823829113e-08,3.9081161333194905e-07,3.908114408204214e-07,9.13335460874796e-17,9.133355895649484e-17,9.133355099918148e-17,9.133357085151618e-17,2.794995087259928e-23,3.4772439654952167e-23,2.61519869860286e-23,3.297726044737692e-23,3.3071162334835946e-20,3.3076448535938043e-20,1.1690884809214618e-19,1.1689345477793445e-19,1.5000464166842546e-19,1.4999450870592168e-19
2.4078283811235224e-08,4.0285710238487527e-07,4.02857261618721e-07,9.705198464107567e-17,9.705199741442427e-17,9.705199615754837e-17,9.705200939243817e-17,3.044138187056621e-23,3.772835195391323e-23,2.858806992516342e-23,3.587800612551407e-23,3.442994543144781e-20,3.4435567674673756e-20,1.2252151411756283e-19,1.2250300595135695e-19,1.5697698582572614e-19,1.5696409990274621e-19
2.4813420762548333e-08,4.1514686997383985e-07,4.1514679764199664e-07,1.0306543410509364e-16,1.0306544751729099e-16,1.0306544039213127e-16,1.0306545362702107e-16,3.313352748181396e-23,4.0918401324987515e-23,3.122441467141945e-23,3.901244395821389e-23,3.582786127961682e-20,3.583400051072561e-20,1.2834552478948677e-19,1.283243282862901e-19,1.6419983646165968e-19,1.6418475334017766e-19
2.556333200676164e-08,4.276828028367875e-07,4.2768305581449353e-07,1.0938590859106677e-16,1.0938592335794776e-16,1.0938591421775915e-16,1.0938593407009385e-16,3.6039501730030914e-23,4.435745621851662e-23,3.407414629253777e-23,4.2395464483923337e-23,3.726853525687143e-20,3.727501699245261e-20,1.3438036312003517e-19,1.343568401713657e-19,1.7167624380473486e-19,1.7165919612929803e-19
2.632816187286835e-08,4.4046795518023693e-07,4.404679293686358e-07,1.1602578487121277e-16,1.1602580137552796e-16,1.160258054912856e-16,1.160258187261754e-16,3.9172863556456015e-23,4.8060896266708737e-23,3.715087421685524e-23,4.604249466650491e-23,3.8748816968300556e-20,3.875606126100893e-20,1.406258093893578e-19,1.4059994707051845e-19,1.794028862078044e-19,1.7938424879462783e-19
2.7108060240976783e-08,4.5350446123523964e-07,4.5350472622682735e-07,1.229978611581766e-16,1.229978795278526e-16,1.2299786602903377e-16,1.2299787926392357e-16,4.2547298120073036e-23,5.2044533397548116e-23,4.046835933400255e-23,4.9969409542815277e-23,4.027296510158913e-20,4.028054543642136e-20,1.470834662598915e-19,1.4705505777572914e-19,1.8738560563394448e-19,1.873647710222658e-19
2.7903168664522582e-08,4.6679536926498913e-07,4.6679535062408434e-07,1.3031524263236162e-16,1.3031526296079267e-16,1.3031523807657586e-16,1.3031526454635546e-16,4.617680296878422e-23,5.632450454971196e-23,4.404067176708521e-23,5.419243440395302e-23,4.183793589057691e-20,4.1846462959469594e-20,1.5375758595697268e-19,1.5372639866294002e-19,1.956256428540739e-19,1.956029729354111e-19
2.8713631472498946e-08,4.80342672484757e-07,4.803429686510603e-07,1.3799144420093896e-16,1.3799146677861015e-16,1.3799144769128835e-16,1.3799147416106795e-16,5.007642325777394e-23,6.091780809798596e-23,4.788294502370898e-23,5.8728649666238e-23,4.3448773198295897e-20,4.345761045991829e-20,1.6065344175700636e-19,1.6061943687901218e-19,2.0413329885175835e-19,2.0410812154186376e-19
2.953959576945664e-08,4.941491171823326e-07,4.941491329143229e-07,1.4604039846037317e-16,1.4604042361421293e-16,1.4604041797724174e-16,1.4604044444702135e-16,5.426263040274321e-23,6.584305169340249e-23,5.201174518288351e-23,6.359676079945479e-23,4.510262389786764e-20,4.511257914578669e-20,1.677753892829055e-19,1.6773841172458496e-19,2.1291008581655518e-19,2.1288304735028235e-19
3.0381208659946424e-08,5.082168779088365e-07,5.082171720903993e-07,1.5447643988494666e-16,1.5447646764705883e-16,1.5447645585031075e-16,1.5447648232009035e-16,5.875341358777469e-23,7.112059425820347e-23,5.644515609200008e-23,6.881721507826675e-23,4.680525886653441e-20,4.6815504920137556e-20,1.7512749981424752e-19,1.7508736862984163e-19,2.2196582651823844e-19,2.2193594461860996e-19
3.12386144729615e-08,5.225488199706767e-07,5.225488408529527e-07,1.6331428489713104e-16,1.6331431536061886e-16,1.633142917428437e-16,1.6331431821262331e-16,6.356834287420511e-23,7.677223990780923e-23,6.12028519420349e-23,7.441192390317727e-23,4.855365695635582e-20,4.856523748493156e-20,1.8271573163638222e-19,1.826723434283144e-19,2.313035065618316e-19,2.3127168595764243e-19
3.211195476193751e-08,5.371472355754012e-07,5.371475343839052e-07,1.7256903749090454e-16,1.7256907074638073e-16,1.72569053133883e-16,1.725690928385524e-16,6.872822525727057e-23,8.282120008549498e-23,6.630573439153272e-23,8.040418706988298e-23,5.035408987658564e-20,5.0365932130277076e-20,1.9054919666074474e-19,1.9050216368810286e-19,2.409384804874551e-19,2.4090329946202746e-19
3.300137940698278e-08,5.520149240493188e-07,5.520148848223421e-07,1.8225631416311408e-16,1.8225634972737233e-16,1.8225633072361402e-16,1.8225637042828342e-16,7.425473232375931e-23,8.929193579020982e-23,7.177553182526693e-23,8.68185476188671e-23,5.2203313528259024e-20,5.221664212211364e-20,1.9863965636166984e-19,1.9858806097096185e-19,2.508793044445701e-19,2.508410214918454e-19
3.3907032737090503e-08,5.671539974976252e-07,5.671542073239222e-07,1.923921047706347e-16,1.9239214187993136e-16,1.923920990240264e-16,1.923921387286958e-16,8.017021723628167e-23,9.620981678866566e-23,7.763466682560753e-23,9.3680413182165e-23,5.4107816109305676e-20,5.412133857361636e-20,2.0699972524349894e-19,2.069426368565357e-19,2.611450552860536e-19,2.611014732075297e-19
3.4829056305696326e-08,5.825669240068195e-07,5.82566876897693e-07,2.0299280264009774e-16,2.0299284124968505e-16,2.0299280900314256e-16,2.0299284870781197e-16,8.649750016310388e-23,1.0360098277581789e-22,8.39059784934825e-23,1.0101596132005553e-22,5.606394316162873e-20,5.607916845477854e-20,2.1564084166314e-19,2.155774201746119e-19,2.7174353952893655e-19,2.7169530455946705e-19
3.576759721735101e-08,5.982557585134177e-07,5.982560152802477e-07,2.1407530660964847e-16,2.140753471869591e-16,2.1407532191056883e-16,2.1407536161523823e-16,9.325964108620736e-23,1.1149218560268437e-22,9.0612520499986e-23,1.088519375726693e-22,5.807819903902925e-20,5.809348249331587e-20,2.2457118695383906e-19,2.245014452884432e-19,2.8268936208090934e-19,2.826349232568457e-19
3.672280257660532e-08,6.14222793276901e-07,6.14222807088444e-07,2.256569667161586e-16,2.2565700987804836e-16,2.256569622170545e-16,2.256570151566137e-16,1.0047978202910767e-22,1.1991064412593886e-22,9.777742855774637e-23,1.1721555448579282e-22,6.014610533397207e-20,6.016343089039593e-20,2.3379487116926473e-19,2.337190548962454e-19,2.939822385986364e-19,2.939237155702983e-19
3.769481393689489e-08,6.304702764846912e-07,6.304705113522636e-07,2.377555247549783e-16,2.377555703340573e-16,2.377555308493817e-16,2.377555837889409e-16,1.081811407459673e-22,1.2888366555467647e-22,1.0542390148826433e-22,1.261341003358595e-22,6.227400807271912e-20,6.229129485505177e-20,2.4331290243578857e-19,2.432303911696864e-19,3.0562943276187175e-19,3.0556418889105663e-19
3.8683778402770486e-08,6.470005169569156e-07,6.4700054747493e-07,2.503892569640548e-16,2.50389305167703e-16,2.50389265485696e-16,2.503892919554756e-16,1.1638701072159557e-22,1.3843826048629198e-22,1.1357523277634925e-22,1.356345730984896e-22,6.44566727529566e-20,6.447629890545913e-20,2.5312372978976204e-19,2.530340840908766e-19,3.1762417202935006e-19,3.175541460206186e-19
3.968983752766775e-08,6.638160238846714e-07,6.638163418061418e-07,2.6357684638385427e-16,2.6357689809300967e-16,2.635768802601758e-16,2.63576933199735e-16,1.2512066019725292e-22,1.486012501915629e-22,1.2225469697414878e-22,1.4574381928800963e-22,6.670036785276401e-20,6.671994876882679e-20,2.6322474244237677e-19,2.631283500516202e-19,3.299701528644337e-19,3.298933026156487e-19
4.0713141191695e-08,6.809192358419322e-07,6.809193525832927e-07,2.77337571568103e-16,2.773376277251791e-16,2.7733759223281195e-16,2.7733764517237115e-16,1.3440552780815527e-22,1.5939958215901158e-22,1.3148573271687884e-22,1.564887990147164e-22,6.899959391353758e-20,6.902181793015141e-20,2.7361415678543694e-19,2.735113020461448e-19,3.4266003403918628e-19,3.425793580800682e-19
4.175634560343866e-08,6.983547928904191e-07,6.983551704084229e-07,2.917262190858734e-16,2.9172628039908497e-16,2.9172624678693916e-16,2.9172629972649836e-16,1.4429000543767248e-22,1.7088881743991455e-22,1.4131669402258586e-22,1.6792498497746507e-22,7.136648076347857e-20,7.13886143072129e-20,2.8431746032156684e-19,2.8420853097465126e-19,3.5573147812087307e-19,3.5564465000594914e-19
4.281461019051136e-08,7.160417185440903e-07,7.160418718729373e-07,3.066942764871765e-16,3.0669434341815227e-16,3.066942718769883e-16,3.066943512863271e-16,1.5475225741594804e-22,1.8304237457720948e-22,1.5172599765690299e-22,1.800261112635554e-22,7.378385794252798e-20,7.380899001598281e-20,2.9528504806340743e-19,2.951700182594743e-19,3.6911769027503043e-19,3.6902778608220357e-19
4.389054952813609e-08,7.34023990726679e-07,7.340243818815609e-07,3.222961038746278e-16,3.2229617666391816e-16,3.222960893698205e-16,3.222961687791593e-16,1.6584243005300505e-22,1.959171272867192e-22,1.6276376468630435e-22,1.9284897585816328e-22,7.626380358009877e-20,7.628894211590214e-20,3.065455869890625e-19,3.0642393974022893e-19,3.828594608456149e-19,3.827629392078876e-19
4.498430794530606e-08,7.523039531169302e-07,7.523041273074533e-07,3.3855294086716655e-16,3.3855301983996985e-16,3.3855295449845585e-16,3.3855303390779466e-16,1.7758922526401906e-22,2.0954489506191666e-22,1.7445877275661241e-22,2.0642547398540863e-22,7.88006566588738e-20,7.882918146530981e-20,3.1810378168826597e-19,3.179750517054374e-19,3.96955807555649e-19,3.9685556360516525e-19
4.609603254657202e-08,7.708841954751728e-07,7.708846341974735e-07,3.554865982386325e-16,3.5548668402533843e-16,3.55486625421727e-16,3.554867048310658e-16,1.9002172361740014e-22,2.2395814110677356e-22,1.868401276797862e-22,2.207881319581355e-22,8.140133835413467e-20,8.1429830848828e-20,3.2996467279287554e-19,3.298292995157524e-19,4.1141867282522657e-19,4.113118114298424e-19
4.722586766092718e-08,7.897669711109251e-07,7.897672071586516e-07,3.7311938313131567e-16,3.7311947654181033e-16,3.731193896940586e-16,3.73119495573177e-16,2.031691950081756e-22,2.391894927083298e-22,1.9993714983795098e-22,2.359696275504818e-22,8.406072402349265e-20,8.409297114268515e-20,3.42133662826267e-19,3.4199193059818485e-19,4.2624841854586554e-19,4.2613892051227883e-19
4.8373954841807176e-08,8.089549178749537e-07,8.089553210975479e-07,3.9147410419668507e-16,3.9147420494656035e-16,3.9147414367480605e-16,3.9147424955392445e-16,2.170614520676756e-22,2.5527230921654544e-22,2.1377971497130927e-22,2.5200337059950543e-22,8.678642631352266e-20,8.681869281976076e-20,3.5461659375151644e-19,3.5446772709065104e-19,4.414583830049433e-19,4.413418022373616e-19
4.9540443969320336e-08,8.284501856191699e-07,8.284504059900919e-07,4.105742567022896e-16,4.105743647263155e-16,4.105742601793577e-16,4.105743660584761e-16,2.3172924143854196e-22,2.7224130051125013e-22,2.283986328313754e-22,2.689240709850361e-22,8.957397974138661e-20,8.961024644136823e-20,3.6741881639321137e-19,3.67262143215315e-19,4.570495484794374e-19,4.569291420015226e-19
5.0725473821344735e-08,8.482554984153012e-07,8.48255910924087e-07,4.30443719588688e-16,4.3044383511252736e-16,4.3044374729781225e-16,4.3044385317693066e-16,2.472040165827877e-22,2.9013213572713437e-22,2.4382531901483886e-22,2.8676744832886226e-22,9.243113266297866e-20,9.246750922288539e-20,3.805457849735158e-19,3.803809692364646e-19,4.730351240097543e-19,4.729067042196555e-19
5.19291942779887e-08,8.683730026743264e-07,8.68373213572032e-07,4.511071280208845e-16,4.511072510487954e-16,4.511071425158605e-16,4.511072483949789e-16,2.635173066930727e-22,3.0898078692147623e-22,2.6009137844500646e-22,3.0556952517535987e-22,9.535391719629796e-20,9.539462352972352e-20,3.940039876903594e-19,3.9382991787020527e-19,4.894175394389436e-19,4.892841565651694e-19
5.3151744117130306e-08,8.888055131286337e-07,8.888058260125755e-07,4.725895111392645e-16,4.72589640570667e-16,4.725894862450057e-16,4.725896450636833e-16,2.807001865781754e-22,3.2882289798541723e-22,2.772278354435587e-22,3.2536589492857254e-22,9.835000414905624e-20,9.839088496589226e-20,4.078011793619849e-19,4.0761651129023244e-19,5.062123561022789e-19,5.060685300732712e-19
5.439326766776276e-08,9.09555008683869e-07,9.09555210148582e-07,4.949165805428433e-16,4.949167163600055e-16,4.949166394599186e-16,4.94916745339037e-16,2.9878264557426866e-22,3.496931030681402e-22,2.952647550773154e-22,3.46191242224781e-22,1.0141578106842212e-19,1.0146124369036986e-19,4.219457868908827e-19,4.2174958998934276e-19,5.234242268907057e-19,5.232734732240679e-19
5.5653914809994376e-08,9.306243717056026e-07,9.306246191722548e-07,5.181147493136587e-16,5.181148907902613e-16,5.181147543028457e-16,5.181149131215233e-16,3.1779325937878327e-22,3.7162484987202647e-22,3.1423063731306034e-22,3.680789895228177e-22,1.0455844054831567e-19,1.0460416166420483e-19,4.364463405771197e-19,4.362372189785086e-19,5.410690233322275e-19,5.4090560346246e-19
5.693382432170324e-08,9.520153708593437e-07,9.520155182106589e-07,5.422108344499587e-16,5.42210980979874e-16,5.422108828885401e-16,5.422109887676585e-16,3.3775972016493606e-22,3.9465034916555807e-22,3.341531995675594e-22,3.910613223476156e-22,1.0777457693105866e-19,1.0782515773304657e-19,4.51309949004085e-19,4.510864034435426e-19,5.591503643420241e-19,5.589773801964239e-19
5.823314608299768e-08,9.737308577945645e-07,9.737311418953239e-07,5.672324742661658e-16,5.672326264020318e-16,5.672324479086689e-16,5.672326067273465e-16,3.587099725414336e-22,4.1880153403817832e-22,3.550603359624212e-22,4.1517017378861806e-22,1.110705685546557e-19,1.1112151771051014e-19,4.665416011048482e-19,4.663034247872212e-19,5.776796236535182e-19,5.774923189435632e-19
5.955201332064064e-08,9.95772617341361e-07,9.957728962870643e-07,5.932076103439731e-16,5.932077699056745e-16,5.932076661482877e-16,5.932078249669653e-16,3.806736019476653e-22,4.441113220777403e-22,3.7698168242413303e-22,4.404384361901292e-22,1.1444269956869883e-19,1.144988315280788e-19,4.821446056018594e-19,4.818928842017019e-19,5.966563359776152e-19,5.964607077627464e-19
6.089058146585558e-08,1.0181436396499615e-06,1.0181440720123322e-06,6.201652518313639e-16,6.201654209144085e-16,6.201652837880438e-16,6.201654426067215e-16,4.03682920126309e-22,4.706147260866613e-22,3.9994952545182384e-22,4.669011980852132e-22,1.1789625617429015e-19,1.179530214438266e-19,4.981219610248391e-19,4.978575734215519e-19,6.160889282168055e-19,6.158813058830547e-19
6.224898929652056e-08,1.0408457196890535e-06,1.0408460846531888e-06,6.481347245211839e-16,6.481349044351743e-16,6.481347352228545e-16,6.481349469810913e-16,4.2777299036688e-22,4.983497628496858e-22,4.239989283350089e-22,4.945964005279677e-22,1.2142773577852337e-19,1.2149003281840627e-19,5.144758904216836e-19,5.141988366152666e-19,6.359759528050171e-19,6.35761196038483e-19
6.36273811416288e-08,1.0638816893859294e-06,1.0638821304827413e-06,6.771461154896314e-16,6.771463065143001e-16,6.771461430619063e-16,6.771463548201431e-16,4.529809459299088e-22,5.273564686354755e-22,4.491669990906697e-22,5.235641302741523e-22,1.250416620253734e-19,1.2510470869768643e-19,5.312049462263209e-19,5.309156398070805e-19,6.563206150671237e-19,6.560943294708021e-19
6.50259013301735e-08,1.0872531486768103e-06,1.0872536962409744e-06,7.072301704827571e-16,7.072303753340491e-16,7.072302122495373e-16,7.072304240077741e-16,4.793455104195109e-22,5.576764952998262e-22,4.754926380277646e-22,5.538459886924647e-22,1.2873481666526954e-19,1.2880369237596165e-19,5.483032864756748e-19,5.480034852024126e-19,6.771136609200222e-19,6.768827224327551e-19
6.644469419114785e-08,1.110963228309744e-06,1.1109638036830433e-06,7.384183075082112e-16,7.384185282916598e-16,7.38418335944355e-16,7.384185477025918e-16,5.069065181559564e-22,5.893526054146879e-22,5.030154775181719e-22,5.85484839329051e-22,1.3251093493566532e-19,1.3258088339621434e-19,5.657634665442324e-19,5.654546179830204e-19,6.983515748461095e-19,6.981126747454465e-19
6.788390405354505e-08,1.1350137965407143e-06,1.1350143954251546e-06,7.707426303570344e-16,7.707428680405162e-16,7.70742648458796e-16,7.707428602170328e-16,5.357031976143401e-22,6.224286722681656e-22,5.31775048959574e-22,6.1852460595911405e-22,1.3636727680078168e-19,1.3644333864304535e-19,5.835801614568004e-19,5.832622139088503e-19,7.200261367380482e-19,7.19784289806453e-19
6.934366969524319e-08,1.1594082663447022e-06,1.159408800611994e-06,8.042358153065774e-16,8.042360695314188e-16,8.04235866440448e-16,8.04236131138244e-16,5.657734646052105e-22,6.569482157386784e-22,5.618092176754215e-22,6.530089094352688e-22,1.403067115433684e-19,1.4038427265049232e-19,6.017538365024732e-19,6.014250839077717e-19,7.421408621134417e-19,7.418897093999553e-19
7.082414099635059e-08,1.1841482980656619e-06,1.1841488344994065e-06,8.389314976678914e-16,8.389317677441544e-16,8.389315535698458e-16,8.389318182676418e-16,5.97153114481003e-22,6.9295283719492405e-22,5.931538799923456e-22,6.889794521004089e-22,1.4432750725401796e-19,1.4441156948376866e-19,6.20289403066138e-19,6.199482427622482e-19,7.64698852899587e-19,7.644417031266596e-19
7.232546228586045e-08,1.2092372131263743e-06,1.2092376487004772e-06,8.748639038874618e-16,8.748641885566856e-16,8.748639088022349e-16,8.748641735000309e-16,6.298746104456891e-22,7.304813612152139e-22,6.258416505756117e-22,7.264751090199437e-22,1.4843227472153872e-19,1.4851819810766767e-19,6.391939955805781e-19,6.388384630135451e-19,7.8770988016747e-19,7.87440270986566e-19
7.384776679053573e-08,1.234676462567733e-06,1.2346769385669643e-06,9.120677118629284e-16,9.12068010409074e-16,9.120678193071303e-16,9.120681369444855e-16,6.639673864773646e-22,7.695696336390813e-22,6.599019634033155e-22,7.655318270076022e-22,1.526210010212336e-19,1.527135806263542e-19,6.58473921297964e-19,6.5810210361262145e-19,8.11180199470473e-19,8.109008709173715e-19
7.539120994159987e-08,1.2604693735976044e-06,1.2604697801365562e-06,9.505788693802842e-16,9.505791815479051e-16,9.50578913407876e-16,9.505792310452311e-16,6.994594629153828e-22,8.102510769253585e-22,6.953629397890063e-22,8.061830790093148e-22,1.5689590920099887e-19,1.5699073770340983e-19,6.781351255789487e-19,6.777453167152831e-19,8.351179792171451e-19,8.348229342324051e-19
7.695593051693095e-08,1.286617437586601e-06,1.286617897383515e-06,9.904336607864278e-16,9.904339865097842e-16,9.90433719400322e-16,9.904340370376773e-16,7.363791125345869e-22,8.52558356226409e-22,7.322529534817231e-22,8.484616311516408e-22,1.612587053208479e-19,1.6136047438558606e-19,6.981832952902433e-19,6.977745646700655e-19,8.595306640329992e-19,8.592236766281654e-19
7.854207284552217e-08,1.313124071797506e-06,1.3131245288670011e-06,1.0316692613007255e-15,1.0316696015668881e-15,1.0316692949759111e-15,1.0316697184923848e-15,7.747549615195056e-22,8.965243386429879e-22,7.706005801788965e-22,8.924003505353352e-22,1.657109403444292e-19,1.6581534604736988e-19,7.186261852500905e-19,7.181988947649186e-19,8.844276113987148e-19,8.841047007670894e-19
8.014978125636674e-08,1.3399907607437866e-06,1.3399913833542568e-06,1.0743236116128565e-15,1.0743239692371247e-15,1.0743236507381512e-15,1.0743239683755064e-15,8.146162923869405e-22,9.421814368919689e-22,8.104351528844264e-22,9.380317003643698e-22,1.7025594884358717e-19,1.703675923768877e-19,7.394735148306879e-19,7.390286467574992e-19,9.098216426137864e-19,9.094884956220807e-19
8.177919452734272e-08,1.367220877839621e-06,1.3672213676038832e-06,1.118435277325341e-15,1.1184356530747908e-15,1.1184353266861422e-15,1.1184356443234974e-15,8.559929934988689e-22,9.895614578450505e-22,8.517865094731918e-22,9.853873865362472e-22,1.7489418318271928e-19,1.7500896741740808e-19,7.607365026690932e-19,7.602745222969823e-19,9.357248034958845e-19,9.353775944337654e-19
8.343046253855846e-08,1.3948157546678566e-06,1.394816465250491e-06,1.1640439046959972e-15,1.1640443002663913e-15,1.1640439216101684e-15,1.1640442392475236e-15,8.98916215394716e-22,1.0386967132449106e-21,8.94685800484618e-22,1.034499821767841e-21,1.7963060644550085e-19,1.7975292577858212e-19,7.824257470169047e-19,7.819470162373896e-19,9.621523968863412e-19,9.617958820423308e-19
8.510372406789202e-08,1.422778646835432e-06,1.4227792659543374e-06,1.211189627869008e-15,1.2111900456887863e-15,1.211189563696106e-15,1.2111899872125796e-15,9.434190776107265e-22,1.089621837240732e-21,9.3916614545495e-22,1.0854034382599425e-21,1.844643139031369e-19,1.8459018752791273e-19,8.045483823069057e-19,8.040534698066576e-19,9.891106266397506e-19,9.887416006889754e-19
8.679911789322148e-08,1.4511108021230887e-06,1.4511115682984063e-06,1.2599133721334455e-15,1.2599138134394167e-15,1.259913439921015e-15,1.2599138634374887e-15,9.895378298832173e-22,1.1423744932075736e-21,9.852637941205044e-22,1.1381360003618062e-21,1.89401406012645e-19,1.895348664346016e-19,8.271065281894159e-19,8.265961577514707e-19,1.0166077645622384e-18,1.016230880395644e-18
8.851679944577029e-08,1.479815400835154e-06,1.4798161330140114e-06,1.3102573508404786e-15,1.310257817883403e-15,1.3102573725366664e-15,1.31025779605314e-15,1.0373122560453605e-21,1.196995474720566e-21,1.0330184293402573e-21,1.1927380997001714e-21,1.9443879377142515e-19,1.9457632547295916e-19,8.500966174480436e-19,8.495726502287796e-19,1.044637193208904e-18,1.0442506930676886e-18
9.02569019523014e-08,1.508893797212349e-06,1.508894763714401e-06,1.3622639545086292e-15,1.3622644511103428e-15,1.362264030827778e-15,1.3622644543442516e-15,1.0867838564916579e-21,1.253528200683933e-21,1.082471349560319e-21,1.249253458101849e-21,1.9958310754907485e-19,1.9972867841218711e-19,8.735116190475822e-19,8.72976019600954e-19,1.0731983955918646e-18,1.0728083799330459e-18
9.201957529292315e-08,1.5383493446384337e-06,1.5383501566490487e-06,1.4159768969939575e-15,1.4159774249450397e-15,1.415976931112015e-15,1.4159773546284886e-15,1.1379931218746526e-21,1.312017301692248e-21,1.1336634493300162e-21,1.307726403238825e-21,2.0482964275586021e-19,2.0497984066052394e-19,8.973417619170458e-19,8.96795512520031e-19,1.1022769994479772e-18,1.1018808833321409e-18
9.380495269439848e-08,1.5681835856414493e-06,1.5681845855967762e-06,1.4714402339005638e-15,1.4714407942020766e-15,1.4714403308608713e-15,1.4714408602564634e-15,1.1909801389501045e-21,1.3725061966497343e-21,1.1866347144309126e-21,1.3682006569379105e-21,2.1018567599623228e-19,2.1034419740580983e-19,9.215778436721198e-19,9.210208409271419e-19,1.1318709368257103e-18,1.1314723391680363e-18
9.561319513906597e-08,1.598399837872454e-06,1.5984006841770343e-06,1.528699739410347e-15,1.528700333096715e-15,1.5286996522161436e-15,1.5287001816117357e-15,1.2457861051899277e-21,1.4350391122541826e-21,1.2414263423349226e-21,1.430720243948504e-21,2.1564531360832662e-19,2.1580882395097362e-19,9.462135570606335e-19,9.456453873773861e-19,1.1619680068110288e-18,1.1615633086963372e-18
9.744441920034319e-08,1.6289999154874783e-06,1.6290008374745743e-06,1.5878006602474759e-15,1.5878012863152266e-15,1.5878008467152204e-15,1.5878013761108124e-15,1.3024548433951292e-21,1.4996634054034548e-21,1.2980823577914446e-21,1.4953328240910556e-21,2.2121593559417084e-19,2.2138835105309986e-19,9.712479715043977e-19,9.70666463533773e-19,1.1925749302464096e-18,1.1921658894335022e-18
9.929879141168385e-08,1.6599870209354616e-06,1.6599877591702387e-06,1.6487907200311275e-15,1.648791376885571e-15,1.6487908188075559e-15,1.6487914540822663e-15,1.361032902670004e-21,1.5664299670922687e-21,1.3566492089305782e-21,1.5620892883602826e-21,2.2689083403598503e-19,2.270686520182898e-19,9.966851195088987e-19,9.960874815163291e-19,1.223688811999709e-18,1.2232689144412617e-18
1.011764449998509e-07,1.6913629632922967e-06,1.6913638435805435e-06,1.7117174632620158e-15,1.711718150506715e-15,1.7117175317337883e-15,1.7117182728876171e-15,1.4215668321188478e-21,1.6353899912379294e-21,1.4171736468050102e-21,1.6310409316476863e-21,2.3267714336655245e-19,2.328644222271133e-19,1.0225331694826854e-18,1.0219175403117928e-18,1.2553250583098355e-18,1.2548966821501096e-18
1.0307752429383754e-07,1.72313079678044e-06,1.723131484477735e-06,1.7766296971292246e-15,1.7766304141825722e-15,1.776629795767503e-15,1.7766304310422136e-15,1.4841009594136464e-21,1.706592551299629e-21,1.479699999086727e-21,1.7022369283866544e-21,2.385678842494547e-19,2.3876110847066825e-19,1.0488027713761445e-18,1.0481684272438929e-18,1.2874873914895457e-18,1.2870460906327487e-18
1.0500217362263697e-07,1.7552923443383932e-06,1.7552931978808903e-06,1.8435771447675724e-15,1.8435778914843813e-15,1.843577162336115e-15,1.8435777976108254e-15,1.5486744625423969e-21,1.780083186639704e-21,1.5442673427895295e-21,1.775722515016936e-21,2.445705271595989e-19,2.4477383264452793e-19,1.0755059193081579e-18,1.0748514126484753e-18,1.3201950434880816e-18,1.3197438164639339e-18
1.0695052621301215e-07,1.787850413849856e-06,1.7878511723201825e-06,1.9126100584774236e-15,1.9126108366019264e-15,1.9126103475373404e-15,1.912610982812051e-15,1.6153217737058903e-21,1.8559024888848934e-21,1.6109101101142089e-21,1.8515385860878577e-21,2.5067873899542014e-19,2.5088855852767305e-19,1.1026527462412294e-18,1.101977560066233e-18,1.3534521502085057e-18,1.3529866543187915e-18
1.0892273749618653e-07,1.820806838744287e-06,1.8208078367111871e-06,1.983780403984176e-15,1.9837812167493316e-15,1.9837805968644885e-15,1.9837814438974357e-15,1.6840738919822582e-21,1.9340880204360604e-21,1.6796591991647007e-21,1.929722300103499e-21,2.569010242075913e-19,2.5712139029265425e-19,1.130250696800872e-18,1.1295556582911744e-18,1.3872743246848802e-18,1.3867996264108513e-18
1.109189518011533e-07,1.8541644374908857e-06,1.8541652693202827e-06,2.0571407063038025e-15,2.0571415555956135e-15,2.0571406381185257e-15,2.057141485151473e-15,1.7549610086560652e-21,2.0146761320037175e-21,1.7505448012255697e-21,2.0103100077743726e-21,2.632314891342479e-19,2.634589638027e-19,1.158303803492572e-18,1.1575905670093982e-18,1.4216600159535564e-18,1.4211742541388347e-18
1.1293930235467542e-07,1.8879251009395418e-06,1.88792622750171e-06,2.132744033006775e-15,2.132744921864961e-15,2.132743834375129e-15,2.1327446814080765e-15,1.828014021831247e-21,2.097701760659635e-21,1.82359761245236e-21,2.0933368481206406e-21,2.696796980512226e-19,2.6991821041097344e-19,1.186813824075131e-18,1.1860844575700123e-18,1.4566202875552273e-18,1.456129355861677e-18
1.1498392238351585e-07,1.922091633671909e-06,1.9220926255922137e-06,2.210644398264813e-15,2.210645330437916e-15,2.21064460750116e-15,2.2106454545341072e-15,1.9032660510440485e-21,2.1832000454239753e-21,1.89885065140712e-21,2.1788375562656817e-21,2.7624006748938067e-19,2.764864122155566e-19,1.2157832400903865e-18,1.2150387775390888e-18,1.4921521409601723e-18,1.4916539714362623e-18
1.1705297842112827e-07,1.9566661049073494e-06,1.9566672760902917e-06,2.2908980694392463e-15,2.2908990463681676e-15,2.2908980146381895e-15,2.2908990734293736e-15,1.9807494080371474e-21,2.2712061253169004e-21,1.976336229832528e-21,2.2668470692812663e-21,2.829231698509263e-19,2.8318106925628383e-19,1.245214636477753e-18,1.244455594868159e-18,1.5282688110581923e-18,1.5277676430045618e-18
1.1914659259204541e-07,1.991651192100258e-06,1.991652163380389e-06,2.37356059988217e-15,2.3735616216660016e-15,2.373560806993684e-15,2.373561654026631e-15,2.060496808450005e-21,2.3617553413069642e-21,2.056087063368045e-21,2.35740093008434e-21,2.8972386110642514e-19,2.8999023911306136e-19,1.2751094608033022e-18,1.2743354265451057e-18,1.5649663687413777e-18,1.5644586866404233e-18
1.212649203274907e-07,2.0270488245415635e-06,2.0270500388332516e-06,2.458689836939038e-15,2.4586909050204437e-15,2.458689947533346e-15,2.45869100632453e-15,2.1425425835092168e-21,2.454883438259504e-21,2.1381374832402668e-21,2.4505346815918487e-21,2.966532306459643e-19,2.9693144767511767e-19,1.3054666790912686e-18,1.3046772385941633e-18,1.6022551537673853e-18,1.601743852751251e-18
1.2340810595645735e-07,2.062861748146523e-06,2.0628627131124774e-06,2.5463442125704767e-15,2.546345327357419e-15,2.5463440932887733e-15,2.5463451520799573e-15,2.226925507305996e-21,2.5506299980593006e-21,2.2225260615920146e-21,2.546288107636964e-21,3.0370623783768596e-19,3.039934246066067e-19,1.336285360763463e-18,1.3354798936419895e-18,1.6401288588840445e-18,1.63961063023028e-18
1.2557627160347806e-07,2.0990921951557877e-06,2.099093441701623e-06,2.6365822682139814e-15,2.6365834309501626e-15,2.6365825365662733e-15,2.6365835953574574e-15,2.3136898065381328e-21,2.6490404590944942e-21,2.3092972270694705e-21,2.6447066466078273e-21,3.108931707404588e-19,3.11192791067962e-19,1.3675668499883809e-18,1.3667446324595032e-18,1.6785994782102373e-18,1.6780768034606804e-18
1.2776958380200654e-07,2.1357429072514558e-06,2.1357438927394057e-06,2.729465423102645e-15,2.729466634794296e-15,2.7294654167051013e-15,2.7294666872545222e-15,2.402885564406778e-21,2.750167125998545e-21,2.3985006589770017e-21,2.745842401189506e-21,3.182084717345422e-19,3.1851783728363704e-19,1.3993175574157694e-18,1.3984776589012984e-18,1.7176677355289996e-18,1.7171370991660469e-18
1.2998817577880573e-07,2.1728158259416794e-06,2.1728171629279737e-06,2.825054761472949e-15,2.8250560246908266e-15,2.825054567110407e-15,2.8250558376598277e-15,2.4945695284100097e-21,2.8540675540630974e-21,2.4901935087094698e-21,2.8497527247252537e-21,3.256614466018274e-19,3.2598378854678167e-19,1.4315442038881057e-18,1.4306877617613836e-18,1.7573495540671232e-18,1.756815402186567e-18
1.3223218076063858e-07,2.210313628185157e-06,2.2103147052838536e-06,2.9234124047837384e-15,2.9234137221738037e-15,2.92341245646205e-15,2.9234137270114707e-15,2.588805312291225e-21,2.9608063667735076e-21,2.5844389861134882e-21,2.9565026445972093e-21,3.332462275298441e-19,3.335791677263967e-19,1.4642520626817947e-18,1.4633798007258575e-18,1.797644416836725e-18,1.7971050950773405e-18
1.3450175417872856e-07,2.248238310103255e-06,2.24823960960803e-06,3.0246025144068675e-15,3.0246038857356936e-15,3.0246024004728376e-15,3.0246038827804952e-15,2.6856617804520055e-21,3.070454448015275e-21,2.681306157539031e-21,3.066162640794089e-21,3.409714999150241e-19,3.4131772670016585e-19,1.4974413405919895e-18,1.496554292782603e-18,1.8385611126318138e-18,1.8380203433063572e-18
1.367970292598386e-07,2.286592404158712e-06,2.286593562079043e-06,3.1286893537618474e-15,3.1286907814953393e-15,3.128689408921472e-15,3.1286906794708927e-15,2.78521082651981e-21,3.18308631674495e-21,2.780866916613556e-21,3.1788076361692273e-21,3.4883067216186115e-19,3.491884019273962e-19,1.5311096594744291e-18,1.5302092733776651e-18,1.8800909560559573e-18,1.8795481187789694e-18
1.3912374585700604e-07,2.32547173629246e-06,2.3254731907514092e-06,3.2359990155897322e-15,3.2360005041058865e-15,3.235999165976172e-15,3.2360006482838296e-15,2.887773144540716e-21,3.299059421615907e-21,2.8834417554347498e-21,3.2947942715824306e-21,3.5685122217632845e-19,3.5722257457257647e-19,1.5653379796315671e-18,1.5644262198013806e-18,1.922341894179094e-18,1.9218015384439438e-18
1.4147092386451732e-07,2.364692888271857e-06,2.3646941666394597e-06,3.3460855281735795e-15,3.346087080834038e-15,3.3460854970319715e-15,3.346087191097866e-15,2.992926662375994e-21,3.417892115713854e-21,2.9886086018638824e-21,3.4136415059645825e-21,3.649868019947289e-19,3.6537071719653007e-19,1.5999665518076042e-18,1.5990446590149139e-18,1.9651083726190044e-18,1.9645702916305387e-18
1.4384423652202827e-07,2.4043507535860195e-06,2.404352245506322e-06,3.4592698445680138e-15,3.4592714629760654e-15,3.459269639334117e-15,3.4592711216417747e-15,3.100973494819682e-21,3.539926297666001e-21,3.0966693687466002e-21,3.535690632097718e-21,3.732640623424232e-19,3.736623498073675e-19,1.6350857454844619e-18,1.6341533061389615e-18,2.0085070238420584e-18,2.0079728719615023e-18
1.4624381705630185e-07,2.444447796759626e-06,2.4444490728308885e-06,3.575620670728247e-15,3.575622355556486e-15,3.5756204143095726e-15,3.575622108375467e-15,3.21196251338258e-21,3.665219522763993e-21,3.207673331490487e-21,3.661000013067049e-21,3.8167511915419794e-19,3.820870292498552e-19,1.6707069343955626e-18,1.6697632247142162e-18,2.0525415701610126e-18,2.052009899822294e-18
1.4866980979633126e-07,2.4849862140735937e-06,2.484987724240585e-06,3.695208381955602e-15,3.695210134377778e-15,3.695208337451197e-15,3.695210031517092e-15,3.3259337038462524e-21,3.79382066251863e-21,3.3216596680835394e-21,3.789617308693025e-21,3.902279598928431e-19,3.9065494018528533e-19,1.7068406650937165e-18,1.7058860986668303e-18,2.0972306231396493e-18,2.0967028819088405e-18
1.511223590711097e-07,2.525968451209601e-06,2.5259697058136604e-06,3.818104514258482e-15,3.818106334488031e-15,3.8181047712847974e-15,3.818106465350692e-15,3.442921195488902e-21,3.925770106608259e-21,3.438662911700745e-21,3.92158371644756e-21,3.9891557937254614e-19,3.9935721627146703e-19,1.74349427880686e-18,1.7425304065980826e-18,2.1425741827779686e-18,2.1420518182211414e-18
1.536016092096304e-07,2.5673966709679683e-06,2.567398340948962e-06,3.944381776105433e-15,3.944383668842761e-15,3.944382137127363e-15,3.9443838311932575e-15,3.562956896156424e-21,4.061106629124095e-21,3.558714768239605e-21,4.056937606525085e-21,4.077466371403447e-19,4.082040680190865e-19,1.7806710842574433e-18,1.7797010081940717e-18,2.1885842431948525e-18,2.188071804805376e-18
1.5610770454088652e-07,2.6092732902630207e-06,2.609274842959794e-06,4.074114060318381e-15,4.074116033819086e-15,4.074114126845305e-15,4.0741162444276734e-15,3.686075137075413e-21,4.1998681963637824e-21,3.6818495689267166e-21,4.195716541326462e-21,4.1671526538376846e-19,4.171884643929371e-19,1.8183725290115383e-18,1.817399971406329e-18,2.2352568752823914e-18,2.2347574649875625e-18
1.5864077829164103e-07,2.6516007708208937e-06,2.6516026547743904e-06,4.20737588021995e-15,4.207377940773542e-15,4.20737612637093e-15,4.207378243953298e-15,3.812312672853165e-21,4.3420931785217525e-21,3.808103664472591e-21,4.337959294942905e-21,4.2583105422804425e-19,4.2632064175309908e-19,1.856601714996442e-18,1.8556285370057735e-18,2.2826042799546205e-18,2.2821207928865832e-18
1.6120098589311738e-07,2.6943816236850437e-06,2.6943831569117144e-06,4.3442441278576784e-15,4.344246275898177e-15,4.344243945153016e-15,4.344246062735384e-15,3.9417074697873266e-21,4.487821561379569e-21,3.937515425071659e-21,4.483705853155977e-21,4.35089092288285e-19,4.355957404134737e-19,1.8953640188861365e-18,1.894390840895468e-18,2.330627077596999e-18,2.330160547731519e-18
1.6378844946984827e-07,2.7376181092808247e-06,2.737620026740939e-06,4.4847951424362895e-15,4.484797379762052e-15,4.4847950867062374e-15,4.484797627805079e-15,4.074300321453029e-21,4.6370953502027124e-21,4.070125240402267e-21,4.632997413437594e-21,4.445000812136657e-19,4.450234797462586e-19,1.934666471715828e-18,1.9336932937251592e-18,2.379342845797544e-18,2.3788932731346213e-18
1.6640332445305717e-07,2.7813127213066266e-06,2.7813142877688643e-06,4.6291082840659235e-15,4.6291106124919e-15,4.629108325094689e-15,4.629110866193531e-15,4.210139695464288e-21,4.789962204811633e-21,4.205981578078432e-21,4.785882443401771e-21,4.540604279384004e-19,4.546017659505281e-19,1.9745165181110294e-18,1.973543753710667e-18,2.428755927254471e-18,2.4283245525650246e-18
1.69045744069507e-07,2.8254675528702547e-06,2.8254694745205935e-06,4.777262945882014e-15,4.777265366478562e-15,4.777263281415412e-15,4.777265822514254e-15,4.3492865802354094e-21,4.946480690239935e-21,4.345145426514459e-21,4.942419104185329e-21,4.637806790152993e-19,4.643391810251375e-19,2.0149209823117946e-18,2.013949665477504e-18,2.4788832791703376e-18,2.4784705160446736e-18
1.7171586375042125e-07,2.8700852143905345e-06,2.8700868408481836e-06,4.9293410212575e-15,4.929343536592777e-15,4.92934084731487e-15,4.929343388413712e-15,4.49181044601315e-21,5.106722296218292e-21,4.487686255957105e-21,5.1026788855189424e-21,4.73657680818277e-19,4.742350528858391e-19,2.055886481763024e-18,2.0549170260851117e-18,2.529728210267594e-18,2.529336333452397e-18
1.7441381672256284e-07,2.9151678209967183e-06,2.9151697884428895e-06,5.085424427471642e-15,5.085427039768754e-15,5.085424032021894e-15,5.0854265731207354e-15,4.637784802012101e-21,5.270764974825915e-21,4.6336775756209625e-21,5.266738931688255e-21,4.837005323340716e-19,4.842956887848035e-19,2.0974163251871674e-18,2.0964499714365524e-18,2.5813035418457347e-18,2.5809325513410046e-18
1.7713973621269474e-07,2.960717789073173e-06,2.960719579560636e-06,5.245596338534393e-15,5.2455990532697504e-15,5.245596268281787e-15,5.245598809380629e-15,4.7872803301693715e-21,5.438684254761314e-21,4.783189663546355e-21,5.434675983082126e-21,4.9390576974386805e-19,4.945212438183958e-19,2.139511546559991e-18,2.1385501558930513e-18,2.633606792362922e-18,2.6332608240717217e-18
1.7989376654981015e-07,3.006737492043405e-06,3.0067396272152186e-06,5.409941867330139e-15,5.409944690179344e-15,5.409941835872803e-15,5.409944800488118e-15,4.9403640773510174e-21,5.610552837445513e-21,4.936289970496124e-21,5.6065619333280146e-21,5.042816648537918e-19,5.049155953957371e-19,2.182174007037873e-18,2.1812196474061398e-18,2.6866478879865067e-18,2.6863273554991424e-18
1.8267606316513252e-07,3.0532294322824574e-06,3.0532312171958204e-06,5.578548121955313e-15,5.578551053872915e-15,5.578547979188508e-15,5.578550943803823e-15,5.097099455352044e-21,5.78644140481562e-21,5.093041908265273e-21,5.782467868259811e-21,5.148243402547216e-19,5.154800359865347e-19,2.225409910475407e-18,2.2244625818788807e-18,2.740429103463173e-18,2.7401375222972482e-18
1.8548674818319455e-07,3.1001959183789805e-06,3.100198040441489e-06,5.751501526383985e-15,5.751504568114372e-15,5.751501942622469e-15,5.751504907237784e-15,5.257549875967457e-21,5.966420638808744e-21,5.253508484752025e-21,5.962464065917841e-21,5.255411371745937e-19,5.262157029641307e-19,2.2692291830399443e-18,2.268286197141634e-18,2.794968016380938e-18,2.7946993894770116e-18
1.883259770352197e-07,3.1476394535454554e-06,3.147641158227424e-06,5.928891870890696e-15,5.928895021271117e-15,5.928892241117674e-15,5.92889520573299e-15,5.421779154889045e-21,6.150560413568424e-21,5.417753919544951e-21,6.146620804342427e-21,5.364274027224627e-19,5.371251295691512e-19,2.3136454732115916e-18,2.3127029009035875e-18,2.8502733121362336e-18,2.850028466674918e-18
1.911939051524314e-07,3.195562424698501e-06,3.1955644195389918e-06,6.1108103410883554e-15,6.110813597568421e-15,6.11080950719948e-15,6.110812895331269e-15,5.589849088324679e-21,6.3389269681671515e-21,5.585840008851924e-21,6.335003918709277e-21,5.474886686686749e-19,5.482058859585467e-19,2.3586771857589785e-18,2.3577321319091366e-18,2.9063691857619766e-18,2.9061415042983714e-18
1.9409063245490188e-07,3.2439672709330507e-06,3.24396890111385e-06,6.297345955932409e-15,6.297349317419456e-15,6.297345643942664e-15,6.297349032074453e-15,5.7618121828562106e-21,6.53158129101923e-21,5.757819259254795e-21,6.527674801329477e-21,5.587196100380371e-19,5.594616427462855e-19,2.404347274944103e-18,2.4033980851911985e-18,2.9632730080510308e-18,2.9630657993075862e-18
1.9701631437385458e-07,3.2928561589473486e-06,3.292858231435797e-06,6.488592617094283e-15,6.488596086909655e-15,6.488592977938476e-15,6.488596366070265e-15,5.937711655439472e-21,6.728575484809727e-21,5.933734887709395e-21,6.724685554888097e-21,5.701246729263417e-19,5.708869198608093e-19,2.4506770406677388e-18,2.4497235082166183e-18,3.0210110419878446e-18,3.0208197564711918e-18
1.9997112854497345e-07,3.3422315365749973e-06,3.342233291960331e-06,6.684647128587742e-15,6.684650711509671e-15,6.6846463768770095e-15,6.684650188525272e-15,6.117584664578542e-21,6.929954382081609e-21,6.113623244926237e-21,6.926081011928101e-21,5.816989459487016e-19,5.824875075664061e-19,2.4976844741082085e-18,2.496726598958872e-18,3.0795959020767597e-18,3.0794265368463395e-18
2.0295516378610046e-07,3.392095349799302e-06,3.3920975207289705e-06,6.8856018161298415e-15,6.885605516214394e-15,6.885601978997777e-15,6.885605367129566e-15,6.301462714222532e-21,7.135759988100356e-21,6.2975170465447825e-21,7.131901966024621e-21,5.934471336948509e-19,5.942565816230223e-19,2.545378053866791e-18,2.544418110765923e-18,3.1390406164124236e-18,3.138890069540939e-18
2.0596859773291953e-07,3.4424501524966435e-06,3.442452075147484e-06,7.091556330406824e-15,7.091560153848721e-15,7.091555922540292e-15,7.0915597341885545e-15,6.4893781161141194e-21,7.346028653576483e-21,6.4854482004109256e-21,7.342186787372086e-21,6.053653070568797e-19,6.062024655355717e-19,2.593757779943486e-18,2.5928011455650686e-18,3.19934146268208e-18,3.199222141878719e-18
2.0901154140773315e-07,3.4932979845192502e-06,3.493300347405179e-06,7.302607239643153e-15,7.30261119349152e-15,7.30260815739233e-15,7.30261154552412e-15,6.681363585892766e-21,7.5607991526012e-21,6.677449018267344e-21,7.556972634474576e-21,6.174588427087699e-19,6.183175078833882e-19,2.6428201368206908e-18,2.6418742557902364e-18,3.26050050883726e-18,3.2604134480777888e-18
2.1208417244622524e-07,3.5446414745148556e-06,3.5446435682397887e-06,7.518857151931717e-15,7.518861242715293e-15,7.518857362892248e-15,7.518861598056984e-15,6.877454262578634e-21,7.78010864367859e-21,6.873555043030984e-21,7.776298281423304e-21,6.297248455183773e-19,6.306132374962592e-19,2.692565331293558e-18,2.69163371912867e-18,3.3225146529506667e-18,3.322471639558814e-18
2.1518660187069827e-07,3.596482921329469e-06,3.5964853385651516e-06,7.740405496426613e-15,7.740409727159559e-15,7.740405606510188e-15,7.740409841674924e-15,7.077690939746854e-21,8.003998324280565e-21,7.073806260483409e-21,8.000202502309484e-21,6.421698295330259e-19,6.430807104838116e-19,2.742992536181475e-18,2.7420749860870005e-18,3.3853898920817412e-18,3.385383688227147e-18
2.1831898511237569e-07,3.648824742463752e-06,3.648826796117874e-06,7.967356299495242e-15,7.96736067027359e-15,7.967356226265716e-15,7.9673613084634e-15,7.282122488908226e-21,8.232512623053307e-21,7.278252349928986e-21,8.228731341366431e-21,6.547927090781616e-19,6.557350228922244e-19,2.7940996835329106e-18,2.7931947479427776e-18,3.4491233310983394e-18,3.4491605542259043e-18
2.2148145539802044e-07,3.7016690913726363e-06,3.7016715204903072e-06,8.199813482838468e-15,8.199817995383141e-15,8.199814254244292e-15,8.199818489409028e-15,7.490804647818869e-21,8.465704046578669e-21,7.486949856917401e-21,8.461937305175998e-21,6.676018593574867e-19,6.685668689396064e-19,2.8458834646254147e-18,2.8449884552026323e-18,3.513719312698677e-18,3.513789209460438e-18
2.24674168158856e-07,3.75501882292871e-06,3.7550207825347987e-06,8.437884109414049e-15,8.437888762078066e-15,8.437883875498427e-15,8.437888110663164e-15,7.70380203996414e-21,8.703631563787037e-21,7.69996098155331e-21,8.699880170462138e-21,6.805966599855416e-19,6.815945499970103e-19,2.8983461542056717e-18,2.897456935047177e-18,3.579179904834286e-18,3.579288679084837e-18
2.278972344171848e-07,3.808876099799588e-06,3.8088783086264594e-06,8.681673454483949e-15,8.681678241499323e-15,8.681673510245371e-15,8.681678592443055e-15,7.921178481035827e-21,8.946362221544467e-21,7.917352770702769e-21,8.942624560710207e-21,6.9378605485269965e-19,6.948073127164729e-19,2.951500366778023e-18,2.9506125951856004e-18,3.645526820996246e-18,3.645660410665173e-18
2.3115083180869078e-07,3.863243530243931e-06,3.863245519927089e-06,8.931293338640264e-15,8.931298262258251e-15,8.931293272768266e-15,8.93129835496595e-15,8.143003441280687e-21,9.193963874510584e-21,8.139193079025401e-21,9.190240753960529e-21,7.071688548868302e-19,7.082249577339073e-19,3.005367815833548e-18,3.004479423855666e-18,3.7127803271095634e-18,3.712948244773912e-18
2.3443507135567643e-07,3.918123569330873e-06,3.918125930115618e-06,9.18685207422063e-15,9.186857140718404e-15,9.186851583284361e-15,9.186856665482045e-15,8.369347198739044e-21,9.44651003189998e-21,8.36555218456153e-21,9.442802259427696e-21,7.20753538689212e-19,7.218340433643594e-19,3.059976832308227e-18,3.0590888539206513e-18,3.780977232711498e-18,3.781169965794223e-18
2.3775010848936518e-07,3.973518533286185e-06,3.973520601240066e-06,9.448462940380202e-15,9.448468153692304e-15,9.448462791241535e-15,9.448467873439219e-15,8.600282454831925e-21,9.704079857482214e-21,8.596502788732183e-21,9.700386625294136e-21,7.345384001998317e-19,7.356556110146611e-19,3.1153588490653367e-18,3.1144741794002112e-18,3.850148143484713e-18,3.850380581236841e-18
2.4109607643652e-07,4.029430379359333e-06,4.029432942356456e-06,9.716239045824495e-15,9.716244414086733e-15,9.716238704988826e-15,9.71624378718651e-15,8.835881910980354e-21,9.966751707233282e-21,8.832118400751951e-21,9.963074630916542e-21,7.485315561284498e-19,7.496742027471153e-19,3.1715393019087132e-18,3.1706629040497133e-18,3.9203249058827934e-18,3.920591671630342e-18
2.444731084239038e-07,4.0858616064754286e-06,4.085864080420956e-06,9.99029505205573e-15,9.990300590417132e-15,9.990295368040008e-15,9.990301297270639e-15,9.076220691986056e-21,1.0234608783890578e-20,9.072473337628992e-21,1.023094705565161e-20,7.627304215356522e-19,7.639114286552248e-19,3.2285345276554545e-18,3.227675500589318e-18,3.99152282274707e-18,3.9918450095956596e-18
2.4788138208720056e-07,4.142814390580528e-06,4.142817148912285e-06,1.027075084890141e-14,1.0270756565593142e-14,1.0270749670941801e-14,1.0270755600172432e-14,9.321373114857192e-21,1.050773105901723e-20,9.317641916371467e-21,1.0504084678856034e-20,7.771421308542222e-19,7.783495560546082e-19,3.286357140809902e-18,3.2855249971136736e-18,4.063760919231632e-18,4.0641364592297314e-18
2.5132098624425225e-07,4.200291463633821e-06,4.200293917686407e-06,1.055772066469019e-14,1.055772656066731e-14,1.0557720198306822e-14,1.0557726127537453e-14,9.571408649840518e-21,1.0786194465208531e-20,9.5676944150197e-21,1.0782564240918674e-20,7.917620311932141e-19,7.930095229545207e-19,3.3450201694667032e-18,3.3442190450434456e-18,4.1370474671426055e-18,4.137494144673384e-18
2.547920985307428e-07,4.258294303283606e-06,4.258297019760389e-06,1.0851327674509001e-14,1.0851333749961002e-14,1.085132722881358e-14,1.0851333158044211e-14,9.826384650279288e-21,1.1070066857124104e-20,9.822687379123375e-21,1.1066452788705587e-20,8.065961713108573e-19,8.078713736226844e-19,3.404536434925353e-18,3.4037655025944536e-18,4.2114019052243846e-18,4.211906485398042e-18
2.582948299689747e-07,4.316825998223681e-06,4.316828512437344e-06,1.1151691109176101e-14,1.115169736784514e-14,1.1151691888173533e-14,1.1151697817404164e-14,1.0086346352613251e-20,1.135940397252007e-20,1.0082665237328677e-20,1.1355806059972891e-20,8.216379337622513e-19,8.229552705865302e-19,3.4649195856659583e-18,3.4641736755485886e-18,4.28683085092187e-18,4.287402432725144e-18
2.618293581946318e-07,4.37588841473548e-06,4.375891132349374e-06,1.1458937553677909e-14,1.145894399726737e-14,1.145893784319698e-14,1.145894377242761e-14,1.0351325260791517e-20,1.1654247816661908e-20,1.0347661916965416e-20,1.1650666059986068e-20,8.368938325947199e-19,8.382395003549788e-19,3.526178307084951e-18,3.525452456097436e-18,4.363349193486088e-18,4.3639691653551964e-18
2.653957942300167e-07,4.4354842059506246e-06,4.435486508571826e-06,1.1773189522034094e-14,1.177319614466703e-14,1.1773189607727167e-14,1.1773196383990745e-14,1.0621345608621095e-20,1.1954632316879431e-20,1.0617698420666333e-20,1.1951065908281363e-20,8.523556993997142e-19,8.537455696239564e-19,3.5883161146999345e-18,3.587605980144058e-18,4.440952797013975e-18,4.441632739477494e-18
2.6899429350635273e-07,4.495615234021474e-06,4.495617762848014e-06,1.2094575070750343e-14,1.2094581867242889e-14,1.209457508373913e-14,1.2094581860002708e-14,1.0896428398734726e-20,1.2260584938153916e-20,1.0892798982238436e-20,1.2257034685427187e-20,8.680321678748778e-19,8.694511962157125e-19,3.6513311473545304e-18,3.650632179736923e-18,4.519648278950433e-18,4.520368753263966e-18
2.726249892504029e-07,4.556284081716662e-06,4.556286414883308e-06,1.2423221993962554e-14,1.242322896697928e-14,1.2423221326174957e-14,1.2423228102438535e-14,1.1176599480526552e-20,1.2572134761053771e-20,1.1172987027695168e-20,1.256860066419838e-20,8.839141390334725e-19,8.853793860910336e-19,3.715216374013532e-18,3.714525264611744e-18,4.599419509273515e-18,4.600193750326865e-18
2.7628801468893016e-07,4.617492911871204e-06,4.617495421781019e-06,1.2759259778911438e-14,1.2759266929331287e-14,1.2759259625141472e-14,1.275926640140505e-14,1.1461886318977848e-20,1.288931005835384e-20,1.145829082981137e-20,1.2885791309576222e-20,9.000123145246732e-19,9.015077536745925e-19,3.77996393646112e-18,3.7792806852751516e-18,4.680268969525061e-18,4.681081260886588e-18
2.7998352525315795e-07,4.679244400168994e-06,4.679246821363316e-06,1.310282168840639e-14,1.3102829021055715e-14,1.3102820423712552e-14,1.3102828047009078e-14,1.1752318802450593e-20,1.32121407184161e-20,1.174874027694902e-20,1.3208638125509821e-20,9.163169749762825e-19,9.178614245774956e-19,3.845571766745764e-18,3.844897614546533e-18,4.7621854927668e-18,4.7630556867712054e-18
2.8371163196538873e-07,4.741540764311748e-06,4.7415433979689295e-06,1.3454038612468238e-14,1.3454046133567822e-14,1.3454039247159759e-14,1.3454046870456284e-14,1.2047933281655298e-20,1.3540659860776797e-20,1.2044371719818632e-20,1.353717261594829e-20,9.328430096393263e-19,9.344184785135101e-19,3.9120431735899125e-18,3.911383910641708e-18,4.845186863381902e-18,4.8461033795006106e-18
2.8747251246130645e-07,4.804384740348267e-06,4.8043874252400726e-06,1.381304946292783e-14,1.3813057184051686e-14,1.3813049926688758e-14,1.3813057549985283e-14,1.234877822420598e-20,1.3874911106288545e-20,1.234523362603422e-20,1.387143920953781e-20,9.495803889488774e-19,9.512071430210395e-19,3.979390151112449e-18,3.978754462811702e-18,4.9292747357315924e-18,4.9302665252860435e-18
2.9126629996767406e-07,4.8677784901161e-06,4.867781493201294e-06,1.417999078316067e-14,1.4179998720074285e-14,1.4179989681637004e-14,1.4179998151966477e-14,1.2654912599033028e-20,1.421495342388173e-20,1.2651384156732606e-20,1.42114960674152e-20,9.665476210711417e-19,9.6820673858477e-19,4.04763296523838e-18,4.047031604933054e-18,5.01448922807558e-18,5.0155471920790356e-18
2.95093105506794e-07,4.9317246923704684e-06,4.931727624039699e-06,1.4554998713754302e-14,1.455500687777943e-14,1.4554999119473742e-14,1.455500589573732e-14,1.2966402645208929e-20,1.456085386042241e-20,1.2962891166573413e-20,1.4557411044240085e-20,9.837342628508857e-19,9.854468369116001e-19,4.1168013944697576e-18,4.116241393195059e-18,5.100848124797035e-18,5.102001214570934e-18
2.989530845098898e-07,4.996225389696657e-06,4.996228423514645e-06,1.4938215502359922e-14,1.4938223896651603e-14,1.4938215459536427e-14,1.49382239298659e-14,1.3283314601806174e-20,1.4912683501744477e-20,1.3279819279041997e-20,1.490925684143349e-20,1.0011604768155403e-18,1.0029065516910632e-18,4.1869272852601656e-18,4.186411951738545e-18,5.188404779045467e-18,5.189636037387252e-18
3.028463924081848e-07,5.061283160759378e-06,5.061286251191802e-06,1.532978527712652e-14,1.5329793909854127e-14,1.5329785238524934e-14,1.5329793708854407e-14,1.360570743775515e-20,1.5270515049268954e-20,1.3602227463068744e-20,1.526710131365504e-20,1.0188139586534939e-18,1.0206160750155172e-18,4.258042070472881e-18,4.257570991114032e-18,5.2771773887943515e-18,5.278509149580562e-18
3.06773162428442e-07,5.126900171921207e-06,5.126903044246414e-06,1.5729851805843065e-14,1.572986067271445e-14,1.5729850757974402e-14,1.5729859228303875e-14,1.3933629620669872e-20,1.563440989530693e-20,1.3930164186267673e-20,1.563101069997722e-20,1.0367160082655196e-18,1.038553383201153e-18,4.330175528609955e-18,4.329743740330202e-18,5.367217652831974e-18,5.3686234462830075e-18
3.1073350559296387e-07,5.193078674609053e-06,5.1930815759965165e-06,1.613855838267173e-14,1.613856747820195e-14,1.6138559401617653e-14,1.6138567871947125e-14,1.4267117501260856e-20,1.6004426200995226e-20,1.4263668222729995e-20,1.6001039930362587e-20,1.0548533907618167e-18,1.056748875135482e-18,4.403351234318846e-18,4.402950465312064e-18,5.458535497325684e-18,5.460030212692567e-18
3.1472759953743434e-07,5.259820923208397e-06,5.2598235626664935e-06,1.6556057012529734e-14,1.6556066329366533e-14,1.6556056859121614e-14,1.655606702351698e-14,1.4606209853619312e-20,1.6380610818360724e-20,1.4602773499785523e-20,1.6377235856838022e-20,1.073247509440735e-18,1.0751796999540823e-18,4.4775894535245615e-18,4.477207296081562e-18,5.55117228130611e-18,5.552722831364341e-18
3.187555774886164e-07,5.327129151292374e-06,5.327131795660606e-06,1.6982497027233276e-14,1.6982506556901434e-14,1.698249559641679e-14,1.6982505760812158e-14,1.495094706742359e-20,1.676300736825604e-20,1.4947525253874005e-20,1.6759643715843275e-20,1.0918838886415547e-18,1.093875842954159e-18,4.5529054890684335e-18,4.552530776250947e-18,5.645129659134477e-18,5.6467472108223246e-18
3.2281755046881244e-07,5.395005907279926e-06,5.395008352386543e-06,1.741802725621261e-14,1.7418036992613864e-14,1.741802807943369e-14,1.7418036549763163e-14,1.5301380841461973e-20,1.7151667549469456e-20,1.529797195260946e-20,1.714831197499236e-20,1.1107822773014006e-18,1.1128129023076417e-18,4.629314643791794e-18,4.628937863022776e-18,5.740441958806206e-18,5.742096320031312e-18
3.2692355489416514e-07,5.46361804466388e-06,5.463620644047262e-06,1.786388283621183e-14,1.7863892779740066e-14,1.786388250594583e-14,1.78638926703412e-14,1.565842721363938e-20,1.7547601103959657e-20,1.5655029633896802e-20,1.7544255223005365e-20,1.1299726607174777e-18,1.132064910679354e-18,4.7070183361738006e-18,4.706636592321107e-18,5.837341204483118e-18,5.8390518139898776e-18
3.3105405083944106e-07,5.532639861294958e-06,5.532642314459366e-06,1.8318082823149542e-14,1.831809297537306e-14,1.8318083595120216e-14,1.8318093759515583e-14,1.602043990066637e-20,1.7948974340329675e-20,1.601705363003373e-20,1.7945638152898186e-20,1.1493805926346562e-18,1.1515136846392774e-18,4.785660464960748e-18,4.78527375802438e-18,5.935396021475766e-18,5.937142613339172e-18
3.3521900810740135e-07,5.602236553188013e-06,5.60223952175351e-06,1.8781845667652947e-14,1.87818560456892e-14,1.8781844298137312e-14,1.8781856156598574e-14,1.6388334940447865e-20,1.835679215377679e-20,1.638495836333803e-20,1.8353462428693837e-20,1.1690348175792224e-18,1.1712309821055507e-18,4.8654341768256686e-18,4.8650466427086875e-18,6.0348293349592344e-18,6.036637965368582e-18
3.39418515515888e-07,5.672411078916535e-06,5.672413619884839e-06,1.925532533024394e-14,1.925533593965347e-14,1.92553255512571e-14,1.9255335715652466e-14,1.6762185034404888e-20,1.8771120783373493e-20,1.675881976640499e-20,1.876779913622621e-20,1.1889511553803914e-18,1.1911903332985724e-18,4.946338644587949e-18,4.945957314325562e-18,6.135654793413629e-18,6.137512641069423e-18
3.436527507005849e-07,5.743164897697821e-06,5.7431678609620035e-06,1.973868766478155e-14,1.9738698507253233e-14,1.973868659667366e-14,1.9738698455134922e-14,1.7142075808655535e-20,1.9192042624063612e-20,1.7138718618591306e-20,1.918872582367773e-20,1.2091132692210652e-18,1.2114169672270254e-18,5.028364769260851e-18,5.027998741839796e-18,6.2378479950108805e-18,6.239786079186092e-18
3.479218246837945e-07,5.814501209092278e-06,5.8145041254703544e-06,2.0232092981612764e-14,2.0232104075090725e-14,2.0232093452844657e-14,2.0232103617240024e-14,1.752810419842784e-20,1.961964653313951e-20,1.752475508629928e-20,1.961633457951503e-20,1.2295361517498463e-18,1.231884827701614e-18,5.111506760580087e-18,5.1111647213967965e-18,6.341418038737726e-18,6.343425192494086e-18
3.5222589289674033e-07,5.886421743554228e-06,5.886424988381378e-06,2.0735708687038903e-14,2.0735720045699343e-14,2.0735708750095963e-14,2.0735720608557225e-14,1.792038491040831e-20,2.0054039139352025e-20,1.7917040645041153e-20,2.005072880131468e-20,1.2502040865350962e-18,1.2526193505261745e-18,5.195764204955351e-18,5.195455666586869e-18,6.4463483809819155e-18,6.448455210002088e-18
3.565650885661853e-07,5.958929236712235e-06,5.958932439405554e-06,2.1249701643805182e-14,2.124971328223615e-14,2.124970189501703e-14,2.124971375347829e-14,1.831904396039339e-20,2.0495331918213396e-20,1.8315706157374767e-20,2.0492023195763184e-20,1.2711320662254175e-18,1.2735954100896005e-18,5.281140824699399e-18,5.280873645361545e-18,6.5526576333072306e-18,6.554854211423865e-18
3.6093956712335284e-07,6.0320258397760645e-06,6.032029522567983e-06,2.1774243402425758e-14,2.17742553420608e-14,2.1774242294197305e-14,2.1774254152658566e-14,1.8724223520050858e-20,2.09436525011072e-20,1.8720888948206503e-20,2.0940345394244122e-20,1.2923070627261625e-18,1.2948389591836108e-18,5.367637033402538e-18,5.36741907131113e-18,6.6603338015947896e-18,6.662648252948713e-18
3.6534943959054544e-07,6.105714289527005e-06,6.105717549591966e-06,2.2309502262527283e-14,2.2309514508333458e-14,2.230950274235803e-14,2.2309514600819293e-14,1.9136072223397035e-20,2.1399138212939818e-20,1.913274088272695e-20,2.1395829490489605e-20,1.3137455162520056e-18,1.3163283877147024e-18,5.455255726196911e-18,5.455090703664707e-18,6.769395910998681e-18,6.771814587109786e-18
3.6979486139898654e-07,6.179996485816859e-06,6.180000015591422e-06,2.2855653928656417e-14,2.28556664762996e-14,2.2855654340154553e-14,2.2855666198615815e-14,1.9554745166796775e-20,2.1861932840966165e-20,1.9551415441713823e-20,2.1858619271754552e-20,1.335438017623479e-18,1.3380910960406663e-18,5.544006415659563e-18,5.5438959870477874e-18,6.879844375109212e-18,6.882387541902506e-18
3.742759879798996e-07,6.254875487074138e-06,6.254878545008252e-06,2.341287628193614e-14,2.3412889124782888e-14,2.34128732704399e-14,2.3412886822967056e-14,1.9980389368679262e-20,2.2332178556854026e-20,1.997705964359631e-20,2.2328861756468144e-20,1.3574011104528339e-18,1.3601082658025668e-18,5.633913917208871e-18,5.633853533024154e-18,6.991720139366702e-18,6.994367117326872e-18
3.7879290815112654e-07,6.3303530851753845e-06,6.330356292195971e-06,2.3981341009911098e-14,2.3981354135740847e-14,2.3981340798264784e-14,2.3981352656726046e-14,2.0413150231886546e-20,2.2810025610206852e-20,2.040981889121646e-20,2.2806702347472434e-20,1.3796284874878994e-18,1.3824071939606182e-18,5.725015040382092e-18,5.7249947744570845e-18,7.105053809453818e-18,7.107813283977295e-18
3.8334579954835135e-07,6.406432238767815e-06,6.406435061676388e-06,2.45612330132079e-14,2.4561246413573776e-14,2.4561233106482235e-14,2.456124665900939e-14,2.085316185015074e-20,2.3295617788279558e-20,2.0849827278306385e-20,2.3292286447609472e-20,1.4021344175942422e-18,1.4049712335049928e-18,5.8173577616547556e-18,5.817361897557818e-18,7.219907837506806e-18,7.222749202910925e-18
3.8793479539833697e-07,6.483114768454125e-06,6.483117987246545e-06,2.515273379045126e-14,2.5152747468070545e-14,2.5152734848274752e-14,2.5152748400801908e-14,2.1300553470442555e-20,2.3789100493914197e-20,2.1297215667423933e-20,2.378576107530844e-20,1.424915592049412e-18,1.4278257168419501e-18,5.910990884683002e-18,5.9110024652115776e-18,7.336328545639969e-18,7.339250147563506e-18
3.9256002892784636e-07,6.560403603782412e-06,6.56040612662806e-06,2.5756026975631662e-14,2.5756040918815117e-14,2.5756028982758944e-14,2.57560425352861e-14,2.175545757090697e-20,2.429062074553995e-20,2.1752114921126948e-20,2.4287271633411392e-20,1.4479846253577503e-18,1.4509563751059236e-18,6.005955354907152e-18,6.005960731581134e-18,7.454367219051286e-18,7.457345069256477e-18
3.9722167777256345e-07,6.6382997688501505e-06,6.6383028454741755e-06,2.6371304178919624e-14,2.637131838313069e-14,2.6371301857183206e-14,2.6371317103776257e-14,2.221801147645037e-20,2.480033525510881e-20,2.221466236432181e-20,2.4796971602696044e-20,1.4713403801459147e-18,1.4743864727516412e-18,6.1022764013358895e-18,6.102271438252214e-18,7.574050327520359e-18,7.577091870632716e-18
4.0191978634140924e-07,6.716806589677354e-06,6.716809254696601e-06,2.6998741575128072e-14,2.6998756049087774e-14,2.6998743206927724e-14,2.6998758453520774e-14,2.26883654366762e-20,2.531840558133416e-20,2.2685008246611972e-20,2.531502738863719e-20,1.4949930927739857e-18,1.4981037054674913e-18,6.199966018088096e-18,6.19995443755952e-18,7.6953985505625e-18,7.698497996317736e-18
4.066546210879096e-07,6.795925176902515e-06,6.7959284087617394e-06,2.763854709401349e-14,2.7638561847180644e-14,2.7638544461438576e-14,2.7638559708031626e-14,2.3166676163536453e-20,2.5845007823213596e-20,2.316330927994942e-20,2.5841615090232422e-20,1.5189422462540804e-18,1.5221287527687878e-18,6.299024205163771e-18,6.299011797454583e-18,7.818411888177711e-18,7.82158660736869e-18
4.114261820120646e-07,6.87565885517348e-06,6.875661798416352e-06,2.8290895055401043e-14,2.829091010321695e-14,2.8290897050161842e-14,2.8290912296754893e-14,2.365311490926732e-20,2.638032454209325e-20,2.364973671657035e-20,2.6376914037653603e-20,1.5431943546335226e-18,1.5464479661754233e-18,6.399447240250159e-18,6.399441036395565e-18,7.943093649088442e-18,7.946340332992712e-18
4.162347355674001e-07,6.956009153980328e-06,6.956012527118902e-06,2.8955998219217414e-14,2.89560135707599e-14,2.8955997484741286e-14,2.895601442540023e-14,2.414785131051786e-20,2.692453829931925e-20,2.4144460193123818e-20,2.6921108407833997e-20,1.5677476601535107e-18,1.5710787164802617e-18,6.5012297466732775e-18,6.501235950527872e-18,8.069434734307953e-18,8.072772408079605e-18
4.210803261628371e-07,7.036979026681968e-06,7.036981876991366e-06,2.9634041138520195e-14,2.9634056791625494e-14,2.9634043970886564e-14,2.963405752341372e-14,2.4651058235111397e-20,2.747782842506346e-20,2.4647652577433152e-20,2.7474377530945467e-20,1.5926052647413417e-18,1.5960067348177363e-18,6.604365934168839e-18,6.6043903359969095e-18,8.197434316655634e-18,8.200861325933441e-18
4.259631314340595e-07,7.118569889432054e-06,7.11857341228507e-06,3.032522902716668e-14,3.032524499146109e-14,3.032523302024144e-14,3.0325246572768597e-14,2.5162913397632663e-20,2.8040379096259144e-20,2.5159491584083078e-20,2.8036905583921274e-20,1.6177660310236734e-18,1.6212464968485669e-18,6.708850012472556e-18,6.708896748177165e-18,8.327085778686583e-18,8.330612876818509e-18
4.308833290167513e-07,7.2007851351857735e-06,7.2007881599077395e-06,3.102976958694498e-14,3.102978587339302e-14,3.1029767920713255e-14,3.10297848613722e-14,2.568360097501492e-20,2.861237772101383e-20,2.5680163005593996e-20,2.860887835928182e-20,1.6432296488077761e-18,1.6467836303096102e-18,6.81467619132014e-18,6.814744847310982e-18,8.458381675775287e-18,8.462003899677657e-18
4.3584096331983346e-07,7.283626229796607e-06,7.283629672545297e-06,3.1747853733374877e-14,3.174787034045646e-14,3.174785534834114e-14,3.1747872289000084e-14,2.6213308375365698e-20,2.919401493860932e-20,2.6209851018899168e-20,2.9190489727483166e-20,1.6689962214912264e-18,1.6726306463076312e-18,6.92183578531516e-18,6.921926775182541e-18,8.591312908935009e-18,8.595038530413948e-18
4.408362563879109e-07,7.367096040983637e-06,7.3670991275268105e-06,3.247970024739044e-14,3.2479717180629285e-14,3.247970197916422e-14,3.2479718919823167e-14,2.675221816003113e-20,2.978548461950168e-20,2.674873980093186e-20,2.9781930327807116e-20,1.695061923363691e-18,1.6987742065552525e-18,7.03032052265149e-18,7.030436327937247e-18,8.725869551998398e-18,8.729697743873293e-18
4.458692970388256e-07,7.451196009295932e-06,7.451199776398881e-06,3.3225510910052276e-14,3.322552818823791e-14,3.322551448922163e-14,3.322553142988058e-14,2.730051127477021e-20,3.038697417179844e-20,2.72970119130382e-20,3.038339079953547e-20,1.7214296495573142e-18,1.7252247542077075e-18,7.140124613064841e-18,7.140271024033263e-18,8.86204746906239e-18,8.865988984681205e-18
4.509402629082615e-07,7.535930213808245e-06,7.5359335464757204e-06,3.3985502965635166e-14,3.3985520603847736e-14,3.398550294268429e-14,3.3985523271475027e-14,2.7858357356231996e-20,3.099867100360714e-20,2.785483537628011e-20,3.099505531960149e-20,1.748093609807808e-18,1.7519712257243034e-18,7.251252192458278e-18,7.251435826554264e-18,8.999844178585149e-18,9.003905635392784e-18
4.5604928722298155e-07,7.621299382821675e-06,7.6213032795292845e-06,3.475988951116493e-14,3.4759907518728034e-14,3.4759887568118486e-14,3.475990450877743e-14,2.8425932503414085e-20,3.16207625230353e-20,2.8422384674068056e-20,3.161711452728697e-20,1.775061765728568e-18,1.7790247880433096e-18,7.363714014179762e-18,7.363944797570664e-18,9.139280360081988e-18,9.143474992968244e-18
4.611964588008277e-07,7.707307032389123e-06,7.707310593355748e-06,3.554887918384856e-14,3.554889757527096e-14,3.554887842969513e-14,3.554889537035408e-14,2.900340150620413e-20,3.225343613819046e-20,2.899982782746396e-20,3.2249752599525183e-20,1.802328947440766e-18,1.806379030514979e-18,7.477534066467059e-18,7.477821925320227e-18,9.28037338434577e-18,9.28471194665861e-18
4.6638195527748394e-07,7.793955183352415e-06,7.793959241029352e-06,3.6352696589883084e-14,3.6352715376369976e-14,3.635269575598052e-14,3.6352712696639464e-14,2.95909388480126e-20,3.289688248835441e-20,2.9587339319878284e-20,3.289316340677219e-20,1.8299077694487434e-18,1.8340453268727336e-18,7.59274212782222e-18,7.593096988305005e-18,9.423166264768349e-18,9.427659509855737e-18
4.716059098797132e-07,7.881246161833486e-06,7.881249648801145e-06,3.7171561991963625e-14,3.717158117257932e-14,3.717155977554093e-14,3.7171580104331664e-14,3.018871901224994e-20,3.35512986751575e-20,3.018508717237295e-20,3.3547537588309796e-20,1.8577924414882122e-18,1.86202078198443e-18,7.709377902914646e-18,7.709804728110724e-18,9.567692915754839e-18,9.5723491154229e-18
4.768684558342784e-07,7.969182010180396e-06,7.969186105325626e-06,3.8005698058511207e-14,3.800571763813908e-14,3.800569749320623e-14,3.8005717821996965e-14,3.0796906788803824e-20,3.421688180023005e-20,3.079324586835842e-20,3.4213078708116866e-20,1.8859988867859642e-18,1.8903173899689504e-18,7.827484405136193e-18,7.827979886323112e-18,9.714012067128732e-18,9.718827085474403e-18
4.821697263679425e-07,8.057765583121754e-06,8.05776907574808e-06,3.885532990872073e-14,3.88553498905969e-14,3.8855332525674496e-14,3.885535285446523e-14,3.1415657274039095e-20,3.489381604050533e-20,3.141196081067675e-20,3.4889970943126665e-20,1.9145200743067926e-18,1.918934530440835e-18,7.947097203253198e-18,7.947650587082996e-18,9.862153497392078e-18,9.867121544151072e-18
4.875098991163895e-07,8.146998180999336e-06,8.147002064494424e-06,3.9720692287202535e-14,3.972071266297633e-14,3.972069187777559e-14,3.9720712206566325e-14,3.204510940844927e-20,3.5582282341742336e-20,3.204137740216998e-20,3.557839200792392e-20,1.943376269975705e-18,1.9478825431577407e-18,8.068239458322814e-18,8.068830065280177e-18,1.0012158565575507e-17,1.0017256479690672e-17
4.928890628974614e-07,8.236883287699934e-06,8.236886343871569e-06,4.060200810510055e-14,4.060202885417038e-14,4.0602009330602956e-14,4.060202965939369e-14,3.268541182605067e-20,3.6282445493828725e-20,3.2681641045680165e-20,3.6278506692396294e-20,1.97255816801081e-18,1.977164736842118e-18,8.190913651886879e-18,8.191520802456492e-18,1.016402148141473e-17,1.0169235200815652e-17
4.98307395346842e-07,8.327421427247947e-06,8.32742496826612e-06,4.1499517202484853e-14,4.1499538309012355e-14,4.1499515277118246e-14,4.149953560590898e-14,3.333671639203388e-20,3.699447674900069e-20,3.333291006874643e-20,3.6990483017605706e-20,2.0020893430595657e-18,2.006789383300092e-18,8.315110684958653e-18,8.315717008347654e-18,1.031775630698016e-17,1.03230634977903e-17
5.037649852823733e-07,8.4186163921713e-06,8.418618989753171e-06,4.241344727711775e-14,4.2413468718664875e-14,4.241344688654669e-14,4.2413467215337425e-14,3.399920728333216e-20,3.7718557053017224e-20,3.399535572360496e-20,3.771451162283396e-20,2.031958007798243e-18,2.0367614456153384e-18,8.440822285732012e-18,8.441418682953663e-18,1.0473343189937097e-17,1.0478743024975843e-17
5.092620103397394e-07,8.510469002642046e-06,8.510472867116758e-06,4.3344043343253536e-14,4.334406514002153e-14,4.334404132811352e-14,4.3344061656904256e-14,3.4673081601575847e-20,3.8454886738682934e-20,3.4669188036583166e-20,3.8450786378537114e-20,2.0621873232839934e-18,2.0670860936666856e-18,8.568044318303893e-18,8.568625826274517e-18,1.0630801982620241e-17,1.0636282054178405e-17
5.147985593367821e-07,8.602983663036357e-06,8.602986936591395e-06,4.429153803517453e-14,4.429156022714304e-14,4.429154254730755e-14,4.4291562876098284e-14,3.5358568760137955e-20,3.920367906349949e-20,3.535462349635699e-20,3.919952054221685e-20,2.092761159494872e-18,2.0977676701523493e-18,8.696772646771232e-18,8.697341747032669e-18,1.0790110351153054e-17,1.0795686375662274e-17
5.203748543181064e-07,8.696160692831315e-06,8.696164112840382e-06,4.5256189353702826e-14,4.525621191892421e-14,4.5256191101485793e-14,4.525621143027653e-14,3.6055901403565764e-20,3.9965166672014176e-20,3.605190767217078e-20,3.996094675842045e-20,2.1237024706928776e-18,2.128806381867483e-18,8.826998999327906e-18,8.827568926769955e-18,1.0951284839147786e-17,1.0956958470969288e-17
5.259909841015542e-07,8.790003408497282e-06,8.790006970196829e-06,4.62382350237801e-14,4.62382579811033e-14,4.623823432426885e-14,4.6238258041191374e-14,3.6765325101103626e-20,4.073958543994854e-20,3.6761282902094626e-20,4.0735300902869455e-20,2.154990990953002e-18,2.1602067783054552e-18,8.958713449806562e-18,8.959303229583312e-18,1.1114294013741161e-17,1.1120099994460671e-17
5.316470819138885e-07,8.88451357142217e-06,8.884517568962316e-06,4.723792299202199e-14,4.723794637690318e-14,4.723791954927732e-14,4.7237943266199844e-14,3.748708865317016e-20,4.152719063006973e-20,3.748299152419861e-20,4.1522841469505293e-20,2.186649467742091e-18,2.1919645167680505e-18,9.091911862304138e-18,9.092541346750291e-18,1.127915772726788e-17,1.1285102674330299e-17
5.373432809818723e-07,8.979694321855324e-06,8.979698247920526e-06,4.825550383554155e-14,4.8255527671767074e-14,4.825550088639538e-14,4.8255524603317904e-14,3.822143439783545e-20,4.2328247198667716e-20,3.8217279107727077e-20,4.2323826952269386e-20,2.218653706027227e-18,2.2240851807244034e-18,9.22659919990431e-18,9.227281623909666e-18,1.1445855300212629e-17,1.1451969819300621e-17
5.430797145322686e-07,9.07554718483812e-06,9.075551558905201e-06,4.929123076693658e-14,4.929125507929367e-14,4.9291232445507205e-14,4.929125616242973e-14,3.896859821082104e-20,4.314301363968391e-20,3.896438475957585e-20,4.3138519076277423e-20,2.2510262464801023e-18,2.256559877982929e-18,9.362787043135653e-18,9.363531505686951e-18,1.161442312852236e-17,1.1620701429371638e-17
5.488565602007611e-07,9.17207534157239e-06,9.17207898158863e-06,5.03453677584564e-14,5.0345392533774715e-14,5.034536833649697e-14,5.0345392053419494e-14,3.972881273667422e-20,4.397175490940828e-20,3.972453466194367e-20,4.396718602899363e-20,2.2837397921405026e-18,2.289395432783681e-18,9.500490281249193e-18,9.501301745430108e-18,1.178484715012666e-17,1.1791314875336213e-17
5.54673906805192e-07,9.269279782312019e-06,9.269284029261166e-06,5.141816530456673e-14,5.141819053869716e-14,5.141816944551243e-14,5.1418193162434955e-14,4.050228800172239e-20,4.481472303943371e-20,4.0497945303506485e-20,4.4810073379662364e-20,2.3168181244510388e-18,2.3225796442126238e-18,9.639723803495957e-18,9.640602269306488e-18,1.1957165415333707e-17,1.1963806021291283e-17
5.605319319812452e-07,9.367164348414794e-06,9.367168280611377e-06,5.2509892893665787e-14,5.2509918606932633e-14,5.2509896658701344e-14,5.2509923763755656e-14,4.128922756994442e-20,4.567215067430747e-20,4.1284813785894624e-20,4.566741700400517e-20,2.3502349804272623e-18,2.3561240927983336e-18,9.780493400140231e-18,9.781437213219154e-18,1.2131358898989412e-17,1.2138192238029712e-17
5.664307689556836e-07,9.465729743578233e-06,9.465734224976124e-06,5.3620814613721094e-14,5.362084082329216e-14,5.362081763847504e-14,5.362084135539756e-14,4.208982208062211e-20,4.654426399622832e-20,4.2085337210738423e-20,4.6539443084220787e-20,2.384017243439081e-18,2.3900157504461625e-18,9.922806515807529e-18,9.923809885890556e-18,1.2307460688318276e-17,1.231446359938415e-17
5.723705509552701e-07,9.564979906975107e-06,9.564983617546888e-06,5.475119727993824e-14,5.4751223976094455e-14,5.475119665911306e-14,5.475122037603558e-14,4.2904255710688724e-20,4.743127303152366e-20,4.289969329262261e-20,4.742635841546236e-20,2.4181411320438843e-18,2.4242724015392804e-18,1.0066671422303977e-17,1.0067721941681919e-17,1.2485455894069274e-17,1.2492638303328072e-17
5.783513667978468e-07,9.664915947087648e-06,9.664919642687897e-06,5.5901301937689025e-14,5.590132907679475e-14,5.5901304771158525e-14,5.590133187621284e-14,4.3732702943554724e-20,4.8333378112998094e-20,4.3728059746131916e-20,4.832836656170876e-20,2.4526364247437237e-18,2.4588806043927334e-18,1.0212108799144888e-17,1.0213181652399369e-17,1.2665395801440385e-17,1.2672713868319641e-17
5.843734385280186e-07,9.765540870606236e-06,9.765544563139494e-06,5.70714179847506e-14,5.707144556877503e-14,5.707141302515456e-14,5.707144013020887e-14,4.4575315644410694e-20,4.9250760186410615e-20,4.4570588436456924e-20,4.924564846871898e-20,2.4874805808669075e-18,2.4938628996782135e-18,1.0359145943290476e-17,1.0360212179100057e-17,1.284728454633467e-17,1.285473330775071e-17
5.904368105547064e-07,9.866856714098836e-06,9.866860587588039e-06,5.826180328806974e-14,5.826183133085026e-14,5.826180602417144e-14,5.826183312922575e-14,4.543224244727295e-20,5.018358727282315e-20,4.5427424766439685e-20,5.0178368926380677e-20,2.5227064808427844e-18,2.5292052253253073e-18,1.0507811806062182e-17,1.0508845781827873e-17,1.3031183340117459e-17,1.3038715646775367e-17
5.965417049225152e-07,9.968866131298583e-06,9.968869509276168e-06,5.947275321487257e-14,5.947278170034748e-14,5.94727514306205e-14,5.947277853567481e-14,4.6303622292635015e-20,5.113201769977482e-20,4.629871090774798e-20,5.112668949340724e-20,2.558292411180275e-18,2.5649344647039228e-18,1.0658127066975318e-17,1.0659114720626706e-17,1.3217092182788752e-17,1.3224722096758941e-17
6.02688210449287e-07,1.0071570477911823e-05,1.0071574069639433e-05,6.070453975864688e-14,6.07045686725151e-14,6.07045406238356e-14,6.070456772888991e-14,4.718961673921027e-20,5.209622271950182e-20,4.7184605187920935e-20,5.2090781422034867e-20,2.5942741474408724e-18,2.6010361421533403e-18,1.0810101652197236e-17,1.0811043810914933e-17,1.3405055742101627e-17,1.3412760102326945e-17
6.088764603617847e-07,1.0174972833487325e-05,1.0174976413814332e-05,6.195744645739834e-14,6.195747581509123e-14,6.195744465435984e-14,6.195747853567773e-14,4.8090406732757714e-20,5.307639943363448e-20,4.808529501506608e-20,5.3070841813893886e-20,2.6306308033141094e-18,2.6375402429707648e-18,1.0963726462741196e-17,1.0964642151679293e-17,1.3595044239554031e-17,1.3602870195329395e-17
6.151066322956922e-07,1.0279074532224333e-05,1.0279078599441382e-05,6.323176877572505e-14,6.323179860987309e-14,6.323176845405426e-14,6.323179555910857e-14,4.9006228148998894e-20,5.407278371789435e-20,4.9001006571382153e-20,5.4067100082357314e-20,2.6673989815420914e-18,2.674431464314864e-18,1.1118983300633724e-17,1.1119903125474883e-17,1.3787076700300054e-17,1.3795030041889751e-17
6.213788150688515e-07,1.038387889523186e-05,1.0383882968669628e-05,6.45277869810279e-14,6.452781732577268e-14,6.452778984972554e-14,6.452781695477985e-14,4.9937323326003896e-20,5.508562760387432e-20,4.993199188846205e-20,5.507981795254084e-20,2.7045571754288923e-18,2.711740825458609e-18,1.1275856449443181e-17,1.127681184305068e-17,1.3981114246850906e-17,1.3989255358439653e-17
6.276931863169466e-07,1.0489387210843928e-05,1.048939202977564e-05,6.584580249456832e-14,6.584583340081033e-14,6.584580022070755e-14,6.584583410202544e-14,5.0883973375934016e-20,5.611520251021288e-20,5.087852561611853e-20,5.610925068721162e-20,2.7421388857893202e-18,2.7494488876576045e-18,1.1434331847099153e-17,1.143535176079443e-17,1.4177179213083125e-17,1.418551057621276e-17
6.340651559355592e-07,1.0595858113436607e-05,1.0595862801322103e-05,6.718934792064142e-14,6.718937943265494e-14,6.718934355285158e-14,6.718937743416947e-14,5.184879231877189e-20,5.716431309617447e-20,5.184322177433423e-20,5.715822556385396e-20,2.780212355023911e-18,2.7876786940279678e-18,1.1594789169502802e-17,1.1595898418704235e-17,1.4375717449346877e-17,1.4384293657937827e-17
6.404643482227357e-07,1.070278448990318e-05,1.0702789277367009e-05,6.855228901538762e-14,6.855232113374695e-14,6.855229410388311e-14,6.855232120893742e-14,5.282746653687003e-20,5.822825477202519e-20,5.282176674546166e-20,5.822201860568837e-20,2.818625795490261e-18,2.826222622235948e-18,1.1756462447406903e-17,1.1757674267004294e-17,1.457581078516223e-17,1.458462025868592e-17
6.469061730740577e-07,1.081042212553937e-05,1.081042666504009e-05,6.993813210545745e-14,6.99381648246435e-14,6.993812809701766e-14,6.993816197833555e-14,5.3822580969642664e-20,5.930981927233242e-20,5.381674870008931e-20,5.930342800963074e-20,2.857445795227681e-18,2.8652020610364375e-18,1.191974128287997e-17,1.1921055672873317e-17,1.4777917478588536e-17,1.4786989995547018e-17
6.533906748984464e-07,1.091877353740292e-05,1.091877795432461e-05,7.134716219464593e-14,7.134719549461135e-14,7.13471640166434e-14,7.134719789796129e-14,5.483442965394815e-20,6.040930386512878e-20,5.482845844390129e-20,6.040276396841079e-20,2.896696756064241e-18,2.9045878523128437e-18,1.208464056517303e-17,1.2086045117853144e-17,1.4982075579933974e-17,1.4991371435657845e-17
6.599180757405065e-07,1.1027841117753831e-05,1.1027845341404774e-05,7.277970570445033e-14,7.277973956842055e-14,7.277970001835776e-14,7.277973389967565e-14,5.586326785255366e-20,6.152700581844692e-20,5.585715447083901e-20,6.152030436301553e-20,2.936354482967024e-18,2.9444099813623715e-18,1.225117683789833e-17,1.225264756502745e-17,1.5188276817392418e-17,1.5197804283687803e-17
6.664884200091592e-07,1.113762689367373e-05,1.1137630908448354e-05,7.42360532615592e-14,7.423608766682234e-14,7.423605458654892e-14,7.423608846786681e-14,5.690931528530939e-20,6.266319008857679e-20,5.690304680722989e-20,6.265631414973494e-20,2.9764377942949653e-18,2.984633913394447e-18,1.2419369126209963e-17,1.2420872940563584e-17,1.5396559241272045e-17,1.5406260415496067e-17
6.731019297490093e-07,1.1248133213893202e-05,1.1248137071893927e-05,7.571653768661261e-14,7.571657261254252e-14,7.571653265307787e-14,7.571657331065934e-14,5.797276582267141e-20,6.381808285771713e-20,5.796634224822706e-20,6.381103243546482e-20,3.0169231154006076e-18,3.0252902540917346e-18,1.2589230664997727e-17,1.2590735306531961e-17,1.560691457976673e-17,1.5616786153196938e-17
6.797586937778988e-07,1.1359362674927265e-05,1.1359366246806168e-05,7.722146534077228e-14,7.722150076129175e-14,7.722145947859638e-14,7.722150013617785e-14,5.905378748570165e-20,6.499190384571816e-20,5.90472023525439e-20,6.498466601535832e-20,3.0578280238719674e-18,3.0663421939169757e-18,1.2760770553248361e-17,1.2762251206544831e-17,1.5819365993933625e-17,1.5829361644455715e-17
6.864588453225906e-07,1.1471316654645958e-05,1.1471320621219555e-05,7.875115545453632e-14,7.875119138014354e-14,7.87511535474926e-14,7.875118742881049e-14,6.015251598371935e-20,6.618484046068741e-20,6.014576282949968e-20,6.617741522222004e-20,3.0991341149404153e-18,3.1078244744558975e-18,1.2933996235587379e-17,1.2935438838575671e-17,1.6033905211966603e-17,1.6044039828831603e-17
6.932025620187687e-07,1.1583998828649036e-05,1.1584002375226998e-05,8.030594061413983e-14,8.03059770464127e-14,8.03059333441547e-14,8.030597400173617e-14,6.126909995074084e-20,6.739708011073241e-20,6.126216585076217e-20,6.738946100180897e-20,3.1408577254230495e-18,3.1497006997615476e-18,1.310891432945968e-17,1.311032053650102e-17,1.6250555394922817e-17,1.6260805817073574e-17
6.999899326842751e-07,1.1697410161593674e-05,1.1697414022317915e-05,8.188613613846013e-14,8.188617307349406e-14,8.188613090549801e-14,8.188617156307948e-14,6.240366217138827e-20,6.862879727926362e-20,6.239655358799915e-20,6.862097783753558e-20,3.1829868612009877e-18,3.192011194888788e-18,1.3285538069755065e-17,1.3286917807016803e-17,1.646931488844104e-17,1.6479720820546958e-17
7.068210905458727e-07,1.1811554087862858e-05,1.1811558164952218e-05,8.349207059796704e-14,8.349210807524556e-14,8.349207149217427e-14,8.349211214975574e-14,6.355634481732945e-20,6.988015998734296e-20,6.354904236348426e-20,6.987213375046178e-20,3.2255372387058686e-18,3.2347197706858198e-18,1.3463883172905173e-17,1.346525298399956e-17,1.6690218434107002e-17,1.6700771604361953e-17
7.136962576481665e-07,1.1926431687339298e-05,1.192643619586306e-05,8.512409678673091e-14,8.512413485428467e-14,8.512409391736239e-14,8.512412779868028e-14,6.472725774848948e-20,7.115132979368382e-20,6.471976142418822e-20,7.114308383695244e-20,3.2685018269024854e-18,3.277871922086333e-18,1.364396452816103e-17,1.3645340956700318e-17,1.69132726493656e-17,1.692401937988389e-17
7.206154339911564e-07,1.2042046029470468e-05,1.2042050356465828e-05,8.678251802668721e-14,8.678255670558613e-14,8.678252344171411e-14,8.678256409929558e-14,6.591653021183906e-20,7.244246179465107e-20,6.590884001708173e-20,7.243398965572093e-20,3.3118973761982424e-18,3.3214312531433754e-18,1.3825781308342023e-17,1.3827177589216012e-17,1.7138492423467864e-17,1.714942278808214e-17
7.275788860283683e-07,1.2158399308830753e-05,1.2158403615368518e-05,8.846770443061151e-14,8.846774371070237e-14,8.846770565467191e-14,8.846774631225338e-14,6.712429791669744e-20,7.375369169956393e-20,6.711640092678697e-20,7.374499984078359e-20,3.3557207846658423e-18,3.3654478082840065e-18,1.400931614265529e-17,1.4010737238947655e-17,1.7365859558440315e-17,1.737700664437508e-17
7.345867025776442e-07,1.2275493013058289e-05,1.2275497469110136e-05,9.017998678037712e-14,9.018002667453418e-14,9.017998614567826e-14,9.018002680325973e-14,6.835070949708095e-20,7.508518752948435e-20,6.834260571201734e-20,7.507625656380819e-20,3.3999904570739147e-18,3.4098860187418866e-18,1.4194546697224288e-17,1.4195987645851355e-17,1.7595365782476828e-17,1.7606704774313705e-17
7.416389724568262e-07,1.2393330263434088e-05,1.2393334743621143e-05,9.191969877385382e-14,9.191973929821856e-14,9.191970372791208e-14,9.191974438549355e-14,6.95959523610971e-20,7.64371108431257e-20,6.958762885618329e-20,7.642794723290226e-20,3.4447066002176125e-18,3.454799237666525e-18,1.4381451465353095e-17,1.4382907303231188e-17,1.7826996206326377e-17,1.7838543647677617e-17
7.487359177105191e-07,1.251191314458229e-05,1.2511917463785271e-05,9.36872102638197e-14,9.368725141267232e-14,9.368720399081584e-14,9.368724464839731e-14,7.086023976624758e-20,7.78096619732926e-20,7.085169007913502e-20,7.780024633147627e-20,3.489886171299493e-18,3.500151482701276e-18,1.4570018866513133e-17,1.4571484630558577e-17,1.8060750829988962e-17,1.807248190543619e-17
7.558775827476438e-07,1.2631243959658825e-05,1.2631248292808983e-05,9.548285032396264e-14,9.548289209073734e-14,9.548285285262276e-14,9.548289351020423e-14,7.214380435707967e-20,7.92030347904411e-20,7.213502848776837e-20,7.919336711703189e-20,3.5355287567292505e-18,3.545996727381109e-18,1.4760240628898278e-17,1.4761719627833523e-17,1.8296621381658458e-17,1.8308569178426174e-17
7.630641896128054e-07,1.2751324792399654e-05,1.2751329410691514e-05,9.730699575245243e-14,9.730703816253209e-14,9.730698912651173e-14,9.73070297840932e-14,7.344689816518626e-20,8.061747486381557e-20,7.343788965132767e-20,8.060754869646493e-20,3.581648625372451e-18,3.592294439856008e-18,1.4952110135063628e-17,1.495362056686215e-17,1.853461944186344e-17,1.854677568814552e-17
7.702958271238458e-07,1.2872158194881383e-05,1.2872163222168997e-05,9.91599931597957e-14,9.91600362674087e-14,9.915998550697955e-14,9.916002616456102e-14,7.476977968450876e-20,8.205320837561474e-20,7.476053206375436e-20,8.204301725197414e-20,3.628243709277563e-18,3.63909838686579e-18,1.514563234809286e-17,1.514719406508936e-17,1.8774743356242684e-17,1.878716099159833e-17
7.77572584098607e-07,1.2993746621418542e-05,1.2993751462089809e-05,1.0104219219260088e-13,1.0104223601828127e-13,1.0104219435973227e-13,1.0104223501731374e-13,7.611269448429153e-20,8.351049381978003e-20,7.610320129429277e-20,8.350003773984948e-20,3.675326002563469e-18,3.68636348706707e-18,1.5340820502875772e-17,1.5342455011766176e-17,1.901702290329824e-17,1.9029693655921328e-17
7.848947269906148e-07,1.3116091729345122e-05,1.31160970002972e-05,1.0295399186551606e-13,1.0295403643158396e-13,1.0295398160300312e-13,1.0295402903684817e-13,7.747585582203624e-20,8.498957676555581e-20,7.74661106004446e-20,8.497883634228969e-20,3.7228901285561866e-18,3.7341422664287454e-18,1.5537699414830743e-17,1.5539421604866078e-17,1.9261472972281136e-17,1.9274448127369643e-17
7.922622557998693e-07,1.3239196844851142e-05,1.3239201999852568e-05,1.0489572534398213e-13,1.0489577067818515e-13,1.0489571993128888e-13,1.0489576736513392e-13,7.885945756819896e-20,8.649068339514081e-20,7.88494538526659e-20,8.647966509088766e-20,3.770943118290923e-18,3.782384680523757e-18,1.5736305479904725e-17,1.573811865980744e-17,1.9508139885305674e-17,1.952139628180245e-17
7.996753481620544e-07,1.3363063410995815e-05,1.3363068605040662e-05,1.0686777546717694e-13,1.0686782156856431e-13,1.0686778203908634e-13,1.0686782947293139e-13,8.026366128149308e-20,8.801403989073378e-20,8.02533990720186e-20,8.800273724314507e-20,3.819476286371247e-18,3.831139533008245e-18,1.593667509404467e-17,1.5938569337647416e-17,1.9757050112151456e-17,1.9770609256752425e-17
8.071341817128541e-07,1.3487693928974573e-05,1.3487699044183177e-05,1.0887052876429446e-13,1.0887057563463188e-13,1.088705406208923e-13,1.0887058805473734e-13,8.168860267123785e-20,8.955983366044225e-20,8.167806904312487e-20,8.95482337448209e-20,3.868492941519608e-18,3.8803530571423935e-18,1.613883803575263e-17,1.6140793490720705e-17,2.000823839440421e-17,2.0022055619356294e-17
8.146389340879523e-07,1.3613090630228142e-05,1.3613095483901161e-05,1.1090437553717148e-13,1.1090442315564877e-13,1.1090437514746712e-13,1.1090442258131217e-13,8.313437221031276e-20,9.112823272532814e-20,8.312357362590982e-20,9.111633554167416e-20,3.917983984749268e-18,3.930073642992037e-18,1.634280257683473e-17,1.634480435391711e-17,2.0261703077702707e-17,2.027579492661816e-17
8.22189605287349e-07,1.3739255098602424e-05,1.3739260179494728e-05,1.129696612284777e-13,1.1296970959708135e-13,1.1296966508957118e-13,1.1296971252341623e-13,8.460106683394584e-20,9.271937279471071e-20,8.458999036855588e-20,9.270716541832702e-20,3.967952724782678e-18,3.980246696636747e-18,1.6548553828039945e-17,1.655059034670805e-17,2.051743092715715e-17,2.053176100408902e-17
8.2978646176457e-07,1.3866190483265844e-05,1.3866194989012315e-05,1.150668073092296e-13,1.1506685640611644e-13,1.1506679669422842e-13,1.1506685090433705e-13,8.608877055266807e-20,9.433337665321213e-20,8.6077403281594e-20,9.432086554644727e-20,4.018392957765243e-18,4.030923089684196e-18,1.6756062010866223e-17,1.6758123344952705e-17,2.0775387201181813e-17,2.0789978667187248e-17
8.374295035196155e-07,1.3993898299475074e-05,1.3993902664665575e-05,1.1719616552788724e-13,1.171962153027835e-13,1.1719616976098995e-13,1.1719621041857142e-13,8.759755445231333e-20,9.597034769840897e-20,8.75859028379037e-20,9.595751993656586e-20,4.069310887551557e-18,4.082051950526711e-18,1.696529734681151e-17,1.6967368607065344e-17,2.1035547084358316e-17,2.1050360234767915e-17
8.451189970060113e-07,1.4122381006431359e-05,1.4122385350381905e-05,1.1935816499373175e-13,1.1935821543831685e-13,1.1935816376061614e-13,1.193582044181976e-13,8.912748961871551e-20,9.763035055378657e-20,8.911554719862177e-20,9.761719967451669e-20,4.120701964648251e-18,4.1336849779525774e-18,1.717623336609621e-17,1.717829800890514e-17,2.1297882452545833e-17,2.1312932176610623e-17
8.528549422237575e-07,1.4251640719633446e-05,1.425164520083011e-05,1.215531637705315e-13,1.2155321489782515e-13,1.2155317171639451e-13,1.2155322592650314e-13,9.067864067535997e-20,9.931343691813324e-20,9.066640744958213e-20,9.929996292143658e-20,4.172575288042064e-18,4.185776263437798e-18,1.738885187074684e-17,1.739089996994352e-17,2.1562383379577014e-17,2.1577631626988817e-17
8.606376056263798e-07,1.4381680659081991e-05,1.4381685016683077e-05,1.2378159879442802e-13,1.2378165060961555e-13,1.237816137566669e-13,1.2378165441424838e-13,9.22510787080806e-20,1.0101965849023725e-19,9.223854175192159e-20,1.0100585491376527e-19,4.224927962600852e-18,4.238377919360964e-18,1.76031462433185e-17,1.760517118145803e-17,2.182903663056206e-17,2.1844513179822926e-17
8.684670760317204e-07,1.4512502085888002e-05,1.4512506645483758e-05,1.2604386028131047e-13,1.2604391279466726e-13,1.260438693521937e-13,1.2604392356230232e-13,9.384488772740835e-20,1.0274906050653835e-19,9.383204704086818e-20,1.0273492735029106e-19,4.277774050395027e-18,4.29144941387206e-18,1.7819103248921396e-17,1.78211199152548e-17,2.2097848822945866e-17,2.2113540439165997e-17
8.76343531075463e-07,1.4644108084599719e-05,1.464411280793429e-05,1.2834036757366824e-13,1.2834042081819087e-13,1.283403586313167e-13,1.2834041284142533e-13,9.546018405561689e-20,1.0450174636461311e-19,9.5447033176347e-20,1.0448727716624197e-19,4.331114792195509e-18,4.345044100120596e-18,1.8036714615749396e-17,1.8038749480056277e-17,2.2368806721838636e-17,2.238477461638336e-17
8.842669707576079e-07,1.4776500047825394e-05,1.4776505305381937e-05,1.3067149171316113e-13,1.3067154574851364e-13,1.306715017223778e-13,1.3067155593248642e-13,9.709710986437397e-20,1.0627783884908371e-19,9.708364879237438e-20,1.0626303360858872e-19,4.384965904433936e-18,4.399127236520844e-18,1.8255968763273927e-17,1.8258064838946136e-17,2.264192025340772e-17,2.2658180969889287e-17
8.922376615316807e-07,1.490968108375755e-05,1.4909686877773859e-05,1.3303768541379078e-13,1.3303774033002998e-13,1.3303769164866447e-13,1.330377458587731e-13,9.875584609943861e-20,1.0807749951866353e-19,9.874206837236077e-20,1.0806234531134762e-19,4.439330695832759e-18,4.4537521762223146e-18,1.8476860728411312e-17,1.8479067646285604e-17,2.2917186108930666e-17,2.2933815747965432e-17
9.002556922155236e-07,1.5043653063404744e-05,1.504365903945426e-05,1.3543935293654424e-13,1.3543940879651092e-13,1.3543936209104573e-13,1.3543941630115436e-13,1.0043657370656979e-19,1.0990090931911158e-19,1.0042247932441371e-19,1.098853996826262e-19,4.494225296413922e-18,4.508885832000505e-18,1.8699395474245228e-17,1.8701759556435905e-17,2.3194622486380952e-17,2.3211649172109743e-17
9.083212404448204e-07,1.5178418669083149e-05,1.5178424875639251e-05,1.3787692870802075e-13,1.3787698555058134e-13,1.3787691962533627e-13,1.3787698738797205e-13,1.021395059432692e-19,1.1174827504558098e-19,1.021250819813378e-19,1.117324164422747e-19,4.5496509469483436e-18,4.564578661872782e-18,1.892358458130425e-17,1.892615380428684e-17,2.3474244275009602e-17,2.3491744108048774e-17
9.164343950374132e-07,1.5313980226520918e-05,1.5313986299319432e-05,1.4035082416941115e-13,1.4035088200821476e-13,1.4035081148493223e-13,1.4035086569504085e-13,1.0386484314234142e-19,1.136198228802705e-19,1.0385008960063471e-19,1.136036023854462e-19,4.605623363867663e-18,4.6207984057952546e-18,1.914945451936798e-17,1.915226031600576e-17,2.3756096142569696e-17,2.3774077394725373e-17
9.245952448111439e-07,1.5450339343837938e-05,1.545034511784074e-05,1.4286145407345856e-13,1.4286151287906183e-13,1.4286144424564828e-13,1.4286151200828406e-13,1.0561279856128815e-19,1.1551577254303031e-19,1.0559771543980612e-19,1.1549919015668804e-19,4.662142133581574e-18,4.677590145111308e-18,1.9377040030022145e-17,1.9380089017760015e-17,2.4040207867563284e-17,2.405870693478242e-17
9.328039674016964e-07,1.5587498861758392e-05,1.558750442851725e-05,1.454092641098605e-13,1.454093238463954e-13,1.454092651408806e-13,1.4540933290351638e-13,1.0738357253291397e-19,1.1743631790431652e-19,1.073681533693081e-19,1.1741937362645625e-19,4.719219250208958e-18,4.734922860547971e-18,1.9606377509213697e-17,1.9609649835716957e-17,2.432663238954957e-17,2.4345609567162762e-17
9.410607404447546e-07,1.5725460798206303e-05,1.572546653297313e-05,1.4799470412204816e-13,1.4799476479172442e-13,1.4799470785149815e-13,1.4799477561413393e-13,1.0917732015358374e-19,1.193816399098881e-19,1.0916155202315695e-19,1.1936432081581277e-19,4.776850164256446e-18,4.792833775232808e-18,1.983750997033449e-17,1.984096427657251e-17,2.4615402795753058e-17,2.463484319450928e-17
9.493657415760026e-07,1.586422710683766e-05,1.5864232762244357e-05,1.5061822805991976e-13,1.5061828967555008e-13,1.506182196108971e-13,1.5061827382100573e-13,1.1099415774557111e-19,1.2135189365610992e-19,1.1097805357302047e-19,1.213342126705166e-19,4.835043974710777e-18,4.851290629121931e-18,2.0070467191886573e-17,2.0074053847022603e-17,2.4906562099565598e-17,2.492639789065462e-17
9.577189707954403e-07,1.600380036296395e-05,1.600380621126496e-05,1.5328023744218567e-13,1.5328030001874705e-13,1.532802205474193e-13,1.5328028831005508e-13,1.1283415639470997e-19,1.2334720838995267e-19,1.128177032553384e-19,1.2332913966344722e-19,4.893787446682149e-18,4.910323614307696e-18,2.030526240875975e-17,2.0308931781957035e-17,2.520011030098719e-17,2.5220316668990637e-17
9.661206057387517e-07,1.6144182912177646e-05,1.614418793820238e-05,1.5598119363859986e-13,1.559812571287824e-13,1.559811849995152e-13,1.5598125276215097e-13,1.146973677997886e-19,1.2536763581020466e-19,1.1468055276889904e-19,1.2534917934278707e-19,4.9530896791573e-18,4.9698988163849904e-18,2.0541887349147894e-17,2.0545598081375807e-17,2.5496045745656613e-17,2.5516566442292828e-17
9.745708240416207e-07,1.6285376271261975e-05,1.628538133486429e-05,1.5872156218425858e-13,1.5872162652703663e-13,1.5872154664805377e-13,1.5872161441068955e-13,1.1658381781020113e-19,1.274132534650483e-19,1.1656664088779358e-19,1.2739440925671857e-19,5.012935782885206e-18,5.030041877952802e-18,2.0780307271465278e-17,2.0784042819111568e-17,2.5794320457098334e-17,2.581516209981222e-17
9.830697145218892e-07,1.6427382972793517e-05,1.642738848309927e-05,1.6150178376548478e-13,1.615018490069277e-13,1.615017798314855e-13,1.6150183404159413e-13,1.1849351935064465e-19,1.2948408720387773e-19,1.1847599346141618e-19,1.2946485525463587e-19,5.073336511213828e-18,5.090724261279999e-18,2.102048577976495e-17,2.1024259377719417e-17,2.609490631117153e-17,2.611607055432431e-17
9.916174548152412e-07,1.6570204918828907e-05,1.6570211028230086e-05,1.6432233188153125e-13,1.6432239811619652e-13,1.6432231823067939e-13,1.6432238599331517e-13,1.204265370446045e-19,1.3158020165017831e-19,1.2040864926385804e-19,1.3156056903532725e-19,5.134276561301834e-18,5.1519683002431185e-18,2.1262389786822408e-17,2.126624610283813e-17,2.639775864012312e-17,2.6419310003802575e-17
1.0002141337395187e-06,1.671384559131378e-05,1.671385194098804e-05,1.6718365483688258e-13,1.6718372214261454e-13,1.6718364973661304e-13,1.6718371749924882e-13,1.2238292259086898e-19,1.3370164850273834e-19,1.2236467291860453e-19,1.3368161522227807e-19,5.195769995219639e-18,5.213751660965623e-18,2.15060027490254e-17,2.1510007957551382e-17,2.6702874135230653e-17,2.6724863904634763e-17
1.0088599289304057e-06,1.685830617221759e-05,1.6858312990843116e-05,1.7008623431953122e-13,1.7008630276376744e-13,1.700862215826826e-13,1.7008628934531839e-13,1.2436277938701465e-19,1.3584849238504315e-19,1.2434415489853514e-19,1.3582805843897368e-19,5.257802337306522e-18,5.276095436553132e-18,2.175131308584535e-17,2.1755546596220397e-17,2.7010226326714532e-17,2.70327537635168e-17
1.017554929205744e-06,1.7003589195705923e-05,1.7003595700011698e-05,1.7303052621500694e-13,1.7303059581767207e-13,1.7303053521239287e-13,1.7303060297502865e-13,1.2636622375531516e-19,1.3802083669466933e-19,1.2634722445062058e-19,1.3800000208299065e-19,5.3203921991262656e-18,5.33898473775462e-18,2.199832079728226e-17,2.2002852092677826e-17,2.731983010382578e-17,2.7342956419391537e-17
1.0262993122012176e-06,1.7149696981185597e-05,1.7149704375551966e-05,1.760170203638545e-13,1.7601709118187274e-13,1.7601702430661281e-13,1.760170920692486e-13,1.2839335909334706e-19,1.4021877190449636e-19,1.2837397204774035e-19,1.4019753662720848e-19,5.383525518608457e-18,5.402437762543563e-18,2.224702257461368e-17,2.2251902940227742e-17,2.763167388603582e-17,2.765546856353652e-17
1.0350932555525105e-06,1.729663209650012e-05,1.7296639530296753e-05,1.7904621102954612e-13,1.7904628315154462e-13,1.7904620386137438e-13,1.7904627162401016e-13,1.3044432757277815e-19,1.424424143367979e-19,1.3042456571095638e-19,1.4242076546920373e-19,5.447228765532697e-18,5.466449134245979e-18,2.2497431652729407e-17,2.250268094089667e-17,2.794579406929161e-17,2.7970268689255827e-17
1.0439367592596227e-06,1.7444397345673865e-05,1.7444404671558555e-05,1.8211853525615372e-13,1.8211860868342517e-13,1.8211853466260086e-13,1.821186159777638e-13,1.3251925844057914e-19,1.4469188031384757e-19,1.3249910883784523e-19,1.44669792006553e-19,5.5114895321897974e-18,5.531037050835344e-18,2.2749567883964146e-17,2.2755182785962156e-17,2.826220057976049e-17,2.8287363413994355e-17
1.05283008977608e-06,1.7592993694547088e-05,1.7593000589608e-05,1.8523452624570419e-13,1.8523460093769133e-13,1.8523451815379705e-13,1.8523459946895998e-13,1.3461828094372073e-19,1.4696726030852488e-19,1.3459774360007469e-19,1.4694475841092402e-19,5.576339251443036e-18,5.596203580263191e-18,2.3003464355542397e-17,2.300941674723033e-17,2.8580956283169026e-17,2.860677424444803e-17
1.0617732471018826e-06,1.77424241213954e-05,1.774243125885616e-05,1.883946282527136e-13,1.883947041996512e-13,1.8839464222594055e-13,1.8839472354110348e-13,1.3674156310326485e-19,1.4926870941719468e-19,1.367206250940096e-19,1.4924578100459048e-19,5.641765101992918e-18,5.661964852551463e-18,2.3259167389578464e-17,2.3265414257564465e-17,2.890209095801926e-17,2.892854088528626e-17
1.0707664976905562e-06,1.7892691351235196e-05,1.7892697890424525e-05,1.9159938348473047e-13,1.915994606616435e-13,1.9159939477000898e-13,1.9159947608517192e-13,1.3888923416618222e-19,1.5159634396213062e-19,1.3886790841601484e-19,1.51572976109826e-19,5.707800998244557e-18,5.728327898735367e-18,2.3516718345102975e-17,2.3523216675995192e-17,2.922568732237246e-17,2.925271627606824e-17
1.0798099303599429e-06,1.804379697551567e-05,1.8043803459946717e-05,1.9484927561030218e-13,1.9484935396499755e-13,1.9484929078203428e-13,1.9484937209719722e-13,1.4106146215353476e-19,1.5395030611500047e-19,1.4103973573775817e-19,1.539265117476925e-19,5.7744332917178476e-18,5.7953030585725605e-18,2.3776160235507782e-17,2.3782883559526613e-17,2.955177184600821e-17,2.957936659124298e-17
1.0889255719348512e-06,1.8196108469918648e-05,1.8196114954474596e-05,1.9815277549779365e-13,1.9815285503469538e-13,1.9815277348643467e-13,1.981528548015976e-13,1.432636883627894e-19,1.5633646368827453e-19,1.4324154835670655e-19,1.5631222988126614e-19,5.84185843780827e-18,5.863066521533517e-18,2.403817134889518e-17,2.4045101468067148e-17,2.988121472293093e-17,2.9909355407369985e-17
1.0980699016727158e-06,1.8348899814651237e-05,1.8348906536388987e-05,2.0149457155806466e-13,2.0149465230259344e-13,2.0149456918510528e-13,2.0149465050026821e-13,1.4548548256340977e-19,1.5874355927080384e-19,1.4546292896702063e-19,1.5871887309939796e-19,5.909737292464678e-18,5.931295273589035e-18,2.4301545655932063e-17,2.4308670989728594e-17,3.021247739720127e-17,3.0241164020844606e-17
1.1072647687626613e-06,1.8502536646640422e-05,1.850254291720088e-05,2.0488301216141616e-13,2.0488309410056948e-13,2.0488301268224707e-13,2.0488309399741e-13,1.4773216973058915e-19,1.6117735727748213e-19,1.4770920254389373e-19,1.6115223166637583e-19,5.9782638295407145e-18,6.000167985751425e-18,2.4566963099081953e-17,2.4574273721335696e-17,3.0546433371546076e-17,3.057564939078145e-17
1.1165103508403718e-06,1.8657021185723363e-05,1.865702770601635e-05,2.0831862958052163e-13,2.0831871270226381e-13,2.0831863252641913e-13,2.0831871384158207e-13,1.5000384033720705e-19,1.636379869552801e-19,1.4998045956020535e-19,1.6361240897977632e-19,6.047413233618004e-18,6.069675145443643e-18,2.4834479926626502e-17,2.4841967565531332e-17,3.088310911574496e-17,3.0912861148017266e-17
1.125806825541531e-06,1.8812355584488932e-05,1.8812361497456964e-05,2.1180196071264646e-13,2.118020449902436e-13,2.1180195726618056e-13,2.118020385813435e-13,1.5230053315735467e-19,1.6612555170177434e-19,1.522767387900467e-19,1.6609952136187306e-19,6.1172144560179846e-18,6.139833709868247e-18,2.510413418887389e-17,2.5111798844429805e-17,3.122257411296937e-17,3.125285884955616e-17
1.135154192866139e-06,1.89685410454353e-05,1.8968547550159143e-05,2.1533347989917593e-13,2.1533356533750035e-13,2.1533348834503613e-13,2.1533358321272622e-13,1.5462231281451738e-19,1.6864012906514726e-19,1.5459807900750899e-19,1.686136463608485e-19,6.187637304648299e-18,6.210622999509923e-18,2.5375939120713913e-17,2.5383797336533167e-17,3.156481181960706e-17,3.159565903901039e-17
1.1445528080855638e-06,1.912558014865659e-05,1.9125586831862662e-05,2.1891379977142996e-13,2.1891388644923717e-13,2.1891378141659923e-13,2.1891387628428932e-13,1.5696920515808931e-19,1.711818353676725e-19,1.5694454483607758e-19,1.7115488737427918e-19,6.258708249288549e-18,6.282063693883984e-18,2.5649881487256775e-17,2.5657966350563868e-17,3.190983547054783e-17,3.1941278259992194e-17
1.1540025823819633e-06,1.9283475766771613e-05,1.928348263614127e-05,2.225433688648158e-13,2.2254345682331081e-13,2.2254336502942895e-13,2.225434463445919e-13,1.5934131358564704e-19,1.7375073523283543e-19,1.5931622674863196e-19,1.7372332195034754e-19,6.33039668425607e-18,6.354125187307766e-18,2.5925923238194296e-17,2.593427114493618e-17,3.225757558262022e-17,3.228965364677503e-17
1.1635036933910214e-06,1.944222972683797e-05,1.944223653280175e-05,2.2622274113280457e-13,2.262228303906082e-13,2.2622275417955723e-13,2.2622284904724732e-13,1.6173874149476714e-19,1.7634694498290968e-19,1.617132281427487e-19,1.7631906641132723e-19,6.4027270113789316e-18,6.4268364311027084e-18,2.6204013088328498e-17,2.6212668706258253e-17,3.2608005686044636e-17,3.2640771964469086e-17
1.1730564075662642e-06,1.9601843932052013e-05,1.9601850861004216e-05,2.2995250989180954e-13,2.2995260046167046e-13,2.2995250452059746e-13,2.299526129408147e-13,1.6416163105711739e-19,1.7897055509077474e-19,1.6413567826539854e-19,1.7894219830540066e-19,6.475670279335695e-18,6.5001602021412464e-18,2.6484112987351204e-17,2.6493114366777007e-17,3.296105960637207e-17,3.2994550495013116e-17
1.1826607249076915e-06,1.9762321228279645e-05,1.9762328235778392e-05,2.3373316923261134e-13,2.3373326114097327e-13,2.3373317170616303e-13,2.337332801263803e-13,1.666101115196685e-19,1.8162161725521891e-19,1.6658370636355215e-19,1.815927822560532e-19,6.549251303544737e-18,6.5741333099606386e-18,2.6766203082927713e-17,2.6775580002351614e-17,3.331673734360252e-17,3.3350999164574467e-17
1.1923169118688293e-06,1.9923663100621103e-05,1.992367083985397e-05,2.3756532207677784e-13,2.3756541540911176e-13,2.3756531138986736e-13,2.375653927050303e-13,1.6908428627999702e-19,1.843002090244246e-19,1.6905744168418026e-19,1.8427089581146726e-19,6.62344320063615e-18,6.6487148091205635e-18,2.7050283375058025e-17,2.70600606498984e-17,3.367501904540129e-17,3.3710071651038836e-17
1.2020248796318356e-06,2.008587352320644e-05,2.008588016505497e-05,2.414494349943472e-13,2.4144952972279187e-13,2.414494656727967e-13,2.414495469879596e-13,1.715842845850737e-19,1.8700636917248306e-19,1.7155700054955652e-19,1.8697657774573407e-19,6.698272026799228e-18,6.723948953783793e-18,2.733637702479929e-17,2.734657285302962e-17,3.4035951033882677e-17,3.4071827511410326e-17
1.2117849834680783e-06,2.024895258751283e-05,2.0248960856852904e-05,2.4538615590492137e-13,2.453862520887135e-13,2.4538617665603724e-13,2.4538625797120017e-13,1.7411018398308093e-19,1.897401623228796e-19,1.7408244758316627e-19,1.8970987975764191e-19,6.773718343289577e-18,6.799794384919699e-18,2.7624522082459687e-17,2.7635154662053444e-17,3.4399553161381386e-17,3.443626343696649e-17
1.2215973121953994e-06,2.041290513759425e-05,2.0412912307653935e-05,2.493760310515445e-13,2.493761287503012e-13,2.493760135457296e-13,2.4937612196594683e-13,1.7666206202220117e-19,1.9250162724970545e-19,1.7663386033319194e-19,1.9247086647067614e-19,6.849811515018943e-18,6.876304455677791e-18,2.791476817887597e-17,2.792585901652908e-17,3.476590483723622e-17,3.480348861554818e-17
1.2314618658137988e-06,2.057773122003323e-05,2.0577739349200708e-05,2.5341957435356577e-13,2.53419673561523e-13,2.534195997581229e-13,2.5341968107328583e-13,1.7923997040122268e-19,1.9529088027523426e-19,1.7921131634781596e-19,1.9525961543301917e-19,6.926537066326605e-18,6.953438220617748e-18,2.8207179834135914e-17,2.8218743819099406e-17,3.5135049074839036e-17,3.517351959076765e-17
1.2413789995946445e-06,2.074343494759545e-05,2.0743441994531403e-05,2.5751744968221506e-13,2.5751755039520674e-13,2.575174231841948e-13,2.5751753160441204e-13,1.8184396081893375e-19,1.9810798602295138e-19,1.8181484147643247e-19,1.980762300422476e-19,7.003926016485535e-18,7.0312568911049e-18,2.85018215683273e-17,2.8513878552935876e-17,3.5507091753308236e-17,3.554648209407801e-17
1.2513486247200944e-06,2.09100167624654e-05,2.0910024528107696e-05,2.6167014266951847e-13,2.6167024485926866e-13,2.6167013434524877e-13,2.61670242765466e-13,1.8447408497412267e-19,2.0095307373982752e-19,1.844445132672239e-19,2.0092081369593795e-19,7.081970507279913e-18,7.109718280928004e-18,2.879876286462159e-17,2.8811326083765044e-17,3.5882085812203026e-17,3.592240259525886e-17
1.2613709188258326e-06,2.1077480493569833e-05,2.1077487806067663e-05,2.658782531321571e-13,2.658783568330828e-13,2.6587827534237107e-13,2.658783837625883e-13,1.871304074902748e-19,2.038262209740451e-19,1.8710037049428146e-19,2.0379346979166683e-19,7.160697422079647e-18,7.18888939171668e-18,2.9098056662577975e-17,2.9111145968591014e-17,3.626012058702956e-17,3.6301403517040857e-17
1.271446148365385e-06,2.1245826568653398e-05,2.124583429053556e-05,2.701424234674056e-13,2.7014252868307963e-13,2.7014244248675656e-13,2.701425509069738e-13,1.8981299299087548e-19,2.0672751819848364e-19,1.8978247778109051e-19,2.066942629529196e-19,7.240106760884738e-18,7.268723901356623e-18,2.9399762519200567e-17,2.941337460336074e-17,3.664124570862459e-17,3.668348155070155e-17
1.2815744021565934e-06,2.1415059297017272e-05,2.1415066686361617e-05,2.744632262574585e-13,2.744633330036359e-13,2.744632320896001e-13,2.7446331340476304e-13,1.92521893174713e-19,2.0965706881071968e-19,1.9249091267583348e-19,2.096232965772728e-19,7.320220030391111e-18,7.349293774561125e-18,2.9703926756603666e-17,2.971806161891097e-17,3.702553727760448e-17,3.70687458840818e-17
1.2917556801994579e-06,2.158517842133431e-05,2.1585187012111706e-05,2.7884120001865654e-13,2.788413083918146e-13,2.7884121335704226e-13,2.788413217772595e-13,1.9525723728875808e-19,2.1261492450954153e-19,1.9522576565138985e-19,2.1258064821290886e-19,7.40104136650183e-18,7.430547726132209e-18,3.0010605623068926e-17,3.0025240102466214e-17,3.741304492480597e-17,3.74571898997367e-17
1.3019903377653463e-06,2.1756188620665473e-05,2.1756196336847333e-05,2.832770405197801e-13,2.832771505618996e-13,2.832770368103865e-13,2.8327714523060377e-13,1.98019077031799e-19,2.1560117576782867e-19,1.9798714010533621e-19,2.1556639540801023e-19,7.482581522564857e-18,7.512556893602554e-18,3.03198355145433e-17,3.033494644997342e-17,3.780382820723317e-17,3.784891947678466e-17
1.3122782860364168e-06,2.192809086934769e-05,2.192809750407171e-05,2.877712565963025e-13,2.877713681148358e-13,2.877712445507191e-13,2.8777135297093637e-13,2.008075287261094e-19,2.186158742843694e-19,2.007751006611579e-19,2.1858056401197103e-19,7.564845461663868e-18,7.595261719968056e-18,3.063164290080639e-17,3.0647200513767286e-17,3.8197913594665686e-17,3.824388829311138e-17
1.3226197914661952e-06,2.2100886604533437e-05,2.210089404566795e-05,2.923245156924398e-13,2.9232462866662877e-13,2.9232451420439787e-13,2.923246226246151e-13,2.0362264407047756e-19,2.21659071757952e-19,2.0358973779173444e-19,2.216232444976708e-19,7.647830702257026e-18,7.678730034038944e-18,3.094601785569084e-17,3.0961992367680466e-17,3.859528454349126e-17,3.8642162523165865e-17
1.3330149428725235e-06,2.2274578484585833e-05,2.227458569666746e-05,2.9693741247571613e-13,2.9693752697312907e-13,2.96937387872509e-13,2.9693752339778057e-13,2.06464513537783e-19,2.2473080696266765e-19,2.0643111612055116e-19,2.246944627145036e-19,7.73154386178923e-18,7.762893179824377e-18,3.126292398324971e-17,3.127930546810071e-17,3.899591458393029e-17,3.90436495227195e-17
1.3434638290732437e-06,2.244916880068948e-05,2.244917637070354e-05,3.016105459342522e-13,3.016106619762295e-13,3.0161054318141034e-13,3.016106787066819e-13,2.0933322760090517e-19,2.278311574466988e-19,2.092993519698817e-19,2.277942703612578e-19,7.815972532551292e-18,7.847817331773359e-18,3.1582324887536033e-17,3.159912988886066e-17,3.939975408514603e-17,3.94484088487764e-17
1.3539667165218816e-06,2.2624660121588203e-05,2.2624667747980776e-05,3.0634459945475067e-13,3.063447170927894e-13,3.0634460354735105e-13,3.063447119675683e-13,2.1222894135620897e-19,2.309601749088338e-19,2.121945745866968e-19,2.3092279668490405e-19,7.901127467891176e-18,7.933429697991985e-18,3.1904190790047767e-17,3.1921455703792974e-17,3.9806786503526225e-17,3.985636109199775e-17
1.3645236052184373e-06,2.2801054582528846e-05,2.2801062392302507e-05,3.1114014159567924e-13,3.1114026086329686e-13,3.111401381764717e-13,3.1114027370174324e-13,2.1515179697536217e-19,2.3411804029483154e-19,2.1511695199205837e-19,2.340801192336248e-19,7.98698881547418e-18,8.019799761651709e-18,3.222849852972776e-17,3.224630938267725e-17,4.021696882567902e-17,4.0267595587889716e-17
1.3751346727985947e-06,2.297835364367673e-05,2.2978362361536497e-05,3.1599782554035803e-13,3.15997946561734e-13,3.1599785180018436e-13,3.159979602204016e-13,2.181019883288208e-19,2.373048311528745e-19,2.180666522070283e-19,2.3726639310378493e-19,8.073573118912556e-18,8.106850594955565e-18,3.2555251415298454e-17,3.257371408657064e-17,4.063031759521667e-17,4.0682062705615536e-17
1.3858000968980377e-06,2.31565612665921e-05,2.3156570369900487e-05,3.209183098734554e-13,3.2091843279553453e-13,3.2091831362462964e-13,3.209184491499012e-13,2.21079709287041e-19,2.4052075427811582e-19,2.210438820267598e-19,2.4048177339174926e-19,8.160852254065476e-18,8.19465333543623e-18,3.288447591653946e-17,3.290368966780784e-17,4.104682950341672e-17,4.109985178068137e-17
1.3965199663346084e-06,2.3335677773878016e-05,2.3335687776238068e-05,3.259022171967321e-13,3.25902342166914e-13,3.2590222838121963e-13,3.259023639064912e-13,2.2408514079578173e-19,2.4376596476692035e-19,2.240488223970118e-19,2.437264410432768e-19,8.24885186353193e-18,8.28313105529674e-18,3.3216205120675275e-17,3.323625928744601e-17,4.146657072472818e-17,4.152090987352801e-17
1.4072944587439906e-06,2.3515707792621382e-05,2.35157173241185e-05,3.3095021617828497e-13,3.3095034325314083e-13,3.309502194862035e-13,3.3095032790642076e-13,2.271184379514078e-19,2.4704056601686465e-19,2.270816284141492e-19,2.4700052530533825e-19,8.337542168809866e-18,8.372359027972835e-18,3.3550498584710006e-17,3.357143618037495e-17,4.1889571037653095e-17,4.194532962838407e-17
1.4181236629440264e-06,2.3696651598879154e-05,2.369666132624737e-05,3.360629389844453e-13,3.3606306814488304e-13,3.360629374608848e-13,3.3606304588110203e-13,2.3017973000089e-19,2.503447389737077e-19,2.3014240347574855e-19,2.5030415542490433e-19,8.426959565846236e-18,8.462266943112449e-18,3.3887432409260006e-17,3.3909250125096704e-17,4.231593301258743e-17,4.237306141441279e-17
1.4290076677525576e-06,2.3878512840060095e-05,2.3878521444434253e-05,3.412410221696461e-13,3.412411533253116e-13,3.4124103282656693e-13,3.4124114124678417e-13,2.3326904279362243e-19,2.5367858703502612e-19,2.3323122512999227e-19,2.5363746064894575e-19,8.517074276138988e-18,8.552932555693161e-18,3.422708269494163e-17,3.424972428266843e-17,4.274570958909038e-17,4.280421441945503e-17
1.4399466508052683e-06,2.406129238193e-05,2.40613007147783e-05,3.464851493383821e-13,3.464852823468075e-13,3.4648515610455344e-13,3.46485291629825e-13,2.363865055765758e-19,2.5704216189960816e-19,2.363481709250628e-19,2.570004926762508e-19,8.6079309674412e-18,8.644292172807806e-18,3.456952223364878e-17,3.459290166648198e-17,4.3179016572447707e-17,4.323876548245364e-17
1.4509407897378424e-06,2.4244993088971822e-05,2.4245001235753683e-05,3.5179600947621885e-13,3.517961442964377e-13,3.5179601202625643e-13,3.51796147551528e-13,2.395320666509618e-19,2.6043554111563624e-19,2.394932408609601e-19,2.603933290550019e-19,8.699501515612045e-18,8.73642933969825e-18,3.491480727366312e-17,3.493884183354146e-17,4.361588704988391e-17,4.367685356975152e-17
1.4619901733681218e-06,2.4429617370383405e-05,2.4429625509567177e-05,3.5717425391641713e-13,3.5717439053613477e-13,3.571742511129794e-13,3.5717438663825096e-13,2.427057777155688e-19,2.638587246831104e-19,2.4266643493768424e-19,2.6381596978519904e-19,8.791837205849502e-18,8.829280363457327e-18,3.5262974210931587e-17,3.5287597723406065e-17,4.405640373946025e-17,4.411847206390378e-17
1.4730949793317905e-06,2.461516745381337e-05,2.4615175089302832e-05,3.62620582106443e-13,3.6262072047790753e-13,3.6262057809613446e-13,3.62620713621406e-13,2.4590761292100256e-19,2.673117384514247e-19,2.4586775315523516e-19,2.672684407162364e-19,8.884910741193356e-18,8.922933752410581e-18,3.561403958906644e-17,3.563922889307991e-17,4.4500553406286926e-17,4.456376985742068e-17
1.4842552076288484e-06,2.4801643801457968e-05,2.4801651754086107e-05,3.681356110596575e-13,3.6813575117079156e-13,3.681356163919708e-13,3.6813577902229666e-13,2.4913757226726314e-19,2.707946341193675e-19,2.490971955136129e-19,2.707507935469022e-19,8.978779197105873e-18,9.017328295192682e-18,3.5968003408067684e-17,3.5993775047232386e-17,4.4948402224812936e-17,4.501272709796751e-17
1.4954711247128216e-06,2.4989050768808863e-05,2.4989059125651858e-05,3.7372009407819295e-13,3.737202360185838e-13,3.737201249420091e-13,3.737202604672807e-13,2.523956557543505e-19,2.7430743753633294e-19,2.5235476201281743e-19,2.742630282771965e-19,9.073413622265615e-18,9.112554154490399e-18,3.632488552027001e-17,3.6351282507977804e-17,4.539993034270358e-17,4.5465472825719833e-17
1.506742819401552e-06,2.517738974548711e-05,2.5177398102330106e-05,3.793747020891679e-13,3.793748459134744e-13,3.7937472716249865e-13,3.793748897928245e-13,2.556818633822647e-19,2.778502004011093e-19,2.556404785022429e-19,2.778052224553017e-19,9.168871092134847e-18,9.208547637396565e-18,3.668470908673058e-17,3.6711787671263115e-17,4.585522378674257e-17,4.59219838796205e-17
1.5180704693307234e-06,2.536666276739541e-05,2.5366671602619628e-05,3.851001554178438e-13,3.851003011896075e-13,3.851001819949601e-13,3.8510031752023166e-13,2.589962726991881e-19,2.814229744124848e-19,2.5895434498188934e-19,2.8137745362940024e-19,9.265113556405392e-18,9.305393943514274e-18,3.7047497268506536e-17,3.707533355048017e-17,4.6314269322040097e-17,4.6382389299845064e-17
1.52945425213602e-06,2.5556872732833413e-05,2.5556881815033683e-05,3.9089718009596795e-13,3.908973279074123e-13,3.9089713996069697e-13,3.9089730259102284e-13,2.623389612533032e-19,2.850258888174302e-19,2.622965423975157e-19,2.8497979934767453e-19,9.362194781817065e-18,9.40302358967207e-18,3.7413283152822386e-17,3.7441946615408573e-17,4.677714966665742e-17,4.6846649381724126e-17
1.5408939901817575e-06,2.574802114616026e-05,2.574803044391727e-05,3.967663255603685e-13,3.967664754744318e-13,3.9676636000123e-13,3.9676649552650156e-13,2.657101099903689e-19,2.8865907286291626e-19,2.656671741466986e-19,2.886124405558836e-19,9.460068446255565e-18,9.501513503666922e-18,3.778207997456793e-17,3.781164340966057e-17,4.724383173337004e-17,4.731485015204139e-17
1.552390216374988e-06,2.5940109982490467e-05,2.5940119436948517e-05,4.027085100299718e-13,4.027086620998322e-13,4.027084926378627e-13,4.0270865526818855e-13,2.691099774043267e-19,2.9232273334409604e-19,2.690664987233794e-19,2.9227553235039224e-19,9.558785007738255e-18,9.600792547966148e-18,3.815387780757581e-17,3.818441069834637e-17,4.771436184429225e-17,4.77869088927356e-17
1.5639427530800276e-06,2.6133141954955835e-05,2.6133151477911176e-05,4.08724291573553e-13,4.0872444583578604e-13,4.0872432391717006e-13,4.087244594424416e-13,2.72538821989118e-19,2.960170770561227e-19,2.7249482632028784e-19,2.959693073757478e-19,9.658292353886547e-18,9.700927724199368e-18,3.852867003440114e-17,3.856021870296391e-17,4.818867713369751e-17,4.8262865308476165e-17
1.575551955568244e-06,2.6327118917687797e-05,2.6327128858458226e-05,4.148145094841048e-13,4.148146660059211e-13,4.1481453146550995e-13,4.148146669907815e-13,2.7599697978686664e-19,2.997423624929377e-19,2.759524412807595e-19,2.996939982764975e-19,9.758637633995355e-18,9.801848722014512e-18,3.890644672887656e-17,3.8939034336288696e-17,4.866681068881031e-17,4.874261352014467e-17
1.5872178238396373e-06,2.6522043434437648e-05,2.652205302029753e-05,4.209798231466385e-13,4.209799819464058e-13,4.2097984711934877e-13,4.2098000974967464e-13,2.794847868396965e-19,3.034987706003e-19,2.7943970549631235e-19,3.0344983769718866e-19,9.85976625414425e-18,9.903615925596299e-18,3.9287204582279616e-17,3.932083443726357e-17,4.9148712878793903e-17,4.922619654113297e-17
1.5989405355298913e-06,2.671791717219485e-05,2.6717926796995806e-05,4.272209902325589e-13,4.272211512843365e-13,4.2722102982020727e-13,4.2722119245053314e-13,2.8300255334033723e-19,3.0728650817336274e-19,2.8295695500907025e-19,3.0723698073418613e-19,9.961722882086311e-18,1.0006163160495723e-17,3.967096675566747e-17,3.970562231461099e-17,4.963444326065239e-17,4.971354488826961e-17
1.6107202682746902e-06,2.6914743168435923e-05,2.6914753469886588e-05,4.335387742846109e-13,4.335389376836477e-13,4.3353878429949755e-13,4.335389469298234e-13,2.8655056363212445e-19,3.111056786097025e-19,2.8650439661418633e-19,3.1105558248385476e-19,1.0064451269539885e-17,1.0109545847813825e-17,4.0057763027542164e-17,4.009342443811055e-17,5.0123981982051074e-17,5.02047445883383e-17
1.6225570220740337e-06,2.711252399815317e-05,2.7112532906797826e-05,4.399338488836336e-13,4.3993401455652213e-13,4.3993389660379467e-13,4.3993405923412054e-13,2.90128972811423e-19,3.149564887044724e-19,2.900822629562079e-19,3.149057980425594e-19,1.016800022016111e-17,1.0213702776185277e-17,4.044764964618536e-17,4.0484277203709206e-17,5.061743161338591e-17,5.0699769171559436e-17
1.63445115219929e-06,2.731126085209895e-05,2.7311269982011055e-05,4.464070846728121e-13,4.4640725249123e-13,4.4640707146451075e-13,4.4640726119989094e-13,2.9373791012520356e-19,3.1883899015646075e-19,2.9369065743271147e-19,3.187876791090883e-19,1.0272317621571398e-17,1.0318688539530508e-17,4.0840692786046055e-17,4.087825009457841e-17,5.111480538954669e-17,5.1198741060663673e-17
1.6464024810147748e-06,2.7510956253140595e-05,2.751096544376802e-05,4.5295906810299824e-13,4.529592381109641e-13,4.5295912203327515e-13,4.52959284663601e-13,2.9737747897104274e-19,3.227532863632441e-19,2.973296575918795e-19,3.2270140662920055e-19,1.0377458894871788e-17,1.0424453507012763e-17,4.123696193029571e-17,4.1275419211334524e-17,5.161623235070899e-17,5.1701690034153066e-17
1.6584115414275402e-06,2.771161312892234e-05,2.771162269497862e-05,4.595907798215715e-13,4.595909520820388e-13,4.595907530415e-13,4.595909156718259e-13,3.0104770519833467e-19,3.266995065717932e-19,3.009993151325003e-19,3.266470064522902e-19,1.0483373582044915e-17,1.0531051445371859e-17,4.1636529870828223e-17,4.1675877198206146e-17,5.212172904048504e-17,5.220875836709297e-17
1.6704779781662182e-06,2.791323322674094e-05,2.7913242115151782e-05,4.663027167180644e-13,4.663028912053283e-13,4.66302723430706e-13,4.663029402711405e-13,3.047485112588969e-19,3.3067775417968454e-19,3.0469955250639143e-19,3.3062463367472215e-19,1.0590125375997946e-17,1.0638443477119006e-17,4.203944623848035e-17,4.2079696847087183e-17,5.263141457288307e-17,5.2719985764152795e-17
1.6826023241378607e-06,2.8115817846247754e-05,2.811582679472513e-05,4.730958727147819e-13,4.730960493646517e-13,4.730959005626312e-13,4.73096063192957e-13,3.0847987130333534e-19,3.346881067351006e-19,3.0843034386415873e-19,3.346343658446788e-19,1.069766878179719e-17,1.0746684196174633e-17,4.24457507379215e-17,4.248693109753684e-17,5.314527571301326e-17,5.323547810445094e-17
1.6947845793424676e-06,2.831937037503507e-05,2.8319379174329695e-05,4.799709513690989e-13,4.799711301810476e-13,4.79970934958579e-13,4.799710975889049e-13,3.122418370304382e-19,3.387306934850121e-19,3.1219171505519634e-19,3.386763322091309e-19,1.0806071628252877e-17,1.0855745478397912e-17,4.2855466530208815e-17,4.289761634550207e-17,5.3663408413826675e-17,5.375523869670986e-17
1.707024743780039e-06,2.85238921886935e-05,2.8523901513873018e-05,4.869286601785797e-13,4.869288412089938e-13,4.869286939802875e-13,4.869288566106134e-13,3.160344342895997e-19,3.4280564367638975e-19,3.159837436276867e-19,3.427506620150491e-19,1.0915295865056829e-17,1.0965680263348047e-17,4.326860354150965e-17,4.331176913459512e-17,5.418578620554371e-17,5.427934033282346e-17
1.7193526602454767e-06,2.8729879993812102e-05,2.872988914000285e-05,4.93986857386551e-13,4.939870406941003e-13,4.939869043332767e-13,4.939870669636026e-13,3.198670722602876e-19,3.4692298687416073e-19,3.198157870623093e-19,3.4686735897796654e-19,1.1025678154718355e-17,1.1076735878028191e-17,4.368619078450602e-17,4.3730415168775555e-17,5.471377228181386e-17,5.480906017965752e-17
1.7317095313273967e-06,2.8936349248262494e-05,2.8936359988726568e-05,5.011125989917986e-13,5.011127847567161e-13,5.011126062715032e-13,5.011128231119377e-13,3.2372163051720814e-19,3.5106320678574763e-19,3.236697507831646e-19,3.510069326546999e-19,1.1136651878517857e-17,1.1188430903321839e-17,4.41062562606176e-17,4.4151565905850803e-17,5.5244825543795354e-17,5.534192000409683e-17
1.744124844549333e-06,2.914379614132878e-05,2.914380567697883e-05,5.083234309616723e-13,5.083236192439329e-13,5.083234180802698e-13,5.083235807105957e-13,3.276075699386174e-19,3.5523633297607765e-19,3.2755506981911443e-19,3.5517941261017635e-19,1.1248547081519743e-17,1.1301011839051531e-17,4.452980582146925e-17,4.4576220580000827e-17,5.578028933280298e-17,5.587917381195002e-17
1.7565985999112854e-06,2.9352220156382558e-05,2.9352229787886486e-05,5.156200809311366e-13,5.156202716042612e-13,5.156200987010973e-13,5.156202613314231e-13,3.3152517486785097e-19,3.5944257224030394e-19,3.314720543628886e-19,3.5938497979015494e-19,1.1361323231873997e-17,1.1414520871428508e-17,4.495685270195078e-17,4.5004369265058274e-17,5.632012725288979e-17,5.642084476427424e-17
1.769131152684622e-06,2.9561625343087206e-05,2.9561634599620246e-05,5.230034897091597e-13,5.230036827494374e-13,5.230034612856149e-13,5.230036781260494e-13,3.3547480719642683e-19,3.636821830723679e-19,3.35421066306005e-19,3.636239185379712e-19,1.1475037405042887e-17,1.1528937320937455e-17,4.538738697589483e-17,4.5435995417410894e-17,5.686439224361498e-17,5.696690308256745e-17
1.7817225028693429e-06,2.977201284008052e-05,2.9772022438021017e-05,5.304743958701376e-13,5.304745912844481e-13,5.304743731955608e-13,5.304745358258867e-13,3.3945677711707468e-19,3.67955423966211e-19,3.3940241584119346e-19,3.678964873475666e-19,1.1589644106092722e-17,1.16442893117192e-17,4.582139871713405e-17,4.5871089110891336e-17,5.741302474797445e-17,5.751736861916434e-17
1.7943726504654478e-06,2.998338587975602e-05,2.9983394745358716e-05,5.380335420048379e-13,5.380337397548139e-13,5.380335933724556e-13,5.380337560027815e-13,3.434714465213125e-19,3.7226257926516876e-19,3.4341643901057773e-19,3.7220297056227665e-19,1.1705193793040867e-17,1.1760556991439041e-17,4.6258884616945996e-17,4.630966688911185e-17,5.79660777055274e-17,5.807222813917511e-17
1.8070821283799887e-06,3.0195745213845715e-05,3.019575433717281e-05,5.456819953803419e-13,5.456821954166169e-13,5.456819349679287e-13,5.456821518083632e-13,3.4751912560187004e-19,3.766039591619709e-19,3.4746349770567585e-19,3.765436783748311e-19,1.1821636835050569e-17,1.1877756903709229e-17,4.6699857910220466e-17,4.6751765148019393e-17,5.852350479415954e-17,5.863154119960386e-17
1.8198505813415977e-06,3.040909409022033e-05,3.0409104011822063e-05,5.534202957793403e-13,5.53420498247358e-13,5.534203195538268e-13,5.534205363942613e-13,3.5160022794905354e-19,3.8097989969874127e-19,3.5154392796861165e-19,3.809188951285655e-19,1.1939016245513681e-17,1.1995872504917514e-17,4.714435499290441e-17,4.7197433518450713e-17,5.908539865809946e-17,5.919534088767511e-17
1.8326785422573266e-06,3.0623434605199507e-05,3.062344469198508e-05,5.612495247062698e-13,5.612497297409556e-13,5.612495060716705e-13,5.61249722912105e-13,3.5571501205680443e-19,3.8539071106820957e-19,3.55658065841509e-19,3.8532900856439195e-19,1.2057279912051613e-17,1.211490875814757e-17,4.7592425495834585e-17,4.764674810102217e-17,5.965175267990227e-17,5.976370661272764e-17
1.8455658334914915e-06,3.083876906668365e-05,3.083877905052379e-05,5.69170337892401e-13,5.691705455136467e-13,5.691703618831978e-13,5.691705787236323e-13,3.5986381396724657e-19,3.8983670346310553e-19,3.5980619566770342e-19,3.897742771762519e-19,1.2176467539333766e-17,1.2234852428509596e-17,4.804413228473754e-17,4.809976845273786e-17,6.022265950379657e-17,6.033669131432068e-17
1.8585128103154602e-06,3.105509977441995e-05,3.10551104137774e-05,5.771837227467162e-13,5.771839330380426e-13,5.771837543501468e-13,5.771839711905813e-13,3.6404689217432138e-19,3.9431818707615884e-19,3.639885759411364e-19,3.9425503700626924e-19,1.2296527842162163e-17,1.2355701861642369e-17,4.849954484278474e-17,4.855654089571209e-17,6.079815221700686e-17,6.09143280796787e-17
1.8715196503649167e-06,3.127242811178446e-05,3.127243872952379e-05,5.852905646056552e-13,5.852907776618582e-13,5.852905508342554e-13,5.852907676746899e-13,3.682644017743937e-19,3.988353945519168e-19,3.68205413456961e-19,3.9877149484959706e-19,1.2417500525206205e-17,1.2477449612920373e-17,4.8958735961870074e-17,4.9017088591002015e-17,6.137833669865155e-17,6.149664337858134e-17
1.884586176004177e-06,3.1490757700709804e-05,3.149076809406959e-05,5.934915323718614e-13,5.934917481734851e-13,5.93491564487153e-13,5.934917813275875e-13,3.725165495626167e-19,4.0338855853492664e-19,3.7245686331154215e-19,4.0332393504957093e-19,1.2539344229435266e-17,1.2600096509524223e-17,4.942178505133236e-17,4.948142477349743e-17,6.196324603595515e-17,6.208364382847347e-17
1.8977127425046092e-06,3.171009073029557e-05,3.1710099900800204e-05,6.017876337699946e-13,6.01787852139682e-13,6.017876626705776e-13,6.017878795110121e-13,3.768033872377786e-19,4.0797783412155326e-19,3.767429772036681e-19,4.0791246100376743e-19,1.2662097005157523e-17,1.2723644205815144e-17,4.9888751668175695e-17,4.9949565986810593e-17,6.255297949059115e-17,6.26753492816898e-17
1.910899527501897e-06,3.1930427066076406e-05,3.1930435526725254e-05,6.101797720229628e-13,6.101799927176325e-13,6.101797669563758e-13,6.101799837968103e-13,3.8112496649866775e-19,4.126033247093732e-19,3.810638585309154e-19,4.125371761097631e-19,1.2785727419509699e-17,1.2848093528973747e-17,5.035966228217968e-17,5.04215320832762e-17,6.314753706255957e-17,6.327177959056503e-17
1.9241465309960404e-06,3.215177022179022e-05,3.2151778140324105e-05,6.186687429368104e-13,6.18668965801231e-13,6.186687447062855e-13,6.1866896154672e-13,3.8548136489346656e-19,4.1726510784656895e-19,3.854195331426782e-19,4.1719815791574044e-19,1.2910275177161195e-17,1.297345688670922e-17,5.0834500349732073e-17,5.089734291522895e-17,6.37469386041951e-17,6.387297445976857e-17
1.9374539306227234e-06,3.237412195775807e-05,3.237413090842467e-05,6.272554612718255e-13,6.27255686381098e-13,6.272554632820448e-13,6.272556801224793e-13,3.8987271166914573e-19,4.2196326108132286e-19,3.898101561353214e-19,4.218955356686701e-19,1.3035721252957925e-17,1.3099737587744016e-17,5.131322616616346e-17,5.13770017913913e-17,6.435113117593853e-17,6.447892727185552e-17
1.95082190401763e-06,3.259748592958356e-05,3.259749474504581e-05,6.359408485284484e-13,6.359410760126923e-13,6.359407900453917e-13,6.359410610959348e-13,3.942991619220701e-19,4.266979136606057e-19,3.9423585675581567e-19,4.266293869167345e-19,1.3162107833111127e-17,1.3226958793135284e-17,5.179578679191465e-17,5.18605120204857e-17,6.496009492545517e-17,6.508967773149527e-17
1.96425045118076e-06,3.282186176103985e-05,3.2821871047465645e-05,6.447257164868959e-13,6.447259464019602e-13,6.447257007782814e-13,6.447259176187159e-13,3.9876084489921044e-19,4.314691948313881e-19,3.9869679010052586e-19,4.3139989260569266e-19,1.3289426645814676e-17,1.33551254659667e-17,5.2282135904871326e-17,5.234788683740194e-17,6.557377691318581e-17,6.570523245613273e-17
1.9777397497477978e-06,3.304725411574366e-05,3.304726350635001e-05,6.536109981909832e-13,6.536112306254481e-13,6.536110086323432e-13,6.536112254727777e-13,4.0325804494390225e-19,4.362773372382174e-19,4.0319324051278755e-19,4.362071819825153e-19,1.3417722358821651e-17,1.3484272347823992e-17,5.2772250343976346e-17,5.2839136168307383e-17,6.619220360891005e-17,6.632564438532711e-17
1.991289977354427e-06,3.327366401948209e-05,3.327367443324569e-05,6.625976335491124e-13,6.625978686671145e-13,6.625976893895325e-13,6.625979062299669e-13,4.0779099470069284e-19,4.411224959774585e-19,4.0772541478775388e-19,4.410515135411438e-19,1.3546989181867763e-17,1.3614397784345934e-17,5.326614334411951e-17,5.3334289791704076e-17,6.68153816300728e-17,6.695094660630289e-17
2.0049013116363312e-06,3.35010938140555e-05,3.3501104270070026e-05,6.716865690537674e-13,6.716868070124248e-13,6.716866104115871e-13,6.716868814621302e-13,4.123600560611002e-19,4.4600498124184105e-19,4.1229370066633697e-19,4.459331716249138e-19,1.3677262683719352e-17,1.3745540653021316e-17,5.3763851301247764e-17,5.383338410353897e-17,6.744338376856796e-17,6.75811986760642e-17
2.018573930229195e-06,3.37295466893775e-05,3.372955751472506e-05,6.808787581073412e-13,6.80878998975718e-13,6.808787474804623e-13,6.808789643208968e-13,4.169655650672482e-19,4.50925154922883e-19,4.1689843419066068e-19,4.508525181253432e-19,1.3808537901292742e-17,1.387768854614095e-17,5.426542715492032e-17,5.433644226486922e-17,6.807624972906493e-17,6.821642706439062e-17
2.032307655497334e-06,3.3959024892206424e-05,3.395903503380926e-05,6.901749205662836e-13,6.901751643142038e-13,6.901749679578961e-13,6.901751847983306e-13,4.2160798700823134e-19,4.55883482309679e-19,4.215400289510313e-19,4.558099666327384e-19,1.39408388228257e-17,1.401087785965179e-17,5.4770917227251473e-17,5.4843477510584625e-17,6.871405892090252e-17,6.885667147595156e-17
2.0461030203478003e-06,3.4189527484997095e-05,3.4189538621651194e-05,6.995762620070299e-13,6.995765086903633e-13,6.995762476258438e-13,6.995764644662783e-13,4.262877096249618e-19,4.60880325293747e-19,4.2621895023654334e-19,4.608059824361938e-19,1.4074157176512095e-17,1.4145082950954842e-17,5.528036784035553e-17,5.5354499766852535e-17,6.935684443130523e-17,6.950191205841233e-17
2.05995984714491e-06,3.4421059435754686e-05,3.442107053035909e-05,7.090835122011188e-13,7.090837619649991e-13,7.090835080561519e-13,7.090837248965864e-13,4.3100519820653415e-19,4.659162008629698e-19,4.3093563748689727e-19,4.658409791260158e-19,1.4208507851602958e-17,1.4280340215997063e-17,5.579382200762435e-17,5.58695123423954e-17,7.000466581727716e-17,7.015220175133211e-17
2.0738783135243466e-06,3.465362251308529e-05,3.4653633011721974e-05,7.186976485848709e-13,7.186979013541992e-13,7.186976708206672e-13,7.186979418712103e-13,4.357609180420429e-19,4.709915226076538e-19,4.356905042923994e-19,4.709154219912989e-19,1.434387926756971e-17,1.44166132588315e-17,5.631130619883752e-17,5.638851192849077e-17,7.065754293115301e-17,7.080749423259662e-17
2.0878587747574784e-06,3.4887220298901456e-05,3.488722832883928e-05,7.284197791553938e-13,7.284200345151024e-13,7.284197659114533e-13,7.284199827518878e-13,4.40555205173612e-19,4.761067041181051e-19,4.404839642433559e-19,4.760296729235611e-19,1.448027638749603e-17,1.4553938475405102e-17,5.683284026632976e-17,5.69114952164162e-17,7.131549562526749e-17,7.146781597198545e-17
2.1019010532086213e-06,3.5121851391449466e-05,3.5121861046774616e-05,7.382506479432132e-13,7.382509057863356e-13,7.382506606902484e-13,7.382509317407915e-13,4.453884731915476e-19,4.812620555870536e-19,4.453163533818907e-19,4.811840938143205e-19,1.4617685976492114e-17,1.469226623488112e-17,5.735843744499085e-17,5.743845558872678e-17,7.197851728217569e-17,7.21331206473843e-17
2.1160055041491432e-06,3.535751987869193e-05,3.535752848224383e-05,7.481913762871986e-13,7.481916367056354e-13,7.481913851491162e-13,7.481916019895507e-13,4.502609288910029e-19,4.864577838096523e-19,4.501879819007334e-19,4.863788914587301e-19,1.4756104725835513e-17,1.4831636241928955e-17,5.78880977348208e-17,5.796939966286742e-17,7.264661451932252e-17,7.280345458090748e-17
2.130172127579044e-06,3.559422941255136e-05,3.5594237513883464e-05,7.582428434262165e-13,7.582431062111713e-13,7.582428608599034e-13,7.582431319104466e-13,4.551728307659194e-19,4.916940438822661e-19,4.5509895319746075e-19,4.916142209531547e-19,1.4895526018081325e-17,1.4971992248266952e-17,5.842180790092982e-17,5.850434729117281e-17,7.331976086692838e-17,7.347877806788557e-17
2.144401101134008e-06,3.583197953569567e-05,3.583198862910919e-05,7.684060598087758e-13,7.684063250403664e-13,7.684061178146739e-13,7.684063346551084e-13,4.601242305150852e-19,4.9697104260004815e-19,4.600494740672258e-19,4.968902890927477e-19,1.5035941581423427e-17,1.5113380576009416e-17,5.895957456076279e-17,5.904332494342256e-17,7.399796955988305e-17,7.415916390021249e-17
2.158692602449719e-06,3.607077294305594e-05,3.607078226587623e-05,7.786820426253089e-13,7.786823104888557e-13,7.786820775852743e-13,7.786823486358174e-13,4.651151798372888e-19,5.022888316617867e-19,4.650395445100285e-19,5.022070958775088e-19,1.5177354724584267e-17,1.5255744976874693e-17,5.950139109687483e-17,5.958636570684117e-17,7.468120751096205e-17,7.484458560810863e-17
2.1730468091618604e-06,3.631061323088741e-05,3.631062336519053e-05,7.890718164178301e-13,7.890720870742928e-13,7.890717701637684e-13,7.890720412143115e-13,4.7014567873253e-19,5.076475144650584e-19,4.700691128270806e-19,5.075647964038031e-19,1.531975717575772e-17,1.5399141699144435e-17,6.004721780459652e-17,6.013348281631845e-17,7.536946148527557e-17,7.553511598346789e-17
2.187463543634749e-06,3.655150129171919e-05,3.655151231511666e-05,7.995761539998863e-13,7.995764277065984e-13,7.995762255422201e-13,7.995764965927632e-13,4.752156755020207e-19,5.130471944074397e-19,4.751381790183821e-19,5.12963494069207e-19,1.546315886111114e-17,1.554351449453699e-17,6.059702821414826e-17,6.068466303696458e-17,7.606269177815421e-17,7.623068885184128e-17
2.201943338775436e-06,3.679343987203487e-05,3.679345090837338e-05,8.101963512264554e-13,8.101966281273722e-13,8.10196365292476e-13,8.101966363430191e-13,4.803252735433373e-19,5.184880265852955e-19,4.802468464815096e-19,5.184032922712971e-19,1.5607561435005747e-17,1.5688931191862588e-17,6.115078262086066e-17,6.123989313388978e-17,7.676085868492857e-17,7.6931357152788e-17
2.216486016948238e-06,3.703643221443509e-05,3.703644235554526e-05,8.209331919193821e-13,8.20933471900067e-13,8.209332736167085e-13,8.209335446672517e-13,4.854745762540565e-19,5.239701660949907e-19,4.853951669152514e-19,5.238843978052266e-19,1.5752978132331344e-17,1.5835342160284474e-17,6.170843470261941e-17,6.179914001986953e-17,7.746394897070884e-17,7.763702824207944e-17
2.2310919334245227e-06,3.728047704337767e-05,3.728048761389435e-05,8.317878576133345e-13,8.317881406191424e-13,8.317878720867644e-13,8.317881973474162e-13,4.906637904293313e-19,5.294938197316784e-19,4.905834505123371e-19,5.294070174661486e-19,1.5899425496700182e-17,1.5982821846057778e-17,6.226996460708981e-17,6.236238384256914e-17,7.817194940060523e-17,7.83477682941646e-17
2.24576108820429e-06,3.752557990617522e-05,3.752559171564529e-05,8.427612738919053e-13,8.42761560180668e-13,8.427612991149247e-13,8.427615701654678e-13,4.958932262618916e-19,5.350591425917234e-19,4.958119040679199e-19,5.3497135804921625e-19,1.6046921726085737e-17,1.6131325581429423e-17,6.283537895171676e-17,6.29296113670988e-17,7.888487320950754e-17,7.906351775203939e-17
2.260493658923224e-06,3.7771743583808054e-05,3.777175511238129e-05,8.538545053245315e-13,8.538547950515879e-13,8.538545304831446e-13,8.538548015336878e-13,5.011633490408317e-19,5.406665482654321e-19,5.010809928710944e-19,5.40577678048371e-19,1.6195489981545162e-17,1.6280942701905565e-17,6.340470420627986e-17,6.350080935856872e-17,7.960277995441986e-17,7.97843560250426e-17
2.2752898232170082e-06,3.8018966714157415e-05,3.801897824549927e-05,8.650686233396446e-13,8.65068916478684e-13,8.650685419733795e-13,8.650688672340312e-13,5.064745723564582e-19,5.463162952467459e-19,5.063911822109552e-19,5.4622628765634245e-19,1.634514184360703e-17,1.6431621922288224e-17,6.39779602231138e-17,6.407596458208909e-17,8.03257093400116e-17,8.051021032128033e-17
2.290149403449959e-06,3.826725518654012e-05,3.8267266122396504e-05,8.764044356896658e-13,8.764047321672365e-13,8.764044719979103e-13,8.76404797258562e-13,5.118272581002888e-19,5.520086420296061e-19,5.117428856778084e-19,5.519175487646487e-19,1.6495903782050945e-17,1.6583450923722332e-17,6.455519332433291e-17,6.465505718532521e-17,8.105372092328687e-17,8.124114681520159e-17
2.3050729325291286e-06,3.85166089886986e-05,3.851661969558884e-05,8.878632979879675e-13,8.878635976953998e-13,8.878633505488009e-13,8.878636215993441e-13,5.172219232602065e-19,5.577440022043191e-19,5.171364651631721e-19,5.576517715660194e-19,1.6647779105599356e-17,1.6736373457926236e-17,6.513642336227187e-17,6.523806731594239e-17,8.178684779147017e-17,8.197709933235737e-17
2.3200604104545164e-06,3.876703040187751e-05,3.8767040863613156e-05,8.994461663815664e-13,8.994464692616418e-13,8.994461534080067e-13,8.994464786686585e-13,5.226587746313644e-19,5.63522582566038e-19,5.225722308597761e-19,5.634292662531843e-19,1.680079262967064e-17,1.689047224296119e-17,6.572167680671029e-17,6.582501482627531e-17,8.25251362666758e-17,8.271816051697627e-17
2.3351118372261226e-06,3.901852260772276e-05,3.90185319891212e-05,9.111540019316952e-13,9.111543077984454e-13,9.111540731979173e-13,9.11154398458569e-13,5.281381224064923e-19,5.69344796705069e-19,5.280504929603499e-19,5.692502913200848e-19,1.6954936082458672e-17,1.704568110437819e-17,6.631099997976247e-17,6.64159261861036e-17,8.326861943612826e-17,8.346430389927871e-17
2.350227568115315e-06,3.9271085574933e-05,3.927109586054911e-05,9.229880484187887e-13,9.229883572583519e-13,9.229880314903793e-13,9.22988356751031e-13,5.336601216819548e-19,5.752107997177771e-19,5.335714582600468e-19,5.751151569594507e-19,1.7110230970659377e-17,1.720207945151604e-17,6.690440611631821e-17,6.701087418732113e-17,8.401733700449696e-17,8.421566844560757e-17
2.365407603122094e-06,3.95247242514149e-05,3.952473428489589e-05,9.349492799343032e-13,9.349495918583124e-13,9.349492751178912e-13,9.349494919583257e-13,5.392250309516936e-19,5.811210051944685e-19,5.391352301564433e-19,5.810241216652232e-19,1.726665909629928e-17,1.7359592838119613e-17,6.750192168615711e-17,6.760992500437694e-17,8.477130220667169e-17,8.497225415596288e-17
2.380651942246459e-06,3.977943904753811e-05,3.977944898943264e-05,9.470386755273357e-13,9.470389904964591e-13,9.470386714421908e-13,9.470389967028425e-13,5.448329019144969e-19,5.870755165327197e-19,5.44741912047116e-19,5.869774439313439e-19,1.7424233694268182e-17,1.7518292401721587e-17,6.810355992416898e-17,6.821315142916491e-17,8.553052827754226e-17,8.573419337924262e-17
2.395960940759778e-06,4.003523313576146e-05,4.003524393621227e-05,9.592575025052876e-13,9.592578206498564e-13,9.592575215058852e-13,9.592577383463197e-13,5.504837862691529e-19,5.930746956240489e-19,5.503916590284298e-19,5.929753822517542e-19,1.758292829478648e-17,1.767809376989948e-17,6.870931421290892e-17,6.882057993146465e-17,8.629500198221887e-17,8.650143979333251e-17
2.4113345986620516e-06,4.029210789154372e-05,4.029211901081242e-05,9.71606753116818e-13,9.716070746312496e-13,9.716066926707123e-13,9.71607017931364e-13,5.561778391120265e-19,5.991185941672441e-19,5.5608457449796115e-19,5.990180400240307e-19,1.7742759441466427e-17,1.7839071388908426e-17,6.931919116982181e-17,6.943221712872106e-17,8.706472332070152e-17,8.727407280757134e-17
2.426773093588963e-06,4.055006422735985e-05,4.0550075964262966e-05,9.840875677582e-13,9.840878928012805e-13,9.840874859792792e-13,9.84087811239931e-13,5.61915112141906e-19,6.052074189574587e-19,5.6182055505813355e-19,6.051056240433264e-19,1.7903695701444744e-17,1.8001135923242265e-17,6.993319079490767e-17,7.004803655115454e-17,8.78396790581004e-17,8.805197992539581e-17
2.4422764255405127e-06,4.080910756665279e-05,4.080911840356749e-05,9.967009502344574e-13,9.967012787772317e-13,9.967009856337583e-13,9.9670131089441e-13,5.676955536600031e-19,6.113412733922691e-19,5.675998075041001e-19,6.112381343096414e-19,1.8065756927056133e-17,1.816436181915613e-17,7.05513130881665e-17,7.066798525920588e-17,8.861988904675021e-17,8.883517438169571e-17
2.4578449497880683e-06,4.106923783523536e-05,4.1069248138903e-05,1.0094482002918476e-12,1.0094485321258987e-12,1.0094482758363221e-12,1.0094486010969739e-12,5.735192153651062e-19,6.175201574716754e-19,5.734222801370726e-19,6.1741567422055225e-19,1.8228911685437317e-17,1.8328666358588762e-17,7.117354481470849e-17,7.129202354820568e-17,8.940528711220196e-17,8.962353044501795e-17
2.473478843967314e-06,4.133045722481965e-05,4.133046700460774e-05,1.0223304814215576e-12,1.0223308163954348e-12,1.0223304407891431e-12,1.0223307660497949e-12,5.793862523535799e-19,6.237440194968892e-19,5.792880246558393e-19,6.23638243776059e-19,1.8393184792006673e-17,1.8494127296517744e-17,7.179982641752954e-17,7.192007862626005e-17,9.019586663701074e-17,9.041706796769722e-17
2.4891779304425654e-06,4.1592767968837846e-05,4.159277822696206e-05,1.0353486702527774e-12,1.035349008372424e-12,1.0353485646943938e-12,1.0353489983752628e-12,5.852966129266362e-19,6.300129628654872e-19,5.851970927591884e-19,6.299057912773733e-19,1.85585497769846e-17,1.8660663569243045e-17,7.243009833962554e-17,7.255210417125466e-17,9.099152174205815e-17,9.121564798339062e-17
2.504942386849507e-06,4.185617192279528e-05,4.1856182778937656e-05,1.0485039420040488e-12,1.0485042834522447e-12,1.0485039485946812e-12,1.048504273855333e-12,5.91250503879428e-19,6.363268841798927e-19,5.911496912422731e-19,6.362183684232834e-19,1.8725039727595597e-17,1.8828366166632046e-17,7.30642679367679e-17,7.318804724363033e-17,9.179219948778498e-17,9.201931681421244e-17
2.520772568459506e-06,4.212067238332923e-05,4.21206821172998e-05,1.0617976289680547e-12,1.0617979736757028e-12,1.0617976766921777e-12,1.0617980019528295e-12,5.972479769107437e-19,6.426858351388941e-19,5.971458201050934e-19,6.425758718162128e-19,1.8892638100227416e-17,1.8997157333707167e-17,7.37022756519525e-17,7.382788799105235e-17,9.259782046485242e-17,9.282796196359938e-17
2.5366684752725632e-06,4.238627087456426e-05,4.238628045609427e-05,1.0752307739188924e-12,1.0752311216969146e-12,1.0752308331890559e-12,1.0752311584497076e-12,6.032891871169482e-19,6.490897640437031e-19,6.031856861428025e-19,6.489783531549498e-19,1.9061389562633134e-17,1.916714129522559e-17,7.434408178050994e-17,7.447160656118602e-17,9.340839790815029e-17,9.364168269322494e-17
2.552668654232093e-06,4.265360963669196e-05,4.265362225538971e-05,1.0888373069876639e-12,1.0888376583177622e-12,1.0888372451930972e-12,1.088837570453749e-12,6.093889203514908e-19,6.555542322295933e-19,6.092840752088497e-19,6.554414254735564e-19,1.9231696124590452e-17,1.9338662158322134e-17,7.499127450921633e-17,7.512080437569723e-17,9.42259104337038e-17,9.446242453188986e-17
2.5686965443583176e-06,4.2921414183633155e-05,4.292142750676742e-05,1.102553177781076e-12,1.1025535332691026e-12,1.1025531616165596e-12,1.1025534868772113e-12,6.155181218953556e-19,6.620484789175354e-19,6.154118291866425e-19,6.619341728966382e-19,1.9402788508129695e-17,1.9511010202031233e-17,7.564081643086237e-17,7.577243079248691e-17,9.5046566245585e-17,9.528641553600088e-17
2.584790514958968e-06,4.3190324838134064e-05,4.31903360242486e-05,1.1164119757429478e-12,1.1164123351754858e-12,1.1164119758863555e-12,1.1164123011470073e-12,6.2169137080683885e-19,6.685879103464382e-19,6.215836822308421e-19,6.684721050606808e-19,1.9575068723028565e-17,1.968452126168158e-17,7.629434867178337e-17,7.642810046811074e-17,9.587239689937835e-17,9.611561446924854e-17
2.6009507436697277e-06,4.346034161283041e-05,4.3460352805349545e-05,1.1304149216208212e-12,1.1304152846697977e-12,1.130414989045092e-12,1.1304153143057438e-12,6.279088738810937e-19,6.751727850102431e-19,6.277996860402367e-19,6.750554287608372e-19,1.9748579782678913e-17,1.985930948819771e-17,7.695198372854262e-17,7.708787957701774e-17,9.670356121376143e-17,9.695020000264514e-17
2.617177408126281e-06,4.3731467651408895e-05,4.373147919366216e-05,1.1445632439437275e-12,1.144563610681799e-12,1.1445632852949417e-12,1.1445636105555934e-12,6.341705794193318e-19,6.818032063065268e-19,6.3405994401240285e-19,6.816842990934723e-19,1.992331176091339e-17,2.0035297126602043e-17,7.761384071514835e-17,7.77518475285467e-17,9.754017168529756e-17,9.779017875363559e-17
2.633470685964312e-06,4.4003705127339254e-05,4.400371649279644e-05,1.1588581794062454e-12,1.1588585498767339e-12,1.158858057258294e-12,1.158858490939163e-12,6.404766425179181e-19,6.884793810304423e-19,6.403645078461289e-19,6.883589228537392e-19,2.0099307671123847e-17,2.0212590056012984e-17,7.827999904093936e-17,7.842005726225684e-17,9.838234742799495e-17,9.863569630600769e-17
2.6498303995481365e-06,4.427705753280026e-05,4.427706596073222e-05,1.1733006593270602e-12,1.1733010330356903e-12,1.1733006059777562e-12,1.1733010396586252e-12,6.468270114780643e-19,6.95201567675931e-19,6.467133775414148e-19,6.950795068367912e-19,2.0276550969698034e-17,2.0391105558369278e-17,7.895051826291974e-17,7.909254848281755e-17,9.92301347639679e-17,9.948672618998185e-17
2.6662569041491224e-06,4.455152289559866e-05,4.4551533385436826e-05,1.1878920901781217e-12,1.1878924669942802e-12,1.1878921240757179e-12,1.1878925577565869e-12,6.532217379985586e-19,7.01969766242993e-19,6.531066047970489e-19,7.018461027414164e-19,2.0455071435138004e-17,2.0570942895344432e-17,7.962542485086911e-17,7.976933442511863e-17,1.0008357339788581e-16,1.0034336766723156e-16
2.6827503774029537e-06,4.482710654941241e-05,4.482711686276675e-05,1.2026337305202757e-12,1.2026341107676031e-12,1.2026338041745688e-12,1.2026341294352205e-12,6.596609254769776e-19,7.087841835267814e-19,6.595441896130311e-19,7.086588656639797e-19,2.0634844252025378e-17,2.075201273143229e-17,8.030467248267315e-17,8.04503753844907e-17,1.0094261700763438e-16,1.0120549500630373e-16
2.6993108193096305e-06,4.5103810244105647e-05,4.5103819111963483e-05,1.217526687752008e-12,1.217527071175829e-12,1.2175267304764814e-12,1.2175271641573504e-12,6.661445222145331e-19,7.156447161297197e-19,6.6602618368814975e-19,7.155177439056928e-19,2.0815890927056084e-17,2.0934399439055332e-17,8.098821483621757e-17,8.113563827370922e-17,1.0180722588854421e-16,1.0207316776420246e-16
2.7159385851405204e-06,4.538163441826504e-05,4.53816456306988e-05,1.2325723956015065e-12,1.2325727823642313e-12,1.23257231244428e-12,1.232572746125149e-12,6.72672528211225e-19,7.225513123530195e-19,6.725525870224049e-19,7.224226340689792e-19,2.0998183336089296e-17,2.1118010373984952e-17,8.167597250216356e-17,8.182509662299462e-17,1.0267729416149688e-16,1.0294626020947463e-16
2.7326334972599398e-06,4.566058453867039e-05,4.5660594177210356e-05,1.2477718140479361e-12,1.2477722042917128e-12,1.2477717427003543e-12,1.247772067961006e-12,6.792449434670534e-19,7.295038687991042e-19,6.791233479170081e-19,7.293734327562623e-19,2.1181736368376038e-17,2.1302924945559956e-17,8.236786607117232e-17,8.251873719745709e-17,1.0355276226948831e-16,1.0382483189912435e-16
2.7493957333035723e-06,4.594065971597061e-05,4.594066882979142e-05,1.2631262308288034e-12,1.2631266242158951e-12,1.263126213867094e-12,1.263126647547963e-12,6.858616645844416e-19,7.365021786728208e-19,6.857384146731712e-19,7.363700365699655e-19,2.136652355413671e-17,2.1489050509551738e-17,8.306382936879483e-17,8.321654014476192e-17,1.0443353095084497e-16,1.0470878357147812e-16
2.766225648542786e-06,4.6221861791609364e-05,4.622187227761032e-05,1.2786371050808513e-12,1.2786375017665763e-12,1.2786370269871061e-12,1.2786374606679751e-12,6.925225881658132e-19,7.435461385765927e-19,6.923976838933177e-19,7.434121870161474e-19,2.1552553165177434e-17,2.1676463166576653e-17,8.376380283802701e-17,8.391849884746422e-17,1.0531955388345257e-16,1.0559816816609513e-16
2.783123065341897e-06,4.650419535177919e-05,4.650420586797821e-05,1.2943054134377515e-12,1.2943058136723057e-12,1.2943054831029976e-12,1.2943058083636494e-12,6.992275591148032e-19,7.506355417152667e-19,6.99100897083506e-19,7.5049983239601975e-19,2.1739803694802288e-17,2.186507523548977e-17,8.446772692186473e-17,8.462456036600479e-17,1.062107450405274e-16,1.0649285995152229e-16
2.800088338972273e-06,4.6787661376210266e-05,4.678767326235511e-05,1.3101326322065133e-12,1.3101330362416864e-12,1.310132666416941e-12,1.31013310009781e-12,7.059763706362585e-19,7.577703880888429e-19,7.058480025449479e-19,7.576328693120059e-19,2.192828176045617e-17,2.2054964471268667e-17,8.517556191563861e-17,8.533468499571421e-17,1.0710707795228986e-16,1.0739289863242899e-16
2.817121647069598e-06,4.707226224871103e-05,4.7072274061019104e-05,1.3261200821774602e-12,1.3261204902492637e-12,1.3261200948119778e-12,1.3261205284928468e-12,7.127688676338142e-19,7.64950470902168e-19,7.126387934824903e-19,7.648110909689528e-19,2.2117977435971732e-17,2.2246048155852092e-17,8.588728796701394e-17,8.604885288425779e-17,1.0800851291407055e-16,1.0829816509480702e-16
2.834222989633872e-06,4.735800082041747e-05,4.7358012429582486e-05,1.3422689249492571e-12,1.3422693370264469e-12,1.3422688524902804e-12,1.3422692861711494e-12,7.196049984086822e-19,7.721757384564538e-19,7.194731664985565e-19,7.720344973668604e-19,2.2308902301877546e-17,2.2438409007301298e-17,8.660291831088051e-17,8.676703756185593e-17,1.0891508963053887e-16,1.0920873213055029e-16
2.8513923666650953e-06,4.764487719173538e-05,4.764488889807961e-05,1.3585803272656766e-12,1.358580743345994e-12,1.358580348914673e-12,1.358580782595542e-12,7.26484711262074e-19,7.794461390529121e-19,7.263510698943584e-19,7.793030368069404e-19,2.2501062975618515e-17,2.2631980851167283e-17,8.732251250424244e-17,8.748925226339843e-17,1.0982686765869892e-16,1.101245335652098e-16
2.8686301334346354e-06,4.7932896872701636e-05,4.793290715929266e-05,1.3750558010424223e-12,1.3750562209138304e-12,1.3750558851277628e-12,1.3750562103884145e-12,7.334080061939897e-19,7.867616726915428e-19,7.332725553686841e-19,7.866167092891929e-19,2.269447930952934e-17,2.282685633167865e-17,8.804614995643853e-17,8.821551684121999e-17,1.1074393302533441e-16,1.1104568851279375e-16
2.8859364675781762e-06,4.822205895572973e-05,4.822206996007994e-05,1.3916966989936646e-12,1.3916971225497543e-12,1.3916966537519393e-12,1.3916970874328083e-12,7.403749349032176e-19,7.941222876735576e-19,7.4023762292153375e-19,7.939753597172529e-19,2.2889169501583495e-17,2.3022980854914973e-17,8.877389684191779e-17,8.894585776510021e-17,1.1166639160956374e-16,1.1197218373841235e-16
2.903311191460034e-06,4.851236750062771e-05,4.8512378654413935e-05,1.4085040384891556e-12,1.4085044658951603e-12,1.4085040642500268e-12,1.4085044979308958e-12,7.473854456909693e-19,8.0152788060138e-19,7.472463242516956e-19,8.013789880911205e-19,2.308514844103201e-17,2.3220443756382407e-17,8.950585242235371e-17,8.968030812226359e-17,1.1259434267306043e-16,1.129041185037391e-16
2.9207546603515766e-06,4.88038229223553e-05,4.8803833232274885e-05,1.425479357892023e-12,1.4254797890420426e-12,1.4254793092444151e-12,1.4254797429252841e-12,7.544394868584567e-19,8.089783480774334e-19,7.542984525640164e-19,8.088274910132191e-19,2.3282450869460607e-17,2.341920533141155e-17,9.02420630198606e-17,9.041888776504484e-17,1.1352787886005308e-16,1.1384147957388418e-16
2.938266874252804e-06,4.909642972840411e-05,4.9096439623919075e-05,1.442623859546066e-12,1.4426242942345045e-12,1.4426239066181457e-12,1.4426243402990147e-12,7.615367999117382e-19,8.16473535005353e-19,7.613938527621314e-19,8.163206616883955e-19,2.348108009559174e-17,2.361934333497998e-17,9.098257495655278e-17,9.116161654577865e-17,1.1446703987521108e-16,1.1478435959307623e-16
2.955848188435084e-06,4.939018831562336e-05,4.93901969631505e-05,1.4599391012918885e-12,1.4599395392404376e-12,1.4599391574138254e-12,1.4599395910946944e-12,7.686771780556608e-19,8.240131828911973e-19,7.685323180508875e-19,8.23858345020285e-19,2.3681079132817262e-17,2.3820821371140745e-17,9.172743455454453e-17,9.190852755168954e-17,1.1541191836276306e-16,1.1573277179620503e-16
2.9734986028984167e-06,4.968510041526708e-05,4.9685110290381695e-05,1.4774263003836343e-12,1.4774267416015062e-12,1.4774262542538441e-12,1.477426687934713e-12,7.758602593987065e-19,8.315970849398131e-19,7.757134348399783e-19,8.314402308161578e-19,2.388244136369227e-17,2.4023712231787752e-17,9.247663519639096e-17,9.265969357467139e-17,1.163625010878192e-16,1.166868485321686e-16
2.991217940007118e-06,4.9981169117328805e-05,4.998117823476478e-05,1.495086502665782e-12,1.495086947249008e-12,1.495086606601026e-12,1.495087040281895e-12,7.830857337481454e-19,8.392250343560475e-19,7.829369963342507e-19,8.390661122808607e-19,2.408520318416372e-17,2.422797455789037e-17,9.323017026464716e-17,9.341517417172832e-17,1.173188277550489e-16,1.1764661627074652e-16
3.009007087939608e-06,5.027839617829932e-05,5.027840618374024e-05,1.5129218250526926e-12,1.5129222730377154e-12,1.5129217323384125e-12,1.5129221660192815e-12,7.903533426100363e-19,8.468967209471705e-19,7.9020258894339855e-19,8.467357309204524e-19,2.428934308753568e-17,2.4433666252091482e-17,9.398800005464374e-17,9.417503551730933e-17,1.1828080572022357e-16,1.1861218089105721e-16
3.0268651585174666e-06,5.057678385295139e-05,5.057679311054608e-05,1.5309326142840997e-12,1.530933065709129e-12,1.5309327156681762e-12,1.5309331493490452e-12,7.976628274904377e-19,8.546119379180292e-19,7.975101092698451e-19,8.544488799397797e-19,2.4494897469755108e-17,2.4640745955360458e-17,9.47500583919317e-17,9.493931069863893e-17,1.19248448218233e-16,1.1958355562799049e-16
3.0447932175547976e-06,5.087633307278294e-05,5.087634389108753e-05,1.5491211889817578e-12,1.549121644006006e-12,1.5491211828935758e-12,1.5491216165744448e-12,8.050140332929848e-19,8.623705818710469e-19,8.048592471208608e-19,8.622053525436894e-19,2.4701824971791373e-17,2.484925006364425e-17,9.551629895439672e-17,9.570800633316201e-17,1.20221636135069e-16,1.2056078018621573e-16
3.062790909780233e-06,5.1177047984421464e-05,5.117705888629809e-05,1.5674884424100843e-12,1.5674889013434639e-12,1.567488326637001e-12,1.5674888687380872e-12,8.124068049213126e-19,8.701723943122822e-19,8.122500024964455e-19,8.700050970333933e-19,2.491016860703633e-17,2.5059138872273454e-17,9.62866820373694e-17,9.648107609876427e-17,1.2120038270562134e-16,1.2154376192150435e-16
3.080858235193773e-06,5.147893000830017e-05,5.14789412278116e-05,1.5860356320104812e-12,1.586036094940604e-12,1.5860357732017105e-12,1.5860362068825795e-12,8.198410906766329e-19,8.780174786393116e-19,8.196822719990228e-19,8.778480100113148e-19,2.5119870472847098e-17,2.5270438851027675e-17,9.706120102340486e-17,9.72584472035518e-17,1.2218462175544103e-16,1.2253244789429713e-16
3.098995904338153e-06,5.1781980066160915e-05,5.178199271671513e-05,1.604764754235263e-12,1.6047652214948592e-12,1.6047646067898769e-12,1.6047651488909631e-12,8.273169939565224e-19,8.859054729606173e-19,8.271560556285925e-19,8.857338329835126e-19,2.533097689133798e-17,2.5483111949598734e-17,9.783986252994797e-17,9.804004685563071e-17,1.2317440622408728e-16,1.2352674546036547e-16
3.117203206670638e-06,5.2086201756312844e-05,5.208621291022397e-05,1.6236763481269357e-12,1.623676819720683e-12,1.623676562124976e-12,1.623676995805845e-12,8.34834359664616e-19,8.938363772761992e-19,8.346713533851548e-19,8.936625659499865e-19,2.5543418379337525e-17,2.5697176365960107e-17,9.862265993955386e-17,9.882578241077238e-17,1.2416966993711109e-16,1.2452656197548077e-16
3.1354812080053307e-06,5.239159730814624e-05,5.239160822398392e-05,1.6427728016343953e-12,1.6427732772620513e-12,1.6427727234091805e-12,1.6427732655102667e-12,8.423932394997021e-19,9.01809984790904e-19,8.422281652687095e-19,9.016340021155834e-19,2.5757246222043708e-17,2.5912597358526067e-17,9.94095866347776e-17,9.961557445963801e-17,1.2517043936429204e-16,1.255318047954144e-16
3.153829197799496e-06,5.269816808587541e-05,5.269817920963704e-05,1.6620546610636025e-12,1.662055140735082e-12,1.6620548253659662e-12,1.6620552590468352e-12,8.499935300642042e-19,9.098261921071555e-19,8.498263361828919e-19,9.096479346851503e-19,2.5972384318840174e-17,2.6129388162186414e-17,1.0020059629350491e-16,1.004093700626684e-16,1.2617660862651174e-16,1.265424077457174e-16
3.172247886595869e-06,5.300591596547888e-05,5.300592645773872e-05,1.6815239673500784e-12,1.6815244510029456e-12,1.6815240606177229e-12,1.6815244942985919e-12,8.576351796593339e-19,9.178846890322236e-19,8.574658144289137e-19,9.177042602611105e-19,2.618890546162083e-17,2.63475322333289e-17,1.0099567568084598e-16,1.0120714936752884e-16,1.271882306633294e-16,1.2755834435661012e-16
3.1907372743944507e-06,5.331484331309866e-05,5.3314855109037884e-05,1.7011820248434908e-12,1.7011825126173097e-12,1.701181947047492e-12,1.7011824891485783e-12,8.653179814899382e-19,9.25985372168532e-19,8.651464966091983e-19,9.258026686507344e-19,2.6406731895408094e-17,2.656703949812087e-17,1.0179481156191101e-16,1.0200893884399894e-16,1.282052128305164e-16,1.28579654332762e-16
3.2092973611952402e-06,5.362495295434255e-05,5.362496390060034e-05,1.7210301438553153e-12,1.7210306358501058e-12,1.7210300025383152e-12,1.7210305446394014e-12,8.73041780459652e-19,9.341280347209275e-19,8.72868072531016e-19,9.339430564564453e-19,2.6625959573153023e-17,2.6787914919646005e-17,1.025980171715898e-16,1.028147980490828e-16,1.2922766100719114e-16,1.2960641708351182e-16
3.227928146998238e-06,5.3936247248642655e-05,5.393625834504423e-05,1.741069640672267e-12,1.7410701367737783e-12,1.7410696365530165e-12,1.7410700702338855e-12,8.808062146769576e-19,9.423122630991037e-19,8.806303353992135e-19,9.42125010087937e-19,2.6846514048600487e-17,2.7010175041516553e-17,1.0340534544944156e-16,1.0362481962700903e-16,1.3025556195846383e-16,1.306387120181984e-16
3.2466299870748117e-06,5.4248727638608885e-05,5.42487389269819e-05,1.7613022216625624e-12,1.7613027219504383e-12,1.7613022585544202e-12,1.7613026922352892e-12,8.886108705515486e-19,9.50537747110331e-19,8.884328199246965e-19,9.503482193524798e-19,2.7068504509591343e-17,2.7233844679150892e-17,1.0421688242224998e-16,1.0443909622200623e-16,1.312891142076815e-16,1.3167668472060953e-16
3.2654028814249614e-06,5.456239690880549e-05,5.456240838616622e-05,1.7817292191150583e-12,1.7817297236767214e-12,1.7817292780053506e-12,1.7817298201064369e-12,8.964554378906952e-19,9.588042799594562e-19,8.962751125171586e-19,9.586124774549205e-19,2.7291861472954136e-17,2.7458933758716372e-17,1.0503271411679878e-16,1.0525774694808261e-16,1.323283309897339e-16,1.3272044106986365e-16
3.284247185320055e-06,5.487725778830638e-05,5.487726851216568e-05,1.8023523602279233e-12,1.8023528689732517e-12,1.8023524296292837e-12,1.8023528633101527e-12,9.043393997065147e-19,9.671115514537497e-19,9.041569029838702e-19,9.669173708049529e-19,2.75167057070583e-17,2.7685481984882395e-17,1.0585295964709617e-16,1.0608087106691168e-16,1.333734372977477e-16,1.3377013988463834e-16
3.3031628987600925e-06,5.519331065953481e-05,5.519332240250252e-05,1.823172993537337e-12,1.8231735065324264e-12,1.823172906048609e-12,1.823173339729478e-12,9.122625492038539e-19,9.754591480029052e-19,9.120776743369483e-19,9.752625892098473e-19,2.7742959456926255e-17,2.7913491012010187e-17,1.0667771165737074e-16,1.0690855460527714e-16,1.3442445960150249e-16,1.3482586057427242e-16
3.322150021745074e-06,5.5510558577942515e-05,5.5510569919536845e-05,1.84419247333859e-12,1.8441929907167735e-12,1.8441923335665855e-12,1.844192984087889e-12,9.202243693948299e-19,9.83846966209346e-19,9.200372197812398e-19,9.83648029272027e-19,2.797075176273356e-17,2.81430104709365e-17,1.075070230871817e-16,1.0774084388529329e-16,1.3548158318945545e-16,1.3588768254810469e-16
3.341208554274999e-06,5.5829003674401356e-05,5.5829013649560943e-05,1.8654121600291294e-12,1.8654126814699735e-12,1.865412338486472e-12,1.865412772167341e-12,9.282246534842896e-19,9.922746958803425e-19,9.28035229124015e-19,9.920733807987624e-19,2.8199996597696504e-17,2.837402878113276e-17,1.0834090717141886e-16,1.0857772567207034e-16,1.365447418871576e-16,1.3695560580613515e-16
3.360339206892604e-06,5.614864628549626e-05,5.614865668032709e-05,1.886834215252315e-12,1.886834740590071e-12,1.886834221850875e-12,1.8868348723721784e-12,9.3626319467708e-19,1.0007421302207416e-18,9.360714955701208e-19,1.000538540392477e-18,2.843081638454575e-17,2.860659888215817e-17,1.0917933082285771e-16,1.0941914702604908e-16,1.3761400186905796e-16,1.38029617113474e-16
3.379541624326521e-06,5.6469491343552614e-05,5.6469501263423094e-05,1.9084596201461477e-12,1.9084601493848178e-12,1.9084597183832708e-12,1.9084601520641398e-12,9.443400963707774e-19,1.0092492692305432e-18,9.441460191195572e-19,1.009043197860441e-18,2.866310855288534e-17,2.8840687686788226e-17,1.1002221463215944e-16,1.1026504177278051e-16,1.3868920431647888e-16,1.3910962382589263e-16
3.398816161848117e-06,5.679153837914036e-05,5.679154834169198e-05,1.9302901598173946e-12,1.9302906928883097e-12,1.9302901291262664e-12,1.9302905628071354e-12,9.524552551678055e-19,1.017795699319441e-18,9.522589031699007e-19,1.0175872498050777e-18,2.8896995525445936e-17,2.9076351443304584e-17,1.1086947257254036e-16,1.1111534373781562e-16,1.397703624643102e-16,1.4019561270850125e-16
3.418162819457393e-06,5.711479061505653e-05,5.7114802063273906e-05,1.9523272272831975e-12,1.9523277644963806e-12,1.9523269719629033e-12,1.9523276224842068e-12,9.606088778633172e-19,1.0263815238850118e-18,9.604101477211514e-19,1.0261704894312342e-18,2.9132354879496874e-17,2.931352728598069e-17,1.1172102523466165e-16,1.11970013216485e-16,1.4085730425898447e-16,1.4128747788218145e-16
3.437581597154349e-06,5.743924902859576e-05,5.7439261115815876e-05,1.9745722215844806e-12,1.974572763367958e-12,1.974572198457092e-12,1.974572632137961e-12,9.688011712524659e-19,1.0350063293369491e-18,9.686000629660389e-19,1.0347929167389104e-18,2.9369309037768814e-17,2.9552284697987994e-17,1.125768196789641e-16,1.1282901050411928e-16,1.4195006940517113e-16,1.4238524581671282e-16
3.457072850210352e-06,5.7764919600959697e-05,5.77649305419925e-05,1.997026957623132e-12,1.9970275038951044e-12,1.9970268928110047e-12,1.9970273264918736e-12,9.770321353352513e-19,1.043670322470406e-18,9.768286489045633e-19,1.0434543249329532e-18,2.960772565136375e-17,2.9792537652542796e-17,1.1343683605311304e-16,1.1369233560071842e-16,1.4304852555397214e-16,1.4348886357253617e-16
3.4766365786254028e-06,5.809180011618481e-05,5.809181173024869e-05,2.019692851619181e-12,2.019693402303771e-12,2.0196927897481176e-12,2.0196932234289866e-12,9.85301666714097e-19,1.0523730896950765e-18,9.85095802139148e-19,1.0521547140133625e-18,2.9847717216844983e-17,3.003435563281655e-17,1.1430107435710844e-16,1.1456001497606204e-16,1.4415276534961613e-16,1.445983840892107e-16
3.496272782399501e-06,5.841989473268083e-05,5.841990651889173e-05,2.0425713254403596e-12,2.0425718807198753e-12,2.0425714071514722e-12,2.0425720576727757e-12,9.936099721841563e-19,1.0611148378061134e-18,9.934016260673695e-19,1.0608938771849852e-18,3.008914476786961e-17,3.0277649303303095e-17,1.1516954782584012e-16,1.1543207509992975e-16,1.4526269614787449e-16,1.457137411922874e-16
3.5159821720753826e-06,5.874920579826415e-05,5.874921766971242e-05,2.0656646400437288e-12,2.065665199986025e-12,2.0656644797445445e-12,2.065665130265848e-12,1.001956534757546e-18,1.0698952566107873e-18,1.0017458104964981e-18,1.0696718144478214e-18,3.033212410972339e-17,3.052248814717389e-17,1.1604233586864687e-16,1.1630854244210114e-16,1.4637849000231462e-16,1.4683506723066429e-16
3.5357640371103116e-06,5.9079734295280906e-05,5.9079747064316734e-05,2.0889734019451213e-12,2.0889739667617646e-12,2.088973525410376e-12,2.0889741759316793e-12,1.010341457831843e-18,1.0787144495066745e-18,1.0101282520289574e-18,1.078488525801871e-18,3.0576512967340954e-17,3.076876959403298e-17,1.169195178948675e-16,1.171894567072456e-16,1.4750006750359772e-16,1.4796228279500255e-16
3.555619443318392e-06,5.941148390477269e-05,5.941149659274836e-05,2.1125003146396447e-12,2.112500884510881e-12,2.1125002788724423e-12,2.1125007125533113e-12,1.0187642244191641e-18,1.0875723130961986e-18,1.0185486404720175e-18,1.0873438044519808e-18,3.082243376345297e-17,3.1016589596831416e-17,1.1780118654873062e-16,1.1807488406981217e-16,1.4862768011463e-16,1.490955599388696e-16
3.5755476801568875e-06,5.9744455994131807e-05,5.974446766343622e-05,2.136245992549834e-12,2.1362465672750466e-12,2.1362458243329163e-12,2.13624647485422e-12,1.0272249379170862e-18,1.096468743981783e-18,1.0270067690305253e-18,1.096237650398151e-18,3.1069767384051225e-17,3.1265842276450795e-17,1.1868746094424444e-16,1.1896493040891923e-16,1.4976131460052168e-16,1.5023488542737564e-16
3.5955491028971664e-06,6.007865325717565e-05,6.007866572058096e-05,2.160212319171734e-12,2.160212898723832e-12,2.160212330196143e-12,2.1602129807174464e-12,1.0357230813377263e-18,1.105403431970698e-18,1.0355024309093278e-18,1.1051697534476517e-18,3.131863956058883e-17,3.151664674689932e-17,1.1957843372563756e-16,1.1985967513390559e-16,1.5090118271950955e-16,1.5138044454897787e-16
3.6156723837166282e-06,6.041488244591664e-05,6.0414894784061035e-05,2.1844595717305657e-12,2.1844601562735493e-12,2.1844596444220432e-12,2.1844600781029122e-12,1.0442791274012451e-18,1.1143977803612933e-18,1.044055995431009e-18,1.1141615168988328e-18,3.1569553218878214e-17,3.176950924271188e-17,1.2047635482417612e-16,1.207613417062578e-16,1.520500373286722e-16,1.525350033956447e-16
3.6358212440745774e-06,6.0751538087086554e-05,6.075155072594873e-05,2.208873224604486e-12,2.2088738141800517e-12,2.2088730584207683e-12,2.208873708942072e-12,1.0528520272697447e-18,1.1234085689665631e-18,1.0526263103600943e-18,1.1231697205646884e-18,3.182143302412306e-17,3.2023357737814606e-17,1.2137697584023406e-16,1.2166565525657016e-16,1.5320255800230968e-16,1.5369318860211694e-16
3.65604329033431e-06,6.108942422655e-05,6.108943577351478e-05,2.233511960366853e-12,2.2335125548332875e-12,2.233512203311805e-12,2.2335128538331084e-12,1.0614617366755029e-18,1.132456787494551e-18,1.0612335382240148e-18,1.132215354153262e-18,3.2074801754470504e-17,3.2278695158019925e-17,1.222824540608489e-16,1.2257478630677004e-16,1.5436144465794138e-16,1.5485767361613439e-16
3.6763395883099292e-06,6.142854219589461e-05,6.142855357979538e-05,2.2583785719056214e-12,2.258379171026173e-12,2.2583785969781944e-12,2.258379247499498e-12,1.0701081522209431e-18,1.1415422291501037e-18,1.0698773688300408e-18,1.141298107471824e-18,3.23297818326512e-17,3.25356703958381e-17,1.2319284242557987e-16,1.2348873485685743e-16,1.5552682964446528e-16,1.5602863049126445e-16
3.6967097827300677e-06,6.176889694678445e-05,6.176890873241248e-05,2.283474129779617e-12,2.2834747336198465e-12,2.283473974143413e-12,2.2834746246647164e-12,1.0787909637133357e-18,1.1506644803429151e-18,1.0785576987805957e-18,1.1504177737252212e-18,3.2586307084216145e-17,3.279418418959562e-17,1.2410811446464734e-16,1.2440752737661193e-16,1.566986467874324e-16,1.5720595334838873e-16
3.717153873594725e-06,6.211048751053605e-05,6.211050081228464e-05,2.3088001437006498e-12,2.3088007526697655e-12,2.3088000695309363e-12,2.3088007200522398e-12,1.0875099643575274e-18,1.159823334277832e-18,1.0872741144853732e-18,1.1595739393231472e-18,3.2844499931895997e-17,3.305439204924765e-17,1.2502825694316153e-16,1.2533121680559275e-16,1.5787701520085095e-16,1.5838988041552362e-16
3.7376722161752696e-06,6.245331749109989e-05,6.245332891646749e-05,2.3343585719422466e-12,2.334359185984957e-12,2.334358401023806e-12,2.3343590515451096e-12,1.0962651541535184e-18,1.169018377364548e-18,1.0960266159443734e-18,1.1687662940728724e-18,3.310428758379685e-17,3.3316184786953335e-17,1.2595324339134282e-16,1.2625984284846928e-16,1.590618025358229e-16,1.5958031904844054e-16
3.758264810471701e-06,6.279738963686776e-05,6.27974012041288e-05,2.3601509419145203e-12,2.3601515606920097e-12,2.3601507033454983e-12,2.3601513538668017e-12,1.1050563263061554e-18,1.1782496096030632e-18,1.1048153065551727e-18,1.1779949413719734e-18,3.3365772610314664e-17,3.357971460394538e-17,1.2688300763474223e-16,1.2719345844480073e-16,1.6025307496679727e-16,1.6077749424026609e-16
3.778931656484019e-06,6.314270494093416e-05,6.314271672297478e-05,2.3861787873286827e-12,2.386179410931736e-12,2.3861789280599233e-12,2.3861795785812268e-12,1.1138836876105916e-18,1.1875170309933776e-18,1.1136400829201947e-18,1.187259674425297e-18,3.362888883700043e-17,3.3844862386215577e-17,1.2781754967335974e-16,1.281321430039259e-16,1.6145075308443525e-16,1.6198133981655126e-16
3.79967346475496e-06,6.348926625618367e-05,6.348927906674184e-05,2.412444548004102e-12,2.4124451767081053e-12,2.412444376209688e-12,2.4124450267309916e-12,1.1227474448619801e-18,1.1968207449330678e-18,1.122501255232169e-18,1.1965607000279964e-18,3.389372229063786e-17,3.4111763791384387e-17,1.2875688274208516e-16,1.290759097607346e-16,1.6265495600274504e-16,1.6319204106575327e-16
3.820489524741788e-06,6.383707641871572e-05,6.383708910781549e-05,2.4389488758743432e-12,2.4389495098863705e-12,2.4389489993587032e-12,2.4389494330395722e-12,1.1316479082530507e-18,1.2061608548197103e-18,1.1313991336838254e-18,1.2058980181800716e-18,3.416019687061059e-17,3.438028977927625e-17,1.2970111272003689e-16,1.3002478518500644e-16,1.6386568372172666e-16,1.6440946563897412e-16
3.841380546987239e-06,6.418613365534453e-05,6.418614772094045e-05,2.465694233170255e-12,2.465694872771612e-12,2.46569431539001e-12,2.4656949659113137e-12,1.140585387976533e-18,1.2155374640508817e-18,1.140333925070317e-18,1.2152719390742522e-18,3.4428385368812534e-17,3.465057600751163e-17,1.3065034548633334e-16,1.30978795746521e-16,1.650831215298373e-16,1.656337855897812e-16
3.862346531491312e-06,6.45364461269865e-05,6.453645852175227e-05,2.492682189300662e-12,2.4926828344496942e-12,2.4926822758675193e-12,2.492682926388823e-12,1.1495599874300037e-18,1.2249506760241586e-18,1.1493059395843733e-18,1.2246825661081148e-18,3.469821499334978e-17,3.492247358358026e-17,1.3160472662476232e-16,1.3193792821038848e-16,1.6630736207130559e-16,1.6686484209949693e-16
3.883387478254008e-06,6.488801012569795e-05,6.488802333926014e-05,2.519914320238698e-12,2.519914970775965e-12,2.5199143986742722e-12,2.5199150491955757e-12,1.1585719134086158e-18,1.2344008009322706e-18,1.1583151772259946e-18,1.2341298992816595e-18,3.496972875761419e-17,3.519611485638015e-17,1.3256438848422184e-16,1.329021958114987e-16,1.6753855092991931e-16,1.6810278075190909e-16
3.904503742546694e-06,6.524083193291952e-05,6.524084313358491e-05,2.5473926704488083e-12,2.5473933261414483e-12,2.547392852214614e-12,2.5473935027359174e-12,1.1676211659123693e-18,1.2438875285824882e-18,1.167361844790334e-18,1.2436139385948863e-18,3.5242850560989397e-17,3.5471337698511244e-17,1.335294104740507e-16,1.3387162501963124e-16,1.687767278103479e-16,1.6934745596322988e-16
3.9256953243693715e-06,6.559490965267478e-05,6.559492343888307e-05,2.575118833680226e-12,2.5751194946679798e-12,2.575118937531151e-12,2.5751195880524547e-12,1.1767076415436878e-18,1.2534110657699643e-18,1.1764456320846616e-18,1.253134684047795e-18,3.551762672558971e-17,3.5748277767594e-17,1.3449987200358772e-16,1.3484625553945552e-16,1.7002199859170972e-16,1.705990397870267e-16
3.946962223722039e-06,6.59502514239324e-05,6.595026342223753e-05,2.6030944106896927e-12,2.603095077161013e-12,2.6030946061877946e-12,2.603095256709098e-12,1.1858310301098414e-18,1.2629708955068162e-18,1.185566435711401e-18,1.2626919288452327e-18,3.579398776824368e-17,3.602677293622835e-17,1.3547579954261248e-16,1.3582614031053074e-16,1.712743103344456e-16,1.7185745281396078e-16
3.968304795876065e-06,6.630685359865218e-05,6.630686404290875e-05,2.631321478757964e-12,2.631322150019104e-12,2.6313215929080203e-12,2.6313222434293237e-12,1.1949909180205239e-18,1.272567017793044e-18,1.1947236352850927e-18,1.272285259396893e-18,3.607198331978805e-17,3.630695886203476e-17,1.364572063260148e-16,1.368114116817549e-16,1.7253372921300454e-16,1.731229332720485e-16
3.98972304083145e-06,6.666472166082238e-05,6.666473260033556e-05,2.659801656468072e-12,2.6598023323092403e-12,2.659801632415304e-12,2.6598022829366075e-12,1.2041867882878525e-18,1.282198812243188e-18,1.2039168172154305e-18,1.2819143655100463e-18,3.635155713194117e-17,3.6588696578670324e-17,1.3744409235379466e-16,1.3780213582757702e-16,1.7380021552271713e-16,1.7439542822173068e-16
4.011216958588193e-06,6.702385384116383e-05,6.702386637941204e-05,2.6885365689366302e-12,2.6885372498240894e-12,2.6885366762735563e-12,2.6885373267948598e-12,1.2134180205263677e-18,1.2918659686645186e-18,1.2131454645145315e-18,1.2915787301968096e-18,3.66327654529847e-17,3.6872134978645294e-17,1.3843647086084188e-16,1.3879845833178489e-16,1.7507382220314257e-16,1.7567520236080333e-16
4.032786904417662e-06,6.738425657152464e-05,6.73842690347426e-05,2.7175283255430605e-12,2.7175290118233225e-12,2.717528459206253e-12,2.7175291097275567e-12,1.2226840977481867e-18,1.301567970069153e-18,1.2224088533993597e-18,1.3012780432644532e-18,3.691558181313903e-17,3.7157138404339215e-17,1.3943438155182585e-16,1.3980045860371732e-16,1.7635457572406048e-16,1.7696224245437663e-16
4.054432878319858e-06,6.774592900674753e-05,6.774594147257451e-05,2.746778570247322e-12,2.7467792619237186e-12,2.7467787159368706e-12,2.7467795832986086e-12,1.2319843995678501e-18,1.3113042994692085e-18,1.2317064668820323e-18,1.3110115809299413e-18,3.7200059151963367e-17,3.7443875600597047e-17,1.4043786413141598e-16,1.4080825575738253e-16,1.7764256872969945e-16,1.7825679996535682e-16
4.076155235566148e-06,6.810887845923319e-05,6.810889001371279e-05,2.7762894368613416e-12,2.776290133755515e-12,2.776289398029319e-12,2.776290265391057e-12,1.2413185123950516e-18,1.321074439876802e-18,1.241037891372243e-18,1.320779033000544e-18,3.748618754329036e-17,3.773222083596568e-17,1.4144701124384088e-16,1.418219424370091e-16,1.7893786739450848e-16,1.795588616588541e-16
4.097953976156532e-06,6.847309673339852e-05,6.847311092586517e-05,2.806062587326806e-12,2.8060632898334896e-12,2.8060622402070745e-12,2.8060631075688125e-12,1.2506859192419084e-18,1.3308781844967805e-18,1.2504027132796855e-18,1.3305799858859551e-18,3.777403316156901e-17,3.802234616401253e-17,1.4246186259376993e-16,1.4284158481704608e-16,1.802406040673856e-16,1.8086865252799506e-16
4.1198287448196425e-06,6.883859833151096e-05,6.88386104711336e-05,2.8360992029696506e-12,2.8360999112364178e-12,2.8360991940340474e-12,2.836099844555351e-12,1.2600865167108438e-18,1.3407152231364142e-18,1.2598007258092068e-18,1.340414336188598e-18,3.8063592698076875e-17,3.8314142396896737e-17,1.4348249759054196e-16,1.4386719613238323e-16,1.815508184530002e-16,1.8218609316344092e-16
4.141780252098215e-06,6.920537500658408e-05,6.920538857488334e-05,2.8664019358245932e-12,2.866402649734637e-12,2.8664019942337138e-12,2.8664026447550173e-12,1.269520304801858e-18,1.35058534900055e-18,1.2692317221656535e-18,1.3502816703181666e-18,3.835491909237315e-17,3.860777497074081e-17,1.4450892946904677e-16,1.4489874991324096e-16,1.8286860319558087e-16,1.8351130267919987e-16
4.16380849799225e-06,6.95734358145822e-05,6.957345067792886e-05,2.896972473521097e-12,2.8969731936941334e-12,2.896972592369984e-12,2.8969732428912875e-12,1.2789871801173742e-18,1.360488355294035e-18,1.2786960125417556e-18,1.3601819882746606e-18,3.864801565318029e-17,3.8903134697703895e-17,1.4554118469906394e-16,1.4593620645494986e-16,1.8419398476490724e-16,1.8484414872637392e-16
4.185913482501746e-06,6.994277984709307e-05,6.994279409491821e-05,2.927812511381346e-12,2.9278132379894026e-12,2.9278127231663342e-12,2.9278133736876377e-12,1.2884875562476989e-18,1.3704243454144453e-18,1.2881937003350894e-18,1.3701152900580802e-18,3.8942918776445245e-17,3.92003737790187e-17,1.465792765154833e-16,1.4697949958306095e-16,1.855270028656487e-16,1.8618471071430185e-16
4.208095560898073e-06,7.031340805299657e-05,7.031342345584224e-05,2.958924248937043e-12,2.958924982122235e-12,2.9589243381866748e-12,2.9589249887079783e-12,1.298021639987985e-18,1.3803932159642047e-18,1.2977250957383848e-18,1.3800813688732722e-18,3.9239631770890466e-17,3.949937640939947e-17,1.476232181531946e-16,1.480286557673538e-16,1.8686769720247464e-16,1.8753289599875508e-16
4.23035473318123e-06,7.06853286597392e-05,7.068533976628544e-05,2.9903094006590053e-12,2.9903101397449683e-12,2.990309388994916e-12,2.9903100395162197e-12,1.3075898449285391e-18,1.390394966943313e-18,1.3072907157395246e-18,1.3900804315153898e-18,3.9538174488850655e-17,3.980027824646666e-17,1.4867308902153672e-16,1.4908367500782844e-16,1.8821613394983408e-16,1.888888369286316e-16
4.252690999351216e-06,7.105853168008769e-05,7.105854491387675e-05,3.0219696865841234e-12,3.021970431106808e-12,3.0219696103145344e-12,3.021970260835838e-12,1.317192377864514e-18,1.4004295983517704e-18,1.3168905603385088e-18,1.4001123745868563e-18,3.983855023904826e-17,4.010296679365696e-17,1.497289552949586e-16,1.5014466318360325e-16,1.8957240575195563e-16,1.9025254673882123e-16
4.275104359408033e-06,7.14330325704976e-05,7.143304527948424e-05,3.053906833930197e-12,3.0539075842675297e-12,3.05390695370944e-12,3.053907821071178e-12,1.3268293421934865e-18,1.4104972135871533e-18,1.326524939728067e-18,1.4101771980876719e-18,4.0140749095315934e-17,4.040755123881124e-17,1.5079089638279908e-16,1.5121171293890686e-16,1.9093657878328828e-16,1.9162421071778116e-16
4.297595523894415e-06,7.180882496740648e-05,7.180883719445919e-05,3.0861235957223965e-12,3.0861243516681348e-12,3.0861235875839776e-12,3.086124238105281e-12,1.3365007379154565e-18,1.4205976058543086e-18,1.3361936471130462e-18,1.4202749020178364e-18,4.0444777675098574e-17,4.071391577664373e-17,1.5185900492928675e-16,1.5228493015285766e-16,1.9230873245317084e-16,1.930038288655114e-16
4.320164137538995e-06,7.218591344082537e-05,7.218592608354557e-05,3.118621211902274e-12,3.1186219734607754e-12,3.1186212466616237e-12,3.118621897182927e-12,1.3462062548376944e-18,1.4307307751532364e-18,1.3458964756982932e-18,1.4304053829797733e-18,4.075059958244923e-17,4.102215305138304e-17,1.5293338681354003e-16,1.5336442070457406e-16,1.9368895940583193e-16,1.9439158647046917e-16
4.342810555613141e-06,7.256429983097668e-05,7.256431285129761e-05,3.1514019503630244e-12,3.151402717733285e-12,3.151401665665854e-12,3.151402533027592e-12,1.3559453759723171e-18,1.4408967214839365e-18,1.3556330118935018e-18,1.4405686409734827e-18,4.10582214348128e-17,4.133214394902096e-17,1.540141346797875e-16,1.5445029047317447e-16,1.9507736552038993e-16,1.9578747029776465e-16
4.365534422845485e-06,7.294398775915811e-05,7.294399841700772e-05,3.1844670604470637e-12,3.18446783319792e-12,3.184467229841448e-12,3.1844678803627513e-12,1.3657177911265952e-18,1.451095238051256e-18,1.365402738710789e-18,1.4507643658062347e-18,4.1367603527519883e-17,4.164397118761875e-17,1.551013544071476e-16,1.555426056331079e-16,1.9647399050151426e-16,1.9719165240096527e-16
4.3883364497787625e-06,7.332497898702994e-05,7.332499004811255e-05,3.217819349639556e-12,3.217820127342769e-12,3.217819457071447e-12,3.217820324433185e-12,1.375522879915069e-18,1.4613261180600415e-18,1.3752052425598487e-18,1.4609925574780295e-18,4.167875247801538e-17,4.195752557933555e-17,1.5619513863984893e-16,1.5664149853327234e-16,1.9787896669810293e-16,1.9860411954518122e-16
4.4112166364129735e-06,7.37072725321003e-05,7.370728406422278e-05,3.2514606031996157e-12,3.251461386072196e-12,3.2514607326006306e-12,3.2514615999623686e-12,1.385360332145009e-18,1.47158915471514e-18,1.385040006452798e-18,1.4712529057961372e-18,4.199163850779724e-17,4.227288653351017e-17,1.5729554031745067e-16,1.5774702211322701e-16,1.9929228087526614e-16,2.000250437839799e-16
4.434174982748118e-06,7.409087288737237e-05,7.409088585019763e-05,3.285392613301939e-12,3.285393401798154e-12,3.285392791152475e-12,3.2853934416737784e-12,1.3952298376236855e-18,1.4818839344262453e-18,1.3949068235944836e-18,1.4815449971702517e-18,4.230628477792261e-17,4.2589968023358895e-17,1.5840257267484264e-16,1.5885924254742091e-16,2.0071398597256308e-16,2.0145437217780214e-16
4.457211844055564e-06,7.447578367102137e-05,7.447579442834695e-05,3.3196177079224058e-12,3.3196185018829994e-12,3.3196175842908904e-12,3.319618234812194e-12,1.4051309827607921e-18,1.4922103537957807e-18,1.404805383792176e-18,1.4918686248052198e-18,4.262266150988944e-17,4.290884945822054e-17,1.5951620924224523e-16,1.5997815983585404e-16,2.0214402905043455e-16,2.0289219737087651e-16
4.480326865063944e-06,7.486200217084876e-05,7.48620124922661e-05,3.354137168493203e-12,3.3541379673261527e-12,3.3541370635797874e-12,3.3541379309415253e-12,1.4150638709539055e-18,1.5025677924382869e-18,1.4147355836482985e-18,1.5022234785083117e-18,4.2940818334534487e-17,4.322947789853589e-17,1.6063643678476864e-16,1.61103734273857e-16,2.0358244981354996e-16,2.0433842671897443e-16
4.503520401044625e-06,7.524953570139936e-05,7.524954824385255e-05,3.388953342040757e-12,3.3889541461766464e-12,3.388953397423511e-12,3.388954264785249e-12,1.4250281920102958e-18,1.5129561469561872e-18,1.424697216367698e-18,1.5126091446892212e-18,4.3260735399523045e-17,4.355192282747641e-17,1.6176324206752308e-16,1.6223595262653998e-16,2.050291953223501e-16,2.0579311316165508e-16
4.526792807268976e-06,7.563838066276807e-05,7.563839265234407e-05,3.4240685908804844e-12,3.424069400725567e-12,3.424068754226406e-12,3.4240694047477094e-12,1.4350238425323866e-18,1.5233749003615989e-18,1.4346902819503746e-18,1.5230252097576421e-18,4.358247887930412e-17,4.38761643927074e-17,1.6289662509050854e-16,1.633747619543438e-16,2.064843449861738e-16,2.0725620375935928e-16
4.5501440837369955e-06,7.60285470809835e-05,7.602855944031928e-05,3.45948475448848e-12,3.459485570019344e-12,3.459484651871514e-12,3.459485519233252e-12,1.4450507191226012e-18,1.5338238458593687e-18,1.4447144702035984e-18,1.5334713635208446e-18,4.3906038847710364e-17,4.4202272077400304e-17,1.6403657261883521e-16,1.6452017549215822e-16,2.0794788557013122e-16,2.087277514516462e-16
4.573574230448685e-06,7.642003133229158e-05,7.642004232100152e-05,3.495203680070595e-12,3.4952045010719405e-12,3.495203692444049e-12,3.4952043429653523e-12,1.4551087183833632e-18,1.5443025698591905e-18,1.4547698845249462e-18,1.5439473991836755e-18,4.4231481479190777e-17,4.453023926411023e-17,1.6518309788739291e-16,1.6567221970976287e-16,2.0941988324867138e-16,2.102077959431853e-16
4.5970832474040435e-06,7.681283436108965e-05,7.681284682323208e-05,3.531227220447634e-12,3.5312280469620445e-12,3.531227393827052e-12,3.53122826118879e-12,1.4651980471098256e-18,1.5548109689634876e-18,1.4648565249144178e-18,1.5544531099509818e-18,4.455880015630046e-17,4.486013212728618e-17,1.6633621413107144e-16,1.6683096078160675e-16,2.109003512566841e-16,2.1169645634798472e-16
4.620671845145807e-06,7.720696261280524e-05,7.720697755653205e-05,3.5675583307984873e-12,3.567559163777558e-12,3.567558358105738e-12,3.5675590086270415e-12,1.4753184985068354e-18,1.5653492499674132e-18,1.4749743913720133e-18,1.5649887026179166e-18,4.488805774476597e-17,4.51919473582057e-17,1.6749597428942998e-16,1.6799650458680827e-16,2.1238939547328775e-16,2.1319385178005272e-16
4.644339668402608e-06,7.760241710370874e-05,7.760242909529702e-05,3.604198341174742e-12,3.6041991805288153e-12,3.6041981031631476e-12,3.6041989705248856e-12,1.485470382767122e-18,1.5759174128709672e-18,1.4851236906928858e-18,1.5755541771844799e-18,4.52192410096975e-17,4.5525727970260646e-17,1.6866245777180736e-16,1.6916897023937563e-16,2.1388710854271096e-16,2.1470012782317708e-16
4.668086717174447e-06,7.799919791581789e-05,7.799921232812257e-05,3.641149132583197e-12,3.641149978207416e-12,3.6411490142440606e-12,3.6411498816057986e-12,1.4956538032882624e-18,1.5865156644693029e-18,1.4953044228770353e-18,1.5861497404458247e-18,4.5552402890654256e-17,4.586148058089592e-17,1.6983583663177099e-16,1.7034850332309665e-16,2.1539367575341094e-16,2.1621544329603542e-16
4.69191334673269e-06,7.839730962010127e-05,7.839732354361639e-05,3.67841314907581e-12,3.6784140014515e-12,3.678413476593256e-12,3.678414343954994e-12,1.5058688634678329e-18,1.5971442115575733e-18,1.505516794719615e-18,1.5967755991971044e-18,4.588752684402399e-17,4.619922173372377e-17,1.7101628292288826e-16,1.7153520971708973e-16,2.169092823938449e-16,2.1773993054752575e-16
4.7158199123487066e-06,7.879675126952479e-05,7.879676538247171e-05,3.71599285038687e-12,3.715993709465115e-12,3.715992791253342e-12,3.71599365861508e-12,1.5161157701009867e-18,1.6078034677260848e-18,1.5157611164133546e-18,1.607432167028625e-18,4.622465588319855e-17,4.6538964663634e-17,1.722039951685062e-16,1.7272916883069367e-16,2.1843415345713945e-16,2.1927365575209707e-16
4.739806058751128e-06,7.919753004231866e-05,7.919754141455515e-05,3.753889590009782e-12,3.75389045520094e-12,3.753889560309531e-12,3.753890427671269e-12,1.5263946265853003e-18,1.6184934329748372e-18,1.526037387958254e-18,1.6181194439403867e-18,4.656375030350854e-17,4.688069944445926e-17,1.7339913218730242e-16,1.7393042036857787e-16,2.199684212921926e-16,2.208166850841984e-16
4.763872496482691e-06,7.959964216312787e-05,7.959965432707827e-05,3.792106412578088e-12,3.792107283433568e-12,3.792106385847038e-12,3.792107253208776e-12,1.536705639715927e-18,1.6292143140989839e-18,1.5363457127518898e-18,1.6288376367275426e-18,4.6904836574733556e-17,4.7224429384921994e-17,1.7460182632817492e-16,1.7513901727030155e-16,2.2151223148279218e-16,2.223690450136093e-16
4.788018515000658e-06,8.000309020632368e-05,8.000310318820314e-05,3.830644117891198e-12,3.830644994818395e-12,3.830644135227601e-12,3.830645002589339e-12,1.54704870609529e-18,1.6399661110985247e-18,1.546686090794262e-18,1.6395868487876692e-18,4.7247865066036846e-17,4.7570124706520155e-17,1.758121040609033e-16,1.763549595358647e-16,2.2306557079404836e-16,2.239307090705502e-16
4.812245180119135e-06,8.040788312768665e-05,8.040789343413679e-05,3.8695063472141175e-12,3.8695072297833e-12,3.8695062778981715e-12,3.8695071452599095e-12,1.5574237223258129e-18,1.6507488239734597e-18,1.5570585220853707e-18,1.6503667699280368e-18,4.759285232103066e-17,4.791778871797619e-17,1.7702993891570797e-16,1.7757827363504693e-16,2.2462842599107135e-16,2.2550171695969053e-16
4.836551781295384e-06,8.081401264528609e-05,8.081402414014671e-05,3.908693910428443e-12,3.908694798296782e-12,3.9086941149013565e-12,3.9086949822630945e-12,1.5678307918050722e-18,1.6615622459286357e-18,1.5674629032276393e-18,1.661177503546222e-18,4.79397520176007e-17,4.8267378405898254e-17,1.7825526471813993e-16,1.7880895956784822e-16,2.2620067795985294e-16,2.2708204221125064e-16
4.860939029072142e-06,8.122148690832554e-05,8.12215007643946e-05,3.94820990919089e-12,3.948210803241623e-12,3.94821024832237e-12,3.948211115684108e-12,1.5782696043403383e-18,1.6724062735664762e-18,1.5778990274259146e-18,1.6720188428470717e-18,4.828857077319186e-17,4.861891031389859e-17,1.7948792264952155e-16,1.800470173342686e-16,2.2778219435149513e-16,2.2867165835545095e-16
4.885406923449409e-06,8.1630307776831e-05,8.163032060479192e-05,3.988056314305937e-12,3.988057214885691e-12,3.9880564128846885e-12,3.9880572802464265e-12,1.5887400565340345e-18,1.683280700091828e-18,1.58836679128262e-18,1.6828905810354327e-18,4.8639275500579645e-17,4.8972331502417996e-17,1.8072779359584463e-16,1.8129246016919783e-16,2.293728163473203e-16,2.3027056539229145e-16
4.910014439474253e-06,8.204146192050676e-05,8.204147753849977e-05,4.028331871262355e-12,4.028332778841952e-12,4.028331921507311e-12,4.028332788869049e-12,1.5992671705996906e-18,1.6942115816939866e-18,1.5988913204088619e-18,1.6938187743006005e-18,4.8992726467601103e-17,4.932853532651803e-17,1.8197776276308576e-16,1.8254827915773094e-16,2.309762761862523e-16,2.31882627909594e-16
4.934643982323905e-06,8.245298640416343e-05,8.24529975973487e-05,4.068846101897779e-12,4.068847016080846e-12,4.06884595460788e-12,4.068846821969618e-12,1.609800695315094e-18,1.7051462890064782e-18,1.6094221567872745e-18,1.7047507932761013e-18,4.934721637347193e-17,4.968577147202253e-17,1.8323180827638555e-16,1.8380851859945753e-16,2.325848446926474e-16,2.335001432014945e-16
4.959354171774066e-06,8.286585976070848e-05,8.286587464328976e-05,4.1096967019819396e-12,4.109697622608378e-12,4.109696957743658e-12,4.109697825105396e-12,1.6203656528937744e-18,1.7161110850137514e-18,1.6199845294265406e-18,1.7157127975488071e-18,4.9703612103474076e-17,5.004495314632776e-17,1.844929476906186e-16,1.85076209284142e-16,2.342023864543275e-16,2.35127028795374e-16
4.984145718367472e-06,8.328008938263132e-05,8.328010322455892e-05,4.150886852376867e-12,4.1508877801245546e-12,4.1508870993189895e-12,4.1508879666807275e-12,1.6309623535284616e-18,1.7271057629206531e-18,1.630578541724237e-18,1.7267048905162946e-18,5.0061923583774896e-17,5.0406034027319406e-17,1.857612604151237e-16,1.8635137768156394e-16,2.358290602899702e-16,2.3676331116101207e-16
5.009018622104122e-06,8.369567531761601e-05,8.369568877397704e-05,4.192418573594295e-12,4.19241950813186e-12,4.192418547738219e-12,4.192419415099957e-12,1.641590900616732e-18,1.738130632919913e-18,1.6412044004755166e-18,1.737726968780987e-18,5.042218390159889e-17,5.076910345050363e-17,1.8703689203368869e-16,1.8763407673128257e-16,2.3746497207869385e-16,2.384091226473068e-16
5.033972527712649e-06,8.41126221077168e-05,8.411263489238596e-05,4.234293297737088e-12,4.234294238822815e-12,4.234293471405692e-12,4.23429433876743e-12,1.6522516043513154e-18,1.7491859018066842e-18,1.6518624158731092e-18,1.7487795493307676e-18,5.078441290928076e-17,5.113412501993348e-17,1.8831997489521154e-16,1.8892427996351828e-16,2.3911033357873533e-16,2.400643838449193e-16
5.05900779046442e-06,8.453092426914666e-05,8.453093884383533e-05,4.276513652686441e-12,4.276514600621655e-12,4.276514038725754e-12,4.276514906087492e-12,1.6629448783225181e-18,1.76027177637612e-18,1.6625531049048977e-18,1.7598629423583656e-18,5.114865031148991e-17,5.1501204614727363e-17,1.8961062811370048e-16,1.9022198737827107e-16,2.40765250669213e-16,2.41729200632968e-16
5.084125120902172e-06,8.495059359626966e-05,8.495060703483936e-05,4.319082885559615e-12,4.319083840531011e-12,4.319082418102749e-12,4.319083719145356e-12,1.673671239518223e-18,1.7713888770136795e-18,1.6732767777636117e-18,1.770977147863781e-18,5.151491926928349e-17,5.1870289295326074e-17,1.909089840380535e-16,1.9152718574065114e-16,2.4242990863858414e-16,2.4340352007189375e-16
5.109323808483168e-06,8.537162732642767e-05,8.537163954761007e-05,4.3620018498909394e-12,4.3620028113282565e-12,4.36200164530276e-12,4.362002512664498e-12,1.6844311015287362e-18,1.782537410514516e-18,1.6840339514371341e-18,1.782122993027627e-18,5.1883249561163555e-17,5.224149817573782e-17,1.9221512207760944e-16,1.928399015204381e-16,2.441044133659671e-16,2.450874745105945e-16
5.134604208478777e-06,8.579402813690962e-05,8.579403920294659e-05,4.4052732122471765e-12,4.405274179571595e-12,4.405273021368394e-12,4.405273888730132e-12,1.6952249813419406e-18,1.793717790468936e-18,1.6948251429133478e-18,1.793300684645056e-18,5.22536742743546e-17,5.26147650815136e-17,1.9352914811148668e-16,1.9416020089208094e-16,2.4578889720025987e-16,2.467810639490703e-16
5.159966676160366e-06,8.621779686314446e-05,8.62178096953381e-05,4.448899655771327e-12,4.448900629156926e-12,4.448899582065735e-12,4.448900449427473e-12,1.7060532925481426e-18,1.8049304304672453e-18,1.7056508691801355e-18,1.8045106363063747e-18,5.2626209952468883e-17,5.299020581793917e-17,1.9485111507924443e-16,1.9548818973469807e-16,2.474834395508013e-16,2.484845266153375e-16
5.185410856256567e-06,8.664293979740445e-05,8.664295101695751e-05,4.492882652922857e-12,4.492883632428226e-12,4.492883062118258e-12,4.492883929479996e-12,1.716916552135225e-18,1.8161753305094443e-18,1.7165113370326505e-18,1.815752848011583e-18,5.3000883065286e-17,5.336774428439817e-17,1.9618103621577248e-16,1.968240003971875e-16,2.49188066887371e-16,2.501979419187349e-16
5.210937814581484e-06,8.706945143446831e-05,8.706946309494645e-05,4.537226142637834e-12,4.5372271279837794e-12,4.537226063611177e-12,4.537226930972915e-12,1.7278147601031876e-18,1.827452904185839e-18,1.727406960061199e-18,1.827027733350987e-18,5.337770353897331e-17,5.3747486360009015e-17,1.9751891152107085e-16,1.9816777846333705e-16,2.509028056797485e-16,2.519214686779402e-16
5.236546485321014e-06,8.749734085636285e-05,8.74973485618935e-05,4.581930377696152e-12,4.581931368001475e-12,4.5819307549488375e-12,4.5819316223105755e-12,1.738748123247184e-18,1.838763358291583e-18,1.7383376348682044e-18,1.8383352923245868e-18,5.37566647560859e-17,5.4129332783098193e-17,1.9886471452535993e-16,1.995195768727059e-16,2.526276029883747e-16,2.5365515983251255e-16
5.26223793428926e-06,8.792660443047995e-05,8.792661733908469e-05,4.626999331077605e-12,4.627000326678998e-12,4.626999304535584e-12,4.627000605578191e-12,1.74971674496479e-18,1.8501066928266758e-18,1.74930356824882e-18,1.8496759385226888e-18,5.4137766716623784e-17,5.4513389432784114e-17,2.002184452286397e-16,2.0087946179974308e-16,2.543624852830291e-16,2.5539914773134995e-16
5.288011806214854e-06,8.835725124238525e-05,8.835726299896707e-05,4.672434506264229e-12,4.6724355082227945e-12,4.6724347481374995e-12,4.6724356154992375e-12,1.7607203150632768e-18,1.8614831145862707e-18,1.7603044500103158e-18,1.861049878740446e-18,5.452098295080735e-17,5.489952065144632e-17,2.015801036309102e-16,2.0224744647933838e-16,2.5610739962415256e-16,2.571533000255544e-16
5.313868456369164e-06,8.878927488398247e-05,8.87892873172591e-05,4.7182386637852375e-12,4.71823967199849e-12,4.71823882047806e-12,4.718239687839798e-12,1.7717588335426438e-18,1.872893037160674e-18,1.771340280152692e-18,1.8724569061827055e-18,5.4906316767359053e-17,5.528783231820321e-17,2.029496764972816e-16,2.03623517676602e-16,2.5786231954196546e-16,2.589177225942443e-16
5.33980788475219e-06,8.92226843976357e-05,8.922269753011691e-05,4.764413948476314e-12,4.764414963321178e-12,4.76441412364248e-12,4.764414991004218e-12,1.7828325071980443e-18,1.8843362537547326e-18,1.7824112654711017e-18,1.8838974344397732e-18,5.529372515288704e-17,5.567818215798943e-17,2.043271108881947e-16,2.0500766215664413e-16,2.596271920969086e-16,2.6069225661874207e-16
5.3658304466353e-06,8.965747702582849e-05,8.965749177580751e-05,4.8109631491793425e-12,4.810964171279937e-12,4.810962826035103e-12,4.810963693396841e-12,1.7939411292343252e-18,1.8958129711635996e-18,1.7935171991703918e-18,1.8953714635116494e-18,5.568321803355866e-17,5.60706760499234e-17,2.057123406292005e-16,2.0639982697990558e-16,2.6140196434942277e-16,2.624769285688273e-16
5.391935786747126e-06,9.00936582438755e-05,9.009367274942504e-05,4.857887794396367e-12,4.857888824134217e-12,4.857887529741145e-12,4.857888830783752e-12,1.805085320036946e-18,1.907323189387275e-18,1.8046587016360216e-18,1.906878993398334e-18,5.607473916109226e-17,5.646517502766219e-17,2.071052863109602e-16,2.0779993273704753e-16,2.6318647748083037e-16,2.6427157962582233e-16
5.418124260359036e-06,9.053122903053545e-05,9.053124225888443e-05,4.9051906953367685e-12,4.9051917323377025e-12,4.9051904031649496e-12,4.9051917042075566e-12,1.8162652864010595e-18,1.918867528811218e-18,1.8158359796631444e-18,1.9184206444852864e-18,5.646832493143479e-17,5.686180482265891e-17,2.085059214636942e-16,2.092078867838414e-16,2.649807050213518e-16,2.660761833199476e-16
5.444396222742398e-06,9.097019129736261e-05,9.097020670234546e-05,4.952874680210581e-12,4.952875724734053e-12,4.9528744820726e-12,4.952875349434338e-12,1.8274814419169722e-18,1.930445782640276e-18,1.8270494468420664e-18,1.9299960031822003e-18,5.686392240502705e-17,5.726041323368087e-17,2.0991419314784327e-16,2.1062358324116875e-16,2.6678462050120744e-16,2.6789052789296633e-16
5.470751318625844e-06,9.14105469432408e-05,9.141056069117415e-05,5.000941298646828e-12,5.000942350853579e-12,5.0009410675067034e-12,5.00094236854931e-12,1.8387342001749905e-18,1.9420579508744486e-18,1.838299516763094e-18,1.941605483079382e-18,5.726159775631804e-17,5.766115907940566e-17,2.1133012783318704e-16,2.12046929464801e-16,2.685982768599565e-16,2.6971466628443767e-16
5.497190258552109e-06,9.185229874193734e-05,9.185231159400398e-05,5.049394052324697e-12,5.049395111564206e-12,5.049393628914212e-12,5.049394929956819e-12,1.8500235611751142e-18,1.9537040335137358e-18,1.84958639622138e-18,1.9532490841768316e-18,5.766130466319347e-17,5.806391001093528e-17,2.127537784592847e-16,2.1347789898495853e-16,2.704216476278194e-16,2.7154841320590443e-16
5.5237126872498266e-06,9.229544762062725e-05,9.229546043312831e-05,5.098234507052161e-12,5.098235573098537e-12,5.09823433469947e-12,5.098235202061208e-12,1.861350145302803e-18,1.965384444148444e-18,1.8609100852169246e-18,1.964926806474549e-18,5.806314238732683e-17,5.846883146439223e-17,2.1418517149591587e-16,2.1491643886208215e-16,2.722549180932533e-16,2.733919274760442e-16
5.550318604718996e-06,9.27399990498512e-05,9.274001005538102e-05,5.147464885282017e-12,5.1474659576653985e-12,5.1474653532668224e-12,5.1474662206285604e-12,1.872713332172597e-18,1.97709897598342e-18,1.872270583749728e-18,1.976638443177381e-18,5.846705137171402e-17,5.887581094321322e-17,2.1562435988263973e-16,2.1636261527062086e-16,2.7409806178647867e-16,2.752451032157386e-16
5.57700907677372e-06,9.318594759297194e-05,9.318596238588883e-05,5.197089398113202e-12,5.19709047738231e-12,5.197089286701484e-12,5.197090154063222e-12,1.8841135353748027e-18,1.9888476290186637e-18,1.883668098614943e-18,1.988384407875634e-18,5.887315073036325e-17,5.928502711841056e-17,2.170714362636849e-16,2.1781652085480326e-16,2.759512639959527e-16,2.7710825806234285e-16
5.6037830375998965e-06,9.363330601222519e-05,9.363331840012146e-05,5.2471083118892124e-12,5.247109398435701e-12,5.247108303407799e-12,5.247109604450406e-12,1.895550341319114e-18,2.0006304032541753e-18,1.8951022162222634e-18,2.000164700569308e-18,5.928138090627042e-17,5.969636749342093e-17,2.1852644034372077e-16,2.1927830119841717e-16,2.7781455119145493e-16,2.7898141848563653e-16
5.630641553011628e-06,9.408206887287496e-05,9.408207991157269e-05,5.297525874782917e-12,5.297526967621441e-12,5.297525439151851e-12,5.297526740194458e-12,1.9070235432103777e-18,2.012447919075414e-18,1.9065727297765363e-18,2.011979321258403e-18,5.969187424833354e-17,6.011000412181174e-17,2.1998946476697596e-16,2.207481415899198e-16,2.7968810866144263e-16,2.8086492859275447e-16
5.65758391246618e-06,9.45322380021818e-05,9.453224957228779e-05,5.3483430193239056e-12,5.348344118253774e-12,5.348343296018854e-12,5.348344163380592e-12,1.9185333478437468e-18,2.024299969687227e-18,1.9180798460729146e-18,2.023828683533225e-18,6.01045579646587e-17,6.05258311244646e-17,2.2146061541256887e-16,2.2222618761309895e-16,2.815719628756954e-16,2.827588413232559e-16
5.684610826506287e-06,9.498381883799034e-05,9.498383180833736e-05,5.399563361098299e-12,5.399564466660695e-12,5.399563608732283e-12,5.39956490977489e-12,1.9300795484240682e-18,2.0361869686799204e-18,1.9296233583162452e-18,2.0357129941889275e-18,6.05195710215888e-17,6.094400732005711e-17,2.229399716898383e-16,2.2371251867729343e-16,2.8346637853200924e-16,2.846634213749368e-16
5.711722650403317e-06,9.543681132201387e-05,9.54368219487356e-05,5.451189867010895e-12,5.451190978970886e-12,5.451189413058222e-12,5.451190714100829e-12,1.941662144951342e-18,2.048108916053494e-18,1.941203059711375e-18,2.0476320464303572e-18,6.093682739234015e-17,6.136442021202596e-17,2.2442759977323327e-16,2.2520721419184205e-16,2.8537130269082496e-16,2.8657856286867876e-16
5.738918673614535e-06,9.589121808958878e-05,9.589122989267507e-05,5.50322348229924e-12,5.503224600359247e-12,5.503223311081884e-12,5.503224612124491e-12,1.953281137425568e-18,2.060065811807948e-18,1.9528195706437635e-18,2.0595864606429736e-18,6.135645942581075e-17,6.178722861904876e-17,2.2592356583720277e-16,2.267102476869652e-16,2.8728692064059977e-16,2.885044246231594e-16
5.766199606682676e-06,9.634704083852363e-05,9.63470510154385e-05,5.555667873048778e-12,5.555668997105134e-12,5.555667904888484e-12,5.555669205931091e-12,1.964937146232206e-18,2.0720578627384356e-18,1.9644726843182574e-18,2.071575616441317e-18,6.17783413905475e-17,6.221229357478261e-17,2.274278434119672e-16,2.282215132835445e-16,2.8921312650221525e-16,2.9044079488014195e-16
5.7935654496077404e-06,9.680428308014855e-05,9.680429343911223e-05,5.6085253609600444e-12,5.608526490636217e-12,5.608525362882366e-12,5.608526663924973e-12,1.9766299645761024e-18,2.0840850688449566e-18,1.976162814325163e-18,2.0836001342108474e-18,6.220258578311369e-17,6.263974742812552e-17,2.2894035308818777e-16,2.297409845118003e-16,2.911499202756714e-16,2.9238775304896516e-16
5.821016202389728e-06,9.726294197993923e-05,9.726295440143362e-05,5.661798275142153e-12,5.661799411071732e-12,5.661798287148745e-12,5.661799588191352e-12,1.9883600060475637e-18,2.096147430127511e-18,1.9878901674596336e-18,2.095659600361258e-18,6.262907348950113e-17,6.306943797784476e-17,2.3046096251696645e-16,2.312685290228346e-16,2.9309706373295183e-16,2.9434500796205344e-16
5.848552220300007e-06,9.772302566934954e-05,9.77230357230019e-05,5.715489646116592e-12,5.715490788234931e-12,5.715489713453703e-12,5.71549101449631e-12,2.000127477441743e-18,2.108244739790946e-18,1.999654950516822e-18,2.107754221687702e-18,6.305789715393842e-17,6.350148433794856e-17,2.3198951287962564e-16,2.3280398799796985e-16,2.950544774647177e-16,2.9631255961940677e-16
5.8761735033385776e-06,9.818453416449158e-05,9.818454472393379e-05,5.7696018277122536e-12,5.769602975524194e-12,5.7696018102015856e-12,5.7696031112441926e-12,2.0119323787586405e-18,2.1203769978352613e-18,2.0114571634967288e-18,2.1198837913950265e-18,6.348891781008265e-17,6.39357409246491e-17,2.3352579241792853e-16,2.343473084976468e-16,2.9702181736383424e-16,2.9829016979300875e-16
5.903880051505439e-06,9.864746574547723e-05,9.864747784543715e-05,5.8241371805751055e-12,5.824138334665185e-12,5.8241371794776065e-12,5.8241384805202134e-12,2.023775123588562e-18,2.13254441105561e-18,2.0232972199896597e-18,2.1320485162783845e-18,6.392223471960733e-17,6.437230699961988e-17,2.350696687829771e-16,2.3589838464274703e-16,2.989990304907422e-16,3.0027786495263897e-16
5.93167222007196e-06,9.911182966795828e-05,9.911183973093651e-05,5.8790987773123704e-12,5.879099937562011e-12,5.879098857047849e-12,5.879100158090456e-12,2.035655711931508e-18,2.1447469794519923e-18,2.035175119995615e-18,2.144248396337776e-18,6.435769568127975e-17,6.481104359651801e-17,2.3662103609565295e-16,2.3745718996349096e-16,3.0098587861742516e-16,3.0227543334006063e-16
5.959550009038139e-06,9.957762247733704e-05,9.957763411599929e-05,5.934489003479495e-12,5.9344901697790724e-12,5.934489011316657e-12,5.934490312359264e-12,2.0475745573777848e-18,2.156984496229255e-18,2.0470910703097475e-18,2.1564832247780478e-18,6.479542642655301e-17,6.525206321190678e-17,2.381798678861765e-16,2.390237509296582e-16,3.0298249409278115e-16,3.0428303377395133e-16
5.987513418403978e-06,0.0001000448488722161,0.00010004486016457204,5.990310252329175e-12,5.990311425041047e-12,5.990310678050115e-12,5.990311545411853e-12,2.0595312463370856e-18,2.169257374977704e-18,2.0590450709320576e-18,2.168753208394353e-18,6.523528798908421e-17,6.569522687944329e-17,2.397462965034457e-16,2.405980940110283e-16,3.0498882397725097e-16,3.0630058684497227e-16
6.015562803440844e-06,0.00010051350803033654,0.00010051351972018008,6.046565638080383e-12,6.046566817238621e-12,6.046566025652567e-12,6.046566893014305e-12,2.071526192399717e-18,2.181565408902187e-18,2.071037121862545e-18,2.181058347186692e-18,6.567741933521625e-17,6.614068018291535e-17,2.413204542963586e-16,2.4218029861694014e-16,3.0700513296863063e-16,3.0832827784158065e-16
6.043698164148736e-06,0.00010098360542415419,0.00010098361639337972,6.103257577766796e-12,6.1032587633002444e-12,6.103257656209227e-12,6.103258957251834e-12,2.0835587751802197e-18,2.1939088047978564e-18,2.083067016306057e-18,2.1933990547453706e-18,6.612169473349603e-17,6.658829077342494e-17,2.4290247361381323e-16,2.4377041768695287e-16,3.0903147400647933e-16,3.103660538242173e-16
6.071919500527656e-06,0.00010145514193965477,0.00010145515378268133,6.160388497621608e-12,6.160389689592979e-12,6.160389039167047e-12,6.160390340209654e-12,2.0956292014737466e-18,2.2062873558695593e-18,2.095134754262593e-18,2.2057749174800827e-18,6.656827962004606e-17,6.703821746964969e-17,2.4449256621404637e-16,2.453684776908461e-16,3.110681911979319e-16,3.124140736115598e-16
6.1002275231203384e-06,0.00010192811934547907,0.00010192813096029929,6.217962277175938e-12,6.217963475787761e-12,6.217962342930372e-12,6.217963643972979e-12,2.1077370576899916e-18,2.218701475707602e-18,2.107239715346694e-18,2.2181863489811346e-18,6.701704826341323e-17,6.749035439247117e-17,2.4609083797617643e-16,2.4697445215884027e-16,3.1311528454298833e-16,3.144722313244897e-16
6.128621521384048e-06,0.00010240254120549852,0.00010240255067994752,6.275979921385008e-12,6.275981125984918e-12,6.275980169584416e-12,6.275981470627023e-12,2.1198819302386483e-18,2.2311509575168313e-18,2.119381692763207e-18,2.23063293565822e-18,6.746819256949965e-17,6.794487359545681e-17,2.476973947793218e-16,2.4858839403049454e-16,3.1517301873944465e-16,3.1654073872124393e-16
6.15710220586152e-06,0.00010287840378142565,0.00010287841572315104,6.3344453396191076e-12,6.334446550318491e-12,6.334445121214394e-12,6.334446422257001e-12,2.1320636123245636e-18,2.243635594502094e-18,2.1315606865121313e-18,2.243114677511339e-18,6.792159342429712e-17,6.840166919948819e-17,2.4931228956304174e-16,2.502103033058089e-16,3.1724134084774164e-16,3.186194634529244e-16
6.185669576552755e-06,0.00010335571696218349,0.00010335572705089113,6.393361005383743e-12,6.393362222376642e-12,6.393360667267256e-12,6.393361968309863e-12,2.1442818971525843e-18,2.2561551798682374e-18,2.143776076208008e-18,2.2556315745404913e-18,6.837743611626284e-17,6.886090664068783e-17,2.509354429179974e-16,2.51840206454563e-16,3.193203832167773e-16,3.207086437475475e-16
6.214323633457752e-06,0.00010383447974232629,0.0001038344883095843,6.4527294022490295e-12,6.4527306245876194e-12,6.452728542466479e-12,6.452729843509086e-12,2.1565365779275574e-18,2.268709506820108e-18,2.1560280686459905e-18,2.268183213155371e-18,6.883560153138861e-17,6.932249989227202e-17,2.525668019046296e-16,2.534782093558752e-16,3.2140993408831487e-16,3.228082796051133e-16
6.243064376576513e-06,0.0001043146929857186,0.00010431470036126322,6.512553021286621e-12,6.512554248207292e-12,6.5125522162590155e-12,6.5125535173016225e-12,2.168827654649483e-18,2.2812983685625524e-18,2.168316250235772e-18,2.2807689729705184e-18,6.929629481046634e-17,6.978660115547348e-17,2.542062077042607e-16,2.5512433847952513e-16,3.235100728716931e-16,3.24918556314079e-16
6.271891805909036e-06,0.00010479635762117301,0.00010479636675719828,6.572834361626819e-12,6.572835593307351e-12,6.5728342907300785e-12,6.5728355917726855e-12,2.1811547137280544e-18,2.2939209379149584e-18,2.1806404141821995e-18,2.2933888539859337e-18,6.975937036970823e-17,7.025311116861868e-17,2.558535279679927e-16,2.567786732348516e-16,3.256205083993364e-16,3.2703944740466496e-16
6.300806631998057e-06,0.00010527947735150534,0.00010527948740768345,6.633577423964229e-12,6.633578661194153e-12,6.633577367964882e-12,6.633578669007489e-12,2.1935175483681188e-18,2.306577421672479e-18,2.19300035369012e-18,2.3060424426113105e-18,7.022500688012658e-17,7.072218213294035e-17,2.575086568167072e-16,2.5844118715207497e-16,3.2774132008058356e-16,3.291710587559896e-16
6.329808854843577e-06,0.0001057640522514891,0.0001057640667952442,6.69478473872074e-12,6.694785983085192e-12,6.69478448372951e-12,6.694785784772117e-12,2.20591574497937e-18,2.319267199449655e-18,2.2053958619643803e-18,2.3187293252563426e-18,7.069305214048869e-17,7.119368831698538e-17,2.591715148410654e-16,2.6011182729163607e-16,3.2987226968741817e-16,3.3131325801915494e-16
6.35889776390286e-06,0.00010625009054587853,0.00010625010489118125,6.756457339911884e-12,6.756458592679848e-12,6.7564582401091755e-12,6.7564591074709135e-12,2.2183495103569607e-18,2.3319902712464864e-18,2.217826732209827e-18,2.331449708716183e-18,7.116367158691706e-17,7.166774883476197e-17,2.608421285108469e-16,2.617905407139757e-16,3.3201351603851783e-16,3.3346604519416095e-16
6.388074780261377e-06,0.00010673758951529333,0.00010673759986118414,6.818600790164958e-12,6.818602050137076e-12,6.818601239189093e-12,6.8186025402317e-12,2.230818637705738e-18,2.3447464302678198e-18,2.2302927576313076e-18,2.3442029726053725e-18,7.163667993095448e-17,7.214424457226192e-17,2.6252044488649247e-16,2.634772215399754e-16,3.3416490031520495e-16,3.3562926146233003e-16
6.417339193376392e-06,0.00010722654733227865,0.00010722656079853454,6.8812161390900086e-12,6.881217406030611e-12,6.8812165167353445e-12,6.8812178177779515e-12,2.243322713435396e-18,2.3575356765136553e-18,2.2427941450239746e-18,2.356989323719064e-18,7.211222275638876e-17,7.262325493882402e-17,2.6420654337734096e-16,2.6517179036029644e-16,3.3632655486637753e-16,3.3780288035388257e-16
6.446691713790642e-06,0.00010771697491376853,0.00010771698953254694,6.944307480336387e-12,6.944308755520655e-12,6.944307108514014e-12,6.944308409556621e-12,2.2558621511362405e-18,2.370358009983993e-18,2.255330687592675e-18,2.3698087620572577e-18,7.25901213922076e-17,7.310466743788499e-17,2.6590037104383315e-16,2.668741677656e-16,3.3849832087335795e-16,3.3998671658036137e-16
6.47613163096139e-06,0.00010820886955217879,0.00010820888064083656,7.0078758700974e-12,7.007877152849917e-12,7.007875616610315e-12,7.007876917652922e-12,2.2684367440131185e-18,2.3832134306788327e-18,2.2679023853374092e-18,2.3826610808248004e-18,7.3070508187309e-17,7.35885482438938e-17,2.6760198082552823e-16,2.685843008163268e-16,3.4068035715482383e-16,3.421807701417664e-16
6.505729999162213e-06,0.00010870341805876982,0.00010870342730551208,7.072078367657316e-12,7.0720796564287796e-12,7.072079033498824e-12,7.072080334541431e-12,2.2810770977486944e-18,2.396132544280839e-18,2.2805398439408412e-18,2.395577506089816e-18,7.355435590609331e-17,7.407595614803455e-17,2.693155284778237e-16,2.703062658585356e-16,3.428777988480179e-16,3.4439017617534046e-16
6.5353468414741656e-06,0.00010919825602062616,0.00010919826694466561,7.136613962864516e-12,7.1366152576099276e-12,7.136613348890375e-12,7.136614649932982e-12,2.293722621363099e-18,2.4090537258343767e-18,2.2931822656279486e-18,2.4084955857160565e-18,7.403948740918831e-17,7.456462136670638e-17,2.7103286130860217e-16,2.72031777851211e-16,3.450802962691159e-16,3.46604399708802e-16
6.5650510805426165e-06,0.0001096945684101458,0.00010969457546122774,7.201634410737117e-12,7.201635710821902e-12,7.2016342542169376e-12,7.2016355552595446e-12,2.3064026797680773e-18,2.422007167431804e-18,2.305859428900783e-18,2.42144613218134e-18,7.452690854821886e-17,7.505562254342806e-17,2.727581350732612e-16,2.737649660799709e-16,3.4729301102514015e-16,3.488286023491734e-16
6.594843426910302e-06,0.00011019235521786408,0.00011019236473414074,7.2671438846416215e-12,7.267145189662211e-12,7.267144351563726e-12,7.267145652606333e-12,2.3191168593733236e-18,2.4349924554828145e-18,2.3185707133738855e-18,2.4344285251002065e-18,7.501676490697276e-17,7.554903247009349e-17,2.744914027113599e-16,2.755058305448153e-16,3.4951618134410707e-16,3.510629164453526e-16
6.624724591119957e-06,0.00011069162004812005,0.0001106916284687176,7.333146588003664e-12,7.333147898384001e-12,7.333147110377691e-12,7.33314797773943e-12,2.3318643329982252e-18,2.4480085560116427e-18,2.33131508507149e-18,2.4474417304968907e-18,7.550892413655201e-17,7.604479158969857e-17,2.762326642228983e-16,2.772543977155238e-16,3.5174964840733905e-16,3.533072890577805e-16
6.654694573171582e-06,0.00011119236194959137,0.00011119237311063568,7.39964517758381e-12,7.39964649383276e-12,7.399645132744048e-12,7.399646000105786e-12,2.3446440666670164e-18,2.461055055427982e-18,2.3440919236081372e-18,2.4604853347810863e-18,7.600353182074442e-17,7.65429925464719e-17,2.7798197254743566e-16,2.790107734712148e-16,3.539935975032933e-16,3.5556190547491424e-16
6.684752662522442e-06,0.00011169458726167925,0.00011169459871401832,7.466640735929138e-12,7.46664205897524e-12,7.46664102074801e-12,7.466642755471486e-12,2.3574548196087782e-18,2.4741311265512204e-18,2.356899781417755e-18,2.4735583039770275e-18,7.650049531532138e-17,7.70435890182992e-17,2.797392747454127e-16,2.807750636910067e-16,3.562478962830718e-16,3.5782681863631303e-16
6.714900280258007e-06,0.00011219829962133554,0.00011219830892400529,7.534139107603751e-12,7.534140436906994e-12,7.53413824383653e-12,7.534139978560006e-12,2.3702957646428983e-18,2.4872355286104387e-18,2.369737417729425e-18,2.4866598109041017e-18,7.69999668215156e-17,7.754667364940905e-17,2.815045178772703e-16,2.8254742719357713e-16,3.58512650625793e-16,3.601022932397729e-16
6.745136005292807e-06,0.00011270349540967728,0.00011270350278191898,7.602139795947658e-12,7.60214113029268e-12,7.602140271456559e-12,7.602141138818297e-12,2.3831652474081514e-18,2.5003676412201774e-18,2.3826040053625342e-18,2.4997890283816965e-18,7.750186031254337e-17,7.805223320491166e-17,2.8327764900344915e-16,2.8432791691848527e-16,3.6078772818255885e-16,3.6238838222485306e-16
6.775461258712312e-06,0.00011321017738361028,0.00011321018565974006,7.670648689731534e-12,7.670650028821964e-12,7.670648838331573e-12,7.670650573055049e-12,2.396062440723925e-18,2.5135268439949772e-18,2.395498303546164e-18,2.5129451292291993e-18,7.800633460708232e-17,7.856034709414583e-17,2.850586416541697e-16,2.8611666521462915e-16,3.6307323483248776e-16,3.646852708800107e-16
6.805875329973787e-06,0.00011371834920739787,0.00011371836018020387,7.73966689352154e-12,7.739668238466355e-12,7.739667413908524e-12,7.739669148632e-12,2.40898672420476e-18,2.5267123097542256e-18,2.4084194850997017e-18,2.5261276998563038e-18,7.851333676557322e-17,7.907101531711157e-17,2.868474693596524e-16,2.8791361914244954e-16,3.6536906469646134e-16,3.6699295920524584e-16
6.836378929619968e-06,0.00011422801453817022,0.00011422802442201396,7.809198739726515e-12,7.809200091033361e-12,7.809199467634365e-12,7.80920120235784e-12,2.4219374774651964e-18,2.539923418112463e-18,2.421367136432841e-18,2.5393357062872442e-18,7.902297928457939e-17,7.958432390059257e-17,2.8864407918033797e-16,2.8971880517172607e-16,3.676753765931572e-16,3.693115001401177e-16
6.866972057650855e-06,0.00011473917155729874,0.00011473918466931021,7.879246964117421e-12,7.879248322459418e-12,7.879247601594308e-12,7.879248468956046e-12,2.434914080119775e-18,2.5531593418890773e-18,2.434340843955276e-18,2.5525685281365613e-18,7.953522907687633e-17,8.010025299225415e-17,2.9044855052556525e-16,2.915320909535607e-16,3.699921175830161e-16,3.716407348659486e-16
6.897654714066448e-06,0.00011525182751401242,0.00011525183632837832,7.94981431214926e-12,7.949815677218852e-12,7.949814417873569e-12,7.949816152597045e-12,2.4479167389636493e-18,2.5664196674937617e-18,2.447340400871853e-18,2.5658257518139487e-18,8.005016555180284e-17,8.06188621491004e-17,2.9226085692555463e-16,2.9335331766927586e-16,3.723193935451565e-16,3.739806104431794e-16
6.928426898866746e-06,0.00011576597780449394,0.00011576598939344596,8.020903538123465e-12,8.020904909471603e-12,8.020903385919098e-12,8.020905120642574e-12,2.4609450404065126e-18,2.579703774541057e-18,2.4603656003874192e-18,2.5791069637291e-18,8.056773576979972e-17,8.114013151879661e-17,2.940809719105265e-16,2.951823794397531e-16,3.7465712507023957e-16,3.7633096805313247e-16
6.9592886120517505e-06,0.00011628163145085968,0.0001162816402474065,8.092517405744511e-12,8.092518783383964e-12,8.092517975177849e-12,8.092519709901325e-12,2.473998777653212e-18,2.593011042645504e-18,2.4734164425019746e-18,2.59241112990625e-18,8.108799928787107e-17,8.16640875711224e-17,2.959088690107013e-16,2.9701909097653526e-16,3.770053386280449e-16,3.786917018166894e-16
6.990240564164196e-06,0.00011679878112788589,0.00011679879257059378,8.164660343429376e-12,8.164661727333272e-12,8.164660787735034e-12,8.16466252245851e-12,2.4870779507037473e-18,2.606341058216796e-18,2.486492513625213e-18,2.605738250345398e-18,8.161089654901279e-17,8.219070383629816e-17,2.9774449528651977e-16,2.988633728702835e-16,3.793638753998949e-16,3.81062626445393e-16
7.0212827552040835e-06,0.00011731743957450746,0.00011731745098514379,8.237335147915177e-12,8.237336538913252e-12,8.237335293037606e-12,8.237336160399344e-12,2.5001819391726592e-18,2.619693407664627e-18,2.4995934001668277e-18,2.619087497865932e-18,8.213645402300448e-17,8.271996707943409e-17,2.9958774485886353e-16,3.00715145711659e-16,3.8173273538578956e-16,3.8344368899968404e-16
7.0524144746286765e-06,0.0001178376032182904,0.00011783761286737748,8.310542956050212e-12,8.310544353604542e-12,8.310543225809042e-12,8.310544960532518e-12,2.5133103294696415e-18,2.6330674706035374e-18,2.512718688536513e-18,2.6324584588775453e-18,8.266459891795224e-17,8.325185744819549e-17,3.014386177277326e-16,3.025743565611026e-16,3.8411178623683087e-16,3.8583483654000333e-16
7.083637143523447e-06,0.00011835927397060853,0.00011835928197417855,8.38428992495469e-12,8.38429132802065e-12,8.38428892285803e-12,8.384290657581506e-12,2.5264622944140815e-18,2.646462419852915e-18,2.525867551553656e-18,2.6458505129947788e-18,8.319533785130096e-17,8.378633523791295e-17,3.032970874233473e-16,3.0444111129773266e-16,3.8650105442279844e-16,3.8823612200591007e-16
7.114949340802923e-06,0.00011888245373234407,0.00011888246294200489,8.458575522762274e-12,8.458576931218076e-12,8.458575853631523e-12,8.458577588354999e-12,2.5396368000302135e-18,2.659877841822453e-18,2.539039162037644e-18,2.65926283303702e-18,8.372861788349145e-17,8.432339383114158e-17,3.0516325982482616e-16,3.0631554227044723e-16,3.8890053994369226e-16,3.9064762480674306e-16
7.146352487552576e-06,0.00011940714799937857,0.00011940715669467306,8.533405956083251e-12,8.533407370161772e-12,8.533406620214734e-12,8.533407487576472e-12,2.552833019137425e-18,2.673312702536386e-18,2.5522320724224054e-18,2.672694591823656e-18,8.42644390145237e-17,8.486299352321197e-17,3.070371878717283e-16,3.081978082979239e-16,3.9131032220885115e-16,3.930695302309595e-16
7.177846583772407e-06,0.00011993335405213745,0.00011993336589993797,8.608784084092382e-12,8.608785504640764e-12,8.608783824692878e-12,8.608784692054616e-12,2.5660495041696443e-18,2.6867659680189486e-18,2.5654454555273274e-18,2.6861449621740744e-18,8.480278800950791e-17,8.540513431412413e-17,3.089190039129517e-16,3.1008804172906067e-16,3.937305335671731e-16,3.9550194415767786e-16
7.209430918919679e-06,0.00012046107642746384,0.00012046108681360024,8.684711066690435e-12,8.684712494261259e-12,8.684710936512907e-12,8.684712671236383e-12,2.579284807560799e-18,2.7002368110895278e-18,2.5786778637863382e-18,2.6996127033173565e-18,8.534365163355428e-17,8.594979635154334e-17,3.1080878735783527e-16,3.1198634844297596e-16,3.961612004884377e-16,3.9794494599623687e-16
7.241106203537129e-06,0.00012099031782342173,0.0001209903284364322,8.761191483032203e-12,8.761192917254567e-12,8.761191425121773e-12,8.761193159845249e-12,2.5925376885399705e-18,2.713724197772358e-18,2.5919276428382126e-18,2.7130969880728897e-18,8.588705635644242e-17,8.649701934013902e-17,3.1270661761571773e-16,3.1389272843966977e-16,3.986024817913226e-16,4.0039858868619576e-16
7.2728724376247555e-06,0.00012152107818824698,0.0001215210907205555,8.838228220778441e-12,8.838229662353202e-12,8.838228759966427e-12,8.838229627328165e-12,2.60580690633624e-18,2.7272268872965205e-18,2.6051935519120318e-18,2.7265967824649083e-18,8.643298232583762e-17,8.704677019268667e-17,3.146124946865991e-16,3.158071287795829e-16,4.010543245362686e-16,4.0286279281821573e-16
7.304730331725295e-06,0.00012205336472131956,0.00012205337185117182,8.915825908856551e-12,8.915827356695261e-12,8.915824675770345e-12,8.915826410493821e-12,2.619090599793229e-18,2.7407438456862496e-18,2.618474350236877e-18,2.740110432132187e-18,8.698150233363378e-17,8.759913493596998e-17,3.16526445040259e-16,3.1772949652315613e-16,4.0351683460239406e-16,4.053375583922968e-16
7.336678464753277e-06,0.0001225871691553082,0.00012258718005325742,8.99398399205982e-12,8.993985445658077e-12,8.993984376703956e-12,8.993986111427432e-12,2.632387941730325e-18,2.754273625375473e-18,2.631768590246676e-18,2.7536373166892667e-18,8.753258329260641e-17,8.815407386531955e-17,3.18448362797579e-16,3.196597787308303e-16,4.059898531710214e-16,4.078228059991001e-16
7.368718968336907e-06,0.0001231225041584405,0.00012312251627882853,9.072710608743238e-12,9.072712069716686e-12,9.072709597490736e-12,9.072711332214212e-12,2.6456978981717627e-18,2.7678149855932725e-18,2.6450754447608166e-18,2.767175574979769e-18,8.808634431676371e-17,8.87116928598538e-17,3.2037811560966113e-16,3.2159792246304613e-16,4.084734067119302e-16,4.103185885781849e-16
7.4008504213907145e-06,0.0001236593642620354,0.00012365937236874514,9.152005208940072e-12,9.15200667641278e-12,9.152004674939374e-12,9.152005542301112e-12,2.659019228346623e-18,2.781366892363882e-18,2.6583936730083798e-18,2.7807245866182345e-18,8.864273908399138e-17,8.927195883234822e-17,3.2231551818804813e-16,3.2354390125002408e-16,4.109672569971041e-16,4.1282487965977157e-16
7.433072823914699e-06,0.00012419775316160897,0.00012419776470645738,9.231870727000664e-12,9.231872200805577e-12,9.231871343773346e-12,9.231873078496822e-12,2.6723513118694464e-18,2.7949281049163825e-18,2.6717228613990592e-18,2.794282697243438e-18,8.920191979552213e-17,8.983500413170081e-17,3.24260438183842e-16,3.2549768862198453e-16,4.134713775567634e-16,4.153417586531989e-16
7.465387596994333e-06,0.0001247376800749822,0.00012473769329202078,9.312313647365872e-12,9.312315129172533e-12,9.312313940801342e-12,9.312315675524818e-12,2.6856937351499267e-18,2.8084975892750086e-18,2.6850621827522425e-18,2.8078492864699202e-18,8.976380704201715e-17,9.040078243579728e-17,3.2621276971792437e-16,3.274592845789275e-16,4.159856360420102e-16,4.1786917261890774e-16
7.497794740629615e-06,0.0001252791378671403,0.00012527914721133238,9.393336956668738e-12,9.393338445786848e-12,9.393335935470315e-12,9.393337670193791e-12,2.6990454642122983e-18,2.8220745182591478e-18,2.698410809887317e-18,2.8214231135267623e-18,9.032855302470915e-17,9.096941285864583e-17,3.281724863205156e-16,3.2942868912085293e-16,4.1851013833196283e-16,4.2040725390579605e-16
7.530292833735075e-06,0.00012582213028355937,0.00012582214283146653,9.474940080581343e-12,9.474941576813968e-12,9.474939929865478e-12,9.474941664588954e-12,2.7124060854662548e-18,2.835657857893034e-18,2.7117683292139764e-18,2.8350033512333516e-18,9.089607171681443e-17,9.154081599090766e-17,3.301397203405137e-16,3.314059022477609e-16,4.2104493736618053e-16,4.2295589663474543e-16
7.5628832973961835e-06,0.00012636666464557744,0.0001263666746987857,9.557129578150111e-12,9.557131081748544e-12,9.557130260795521e-12,9.557131995518997e-12,2.7257745649360306e-18,2.8492471945863616e-18,2.725133706756455e-18,2.848589585999382e-18,9.14664822323412e-17,9.211512418148078e-17,3.321146305965963e-16,3.3339089748987173e-16,4.235902978424593e-16,4.255152596244335e-16
7.595566131612941e-06,0.0001269127372953982,0.00012691274464160518,9.639908465191675e-12,9.63990997447673e-12,9.63990866298392e-12,9.639910397707396e-12,2.7391504890313193e-18,2.8628414943633643e-18,2.7385065289244468e-18,2.8621809906442407e-18,9.203967869217104e-17,9.269221831635698e-17,3.340974023772206e-16,3.353837277867447e-16,4.2614629917013796e-16,4.2808521052596226e-16
7.628341336385347e-06,0.00012746034998986633,0.0001274603617684722,9.723279765435313e-12,9.723281280988563e-12,9.723279473239366e-12,9.723281207962842e-12,2.7525330305715085e-18,2.8764407572240424e-18,2.751885968537339e-18,2.8757771515776217e-18,9.261576697542238e-17,9.327222412698936e-17,3.3608816803128464e-16,3.3738444607793894e-16,4.287132060470125e-16,4.306659875673481e-16
7.661208911713402e-06,0.00012800951175026554,0.00012800952063590776,9.807246514683228e-12,9.807248037028316e-12,9.807246161008809e-12,9.807247895732285e-12,2.7659213623759855e-18,2.89004394919263e-18,2.765271405209672e-18,2.8893774484140654e-18,9.319460811575228e-17,9.385497617725542e-17,3.380871128472456e-16,3.393931053030137e-16,4.3129101847308297e-16,4.3325743192991343e-16
7.694168857597106e-06,0.0001285602152373555,0.00012856022488083596,9.891811757852314e-12,9.891813286304591e-12,9.891811328377464e-12,9.89181306310094e-12,2.779315070854444e-18,2.9036508634739742e-18,2.7786620117608335e-18,2.9029814675632657e-18,9.377628813994447e-17,9.444060019860826e-17,3.4009431623444226e-16,3.414098113410874e-16,4.3387994820658614e-16,4.3585978184167466e-16
7.727221884579194e-06,0.00012911247131608405,0.00012911248357649896,9.976980380464294e-12,9.976981916156472e-12,9.976979312154022e-12,9.976981046877498e-12,2.7927129152359655e-18,2.9172606728874623e-18,2.7920567542150578e-18,2.9165881750494567e-18,9.436066808165603e-17,9.502891752003557e-17,3.4210983113243387e-16,3.434346171317192e-16,4.364798893684036e-16,4.384729314235134e-16
7.760367282116931e-06,0.000129666276305479,0.00012966628395910673,1.0062753625106638e-11,1.0062755167399406e-11,1.0062752714423695e-11,1.0062754449147171e-11,2.8061142751350902e-18,2.9308723434573287e-18,2.8054552189820386e-18,2.930196743692026e-18,9.494782735022578e-17,9.562004725554557e-17,3.441337104807796e-16,3.4546757561446833e-16,4.390909478376538e-16,4.410970924336664e-16
7.793605760753053e-06,0.00013022163016690458,0.00013022164055459529,1.0149136411377326e-11,1.0149137959666753e-11,1.0149135871995174e-11,1.0149136739356912e-11,2.8195181165760526e-18,2.9444848412078076e-18,2.818855958495704e-18,2.943806346310361e-18,9.553762697931079e-17,9.621380411668103e-17,3.461659542794795e-16,3.475087661986736e-16,4.417130177352183e-16,4.437320531138969e-16
7.826936609944823e-06,0.00013077854013582302,0.00013077855153925677,1.0236129984531193e-11,1.0236131540083786e-11,1.0236130519591935e-11,1.0236132254315411e-11,2.832923198787934e-18,2.9580971321631333e-18,2.832257938780288e-18,2.9574157421335428e-18,9.613017946547437e-17,9.681034030467467e-17,3.482064831191947e-16,3.4955816241455536e-16,4.443461784704359e-16,4.463780516922213e-16
7.860361250777714e-06,0.0001313370080081866,0.00013133701329937075,1.0323741165065491e-11,1.0323742726198201e-11,1.0323741861384406e-11,1.0323743596107882e-11,2.846328280999815e-18,2.971707768757234e-18,2.8456601258600254e-18,2.9710232768003464e-18,9.672534584237363e-17,9.740948376595908e-17,3.5025529699992525e-16,3.5161581720167287e-16,4.469901918152902e-16,4.490348764104029e-16
7.89387897270899e-06,0.00013189703378876927,0.0001318970422483079,1.0411971219223453e-11,1.0411972784965092e-11,1.0411971632096062e-11,1.0411973366819538e-11,2.8597323292359306e-18,2.9853150966288844e-18,2.859061072168844e-18,2.984627709539853e-18,9.732325845890656e-17,9.801140655410167e-17,3.523122900425527e-16,3.536817570298057e-16,4.496451107093404e-16,4.517027654964579e-16
7.927490486281386e-06,0.0001324586229664304,0.0001324586275105455,1.0500825156673124e-11,1.0500826726785486e-11,1.0500825035897332e-11,1.0500826770620808e-11,2.8731341027253616e-18,2.998918288597472e-18,2.8724597437309778e-18,2.9982280063762966e-18,9.792379820106495e-17,9.861593661553503e-17,3.543773828377383e-16,3.557560083687335e-16,4.523107763339089e-16,4.54381613071268e-16
7.961195080952166e-06,0.00013302176650548114,0.00013302177456309128,1.059030424587504e-11,1.0590305820234763e-11,1.059030467487343e-11,1.0590306409596906e-11,2.8865323606971893e-18,3.012515690301772e-18,2.8858551065706615e-18,3.0118225129484525e-18,9.852711065263663e-17,9.922328570849596e-17,3.564505224459228e-16,3.578386770975746e-16,4.549872945681141e-16,4.570716308930701e-16
7.994993467264067e-06,0.0001335864754027638,0.0001335864870456449,1.0680413529414556e-11,1.0680415110432726e-11,1.0680414018471307e-11,1.0680415753194783e-11,2.899926275970801e-18,3.0261066813563244e-18,2.8992461267121293e-18,3.025410402075708e-18,9.913310978683788e-17,9.983328839686197e-17,3.58531655927547e-16,3.5992978968610865e-16,4.576744536537191e-16,4.59772818961864e-16
8.028885645217088e-06,0.00013415275521838632,0.00013415276857858816,1.0771156185906725e-11,1.0771157775398984e-11,1.0771156536137916e-11,1.0771158270861392e-11,2.9133154349558907e-18,3.039690227785364e-18,2.912632183769922e-18,3.0389910533726035e-18,9.974194780490141e-17,1.0044618290864946e-16,3.6062086269194975e-16,3.6202939907389485e-16,4.603725182885201e-16,4.624853360963275e-16
8.062871614811229e-06,0.00013472060060693014,0.00013472061004832225,1.0862535402864265e-11,1.0862537000105867e-11,1.0862535697320208e-11,1.0862537432043684e-11,2.9266994240621518e-18,3.0532659159985843e-18,2.926013070948886e-18,3.05256384645368e-18,1.0035356514982312e-16,1.0106181042518082e-16,3.627182221484698e-16,3.641375317307128e-16,4.630815414120761e-16,4.652091293569013e-16
8.09695137604649e-06,0.0001352900189429962,0.00013529002963719172,1.095455437731673e-11,1.0954555981420493e-11,1.0954554971465136e-11,1.0954556706188612e-11,2.940077829699278e-18,3.066833125610526e-18,2.9393885814538684e-18,3.0661281609334776e-18,1.0096811402283571e-16,1.0168042902680718e-16,3.648238666460052e-16,3.662541876565625e-16,4.658017877221833e-16,4.679444634413815e-16
8.131125639465608e-06,0.00013586100663409706,0.00013586101643842108,1.1047218243061086e-11,1.1047219854170066e-11,1.1047218695381389e-11,1.1047219562743127e-11,2.9534512722527292e-18,3.0803916498260357e-18,2.9527589220800224e-18,3.0796835832216903e-18,1.015855216320453e-16,1.0230186004251622e-16,3.6693811382191113e-16,3.683794197910031e-16,4.685334689770785e-16,4.706911795310904e-16
8.165393694525847e-06,0.00013643357092368857,0.00013643358138332173,1.114052829882463e-11,1.1140529916877674e-11,1.1140528603792443e-11,1.114053033851592e-11,2.9668193381321987e-18,3.0939410750548074e-18,2.966124092827348e-18,3.0932303201134712e-18,1.0220594679612947e-16,1.0292636155265905e-16,3.6906112249486523e-16,3.705132016642551e-16,4.712769557536759e-16,4.734494893842648e-16
8.19975625176994e-06,0.00013700771535005152,0.000137007715383608,1.1234489717349432e-11,1.1234491339008204e-11,1.1234490768230465e-11,1.1234492502953941e-11,2.980182854518299e-18,3.1074816080919942e-18,2.9794845072861513e-18,3.106767751223361e-18,1.0282930348830453e-16,1.0355374165133357e-16,3.711931573626635e-16,3.7265561268565726e-16,4.740324068706534e-16,4.762193400613456e-16
8.234214021740627e-06,0.00013758342887879027,0.00013758343845016174,1.1329107702187681e-11,1.1329109327156096e-11,1.132910692341893e-11,1.1329108658142406e-11,2.993541201025571e-18,3.1210128353472898e-18,2.9928399586612793e-18,3.1202960833465126e-18,1.0345573067491339e-16,1.0418423856655619e-16,3.7333429783464476e-16,3.7480667932498915e-16,4.767999811466884e-16,4.790009433205695e-16
8.268765583352433e-06,0.0001381607332399809,0.00013816073603917234,1.1424381616253107e-11,1.1424383245495746e-11,1.142438053880479e-11,1.1424382273528266e-11,3.006894791244321e-18,3.134534550025541e-18,3.006190446952732e-18,3.13381490289262e-18,1.0408510262450293e-16,1.048176405400901e-16,3.754846233201478e-16,3.769665074613692e-16,4.795797315213402e-16,4.817941932828182e-16
8.303411647148096e-06,0.0001387396101883709,0.0001387396154663434,1.1520316685887702e-11,1.152031831792876e-11,1.1520316818558474e-11,1.152031855328195e-11,3.0202432115842423e-18,3.1480465453315947e-18,3.0195359721605095e-18,3.1473240030665296e-18,1.0471754506852628e-16,1.054541593301721e-16,3.7764418675873186e-16,3.7913517650413624e-16,4.823717638737272e-16,4.84599460525006e-16
8.33815292367035e-06,0.0001393200760693991,0.00013932008406913887,1.1616918170387428e-11,1.1616919807041331e-11,1.1616918364765194e-11,1.161692009948867e-11,3.033586048455029e-18,3.161548821265451e-18,3.032875707103999e-18,3.160823383868242e-18,1.0535290580575071e-16,1.0609356332623069e-16,3.798129352108377e-16,3.8131284527196784e-16,4.851759723247309e-16,4.874165862284554e-16
8.372989412919196e-06,0.00013990212723355433,0.00013990213825815223,1.1714189383221453e-11,1.1714191026502768e-11,1.1714188646871904e-11,1.171419038159538e-11,3.0469226814712214e-18,3.1750407574416502e-18,3.0462094449880475e-18,3.1743124249122973e-18,1.0599127748040483e-16,1.0673603781672308e-16,3.819909216160245e-16,3.8349972552310083e-16,4.879923568743515e-16,4.902459409700808e-16
8.408004248394718e-06,0.0001404871706889299,0.00014048717958842216,1.1812367234579982e-11,1.1812368884837684e-11,1.1812367056718287e-11,1.1812368791441763e-11,3.06028475029125e-18,3.188554407108929e-18,3.059568411880779e-18,3.187823179447432e-18,1.0663406299080754e-16,1.0738288643829464e-16,3.8418338699065346e-16,3.8570129650191277e-16,4.908276408466077e-16,4.930944068925786e-16
8.443030452554012e-06,0.0001410724051434109,0.0001410724157875909,1.191098686644106e-11,1.1910988523544169e-11,1.1910987821051044e-11,1.191098955577452e-11,3.073607321237029e-18,3.2020244229988957e-18,3.072888294489567e-18,3.201290300205255e-18,1.0727825801697404e-16,1.080312041326341e-16,3.8637979636244307e-16,3.879072614641386e-16,4.936683246539026e-16,4.95948749106148e-16
8.478152579982634e-06,0.00014165923218442678,0.00014165923737430308,1.2010288232384372e-11,1.2010289895048738e-11,1.2010288596986385e-11,1.2010290331709861e-11,3.086922240762142e-18,3.2154828583602866e-18,3.086200112087383e-18,3.214745840434502e-18,1.0792527207466811e-16,1.0868228791894194e-16,3.8858541721753406e-16,3.9012296730525783e-16,4.965209728015774e-16,4.988155850556893e-16
8.513369920137848e-06,0.00014224764640310972,0.000142247660588124,1.2110272683540594e-11,1.2110274353028282e-11,1.211027285397126e-11,1.2110274588694736e-11,3.100228474890823e-18,3.228928679217336e-18,3.099503244288767e-18,3.2281887661594073e-18,1.0857519119067348e-16,1.0933632970312027e-16,3.9080019661636724e-16,3.923484669648297e-16,4.993856911687507e-16,5.016951794389987e-16
8.548683183562389e-06,0.00014283766967601585,0.00014283767805878256,1.2210945612192302e-11,1.221094728964941e-11,1.221094492881436e-11,1.2210946663537836e-11,3.113525403237613e-18,3.242361678774891e-18,3.1127974842985663e-18,3.2416188705848183e-18,1.0922788963353702e-16,1.0999311110948738e-16,3.930242139682814e-16,3.945836280939562e-16,5.022624797554223e-16,5.045871616791617e-16
8.584091659713522e-06,0.0001434292820174654,0.00014342929521748982,1.2312308377511263e-11,1.2312310062610509e-11,1.2312307423600899e-11,1.2312309158324375e-11,3.1268130258025116e-18,3.255781236647492e-18,3.126082004936168e-18,3.2550355333252753e-18,1.0988347328237715e-16,1.1065283727883517e-16,3.952575222128358e-16,3.968283712832985e-16,5.051513915011515e-16,5.074916905948559e-16
8.619595348591247e-06,0.00014402249796566235,0.00014402250846762277,1.2414364363149955e-11,1.241436605666428e-11,1.2414365542501304e-11,1.241436727722478e-11,3.1400905154049065e-18,3.269186525654526e-18,3.139356599406419e-18,3.268438133995319e-18,1.1054183625807545e-16,1.1131530968781664e-16,3.9750017428958955e-16,3.990825112443994e-16,5.080524793454975e-16,5.104083426696077e-16
8.655195671281035e-06,0.0001446173138577589,0.00014461732335330213,1.251712106757029e-11,1.2517122768203792e-11,1.251712188760079e-11,1.2517123622324267e-11,3.1533576652496446e-18,3.282577545795994e-18,3.152620854119013e-18,3.2818260522094896e-18,1.1120310429208504e-16,1.119807334772237e-16,3.997521701985427e-16,4.013459420981405e-16,5.109657962280194e-16,5.133372237825355e-16
8.690891917240151e-06,0.0001452137351478644,0.00014521374363318795,1.2620579871689223e-11,1.262058157874122e-11,1.262057992834631e-11,1.2620581663069785e-11,3.1666146821318788e-18,3.2959532630961296e-18,3.16587476907395e-18,3.2951990811726344e-18,1.1186721782740182e-16,1.1264896306326853e-16,4.020135628792545e-16,4.036186373747422e-16,5.138913421487174e-16,5.162781751149616e-16
8.726684086468595e-06,0.00014581176187730693,0.000145811771250004,1.272474421008239e-11,1.272474592352616e-11,1.2724744868908289e-11,1.2724746603631765e-11,3.179861152461303e-18,3.309313884350086e-18,3.1791183442712304e-18,3.308556807294447e-18,1.1253430921292378e-16,1.1332022343907777e-16,4.0428429939216566e-16,4.059005970742045e-16,5.168291700471505e-16,5.192314613646821e-16
8.762572889509102e-06,0.00014641139776580547,0.0001464114063064459,1.2829619604285454e-11,1.2829621324158106e-11,1.282962017873368e-11,1.2829621913457157e-11,3.193096869442764e-18,3.322658582377251e-18,3.1923511661205474e-18,3.321898610189468e-18,1.1320431227420194e-16,1.1399434255108398e-16,4.0656443267683543e-16,4.0819192707564577e-16,5.1977938580243725e-16,5.221969766525786e-16
8.798557615818936e-06,0.00014701264473783449,0.00014701265614502912,1.293520744290764e-11,1.2935209169958467e-11,1.2935208459907699e-11,1.2935210194631175e-11,3.2063218330762618e-18,3.335987357177624e-18,3.2055732346219013e-18,3.3352246966528503e-18,1.1387738582991388e-16,1.14671598331973e-16,4.088540950821618e-16,4.1049278619774367e-16,5.227421482332552e-16,5.2517509155556555e-16
8.83463968648357e-06,0.00014761550288708292,0.00014761551168956943,1.3041515379331565e-11,1.3041517113674463e-11,1.3041514916600772e-11,1.3041516651324248e-11,3.21953562977149e-18,3.3492997951608995e-18,3.218784342980139e-18,3.3485342395039816e-18,1.1455349017539023e-16,1.153518187281774e-16,4.11153471896602e-16,4.128033597289554e-16,5.257176690978411e-16,5.281659648923205e-16
8.870817680417531e-06,0.00014821998135450265,0.00014821998565717198,1.314854272287499e-11,1.3148544461959071e-11,1.3148542150898113e-11,1.3148543885621589e-11,3.232738052733296e-18,3.3625956895319237e-18,3.2319836640146475e-18,3.361827445538015e-18,1.1523273118974937e-16,1.1603524196771362e-16,4.1346280134817246e-16,4.1512383295773815e-16,5.287063189731095e-16,5.311699143001987e-16
8.907092308163556e-06,0.00014882606738195192,0.00014882607255595204,1.3256295071288414e-11,1.3256296813810122e-11,1.3256294499608412e-11,1.3256296234331888e-11,3.2459280679859133e-18,3.375875040290697e-18,3.245170990930274e-18,3.3751039011646443e-18,1.1591508240321171e-16,1.1672172246679382e-16,4.1578229519510996e-16,4.1745444411210835e-16,5.317082037381788e-16,5.341870456583185e-16
8.943463569721644e-06,0.00014943377179521544,0.00014943378508058824,1.3364775937518275e-11,1.336477768675389e-11,1.3364777166902098e-11,1.3364778901625574e-11,3.2591056755293424e-18,3.3891374338469127e-18,3.2583454965464062e-18,3.3883633995887162e-18,1.1660064969489566e-16,1.1741144551387524e-16,4.181122181352105e-16,4.19795325540964e-16,5.347237469095225e-16,5.372177295435944e-16
8.97993217563453e-06,0.0001500431017464332,0.00015004311044908292,1.3473990978330414e-11,1.3473992735584755e-11,1.3473991887502645e-11,1.3473993622226121e-11,3.2722698413878176e-18,3.402382456610265e-18,3.2715067672727374e-18,3.4016057340150776e-18,1.1728935365546241e-16,1.1810427876005985e-16,4.2045270251737216e-16,4.2214666253276236e-16,5.377530014266999e-16,5.402619130164671e-16
9.016498125902217e-06,0.00015065405164735313,0.0001506540558708913,1.3583943749896733e-11,1.3583945511877659e-11,1.3583943865580483e-11,1.358394560030396e-11,3.2854201519710325e-18,3.4156101085807535e-18,3.2846543895189615e-18,3.4148306976485754e-18,1.1798127369425077e-16,1.1880035455424568e-16,4.228038542207133e-16,4.2450858743640137e-16,5.407961261083886e-16,5.433199666538512e-16
9.053160709981967e-06,0.00015126662866976615,0.00015126663763176396,1.3694635673172149e-11,1.3694637439987232e-11,1.3694636570582563e-11,1.369463830530604e-11,3.298556400483834e-18,3.4288201829632254e-18,3.297787742899619e-18,3.4280378768989033e-18,1.1867630393214233e-16,1.194995140777551e-16,4.251656732452339e-16,4.2688117966121987e-16,5.438530150754701e-16,5.463917845766281e-16
9.089921348959251e-06,0.00015188082728428975,0.00015188083199629832,1.3806074615024242e-11,1.3806076386865978e-11,1.3806074339317576e-11,1.3806076074041052e-11,3.3116781733359158e-18,3.442012059372221e-18,3.310906413824404e-18,3.4412270649709082e-18,1.1937448407380648e-16,1.2020187644459632e-16,4.275381066513748e-16,4.2926446567699745e-16,5.469236683279446e-16,5.494774726639163e-16
9.126778621748599e-06,0.00015249665108804655,0.00015249666254135708,1.3918259852537272e-11,1.3918261630337104e-11,1.3918260641232472e-11,1.3918262375955948e-11,3.3247846433466654e-18,3.4551853242174343e-18,3.3240101954981626e-18,3.4543974346839775e-18,1.2007573470990444e-16,1.2090726960120194e-16,4.2992104856001754e-16,4.316584190139545e-16,5.500079270471343e-16,5.525768720970382e-16
9.163733949435482e-06,0.00015311410916632462,0.000153114118299158,1.4031199310435649e-11,1.4031201095843158e-11,1.4031199813135942e-11,1.4031201547859418e-11,3.337876017311236e-18,3.4683391503182525e-18,3.337098674330589e-18,3.467548572447805e-18,1.207800955451056e-16,1.2161578619180057e-16,4.3231441956182338e-16,4.3406298673253187e-16,5.531056853539209e-16,5.556899828759938e-16
9.200786621477164e-06,0.00015373319790926154,0.000153733208351714,1.41448944367951e-11,1.4144896229455774e-11,1.4144895324474938e-11,1.4144897059198414e-11,3.3509514680490147e-18,3.481472917289216e-18,3.3501714367313772e-18,3.480679651081778e-18,1.2148744746540174e-16,1.2232729386749418e-16,4.3471806083811466e-16,4.364780629536111e-16,5.562167314900675e-16,5.588166461821054e-16
9.23793734841638e-06,0.00015435391919157992,0.00015435393273122155,1.4259351040404137e-11,1.4259352841974336e-11,1.425935151205815e-11,1.4259353246781625e-11,3.364011202355155e-18,3.494585797949713e-18,3.3632282759053736e-18,3.493790050200437e-18,1.2219784341035208e-16,1.2304184556784199e-16,4.371319459191118e-16,4.389035682678534e-16,5.593410654555742e-16,5.619567561362547e-16
9.275186130253132e-06,0.00015497628217772674,0.00015497628424077092,1.4374572772267375e-11,1.4374574579649383e-11,1.4374572712694267e-11,1.4374574447417743e-11,3.3770543930490443e-18,3.507677171914284e-18,3.376268778262272e-18,3.506878529032864e-18,1.229112039706178e-16,1.2375936188350518e-16,4.39555995395476e-16,4.4133942326591994e-16,5.624785284317633e-16,5.65110153919764e-16
9.312532966987419e-06,0.0001556002778444754,0.00015560028480232635,1.4490563293073831e-11,1.4490565103824857e-11,1.4490562395830242e-11,1.4490564130553718e-11,3.3900808333355294e-18,3.5207466255926216e-18,3.3892923234166133e-18,3.519945087579058e-18,1.2362756885086833e-16,1.2447990898893277e-16,4.4199023573698686e-16,4.4378562794781075e-16,5.656291733581941e-16,5.682769454117519e-16
9.34997785861924e-06,0.00015622590808611614,0.0001562259181225878,1.4607326270475184e-11,1.4607328087589716e-11,1.4607325765636503e-11,1.460732750035998e-11,3.403089902829151e-18,3.533793331804114e-18,3.402298704573244e-18,3.532989312248713e-18,1.2434688511154445e-16,1.2520339423989615e-16,4.44434693413424e-16,4.462422617228646e-16,5.687929472953073e-16,5.714570776726589e-16
9.387520805148597e-06,0.00015685319301061984,0.00015685319517627638,1.472486538999452e-11,1.4724867211690092e-11,1.4724865424198263e-11,1.472486715892174e-11,3.4160811879396025e-18,3.546816876958455e-18,3.4152873013467047e-18,3.546010375861216e-18,1.2506923216198495e-16,1.2592991028062393e-16,4.468894478341261e-16,4.487093510608612e-16,5.71970114940899e-16,5.746507624607221e-16
9.425161806575488e-06,0.0001574821127227899,0.00015748211600569162,1.4843184346910857e-11,1.484318617065732e-11,1.4843183973600738e-11,1.484318744304769e-11,3.429054275076578e-18,3.559817674645951e-18,3.428257493351536e-18,3.559008278416568e-18,1.2579455706263065e-16,1.266594438762263e-16,4.493546313479914e-16,4.511870283106984e-16,5.751606762949692e-16,5.778580527155005e-16
9.46290157344265e-06,0.00015811267824676623,0.00015811268793211597,1.4962289085267673e-11,1.4962290913908325e-11,1.4962290087461305e-11,1.496229182218478e-11,3.4420085438546177e-18,3.5727948976859895e-18,3.441208866997432e-18,3.5719826063244624e-18,1.2652299216237955e-16,1.2739204796626246e-16,4.518305086528157e-16,4.53675452291054e-16,5.783650548739914e-16,5.810791072556718e-16
9.500740105750083e-06,0.00015874489145215054,0.00015874490371792227,1.5082183339146744e-11,1.5082185176093378e-11,1.5082183765779966e-11,1.5082185500503442e-11,3.454943787478569e-18,3.58574854607857e-18,3.4541416290795455e-18,3.584933773175205e-18,1.2725448452167244e-16,1.2812774902051202e-16,4.543173444463951e-16,4.561747818206054e-16,5.815834094966433e-16,5.84314190779032e-16
9.538677403497786e-06,0.00015937875958749181,0.00015937877428795488,1.520287085584752e-11,1.5202872703024412e-11,1.5202871947450625e-11,1.52028736821741e-11,3.4678602127435843e-18,3.598679033413999e-18,3.467055159212417e-18,3.5978617789687964e-18,1.2798917972429714e-16,1.28866613213424e-16,4.568154563660849e-16,4.586851757180303e-16,5.848162695585169e-16,5.875635150438179e-16
9.57671346668576e-06,0.0001600142770936397,0.00016001429051926142,1.5324355393097542e-11,1.532435725097249e-11,1.5324356367196756e-11,1.5324358101920232e-11,3.480756992469052e-18,3.61158594610197e-18,3.479949250600894e-18,3.610765796524624e-18,1.2872703806558424e-16,1.2960869348455756e-16,4.593251091096809e-16,4.612067398624472e-16,5.880638468178491e-16,5.908272388687071e-16
9.61484900585674e-06,0.00016065145293392424,0.0001606514578007534,1.5446642998180112e-11,1.544664486303099e-11,1.544664222918879e-11,1.5446643963912265e-11,3.493634540245277e-18,3.624468456961871e-18,3.4928243168352816e-18,3.623645825842687e-18,1.2946820512932156e-16,1.3035400306880254e-16,4.618464085563018e-16,4.637396860120927e-16,5.913263530328767e-16,5.941055210723772e-16
9.653083310467991e-06,0.00016129027606737179,0.00016129028334027629,1.5569735179517195e-11,1.5569737049009615e-11,1.5569734737597152e-11,1.5569736472320628e-11,3.506492649277108e-18,3.637326979584008e-18,3.505679117144662e-18,3.636501866922986e-18,1.3021261474106008e-16,1.3110262137549773e-16,4.643794605850658e-16,4.662840671065263e-16,5.94603894082718e-16,5.973985734130651e-16
9.691416380519513e-06,0.0001619307572990336,0.00016193077073350937,1.5693635724658792e-11,1.5693637602088986e-11,1.569363562714532e-11,1.5693637361868795e-11,3.519330492383931e-18,3.6501615139683804e-18,3.518514478709647e-18,3.649333506175215e-18,1.3096041248458762e-16,1.3185453516975334e-16,4.669242651959729e-16,4.688399360853069e-16,5.978965229069323e-16,6.0070644883033e-16
9.729848926554041e-06,0.000162572912923431,0.0001625729127003317,1.5818350747100774e-11,1.5818352629608435e-11,1.5818351836727196e-11,1.5818353571450672e-11,3.5321484831560525e-18,3.66297081934407e-18,3.531329574349625e-18,3.662140330009067e-18,1.3171150571567557e-16,1.3260982386090816e-16,4.69480769449464e-16,4.714073458879939e-16,6.012041865659603e-16,6.040291473241718e-16
9.768381659114311e-06,0.0001632167137896462,0.00016321671835223261,1.5943886392671225e-11,1.594388827685101e-11,1.5943885101066257e-11,1.5943886835789733e-11,3.5449457944128604e-18,3.675754895711077e-18,3.544124404064595e-18,3.6749219248342365e-18,1.3246597384366273e-16,1.3336840803962339e-16,4.720488674664206e-16,4.739863494541464e-16,6.045268321202429e-16,6.07366774773709e-16
9.807013157114852e-06,0.00016386218170902356,0.00016386218587877144,1.6070241869645984e-11,1.60702437571992e-11,1.6070242359056408e-11,1.6070244093779884e-11,3.5577224261543545e-18,3.688514156659708e-18,3.556898554264252e-18,3.687678290650723e-18,1.332237109894307e-16,1.3413034064545823e-16,4.746285063072836e-16,4.765770526628829e-16,6.078642478115433e-16,6.107194899976191e-16
9.845744841641135e-06,0.00016450931670172753,0.0001645093261680164,1.6197425682484664e-11,1.619742757531935e-11,1.6197425345421124e-11,1.61974270801446e-11,3.570478791970841e-18,3.701247361419043e-18,3.569652024948594e-18,3.70040901386822e-18,1.339848097972081e-16,1.3489554226907388e-16,4.772194742138161e-16,4.791795613933217e-16,6.112163807003022e-16,6.14087240056343e-16
9.884576002150425e-06,0.0001651581170074301,0.00016515812278794506,1.6325439372815124e-11,1.6325441271570318e-11,1.6325439264330832e-11,1.6325440999054308e-11,3.58321489186232e-18,3.713955337169695e-18,3.582385229707929e-18,3.713114508077035e-18,1.347491114483173e-16,1.3566403938024995e-16,4.798218241255773e-16,4.817939285850221e-16,6.14583071967842e-16,6.174701837685583e-16
9.92350663864272e-06,0.00016580859181916652,0.00016580859930204195,1.6454286819138922e-11,1.645428872305764e-11,1.6454287585232485e-11,1.645428931995596e-11,3.595930725828791e-18,3.726637256731052e-18,3.595098582132563e-18,3.725793532506248e-18,1.355167218218767e-16,1.3643573933475782e-16,4.824354501634489e-16,4.844202071775433e-16,6.179643216141627e-16,6.208682152551465e-16
9.962538172203494e-06,0.0001664607321507361,0.0001664607392691808,1.6583976631836392e-11,1.658397854145423e-11,1.6583977247019988e-11,1.6583978981743464e-11,3.6086267074605615e-18,3.739293533693419e-18,3.607791668632189e-18,3.738447327926778e-18,1.3628744239453931e-16,1.372106686023771e-16,4.850604052669899e-16,4.870582912917668e-16,6.213601296392644e-16,6.242812815765485e-16
1.0001669181747275e-05,0.00016711454718179586,0.0001671145572074706,1.6714508006227698e-11,1.67145099225542e-11,1.6714508249693338e-11,1.6714509984416814e-11,3.6213028367576304e-18,3.7519237544664915e-18,3.6204653163874205e-18,3.751075067158012e-18,1.3706143198498273e-16,1.3798872130398938e-16,4.876969011944374e-16,4.897081279881335e-16,6.247706548618247e-16,6.277092239140867e-16
1.0040901088359533e-05,0.0001677700369537849,0.0001677700458534992,1.6845889613534618e-11,1.684589153728591e-11,1.6845889266869918e-11,1.6845891001593394e-11,3.6339599409006105e-18,3.764528746230881e-18,3.633119525398257e-18,3.763677577380564e-18,1.3783846560008035e-16,1.3876997684893346e-16,4.903451497040279e-16,4.923695584479657e-16,6.281959502214027e-16,6.311519893282018e-16
1.0080233181497533e-05,0.0001684272050944402,0.00016842721438409258,1.6978123025904413e-11,1.6978124956809966e-11,1.6978122033273202e-11,1.6978123767996678e-11,3.646597606299196e-18,3.777108508986587e-18,3.645754295664698e-18,3.776254445004126e-18,1.3861871529339956e-16,1.3955430288831134e-16,4.9300520373532085e-16,4.950425297317043e-16,6.316363333553536e-16,6.346093131210978e-16
1.0119665461161276e-05,0.00016908605156043532,0.00016908605928239728,1.711121219717077e-11,1.7111214134784388e-11,1.711121175307362e-11,1.7111213487797095e-11,3.6592154193630796e-18,3.7896626291433046e-18,3.6583700407770504e-18,3.788806083619006e-18,1.3940199577648318e-16,1.4034181853613123e-16,4.956773279861122e-16,4.977269888997899e-16,6.350918042636775e-16,6.380813541114524e-16
1.0159198637893496e-05,0.00016974658176371893,0.0001697465897841366,1.7245163500929242e-11,1.7245165444766326e-11,1.7245163630441596e-11,1.724516536516507e-11,3.671814620863181e-18,3.802191520291339e-18,3.670965933554702e-18,3.801332493225203e-18,1.401885055726782e-16,1.411323914434951e-16,4.983616283355202e-16,5.00422988891782e-16,6.385626276441704e-16,6.415679534805879e-16
1.0198832711694195e-05,0.0001704087956873046,0.0001704088023742889,1.7379980934265224e-11,1.737998288393145e-11,1.737997940010061e-11,1.737998286954756e-11,3.684393556438275e-18,3.8146951824306906e-18,3.683542801178264e-18,3.813833673822717e-18,1.4097807262841721e-16,1.419262068988602e-16,5.010581047835451e-16,5.031307414659172e-16,6.420487505572731e-16,6.450695876845372e-16
1.0238566972020635e-05,0.0001710726915358507,0.0001710726953159658,1.7515666077365075e-11,1.7515668031190323e-11,1.7515666000944563e-11,1.7515669470391515e-11,3.696953053268974e-18,3.827173615561359e-18,3.696099402876819e-18,3.826309625411548e-18,1.4177092193682684e-16,1.4272313255332848e-16,5.037669161488643e-16,5.058504583804323e-16,6.455504377007816e-16,6.485862567233002e-16
1.027840283995829e-05,0.00017173827663485852,0.00017173827954430898,1.7652227801921352e-11,1.7652229758411446e-11,1.7652228637143885e-11,1.765223037186736e-11,3.709492284174665e-18,3.839626406093039e-18,3.708636152240673e-18,3.8387599344013896e-18,1.4256693438389887e-16,1.4352338016513679e-16,5.064880094919188e-16,5.085824043331235e-16,6.490676361351367e-16,6.5211848999246905e-16
1.0318339604964422e-05,0.00017240554739036962,0.0001724055550337278,1.7789667712205424e-11,1.7789669672909968e-11,1.7789667308698576e-11,1.7789669043422052e-11,3.722010835565043e-18,3.852053554025729e-18,3.721151808498906e-18,3.851184187201936e-18,1.4336630849298032e-16,1.443268173853871e-16,5.092215965709452e-16,5.113268440217866e-16,6.526006634976936e-16,6.556664463107213e-16
1.0358377267039032e-05,0.00017307451290418663,0.0001730745198959549,1.7927989851281317e-11,1.7927991817845424e-11,1.7927990689226014e-11,1.792799242394949e-11,3.7345082938498e-18,3.8644550593594305e-18,3.73364637165152e-18,3.8635832109938e-18,1.4416896485473237e-16,1.4513369567698562e-16,5.119677832650621e-16,5.140839362650993e-16,6.561495727280115e-16,6.592304962549714e-16
1.0398517247267591e-05,0.00017374517132376366,0.00017374517949930723,1.8067203203959167e-11,1.806720517661143e-11,1.8067202248173153e-11,1.806720398289663e-11,3.746983831848325e-18,3.87683009491353e-18,3.746119428108207e-18,3.8759557650060616e-18,1.4497508875761225e-16,1.4594385622125475e-16,5.147266754533877e-16,5.168539457608577e-16,6.597146285238864e-16,6.628106927647785e-16
1.0438757414021893e-05,0.00017441752258104404,0.00017441752466357263,1.8207304452562732e-11,1.820730642934286e-11,1.8207305454986944e-11,1.820730718971042e-11,3.759437449560617e-18,3.889179074278334e-18,3.758570150688355e-18,3.888301849238722e-18,1.4578461402717095e-16,1.4675756371599052e-16,5.174983260754814e-16,5.196368725090617e-16,6.632958308853184e-16,6.664074064170571e-16
1.0479099898930144e-05,0.000175091573874242,0.0001750915789557328,1.8348305107053173e-11,1.8348307086723443e-11,1.8348305513837815e-11,1.834830724856129e-11,3.7718691469866764e-18,3.901501583863537e-18,3.770998952982271e-18,3.9006218772820866e-18,1.4659767301230647e-16,1.475746328727357e-16,5.202827880709023e-16,5.22432875328389e-16,6.668933915705442e-16,6.700205313326887e-16
1.051954399144961e-05,0.00017576731967250403,0.0001757673259352166,1.849020680257199e-11,1.849020878683032e-11,1.8490205894172718e-11,1.849020936361967e-11,3.784278510536197e-18,3.913798037259444e-18,3.7834058349899535e-18,3.91291543554585e-18,1.474141730687902e-16,1.483953019195067e-16,5.230800614396504e-16,5.252417954001618e-16,6.705072576400047e-16,6.736501733907918e-16
1.0560089691580288e-05,0.00017644476900990913,0.0001764447764514565,1.863301365987316e-11,1.8633015649687977e-11,1.8633013534885556e-11,1.8633015269609032e-11,3.796666780980097e-18,3.926068020875749e-18,3.79579121030171e-18,3.925182937620317e-18,1.4823422007574058e-16,1.4921935909806673e-16,5.258901461817258e-16,5.280636856639395e-16,6.741374290936998e-16,6.772961737726887e-16
1.0600737709864916e-05,0.00017712392185606496,0.00017712392680652167,1.8776732325985083e-11,1.8776734320837003e-11,1.8776731905423283e-11,1.877673364014676e-11,3.8090335447280714e-18,3.938312361893065e-18,3.808155492507846e-18,3.937424797095796e-18,1.4905772138892897e-16,1.500470029317628e-16,5.287128834784507e-16,5.308983873010445e-16,6.77783747112952e-16,6.809585854179387e-16
1.0641584680115557e-05,0.00017780640912867796,0.0001778064169632998,1.892171061269292e-11,1.892171261276716e-11,1.8921711419928045e-11,1.892171315465152e-11,3.8214094074627835e-18,3.950560011632832e-18,3.820528873700721e-18,3.949669551703418e-18,1.4988671518138472e-16,1.508799936609384e-16,5.315549966538441e-16,5.337526236354954e-16,6.814549467250297e-16,6.846458786560143e-16
1.0682437334708084e-05,0.00017848897451716583,0.00017848898147188041,1.9067266735102877e-11,1.906726874121895e-11,1.9067265127903354e-11,1.906726686262683e-11,3.833736052951049e-18,3.962752653861863e-18,3.832852624056842e-18,3.961859712390612e-18,1.5071712510704915e-16,1.517145461071105e-16,5.344029331807499e-16,5.366125774423404e-16,6.851333461171591e-16,6.883404775532599e-16
1.0723391596911824e-05,0.0001791732508120425,0.00017917325674521312,1.9213744660667934e-11,1.9213746672062148e-11,1.921374344349136e-11,1.9213745178214836e-11,3.846043673285225e-18,3.974919653491906e-18,3.845157349258875e-18,3.974024230478817e-18,1.515509893389516e-16,1.525523808059532e-16,5.372633634436277e-16,5.394850249851573e-16,6.888276803166087e-16,6.920507465600298e-16
1.0764448177269514e-05,0.00017985923624497246,0.00017985924105773377,1.9361151122226712e-11,1.9361153138032836e-11,1.936115157086249e-11,1.9361153305585965e-11,3.858332268465313e-18,3.987061010522959e-18,3.8574430493068185e-18,3.986163105968033e-18,1.5238817552819408e-16,1.5339369628081354e-16,5.401363403820367e-16,5.423698074452686e-16,6.925378963838194e-16,6.957768974345606e-16
1.0805607075781154e-05,0.0001805469326648934,0.0001805469363226897,1.9509490331518013e-11,1.9509492350810522e-11,1.9509491244740218e-11,1.9509492979463694e-11,3.870602252081618e-18,3.9991771385453296e-18,3.86971013779098e-18,3.998276338858259e-18,1.5322872337944596e-16,1.5423821459900568e-16,5.430219698750953e-16,5.452669248226744e-16,6.962641531374687e-16,6.995186654790565e-16
1.0846869002989479e-05,0.00018123634009439837,0.000181236353534453,1.9658769082175848e-11,1.965877110852326e-11,1.965876940401845e-11,1.9658771138741926e-11,3.882853210543835e-18,4.011268037559017e-18,3.881958614711359e-18,4.010364756330109e-18,1.5407254024847866e-16,1.5508613428387663e-16,5.459203048623627e-16,5.481765359360521e-16,7.000063446984382e-16,7.03276209512195e-16
1.0888233958894489e-05,0.00018192747310746826,0.0001819274800097248,1.9808991633369752e-11,1.9808993668131753e-11,1.9808991252867614e-11,1.980899298759109e-11,3.895085143851963e-18,4.023333293973716e-18,3.894187652887343e-18,4.02242753120297e-18,1.5491965260507176e-16,1.5593721710741e-16,5.488314512229573e-16,5.510987466645202e-16,7.037646298854055e-16,7.070495295339761e-16
1.0929701232953448e-05,0.00018262032082921875,0.0001826203248785352,1.996015966615737e-11,1.996016170546069e-11,1.996016026073466e-11,1.9960161995458137e-11,3.907296811235083e-18,4.0353737349700375e-18,3.9063968387286255e-18,4.034465077067148e-18,1.5577000750966607e-16,1.5679168806273237e-16,5.517554618964383e-16,5.54033609947638e-16,7.075390616379299e-16,7.10838943181755e-16
1.0971271535709093e-05,0.00018331488511713623,0.00018331488817779906,2.011228003915876e-11,2.011228208141772e-11,2.0112279897066543e-11,2.011228163179002e-11,3.919488212693196e-18,4.04738853336737e-18,3.9185853450545944e-18,4.046477393922643e-18,1.566236579018208e-16,1.5764930892182735e-16,5.546924957014834e-16,5.569813375436421e-16,7.113298517142481e-16,7.146443975159726e-16
1.1012944867161423e-05,0.00018401117145552814,0.0001840111790166743,2.026535704422506e-11,2.0265359090910482e-11,2.0265357100757164e-11,2.026535883548064e-11,3.9316581074553824e-18,4.05937810275602e-18,3.930752344684637e-18,4.058464481769455e-18,1.5748057731175633e-16,1.5851033114760115e-16,5.576427114567701e-16,5.599421412107695e-16,7.151370530539194e-16,7.184662631135432e-16
1.1054721937853174e-05,0.0001847091889228547,0.0001847091864758399,2.0419397609835216e-11,2.0419399658657172e-11,2.0419397075976953e-11,2.041939881070043e-11,3.9438064955216425e-18,4.071342443135987e-18,3.942897837618753e-18,4.070425927017278e-18,1.5834083191392168e-16,1.5937455621670675e-16,5.606062150414169e-16,5.629161268281386e-16,7.189608774151805e-16,7.223044870349076e-16
1.1096601326698874e-05,0.00018540892654517194,0.00018540893051055551,2.057440081460045e-11,2.057440286405829e-11,2.0574401557449384e-11,2.057440329217286e-11,3.955932136121057e-18,4.083280727326659e-18,3.95502099667633e-18,4.082361729666112e-18,1.5920444817809644e-16,1.6024227529671978e-16,5.635831123345422e-16,5.659034002748677e-16,7.228014306771499e-16,7.261595457360988e-16
1.1138585165326731e-05,0.00018611039332921964,0.0001861103964830857,2.0730378886327827e-11,2.07303809387746e-11,2.0730377484068363e-11,2.0730380953515315e-11,3.968035442843933e-18,4.095193368918341e-18,3.967121408267062e-18,4.094271476125651e-18,1.6007149227872963e-16,1.6111327662940341e-16,5.665733503965866e-16,5.689040674300753e-16,7.266587657793868e-16,7.30031280398439e-16
1.1180672032651273e-05,0.00018681359283573284,0.00018681359156469401,2.0887330909606464e-11,2.088733296284566e-11,2.0887330060004317e-11,2.0887331794727793e-11,3.980116002099964e-18,4.1070791271401156e-18,3.979199485981255e-18,4.1061547528055876e-18,1.6094203039027023e-16,1.6198786461722308e-16,5.695768762879912e-16,5.719180753542021e-16,7.305328827218911e-16,7.339199557197243e-16
1.1222862639215236e-05,0.00018751851955600696,0.00018751852294940363,2.1045263898388236e-11,2.104526595252287e-11,2.1045262754704197e-11,2.1045264489427673e-11,3.9921738138891494e-18,4.118938415582288e-18,3.991254402638297e-18,4.118011559705923e-18,1.6181611545227747e-16,1.6286588044150117e-16,5.725935311900782e-16,5.749452652285705e-16,7.3442367562554455e-16,7.378252011230402e-16
1.126515698501862e-05,0.00018822517892652657,0.00018822518696037793,2.1204182237558865e-11,2.1204184296526575e-11,2.1204180772338432e-11,2.1204184241785384e-11,4.00420887821149e-18,4.130770820654553e-18,4.003286571828493e-18,4.12984148323635e-18,1.6269380040431053e-16,1.637475755651439e-16,5.756232092237292e-16,5.779855311740622e-16,7.383310915507878e-16,7.417472283666236e-16
1.1307555070061426e-05,0.00018893358003208016,0.0001889335836219308,2.1364090328928523e-11,2.1364092392824462e-11,2.1364091051800926e-11,2.1364092786524402e-11,4.016221608657291e-18,4.14257634235691e-18,4.015296820732457e-18,4.141644109806563e-18,1.6357512495103883e-16,1.6463279116947364e-16,5.786656456911482e-16,5.810386614324404e-16,7.422549187393842e-16,7.456856668735601e-16
1.1350057604886388e-05,0.00018964371741861386,0.0001896437184415456,2.1524995276616905e-11,2.152499734247339e-11,2.152499359309168e-11,2.1524995327815155e-11,4.02821241881686e-18,4.154354153508746e-18,4.0272847357598815e-18,4.153419439416561e-18,1.6446010232735217e-16,1.6552173901272722e-16,5.817207876527761e-16,5.841045501245865e-16,7.461951042517744e-16,7.496405695834089e-16
1.139266387895077e-05,0.0001903555911040855,0.00019035558965818655,2.1686898823448846e-11,2.168690088912512e-11,2.1686898804551547e-11,2.1686900539275022e-11,4.040181308690196e-18,4.166105494880981e-18,4.0392507305010736e-18,4.165167885656652e-18,1.6534873253325053e-16,1.6641424704133724e-16,5.84788423350376e-16,5.871831443109415e-16,7.501514363297216e-16,7.53611724737933e-16
1.143537460279731e-05,0.00019106920477618416,0.00019106920821498896,2.1849808114699497e-11,2.1849810181226953e-11,2.184980668618053e-11,2.1849808420904004e-11,4.052129519048218e-18,4.1778299528833074e-18,4.051196045726952e-18,4.176889862117141e-18,1.6624102880362373e-16,1.673105005437609e-16,5.878685527839478e-16,5.902744439915052e-16,7.541239149732259e-16,7.575993440953695e-16
1.147818906588327e-05,0.00019178456578869407,0.00019178457047608344,2.2013724900971205e-11,2.2013726970977848e-11,2.2013725911596005e-11,2.201372764631948e-11,4.064057049890926e-18,4.189527941106032e-18,4.0631210950278226e-18,4.188584955207722e-18,1.6713695143380237e-16,1.6821028776176138e-16,5.909610700743733e-16,5.933784491662778e-16,7.5811238136360955e-16,7.616031629579221e-16
1.1521108689294124e-05,0.000192501670597367,0.0001925016746037178,2.2178659106447843e-11,2.2178661180185807e-11,2.2178659950244928e-11,2.2178661684968404e-11,4.07596514198924e-18,4.201199873139462e-18,4.075025878403686e-18,4.200254405699314e-18,1.6803651365867624e-16,1.691137542791265e-16,5.940660281612115e-16,5.964951068957e-16,7.621169943195503e-16,7.656233401442687e-16
1.1564132762487134e-05,0.00019322052473902396,0.00019322052601766782,2.2344612506091055e-11,2.234461458210284e-11,2.234461227157425e-11,2.2344614006297725e-11,4.087853381752852e-18,4.2128465761642085e-18,4.08691163662546e-18,4.2118982135919164e-18,1.6893960959912693e-16,1.7002070157250924e-16,5.971836388026994e-16,5.996244171797718e-16,7.661377009014888e-16,7.696596638961722e-16
1.16072612854623e-05,0.0001939411300680982,0.00019394113014087333,2.251158960933558e-11,2.2511591685930213e-11,2.2511589814477873e-11,2.251159154920135e-11,4.099722596362375e-18,4.224468050180272e-18,4.098778369693146e-18,4.2235172060661425e-18,1.6984627895982385e-16,1.709312619908076e-16,6.00313954938396e-16,6.027663800184933e-16,7.701748187467804e-16,7.737122400927512e-16
1.165049496876236e-05,0.0001946634756385679,0.00019466347967933562,2.2679597693856245e-11,2.2679599772229312e-11,2.2679597783126226e-11,2.2679599517849702e-11,4.11157278581781e-18,4.2360647087779594e-18,4.1106252504261304e-18,4.235110969531686e-18,1.707563761569792e-16,1.718451973060052e-16,6.0345729420565675e-16,6.059208895327459e-16,7.742282949158659e-16,7.777807510966504e-16
1.1693833812387311e-05,0.00019538758318271565,0.00019538758375814425,2.2848641312296267e-11,2.2848643392669942e-11,2.2848639646966262e-11,2.2848641381689738e-11,4.123403122938543e-18,4.24763655195727e-18,4.122453106005026e-18,4.246680744759465e-18,1.7166999383482157e-16,1.7276267957166942e-16,6.066137624835999e-16,6.090878927829705e-16,7.782983941065412e-16,7.818653027869883e-16
1.173727710579442e-05,0.00019611344893588623,0.00019611344789505214,2.301872225437141e-11,2.3018724334542896e-11,2.3018722344891884e-11,2.301872407961536e-11,4.1352136077245754e-18,4.25918399330851e-18,4.134260695658914e-18,4.258225290978561e-18,1.7258697317467335e-16,1.7368349702956345e-16,6.097833068326663e-16,6.122673368296079e-16,7.82385010439688e-16,7.859655775264095e-16
1.178082555952642e-05,0.00019684106733913742,0.00019684106489714637,2.3189847870079244e-11,2.3189849948734015e-11,2.3189849346350044e-11,2.318985108107352e-11,4.147003412995294e-18,4.270706619241374e-18,4.146047605797489e-18,4.269745435369587e-18,1.7350742005565296e-16,1.746077952634751e-16,6.129658743132967e-16,6.154591687330989e-16,7.86488090975747e-16,7.90081787073151e-16
1.1824479884126049e-05,0.00019757044198209783,0.00019757044574453264,2.3362025550616633e-11,2.3362027629847835e-11,2.3362024120787694e-11,2.3362027590234646e-11,4.158772125160392e-18,4.282204429755861e-18,4.157813422830443e-18,4.2812403507519304e-18,1.7443121536375218e-16,1.7553541545472677e-16,6.161613061068136e-16,6.186635473121212e-16,7.906073710169223e-16,7.942138784876535e-16
1.186823936905057e-05,0.00019830158197009506,0.0001983015795499199,2.353525710925839e-11,2.3535259189076958e-11,2.3535255341822214e-11,2.3535258811269166e-11,4.1705189170392575e-18,4.293676597671359e-18,4.169557733167471e-18,4.2927096235352844e-18,1.7535850468275882e-16,1.7646654289177566e-16,6.1936939045498e-16,6.218805255062338e-16,7.947427976236546e-16,7.983620635281538e-16
1.1912104014299985e-05,0.00019903448553898473,0.00019903448267166723,2.370954716571922e-11,2.3709549243218448e-11,2.3709546478900556e-11,2.3709549948347508e-11,4.182243375041584e-18,4.305122295807255e-18,4.181278882447347e-18,4.304152840129343e-18,1.7628915566377489e-16,1.7740103199083396e-16,6.225899155995593e-16,6.251102091945552e-16,7.988940531585887e-16,8.025262892550928e-16
1.1956073819874291e-05,0.00019976914912528398,0.00019976914414554514,2.3884900348504366e-11,2.388490242255326e-11,2.3884902736193148e-11,2.3884904470916624e-11,4.193944671986759e-18,4.31654152416355e-18,4.1929772842603785e-18,4.3155695869438e-18,1.7722340653481678e-16,1.783390945101385e-16,6.258227756614329e-16,6.283526513166447e-16,8.030611905612839e-16,8.067068203662664e-16
1.2000150206858962e-05,0.0002005055800732014,0.0002005055839139347,2.4061326987147732e-11,2.4061329060694594e-11,2.4061329317870417e-11,2.4061331052593893e-11,4.2056223942844766e-18,4.327933869149936e-18,4.204652111425952e-18,4.3269590367980426e-18,1.781611249469865e-16,1.7928061133568106e-16,6.290677588823641e-16,6.31607798932943e-16,8.07243945133944e-16,8.109035509825562e-16
1.2044333175253996e-05,0.00020124377480595923,0.00020124378373220786,2.4238831777641246e-11,2.423883385682894e-11,2.4238831428102792e-11,2.4238833162826268e-11,4.21727612834443e-18,4.339298089995496e-18,4.2163033639440676e-18,4.338320776101765e-18,1.7910256236319024e-16,1.8022580746058825e-16,6.3232486526235295e-16,6.348755461643317e-16,8.11442528634806e-16,8.151165340435215e-16
1.2088621303973923e-05,0.00020198375336738517,0.00020198374902657967,2.4417413704352836e-11,2.441741578557134e-11,2.4417412536337224e-11,2.44174142710607e-11,4.2289062877569255e-18,4.3506350138808416e-18,4.227930628224419e-18,4.349654804854966e-18,1.8004758643453003e-16,1.8117460347552127e-16,6.355940418618401e-16,6.3815578713169235e-16,8.156568351847513e-16,8.193456107304846e-16
1.2133014593018743e-05,0.00020272549393562933,0.0002027254961571856,2.4597077450299177e-11,2.4597079530576875e-11,2.4597079581467618e-11,2.4597081316191094e-11,4.240512872521963e-18,4.36194381362536e-18,4.239534317857313e-18,4.360961123057647e-18,1.8099646185880185e-16,1.8212717143404754e-16,6.388753945599441e-16,6.414483630163474e-16,8.198870765420169e-16,8.235908339830047e-16
1.2177515884559398e-05,0.00020346900921713873,0.0002034690142114215,2.4777839250369306e-11,2.4777841333858146e-11,2.47778377676644e-11,2.4777839502387877e-11,4.25209629622985e-18,4.3732249028193585e-18,4.2511148464330555e-18,4.372239730709808e-18,1.8194900334754852e-16,1.8308345839660784e-16,6.421688174775464e-16,6.447531149996193e-16,8.241331468274843e-16,8.278518861637267e-16
1.2222122336424945e-05,0.0002042143082825465,0.00020421430864703272,2.495969231315367e-11,2.4959694399032866e-11,2.4959692299098002e-11,2.4959694033821478e-11,4.2636565588805845e-18,4.384479108643449e-18,4.262672627541953e-18,4.383491041401754e-18,1.8290547559856603e-16,1.840435834772104e-16,6.454744164937655e-16,6.480698842628303e-16,8.283952577993903e-16,8.321288731517689e-16
1.2266835369700857e-05,0.00020496137839870476,0.0002049613794631311,2.51426471740964e-11,2.5142649260614504e-11,2.5142648379938848e-11,2.5142650114662324e-11,4.275195314835393e-18,4.395706017507325e-18,4.274208074774311e-18,4.3947154687237924e-18,1.8386564038383799e-16,1.8500745403162659e-16,6.48792085729483e-16,6.513986178664213e-16,8.32673144759939e-16,8.364215302493353e-16
1.2311654984387133e-05,0.00020571023051096926,0.00020571023577564684,2.5326708606835644e-11,2.532671069619043e-11,2.532670947963389e-11,2.5326711214357367e-11,4.2867117369136624e-18,4.406906870181905e-18,4.285722015310743e-18,4.405913426266229e-18,1.848297624011604e-16,1.8597518917386462e-16,6.521218781242581e-16,6.547392099312739e-16,8.369671253464855e-16,8.407299103959851e-16
1.2356581180483772e-05,0.0002064608664681944,0.0002064608685350411,2.5511881402118175e-11,2.5511883494766735e-11,2.5511882537077035e-11,2.551188427180051e-11,4.298207479476618e-18,4.418081253076884e-18,4.2972148627415545e-18,4.41708532761937e-18,1.8579755048295764e-16,1.869466565550265e-16,6.554638466176499e-16,6.580915545782696e-16,8.412769348612337e-16,8.450538018334815e-16
1.2401615379076247e-05,0.0002072132862660503,0.00020721328871620148,2.5698176241586253e-11,2.5698178336269008e-11,2.569817275643871e-11,2.569817622588566e-11,4.309682128933954e-18,4.429229993372874e-18,4.308686617066746e-18,4.428231172783216e-18,1.8676925609213593e-16,1.8792194881934082e-16,6.588180970887769e-16,6.614557047469676e-16,8.456029438810983e-16,8.4939325750138365e-16
1.2446754737993615e-05,0.0002079674916780072,0.00020796748727069936,2.588558618309834e-11,2.5885588276897647e-11,2.5885587076612815e-11,2.588558881133629e-11,4.321135685285669e-18,4.440352677479568e-18,4.320137278286318e-18,4.439350961757766e-18,1.8774457482622985e-16,1.8890090714812998e-16,6.621847354167576e-16,6.64831660437368e-16,8.499449406478422e-16,8.537482773996916e-16
1.2492002099406818e-05,0.00020872348445344358,0.0002087234824060813,2.6074127855044742e-11,2.607412994592348e-11,2.607412723232283e-11,2.6074128967046306e-11,4.332567734941458e-18,4.451448891806661e-18,4.331566432809963e-18,4.450444694543021e-18,1.8872370520858642e-16,1.8988358448095318e-16,6.655637086620326e-16,6.682196334077076e-16,8.543031369197024e-16,8.581189674075238e-16
1.2537356042230385e-05,0.00020948126817049717,0.00020948126500996977,2.6263800199435244e-11,2.6263802287952e-11,2.6263800162462658e-11,2.6263801897186134e-11,4.343977864311015e-18,4.462519049944458e-18,4.3429736670473755e-18,4.4615119575486745e-18,1.8970636930651982e-16,1.90869874938692e-16,6.689550697641612e-16,6.716196236579864e-16,8.586771621197644e-16,8.625053275248802e-16
1.2582817987549788e-05,0.00021024083734710874,0.00021024083870013754,2.6454614033539105e-11,2.6454616121234135e-11,2.6454612805926203e-11,2.645461454064968e-11,4.35536483262342e-18,4.473561911122041e-18,4.3543577402276365e-18,4.47255233718442e-18,1.9069276564337705e-16,1.9185979175623626e-16,6.723586599044658e-16,6.750317900068819e-16,8.63067228006265e-16,8.6690741069132e-16
1.2628386514279555e-05,0.0002110022065435202,0.0002110022052791427,2.664656828259169e-11,2.6646570370327116e-11,2.664656689743694e-11,2.6646568632160417e-11,4.366727812698061e-18,4.484577888929716e-18,4.3657178251701335e-18,4.483565419859951e-18,1.916826162864723e-16,1.9285324228935735e-16,6.7577442614338715e-16,6.784560795148351e-16,8.674729110627307e-16,8.713252698464024e-16
1.2674063043505157e-05,0.00021176536851524874,0.0002117653665680841,2.6839673837569778e-11,2.6839675923838284e-11,2.683967111061225e-11,2.6839674580059203e-11,4.378065563764019e-18,4.495565742596564e-18,4.377052267513641e-18,4.494550791984961e-18,1.926761329940424e-16,1.9385026624272467e-16,6.792023155413661e-16,6.818926510005234e-16,8.718943701078389e-16,8.757589049901275e-16
1.2719846154141123e-05,0.00021253033420987055,0.00021253032984169806,2.703392960857207e-11,2.7033931691949217e-11,2.7033930649622562e-11,2.7033932384346038e-11,4.389376845050375e-18,4.506525472122585e-18,4.388360653667854e-18,4.505507626378839e-18,1.936730907729607e-16,1.948508239116688e-16,6.826422222192842e-16,6.853414515243877e-16,8.763312875042346e-16,8.802082631829359e-16
1.2765738688358397e-05,0.00021329709091422178,0.00021329709144263242,2.7229352605353678e-11,2.722935468696866e-11,2.7229348983914825e-11,2.7229352453361777e-11,4.4006612429668236e-18,4.517455836736861e-18,4.3996425700424645e-18,4.5164350958609705e-18,1.9467371461635386e-16,1.9585492853107958e-16,6.860940402980231e-16,6.888024281468687e-16,8.80783769131036e-16,8.846734503039461e-16
1.2811737803986034e-05,0.0002140656513759387,0.0002140656513281991,2.7425935687329172e-11,2.7425937769165256e-11,2.7425933052382945e-11,2.7425936521829897e-11,4.411918757513364e-18,4.5283560092587784e-18,4.410896775866555e-18,4.52733278684105e-18,1.9567781923576463e-16,1.9686260657073658e-16,6.895577168380235e-16,6.922756338075258e-16,8.852516032300064e-16,8.89154413413599e-16
1.2857844922109507e-05,0.00021483601561633758,0.00021483601490590587,2.7623689885562847e-11,2.762369196704936e-11,2.762368805919735e-11,2.76236915286443e-11,4.423148147919078e-18,4.539225989688338e-18,4.4221232711401245e-18,4.538200285728772e-18,1.9668565609409923e-16,1.978738977353092e-16,6.9303319889972635e-16,6.95760856748122e-16,8.897349486198234e-16,8.936509936932169e-16
1.2904060042728815e-05,0.00021560818549354321,0.00021560818577837093,2.7822620192304598e-11,2.7822622273594416e-11,2.782262094325194e-11,2.7822622677975417e-11,4.434349827774271e-18,4.550065364435233e-18,4.433322055863174e-18,4.549036351753217e-18,1.9769707960756987e-16,1.9888884172946687e-16,6.965203806040131e-16,6.992579381499798e-16,8.942336464818094e-16,8.981630323241221e-16
1.295038316584396e-05,0.00021638216104824526,0.0002163821639525887,2.8022731612378687e-11,2.802273369514583e-11,2.8022733439270198e-11,2.8022735173993674e-11,4.445523797078943e-18,4.560872892728544e-18,4.444493130035702e-18,4.5598413985046906e-18,1.9871236770886236e-16,1.9990751796254838e-16,7.000192090113246e-16,7.027667721339807e-16,8.987478026950828e-16,9.026906351854332e-16
1.299681571254041e-05,0.00021715795140964111,0.00021715794946852718,2.822403532754354e-11,2.8224037410757938e-11,2.8224034220869498e-11,2.8224035955592974e-11,4.456669642242789e-18,4.5716485745682725e-18,4.455635666477098e-18,4.570614185212275e-18,1.9973136157929908e-16,2.0093000584389252e-16,7.0352973706122e-16,7.062870410627696e-16,9.032774172596436e-16,9.072333787606764e-16
1.3043354840647226e-05,0.00021793554386606573,0.000217935546047765,2.8426524046694322e-11,2.8426526130020685e-11,2.8426526757496795e-11,2.842652849222027e-11,4.467787363265808e-18,4.5823924099544175e-18,4.466750492367973e-18,4.581355539056582e-18,2.0075433915156586e-16,2.0195631860838912e-16,7.070519118141402e-16,7.09818639057228e-16,9.078227019337286e-16,9.117913689289702e-16
1.3090004813420819e-05,0.00021871495297109966,0.00021871495379721662,2.863022138458462e-11,2.8630223469314128e-11,2.8630217988045992e-11,2.8630221457492944e-11,4.478876960148e-18,4.593104398886979e-18,4.477837194118021e-18,4.592064632857e-18,2.017811416069851e-16,2.0298656213515656e-16,7.105858920887628e-16,7.133616190569151e-16,9.12383444959101e-16,9.16364711569433e-16
1.3136761367604777e-05,0.0002194961768987591,0.00021949617463890014,2.8835113808962354e-11,2.8835115893021493e-11,2.8835114851410992e-11,2.8835116586134468e-11,4.4899384328893656e-18,4.603784127775651e-18,4.4888957717272425e-18,4.6027418802038345e-18,2.0281199393868337e-16,2.0402070995441526e-16,7.141316778850877e-16,7.169160340013902e-16,9.169601757313527e-16,9.209533008029463e-16
1.3183739611122292e-05,0.00022028109955174457,0.00022028109618199565,2.9041713448827965e-11,2.9041715530242414e-11,2.9041715213229402e-11,2.9041716947952878e-11,4.500998251269506e-18,4.614457239219423e-18,4.499952694975239e-18,4.613412096515462e-18,2.0384921225237586e-16,2.0506131639989677e-16,7.176978983512651e-16,7.2049061891792175e-16,9.215636939205614e-16,9.255684656951798e-16
1.3230715012468863e-05,0.00022106596221838082,0.00022106595971704834,2.924903800242578e-11,2.924904008108227e-11,2.924903722001382e-11,2.924904068946077e-11,4.512003062138911e-18,4.625073275200929e-18,4.5109546107125e-18,4.624025237364824e-18,2.0488803198773426e-16,2.0610339191814617e-16,7.2126761282835e-16,7.240684860871239e-16,9.261721884283353e-16,9.3018850102686e-16
1.3277799837396742e-05,0.00022185264881635636,0.00022185264726548581,2.9457585455004476e-11,2.9457587531752996e-11,2.94575822068488e-11,2.945758567629575e-11,4.522979335277184e-18,4.635656637548238e-18,4.521928402308935e-18,4.634606118170296e-18,2.059307427806941e-16,2.0714942466844603e-16,7.24849344585374e-16,7.276584764153837e-16,9.30796776562107e-16,9.34824629984538e-16
1.3324992664820456e-05,0.0002226411575261822,0.0002226411514415494,2.966735464994081e-11,2.966735672308592e-11,2.966735537790477e-11,2.966735537790477e-11,4.533926657094017e-18,4.646208153441965e-18,4.532872828993624e-18,4.6451547389318785e-18,2.069774505103738e-16,2.0819936171123714e-16,7.284433583201332e-16,7.312606428422602e-16,9.354375642009949e-16,9.394767466890954e-16
1.3372294915825478e-05,0.00022343148466463791,0.00022343148122461187,2.987835705081464e-11,2.9878359119454374e-11,2.987835673318173e-11,2.9878360202628684e-11,4.544844613999104e-18,4.6567274092918016e-18,4.5437874771762614e-18,4.6556710996495714e-18,2.0802802282787535e-16,2.092532030465195e-16,7.320496540326276e-16,7.348751441864311e-16,9.400944454658806e-16,9.441451687778875e-16
1.3419706590411806e-05,0.00022422364105534331,0.00022422364015861618,3.009059784229002e-11,3.009059990887362e-11,3.009059668102054e-11,3.0090600150467495e-11,4.555731965221527e-18,4.667213577917136e-18,4.5546719332665404e-18,4.6661547867330685e-18,2.0908248620297835e-16,2.103108560300645e-16,7.356683905415347e-16,7.385019275083372e-16,9.447677379941194e-16,9.488296844926774e-16
1.3467227688579442e-05,0.00022501762477017406,0.00022501762636695233,3.030408222523249e-11,3.030408429214877e-11,3.0304082160315104e-11,3.0304085629762056e-11,4.566588710761286e-18,4.677666659317969e-18,4.565525370083849e-18,4.6766053865920634e-18,2.101407347565644e-16,2.1137234713165175e-16,7.392994619677363e-16,7.421408869288601e-16,9.49457124148356e-16,9.535301879543467e-16
1.3514858210328384e-05,0.00022581344116046065,0.0002258134362020936,3.051881541414157e-11,3.0518817479456705e-11,3.051881664051237e-11,3.051881664051237e-11,4.5774131962571546e-18,4.688085826313687e-18,4.576346960447574e-18,4.6870216584556374e-18,2.1120278172352328e-16,2.1243754400238323e-16,7.429428153716731e-16,7.457918106897629e-16,9.54162498049472e-16,9.582463615255402e-16
1.3562598155658634e-05,0.0002266110938149435,0.00022661108607080482,3.0734802639799466e-11,3.073480469905043e-11,3.073480359105929e-11,3.073480706050624e-11,4.588205008118828e-18,4.698469838133371e-18,4.587136290767409e-18,4.697403188733484e-18,2.122685344596264e-16,2.1350648634692836e-16,7.465980801764306e-16,7.494545929119273e-16,9.588836479392307e-16,9.629780993271396e-16
1.3610448945655662e-05,0.00022741057182001922,0.00022741056511577096,3.095205559356346e-11,3.0952057645900755e-11,3.095205342029672e-11,3.095205688974367e-11,4.598963319165692e-18,4.708818281186716e-18,4.59789170668213e-18,4.707749150244991e-18,2.1333800619976356e-16,2.1457908152105852e-16,7.502650975633313e-16,7.531291806557941e-16,9.636201503011583e-16,9.677252954800263e-16
1.3658409159233997e-05,0.00022821188250743418,0.00022821188247856838,3.117057309576976e-11,3.117057514487784e-11,3.1170569597671616e-11,3.117057306711857e-11,4.609687715807442e-18,4.719130328293108e-18,4.608613208191736e-18,4.7180583022192396e-18,2.1441114400437555e-16,2.1565539569922272e-16,7.539436028345791e-16,7.568154151026856e-16,9.683717933770182e-16,9.724879499842004e-16
1.370647879639364e-05,0.0002290150423556736,0.000229015038183622,3.1390360419547644e-11,3.1390362466636355e-11,3.139035906207788e-11,3.139036253152483e-11,4.620377370863465e-18,4.729405152271936e-18,4.619299968115615e-18,4.728330644656229e-18,2.1548797434324199e-16,2.1673532300230255e-16,7.57633331292378e-16,7.605132962526019e-16,9.731384712876917e-16,9.772658510814251e-16
1.3754657857134589e-05,0.00022982002967980586,0.0002298200286087182,3.1611422847604395e-11,3.161142489216701e-11,3.161142528296246e-11,3.161142875240941e-11,4.631031870743454e-18,4.739641925942586e-18,4.629951986453766e-18,4.7385645231947354e-18,2.1656849721636285e-16,2.1781900901408582e-16,7.613342299971689e-16,7.642227182264245e-16,9.779199722749423e-16,9.820589987717004e-16
1.3802949183627788e-05,0.00023062686645825003,0.00023062686832620027,3.1833778761546227e-11,3.183378080649366e-11,3.183377519921926e-11,3.183377866866621e-11,4.641650801857104e-18,4.7498394085341395e-18,4.640567608844966e-18,4.748759937834758e-18,2.1765280526796677e-16,2.1890636109034393e-16,7.650462989489517e-16,7.679436810241534e-16,9.827164022178881e-16,9.868673930550262e-16
1.3851349933702295e-05,0.00023143554370469444,0.00023143554100513164,3.2057420433877435e-11,3.205742247842236e-11,3.205741921918914e-11,3.205741921918914e-11,4.652233337023801e-18,4.759998013636903e-18,4.651147662469825e-18,4.7589156478053775e-18,2.1874089849805372e-16,2.1999756451953408e-16,7.68769696966404e-16,7.716761317062295e-16,9.875279728747662e-16,9.916910339314027e-16
1.3899860107358109e-05,0.0002322460705564966,0.00023224606489469224,3.2282353190165616e-11,3.228235523065443e-11,3.228235387342515e-11,3.2282357342872103e-11,4.662779476243546e-18,4.770116914070264e-18,4.661690906557426e-18,4.769032066696901e-18,2.1983289602063192e-16,2.2109252665742767e-16,7.725046887473218e-16,7.754200173330935e-16,9.923550018829316e-16,9.96530027279948e-16
1.3948482546766172e-05,0.00023305843971804796,0.00023305843275889249,3.2508595593736843e-11,3.2508597628089035e-11,3.2508593039715095e-11,3.2508593039715095e-11,4.673288805926032e-18,4.780195696243917e-18,4.672197341107768e-18,4.779108367328716e-18,2.2092881107059118e-16,2.2219151220182073e-16,7.762513801708236e-16,7.791753908443046e-16,9.971975951215029e-16,1.0013843731006625e-15
1.3997214409755543e-05,0.00023387265841295912,0.00023387265734176044,3.273613981673281e-11,3.273614184717166e-11,3.2736140187505924e-11,3.2736140187505924e-11,4.6837609124809534e-18,4.7902347737481666e-18,4.682666552530546e-18,4.789144549700822e-18,2.220287495270499e-16,2.2329434909914582e-16,7.800100359347053e-16,7.829423051794221e-16,1.002056281986072e-15,1.0062541772726643e-15
1.4046057117411692e-05,0.00023468872477444558,0.0002346887259105923,3.296499788331265e-11,3.2964999913783216e-11,3.296499878624459e-11,3.296499878624459e-11,4.694194968727697e-18,4.800233319402401e-18,4.693098127235452e-18,4.799141027403525e-18,2.2313269815511826e-16,2.244013152820888e-16,7.837807619180855e-16,7.867208662175643e-16,1.0069310624766389e-15,1.0111397574333087e-15
1.409501066973462e-05,0.00023550664967048052,0.00023550664754856676,3.319517522196153e-11,3.3195177251949534e-11,3.3195175774825e-11,3.3195179244271955e-11,4.70459138825657e-18,4.8101921603872335e-18,4.703491651632181e-18,4.809096973256213e-18,2.242408025385841e-16,2.25512251931972e-16,7.875636640000824e-16,7.905110739587313e-16,1.011822042472322e-15,1.0160410077034773e-15
1.4144076487809798e-05,0.00023632643124299468,0.000236326425900657,3.342668398306104e-11,3.342668600938665e-11,3.342668156158801e-11,3.3426685031034964e-11,4.714948930296653e-18,4.8201104695220505e-18,4.713846712130426e-18,4.819012800849193e-18,2.253529832681086e-16,2.266273972768119e-16,7.913587951202553e-16,7.943131401611599e-16,1.0167294337313582e-15,1.0209582457205253e-15
1.4193251729466283e-05,0.00023714806761920837,0.0002371480609602017,3.365951621205836e-11,3.365951823248228e-11,3.365951961598057e-11,3.365951961598057e-11,4.7252675948479455e-18,4.8299882468068525e-18,4.724162895139881e-18,4.828888096592157e-18,2.2646931975303056e-16,2.2774651308859204e-16,7.9516631409728175e-16,7.981271177644092e-16,1.0216533421328658e-15,1.0258913656053343e-15
1.4242539236875018e-05,0.00023797155871696507,0.00023797155635041367,3.389369083308916e-11,3.3893692849064604e-11,3.389369340744963e-11,3.389369340744963e-11,4.735546968320142e-18,4.839824665061027e-18,4.7344393734799335e-18,4.8387224468948e-18,2.275897590537908e-16,2.2886983759532885e-16,7.989861679916026e-16,8.019531126475976e-16,1.0265936617977266e-15,1.030840790874378e-15
1.4291937588950532e-05,0.0002387969171759874,0.00023879691019823568,3.412920660339582e-11,3.4129208614755336e-11,3.41292098748891e-11,3.41292098748891e-11,4.745785809942323e-18,4.8496197242845735e-18,4.744675733560277e-18,4.848515438166815e-18,2.287143276401689e-16,2.299971325690059e-16,8.028182509240995e-16,8.057913365689621e-16,1.0315503927259403e-15,1.0358063097694195e-15
1.4341448206778296e-05,0.00023962413018263629,0.00023962412787914555,3.4366075819761135e-11,3.436607782652545e-11,3.4366075957192876e-11,3.436607942663983e-11,4.755983706124183e-18,4.85937259729688e-18,4.7548711482002995e-18,4.858265416046978e-18,2.2984291963304643e-16,2.3112858329808045e-16,8.066624570156539e-16,8.096417365889433e-16,1.0365233231592703e-15,1.0407882399278141e-15
1.4391069669272838e-05,0.0002404532104290369,0.00024045320568133466,3.4604297217277555e-11,3.460429922054296e-11,3.460429859325487e-11,3.460430206270182e-11,4.766140243275416e-18,4.8690820433270274e-18,4.765024790219388e-18,4.867972794125594e-18,2.3097558797198264e-16,2.3226389861497683e-16,8.105186274475883e-16,8.135043127075413e-16,1.0415122413394797e-15,1.0457862637122065e-15
1.444080339751963e-05,0.00024128415610286114,0.00024128415082413923,3.484388317001179e-11,3.484388516829068e-11,3.4843884721968976e-11,3.4843884721968976e-11,4.776253767034795e-18,4.878747235194403e-18,4.775136246027236e-18,4.877635918041438e-18,2.321122003080795e-16,2.3340329027793187e-16,8.143864975221067e-16,8.173790119851969e-16,1.046516723750095e-15,1.0508003811225968e-15
1.4490647970433201e-05,0.0002421169672482959,0.00024211696874887334,3.5084832395405575e-11,3.5084834391801266e-11,3.50848343433352e-11,3.5084837812782155e-11,4.786324277402322e-18,4.8883681728990075e-18,4.785203861262619e-18,4.887254374204205e-18,2.332527301715574e-16,2.3454644064959036e-16,8.182659084205314e-16,8.212657285427917e-16,1.051536770391116e-15,1.0558302745216296e-15
1.4540606230184494e-05,0.0002429516530280118,0.00024295165219234693,3.5327164236695225e-11,3.5327166233423094e-11,3.5327161335141355e-11,3.532716480458831e-11,4.796350533607077e-18,4.8979436156699214e-18,4.795227635925537e-18,4.896827749023587e-18,2.343971510926368e-16,2.356935879579687e-16,8.22156754263744e-16,8.251642506220888e-16,1.0565720636251876e-15,1.0608760497884235e-15
1.4590675334602565e-05,0.0002437882080619791,0.00024378820665049705,3.557087052598875e-11,3.557087252159149e-11,3.5570869166834385e-11,3.5570869166834385e-11,4.806332122058755e-18,4.9074731499168386e-18,4.805206742835376e-18,4.906355215318973e-18,2.355454101317584e-16,2.3684441456571167e-16,8.26058876233067e-16,8.290744723439699e-16,1.0616224975731913e-15,1.065937071648268e-15
1.4640856704772887e-05,0.00024462664152002933,0.0002446266376184836,3.5815963789624313e-11,3.581596578256091e-11,3.5815961307861244e-11,3.5815964777308196e-11,4.816268215576742e-18,4.9169559484591465e-18,4.815140768401832e-18,4.91583594590975e-18,2.3669745434936305e-16,2.379991851706153e-16,8.299723272680594e-16,8.329962878293165e-16,1.0666880722351273e-15,1.0710137636176366e-15
1.4691150340695458e-05,0.0002454669407463417,0.00024546693967752997,3.606244967156925e-11,3.6062451662006075e-11,3.606244816656279e-11,3.606244816656279e-11,4.826159641341651e-18,4.926392011296845e-18,4.825029299034597e-18,4.925269940795917e-18,2.3785331021523035e-16,2.3915760860510396e-16,8.338971073687214e-16,8.369295911990102e-16,1.0717687876109954e-15,1.0761055963009374e-15
1.474155624237028e-05,0.0002463091258227412,0.0002463091201361234,3.631033383214437e-11,3.631033581917606e-11,3.631033321238597e-11,3.631033321238597e-11,4.836005158582563e-18,4.935780924839628e-18,4.834872748323978e-18,4.9346563727968624e-18,2.390130041991399e-16,2.403199760367533e-16,8.378333224141714e-16,8.408743824530511e-16,1.0768646437007957e-15,1.0812127814564072e-15
1.4792074409797351e-05,0.0002471531859082332,0.00024715317538637205,3.655962194897412e-11,3.655962392781758e-11,3.655962338422469e-11,3.655962338422469e-11,4.845805180889785e-18,4.945121448316577e-18,4.8446702890893625e-18,4.943995241912586e-18,2.401765627708713e-16,2.4148604923754683e-16,8.417810253439685e-16,8.448305557123208e-16,1.0819760640210017e-15,1.0863351073258092e-15
1.4842704842976673e-05,0.00024799913196424384,0.0002479991309422003,3.6810319712410404e-11,3.6810321685409137e-11,3.681032215152591e-11,3.681032562097286e-11,4.8555592946730105e-18,4.954414408908304e-18,4.8544223349210564e-18,4.953286134552782e-18,2.4134406533976333e-16,2.4265611937506024e-16,8.457405337954679e-16,8.487981109768191e-16,1.0871030485716136e-15,1.0914727856673801e-15
1.4893448962993716e-05,0.00024884695672861,0.0002488469541142013,3.706243988795669e-11,3.706244185911014e-11,3.7062439922630475e-11,3.7062443392077427e-11,4.865267086341933e-18,4.9636585658438904e-18,4.864127645048141e-18,4.962528223536837e-18,2.4251553837559563e-16,2.438300276306159e-16,8.497119007082289e-16,8.527771011861054e-16,1.0922459149899865e-15,1.0966257106020017e-15
1.494430534876301e-05,0.00024969666744822927,0.00024969665953644693,3.731598115669628e-11,3.7315983122496487e-11,3.731598363643229e-11,3.731598363643229e-11,4.874928142306246e-18,4.972853919123336e-18,4.873786633060923e-18,4.971721508864751e-18,2.436910348179274e-16,2.45008091641569e-16,8.536954437196066e-16,8.567675263401796e-16,1.097405086792594e-15,1.101794199767029e-15
1.4995275421370025e-05,0.0002505482676929405,0.00025054825820614024,3.7570956363350653e-11,3.7570958320282785e-11,3.7570956762378316e-11,3.7570956762378316e-11,4.8845420489756435e-18,4.982000055156335e-18,4.883398471778789e-18,4.9808655769462185e-18,2.448706870156566e-16,2.461900731799032e-16,8.576912687087196e-16,8.607695981972785e-16,1.1025805639794362e-15,1.1069783590415805e-15
1.504635775972929e-05,0.00025140175374621654,0.00025140173927562515,3.782736417169661e-11,3.782736611639074e-11,3.782736623936245e-11,3.782736623936245e-11,4.894108392759819e-18,4.9910965603525806e-18,4.892962747611433e-18,4.989960427781239e-18,2.460544684990037e-16,2.4737636929231244e-16,8.616994815546862e-16,8.647835285156391e-16,1.1077726641878683e-15,1.11217861194213e-15
1.5097553784926276e-05,0.0002522571364652615,0.00025225712458709637,3.808521750403614e-11,3.808521943524076e-11,3.808521553683164e-11,3.808521900627859e-11,4.903626760068467e-18,5.000143021121767e-18,4.90247904696855e-18,4.999004820598894e-18,2.4724251161686666e-16,2.4856668881122115e-16,8.657200822575063e-16,8.688096878721756e-16,1.1129813874178902e-15,1.117395170226914e-15
1.5148862075875513e-05,0.00025311440127351315,0.0002531143995440077,3.834451500299378e-11,3.8344516927216536e-11,3.83445185325737e-11,3.83445185325737e-11,4.91309673731128e-18,5.009139023873587e-18,4.9119469562598316e-18,5.007999168989489e-18,2.484347898994659e-16,2.4976134937398453e-16,8.6975307081718e-16,8.728483409646841e-16,1.1182066277903835e-15,1.1226285632915246e-15
1.5200285474747943e-05,0.00025397356634998536,0.00025397356040457453,3.860527687121891e-11,3.8605278791494966e-11,3.860527522658863e-11,3.860527869603558e-11,4.922518324488259e-18,5.018084155017736e-18,4.921366475485279e-18,5.0169426457724125e-18,2.496313562863606e-16,2.509601392223658e-16,8.737983942941482e-16,8.768998054305198e-16,1.1234485970635852e-15,1.1278788970150804e-15
1.5251821139372623e-05,0.0002548346353261066,0.00025483461793551765,3.8867494559617565e-11,3.886749646786726e-11,3.8867492557770333e-11,3.8867496027217285e-11,4.931891108009098e-18,5.026978414554212e-18,4.93073677746428e-18,5.025835250947664e-18,2.508321578379916e-16,2.521632965843813e-16,8.778561056279699e-16,8.8096413420924195e-16,1.1287071893583767e-15,1.133146383155818e-15
1.5303470490835025e-05,0.00025569758635041184,0.00025569758652910224,3.913118114112008e-11,3.913118304047994e-11,3.9131180934459664e-11,3.9131184403906616e-11,4.941214674283489e-18,5.035820975302404e-18,4.940058689377446e-18,5.0346761573346306e-18,2.5203724749391803e-16,2.533705302924555e-16,8.81926151879086e-16,8.850413273008505e-16,1.133982404674758e-15,1.1384309158346193e-15
1.5355233529135148e-05,0.00025656244485128266,0.0002565624515091791,3.9396342497267234e-11,3.9396344400165925e-11,3.9396343826103575e-11,3.9396347295550527e-11,4.950489023311434e-18,5.0446122508526176e-18,4.949331384044166e-18,5.043465778523619e-18,2.5324654584480116e-16,2.5458207857460477e-16,8.860085330474965e-16,8.89131225886668e-16,1.139274137133611e-15,1.1437323891723655e-15
1.5407111675358465e-05,0.00025742921078741876,0.00025742920554394644,3.966299183995513e-11,3.966299374358759e-11,3.966298817159597e-11,3.966299164104292e-11,4.959714155092931e-18,5.053351000433934e-18,4.958554447874132e-18,5.0522028737437104e-18,2.5446002642086135e-16,2.557976237934739e-16,8.901030903145238e-16,8.932337240875757e-16,1.1445822808558168e-15,1.1490504855317016e-15
1.545910208733403e-05,0.0002582978804872016,0.0002582978777598832,3.993112047937841e-11,3.993112237886683e-11,3.993112090983075e-11,3.993112090983075e-11,4.9688892424473695e-18,5.06203763763666e-18,4.967727880867345e-18,5.060887856585211e-18,2.556776098127598e-16,2.570174041770793e-16,8.942099295592863e-16,8.973482925079819e-16,1.1499067299622573e-15,1.1543848872752724e-15
1.551120760723279e-05,0.00025916844302276143,0.00025916844277285023,4.0200748997544275e-11,4.020075089548139e-11,4.0200745510254876e-11,4.020074897970183e-11,4.9780146989650545e-18,5.070671748870488e-18,4.976851683023805e-18,5.069520313457814e-18,2.568992960204965e-16,2.5824107561828614e-16,8.983288390235471e-16,9.014749311478864e-16,1.155247378573814e-15,1.1597352767657226e-15
1.5563426813969272e-05,0.00026004092752329733,0.00026004091887410485,4.0471876012144906e-11,4.0471877905434976e-11,4.047187585065615e-11,4.047187585065615e-11,4.98709011105568e-18,5.079252920545113e-18,4.985925027162899e-18,5.0781002443615206e-18,2.581249526951735e-16,2.5946890281489045e-16,9.02459712828188e-16,9.056134282490525e-16,1.1606040149322503e-15,1.1651016540030522e-15
1.5615759707543475e-05,0.0002609153122403174,0.0002609153134359721,4.074450748666857e-11,4.0744509376057986e-11,4.0744508461587614e-11,4.0744511931034566e-11,4.99611506512894e-18,5.087780739070229e-18,4.994948326874934e-18,5.086626822115717e-18,2.593546063065703e-16,2.607005151899778e-16,9.066025509732087e-16,9.097637838114802e-16,1.1659765331584475e-15,1.170483701349906e-15
1.566820770904087e-05,0.00026179161185174715,0.00026179161198758294,4.1018656822043366e-11,4.101865871213112e-11,4.1018660690284037e-11,4.1018660690284037e-11,5.005089147594528e-18,5.096255618036141e-18,5.0039207549792965e-18,5.095100046720404e-18,2.605881509755686e-16,2.619361774413442e-16,9.10757247579491e-16,9.139261037142878e-16,1.1713648273732873e-15,1.1758817364436393e-15
1.572077081846146e-05,0.00026266982649814086,0.00026266982552447526,4.129433006175201e-11,4.129433195139938e-11,4.129432906729846e-11,4.1294332536745415e-11,5.014011944862137e-18,5.104676730262237e-18,5.012841897885681e-18,5.103519504585275e-18,2.6182566611150713e-16,2.6317559840141407e-16,9.149241202843902e-16,9.181004938365938e-16,1.1767693210932434e-15,1.1812955475260152e-15
1.577344761471977e-05,0.00026354995992566854,0.000263549950477282,4.15715257865174e-11,4.1571527670674765e-11,4.15715274704187e-11,4.15715274704187e-11,5.0228822161608495e-18,5.113043662158211e-18,5.021710514823168e-18,5.11188519571033e-18,2.630670723050471e-16,2.64419069237763e-16,9.191034867252613e-16,9.22287165936635e-16,1.1821901201974341e-15,1.186725769871744e-15
1.5826239518901275e-05,0.0002644319976263798,0.0002644319941860207,4.185025751564391e-11,4.1850259392997054e-11,4.18502593690917e-11,4.18502593690917e-11,5.0316995479003585e-18,5.121356413724062e-18,5.030526192201452e-18,5.120196706505263e-18,2.6431250190508656e-16,2.6566635172237455e-16,9.232955586603413e-16,9.264863317726482e-16,1.187627648202333e-15,1.1921722976017076e-15
1.5879146531005972e-05,0.0002653159614016132,0.00026531596758760934,4.213053133245124e-11,4.2130533211257015e-11,4.213053170221137e-11,4.213053170221137e-11,5.0404631129000516e-18,5.129614157779179e-18,5.03928810283992e-18,5.128453209789461e-18,2.6556190197206625e-16,2.6691773702282437e-16,9.27500865485222e-16,9.306983089819886e-16,1.1930824345035324e-15,1.1976357659906163e-15
1.5932168651033862e-05,0.00026620184753728404,0.00026620184156067594,4.2412353343076436e-11,4.2412355221993235e-11,4.241235140867161e-11,4.241235140867161e-11,5.04917167038901e-18,5.137816480733255e-18,5.047995005967653e-18,5.136654705562924e-18,2.668154313246638e-16,2.6817303985065524e-16,9.317195130790221e-16,9.349234152020115e-16,1.1985546908592688e-15,1.20311617503847e-15
1.5985304457899474e-05,0.00026708966322042116,0.00026708965243549265,4.2695722090263355e-11,4.269572396027378e-11,4.2695725427366327e-11,4.2695725427366327e-11,5.0578239795963145e-18,5.14596338258629e-18,5.056646074404039e-18,5.144799953054734e-18,2.6807306349309963e-16,2.694325778432224e-16,9.359518190790966e-16,9.391618621909536e-16,1.2040446290277791e-15,1.2086142658990977e-15
1.603855679377375e-05,0.0002679793829205579,0.00026797938195899373,4.2980658855873636e-11,4.2980660719628776e-11,4.298066069718942e-11,4.298066069718942e-11,5.066419626931659e-18,5.154053622567365e-18,5.065240480968465e-18,5.152889365855196e-18,2.6933495729605133e-16,2.706961921818482e-16,9.40197889364564e-16,9.434138617070518e-16,1.209552672525537e-15,1.2141298268142624e-15
1.609192423757122e-05,0.00026887105025075186,0.0002688710482692258,4.326716220907281e-11,4.3267164071257294e-11,4.32671641570348e-11,4.32671641570348e-11,5.074958198804738e-18,5.16208720067648e-18,5.0737773984803185e-18,5.1609217031933925e-18,2.706011127335189e-16,2.719641475643287e-16,9.444576180563059e-16,9.47679413750306e-16,1.2150786095943057e-15,1.2196634930586748e-15
1.614553610806979e-05,0.0002697667839186013,0.00026976677369927593,4.355593602718399e-11,4.355593788282737e-11,4.35559331657398e-11,4.35559331657398e-11,5.083458720369639e-18,5.170082314887111e-18,5.082276679274301e-18,5.168915990223411e-18,2.7187465323949534e-16,2.7323935566642003e-16,9.487413813079261e-16,9.519692121116754e-16,1.2206360986403595e-15,1.2252284995221355e-15
1.6199133767713647e-05,0.0002706623064080982,0.0002706623061996538,4.384559337163368e-11,4.384559522168802e-11,4.384559382231146e-11,4.384559729175841e-11,5.091880659776348e-18,5.178000501300775e-18,5.090697377910091e-18,5.176832935866156e-18,2.7314954370423147e-16,2.7451594019705066e-16,9.530287444495722e-16,9.562625044839523e-16,1.2261983522467417e-15,1.2307984823041614e-15
1.6252847956366168e-05,0.00027155976186726827,0.0002715597535382086,4.413684355630271e-11,4.41368454017712e-11,4.413684348558711e-11,4.413684695503406e-11,5.1002442829498714e-18,5.185859544300641e-18,5.0990597603126955e-18,5.18469115168541e-18,2.744288281523815e-16,2.7579678636219717e-16,9.57329871876611e-16,9.605696670207404e-16,1.2317788170614899e-15,1.2363865704154348e-15
1.630667725294188e-05,0.0002724591539040033,0.0002724591411283894,4.4429685111901214e-11,4.44296869460092e-11,4.4429689094460656e-11,4.4429689094460656e-11,5.108550417070823e-18,5.193659857477016e-18,5.107364653662728e-18,5.1924906376811725e-18,2.7571250658394537e-16,2.7708207945031677e-16,9.616446577099245e-16,9.648906997220398e-16,1.2373772813263672e-15,1.2419929756141927e-15
1.636062307852626e-05,0.00027336047522591445,0.00027336046527592917,4.472413201703694e-11,4.4724133838885415e-11,4.4724134118379055e-11,4.472413758782601e-11,5.116798648548895e-18,5.2014006136492875e-18,5.1156116443698816e-18,5.200230153082525e-18,2.7700060546870275e-16,2.7837166064273184e-16,9.659731019495124e-16,9.69225496708732e-16,1.2429939567996104e-15,1.247617486142198e-15
1.6414685433119303e-05,0.00027426372585143133,0.0002742637259607328,4.502019055446069e-11,4.502019237098906e-11,4.502018896568316e-11,4.502019243513011e-11,5.124989390974395e-18,5.209080985636842e-18,5.123801559614769e-18,5.207909697889467e-18,2.782930453973148e-16,2.796656093487812e-16,9.703150987162563e-16,9.735741638599357e-16,1.248628419964746e-15,1.253260101999451e-15
1.646886289563554e-05,0.00027516893492829375,0.00027516892682311056,4.531785922830659e-11,4.531786104050299e-11,4.531786057526688e-11,4.531786404471383e-11,5.133122644347323e-18,5.216701387029987e-18,5.131933985807084e-18,5.215529685692306e-18,2.7958982636978153e-16,2.809637932195668e-16,9.746706480101563e-16,9.779363835382953e-16,1.2542807767008924e-15,1.2589206114277146e-15
1.652315688716044e-05,0.00027607607705121273,0.0002760760679099139,4.561715214839218e-11,4.5617153951224777e-11,4.5617152416577156e-11,4.561715588602411e-11,5.141199235848291e-18,5.2242614042384155e-18,5.1400097501274394e-18,5.2230888757201216e-18,2.8089084250698454e-16,2.822662651946479e-16,9.790398557103308e-16,9.823122616229294e-16,1.2599510270080495e-15,1.264599014426989e-15
1.6577567407694005e-05,0.0002769851522796407,0.00027698515291696424,4.5918075642140434e-11,4.591807744034597e-11,4.591807489795485e-11,4.5918078367401804e-11,5.1492191654772985e-18,5.231761450852434e-18,5.1480284389855285e-18,5.2305885087438336e-18,2.821960673391442e-16,2.8357283998556727e-16,9.834227218167798e-16,9.86701798113838e-16,1.2656392767653357e-15,1.2702952051181558e-15
1.6632094457236235e-05,0.00027789619703910695,0.00027789618555817963,4.6220636070384063e-11,4.62206378626769e-11,4.622063495829387e-11,4.6220638427740823e-11,5.15718201964404e-18,5.239201940462348e-18,5.155990465971658e-18,5.238027757582829e-18,2.8350544792670135e-16,2.848835705318841e-16,9.878196698459769e-16,9.911050988901395e-16,1.2713456318518696e-15,1.2760092893803333e-15
1.668673803578713e-05,0.0002788091640690826,0.0002788091695337114,4.652483980167826e-11,4.6524841590683576e-11,4.6524836067041164e-11,4.6524839536488116e-11,5.165088211938822e-18,5.2465820458875464e-18,5.163895417495521e-18,5.245407449417721e-18,2.8481890486031715e-16,2.861983244847004e-16,9.922308056770405e-16,9.955223757100707e-16,1.2770703040258877e-15,1.28174137309264e-15
1.674149814334669e-05,0.00027972410069132536,0.00027972408669951765,4.683069321821698e-11,4.6830695002552804e-11,4.683068863253759e-11,4.683069210198454e-11,5.172937328771338e-18,5.253902594308641e-18,5.17174412073773e-18,5.252727584248509e-18,2.861363852004324e-16,2.875171283137957e-16,9.966563410682074e-16,9.999538403318684e-16,1.2828133991665087e-15,1.2874916680133126e-15
1.6796374779914913e-05,0.00028064096690583185,0.0002806409698121737,4.713820271981755e-11,4.713820449807005e-11,4.7138199593677044e-11,4.7138199593677044e-11,5.180729370141587e-18,5.2611639993159374e-18,5.179535334927367e-18,5.259988162075193e-18,2.8745791541682673e-16,2.888399290796109e-16,1.0010964877777144e-15,1.0043997045137694e-15,1.2885752349110877e-15,1.293260385900588e-15
1.6851367945491802e-05,0.00028155980638427947,0.00028155978611899,4.744737472194753e-11,4.74473764906538e-11,4.7447372419906486e-11,4.744737588935344e-11,5.1884639224592644e-18,5.268365020138518e-18,5.187269473654738e-18,5.267189182897774e-18,2.887834955095001e-16,2.90166726782146e-16,1.0055516693220352e-15,1.0088601800140105e-15,1.294355917138743e-15,1.299047738512703e-15
1.6906477640077355e-05,0.000282480582733724,0.00028248057561974793,4.775821565772963e-11,4.775821741134727e-11,4.775821751956677e-11,4.775822098901372e-11,5.1961401585437565e-18,5.2755064839569944e-18,5.194944882558617e-18,5.274330233125944e-18,2.9011312547845254e-16,2.914975743609601e-16,1.0100218857011698e-15,1.0133354785908286e-15,1.3001559752450669e-15,1.3048539376078945e-15
1.6961705284757045e-05,0.0002834033250125323,0.0002834033164798022,4.807074001159927e-11,4.8070741756575606e-11,4.80707418315518e-11,4.807074530099875e-11,5.203757664804757e-18,5.2825875635907546e-18,5.202561561639006e-18,5.281410485579092e-18,2.9144688473302285e-16,2.9283244534627367e-16,1.0145075604315918e-15,1.017825706123342e-15,1.3059754092300591e-15,1.310679194944399e-15
1.701705087953087e-05,0.00028432802951211533,0.0002843280196145326,4.838495430647843e-11,4.83849560412544e-11,4.838495229475548e-11,4.838495576420243e-11,5.211314786881042e-18,5.289607431859186e-18,5.2101178565346776e-18,5.288430353847523e-18,2.92784773273211e-16,2.941714985567643e-16,1.0190085876341827e-15,1.0223310743697877e-15,1.3118144308519567e-15,1.3165236164013354e-15
1.707251300331336e-05,0.00028525468523754594,0.0002852546777664111,4.8700856976776556e-11,4.870085870191947e-11,4.870085584807171e-11,4.870085584807171e-11,5.2188111111823036e-18,5.296566088762288e-18,5.217614180835939e-18,5.295388597160319e-18,2.9412694991769466e-16,2.955146810528728e-16,1.023525073188061e-15,1.0268515833301655e-15,1.3176731459898778e-15,1.32238741373694e-15
1.7128091656104516e-05,0.0002861833103292577,0.00028618329460350367,4.901845451624937e-11,4.901845622849976e-11,4.90184594303944e-11,4.90184594303944e-11,5.226246637708543e-18,5.303462707119449e-18,5.225048880181566e-18,5.30228521551748e-18,2.9547338819669417e-16,2.968621781230564e-16,1.02805680533499e-15,1.0313873388835939e-15,1.3235514487647043e-15,1.32827079870945e-15
1.718378968007528e-05,0.00028711389022473277,0.00028711388832203255,4.933776972843764e-11,4.9337771430869334e-11,4.93377665111705e-11,4.933776998061745e-11,5.233620539279147e-18,5.3102972869306685e-18,5.232422368161864e-18,5.309119381738393e-18,2.9682427339866677e-16,2.9821398976731506e-16,1.0326038899540878e-15,1.035938658667428e-15,1.329449339176436e-15,1.3341738771979837e-15
1.7239604233054706e-05,0.00028804644313751293,0.00028804642252255874,4.965879289741876e-11,4.9658794587282326e-11,4.9658790968187816e-11,4.965879443763477e-11,5.240933229484422e-18,5.317069001015334e-18,5.2397346447768324e-18,5.315891095823058e-18,2.9817952611427365e-16,2.995701953949876e-16,1.0371659035288811e-15,1.040505542681668e-15,1.3353667113459545e-15,1.3400970727190146e-15
1.729553673612827e-05,0.00028898095819890335,0.00028898094806362185,4.9981538766406555e-11,4.998154043907075e-11,4.99815362708933e-11,4.998153974034025e-11,5.2481842947340616e-18,5.3237782629637514e-18,5.246985710026472e-18,5.322600357771476e-18,2.9953933163197203e-16,3.0093082147585363e-16,1.0417430578176065e-15,1.0450882026845506e-15,1.3413037770314967e-15,1.3460403852725428e-15
1.735158718929597e-05,0.0002899174463852905,0.0002899174393719006,5.030601394555658e-11,5.030601560860886e-11,5.030601282762781e-11,5.030601282762781e-11,5.255374975798985e-18,5.330425072775921e-18,5.2541759775010895e-18,5.3292467539933395e-18,3.009035576028639e-16,3.0229594741925194e-16,1.0463351410620273e-15,1.0496865327969574e-15,1.3472602185957074e-15,1.3520039207376867e-15
1.7407755592557805e-05,0.00029085589684002544,0.00029085589270938517,5.063222505901662e-11,5.063222671580948e-11,5.06322241078383e-11,5.06322241078383e-11,5.2625056862694985e-18,5.337009430451843e-18,5.2613062743812966e-18,5.3358311116692616e-18,3.0227241578518603e-16,3.0366552028562334e-16,1.0509423650203803e-15,1.0543005330188883e-15,1.3532363536759417e-15,1.3579875732353279e-15
1.7464041945913777e-05,0.00029179633506687397,0.0002917963152977432,5.0960178753104195e-11,5.096018039644475e-11,5.0960177050418665e-11,5.0960177050418665e-11,5.269576426145602e-18,5.343531749581824e-18,5.2683770142574e-18,5.342353430799242e-18,3.0364572089048127e-16,3.0503961948430663e-16,1.0555649414509022e-15,1.0589300974712251e-15,1.359232288151318e-15,1.3639913427654663e-15
1.7520446249363886e-05,0.00029273873559465535,0.0002927387289750616,5.128988168813243e-11,5.128988331658861e-11,5.128988206370977e-11,5.128988206370977e-11,5.276588436198214e-18,5.349992030165863e-18,5.2753886107197056e-18,5.348814124973588e-18,3.050236052676476e-16,3.064180597268446e-16,1.0602029762327115e-15,1.0635749085166125e-15,1.3652482337800733e-15,1.37001469993251e-15
1.757696850290813e-05,0.0002936831129369821,0.00029368311197341956,5.162134053219833e-11,5.1621342156368334e-11,5.162134608660551e-11,5.162134608660551e-11,5.283542130017641e-18,5.35639151297488e-18,5.2823423045391326e-18,5.355213607782604e-18,3.064058306886686e-16,3.0780102630169445e-16,1.064856681124045e-15,1.0682349661550504e-15,1.3712841905622075e-15,1.3760577506155775e-15
1.7633610127631982e-05,0.00029462947430630715,0.000294629460727891,5.195457034006786e-11,5.195457195600105e-11,5.195457258855285e-11,5.19545760579998e-11,5.290437921194189e-18,5.362729784418567e-18,5.289237682125375e-18,5.361551879226292e-18,3.077925824420015e-16,3.091882280412806e-16,1.0695262678831396e-15,1.0729101645074205e-15,1.3773405820141941e-15,1.3821202830564317e-15
1.7690371123535442e-05,0.0002955778196712666,0.00029557781169964326,5.228957787802439e-11,5.2289579481725565e-11,5.228957544733959e-11,5.228957544733959e-11,5.297275809727859e-18,5.3690076716775384e-18,5.296075570659044e-18,5.367829766485263e-18,3.091835428902911e-16,3.105798502340602e-16,1.0742117365099952e-15,1.0776007153319596e-15,1.3834171963777965e-15,1.3882024031341912e-15
1.7747248648447567e-05,0.0002965281453998492,0.0002965281322143687,5.2626353095813886e-11,5.2626354687481425e-11,5.2626354662965724e-11,5.2626358132412676e-11,5.3040557956186496e-18,5.375224761161487e-18,5.302855556549835e-18,5.374047683149824e-18,3.1057887085221493e-16,3.1197557524267807e-16,1.078913404641967e-15,1.0823065127495493e-15,1.3895142454112513e-15,1.394304110848856e-15
1.780424696562477e-05,0.00029748045153427105,0.00029748044416322283,5.296492799995425e-11,5.296492957990492e-11,5.296492411321907e-11,5.296492411321907e-11,5.310777878866562e-18,5.381382293641332e-18,5.309577639797747e-18,5.3802048020393625e-18,3.1197827516019744e-16,3.133755883555914e-16,1.0836311663999366e-15,1.0870280861557816e-15,1.3956315173563219e-15,1.4004257238377812e-15
1.786136181181064e-05,0.00029843473812857235,0.00029843472940749294,5.330528404392841e-11,5.3305285614688085e-11,5.3305287267546575e-11,5.330529073699353e-11,5.317441232290983e-18,5.387479028346154e-18,5.316240993222168e-18,5.386301950334491e-18,3.1338196757247543e-16,3.1477962487500423e-16,1.0883653394212593e-15,1.0917654355506565e-15,1.4017694357294818e-15,1.406567242100967e-15
1.7918597450261586e-05,0.0002993910197534033,0.00029939100616294123,5.364745343327637e-11,5.36474549912659e-11,5.3647454534289096e-11,5.3647454534289096e-11,5.324045442301606e-18,5.3935153788662595e-18,5.322845616823098e-18,5.392338714444903e-18,3.1478968339125287e-16,3.161878700893737e-16,1.093115923705935e-15,1.096519090329766e-15,1.4079277887724942e-15,1.4127291950340052e-15
1.797595245989214e-05,0.00030034929639322083,0.000300349285332957,5.399143454936059e-11,5.399143609321169e-11,5.3991429382893585e-11,5.399143285234054e-11,5.3305900953081256e-18,5.399490518021036e-18,5.3293902698296174e-18,5.398314680780292e-18,3.162016343747666e-16,3.1760005930090384e-16,1.0978831310122007e-15,1.101289262251347e-15,1.4141070000018327e-15,1.4189115826368959e-15
1.8033425419616833e-05,0.00030130955708429497,0.00030130955231222334,5.4337225699899764e-11,5.433722723465155e-11,5.433722569114785e-11,5.433722569114785e-11,5.337074364129929e-18,5.4054048594007905e-18,5.335874538651421e-18,5.404229022160046e-18,3.1761763523455936e-16,3.1901651014694984e-16,1.1026670672191746e-15,1.1060760571945179e-15,1.4203070694174974e-15,1.4251149343052312e-15
1.8091017750521132e-05,0.00030227181632724864,0.0003022718070260222,5.468484228175165e-11,5.4684843808398303e-11,5.468484345905189e-11,5.468484345905189e-11,5.343497421586403e-18,5.4112575758249094e-18,5.342298009698201e-18,5.410081738584165e-18,3.190379241986476e-16,3.204369843994953e-16,1.1074676264477383e-15,1.1108797927966338e-15,1.4265279970194882e-15,1.431339250039011e-15
1.814872945260504e-05,0.0003032360668210887,0.00030323604212822985,5.503429118736879e-11,5.5034292694396875e-11,5.503429309494656e-11,5.5034296564393514e-11,5.3498592676775484e-18,5.4170478401127806e-18,5.3486598557893465e-18,5.415872830052649e-18,3.2046236891813333e-16,3.2186177322611584e-16,1.112284808697892e-15,1.1157003631785765e-15,1.4327696769286867e-15,1.4375846357173538e-15
1.8206561946954025e-05,0.0003042023085761958,0.00030420230485739275,5.5385587951493995e-11,5.5385589442090907e-11,5.538558500717272e-11,5.5385588476619674e-11,5.356159075222752e-18,5.4227764794450166e-18,5.35495966333455e-18,5.421601882975191e-18,3.2189123409081253e-16,3.2329069133835424e-16,1.1171184022113986e-15,1.1205377683403458e-15,1.4390322150242114e-15,1.4438510913402595e-15
1.8264512391397147e-05,0.0003051705561779028,0.00030517055153578276,5.573872223493478e-11,5.5738723720686504e-11,5.573872613462427e-11,5.573872613462427e-11,5.362397257812321e-18,5.428443080231311e-18,5.361198259514425e-18,5.427268897351792e-18,3.233243873677872e-16,3.2472410931312493e-16,1.1219684069882583e-15,1.1253919024028234e-15,1.4453155054269438e-15,1.4501387227868466e-15
1.832258362810535e-05,0.0003061408023906087,0.0003061408040045954,5.6093718300993225e-11,5.609371978498647e-11,5.6093719946748166e-11,5.609372341619512e-11,5.368573815446254e-18,5.434047642471664e-18,5.367375230738665e-18,5.4328738731824514e-18,3.2476211991663297e-16,3.261617889224115e-16,1.126834823028471e-15,1.1302626594868908e-15,1.4516196540160023e-15,1.4564472124197598e-15
1.838077565707863e-05,0.0003071130545262424,0.00030711304409669626,5.645058316309004e-11,5.645058464195333e-11,5.645058032133221e-11,5.645058032133221e-11,5.3746899888954714e-18,5.439590579756382e-18,5.3734918177781884e-18,5.4384172240574755e-18,3.262042464488926e-16,3.2760410074312836e-16,1.1317176503320369e-15,1.1351498278343113e-15,1.457944660791387e-15,1.462776771997236e-15
1.8439085636146046e-05,0.00030808730897086134,0.00030808730094178394,5.6809306366267874e-11,5.680930783436795e-11,5.680930725837641e-11,5.680931072782336e-11,5.380746605340585e-18,5.445071892085465e-18,5.379548434223302e-18,5.443899363567171e-18,3.2765108460192137e-16,3.290507536076999e-16,1.1366168888989558e-15,1.1400535133242033e-15,1.464290843390453e-15,1.4691270838819198e-15
1.8497516407478543e-05,0.00030906355845389255,0.00030906356364890364,5.7169912378389347e-11,5.716991384483346e-11,5.716991463566856e-11,5.7169918105115514e-11,5.3867440783719004e-18,5.450492820229831e-18,5.385546320844924e-18,5.449320705301843e-18,3.291024226174824e-16,3.3050217103259975e-16,1.141532644608346e-15,1.1449735041983299e-15,1.4706579900549636e-15,1.475498571590285e-15
1.8556067971076118e-05,0.0003100418320877707,0.00031004181767968486,5.7532408264868365e-11,5.7532409725918075e-11,5.753240939210258e-11,5.753240939210258e-11,5.392684062350644e-18,5.455853364189481e-18,5.391486718413973e-18,5.4546816628517994e-18,3.3055852519337176e-16,3.3195798244091347e-16,1.1464651292184447e-15,1.1499099063358095e-15,1.4770467360596291e-15,1.4818909174849765e-15
1.86147389058533e-05,0.00031102210805167285,0.0003110221067013086,5.789679228411218e-11,5.789679373591626e-11,5.789679499712541e-11,5.7896798466572363e-11,5.398567384457427e-18,5.4611539375547206e-18,5.397370454111063e-18,5.459983063397652e-18,3.320191276317934e-16,3.334185584095555e-16,1.1514145544874884e-15,1.154862931494879e-15,1.4834567637670945e-15,1.4883045450824676e-15
1.8673532053981035e-05,0.0003120043972564823,0.0003120043979855103,5.826308918025305e-11,5.826309063169183e-11,5.826308879797182e-11,5.826308879797182e-11,5.404394458282557e-18,5.466395781096469e-18,5.403197527936193e-18,5.465225734120013e-18,3.3348452110032293e-16,3.348835018918318e-16,1.1563810262945956e-15,1.1598323679173016e-15,1.48988870845207e-15,1.4947391367454033e-15
1.8732444573288376e-05,0.0003129887069641124,0.0003129886988270103,5.863128836344657e-11,5.863128981052106e-11,5.863128732519485e-11,5.863128732519485e-11,5.410165283826033e-18,5.471579308405033e-18,5.4089691806602815e-18,5.470409675018883e-18,3.3495433502204596e-16,3.3635315699487723e-16,1.1613646505188847e-15,1.1648186391195509e-15,1.4963422524772005e-15,1.5011950101111388e-15
1.8791476463775325e-05,0.0003139750334903435,0.00031397501289043284,5.900139691210453e-11,5.900139834221502e-11,5.900140098713536e-11,5.900140098713536e-11,5.4158811018587746e-18,5.476705346661024e-18,5.414684998693023e-18,5.475536540455486e-18,3.364288340947585e-16,3.378271266719977e-16,1.1663658506768293e-15,1.1698217451016268e-15,1.502817925238078e-15,1.507672165179674e-15
1.8850630567612825e-05,0.00031496336586817053,0.0003149633474717195,5.937343978593497e-11,5.937344119297751e-11,5.937344366158115e-11,5.937344366158115e-11,5.421541085200169e-18,5.481774309454749e-18,5.420345395624723e-18,5.4806059168395176e-18,3.379076212717665e-16,3.393057020907689e-16,1.1713844150101926e-15,1.1748417917426478e-15,1.5093155149764658e-15,1.5141709195883642e-15
1.8909905463715404e-05,0.00031595371860487775,0.00031595370984749405,5.974741523224979e-11,5.974741662319693e-11,5.974741534853223e-11,5.974741534853223e-11,5.4271452338502154e-18,5.486786610376514e-18,5.425949957865076e-18,5.485618631351589e-18,3.3939093478108637e-16,3.4078840679515796e-16,1.1764206611563298e-15,1.1798792025590876e-15,1.5158350216923637e-15,1.520691167458091e-15
1.8969301152083062e-05,0.0003169460916826461,0.00031694608544008407,6.012333043124767e-11,6.012333181328548e-11,6.01233299257764e-11,6.01233299257764e-11,5.432693547808915e-18,5.491742249426319e-18,5.431499099004388e-18,5.490575511172313e-18,3.4087843051558333e-16,3.422756113620793e-16,1.1814744832361226e-15,1.1849340834300644e-15,1.5223764453857719e-15,1.5272332264262096e-15
1.90288176327158e-05,0.0003179404960139687,0.0003179404741939784,6.050119258425398e-11,6.050119394958994e-11,6.050119433220758e-11,6.050119433220758e-11,5.438185613485961e-18,5.496642053784777e-18,5.4369915782717404e-18,5.495475729121077e-18,3.4237032023349417e-16,3.437668393355001e-16,1.1865457753704525e-15,1.1900065402346968e-15,1.5289397860566902e-15,1.5337969906136016e-15
1.9088454905613617e-05,0.00031893692433504484,0.00031893690514639417,6.08810089094521e-11,6.088101025033162e-11,6.088101550671965e-11,6.088101550671965e-11,5.443621430881353e-18,5.501485196271275e-18,5.442427809257439e-18,5.500319698788188e-18,3.4386631276724327e-16,3.4526243482255518e-16,1.191634643438438e-15,1.1950965729729847e-15,1.5355247260677636e-15,1.5403827776576222e-15
1.9148214391861984e-05,0.0003199353620952916,0.00031993536003549483,6.126279570560607e-11,6.126279703378762e-11,6.126280038820653e-11,6.126280038820653e-11,5.449000586404785e-18,5.506272090476119e-18,5.4478073783711775e-18,5.505107006583338e-18,3.4536667281462666e-16,3.467620537161097e-16,1.1967409815609605e-15,1.2002042875240465e-15,1.5421314771772287e-15,1.5469901640417978e-15
1.920809467037543e-05,0.00032093584567499667,0.00032093583881709353,6.164655116973141e-11,6.164655249257302e-11,6.164655591556212e-11,6.164655591556212e-11,5.4543226664659514e-18,5.5110019092186974e-18,5.45312987202265e-18,5.509838066096835e-18,3.468711356778483e-16,3.482660136535189e-16,1.2018647897380202e-15,1.205329366250527e-15,1.5487597217477304e-15,1.5536192556452467e-15
1.9268097162239428e-05,0.000321938349604145,0.0003219383487657046,6.203229170644951e-11,6.203229302467312e-11,6.203229596657422e-11,6.203229596657422e-11,5.4595876710648514e-18,5.515675066089316e-18,5.458395290211856e-18,5.51451163655776e-18,3.4837999252448383e-16,3.497740499369868e-16,1.2070057503322617e-15,1.2104715973941895e-15,1.555409777416624e-15,1.5602696289514955e-15
1.9328220446368505e-05,0.00032294289208129046,0.0003229428826676539,6.242001548768315e-11,6.242001679974289e-11,6.242002054124285e-11,6.242002054124285e-11,5.464795600201485e-18,5.520290733907362e-18,5.463604046529103e-18,5.519128131556418e-18,3.4989305806607603e-16,3.5128650667364816e-16,1.2121639692228036e-15,1.2156308750759155e-15,1.5620811147883172e-15,1.5669414957187808e-15
1.9388465943848132e-05,0.0003239494658426323,0.00032394945516567297,6.280973900687211e-11,6.280974030682817e-11,6.28097435173558e-11,6.28097435173558e-11,5.469946453875853e-18,5.5248493262631414e-18,5.468755727384083e-18,5.5236871375025044e-18,3.514106234702005e-16,3.528031456354866e-16,1.217339234651409e-15,1.2208070934165865e-15,1.5687740515001655e-15,1.5736343265515106e-15
1.9448978605396405e-05,0.00032496049543084826,0.00032496049085994905,6.320241169549057e-11,6.320241298621973e-11,6.3202408584484e-11,6.320241552337791e-11,5.475053880568062e-18,5.529361596504618e-18,5.4738631540762916e-18,5.528200234924594e-18,3.529362092175443e-16,3.5432799022900154e-16,1.2225440403540499e-15,1.2260126402730562e-15,1.5755043635408113e-15,1.5803648503503933e-15
1.9509468529577134e-05,0.00032597114279520056,0.00032597114442634023,6.359615974992188e-11,6.359616103887279e-11,6.359615611906122e-11,6.359615611906122e-11,5.480093064859735e-18,5.5338060379358656e-18,5.478903165548577e-18,5.532645503536454e-18,3.544627743467334e-16,3.5585354950656573e-16,1.2277531871005454e-15,1.2312227399316174e-15,1.5822402871747327e-15,1.5871004563469595e-15
1.9570079246022942e-05,0.0003269838470757458,0.00032698382581486385,6.399192044735132e-11,6.39919217244045e-11,6.399192287176447e-11,6.399192287176447e-11,5.4850780688212855e-18,5.538195058266072e-18,5.483888583100434e-18,5.5370353510472726e-18,3.5599386580823433e-16,3.5738379393511943e-16,1.2329793803851044e-15,1.2364497802491237e-15,1.5889975983905723e-15,1.5938579793210359e-15
1.9630813596904773e-05,0.00032799856469822863,0.0003279985677350217,6.438971976353241e-11,6.43897210295173e-11,6.438971578148767e-11,6.438972272038157e-11,5.490008892452714e-18,5.542528657495237e-18,5.4888202339124754e-18,5.5413697774570505e-18,3.575297218300636e-16,3.589185117564258e-16,1.238222620207727e-15,1.2416940788629303e-15,1.5957767207048037e-15,1.6006369957561489e-15
1.9691670161137154e-05,0.00032901534665247256,0.0003290153410390184,6.478955585650923e-11,6.478955712092605e-11,6.478954872601861e-11,6.478955566491251e-11,5.494886776524939e-18,5.546808489984587e-18,5.493698531575007e-18,5.545650023536706e-18,3.5907021006332314e-16,3.604580470776197e-16,1.2434832242057682e-15,1.2469555298939188e-15,1.6025779717547821e-15,1.6074381409270089e-15
1.9752647517634614e-05,0.00033003416746230085,0.0003300341566139231,6.519142682822577e-11,6.51914280826046e-11,6.51914286442512e-11,6.51914286442512e-11,5.49971296180888e-18,5.55103455573412e-18,5.498525130449254e-18,5.549876916466852e-18,3.606155422662498e-16,3.620021087311255e-16,1.2487615100165834e-15,1.2522342392212076e-15,1.6094015632987443e-15,1.6142609913171423e-15
1.9813748508568096e-05,0.00033105503068975306,0.00033105502899521966,6.559535887925089e-11,6.559536012596588e-11,6.559536247507936e-11,6.559536247507936e-11,5.504487448304536e-18,5.555208095514756e-18,5.503300030535216e-18,5.554051283428101e-18,3.62165559620166e-16,3.635509878845188e-16,1.2540576893984093e-15,1.2575303127239151e-15,1.616247918853164e-15,1.6211059704430227e-15
1.987497171285213e-05,0.0003320779507586802,0.0003320779327055101,6.600135013915787e-11,6.600135137378267e-11,6.600135715739697e-11,6.600135715739697e-11,5.509210649602214e-18,5.559330350097414e-18,5.508024472603813e-18,5.5581743651913715e-18,3.6372036800419005e-16,3.651044198400036e-16,1.2593719741094828e-15,1.262843644522923e-15,1.6231171442971596e-15,1.6279727606672949e-15
1.9936318551572185e-05,0.0003331029129807206,0.00033310290775756535,6.640941757083275e-11,6.640941879117825e-11,6.640941963009794e-11,6.640941963009794e-11,5.513883806472832e-18,5.563401319482094e-18,5.5126980430647374e-18,5.562246161756664e-18,3.652798615392036e-16,3.6666264282559627e-16,1.2647044700289222e-15,1.268174234618231e-15,1.6300091337516126e-15,1.6348616796273141e-15
1.999778760364279e-05,0.0003341299318087576,0.0003341299213962534,6.681955927562858e-11,6.6819560486363e-11,6.681955683207619e-11,6.681956377097009e-11,5.518506505326085e-18,5.567422244439714e-18,5.517321155508296e-18,5.5662679138948966e-18,3.668440137554271e-16,3.6822533920394165e-16,1.2700548595193724e-15,1.2735221888889579e-15,1.6369237813374047e-15,1.6417724096857251e-15
2.005938029014942e-05,0.00033515900719810476,0.0003351589772468966,6.723179231365462e-11,6.723179349952794e-11,6.723178958001341e-11,6.723178958001341e-11,5.523078746161972e-18,5.571393124970275e-18,5.521894223524796e-18,5.57023962160607e-18,3.6841271877374206e-16,3.6979269426349692e-16,1.275423036701715e-15,1.2788876132142218e-15,1.6438607694171806e-15,1.6487052684798832e-15
2.01210951900066e-05,0.00033619012823732364,0.00033619011533181364,6.764611476028064e-11,6.764611591970497e-11,6.764611093501571e-11,6.764611093501571e-11,5.527601356161105e-18,5.575314374664083e-18,5.526417247114236e-18,5.574161284890184e-18,3.699859501243689e-16,3.713643903669069e-16,1.280808789817713e-15,1.2842704017149045e-15,1.6508197803535851e-15,1.655659938372433e-15
2.018293230321433e-05,0.00033722331314961496,0.0003372232956161403,6.806253419238715e-11,6.806253533298889e-11,6.80625347748709e-11,6.80625417137648e-11,5.5320739217331795e-18,5.579185579930831e-18,5.530890226276616e-18,5.578033730927851e-18,3.7156360192818925e-16,3.7294058633284913e-16,1.2862119071091298e-15,1.2896707661492427e-15,1.6578007082674998e-15,1.6626364193633746e-15
2.0244894471943553e-05,0.00033825855468760935,0.0003382585435580676,6.848107740707176e-11,6.848107852991327e-11,6.848107497736677e-11,6.848107497736677e-11,5.536496442878194e-18,5.583007567951132e-18,5.5353135746022435e-18,5.581856546128765e-18,3.7314564771542347e-16,3.7452101746352764e-16,1.2916321768177285e-15,1.2950884947589996e-15,1.6648030237633327e-15,1.669634711452708e-15
2.0306978854023328e-05,0.0003392958565220372,0.000339295848212684,6.890173287652552e-11,6.890173398729852e-11,6.890173154250334e-11,6.890173848139725e-11,5.540869746776762e-18,5.58677992513468e-18,5.5396872920911176e-18,5.585629316902619e-18,3.7473200807673277e-16,3.7610584257762004e-16,1.2970694930643906e-15,1.3005235875441752e-15,1.6718267268410838e-15,1.676654708761315e-15
2.0369186870539124e-05,0.000340335225948285,0.00034033521317489157,6.932451789255515e-11,6.932451899021298e-11,6.932452528696231e-11,6.932452528696231e-11,5.545193419838577e-18,5.590502237891169e-18,5.544011792333545e-18,5.58935245683972e-18,3.7632270948189674e-16,3.776948499168895e-16,1.302523538211761e-15,1.3059760445047696e-15,1.6788717116216346e-15,1.6836961995309583e-15
2.0431519942576415e-05,0.0003413766593652334,0.00034137663477940006,6.97494498531144e-11,6.974945092748507e-11,6.974944927184978e-11,6.974944927184978e-11,5.5494678756539446e-18,5.594174919810904e-18,5.548286661739219e-18,5.5930263795303745e-18,3.779177254611358e-16,3.7928819830001365e-16,1.3079944181389582e-15,1.311445442124309e-15,1.6859375545885116e-15,1.6907590778825199e-15
2.0493975227964256e-05,0.00034242015682350857,0.00034242014575924795,7.017651710613805e-11,7.017651815824335e-11,7.017651737495356e-11,7.017651737495356e-11,5.5536931142228655e-18,5.597798384484193e-18,5.552512727488752e-18,5.596650257793969e-18,3.795170824842295e-16,3.8088578184787406e-16,1.3134818152086268e-15,1.3169317804027935e-15,1.6930244674999515e-15,1.6978430261786444e-15
2.055655414778812e-05,0.0003434657220349191,0.0003434657061237578,7.060573708035207e-11,7.060573811557644e-11,7.060573653516755e-11,7.060573653516755e-11,5.557869962725952e-18,5.6013726319110345e-18,5.556689989582145e-18,5.6002253324014235e-18,3.8112083349073713e-16,3.8248778584892796e-16,1.3189858352998852e-15,1.3224346358237495e-15,1.7001322385977176e-15,1.7049479385402135e-15
2.0619258123133477e-05,0.00034451335507879044,0.0003445133486674745,7.103712731124667e-11,7.103712833247395e-11,7.103712756917346e-11,7.103712756917346e-11,5.561998007572898e-18,5.604897662091429e-18,5.5608188616097035e-18,5.603751189762431e-18,3.8272905788999743e-16,3.8409410442405694e-16,1.3245062666544967e-15,1.3279537966289401e-15,1.7072609737609282e-15,1.7120734973298719e-15
2.0682085732914857e-05,0.00034556307057337365,0.0003455630589170866,7.14706858351487e-11,7.147068684502455e-11,7.14706835380774e-11,7.14706835380774e-11,5.566078489534622e-18,5.608375129386602e-18,5.56490017075204e-18,5.607229484238216e-18,3.843418350913492e-16,3.85705002271057e-16,1.3300434269098165e-15,1.333489156939247e-15,1.7144109906269385e-15,1.719219808426738e-15
2.074503697713226e-05,0.0003466148539944536,0.00034661482968112445,7.190642045086234e-11,7.190642143809487e-11,7.190641831966715e-11,7.190641831966715e-11,5.5701118222014305e-18,5.611804620206247e-18,5.568934330599461e-18,5.610659802238474e-18,3.859592180343517e-16,3.8732037351080976e-16,1.3355973160658445e-15,1.3390406108755516e-15,1.7215822891957487e-15,1.7263867659516935e-15
2.0808111855785683e-05,0.0003476687089779551,0.0003476686974100973,7.234433896571786e-11,7.234433993031837e-11,7.234433885283664e-11,7.234434579173055e-11,5.574098832753936e-18,5.615187375321283e-18,5.572921341151967e-18,5.614043384534122e-18,3.875812861283437e-16,3.88940429901552e-16,1.3411681458808176e-15,1.3446082643169726e-15,1.7287752929838322e-15,1.733574581662975e-15
2.08713117899606e-05,0.00034872464277113657,0.0003487246257568577,7.278445910562179e-11,7.278446005215841e-11,7.278446595426757e-11,7.278446595426757e-11,5.578039521192139e-18,5.618523808322015e-18,5.576862856770782e-18,5.617380231125161e-18,3.892080923128844e-16,3.9056514497350417e-16,1.3467561281129727e-15,1.3501923290217465e-15,1.7359902137494259e-15,1.7407834673188196e-15
2.0934636779657012e-05,0.00034978265533686104,0.0003497826474655463,7.322678878017736e-11,7.322678971095519e-11,7.322679268506604e-11,7.322679268506604e-11,5.581934714696651e-18,5.621813919208445e-18,5.580758877455907e-18,5.620671582782509e-18,3.908397424670922e-16,3.9219465107556424e-16,1.352361368641428e-15,1.3557928049898736e-15,1.7432271573716482e-15,1.7480135287983455e-15
2.0998085403789446e-05,0.00035084275389707376,0.00035084274431840257,7.367132596265853e-11,7.367132688236458e-11,7.367133292301986e-11,7.367133292301986e-11,5.585784826857779e-18,5.625058535161184e-18,5.584609403207341e-18,5.623917025915861e-18,3.924762365909671e-16,3.93828895268173e-16,1.3579838674661836e-15,1.3614099039795905e-15,1.7504862297296176e-15,1.7552649778597895e-15
2.1061660504528845e-05,0.0003519049383760575,0.000351904919912549,7.411809851596497e-11,7.411809941784318e-11,7.411809360702293e-11,7.411809360702293e-11,5.589589857675523e-18,5.628257656180233e-18,5.588415261205698e-18,5.6271169741155224e-18,3.941176276240683e-16,3.954679834304489e-16,1.3636238363454764e-15,1.367043837749134e-15,1.7577676425815708e-15,1.7625379203822702e-15
2.1125357818618795e-05,0.00035296920140398536,0.00035296918147242895,7.45670844107195e-11,7.456708528814109e-11,7.456708861486305e-11,7.456708861486305e-11,5.593349807149883e-18,5.631412109446204e-18,5.59217603786067e-18,5.6302718409718e-18,3.9576386262683665e-16,3.9711183615305306e-16,1.369280957641951e-15,1.3726945004193859e-15,1.765071184169271e-15,1.7698325681240242e-15
2.118918160931571e-05,0.00035403555380447704,0.00035403554349888733,7.501832164590099e-11,7.501832250402408e-11,7.501832488543414e-11,7.501832488543414e-11,5.597065088871165e-18,5.634521481368791e-18,5.595891733172258e-18,5.633382453665305e-18,3.974149415992721e-16,3.9876047990576515e-16,1.374955337234726e-15,1.3783619978694644e-15,1.7723967486135998e-15,1.7771488152059332e-15
2.125313045553412e-05,0.0003551039882330742,0.00035510396956506263,7.547180820111252e-11,7.547180904070732e-11,7.547180935763009e-11,7.547180935763009e-11,5.6007352892490624e-18,5.637586599128606e-18,5.5995627607307685e-18,5.636447985015427e-18,3.9907078513203584e-16,4.0041383527924634e-16,1.380646657486446e-15,1.384046435978488e-15,1.7797439123980836e-15,1.7844866616279972e-15
2.1317204357274022e-05,0.00035617452285002793,0.0003561745032862884,7.592755209540095e-11,7.592755291049918e-11,7.592754897034482e-11,7.592754897034482e-11,5.604360821873882e-18,5.6406070491353435e-18,5.603188706945895e-18,5.639469262202777e-18,4.007313402855687e-16,4.0207184933393743e-16,1.3863543890015192e-15,1.3897476029882199e-15,1.7871122520062488e-15,1.7918458956319794e-15
2.138140331453542e-05,0.0003572471431269042,0.0003572471227796248,7.638556136583502e-11,7.638556215531079e-11,7.638555760136612e-11,7.638555760136612e-11,5.607941273155318e-18,5.6435836585696155e-18,5.606769985407943e-18,5.6424466988176614e-18,4.0239652765053184e-16,4.037344691302792e-16,1.392078425900827e-15,1.39546549889866e-15,1.7945015556798585e-15,1.7992265172178798e-15
2.144572732731831e-05,0.0003583218491088891,0.0003583218389119347,7.684584405587117e-11,7.684584482569967e-11,7.68458421895879e-11,7.68458421895879e-11,5.611477470273982e-18,5.64651560025081e-18,5.6103065961169135e-18,5.645379467679468e-18,4.040662942873661e-16,4.054015623193737e-16,1.397818450547014e-15,1.40120001783069e-15,1.801911399902439e-15,1.8066281028692247e-15
2.1510176395622693e-05,0.00035939865905654234,0.00035939864799183763,7.730840823641327e-11,7.730840899253884e-11,7.730840967390407e-11,7.730840967390407e-11,5.614969413229875e-18,5.649403701359539e-18,5.6137989526631124e-18,5.6482683959688096e-18,4.057405078471734e-16,4.0707312890122084e-16,1.4035741453027255e-15,1.4069507362678363e-15,1.809341361157517e-15,1.814050652586014e-15
2.1574751940534043e-05,0.0003604775730489673,0.00036047755725276964,7.77732722359827e-11,7.777327297476268e-11,7.777327393210243e-11,7.777327393210243e-11,5.618417102022996e-18,5.652247961895802e-18,5.617247468636846e-18,5.6511130700953795e-18,4.0741919479973343e-16,4.087490894664819e-16,1.4093454042888426e-15,1.4127173365727436e-15,1.816791439445092e-15,1.821493319335301e-15
2.1639452540966886e-05,0.00036155858024655707,0.0003615585557935619,7.82404339625071e-11,7.824043467524563e-11,7.824043496418298e-11,7.824043496418298e-11,5.621821363833958e-18,5.655047968269294e-18,5.620652144038114e-18,5.653913903649484e-18,4.0910227573570733e-16,4.104294175453772e-16,1.4151321216262472e-15,1.418499606987175e-15,1.824261423006928e-15,1.828955891358848e-15
2.1704279618006694e-05,0.00036264168070049285,0.00036264167642829914,7.870991182359375e-11,7.870991251771056e-11,7.870990664793354e-11,7.870990664793354e-11,5.625181371482148e-18,5.657803720480015e-18,5.624012978866917e-18,5.656670483040817e-18,4.107897771248747e-16,4.121140866681272e-16,1.420934509073176e-15,1.4242970181155387e-15,1.831751311843024e-15,1.836438156898419e-15
2.1769231750567997e-05,0.00036372688898822503,0.00036372687926722325,7.91817036998616e-11,7.918170438488954e-11,7.91817028611419e-11,7.91817028611419e-11,5.628498365738486e-18,5.66051563211827e-18,5.627329973123255e-18,5.659383221859685e-18,4.1248169896723557e-16,4.138031762440707e-16,1.4267524607505105e-15,1.4301093581995977e-15,1.8392613177116175e-15,1.8439396924375398e-15
2.1834310359736264e-05,0.00036481421238948597,0.0003648141972076857,7.965582811585739e-11,7.965582878467893e-11,7.965582360380807e-11,7.965582360380807e-11,5.631771519422358e-18,5.6631837031840595e-18,5.63060395398774e-18,5.662051706515781e-18,4.141781206721287e-16,4.1549660686386884e-16,1.4325860825373693e-15,1.4359366272393521e-15,1.8467912288544714e-15,1.851460286217974e-15
2.1899514024426026e-05,0.0003659036290773465,0.000365903612181806,8.013228292703568e-11,8.013228357494162e-11,8.013228275371986e-11,8.013228275371986e-11,5.635001659714378e-18,5.66580834726769e-18,5.6338345078700656e-18,5.664677177780024e-18,4.1587906870933376e-16,4.171945902857585e-16,1.4384352685546339e-15,1.4417787193556834e-15,1.8543414687880594e-15,1.8590005735144317e-15
2.1964845586808224e-05,0.00036699515726373866,0.0003669951424547513,8.061109715483248e-11,8.061109778202535e-11,8.061109418866508e-11,8.061109418866508e-11,5.6381883730242384e-18,5.668389150778856e-18,5.637022048360539e-18,5.667258808471802e-18,4.175845960184099e-16,4.1889707357018044e-16,1.444300230560541e-15,1.447635952185947e-15,1.8619120375123815e-15,1.8665603425686763e-15
2.2030302204711916e-05,0.00036808880790567544,0.000368088780770659,8.109225825718473e-11,8.109225885692247e-11,8.109225790864372e-11,8.109225790864372e-11,5.64133165935194e-18,5.670927354488475e-18,5.64016533468824e-18,5.669797425771727e-18,4.1929483494825513e-16,4.206042420055919e-16,1.4501808626759725e-15,1.4535085374883794e-15,1.8695029350274377e-15,1.8741400168971814e-15
2.2095885299222573e-05,0.0003691845519449011,0.000369184534372069,8.157578494157743e-11,8.157578551199438e-11,8.157578779144359e-11,8.157578779144359e-11,5.644431105107176e-18,5.673422544806241e-18,5.643265607624089e-18,5.672293443270106e-18,4.210098119686491e-16,4.22316016182654e-16,1.4560772707800465e-15,1.459396792900336e-15,1.8771145848497017e-15,1.8817402317746574e-15
2.2161594870340195e-05,0.0003702824184955711,0.0003702824032095764,8.206168551641034e-11,8.20616860652359e-11,8.20616907759586e-11,8.20616907759586e-11,5.647486296699641e-18,5.675875548912767e-18,5.646321626397166e-18,5.674746860966938e-18,4.2272965942848973e-16,4.2403266079916286e-16,1.4619896666309999e-15,1.465300718421817e-15,1.8847467752209366e-15,1.8893607754428676e-15
2.2227432339150255e-05,0.00037138239660250427,0.0003713823871992483,8.254997885772572e-11,8.25499793902965e-11,8.254997380108264e-11,8.254997380108264e-11,5.65049764771964e-18,5.67828553962744e-18,5.649332977417165e-18,5.677157678862224e-18,4.244543773277771e-16,4.257540435062204e-16,1.4679181561079511e-15,1.4712205258110588e-15,1.8924001414158528e-15,1.8970020714182854e-15
2.2293394863481808e-05,0.0003724844934477334,0.00037248448263471623,8.304065223606947e-11,8.304065275530509e-11,8.304065074460354e-11,8.304065768349744e-11,5.653464744576868e-18,5.6806537577211795e-18,5.652300487864699e-18,5.67952631054627e-18,4.261840980154092e-16,4.274804025318431e-16,1.4738628450900186e-15,1.4771563209471802e-15,1.9000744716762136e-15,1.904664331459148e-15
2.2359485285505798e-05,0.00037358871254400405,0.00037358870033532554,8.353373516651732e-11,8.353373567053781e-11,8.353373548430909e-11,8.353373548430909e-11,5.656386760090711e-18,5.682978962423066e-18,5.655222916968849e-18,5.681852342428769e-18,4.279187950216064e-16,4.2921157905735326e-16,1.4798235218189655e-15,1.483107892071944e-15,1.9077699777602557e-15,1.912347132048981e-15
2.2425702184136753e-05,0.00037469504650511354,0.0003746950365886015,8.402922546471878e-11,8.402922595408864e-11,8.40292280201993e-11,8.40292280201993e-11,5.659264107851477e-18,5.685262394504019e-18,5.6581010919102275e-18,5.684136188100028e-18,4.296584683463687e-16,4.3094775837120816e-16,1.485799974536555e-15,1.4890752391853506e-15,1.9154862361515056e-15,1.920050684946022e-15
2.2492046980460145e-05,0.0003758035170923213,0.0003758035058962772,8.452714220814749e-11,8.452714268351026e-11,8.452713529116807e-11,8.452713529116807e-11,5.662096787859165e-18,5.6875028131931185e-18,5.660933771917915e-18,5.686377020379434e-18,4.3140309151991655e-16,4.3268872871517097e-16,1.4917920973636688e-15,1.4950579387709262e-15,1.9232230350917263e-15,1.9277745666337973e-15
2.2558518253390503e-05,0.00037691409518625374,0.00037691408641604696,8.502748318660005e-11,8.5027483648691e-11,8.50274781138971e-11,8.50274781138971e-11,5.6648843865234686e-18,5.689700218490366e-18,5.663721784172525e-18,5.6885752528572935e-18,4.331526116026907e-16,4.344346489079193e-16,1.4977992550255963e-15,1.5010559908286707e-15,1.9309799510644444e-15,1.9355185653540698e-15
2.2625116002927825e-05,0.0003780268062919534,0.00037802679634602043,8.553025683732131e-11,8.553025728694774e-11,8.553025648838641e-11,8.553025648838641e-11,5.6676273174346944e-18,5.691855023986066e-18,5.6664651286740574e-18,5.690730885533607e-18,4.3490697565513198e-16,4.361852542516571e-16,1.5038213416432192e-15,1.5070689718421106e-15,1.9387563487949493e-15,1.943282045832129e-15
2.2691841650157585e-05,0.00037914165410690703,0.0003791416357148414,8.603548239314205e-11,8.603548282385978e-11,8.60354842924238e-11,8.60354842924238e-11,5.670325580592842e-18,5.693966816089914e-18,5.669163805422512e-18,5.692843091227761e-18,4.3666610426790155e-16,4.3794065062550285e-16,1.5098581454583006e-15,1.513096670053009e-15,1.946552228283241e-15,1.951065431584449e-15
2.275869519507978e-05,0.00038025861686774576,0.0003802586082006787,8.654316839443736e-11,8.65431688070651e-11,8.654316846490318e-11,8.654316846490318e-11,5.672979589588219e-18,5.696035181211603e-18,5.671818228008194e-18,5.69491145634945e-18,4.38429891561881e-16,4.397005733316605e-16,1.5159093488334853e-15,1.5191389795822475e-15,1.954367377771083e-15,1.958867663819845e-15
2.2825676637694414e-05,0.0003813777273733443,0.0003813777029153531,8.70533234052874e-11,8.70533237957275e-11,8.705332288361234e-11,8.705332288361234e-11,5.675588930830517e-18,5.6980597057608266e-18,5.674427982840799e-18,5.696936808079286e-18,4.401982845975112e-16,4.41465154719028e-16,1.5219749517687733e-15,1.5251957945507078e-15,1.962201373742001e-15,1.9666891660547912e-15
2.2892785978001484e-05,0.000382498952929744,0.0003824989380818433,8.756595600619835e-11,8.756595637026052e-11,8.75659544874452e-11,8.75659544874452e-11,5.678154017910044e-18,5.700040389737585e-18,5.676993069920326e-18,5.69891790564635e-18,4.4197123043523284e-16,4.43234156559589e-16,1.5280548483850463e-15,1.5312670090792714e-15,1.9700544279542325e-15,1.974529514772814e-15
2.296002179491552e-05,0.0003836223263298244,0.0003836223064390687,8.808106390686078e-11,8.808106424756614e-11,8.808106327640175e-11,8.808106327640175e-11,5.680674437236493e-18,5.701977233141878e-18,5.6795139028370814e-18,5.7008551626409495e-18,4.437486761354868e-16,4.450077112022415e-16,1.534149250440541e-15,1.53735251728882e-15,1.9779263286495404e-15,1.982388498215676e-15
2.3027386930607463e-05,0.0003847478367229318,0.00038474780438746414,8.859867750981768e-11,8.859867781534076e-11,8.859867006716371e-11,8.859867006716371e-11,5.683149361629252e-18,5.703870235973705e-18,5.681989240820146e-18,5.7027485790630834e-18,4.455306481680526e-16,4.467855804189691e-16,1.540258052056139e-15,1.543452213300235e-15,1.9858170758279246e-15,1.990266116383378e-15
2.3094878542906372e-05,0.0003858754768868433,0.00038587545742885254,8.911878360892419e-11,8.911878387949104e-11,8.911878873751888e-11,8.911878873751888e-11,5.68557879108832e-18,5.705718571052455e-18,5.684419083869521e-18,5.704597741322446e-18,4.473170935933711e-16,4.485680553773473e-16,1.5463813591109587e-15,1.549565991234398e-15,1.993726881247622e-15,1.9981623692759192e-15
2.3162661477726942e-05,0.00038700796986623764,0.00038700795226098705,8.964266669187581e-11,8.96426669373201e-11,8.964266828836998e-11,8.964266828836998e-11,5.687966861516761e-18,5.7075276150521085e-18,5.686807567888268e-18,5.706406785322099e-18,4.491123799250766e-16,4.503591594838758e-16,1.552534206439814e-15,1.5557085682887679e-15,2.0016752266664196e-15,2.0060963151346135e-15
2.3230410306496196e-05,0.0003881399132943386,0.00038813988658792375,9.016782030394677e-11,9.016782051937043e-11,9.016782459569939e-11,9.016782459569939e-11,5.690301992385998e-18,5.709287441805315e-18,5.689142698757505e-18,5.708167439255918e-18,4.509080368336965e-16,4.521506341673186e-16,1.558687265526906e-15,1.561850721826664e-15,2.009623995601691e-15,2.014030049235071e-15
2.329828845404336e-05,0.0003892739864905792,0.00038927396527399516,9.069551445789493e-11,9.069551464078933e-11,9.069551359930372e-11,9.069551359930372e-11,5.6925883195990946e-18,5.71100301439575e-18,5.691429439560908e-18,5.7098834254366595e-18,4.527082994839672e-16,4.539466087132937e-16,1.5648553594488118e-15,1.5680072749246635e-15,2.0175924580529856e-15,2.021982418060368e-15
2.3366294499282958e-05,0.0003904102076053295,0.00039041018107655034,9.12257468436578e-11,9.122574699408246e-11,9.122574223807689e-11,9.122574223807689e-11,5.6948258431560505e-18,5.712673505642801e-18,5.69366737670817e-18,5.711554330274017e-18,4.545133266945661e-16,4.557474007591564e-16,1.5710384882055314e-15,1.5741783334618847e-15,2.025580614020304e-15,2.0299544804016885e-15
2.3434428442214994e-05,0.0003915485875164437,0.0003915485594481183,9.175852620287811e-11,9.175852631610361e-11,9.17585313287006e-11,9.17585313287006e-11,5.697013735876253e-18,5.714298501956161e-18,5.695855269428373e-18,5.713179326587377e-18,4.563231714050525e-16,4.575527985466697e-16,1.5772367576761832e-15,1.580364003317446e-15,2.033588675261883e-15,2.0379456009843224e-15
2.350269170392494e-05,0.000392689104346311,0.0003926890857928189,9.22938724309024e-11,9.229387251230234e-11,9.229387393228095e-11,9.229387393228095e-11,5.699151997759703e-18,5.715877176155219e-18,5.697993531311822e-18,5.714758414376741e-18,4.581379394945448e-16,4.593631726527482e-16,1.5834500619816487e-15,1.5865646021287027e-15,2.0416168535359594e-15,2.0459566268412168e-15
2.357108428441279e-05,0.00039383177624396914,0.0003938317636842381,9.283179435721388e-11,9.283179441733469e-11,9.283179086549964e-11,9.283179086549964e-11,5.701239801625787e-18,5.717408701059361e-18,5.7000817487682124e-18,5.716290352871189e-18,4.599576839026023e-16,4.611783642587141e-16,1.5896782952428096e-15,1.5927802357747732e-15,2.049664937084296e-15,2.0539875579723716e-15
2.363960476259308e-05,0.00039497659950948893,0.0003949765784865278,9.337228962820633e-11,9.337228966531611e-11,9.337228906725059e-11,9.337228906725059e-11,5.7032767338841985e-18,5.718893076668587e-18,5.7021190946169305e-18,5.717775142070722e-18,4.617825105083433e-16,4.629986380623636e-16,1.5959213515805474e-15,1.5990106924974206e-15,2.0577329259068933e-15,2.06203818261955e-15
2.370825455955128e-05,0.00039612358137297576,0.00039612355558227286,9.391537829611808e-11,9.391537830109037e-11,9.39153754764277e-11,9.39153754764277e-11,5.7052632081252446e-18,5.720329062211979e-18,5.704105568857977e-18,5.71921154120442e-18,4.636123663722086e-16,4.648237293659006e-16,1.602178913357507e-15,1.605255972296645e-15,2.0658203964872774e-15,2.070108712540989e-15
2.3777033675287385e-05,0.0003972727181640323,0.0003972727021994693,9.446106925522262e-11,9.446106923147602e-11,9.446107090971267e-11,9.446107090971267e-11,5.707198810758619e-18,5.721716657689537e-18,5.706041585081657e-18,5.720599136681978e-18,4.654473573733166e-16,4.666540616857988e-16,1.6084508746945698e-15,1.6115158634142095e-15,2.0739273488254483e-15,2.0781991477366885e-15
2.38459421098014e-05,0.00039842401351636303,0.0003984239928509492,9.500937141650275e-11,9.500937136751501e-11,9.500936842821162e-11,9.500936842821162e-11,5.7090831281940145e-18,5.723055035920648e-18,5.707926316107359e-18,5.721938342093701e-18,4.67287377632549e-16,4.684891585660252e-16,1.6147368120752624e-15,1.6177902599709957e-15,2.0820535711631692e-15,2.0863086411737012e-15
2.391497844200785e-05,0.00039957746745444833,0.0003995774493750215,9.556028236991817e-11,9.55602822941824e-11,9.556028884860623e-11,9.556028884860623e-11,5.7109169876120445e-18,5.724345024085924e-18,5.709760175525389e-18,5.723228743849284e-18,4.6913242714990565e-16,4.703293905834944e-16,1.6210367254995846e-15,1.6240788443296485e-15,2.0901984282257298e-15,2.094437404610264e-15
2.398414551407768e-05,0.0004007330873014858,0.00040073306813770415,9.611383374810867e-11,9.611383364661286e-11,9.611383910979043e-11,9.611383910979043e-11,5.712699561832096e-18,5.72558620859506e-18,5.711543163335747e-18,5.72446992835842e-18,4.709824529858274e-16,4.721743871612919e-16,1.6273502973301814e-15,1.6303815106110493e-15,2.0983621317713667e-15,2.10258522628814e-15
2.4053443326010893e-05,0.00040189086949316,0.00040189085277630987,9.667003458821913e-11,9.667003446185882e-11,9.667002615065812e-11,9.667002615065812e-11,5.714431678034782e-18,5.726778175857749e-18,5.713275279538433e-18,5.725662309211415e-18,4.72837349261196e-16,4.740243600576545e-16,1.6336775275670526e-15,1.6366980470569614e-15,2.1065442582836064e-15,2.110751894449092e-15
2.412286903563654e-05,0.0004030508141154021,0.00040305079599711746,9.722887106413701e-11,9.722887091359217e-11,9.72288638489971e-11,9.72288638489971e-11,5.71611250903949e-18,5.727921339464297e-18,5.714956524133447e-18,5.726805886408269e-18,4.746970100968928e-16,4.758788857561085e-16,1.6400185220893167e-15,1.6430284536673848e-15,2.1147450195206858e-15,2.1189367738184105e-15
2.4192425485125568e-05,0.0004042129248819082,0.0004042129087138413,9.779037505899591e-11,9.77903748846027e-11,9.779036608259517e-11,9.779036608259517e-11,5.717742468436526e-18,5.729015699414705e-18,5.716586483530483e-18,5.727900659948983e-18,4.765613825533587e-16,4.777382289544501e-16,1.6463734926552105e-15,1.6493725186840827e-15,2.1229644154826047e-15,2.1271402879125684e-15
2.4262109832307033e-05,0.0004053772127492472,0.00040537719824507157,9.83545326612497e-11,9.835453246548274e-11,9.835453285145235e-11,9.835453285145235e-11,5.719320729045277e-18,5.7300608421186655e-18,5.718164744139234e-18,5.7289466298335566e-18,4.784304136910345e-16,4.796020190757648e-16,1.6527425451438524e-15,1.6557301362279367e-15,2.1312026579276e-15,2.1353618014568554e-15
2.4331924919351877e-05,0.0004065436704396852,0.000406543657406333,9.892137593258332e-11,9.892137571759101e-11,9.892137803335643e-11,9.892137803335643e-11,5.720846463685131e-18,5.731057181166486e-18,5.7196908923693945e-18,5.729942968881377e-18,4.80304050570361e-16,4.814705208178486e-16,1.6591262089508344e-15,1.66210109454071e-15,2.1394599586139085e-15,2.1436013144512716e-15
2.44018707462601e-05,0.0004077122978961567,0.00040771227902758334,9.94909140027854e-11,9.949091376547901e-11,9.949091550609523e-11,9.949091550609523e-11,5.7223188451754755e-18,5.7320038893775526e-18,5.721163273859739e-18,5.73089009068275e-18,4.82182240251779e-16,4.833433636037871e-16,1.6655244840761566e-15,1.6684856053806392e-15,2.147736529299767e-15,2.151858826895817e-15
2.4471947313031706e-05,0.0004088831023107975,0.0004088830814039657,1.0006315602366528e-10,1.0006315575848565e-10,1.0006315220856266e-10,1.0006315220856266e-10,5.723737046335698e-18,5.732900139571254e-18,5.722581888610267e-18,5.7317867544667574e-18,4.840650356748477e-16,4.852208650709354e-16,1.6719375822780557e-15,1.6748838805059614e-15,2.1560323699851757e-15,2.1601345505487283e-15
2.4542151777495747e-05,0.00041005607634581054,0.0004100560646154161,1.0063808788832737e-10,1.0063808760023494e-10,1.006380950796526e-10,1.006380950796526e-10,5.725099826394879e-18,5.7337463453378956e-18,5.723945082259755e-18,5.7326333738237055e-18,4.859523839000079e-16,4.871028134610569e-16,1.6783653976774134e-15,1.6812960257957948e-15,2.1643476924283712e-15,2.1684286971682424e-15
2.461248982399411e-05,0.00041123124180397763,0.0004112312177664279,1.0121576534405273e-10,1.0121576503080183e-10,1.0121575799715288e-10,1.0121575799715288e-10,5.726406358172406e-18,5.734540852316253e-18,5.7252520276275885e-18,5.733428294392369e-18,4.878444437459372e-16,4.889894734719474e-16,1.6848078243951112e-15,1.6877224647666132e-15,2.1726822848711167e-15,2.1767419020290698e-15
2.468295576818491e-05,0.0004124085768837382,0.0004124085481116424,1.0179615091902242e-10,1.0179615056855872e-10,1.017961548388513e-10,1.017961548388513e-10,5.727655400897361e-18,5.735284074096632e-18,5.7265010703525436e-18,5.734171516172748e-18,4.897411622730764e-16,4.908806333453703e-16,1.6912647565520307e-15,1.6941635150557717e-15,2.1810361473134122e-15,2.1850741651312103e-15
2.475355245223909e-05,0.00041358809618596837,0.00041358807742408743,1.0237927718060748e-10,1.0237927679658636e-10,1.0237928560474785e-10,1.0237928560474785e-10,5.728846540979438e-18,5.735974356317807e-18,5.72769221043462e-18,5.734862625574536e-18,4.916426453605439e-16,4.927766636582398e-16,1.6977360882690536e-15,1.7006193884215072e-15,2.189408856238784e-15,2.1934261217493745e-15
2.4824282718327595e-05,0.00041476979611843046,0.0004147697728797972,1.029651769219995e-10,1.0296517650827131e-10,1.0296516417263035e-10,1.0296516417263035e-10,5.7299785376477165e-18,5.736611698979779e-18,5.728824620693205e-18,5.735500381826814e-18,4.935491047665765e-16,4.946773526523192e-16,1.7042217136670613e-15,1.7070902966220564e-15,2.197801046921943e-15,2.2017977718835624e-15
2.4895140882108535e-05,0.0004159536766946692,0.00041595366712265935,1.0355381232093212e-10,1.0355381188395492e-10,1.0355381135918051e-10,1.0355381135918051e-10,5.7310509773118915e-18,5.737195688492242e-18,5.729897473947686e-18,5.736084371339277e-18,4.954604346120558e-16,4.96583070904523e-16,1.7107215268669356e-15,1.7135762396574194e-15,2.206212295846415e-15,2.2101895390502476e-15
2.4966129785752855e-05,0.00041713975609403153,0.0004171397418746281,1.0414521621520165e-10,1.0414521576133518e-10,1.0414522022550443e-10,1.0414522022550443e-10,5.732063859971963e-18,5.737725497674582e-18,5.730910770198064e-18,5.736614594111923e-18,4.973769525343371e-16,4.984936595961735e-16,1.7172356337477948e-15,1.7200771116484778e-15,2.214642814770437e-15,2.2186009997329564e-15
2.5037252271431498e-05,0.00041832802336794206,0.000418328007975477,1.0473942166699917e-10,1.04739421192072e-10,1.0473941158828382e-10,1.0473941158828382e-10,5.733017599218236e-18,5.7382007129364936e-18,5.7318645094443374e-18,5.737090222964141e-18,4.992984467751835e-16,5.004093834250667e-16,1.7237639284305205e-15,1.726592806716113e-15,2.223092815452246e-15,2.2270325774481625e-15
2.5108502654802578e-05,0.0004195184784890893,0.0004195184544690811,1.0533639051163348e-10,1.0533639000862477e-10,1.0533639932530647e-10,1.0533639238641257e-10,5.7339121950507124e-18,5.738621334277977e-18,5.7327591052768135e-18,5.737511671486237e-18,5.012252349719502e-16,5.023300306329658e-16,1.7303065167942311e-15,1.7331227954647333e-15,2.2315622978918417e-15,2.235483213404682e-15
2.517988662020798e-05,0.0004207111214571402,0.0004207110959160154,1.0593617971858505e-10,1.0593617918019763e-10,1.059361764976785e-10,1.059361764976785e-10,5.734747233879085e-18,5.7389873616990315e-18,5.733594971285798e-18,5.737878112497598e-18,5.0315705242684125e-16,5.042559717967853e-16,1.7368631870806899e-15,1.7396670778943384e-15,2.2400508385727507e-15,2.243953542877225e-15
2.5251401325476763e-05,0.00042190595956559385,0.0004219059469077191,1.0653877484062288e-10,1.0653877427491757e-10,1.0653877086097552e-10,1.0653877086097552e-10,5.735524370064578e-18,5.739299208789964e-18,5.734372521061598e-18,5.7381899595885304e-18,5.050941638376526e-16,5.061868363396107e-16,1.7434341510481335e-15,1.7462251246093364e-15,2.2485588610114465e-15,2.2524425070746075e-15
2.5323046770608926e-05,0.00042310299648662397,0.0004231029784156348,1.0714418526859313e-10,1.0714418468087198e-10,1.0714418935409142e-10,1.0714418935409142e-10,5.736243603607193e-18,5.739556048370162e-18,5.735091754604213e-18,5.738447626349341e-18,5.070362515670291e-16,5.08122888959238e-16,1.7500193028174437e-15,1.7527971473679641e-15,2.257086365207929e-15,2.26095074127154e-15
2.539482579777541e-05,0.00042430223224654284,0.0004243022050687273,1.0775244449793572e-10,1.0775244387773543e-10,1.0775243197702622e-10,1.0775243197702622e-10,5.7369053480972356e-18,5.7397591212105435e-18,5.735753912684562e-18,5.738651112780029e-18,5.089835803127668e-16,5.10063812018312e-16,1.7566189600259755e-15,1.7593829344119847e-15,2.2656333511621987e-15,2.2694773984350755e-15
2.5466732722634333e-05,0.00042550366320825983,0.00042550364513416206,1.083635137846271e-10,1.0836351313188754e-10,1.0836352648535552e-10,1.0836351954646162e-10,5.737510430715318e-18,5.739908427311109e-18,5.7363594088929506e-18,5.738800832470901e-18,5.109356736188327e-16,5.120097643355104e-16,1.7632332285528476e-15,1.765982697499635e-15,2.274199818874255e-15,2.278023113839924e-15
2.553877607169852e-05,0.00042670729300475774,0.0004267072804653438,1.089774750985749e-10,1.0897747442378034e-10,1.0897746594018543e-10,1.0897746594018543e-10,5.738059265051747e-18,5.740003553081553e-18,5.7369082432293795e-18,5.738896371831651e-18,5.128928491225822e-16,5.139604282734778e-16,1.769862426035415e-15,1.7725967542682702e-15,2.282786191860572e-15,2.286587887486086e-15
2.5610947318455146e-05,0.00042791313618517623,0.00042791311107648333,1.095942653173581e-10,1.0959426461539243e-10,1.0959427115819764e-10,1.0959426421930374e-10,5.73855102392591e-18,5.740044498521874e-18,5.737400829284155e-18,5.738938144452585e-18,5.148546303679823e-16,5.15915962650892e-16,1.7765065524736777e-15,1.779225316476127e-15,2.2913922583629124e-15,2.2951721428900347e-15
2.5683252147246094e-05,0.0004291211709237519,0.0004291211587807986,1.102139425057929e-10,1.1021394177689248e-10,1.1021394213939217e-10,1.1021394213939217e-10,5.738986534518419e-18,5.740032090812686e-18,5.737836339876664e-18,5.7389261503337026e-18,5.168213349923884e-16,5.178760498303976e-16,1.783165925504991e-15,1.7858688076396794e-15,2.30001844189775e-15,2.3037758800517703e-15
2.5755690558071365e-05,0.00043033142632953325,0.00043033141264747776,1.108365163090397e-10,1.1083651556143205e-10,1.1083650663934463e-10,1.1083650663934463e-10,5.7393641424680494e-18,5.739965916363682e-18,5.738214775006907e-18,5.738860389475005e-18,5.187925394793268e-16,5.198409015702316e-16,1.7898407568875917e-15,1.7925273336380455e-15,2.3086643189486116e-15,2.3123993107295295e-15
2.5828259708760015e-05,0.0004315438769310065,0.00043154386537480605,1.114619718966111e-10,1.1146197113068827e-10,1.1146195771916112e-10,1.1146195771916112e-10,5.7396842613651075e-18,5.7398459751748616e-18,5.738534893903965e-18,5.738740861876491e-18,5.207685614661527e-16,5.218102002330386e-16,1.796530834863243e-15,1.799201106229462e-15,2.317330736548444e-15,2.3210424349233124e-15
2.5900959599312046e-05,0.00043275855545688025,0.00043275852059321274,1.1209031881899563e-10,1.120903180193256e-10,1.1209032313441725e-10,1.1209031619552334e-10,5.739945236848368e-18,5.7396722672462254e-18,5.738796282977532e-18,5.738567567538161e-18,5.227490833155108e-16,5.237842105166148e-16,1.8032367947066552e-15,1.8058901254139293e-15,2.326017059422537e-15,2.3297056761495925e-15
2.59737930718984e-05,0.0004339754327855605,0.00043397540740142126,1.127215912807188e-10,1.127215904371682e-10,1.1272159594621911e-10,1.1272159594621911e-10,5.7401466553275246e-18,5.739444378987467e-18,5.738998115046995e-18,5.738340092869709e-18,5.247343697251973e-16,5.25762667723164e-16,1.809958212901355e-15,1.8125948147079208e-15,2.3347239228456006e-15,2.338388822650133e-15
2.6046760126519075e-05,0.00043519452345741616,0.00043519450398021853,1.1335579899743713e-10,1.1335579812115252e-10,1.1335579697124842e-10,1.1335579697124842e-10,5.740288103212271e-18,5.73916189680828e-18,5.739140390112354e-18,5.738058851461441e-18,5.267242089369753e-16,5.277458894900416e-16,1.816695301205579e-15,1.8193149623531996e-15,2.3434509033011617e-15,2.347092297941408e-15
2.611985792100313e-05,0.00043641583475750867,0.0004364158176193289,1.1399292694578682e-10,1.1399292604273717e-10,1.1399293314839909e-10,1.1399293314839909e-10,5.740369994092914e-18,5.7388256478892774e-18,5.7392222809929966e-18,5.737722602542438e-18,5.287189185881999e-16,5.297337169985698e-16,1.82344784786109e-15,1.8260507801080026e-15,2.3521984243056937e-15,2.35581589026518e-15
2.619308929752151e-05,0.00043763936306095985,0.00043763933740326166,1.1463300959867972e-10,1.1463300866429006e-10,1.1463301835545892e-10,1.1463301141656501e-10,5.74039150078884e-18,5.7384339778692336e-18,5.739244201279229e-18,5.737331759703007e-18,5.307182869206345e-16,5.317263620069855e-16,1.8302162763843624e-15,1.8328024797305666e-15,2.360966062342723e-15,2.3645602348961597e-15
2.6266454256074212e-05,0.00043886510111945665,0.00043886507787460616,1.1527605673553827e-10,1.1527605576527127e-10,1.152760595313218e-10,1.152760595313218e-10,5.740353450480663e-18,5.737987713928761e-18,5.739206978151664e-18,5.7368859093528406e-18,5.327227903903118e-16,5.337237715757296e-16,1.8369999515006853e-15,1.839569637704418e-15,2.36975445268696e-15,2.3733249083178736e-15
2.6339952796661237e-05,0.00044009306714898333,0.0004400930390009439,1.1592207816158602e-10,1.15922077153546e-10,1.1592207055377557e-10,1.1592206361488167e-10,5.7402570839393004e-18,5.737486442477554e-18,5.739110611610302e-18,5.736385465082246e-18,5.347321113598766e-16,5.357261574630387e-16,1.8437992967265324e-15,1.8463526775460305e-15,2.3785629600636942e-15,2.382110545805032e-15
2.641358207711164e-05,0.0004413232502525899,0.0004413232353164265,1.1657105865386125e-10,1.1657105761409865e-10,1.165710583617141e-10,1.165710583617141e-10,5.740101987574447e-18,5.736930163515612e-18,5.738956342426061e-18,5.735830013300917e-18,5.367467262853618e-16,5.37733519668913e-16,1.850614100303667e-15,1.853151387497167e-15,2.38739264326411e-15,2.3909167238411614e-15
2.648734493959637e-05,0.0004425556686467047,0.0004425556449765278,1.1722303304534043e-10,1.172230319771007e-10,1.1722303683292523e-10,1.1722303683292523e-10,5.739890229337633e-18,5.736319704223548e-18,5.7387449977795535e-18,5.735219967599159e-18,5.38766317529412e-16,5.397460699515892e-16,1.8574445739903255e-15,1.8599659793160648e-15,2.3962428670134964e-15,2.3997436541844984e-15
2.656124138411542e-05,0.0004437902932303839,0.0004437902862051146,1.1787801119730577e-10,1.178780101063832e-10,1.1787801290630284e-10,1.1787801290630284e-10,5.7396213956385534e-18,5.735655478191668e-18,5.73847657767078e-18,5.734556155157585e-18,5.407913086085011e-16,5.417636494923898e-16,1.8642909295447452e-15,1.86679602948625e-15,2.4051142665865643e-15,2.40859154859328e-15
2.6635271410668793e-05,0.00044502716765615347,0.00044502715176619745,1.1853600299961108e-10,1.1853600189172438e-10,1.1853601433742256e-10,1.1853600045963475e-10,5.739297140838433e-18,5.734937899010278e-18,5.738153150051272e-18,5.7338389895665015e-18,5.428213818852736e-16,5.437864700495515e-16,1.871153166966926e-15,1.873641749765959e-15,2.4140066302250768e-15,2.4174601953092694e-15
2.670943501925649e-05,0.0004462662628140768,0.00044626623805865684,1.1919701837075288e-10,1.1919701723272209e-10,1.1919702724849657e-10,1.1919702724849657e-10,5.738918292117883e-18,5.734167793859991e-18,5.737774714921029e-18,5.7330701251871335e-18,5.448568549970849e-16,5.458144257439559e-16,1.8780317097733413e-15,1.880503563671666e-15,2.4229205932037442e-15,2.42635001784894e-15
2.6783732209878508e-05,0.0004475075896173131,0.00044750756327949226,1.1986106723362358e-10,1.1986106605763197e-10,1.1986106551731268e-10,1.1986106551731268e-10,5.738485263067212e-18,5.7333468171020324e-18,5.7373420994606636e-18,5.732249562019481e-18,5.468973573670205e-16,5.47847516575603e-16,1.8849263462057545e-15,1.887381471203371e-15,2.43185594376433e-15,2.435261016212292e-15
2.685816298253485e-05,0.00044875114808173855,0.0004487511237798447,1.2052815953709297e-10,1.2052815832340982e-10,1.2052815689944651e-10,1.2052815689944651e-10,5.737998880867031e-18,5.7324749687364016e-18,5.736856544441095e-18,5.7313785408344625e-18,5.489432066324356e-16,5.498856896049337e-16,1.891837499780639e-15,1.8942756841193106e-15,2.4408128936650704e-15,2.4441934021575623e-15
2.6932727337225515e-05,0.0004499969382276703,0.0004499969158739958,1.211983052479443e-10,1.211983039994727e-10,1.2119830139489807e-10,1.2119830139489807e-10,5.737459559107646e-18,5.731553903124324e-18,5.736317636272017e-18,5.730457888812691e-18,5.509939792768567e-16,5.519288918923886e-16,1.898765382256232e-15,1.9011864141777217e-15,2.449791654664203e-15,2.4531475992012244e-15
2.7007425273950503e-05,0.0004512449673493846,0.0004512449468068169,1.218715143563113e-10,1.2187151307579712e-10,1.2187151288145515e-10,1.2187151288145515e-10,5.7368677113793644e-18,5.730583206675493e-18,5.735726202134041e-18,5.729488433134779e-18,5.530498341189613e-16,5.539770175588495e-16,1.905710417149007e-15,1.908113873136841e-15,2.4587926502782007e-15,2.4621231838268046e-15
2.7082256792709813e-05,0.0004524952390577708,0.0004524952165676499,1.2254779687840432e-10,1.2254779556568812e-10,1.2254780523690556e-10,1.2254780523690556e-10,5.736222924091879e-18,5.729564533751134e-18,5.735082242027169e-18,5.728470173800726e-18,5.551104535213942e-16,5.560300136647572e-16,1.9126726044589636e-15,1.9150582727549053e-15,2.4678154569905903e-15,2.4711205795507766e-15
2.715722473567439e-05,0.000453747746010813,0.00045374772516204587,1.2322718860257102e-10,1.2322718725736454e-10,1.232271784612493e-10,1.232271784612493e-10,5.7355260244258034e-18,5.728497057170634e-18,5.734385755951399e-18,5.727403524400839e-18,5.571760492423922e-16,5.580877213914339e-16,1.919652367702576e-15,1.9220196130319148e-15,2.4768611335925558e-15,2.4801397863731403e-15
2.7232323418502347e-05,0.0004550024881088133,0.00045500247261998084,1.2390964805859082e-10,1.239096466860953e-10,1.23909660310062e-10,1.23909660310062e-10,5.734776185200524e-18,5.7273811905243e-18,5.733636743906732e-18,5.726288071344811e-18,5.592462507050409e-16,5.601501407388797e-16,1.9266499186380804e-15,1.9289978939678694e-15,2.48592883305115e-15,2.489180592535659e-15
2.7307740424475924e-05,0.0004562625086161898,0.00045626248777996814,1.2459689683560605e-10,1.2459689543571523e-10,1.2459688836230498e-10,1.2459688836230498e-10,5.733971752054816e-18,5.7262136250896814e-18,5.732832724351331e-18,5.7251217466811114e-18,5.613262459861423e-16,5.622221950861005e-16,1.933681774407949e-15,1.936010267979951e-15,2.495040789981238e-15,2.4982650208949615e-15
2.738310911354347e-05,0.00045752174986080085,0.0004575217312396962,1.2528560405212575e-10,1.2528560262249645e-10,1.252856152156312e-10,1.252856013378434e-10,5.73311603371113e-18,5.725000151131066e-18,5.731977833188257e-18,5.723909099903109e-18,5.634058706903292e-16,5.642938788564069e-16,1.9407142654525276e-15,1.943023065508506e-15,2.504152958669563e-15,2.5073496610125007e-15
2.745861422681628e-05,0.00045878323702630563,0.00045878321725822957,1.2597746117039927e-10,1.259774597117842e-10,1.2597745069342636e-10,1.2597745069342636e-10,5.732207375808241e-18,5.72373787351631e-18,5.731069588875674e-18,5.722647235878659e-18,5.654903128944036e-16,5.663702742474824e-16,1.9477639089142884e-15,1.95005322721248e-15,2.5132869384562797e-15,2.5164563239866685e-15
2.7534252922123414e-05,0.00046004697746593326,0.0004600469531057527,1.2667245235672894e-10,1.2667245086473582e-10,1.266724503068417e-10,1.266724503068417e-10,5.7312453647558415e-18,5.722426378655107e-18,5.730108818594194e-18,5.721336568198069e-18,5.675793608401287e-16,5.684512753802086e-16,1.9548300695185206e-15,1.9571009648501093e-15,2.5224423058249146e-15,2.525585009817465e-15
2.761002519946487e-05,0.0004613129676599437,0.0004613129424024809,1.2737058776966282e-10,1.2737058624007329e-10,1.2737058630030162e-10,1.2737058630030162e-10,5.730230414144239e-18,5.721065666547458e-18,5.7290946951632036e-18,5.719977096861338e-18,5.696732262857414e-16,5.705370410732631e-16,1.961912959023461e-15,1.9641662784213943e-15,2.5316192725337045e-15,2.5347361420213635e-15
2.7685933901011595e-05,0.0004625812077274638,0.0004625811923975043,1.280719038418652e-10,1.2807190228146627e-10,1.2807190030716953e-10,1.2807190030716953e-10,5.729162937563739e-18,5.719656150783667e-18,5.7280280457633165e-18,5.71856840827816e-18,5.717719092312415e-16,5.726275183870868e-16,1.9690125774291098e-15,1.9712491679263347e-15,2.5408176268244126e-15,2.5439097205983644e-15
2.776197618459264e-05,0.00046385170139606746,0.00046385167761453516,1.2877638458180906e-10,1.2877638299166885e-10,1.2877639232744542e-10,1.2877639232744542e-10,5.728043348604649e-18,5.718197831363736e-18,5.7269092839848385e-18,5.717110916038842e-18,5.73875621434866e-16,5.747229720194755e-16,1.9761289247354668e-15,1.978349421606694e-15,2.5500377922135125e-15,2.5531055337902307e-15
2.7838154892378952e-05,0.00046512445597812757,0.00046512443804158643,1.2948406661413966e-10,1.2948406499221917e-10,1.294840623611293e-10,1.294840623611293e-10,5.72687247444758e-18,5.716691535468277e-18,5.725738823418076e-18,5.715605447323995e-18,5.759843099570556e-16,5.768232960913109e-16,1.9832624244590057e-15,1.9854672512207086e-15,2.559279980459241e-15,2.5623237933551993e-15
2.7914467182199587e-05,0.00046639946420334866,0.0004663994409381811,1.301949338478571e-10,1.3019493219449464e-10,1.301949381637968e-10,1.301949381637968e-10,5.725650315092533e-18,5.715137676687596e-18,5.724517904833948e-18,5.714052415723927e-18,5.780981865560471e-16,5.789288082399483e-16,1.9904135001162e-15,1.992602445010142e-15,2.5685450385945453e-15,2.57156449929327e-15
2.7990915896225488e-05,0.0004676767333394727,0.0004676767154085937,1.3090902308890062e-10,1.3090902140404432e-10,1.3090901973544788e-10,1.3090901973544788e-10,5.7243785249007325e-18,5.713536668612e-18,5.723246528232454e-18,5.712452648419249e-18,5.802172512318405e-16,5.810392967071508e-16,1.99758215170705e-15,1.9997547912167573e-15,2.5778327548611887e-15,2.5808274398462063e-15
2.8067501034456654e-05,0.0004689562669947245,0.00046895624330223207,1.3162634476692529e-10,1.3162634305019167e-10,1.316263348316582e-10,1.316263348316582e-10,5.723057103872179e-18,5.711889752012407e-18,5.721925934384513e-18,5.710806559000269e-18,5.823416098635543e-16,5.831551320698328e-16,2.004768802748029e-15,2.0069245015987914e-15,2.5871439762921184e-15,2.5901130385304815e-15
2.8144219754722144e-05,0.0004702380578595067,0.0004702380392289651,1.3234688263375956e-10,1.3234688088455626e-10,1.3234688345242773e-10,1.3234686957463992e-10,5.721686879187485e-18,5.71019775406943e-18,5.7205569504707375e-18,5.70911580182821e-18,5.844712624511884e-16,5.852760496301984e-16,2.011973876755611e-15,2.0141113643980073e-15,2.5964787028873344e-15,2.599421083587859e-15
2.82210748991929e-05,0.0004715221131416092,0.00047152208868928014,1.330706737737505e-10,1.330706719914358e-10,1.330706655977565e-10,1.330706655977565e-10,5.720268678027263e-18,5.708461501963681e-18,5.719139576491128e-18,5.707380376903074e-18,5.866062619343021e-16,5.874023670256027e-16,2.0191973737297957e-15,2.0213160148891155e-15,2.605837569921547e-15,2.6087519985348124e-15
2.8298063625697978e-05,0.00047280843277486273,0.0004728084062806115,1.3379770183505002e-10,1.337977000135122e-10,1.3379770902322008e-10,1.3379770902322008e-10,5.718803327572125e-18,5.706681409285467e-18,5.717675053216603e-18,5.7056011114054725e-18,5.887465553733361e-16,5.895337666186906e-16,2.0264399289452936e-15,2.0285382413138793e-15,2.615220153878283e-15,2.6181057833713417e-15
2.8375191618579265e-05,0.00047409702031186995,0.0004740970029442071,1.3452803100549928e-10,1.3452802915013165e-10,1.345280137288185e-10,1.345280137288185e-10,5.717291241412378e-18,5.704857889625094e-18,5.716164207827775e-18,5.7037792461063245e-18,5.908920898287312e-16,5.916704601676987e-16,2.033701118885631e-15,2.035778678947009e-15,2.6246270900322525e-15,2.6274828616139204e-15
2.8452453193494875e-05,0.000475387882981293,0.0004753878640937348,1.3526161799536954e-10,1.3526161611199054e-10,1.352616074701274e-10,1.352616074701274e-10,5.7157332467286345e-18,5.70299218375348e-18,5.7146070403246436e-18,5.701914367415324e-18,5.930427594213691e-16,5.938121829748312e-16,2.040981155309045e-15,2.0430377513049785e-15,2.634057954866982e-15,2.6368836567790222e-15
2.852985119261575e-05,0.00047668101347220215,0.0004766809969498631,1.3599850027147676e-10,1.359984983606912e-10,1.3599849024714672e-10,1.3599849024714672e-10,5.714129343520894e-18,5.7010838780803204e-18,5.713004377887822e-18,5.7000068889227764e-18,5.951985641512497e-16,5.959589879796473e-16,2.0482800382155353e-15,2.0503156701460242e-15,2.6435125366242344e-15,2.646308592383121e-15
2.8607385615941894e-05,0.0004779764190496749,0.0004779764014264387,1.3673868840652275e-10,1.367386864692626e-10,1.367386759376643e-10,1.367386759376643e-10,5.7124799453794635e-18,5.6991333861959204e-18,5.71135622051731e-18,5.698057637809295e-18,5.973592922601362e-16,5.981106104843508e-16,2.0555975558468652e-15,2.0576126472283832e-15,2.65299083530401e-15,2.6557574566679794e-15
2.868505362130236e-05,0.0004792741033528003,0.00047927408470882504,1.374821657935754e-10,1.3748216382814721e-10,1.3748217841946797e-10,1.3748217841946797e-10,5.710785052304342e-18,5.6971411216905864e-18,5.7096621546228016e-18,5.69606661407488e-18,5.995249437480287e-16,6.002672622471786e-16,2.062933496444798e-15,2.0649288943102922e-15,2.6624928509063088e-15,2.6652304613918347e-15
2.8762860893039033e-05,0.0004805740663964553,0.0004805740394420166,1.382289974672717e-10,1.3822899546636463e-10,1.382289976925577e-10,1.382289976925577e-10,5.7090442507052245e-18,5.695107498154625e-18,5.7079225937946026e-18,5.694034231309837e-18,6.016954127358086e-16,6.02428466812098e-16,2.07028807176757e-15,2.0722644113917513e-15,2.67201794815642e-15,2.674727183038213e-15
2.8840804588980973e-05,0.0004818762973076707,0.00048187627648932363,1.3897916685234933e-10,1.389791648142064e-10,1.389791615125091e-10,1.389791615125091e-10,5.7072583677627225e-18,5.6930325155880355e-18,5.706137538032713e-18,5.691960489514167e-18,6.038706992234761e-16,6.045945947560233e-16,2.0776610700569452e-15,2.0796187749562867e-15,2.6815661270543443e-15,2.6842476216071146e-15
2.8918881866957236e-05,0.00048318080704390365,0.0004831807813048261,1.3973265717034357e-10,1.3973265509584987e-10,1.397326698793222e-10,1.397326698793222e-10,5.705426576296224e-18,5.690916587581125e-18,5.704306987337133e-18,5.689845802278175e-18,6.060506973319126e-16,6.0676527550204e-16,2.0850520677964494e-15,2.0869917732456618e-15,2.691137387600081e-15,2.6937915653403024e-15
2.8997098411309707e-05,0.0004844876065798198,0.00048448759759156523,1.4048953396427042e-10,1.404895318626142e-10,1.4048953667078479e-10,1.4048953667078479e-10,5.703549703486341e-18,5.688759714133893e-18,5.702431355298169e-18,5.687690169601862e-18,6.082354600006775e-16,6.089407737479443e-16,2.0924617002607932e-15,2.0943834062598764e-15,2.7007317297936305e-15,2.703358590721303e-15
2.9075451379867445e-05,0.00048579668506110174,0.00048579666357650986,1.4124978051022052e-10,1.412497783846879e-10,1.4124977576468467e-10,1.4124977576468467e-10,5.7016285765136866e-18,5.686562308836646e-18,5.700511469096434e-18,5.6854940050755335e-18,6.104249342902114e-16,6.1112082479594e-16,2.099889543933503e-15,2.101793250482457e-15,2.7103491536349927e-15,2.712948697750116e-15
2.915394077263045e-05,0.0004871080461812394,0.0004871080229931213,1.4201340752593515e-10,1.420134053653392e-10,1.4201341491659747e-10,1.4201340103880966e-10,5.699663608968567e-18,5.684325198869996e-18,5.698547742322233e-18,5.683258135879803e-18,6.126192260796329e-16,6.133057992229417e-16,2.1073360223310524e-15,2.1092215176716405e-15,2.719990082640641e-15,2.722561886426742e-15
2.923256658959872e-05,0.0004884217081833064,0.0004884216868086266,1.4278042576507282e-10,1.4278042356943903e-10,1.4278042637094757e-10,1.4278042637094757e-10,5.697656455212207e-18,5.682048384233944e-18,5.696541829336792e-18,5.680982562014669e-18,6.148184412480603e-16,6.154954323311533e-16,2.1148011354534414e-15,2.11666799606919e-15,2.729654516810576e-15,2.7321981567511805e-15
2.9311331672943197e-05,0.0004897376456444169,0.000489737625971931,1.4355087379535703e-10,1.4355087156739242e-10,1.435508656388862e-10,1.4355085176109839e-10,5.695607528834913e-18,5.679732692109102e-18,5.694494143730417e-18,5.678668524251052e-18,6.170226327350528e-16,6.176901476370484e-16,2.1222853068171435e-15,2.124132897433342e-15,2.7393428796612706e-15,2.7418577204816686e-15
2.9390230338322e-05,0.0004910558658691722,0.000491055858710121,1.4432470678606313e-10,1.443247045369288e-10,1.4432470496483774e-10,1.4432470496483774e-10,5.693518070607604e-18,5.677378949676082e-18,5.6924059262740266e-18,5.6763160225889514e-18,6.192318534801696e-16,6.198896275032718e-16,2.1297887481803958e-15,2.131616221764097e-15,2.7490555947091988e-15,2.751540789376443e-15
2.946926827007701e-05,0.0004923764015931642,0.0004923763777917589,1.4510199131047678e-10,1.4510198903687194e-10,1.4510198598216562e-10,1.4510198598216562e-10,5.691388907710893e-18,5.6749879841154975e-18,5.690278004148234e-18,5.673926711389592e-18,6.214462623020884e-16,6.220944542649747e-16,2.137311671301435e-15,2.1391183925779282e-15,2.7587928737125974e-15,2.7612477869519772e-15
2.9548442626037286e-05,0.0004936992236806992,0.0004936991978072847,1.4588271033606864e-10,1.4588270802313407e-10,1.4588272256865764e-10,1.4588270869086983e-10,5.689220453735085e-18,5.672561036198267e-18,5.688111204533651e-18,5.671500590652974e-18,6.236659650799275e-16,6.243042044056836e-16,2.1448542879384976e-15,2.146639409874836e-15,2.7685555637044137e-15,2.7709787132082714e-15
2.962775624837377e-05,0.0004950243320676062,0.0004950243115151576,1.466669028030267e-10,1.4666690045327012e-10,1.46666900846526e-10,1.466668869687382e-10,5.687014363041406e-18,5.6700985195146966e-18,5.685906354610891e-18,5.669039728330629e-18,6.258910147532461e-16,6.265194602605496e-16,2.1524172333662944e-15,2.1541799089295306e-15,2.7783434529264107e-15,2.7807346269365096e-15
2.9707206294915522e-05,0.0004963517557881048,0.0004963517334519718,1.4745455156623187e-10,1.4745454918240028e-10,1.4745454857134632e-10,1.4745453469355851e-10,5.68477022203955e-18,5.667601674835705e-18,5.68366386797026e-18,5.6665445380128625e-18,6.281214113220443e-16,6.287397983130991e-16,2.1600002958265885e-15,2.1617403132584857e-15,2.788157176653299e-15,2.790515316378455e-15
2.978679276566254e-05,0.0004976814656891815,0.0004976814417401165,1.4824566752525852e-10,1.4824566510459017e-10,1.482456657431186e-10,1.482456657431186e-10,5.682489685090741e-18,5.665072156522518e-18,5.68138457179237e-18,5.664016260470594e-18,6.303572077258812e-16,6.30965695019365e-16,2.1676038988358536e-15,2.1693206228617012e-15,2.797996523126842e-15,2.800321628567055e-15
2.9866518502785766e-05,0.0004990134617420816,0.0004990134508493504,1.490402899030229e-10,1.4904028745457667e-10,1.4904028011741843e-10,1.4904028011741843e-10,5.68017275219498e-18,5.662510378165441e-18,5.679069293257834e-18,5.661455722884436e-18,6.325984039647569e-16,6.331966209837552e-16,2.175227618877616e-15,2.1769216847721245e-15,2.807861492347039e-15,2.810153775260546e-15
2.9946380664114258e-05,0.0005003477948767321,0.0005003477679530466,1.4983840140203826e-10,1.49838398923391e-10,1.4983840557203365e-10,1.4983840557203365e-10,5.677820664123185e-18,5.659917166945088e-18,5.6767184459569584e-18,5.658864166025308e-18,6.348448941595529e-16,6.354331056018618e-16,2.182871879468349e-15,2.184543075473282e-15,2.8177525078303643e-15,2.8200117564589284e-15
3.002638209181896e-05,0.0005016843996012987,0.0005016843856844311,1.5064004146368144e-10,1.5064003895236116e-10,1.5064004210696424e-10,1.5064004210696424e-10,5.675433420875357e-18,5.657293763632376e-18,5.674332443480049e-18,5.656242417073821e-18,6.370966783102693e-16,6.376745665385335e-16,2.1905366806080533e-15,2.1921854302398838e-15,2.827669146060344e-15,2.829895572162202e-15
3.0106519943728927e-05,0.0005030233340990731,0.0005030232967122572,1.5144519265944223e-10,1.5144519010700828e-10,1.5144520359999802e-10,1.5144520359999802e-10,5.6730122632224146e-18,5.654640581817612e-18,5.671912940188332e-18,5.653590476029976e-18,6.393535975982283e-16,6.399213214311255e-16,2.198222234054965e-15,2.19984811379722e-15,2.837611618795215e-15,2.839805222370367e-15
3.0186797062015103e-05,0.000504364561942916,0.0005043645592177626,1.5225389463234848e-10,1.5225389204771378e-10,1.522539039289228e-10,1.522539039289228e-10,5.670558431935276e-18,5.6519580350911024e-18,5.669460349672112e-18,5.6509095836646914e-18,6.4161565202343015e-16,6.421728938236051e-16,2.205928116292611e-15,2.20753112614529e-15,2.8475797142767404e-15,2.8497398600504757e-15
3.0267213446677488e-05,0.0005057081121724316,0.0005057080859025564,1.5306615855933473e-10,1.5306615595138326e-10,1.5306615697152637e-10,1.5306615697152637e-10,5.668072340604248e-18,5.6492465370431536e-18,5.666975912702309e-18,5.648199739977968e-18,6.438826827671971e-16,6.444296542928865e-16,2.213654750837465e-15,2.215234467284094e-15,2.8575734325049203e-15,2.8596999087190022e-15
3.034776625554514e-05,0.0005070539629163928,0.0005070539422811216,1.538819668579651e-10,1.538819642122302e-10,1.5388197660559655e-10,1.5388197660559655e-10,5.665554816409943e-18,5.646506914854378e-18,5.664460042869229e-18,5.645461772150417e-18,6.461546898295291e-16,6.466910734433779e-16,2.221401502414816e-15,2.222957713697159e-15,2.867592349963281e-15,2.869684733101236e-15
3.0428458330789e-05,0.0005084021360081126,0.0005084020993004756,1.547013594573776e-10,1.5470135676537156e-10,1.5470136283113334e-10,1.5470136283113334e-10,5.6630071001232795e-18,5.643739582115082e-18,5.661913567353484e-18,5.64269568018204e-18,6.484314614521895e-16,6.489574689124344e-16,2.2291683710246642e-15,2.230700865384484e-15,2.877636043135349e-15,2.8796943331971768e-15
3.0509289672409068e-05,0.0005097526024131493,0.0005097526006749842,1.5552434759221182e-10,1.5552434486912952e-10,1.5552435728150016e-10,1.5552434340371235e-10,5.660429605334564e-18,5.640944538825265e-18,5.659337726925994e-18,5.639902291253448e-18,6.507131035142966e-16,6.512284171835824e-16,2.236955144908773e-15,2.2384639223460697e-15,2.887704512021124e-15,2.889728497248588e-15
3.0590260280405346e-05,0.0005111054131862192,0.0005111053809747634,1.5635094253422136e-10,1.5635093978364986e-10,1.563509322011214e-10,1.563509322011214e-10,5.657823986405022e-18,5.638123439346153e-18,5.656733348767371e-18,5.637082432545255e-18,6.529995101367319e-16,6.535043947128547e-16,2.2447614005506687e-15,2.246246672823679e-15,2.8977971213458957e-15,2.8997874370137065e-15
3.067136731260689e-05,0.0005124605248058023,0.0005124605057311715,1.571811264891526e-10,1.5718112369698445e-10,1.5718112922336047e-10,1.5718112922336047e-10,5.655189829744347e-18,5.6352762836777455e-18,5.654101260058227e-18,5.6342369312380726e-18,6.552907342590548e-16,6.557848721046593e-16,2.252587349708588e-15,2.2540495403337857e-15,2.9079145063843747e-15,2.9098707289760585e-15
3.075261361118464e-05,0.000513817966494079,0.0005138179386086072,1.5801493977643336e-10,1.5801493694611188e-10,1.580149483482174e-10,1.580149483482174e-10,5.652528789713764e-18,5.632404312590961e-18,5.651441460798563e-18,5.6313666145125136e-18,6.575867758812652e-16,6.580703787545882e-16,2.2604332041407677e-15,2.2618725248763896e-15,2.918056455378324e-15,2.919979431926828e-15
3.0833999176138605e-05,0.0005151777237726307,0.0005151776869025682,1.5885239373230884e-10,1.588523908492857e-10,1.5885240345347995e-10,1.5885240345347995e-10,5.649841279903579e-18,5.629508353266413e-18,5.648755605349603e-18,5.6284723095491906e-18,6.598877938220407e-16,6.603604911461678e-16,2.2682993873636816e-15,2.2697158382097276e-15,2.928223815360691e-15,2.930112910591305e-15
3.091552684963972e-05,0.0005165398039441715,0.000516539779718217,1.5969352902975956e-10,1.5969352609692626e-10,1.5969352229472378e-10,1.5969350841693597e-10,5.647127300313793e-18,5.6265892328847136e-18,5.646043280121042e-18,5.625554843528716e-18,6.621937351418221e-16,6.626557916145494e-16,2.276186322893803e-15,2.2775796920920365e-15,2.9384167980897125e-15,2.9402720120024362e-15
3.09971909473461e-05,0.0005179041924434635,0.0005179041733944789,1.6053829838568734e-10,1.6053829541751396e-10,1.6053829099416106e-10,1.6053827711637325e-10,5.644388091715323e-18,5.623648192216781e-18,5.6433053122934914e-18,5.622615457222009e-18,6.645048645384055e-16,6.649559095828184e-16,2.284094646005843e-15,2.2854638747650795e-15,2.9486362505983356e-15,2.950456524401985e-15
3.107899431142869e-05,0.0005192709256126582,0.0005192709115815486,1.613867425236848e-10,1.613867395284508e-10,1.613867373073674e-10,1.613867234295796e-10,5.641623240517865e-18,5.620686058443229e-18,5.640542115457258e-18,5.619654564219375e-18,6.668211820117908e-16,6.67261374446567e-16,2.292024356699801e-15,2.293369021503567e-15,2.9588823846447973e-15,2.960667083064662e-15
3.1160936941887485e-05,0.0005206399960969721,0.0005206399724466682,1.62238872887362e-10,1.6223886986125088e-10,1.6223886123434283e-10,1.6223886123434283e-10,5.638833987492336e-18,5.617703245154363e-18,5.637754516792954e-18,5.6166738188820404e-18,6.691427934410964e-16,6.695719215079991e-16,2.2999760902503875e-15,2.3012949205492624e-15,2.969155835503808e-15,2.970903687990467e-15
3.124301883872249e-05,0.0005220114037827184,0.0005220113705397544,1.6309470093376002e-10,1.6309469786094981e-10,1.6309470440845075e-10,1.6309469053066294e-10,5.636019919048431e-18,5.614700579530795e-18,5.634942102710274e-18,5.613672807619698e-18,6.71469857645e-16,6.718879213440292e-16,2.3079498466576026e-15,2.3092415719021655e-15,2.9794568149336042e-15,2.981166550937637e-15
3.132524000193371e-05,0.0005233850976295029,0.00052338508404004,1.639542380973905e-10,1.6395423498607414e-10,1.6395423907411555e-10,1.6395423907411555e-10,5.6331822759570675e-18,5.611679302343445e-18,5.632106113980136e-18,5.610653184793573e-18,6.738023216839423e-16,6.742091092568612e-16,2.3159456259214464e-15,2.31720939907875e-15,2.9897851111759495e-15,2.991455671906172e-15
3.1407603273692075e-05,0.0005247611793942619,0.0005247611420424736,1.648175256639608e-10,1.6481752251068754e-10,1.6481752074248845e-10,1.6481750686470065e-10,5.630321885398859e-18,5.608639413592313e-18,5.629247377783153e-18,5.607614950403666e-18,6.761402914370418e-16,6.765359087629688e-16,2.323963428041919e-15,2.3251984020790156e-15,3.0001411477473174e-15,3.001771474412545e-15
3.149010296965571e-05,0.0005261395616873443,0.0005261395226883181,1.656845155802327e-10,1.6568451236397026e-10,1.6568452165799386e-10,1.6568452165799386e-10,5.627439160964112e-18,5.605581740458011e-18,5.626365894119324e-18,5.604558931630589e-18,6.784837669042984e-16,6.788679492854375e-16,2.332003041260783e-15,2.3332087926611995e-15,3.0105240776147606e-15,3.012113958456757e-15
3.1572744774166495e-05,0.0005275202954129199,0.000527520262314507,1.6655527909954613e-10,1.6655527582370106e-10,1.6655528345399517e-10,1.6655528345399517e-10,5.624534929833438e-18,5.602506696530845e-18,5.623463730940182e-18,5.601485542064648e-18,6.808326422065938e-16,6.812054955220633e-16,2.3400638303033286e-15,2.3412407825835384e-15,3.020933900778279e-15,3.022483547555281e-15
3.165552584505349e-05,0.0005289033587424496,0.0005289033244735286,1.6742979791355948e-10,1.67429794581947e-10,1.674298061304924e-10,1.674297922527046e-10,5.621610432777757e-18,5.5994146954011215e-18,5.620540888245726e-18,5.59839519529615e-18,6.831868644043687e-16,6.835482298354911e-16,2.3481455834113187e-15,2.3492941600877955e-15,3.0313699819631626e-15,3.0328798181916434e-15
3.1738449024487636e-05,0.0005302887735345596,0.0005302887381939403,1.683081137059599e-10,1.6830811031662498e-10,1.6830810356527337e-10,1.6830808968748556e-10,5.618666496977681e-18,5.5963065642494535e-18,5.6175981932165685e-18,5.595288718505707e-18,6.85546380558064e-16,6.858963110443984e-16,2.3562478770682797e-15,2.3573689251739707e-15,3.041832109411174e-15,3.0433027703658444e-15
3.182150862812705e-05,0.0005316765180236604,0.0005316764961140752,1.691901778679163e-10,1.6919017443102957e-10,1.6919018963612587e-10,1.6919017575833806e-10,5.615703536023516e-18,5.593182716666147e-18,5.614637300213935e-18,5.592166111693319e-18,6.879111377281204e-16,6.882494215114301e-16,2.3643707112742116e-15,2.365465077842064e-15,3.0523196478476032e-15,3.053752192319647e-15
3.190491213445057e-05,0.0005330699560015528,0.0005330699327878996,1.7007821376070938e-10,1.700782102861883e-10,1.700782015223723e-10,1.700782015223723e-10,5.612715346060668e-18,5.590036121615995e-18,5.611650351022006e-18,5.589021584594699e-18,6.902866416286951e-16,6.906133316485392e-16,2.3725333560286645e-15,2.373601676333389e-15,3.0628580082608676e-15,3.0642526480085218e-15
3.198825311301334e-05,0.0005344623892240552,0.0005344623717269403,1.7096790566369452e-10,1.7096790215524468e-10,1.7096790649873128e-10,1.7096790649873128e-10,5.609716816340163e-18,5.5868833227112494e-18,5.608653475662726e-18,5.585870026460872e-18,6.926615631941185e-16,6.929765006318195e-16,2.3806968478160646e-15,2.381739333615898e-15,3.073396156915895e-15,3.074753738972107e-15
3.207173620012327e-05,0.0005358571960109026,0.0005358571548581548,1.718614414953908e-10,1.7186143793797826e-10,1.7186144174452522e-10,1.7186144174452522e-10,5.606700915826795e-18,5.5837168753263964e-18,5.605639229510583e-18,5.582705233437244e-18,6.950413551989887e-16,6.953446988732241e-16,2.388880456635962e-15,2.389897319689141e-15,3.083959928317577e-15,3.085279817407636e-15
3.2155361395780346e-05,0.0005372543254802409,0.0005372543041006761,1.727588331048564e-10,1.727588294951511e-10,1.7275882113754193e-10,1.7275882113754193e-10,5.603668885291482e-18,5.580537606642049e-18,5.602609266926801e-18,5.579527619114122e-18,6.974260705828648e-16,6.977176087353979e-16,2.397084817763067e-15,2.3980752110366443e-15,3.09454889894944e-15,3.0958308833151094e-15
3.223912585781363e-05,0.0005386538213132397,0.000538653797738764,1.7366006177599028e-10,1.7366005812862947e-10,1.736600585555692e-10,1.736600446777814e-10,5.60062113832453e-18,5.577346343838819e-18,5.599563174321075e-18,5.576338010672117e-18,6.9981565640618755e-16,7.000954419765775e-16,2.4053097194391432e-15,2.4062730076584082e-15,3.1051634923279572e-15,3.106406513178053e-15
3.232302958622313e-05,0.0005400556762379383,0.0005400556431269798,1.7456513926314305e-10,1.7456513556822106e-10,1.7456515399860706e-10,1.7456514012081925e-10,5.5975585021065525e-18,5.574143500507014e-18,5.596501778874016e-18,5.573137235291843e-18,7.022100597293978e-16,7.024780397780854e-16,2.413555585180664e-15,2.4144907095544326e-15,3.1158039202113658e-15,3.1170071305129405e-15
3.2407075423179776e-05,0.0005414598757126354,0.000541459833068858,1.754741080605962e-10,1.7547410430200554e-10,1.754741213444433e-10,1.754741213444433e-10,5.594480976637549e-18,5.5709299038272455e-18,5.593426321356544e-18,5.5699252929733e-18,7.046093864316141e-16,7.048655609585993e-16,2.421822626745866e-15,2.422728740241191e-15,3.1264703943579024e-15,3.1276325235615353e-15
3.2491263368683576e-05,0.0005428664197308919,0.0005428664039650588,1.763869800912876e-10,1.7638697628352304e-10,1.7638698834865352e-10,1.7638698834865352e-10,5.591389389098132e-18,5.567705553799514e-18,5.590335974588046e-18,5.566702597306793e-18,7.070136894523954e-16,7.0725795257855985e-16,2.430110844134749e-15,2.43098667620221e-15,3.137163126525804e-15,3.138282904082074e-15
3.257559342273453e-05,0.0005442753519240284,0.0005442752976392295,1.7730376733493467e-10,1.7730376346809637e-10,1.7730375501123774e-10,1.7730375501123774e-10,5.5882833258979954e-18,5.5644712776044314e-18,5.5872319793394405e-18,5.563469975472936e-18,7.094230746708602e-16,7.096553734566447e-16,2.4384204491055507e-15,2.4392651527122e-15,3.14788211671507e-15,3.1489589073492672e-15
3.266006274316169e-05,0.0005456866067701238,0.000545686586843841,1.782244507943582e-10,1.782244468648343e-10,1.7822444908777157e-10,1.7822443520998377e-10,5.585163614217752e-18,5.561226661651692e-18,5.5841135084301156e-18,5.560227427471728e-18,7.118375950265678e-16,7.12057823592854e-16,2.4467512299000335e-15,2.4475643815293976e-15,3.1586275766839382e-15,3.1596607451213517e-15
3.2744674172136e-05,0.000547100249675081,0.0005471002133663472,1.7914907336923996e-10,1.791490693921348e-10,1.7914905670046721e-10,1.7914905670046721e-10,5.582029426876788e-18,5.557972946712215e-18,5.5809813890406836e-18,5.556975366893476e-18,7.142573563986366e-16,7.144655147454243e-16,2.4551033982764345e-15,2.455884362653803e-15,3.169399718190645e-15,3.1703884173983274e-15
3.282942486748652e-05,0.0005485162441836167,0.0005485162208263006,1.800776159661602e-10,1.8007761193848765e-10,1.8007761948268808e-10,1.8007761948268808e-10,5.5788811774654114e-18,5.5547101327859994e-18,5.577834793990532e-18,5.553713793738179e-18,7.16682517605744e-16,7.16878499853915e-16,2.463476742476517e-15,2.464225307843653e-15,3.1801981177187163e-15,3.181142347696668e-15
3.291432051355514e-05,0.0005499346047894704,0.0005499345873309913,1.8101015291114212e-10,1.810101488488187e-10,1.8101013743443417e-10,1.8101013743443417e-10,5.5757192795739275e-18,5.551438633463352e-18,5.574674550460273e-18,5.550443948776757e-18,7.191131315874494e-16,7.192968318578852e-16,2.4718706272255702e-15,2.4725872170989474e-15,3.1910227752681526e-15,3.1919227477746103e-15
3.2999355425999966e-05,0.0005513553314684394,0.0005513553055189746,1.8194663384420271e-10,1.819466297449674e-10,1.819466244334933e-10,1.819466244334933e-10,5.5725437332023364e-18,5.5481588623345794e-18,5.571500658449907e-18,5.547166245599516e-18,7.215493042228712e-16,7.217206695760126e-16,2.4802850525235945e-15,2.4809700904196864e-15,3.201873479080717e-15,3.2027296176321543e-15
3.308453244699194e-05,0.0005527784169737648,0.0005527784043977135,1.8288710207889284e-10,1.8288709794684265e-10,1.8288709435765327e-10,1.8288709435765327e-10,5.569354538350638e-18,5.544871646580294e-18,5.568313117959434e-18,5.543880270616149e-18,7.239909825724501e-16,7.241499600687379e-16,2.488719383095879e-15,2.48937392780587e-15,3.212749593881699e-15,3.2135629572693e-15
3.316985157653107e-05,0.0005542038904636781,0.0005542038693298057,1.8383156974775064e-10,1.8383156558693944e-10,1.838315610847019e-10,1.838315610847019e-10,5.566152935789752e-18,5.541576986200495e-18,5.565113583350079e-18,5.5405876781878816e-18,7.264382725153046e-16,7.265848092151796e-16,2.4971736189424243e-15,2.4977980939827876e-15,3.2236511196710987e-15,3.224422131411337e-15
3.3255312814617355e-05,0.0005556317228885277,0.0005556316857044941,1.8478004900364391e-10,1.847800447929935e-10,1.8478003849242697e-10,1.8478003849242697e-10,5.5629397527002895e-18,5.538276121966102e-18,5.561902054621842e-18,5.537288468314714e-18,7.288910681723163e-16,7.290251111362193e-16,2.5056473365467563e-15,2.5062425889504393e-15,3.2345776329324423e-15,3.2353069283000283e-15
3.334091616125079e-05,0.0005570619433841184,0.0005570619117096776,1.8573255201975156e-10,1.8573254775015598e-10,1.8573254045861631e-10,1.8573254045861631e-10,5.559715816262864e-18,5.5349694674674214e-18,5.5586797725456414e-18,5.533983468177258e-18,7.313494224830443e-16,7.314708658318569e-16,2.514140747667112e-15,2.5147067774341147e-15,3.2455295571822036e-15,3.2462169244189005e-15
3.3426661616431375e-05,0.0005584945228271909,0.0005584944891539045,1.866890909895009e-10,1.8668908666387262e-10,1.8668908086105773e-10,1.8668908086105773e-10,5.556482367248394e-18,5.531657022704453e-18,5.555447977892397e-18,5.530673091365821e-18,7.338131236892518e-16,7.33921967422974e-16,2.5226536405452546e-15,2.52319023591734e-15,3.256506257145672e-15,3.257151484493243e-15
3.351254918015911e-05,0.0005599294757268058,0.0005599294399163401,1.876496781140053e-10,1.876496737286991e-10,1.8764967357753903e-10,1.8764965969975123e-10,5.553240232837493e-18,5.528340028448115e-18,5.55220749784272e-18,5.5273577514707084e-18,7.362822247304981e-16,7.363783629700115e-16,2.531186015181184e-15,2.531692540883642e-15,3.2675079445810846e-15,3.2681103967648192e-15
3.3598578852434e-05,0.0005613668165962427,0.0005613667786090737,1.886143256395213e-10,1.8861432119072726e-10,1.8861431860806022e-10,1.8861431860806022e-10,5.549990653801078e-18,5.525018898288715e-18,5.548959573167531e-18,5.524038275672533e-18,7.387564609089871e-16,7.388398936542917e-16,2.539738083333137e-15,2.5402136923330203e-15,3.2785341959719674e-15,3.2790930259589185e-15
3.3684750633256044e-05,0.0005628065308714847,0.0005628065125826698,1.8958304583256098e-10,1.8958304133527295e-10,1.895830437081969e-10,1.895830437081969e-10,5.546734043729457e-18,5.521694045816558e-18,5.545705031047441e-18,5.520715077561601e-18,7.412359381038373e-16,7.413065594758146e-16,2.5483092097264032e-15,2.5487532667490013e-15,3.2895850113183207e-15,3.2900995838337777e-15
3.377106452262524e-05,0.0005642486185845064,0.0005642485982644274,1.9055585096739223e-10,1.9055584643677936e-10,1.9055586275573688e-10,1.9055584887794907e-10,5.5434712298032414e-18,5.518365884621951e-18,5.5424438714824506e-18,5.517388570728219e-18,7.437203386776933e-16,7.437782016159026e-16,2.5568996061192195e-15,2.557311475889822e-15,3.300659755345434e-15,3.3011294351146863e-15
3.385752336271253e-05,0.0005656930943408467,0.0005656930720967512,1.9153278546604993e-10,1.9153278089863657e-10,1.9153277575068017e-10,1.9153277575068017e-10,5.5402017984321256e-18,5.515035655475812e-18,5.539176508062866e-18,5.514059995943306e-18,7.462098743887921e-16,7.46254873014115e-16,2.565509060753349e-15,2.565888319755482e-15,3.3117588515697806e-15,3.312183003318118e-15
3.394412431134697e-05,0.0005671399727489312,0.0005671399414037825,1.925138296485943e-10,1.9251382503477216e-10,1.9251381044860238e-10,1.9251381044860238e-10,5.536926576796722e-18,5.511702944787836e-18,5.5359029407886875e-18,5.510728939616555e-18,7.487042275997784e-16,7.487364148517741e-16,2.574137361870555e-15,2.574483798345982e-15,3.3228816647166504e-15,3.323260288444073e-15
3.403086736852856e-05,0.0005685892102004209,0.0005685891916493713,1.934989958631881e-10,1.9349899120608447e-10,1.9349898072729133e-10,1.9349898072729133e-10,5.533645151306724e-18,5.508368579738635e-18,5.5326227560696085e-18,5.507396642518885e-18,7.512036100688891e-16,7.512229330079983e-16,2.582784932987311e-15,2.583098546936032e-15,3.334028618302517e-15,3.334361290492551e-15
3.4117752534257306e-05,0.0005700408649322863,0.000570040830094154,1.9448829649100448e-10,1.9448829178751357e-10,1.944883004645348e-10,1.94488286586747e-10,5.5303566947815195e-18,5.505032973918515e-18,5.529336367495935e-18,5.50406269105999e-18,7.537078100378872e-16,7.5371426866411e-16,2.59145156234538e-15,2.591732142009158e-15,3.3451997123273803e-15,3.345486432980026e-15
3.4204782650704146e-05,0.000571494893298996,0.0005714948639774509,1.954817763906755e-10,1.9548177163134633e-10,1.9548176966033282e-10,1.95481755782545e-10,5.5270616208114145e-18,5.501696127327476e-18,5.5260429478870554e-18,5.500727498830176e-18,7.562171980836873e-16,7.562106865179052e-16,2.600137673461236e-15,2.6003852188400713e-15,3.3563951585494772e-15,3.3566359276647343e-15
3.429195487569814e-05,0.000572951309841363,0.0005729512932639569,1.964794156098122e-10,1.964794108104719e-10,1.9647940219247317e-10,1.9647940219247317e-10,5.5237591022157965e-18,5.498358867146131e-18,5.5227420836526626e-18,5.497391893010056e-18,7.587315624480524e-16,7.587120277507064e-16,2.6088428428184054e-15,2.6090571421540608e-15,3.367614745210571e-15,3.3678093510302026e-15
3.437926920923928e-05,0.0005744101145245262,0.0005744100815310293,1.9748122659080548e-10,1.9748122174818267e-10,1.974812258165315e-10,1.974812258165315e-10,5.5204491389946656e-18,5.495020366193867e-18,5.519434188383063e-18,5.4940554600093236e-18,7.61251220768338e-16,7.612186629394279e-16,2.6175672821751247e-15,2.6177483354676003e-15,3.3788591075853717e-15,3.3790073383511412e-15
3.446672849349852e-05,0.00057587135094328,0.0005758713087804512,1.984872545274703e-10,1.9848724961911632e-10,1.9848725441029558e-10,1.9848725441029558e-10,5.517132144738328e-18,5.491681865241603e-18,5.5161188484879505e-18,5.490718199827978e-18,7.637761201049846e-16,7.637304332653921e-16,2.626310991531394e-15,2.6264581635059795e-15,3.3901276103991693e-15,3.390229042594603e-15
3.455432988630491e-05,0.0005773349462754318,0.0005773349313327181,1.9949747930576492e-10,1.9949747434738568e-10,1.9949748797376543e-10,1.9949748797376543e-10,5.5138081194467836e-18,5.488342537108726e-18,5.512796063967325e-18,5.487380526056327e-18,7.663065780953477e-16,7.662477093055135e-16,2.63507354737074e-15,2.6351866262691983e-15,3.401420888926674e-15,3.4014748872770615e-15
3.46420762298294e-05,0.0005788009368584701,0.0005788009273623995,2.0051194626938945e-10,2.0051194128956607e-10,2.0051195426251667e-10,2.0051195426251667e-10,5.510477476710339e-18,5.485002795385543e-18,5.5094674891824116e-18,5.4840428522846754e-18,7.688424359207494e-16,7.687702793015552e-16,2.643854737934925e-15,2.6439335119990198e-15,3.412737884376702e-15,3.412744448882043e-15
3.472996752407198e-05,0.000580269366314945,0.0005802693332737086,2.0153066816002998e-10,2.0153066314282e-10,2.015306532765493e-10,2.015306532765493e-10,5.5071414572999125e-18,5.48166305366236e-18,5.5061335377235166e-18,5.480704764922718e-18,7.713840641581044e-16,7.712985667699909e-16,2.6526543514657133e-15,2.6526986089372073e-15,3.4240792320239634e-15,3.4240379391677848e-15
3.4818000926861714e-05,0.0005817401691633473,0.000581740134524722,2.025536246948527e-10,2.0255361961806182e-10,2.025536127714389e-10,2.025536127714389e-10,5.5038017155767296e-18,5.478323725529484e-18,5.502795450361559e-18,5.477367091151066e-18,7.739311981096164e-16,7.738322540734653e-16,2.6614717526883937e-15,2.661481705325524e-15,3.4354438730772744e-15,3.435354722859576e-15
3.49061764381986e-05,0.0005832133745306001,0.0005832133529584116,2.03580828438842e-10,2.0358082331248694e-10,2.0358083274718553e-10,2.0358083274718553e-10,5.500459492311709e-18,5.4749848109869135e-18,5.499454467867457e-18,5.474030244560027e-18,7.764841554126409e-16,7.763717647284521e-16,2.6703067298447297e-15,2.6702828011639698e-15,3.4468320192948716e-15,3.446695435232127e-15
3.499449974242452e-05,0.000584688997015026,0.0005846889740011019,2.0461235840352402e-10,2.0461235323778903e-10,2.0461234095936476e-10,2.0461234095936476e-10,5.4971156146854635e-18,5.471647137215262e-18,5.496112658192743e-18,5.470694225149601e-18,7.790426184298225e-16,7.789167281580368e-16,2.679159282934721e-15,2.6791018964525447e-15,3.4582430354020447e-15,3.4580594410107274e-15
3.50829651551976e-05,0.0005861670075711922,0.000586166983058023,2.0564816100095956e-10,2.0564815579317952e-10,2.0564815128576441e-10,2.056481374079766e-10,5.4937713234689116e-18,5.468311944985448e-18,5.4927704349277224e-18,5.467360273690706e-18,7.816067989193981e-16,7.814673561204564e-16,2.6880292002001314e-15,2.6879385676747752e-15,3.4696771331570305e-15,3.469446951953614e-15
3.5171572676517826e-05,0.0005876474499081352,0.0005876474164718815,2.0668824889663047e-10,2.066882436375029e-10,2.066882637263845e-10,2.0668824984859668e-10,5.4904282730232785e-18,5.464979234297472e-18,5.489428625253008e-18,5.464029217363955e-18,7.841764321835716e-16,7.840233839179146e-16,2.6969162698827235e-15,2.696793238347135e-15,3.4811341008015922e-15,3.4808577563025505e-15
3.526032799072709e-05,0.0005891302877081284,0.0005891302596605641,2.0773270167519648e-10,2.0773269636149873e-10,2.077326921590128e-10,2.077326921590128e-10,5.487086463348564e-18,5.461649832331946e-18,5.486088469939519e-18,5.46070188334996e-18,7.867516770410207e-16,7.865849703690892e-16,2.705820915498971e-15,2.7056652731949132e-15,3.4926139383357297e-15,3.4922914305410627e-15
3.534922541348351e-05,0.0005906155355577258,0.0005906155053678752,2.0878146530715632e-10,2.08781459941687e-10,2.0878146433922495e-10,2.0878146433922495e-10,5.483746308035075e-18,5.4583253934500955e-18,5.482750382577561e-18,5.457379098829335e-18,7.893320570357125e-16,7.891516919575066e-16,2.714743348807111e-15,2.7145544604598735e-15,3.50411685751768e-15,3.503747551152677e-15
3.543826778695802e-05,0.0005921032007244476,0.0005921031609112948,2.0983458614146974e-10,2.0983458071366806e-10,2.0983459414480876e-10,2.0983458026702095e-10,5.48040904785373e-18,5.45500591765192e-18,5.479414776757441e-18,5.454061277392385e-18,7.919179427445615e-16,7.917238133809627e-16,2.7236837815653803e-15,2.7234610119002524e-15,3.5156432818639165e-15,3.5152261181373937e-15
3.552745511115063e-05,0.000593593283180649,0.0005935932700145141,2.1089207710851052e-10,2.1089207163345804e-10,2.1089208157576422e-10,2.1089206769797642e-10,5.477073855623916e-18,5.4516918185277265e-18,5.4760812388888525e-18,5.450749246219722e-18,7.945087518324164e-16,7.943009111229839e-16,2.7326424255320154e-15,2.7323845039995765e-15,3.5271927878579657e-15,3.526726919736976e-15
3.561678738606133e-05,0.0005950857828773692,0.000595085767260084,2.1195395115960743e-10,2.1195394565884207e-10,2.1195395438766695e-10,2.1195394050987915e-10,5.47374114493594e-18,5.448384336848433e-18,5.472750596152408e-18,5.447443005311348e-18,7.971048548761916e-16,7.968832498813662e-16,2.7416194924652533e-15,2.7413253602743192e-15,3.538766010774538e-15,3.53825016770966e-15
3.570626461169013e-05,0.0005965806997660916,0.0005965806817889163,2.130202212670251e-10,2.1302021573620032e-10,2.1302021258051695e-10,2.1302021258051695e-10,5.470411329380108e-18,5.445083059023734e-18,5.4694220213674944e-18,5.44414379543818e-18,7.997058283594136e-16,7.994704590791953e-16,2.750614982365094e-15,2.750283368966244e-15,3.55036252709716e-15,3.549795438538973e-15
3.5795886788037024e-05,0.0005980780338002978,0.000598078020893178,2.1409090042396551e-10,2.1409089486546157e-10,2.1409088390988984e-10,2.1409088390988984e-10,5.467083581775807e-18,5.4417883986439354e-18,5.466096341714725e-18,5.4408503758293e-18,8.023120428589966e-16,8.020628563538263e-16,2.7596288952315374e-15,2.759258953591824e-15,3.561982760342305e-15,3.561363579257862e-15
3.588565107293107e-05,0.000599577814073049,0.0005995777627525456,2.1516596763130072e-10,2.1516596201514333e-10,2.1516598225357342e-10,2.151659683757856e-10,5.4637579021230375e-18,5.438499942118731e-18,5.4627723164231806e-18,5.437563573665321e-18,8.049230748584672e-16,8.046600181887856e-16,2.76866080754811e-15,2.768251902392823e-15,3.573626075235262e-15,3.5729535310751424e-15
3.597556315071415e-05,0.0006010799896321029,0.0006010799582865101,2.1624550400967676e-10,2.1624549831919256e-10,2.162455076115677e-10,2.162455076115677e-10,5.460434704012106e-18,5.4352176894481204e-18,5.459450772673474e-18,5.4342829753559355e-18,8.075393478742989e-16,8.072624739796652e-16,2.7777109310730486e-15,2.7772626388857143e-15,3.585292260017796e-15,3.584567199814946e-15
3.606562017921533e-05,0.0006025845895836213,0.0006025845565573729,2.1732948856283964e-10,2.173294828143841e-10,2.1732948773944827e-10,2.1732948773944827e-10,5.457112746672093e-18,5.431941227041798e-18,5.456130883284992e-18,5.431008580901144e-18,8.10160650148255e-16,8.098698531495507e-16,2.7867788422898795e-15,2.786291163070498e-15,3.596981738206379e-15,3.5962028914113785e-15
3.61558221584346e-05,0.0006040916284493214,0.0006040916084915082,2.1841793439427364e-10,2.184179285980254e-10,2.1841793651500296e-10,2.1841793651500296e-10,5.453792857283611e-18,5.428671382080376e-18,5.4528122346674296e-18,5.427739976710641e-18,8.12787405196809e-16,8.124826850940342e-16,2.795864117682129e-15,2.7953374749471738e-15,3.608693662768064e-15,3.60786187641386e-15
3.624616908837197e-05,0.0006056010844066595,0.0006056010704054149,2.1951085462201507e-10,2.1951084879508587e-10,2.1951086781601958e-10,2.1951086781601958e-10,5.4504742086660485e-18,5.425406913792935e-18,5.449495654001398e-18,5.424477576374732e-18,8.154193483221649e-16,8.151005992362013e-16,2.804966333733324e-15,2.8044013627575052e-15,3.6204280337028515e-15,3.6195441548223916e-15
3.633666381119838e-05,0.0006071129865878877,0.0006071129568088196,2.206082968592384e-10,2.2060829099269034e-10,2.2060829552028594e-10,2.2060828164249813e-10,5.447157214409711e-18,5.422148649360089e-18,5.446180314106286e-18,5.421220966303111e-18,8.180570089199148e-16,8.177241779112031e-16,2.81408506692699e-15,2.8134828265014922e-15,3.6321844274942675e-15,3.631248879604025e-15
3.6427300642571936e-05,0.0006086273132377418,0.0006086272894978428,2.2171020534473177e-10,2.2171019942967578e-10,2.2171021962780202e-10,2.2171021962780202e-10,5.4438422881049046e-18,5.418897002372143e-18,5.442866628572398e-18,5.41797097367639e-18,8.207000693527034e-16,8.203530505421252e-16,2.8232203172631276e-15,2.822581654420898e-15,3.643962844142312e-15,3.642976897791708e-15
3.651808526683453e-05,0.0006101440790073909,0.0006101440466030894,2.2281666237380153e-10,2.2281665640777525e-10,2.2281666789414345e-10,2.2281666789414345e-10,5.44052942975163e-18,5.415651972829097e-18,5.4395554245803485e-18,5.414727598494569e-18,8.233490590161228e-16,8.229878524036781e-16,2.832371661225263e-15,2.8316978465157223e-15,3.6557632836469855e-15,3.654727785868967e-15
3.6609014841815224e-05,0.0006116632694497248,0.0006116632426560464,2.2392764660283646e-10,2.239276405829817e-10,2.2392766807488584e-10,2.2392765419709804e-10,5.4372190529401925e-18,5.412414387911565e-18,5.436247115720443e-18,5.411491254347956e-18,8.260035543936994e-16,8.256281070398289e-16,2.841539734088107e-15,2.840830979269492e-15,3.667585746008287e-15,3.666501543835802e-15
3.6700092209684954e-05,0.0006131848918982108,0.0006131848922097394,2.2504320606859293e-10,2.2504320002461893e-10,2.250432062922414e-10,2.2504319241445359e-10,5.433912398441512e-18,5.4091846612098515e-18,5.432941701992681e-18,5.4082631820074675e-18,8.286640848810252e-16,8.282742909066106e-16,2.850724324093422e-15,2.8499808409239696e-15,3.679431078259165e-15,3.678297748175739e-15
3.679131452827278e-05,0.000614708975450462,0.0006147089661747707,2.261633193241861e-10,2.2616331327203478e-10,2.2616331030178571e-10,2.2616331030178571e-10,5.4306094662555875e-18,5.405963206314264e-18,5.429640424167982e-18,5.405043381473105e-18,8.313301740220673e-16,8.309259804875494e-16,2.859926066515919e-15,2.8591472197209188e-15,3.691298856883145e-15,3.6901159753723045e-15
3.68826817975787e-05,0.0006162354982256479,0.0006162354500423017,2.272879996764561e-10,2.2728799357180602e-10,2.2728800785909442e-10,2.2728799398130661e-10,5.427311083563032e-18,5.4027500232248015e-18,5.426344109426958e-18,5.401832266335174e-18,8.340021923937402e-16,8.335835992991189e-16,2.869145173113835e-15,2.8683303274185763e-15,3.703190352429648e-15,3.701956648941972e-15
3.697441570693627e-05,0.000617768115094397,0.000617768086127235,2.2841999943256826e-10,2.28419993257145e-10,2.2842000513279004e-10,2.2841999125500223e-10,5.424009392148027e-18,5.399538908086871e-18,5.4230440723731775e-18,5.398622391968162e-18,8.366861221662338e-16,8.362530765719501e-16,2.8784043020185085e-15,2.877551763357097e-15,3.715133516985934e-15,3.713847297455528e-15
3.706607571984932e-05,0.000619299523292316,0.0006192994990557033,2.2955389578965673e-10,2.2955388956546688e-10,2.2955390366341533e-10,2.2955390366341533e-10,5.420720935622822e-18,5.3963439229708846e-18,5.419757270209198e-18,5.395429474803707e-18,8.393694696035763e-16,8.389219185700708e-16,2.8876591957584458e-15,2.8867676935814606e-15,3.727071599344536e-15,3.725732440254927e-15
3.7157883525651414e-05,0.0006208333777011354,0.0006208333583876957,2.3069243459508862e-10,2.3069242833091643e-10,2.3069243737516842e-10,2.3069243737516842e-10,5.417437442181293e-18,5.393158450431943e-18,5.416475431128894e-18,5.392245243035684e-18,8.42058110996839e-16,8.415960015845526e-16,2.8969318771902754e-15,2.8960001409482957e-15,3.739032975109188e-15,3.737639182394481e-15
3.724983912434254e-05,0.0006223696709917181,0.0006223696495850639,2.318356294014605e-10,2.3183562309984392e-10,2.3183560626804933e-10,2.3183560626804933e-10,5.4141580846428266e-18,5.389981663289433e-18,5.4131977279516525e-18,5.389070523844706e-18,8.447523110438181e-16,8.442756432527508e-16,2.9062221345557606e-15,2.9052497407323127e-15,3.751017644279889e-15,3.7495683709071366e-15
3.7341936831580824e-05,0.000623908410416929,0.0006239083944730162,2.329834229402511e-10,2.329834166042355e-10,2.3298343809763367e-10,2.3298343809763367e-10,5.41088203582681e-18,5.386813975133661e-18,5.409923747087168e-18,5.385904076459853e-18,8.4745164622804e-16,8.469604200581917e-16,2.9155297560966645e-15,2.9145162811752747e-15,3.763024759823692e-15,3.761519582276421e-15
3.7434185173879087e-05,0.0006254496105407847,0.0006254495784789871,2.34135935003955e-10,2.341359286236549e-10,2.341359328639214e-10,2.341359328639214e-10,5.407608882142938e-18,5.383654558784015e-18,5.4066522477645204e-18,5.382746728061738e-18,8.501563812473006e-16,8.496505966986713e-16,2.9248541065382766e-15,2.9238001857936555e-15,3.775053898224124e-15,3.773494087051755e-15
3.7526578466895444e-05,0.0006269932568626624,0.0006269932234008735,2.352931082122975e-10,2.3529310177145803e-10,2.3529311832248823e-10,2.3529311832248823e-10,5.404337382820291e-18,5.380503414240494e-18,5.403382402803098e-18,5.379596824289136e-18,8.528660925851263e-16,8.523456967181569e-16,2.934195397638834e-15,2.933101454587455e-15,3.7871050594811845e-15,3.785490614683718e-15
3.761911955280084e-05,0.0006285393567110331,0.0006285393364535707,2.36454991726795e-10,2.364549852362431e-10,2.3645499447333407e-10,2.3645499447333407e-10,5.401066710678256e-18,5.37735930073218e-18,5.400113385022289e-18,5.376454365142047e-18,8.555810978788723e-16,8.550460906935628e-16,2.9435532058818626e-15,2.94242029931491e-15,3.7991778200784e-15,3.797509588688783e-15
3.771180843159527e-05,0.0006300879247046476,0.0006300878957798961,2.3762159924214007e-10,2.3762159270600175e-10,2.3762158907203457e-10,2.3762158907203457e-10,5.397795624945915e-18,5.374222218259073e-18,5.396843953651173e-18,5.373318937030165e-18,8.583010265516243e-16,8.577514609875339e-16,2.952927319509126e-15,2.951756296459547e-15,3.811271756499297e-15,3.80955100906695e-15
3.78046422611078e-05,0.0006316389390793598,0.0006316389086211682,2.387929086077791e-10,2.387929020165133e-10,2.387929021185897e-10,2.387929021185897e-10,5.394523712032962e-18,5.3710913396405595e-18,5.3935736950994445e-18,5.370189712772877e-18,8.610263021198558e-16,8.60462072297866e-16,2.962317738520624e-15,2.9611094460213656e-15,3.8233877157768225e-15,3.821614875818219e-15
3.789762388350937e-05,0.0006331924071381057,0.0006331923967790587,2.3996896931413566e-10,2.3996896268491734e-10,2.3996896136857515e-10,2.3996896136857515e-10,5.391250144758783e-18,5.367965837696028e-18,5.390301782186491e-18,5.36706586518957e-18,8.637566598857708e-16,8.631777658058817e-16,2.9717244629163565e-15,2.9704793244838927e-15,3.835524850878029e-15,3.833700765426117e-15
3.799075329879997e-05,0.0006347483507306295,0.00063474831659871,2.411497951281701e-10,2.4114978845751757e-10,2.4114979457756647e-10,2.4114979457756647e-10,5.387974923123379e-18,5.3648452988351716e-18,5.3870282149123124e-18,5.363946980689939e-18,8.66492523365843e-16,8.658989120884954e-16,2.981147492696324e-15,2.979865931847128e-15,3.847683585319391e-15,3.84580825437417e-15
3.8084030506979616e-05,0.0006363067480357198,0.0006363067190582328,2.4233539983872433e-10,2.4233539310920514e-10,2.4233540174556367e-10,2.4233537398998806e-10,5.384697633536444e-18,5.361729309467684e-18,5.383752993276909e-18,5.360832645683677e-18,8.692336808018356e-16,8.6862529938747015e-16,2.9905868278605257e-15,2.9892684210781244e-15,3.859864342617382e-15,3.857937342662378e-15
3.81774555080483e-05,0.0006378675990534877,0.0006378675823897062,2.435257972361093e-10,2.4352579046394973e-10,2.4352578287256677e-10,2.4352578287256677e-10,5.38141910317859e-18,5.358617869593566e-18,5.3804757036899736e-18,5.357722860170784e-18,8.71980555710222e-16,8.713572982797205e-16,3.0000424684089623e-15,2.9986867921768818e-15,3.872067122772001e-15,3.870088030290741e-15
3.827102545983507e-05,0.0006394309401622778,0.0006394308994137621,2.447209648634267e-10,2.4472095803754646e-10,2.4472096571415136e-10,2.4472096571415136e-10,5.378138918459511e-18,5.3555101520322044e-18,5.377197586922426e-18,5.354616383380341e-18,8.747329892723249e-16,8.740948558256872e-16,3.0095146260998703e-15,3.0081210451434e-15,3.884291502266775e-15,3.882259893742785e-15
3.836474604668183e-05,0.0006409967204202838,0.0006409967065894584,2.4592098918107287e-10,2.4592098230404055e-10,2.459209780258931e-10,2.459209780258931e-10,5.37485790655982e-18,5.352406156783599e-18,5.3739182293839595e-18,5.351514042492961e-18,8.774912991254993e-16,8.768382896627255e-16,3.01900330093325e-15,3.0175711799776796e-15,3.896538751651125e-15,3.894453356534985e-15
3.845861158424668e-05,0.0006425649980374981,0.0006425649675840805,2.471258112880799e-10,2.4712580436947996e-10,2.471258198077919e-10,2.471258198077919e-10,5.371576894660128e-18,5.3493058838477504e-18,5.370638871845493e-18,5.348415837508643e-18,8.802553793906269e-16,8.795873350930393e-16,3.028508281150864e-15,3.027037408437957e-15,3.908808023892103e-15,3.906668418667339e-15
3.8552627756871516e-05,0.0006441357366315792,0.0006441357042297202,2.483355180719514e-10,2.4833551109425733e-10,2.483355188154235e-10,2.483355188154235e-10,5.36829546917013e-18,5.346209333224658e-18,5.36735910071672e-18,5.345320941246776e-18,8.830253888863853e-16,8.823423626935431e-16,3.0380299902691863e-15,3.0365199422824687e-15,3.921099742506184e-15,3.918906350689269e-15
3.864679172238539e-05,0.0006457089216563849,0.0006457089092026802,2.4955008695116417e-10,2.4955007993123237e-10,2.495500750487878e-10,2.495500750487878e-10,5.3650140436801324e-18,5.343117332094935e-18,5.364079743178254e-18,5.342230594478278e-18,8.858012746732152e-16,8.851031607060001e-16,3.047568428288217e-15,3.0460194167859257e-15,3.933413907493367e-15,3.9311667290843014e-15
3.8741100638617354e-05,0.0006472846040588287,0.0006472845897143031,2.507694951322157e-10,2.5076948808701073e-10,2.5076951626346045e-10,2.5076951626346045e-10,5.3617326181901345e-18,5.3400294668682745e-18,5.360799972049481e-18,5.339144383612843e-18,8.88583089690676e-16,8.8786983500952865e-16,3.057123595207956e-15,3.0555358319483278e-15,3.945750942370126e-15,3.94344997736891e-15
3.88355601899093e-05,0.0006488627692721183,0.0006488627384158008,2.5199383012514646e-10,2.51993823037245e-10,2.5199384245944145e-10,2.5199384245944145e-10,5.358449951929218e-18,5.336945737544677e-18,5.3575189601497894e-18,5.33606230865047e-18,8.913706751200899e-16,8.906422267854512e-16,3.066695914544877e-15,3.0650696112861486e-15,3.958110847136461e-15,3.955756095543094e-15
3.893016753409029e-05,0.0006504433954359623,0.0006504433698184542,2.532230691803566e-10,2.5322306203902675e-10,2.5322308139230643e-10,2.5322308139230643e-10,5.355166044897382e-18,5.333866557714448e-18,5.354236707479179e-18,5.332984783181467e-18,8.941639780218977e-16,8.934203889733269e-16,3.0762853862989796e-15,3.0746203312829144e-15,3.970494045308845e-15,3.968085083606854e-15
3.9024925513331254e-05,0.0006520265115926849,0.0006520264766203265,2.5445726334447864e-10,2.5445725614573504e-10,2.54457260817631e-10,2.54457260817631e-10,5.3518800699140154e-18,5.3307919273775885e-18,5.3509528004473435e-18,5.329911807205832e-18,8.969628925169812e-16,8.962040568753597e-16,3.085892433986738e-15,3.084188203696862e-15,3.982900113370805e-15,3.9804369415601896e-15
3.9119828443290316e-05,0.0006536120958403613,0.0006536120806290846,2.556963526376093e-10,2.5569634539123995e-10,2.556963529798395e-10,2.556963529798395e-10,5.3485911997985046e-18,5.3277210193534854e-18,5.347665584693058e-18,5.3268429671332604e-18,8.997674186053402e-16,8.989934422497865e-16,3.095516634091678e-15,3.0937734402862287e-15,3.9953286278058674e-15,3.992811245886628e-15
3.921488200830936e-05,0.0006552001917774497,0.0006552001527542206,2.569404253763973e-10,2.5694041807847614e-10,2.5694044114565884e-10,2.569404133900832e-10,5.34529943455085e-18,5.324654660822751e-18,5.344375473806628e-18,5.323777849373445e-18,9.025773445287379e-16,9.017880157010153e-16,3.105158198372037e-15,3.1033754057763034e-15,4.007780435646979e-15,4.005207996586168e-15
3.931008336621744e-05,0.0006567907266205042,0.0006567907075365476,2.5818945854634287e-10,2.5818945119310287e-10,2.5818946980393775e-10,2.5818946980393775e-10,5.3420039469904386e-18,5.321591197424161e-18,5.341082054197748e-18,5.3207164539263864e-18,9.05392564408056e-16,9.045880948664012e-16,3.114816703311341e-15,3.11299452368356e-15,4.02025426634472e-15,4.017627617175284e-15
3.94054353591855e-05,0.000658383773144422,0.0006583837522644576,2.5944350364287645e-10,2.594434962515301e-10,2.594434944658275e-10,2.594434944658275e-10,5.338704737117271e-18,5.318530629157715e-18,5.3377844986858056e-18,5.317657540021165e-18,9.082131841224128e-16,9.07393362108589e-16,3.12449214890959e-15,3.1226305822497618e-15,4.032750119899089e-15,4.030068837104555e-15
3.9500935145042604e-05,0.0006599793095614093,0.0006599792796750936,2.607025375636796e-10,2.6070253012385157e-10,2.6070251513132803e-10,2.6070251513132803e-10,5.33540139134104e-18,5.3154725424331065e-18,5.3344828072708e-18,5.314601107657782e-18,9.110387801553347e-16,9.102039233066972e-16,3.1341838998920736e-15,3.132283369716672e-15,4.045267572793613e-15,4.042532079890455e-15
3.959658272378874e-05,0.0006615773213856091,0.0006615773043461282,2.6196657448293945e-10,2.6196656699822804e-10,2.619665873115906e-10,2.61966559556015e-10,5.332093909661747e-18,5.312415696479417e-18,5.331177393543038e-18,5.3115463296556235e-18,9.138697760232954e-16,9.13019566702489e-16,3.143891956258792e-15,3.141953097842527e-15,4.0578070485447655e-15,4.0550173455329835e-15
3.969238093759486e-05,0.0006631778377693687,0.000663177811775828,2.6323566626271435e-10,2.6323565873677807e-10,2.63235655495464e-10,2.63235655495464e-10,5.328781878489085e-18,5.309360504886952e-18,5.327867430321907e-18,5.308492378834078e-18,9.16705959968058e-16,9.15840504054201e-16,3.153616318009745e-15,3.1516393431108534e-15,4.070367276603126e-15,4.0675246340321405e-15
3.978832694429002e-05,0.0006647808369318886,0.000664780809260801,2.6450978958165216e-10,2.645097820042268e-10,2.645098029496751e-10,2.6450977519409946e-10,5.325466125003666e-18,5.306305726884794e-18,5.3245533311977136e-18,5.305439668783451e-18,9.19547437868741e-16,9.18666629482715e-16,3.163356561628459e-15,3.1613423172798883e-15,4.082949527518115e-15,4.080053945387926e-15
3.988442358604516e-05,0.0006663863334709363,0.00066638631140159,2.657889965285562e-10,2.657889889033319e-10,2.657890019186482e-10,2.6578897416307257e-10,5.322145822024878e-18,5.303251776063248e-18,5.321234682580151e-18,5.30238737232313e-18,9.223942097253443e-16,9.214981547462676e-16,3.1731131106314077e-15,3.1710620203496314e-15,4.095552954256785e-15,4.09260527960034e-15
3.9980668020689336e-05,0.0006679943201873817,0.0006679943036578262,2.6707326364467093e-10,2.6707325598229736e-10,2.6707328015795895e-10,2.6707325240238333e-10,5.318820969552721e-18,5.300198652422315e-18,5.317911898059525e-18,5.299335903043422e-18,9.252466990543416e-16,9.243351857239775e-16,3.182885965018591e-15,3.1807986640783196e-15,4.108177980335611e-15,4.105179060185857e-15
4.0077063090393494e-05,0.0006696048335425031,0.0006696047860537124,2.683626432812711e-10,2.68362635557187e-10,2.6836263766760737e-10,2.6836263766760737e-10,5.315491567587195e-18,5.297145942371688e-18,5.3145841504552245e-18,5.29628484735402e-18,9.28104694097496e-16,9.27177828294963e-16,3.192675124790009e-15,3.190552036707716e-15,4.120825452787538e-15,4.1177752871444755e-15
4.0173608795157634e-05,0.000671217800854218,0.0006712177804157893,2.696571499432865e-10,2.696571421536216e-10,2.696571299587447e-10,2.696571299587447e-10,5.3121580297186065e-18,5.2940940595016735e-18,5.311252266947861e-18,5.293234618845231e-18,9.309684066130443e-16,9.30026082459224e-16,3.202481225220372e-15,3.2003225617542944e-15,4.133495371612568e-15,4.1303939604761964e-15
4.027030229281081e-05,0.0006728332658297864,0.0006728332649321711,2.709567599299081e-10,2.7095675211961264e-10,2.709567570313709e-10,2.709567570313709e-10,5.3088195287663425e-18,5.291043417402578e-18,5.307915833947128e-18,5.2901856311073604e-18,9.338379424801051e-16,9.328801599749973e-16,3.212304478067917e-15,3.2101102392180546e-15,4.146188160327174e-15,4.143035927213967e-15
4.036714642552397e-05,0.0006744512866719843,0.000674451254158992,2.7226152596995676e-10,2.722615181273051e-10,2.72261518885486e-10,2.72261518885486e-10,5.305476891911016e-18,5.287994016074401e-18,5.3045748514530266e-18,5.287138297730715e-18,9.36713513456915e-16,9.357401667214015e-16,3.2221459421238278e-15,3.2199152808572336e-15,4.15890551299725e-15,4.155701187357787e-15
4.0464138351126167e-05,0.000676071776003706,0.0006760717553708773,2.7357142429414766e-10,2.7357141639994887e-10,2.735714432766656e-10,2.735714432766656e-10,5.30212970556232e-18,5.284946682697756e-18,5.301229733055862e-18,5.2840922051249885e-18,9.395950136643558e-16,9.386061026984364e-16,3.2320060409045783e-15,3.229738110188305e-15,4.1716470061063226e-15,4.168389740907656e-15
4.056128375395929e-05,0.0006776947700922742,0.000677694739456669,2.7488654625877263e-10,2.748865383147689e-10,2.748865302049097e-10,2.748865302049097e-10,5.298777969720255e-18,5.281900176501723e-18,5.2978796515750224e-18,5.2810481804707934e-18,9.424825489815457e-16,9.41477967906102e-16,3.241885197926642e-15,3.2395787272112685e-15,4.1844134866873394e-15,4.181102434896522e-15
4.0658576949681446e-05,0.0006793202760656536,0.000679320264613148,2.7620682956361023e-10,2.762068215786576e-10,2.7620683518136957e-10,2.7620683518136957e-10,5.295421684384821e-18,5.2788557382572216e-18,5.29452543419112e-18,5.278004982997211e-18,9.453760135293664e-16,9.443557623443986e-16,3.2517836249482557e-15,3.2494373436843613e-15,4.197205378256774e-15,4.193838845807912e-15
4.0756020780463587e-05,0.000680948301061246,0.0006809482653613586,2.775323273740884e-10,2.775323193431887e-10,2.7753233045046954e-10,2.7753233045046954e-10,5.2920612631463244e-18,5.275812127193333e-18,5.291166667313848e-18,5.274963439884853e-18,9.482755131869362e-16,9.472394860133258e-16,3.2617013219694195e-15,3.2593145948822937e-15,4.210022680814626e-15,4.206600244191245e-15
4.085361524630571e-05,0.0006825788231290542,0.0006825787998645527,2.7886305438755436e-10,2.7886304629910863e-10,2.7886304376778526e-10,2.7886304376778526e-10,5.2886958788241524e-18,5.272770170490669e-18,5.2878029373529014e-18,5.2719227239531084e-18,9.511807303169e-16,9.501290330337655e-16,3.2716378654736597e-15,3.2692104808050657e-15,4.222864970844422e-15,4.219385359497101e-15
4.095136034720781e-05,0.0006842118640377759,0.0006842118244538842,2.801990253238461e-10,2.801990171739692e-10,2.8019903064446794e-10,2.801990028888923e-10,5.285325531418305e-18,5.2697286273783115e-18,5.2844346578985855e-18,5.268882835201976e-18,9.540918766774947e-16,9.530244034057175e-16,3.2815932554609763e-15,3.279125213210914e-15,4.235731401313215e-15,4.232195885791375e-15
4.1049256083169894e-05,0.0006858474019505456,0.0006858473899982176,2.815402549254021e-10,2.8154024672507343e-10,2.8154023556936636e-10,2.8154023556936636e-10,5.281949807338476e-18,5.26668749785626e-18,5.281061001770288e-18,5.265843773631456e-18,9.570085287522465e-16,9.55925385370945e-16,3.291566856656659e-15,3.289058792099839e-15,4.248621972221004e-15,4.245030552524646e-15
4.1147299612021015e-05,0.0006874854660248175,0.0006874854528127194,2.8288671893203746e-10,2.828867107070367e-10,2.8288674180920736e-10,2.8288671405363175e-10,5.278568706584666e-18,5.263646781924515e-18,5.2776815553777026e-18,5.262804712060936e-18,9.599308982993922e-16,9.588319789294482e-16,3.301558033785997e-15,3.2990118527465506e-15,4.26153541301837e-15,4.257890206729861e-15
4.124549661810306e-05,0.0006891260418298017,0.0006891260346713057,2.842385102181316e-10,2.842385019731275e-10,2.8423852160841534e-10,2.842384938528397e-10,5.2751822291568736e-18,5.2606060659927704e-18,5.2742967323111356e-18,5.2597656504904165e-18,9.628585618024583e-16,9.6174397232299e-16,3.3115667868489906e-15,3.3089837598763387e-15,4.274472147221785e-15,4.2707740013740725e-15
4.134384425924509e-05,0.0006907691513069469,0.0006907691210245037,2.855956045908138e-10,2.855955963089874e-10,2.855956027225659e-10,2.855956027225659e-10,5.271789547874487e-18,5.257564936470719e-18,5.270906118980281e-18,5.256726588919897e-18,9.657918368988e-16,9.646613655515707e-16,3.3215931158456398e-15,3.3189749370056768e-15,4.287431327798302e-15,4.283682783490228e-15
4.1442342535447096e-05,0.0006924147727671581,0.0006924147555200655,2.8695801691273006e-10,2.8695800858408794e-10,2.8695801290723466e-10,2.8695801290723466e-10,5.268391076327813e-18,5.254523806948668e-18,5.267509301794832e-18,5.253686700168764e-18,9.687301941928251e-16,9.675840527360717e-16,3.3316370207759445e-15,3.328985172376328e-15,4.3004138017808686e-15,4.29661570604538e-15
4.1540991446709086e-05,0.0006940629135647747,0.0006940629017846422,2.8832576205518695e-10,2.8832575369790976e-10,2.883257521624216e-10,2.883257521624216e-10,5.264986400926545e-18,5.251481850246004e-18,5.264106694345095e-18,5.250646811417632e-18,9.71673951321889e-16,9.70512033876493e-16,3.3416989251563783e-15,3.339014042471819e-15,4.313419569169485e-15,4.309572769039529e-15
4.1639790993031056e-05,0.0006957135956162652,0.0006957135671172843,2.8969885494114714e-10,2.8969884654407434e-10,2.896988482437024e-10,2.896988482437024e-10,5.261575108080376e-18,5.248439479953034e-18,5.2606974694504575e-18,5.247606095485887e-18,9.746228965277549e-16,9.734453089728346e-16,3.3517794642616517e-15,3.3490617590503863e-15,4.326449476997098e-15,4.322553972472675e-15
4.173874117441301e-05,0.0006973667607292899,0.0006973667588443533,2.9107731048054743e-10,2.9107730205340965e-10,2.910773289066526e-10,2.91077301151077e-10,5.2581576113796135e-18,5.245396282479452e-18,5.25728162711092e-18,5.2445645523735296e-18,9.775773474477779e-16,9.76383983904215e-16,3.3618792733664752e-15,3.3591281103537932e-15,4.339503525263707e-15,4.335558892828344e-15
4.1837844833025883e-05,0.0006990224889358299,0.0006990224697791536,2.9246118331544244e-10,2.9246117486745165e-10,2.9246116639569664e-10,2.9246116639569664e-10,5.2547339108242565e-18,5.2423522578252565e-18,5.253859580916788e-18,5.2415221820805595e-18,9.805370923237212e-16,9.793280586706341e-16,3.371998987745559e-15,3.3692133081402766e-15,4.3525829845187346e-15,4.34858795362301e-15
4.193709912669874e-05,0.0007006807438172391,0.0007006807291249917,2.9385044887262765e-10,2.9385044039104035e-10,2.9385044397756133e-10,2.938504162219857e-10,5.251303592823999e-18,5.239307405990449e-18,5.250431330868062e-18,5.238479398197283e-18,9.835025546720585e-16,9.822776391512104e-16,3.382139030915377e-15,3.3793171406515995e-15,4.365688701795127e-15,4.361641578373146e-15
4.203650405543158e-05,0.0007023415107567654,0.0007023414787766802,2.952451221448928e-10,2.952451136169109e-10,2.9524510614109545e-10,2.9524510614109545e-10,5.247866657378841e-18,5.2362617269750285e-18,5.246996049784129e-18,5.235434959952782e-18,9.86473522734553e-16,9.852328312250623e-16,3.392299614634166e-15,3.3894402431624724e-15,4.37882025357641e-15,4.374720190595226e-15
4.21360596192244e-05,0.0007040048260792409,0.0007040048206661265,2.966452181694095e-10,2.966452096042006e-10,2.9664520839745023e-10,2.9664520839745023e-10,5.244423104488783e-18,5.2332148071886895e-18,5.243554564845602e-18,5.232390108117974e-18,9.894504200276782e-16,9.881938466504265e-16,3.4024813741766365e-15,3.399583039189369e-15,4.391979333928479e-15,4.387824213805723e-15
4.223576866024814e-05,0.0007056706751651376,0.0007056706529475765,2.9805079209324695e-10,2.9805078350048776e-10,2.980507785022013e-10,2.980507785022013e-10,5.2409733477441306e-18,5.230167060221738e-18,5.240106876052481e-18,5.2293440155122476e-18,9.924331406723158e-16,9.91160685427303e-16,3.412684309542788e-15,3.4097461640069998e-15,4.405165095818387e-15,4.400954071521112e-15
4.2335628336331865e-05,0.0007073390434335636,0.0007073390337941632,2.9946181902127117e-10,2.994618103966997e-10,2.9946181645534864e-10,2.9946181645534864e-10,5.237516973554578e-18,5.227118072483867e-18,5.2366521562241536e-18,5.226296682135602e-18,9.954218964267026e-16,9.941335593139288e-16,3.422908632490858e-15,3.4199306764065487e-15,4.418377962762607e-15,4.414111457807287e-15
4.243588023200573e-05,0.0007090139789601713,0.0007090139529977169,3.0088173977565496e-10,3.0088173111539195e-10,3.00881736192693e-10,3.00881736192693e-10,5.2340448829333864e-18,5.2240608129398714e-18,5.233181719964187e-18,5.223241076952831e-18,9.984238870708903e-16,9.97119562211237e-16,3.4331786952180796e-15,3.4301609285852493e-15,4.4316501220131345e-15,4.4273281363997694e-15
4.253604402038036e-05,0.0007106874291880061,0.0007106874161082466,3.0230376648966414e-10,3.0230375779029497e-10,3.023037653537841e-10,3.023037653537841e-10,5.230574033083114e-18,5.2210097572504695e-18,5.229712938065446e-18,5.2201916756246546e-18,1.0014249248030123e-15,1.0001046121964796e-15,3.443445581571749e-15,3.440388851423345e-15,4.4449184696153995e-15,4.440541003343989e-15
4.263636128598591e-05,0.0007123634276620106,0.0007123634274617263,3.0373133219743246e-10,3.0373132348474114e-10,3.0373131787442276e-10,3.0373131787442276e-10,5.227095325017022e-18,5.217957460790149e-18,5.226236297950886e-18,5.217141447115865e-18,1.0044317858866466e-15,1.0030954855332346e-15,3.4537338555073365e-15,3.450639008876306e-15,4.458213498755503e-15,4.453782245891942e-15
4.273682918665145e-05,0.0007140419743559834,0.0007140419433107059,3.0516441175981973e-10,3.0516440301573664e-10,3.051644215101845e-10,3.051643937546089e-10,5.2236091723254174e-18,5.214904337149216e-18,5.2227522132108125e-18,5.214089564245851e-18,1.0074449997173854e-15,1.0060926057379755e-15,3.464043728783079e-15,3.4609111891858958e-15,4.471536479982866e-15,4.467051440527154e-15
4.283745056454791e-05,0.0007157230546777082,0.0007157230363581402,3.0660306103271513e-10,3.0660305223896047e-10,3.066030485054938e-10,3.066030485054938e-10,5.220115988598606e-18,5.2118499727373636e-18,5.21926027025492e-18,5.21103726778553e-18,1.0104640368996365e-15,1.0090955492942288e-15,3.474374777882503e-15,3.471205392352114e-15,4.4848869897810145e-15,4.480348587249626e-15
4.293822257750435e-05,0.0007174066904365173,0.0007174066702082538,3.0804725472514423e-10,3.0804724589254413e-10,3.080472543715018e-10,3.080472543715018e-10,5.2166153602462816e-18,5.208795194735205e-18,5.215761709854127e-18,5.207983730554291e-18,1.0134891091916369e-15,1.0121045279602313e-15,3.4847274263220818e-15,3.4815214066167242e-15,4.498264604633475e-15,4.493673686059357e-15
4.303914806769171e-05,0.0007190928670581798,0.0007190928521194628,3.094970489450851e-10,3.0949704007699254e-10,3.094970391082086e-10,3.094970391082086e-10,5.213108114449057e-18,5.205739175962128e-18,5.212256118418127e-18,5.204929366142439e-18,1.0165197930769128e-15,1.0151191182195094e-15,3.495101250585342e-15,3.4918588084632525e-15,4.511669324540248e-15,4.5070258899234e-15
4.314022703511e-05,0.0007207815773017101,0.00072078156030142,3.1095245916556387e-10,3.109524502651877e-10,3.109524304711897e-10,3.109524304711897e-10,5.209594664797238e-18,5.2026823300084384e-18,5.208745150308146e-18,5.20187458814028e-18,1.0195564061928194e-15,1.0181396377094182e-15,3.5054964624305204e-15,3.502217809649936e-15,4.525101149501333e-15,4.520405622358229e-15
4.324145663758827e-05,0.000722472864872481,0.0007224728384527257,3.124134599001268e-10,3.124134509557967e-10,3.124134562160208e-10,3.124134562160208e-10,5.2060762520617435e-18,5.199624656874136e-18,5.2052283919338766e-18,5.198818569367203e-18,1.0225984191437648e-15,1.0211654511552474e-15,3.51591285009938e-15,3.5125979866603005e-15,4.538559656000257e-15,4.5338120363308965e-15
4.3342839717297466e-05,0.0007241666861854679,0.0007241666648081235,3.138801076292806e-10,3.138800986364923e-10,3.1388011634270185e-10,3.1388008858712624e-10,5.2025537034231864e-18,5.196566156559221e-18,5.201707497656545e-18,5.19576213700382e-18,1.0256459378088674e-15,1.024197087952589e-15,3.526350837108395e-15,3.5229995512525833e-15,4.5520452675534926e-15,4.5472451318414025e-15
4.3444376274237584e-05,0.0007258630558356627,0.0007258630394453292,3.153524179039365e-10,3.1535240887280024e-10,3.153524108512329e-10,3.153524108512329e-10,5.19902660529126e-18,5.1935076562443065e-18,5.19818246747615e-18,5.192704877459824e-18,1.0286988563090087e-15,1.0272339128267324e-15,3.5368104234575646e-15,3.533422715185021e-15,4.5655579841610405e-15,4.560704908889747e-15
4.354606346623768e-05,0.0007275619884005158,0.0007275619697104663,3.168303650192465e-10,3.1683035595243795e-10,3.1683039525276513e-10,3.168303674971895e-10,5.19549661202719e-18,5.190448328748779e-18,5.194654128573305e-18,5.189647617915828e-18,1.0317571746441888e-15,1.0302763492941514e-15,3.547291820905126e-15,3.543867266699377e-15,4.5790978058229004e-15,4.574192214508877e-15
4.364790697763965e-05,0.0007292634693349953,0.0007292634338320614,3.183140472204021e-10,3.1831403809840154e-10,3.1831404179172296e-10,3.1831404179172296e-10,5.191962896450364e-18,5.187389414843558e-18,5.19112248094801e-18,5.186590358371832e-18,1.0348207869352892e-15,1.033323867959254e-15,3.557795452967553e-15,3.5543340528285984e-15,4.592665156055546e-15,4.5877066251823195e-15
4.37499011241016e-05,0.0007309675204780763,0.0007309674900539687,3.198033973548348e-10,3.198033881655925e-10,3.198034059792576e-10,3.198034059792576e-10,5.188426285741393e-18,5.184330914528643e-18,5.187587938190571e-18,5.183533512418142e-18,1.0378899049405467e-15,1.0363771040967505e-15,3.568321531403082e-15,3.5648228618144484e-15,4.606260458375451e-15,4.601248564426548e-15
4.385205158996541e-05,0.0007326741127482439,0.0007326741092934519,3.2129851410175224e-10,3.212985048779025e-10,3.2129848781536907e-10,3.2129848781536907e-10,5.1848863663099725e-18,5.181272827804035e-18,5.184049673120375e-18,5.180477080054759e-18,1.040964422780843e-15,1.039435528311049e-15,3.578870479728187e-15,3.575334540689874e-15,4.619883712782616e-15,4.614818879274509e-15
4.395435269088921e-05,0.0007343832898298874,0.0007343832624420177,3.227993299757737e-10,3.2279932072037157e-10,3.2279931505563297e-10,3.2279931505563297e-10,5.181342724565795e-18,5.178216395440651e-18,5.180508099327729e-18,5.1774223020526e-18,1.0440446580935333e-15,1.0424997758768598e-15,3.589441874426395e-15,3.58586951297135e-15,4.633535766309987e-15,4.62841841675915e-15
4.405680726904393e-05,0.000736094993540215,0.0007360950004060562,3.243059022978573e-10,3.243058930214294e-10,3.243058877000493e-10,3.243058877000493e-10,5.177795774099168e-18,5.175161617438493e-18,5.176963216812633e-18,5.174369592001973e-18,1.047130504999499e-15,1.0455695291568278e-15,3.6000365625306514e-15,3.5964277786588745e-15,4.647216618957565e-15,4.642046329847525e-15
4.4159415324429574e-05,0.0007378093111874984,0.0007378092867602604,3.258182468431837e-10,3.258182375487364e-10,3.258182612597693e-10,3.258182335041937e-10,5.1742455149100904e-18,5.172109320978172e-18,5.173414611984781e-18,5.1713185363125715e-18,1.0502222811360957e-15,1.0486454234256634e-15,3.610654967557431e-15,3.607009337752449e-15,4.660926270725349e-15,4.655703889089053e-15
4.426217685704614e-05,0.0007395261772737971,0.0007395261432923128,3.2733637943301503e-10,3.27336370078546e-10,3.2733640797921737e-10,3.2733638022364175e-10,5.170691533408256e-18,5.169059506059689e-18,5.169862284844172e-18,5.16827078934562e-18,1.053319986503323e-15,1.0517268234086562e-15,3.621296665990261e-15,3.61761503728502e-15,4.674665992162761e-15,4.669391094483735e-15
4.436509470906458e-05,0.0007412456135617029,0.0007412455626889525,3.2886035795343785e-10,3.2886034851163867e-10,3.288603556139691e-10,3.288603278583935e-10,5.167134656774278e-18,5.1660129998636564e-18,5.166307476161725e-18,5.165225937510812e-18,1.056423832859418e-15,1.0548146820178717e-15,3.631962504862087e-15,3.628244453740114e-15,4.688435783269801e-15,4.683108369548045e-15
4.4468163196142996e-05,0.0007429675981491801,0.0007429675667536273,3.3039011405576623e-10,3.3039010452917436e-10,3.303901319196001e-10,3.303901041640245e-10,5.163575712188769e-18,5.162969802390074e-18,5.162750599527747e-18,5.1621839808081484e-18,1.0595337143252622e-15,1.0579083639785996e-15,3.64265248417291e-15,3.638897163601258e-15,4.702235644046468e-15,4.696855290765509e-15
4.457138800262328e-05,0.0007446921600506862,0.0007446921263696282,3.319257479622531e-10,3.3192573836848603e-10,3.319257368961104e-10,3.319257368961104e-10,5.160015940422647e-18,5.1599299136389414e-18,5.1591924821228504e-18,5.1591461600085474e-18,1.0626498426590924e-15,1.061008398686432e-15,3.653366180406256e-15,3.649574013901398e-15,4.7160655744927626e-15,4.710631858136126e-15
4.4674763444163546e-05,0.0007464192991770702,0.0007464192560591165,3.334671910170873e-10,3.334671813439289e-10,3.3346719829907556e-10,3.3346719829907556e-10,5.156455755066219e-18,5.156894574381178e-18,5.1556343647179536e-18,5.156112475112009e-18,1.0657721119817901e-15,1.064114362624895e-15,3.664103593562125e-15,3.660274581124062e-15,4.729925574608685e-15,4.724438495176371e-15
4.477829520510568e-05,0.0007481490009231262,0.0007481489994827228,3.3501454389666395e-10,3.350145341773735e-10,3.350145716396469e-10,3.3501454388407126e-10,5.152896810480709e-18,5.1538633710264775e-18,5.152077074493669e-18,5.153082926118534e-18,1.068900628172474e-15,1.0672268910686994e-15,3.6748643001240436e-15,3.670998441752775e-15,4.743815220877761e-15,4.738275201886244e-15
4.488198328544968e-05,0.0007498813016528771,0.0007498812547379607,3.365678227603764e-10,3.3656781299094724e-10,3.365678014066731e-10,3.365678014066731e-10,5.1493403474370376e-18,5.1508375443457585e-18,5.148522265811223e-18,5.15005875379904e-18,1.0720352853520253e-15,1.0703451369848977e-15,3.685648300092012e-15,3.681746442820485e-15,4.757733666267043e-15,4.7521415547492705e-15
4.498582200085366e-05,0.0007516161650260589,0.0007516161309575331,3.3812695844159917e-10,3.3812694858807777e-10,3.3812697086688104e-10,3.381269431113054e-10,5.14578677952551e-18,5.1478175079293274e-18,5.1449711794415325e-18,5.147040371743834e-18,1.0751759776413258e-15,1.0734697356482004e-15,3.696454746433082e-15,3.692517737294244e-15,4.771680910776533e-15,4.766037553765451e-15
4.508981703565951e-05,0.0007533536129578078,0.0007533535844586048,3.39692052286031e-10,3.396920423674423e-10,3.396920522646951e-10,3.396920245091195e-10,5.142238174697657e-18,5.144804088957797e-18,5.141424228974905e-18,5.144028607133528e-18,1.0783224932821387e-15,1.0765999459047787e-15,3.707283215630781e-15,3.7033127486905265e-15,4.785656107373281e-15,4.7799627754183116e-15
4.519396554769628e-05,0.0007550936164504307,0.0007550936225484417,3.412630776303196e-10,3.412630676884004e-10,3.4126307335569095e-10,3.4126307335569095e-10,5.13869453295348e-18,5.141798114611779e-18,5.137882655182259e-18,5.141024287148736e-18,1.0814750440327008e-15,1.0797362971502245e-15,3.7181349782345295e-15,3.7141310534928584e-15,4.799660103090237e-15,4.793917643224326e-15
4.529827037913492e-05,0.0007568362338199464,0.0007568362161185505,3.428400935121146e-10,3.428400835580925e-10,3.4284006189544414e-10,3.4284006189544414e-10,5.135157508654203e-18,5.1387999984815806e-18,5.1343468716539014e-18,5.138027825379762e-18,1.08463310049742e-15,1.0828781541098276e-15,3.7290087636949066e-15,3.7249730752177135e-15,4.813692474410925e-15,4.807901733667021e-15
4.540272868780448e-05,0.0007585814142214709,0.000758581401583136,3.4442307315653876e-10,3.444230631708243e-10,3.444230456395303e-10,3.444230456395303e-10,5.131627101799827e-18,5.13581098133812e-18,5.13081811916075e-18,5.135040462597527e-18,1.0877968744345333e-15,1.086025834420943e-15,3.739906266077807e-15,3.735838813865092e-15,4.82775364485182e-15,4.821915046746396e-15
4.550734047370497e-05,0.0007603292159084063,0.000760329186227704,3.4601203269295e-10,3.460120226629648e-10,3.4601202458794944e-10,3.4601202458794944e-10,5.1281037259806574e-18,5.1328318903620105e-18,5.127296811293112e-18,5.1320630259826425e-18,1.0909660482066852e-15,1.089178914567097e-15,3.75082748538323e-15,3.746727845918519e-15,4.8418440379293954e-15,4.835957158945978e-15
4.561210857900733e-05,0.0007620795806748681,0.0007620795409759573,3.476070315440867e-10,3.476070214414138e-10,3.4760702649627717e-10,3.4760702649627717e-10,5.1245873811966945e-18,5.129863139143558e-18,5.1237825344606804e-18,5.1290955155351085e-18,1.0941407276929944e-15,1.0923377121856452e-15,3.761773268644124e-15,3.7576401713779965e-15,4.855964500676598e-15,4.85002849378224e-15
4.5717030161540606e-05,0.0007638325157555137,0.0007638325167920179,3.492080426637282e-10,3.4920803252049004e-10,3.492080513645135e-10,3.492080513645135e-10,5.121078894628551e-18,5.126905554863374e-18,5.120275702253762e-18,5.12613958561615e-18,1.0973209128934606e-15,1.0955016978809952e-15,3.772743615860488e-15,3.76857663727647e-15,4.870115456609902e-15,4.8641290512551824e-15
4.582210806347575e-05,0.0007655880647456925,0.0007655880337011922,3.508151257214832e-10,3.508151155467133e-10,3.50815126948234e-10,3.50815126948234e-10,5.11757785268592e-18,5.1239591375214605e-18,5.116776314672356e-18,5.1231948226354615e-18,1.100506603808084e-15,1.0986714010487392e-15,3.7837393740652696e-15,3.77953597306452e-15,4.884296905729307e-15,4.8782584078483314e-15
4.5927342284812767e-05,0.0007673461839061702,0.0007673461790767,3.524282971416604e-10,3.524282869291388e-10,3.524282810030144e-10,3.524282810030144e-10,5.1140842553688024e-18,5.121025127888735e-18,5.113284371716464e-18,5.120262053773655e-18,1.1036976945577462e-15,1.101846504051522e-15,3.794760543258469e-15,3.79051987280804e-15,4.898509271551287e-15,4.892416987078161e-15
4.6032729983380705e-05,0.0007691069240662873,0.0007691069020645536,3.540475297117281e-10,3.5404751947092975e-10,3.5404754128443017e-10,3.5404751352885455e-10,5.110598102677198e-18,5.118102698784585e-18,5.10980028697639e-18,5.117341692621036e-18,1.1068947145380392e-15,1.105027430405817e-15,3.805806699923612e-15,3.80152706595761e-15,4.9127529775923155e-15,4.9066056359776174e-15
4.613827400135051e-05,0.0007708702560640379,0.0007708702317792415,3.556728835034558e-10,3.5567287321380475e-10,3.556728800369058e-10,3.556728800369058e-10,5.1071202217917185e-18,5.11519309097993e-18,5.10632364686183e-18,5.1144333255873e-18,1.1100972402324893e-15,1.1082139683533877e-15,3.816878267577173e-15,3.8125592465791235e-15,4.927026753302971e-15,4.920824354546702e-15
4.624397149655124e-05,0.0007726361653179747,0.0007726361391067194,3.57304331129119e-10,3.573043207860949e-10,3.5730435277159245e-10,3.5730435277159245e-10,5.1036501991220585e-18,5.112296304474769e-18,5.102855278553395e-18,5.111537779853058e-18,1.113305906915807e-15,1.1114065414107076e-15,3.827973975669731e-15,3.8236159911561075e-15,4.941331445716202e-15,4.935073989818361e-15
4.634982815332478e-05,0.0007744046955031614,0.0007744046676525507,3.5894197686330484e-10,3.5894196646305267e-10,3.5894195948849017e-10,3.5894195948849017e-10,5.1001888618488304e-18,5.109412339269103e-18,5.099395595641392e-18,5.108655469008617e-18,1.116520396950637e-15,1.1146050436986583e-15,3.839094247717759e-15,3.834698146721509e-15,4.95566620779906e-15,4.949354541792595e-15
4.645583828732924e-05,0.0007761757957445159,0.0007761757809459091,3.6058574931992357e-10,3.605857388744589e-10,3.6058572794317456e-10,3.6058572794317456e-10,5.096736209972034e-18,5.106541608953238e-18,5.095945011716127e-18,5.105786393053977e-18,1.1197412397325715e-15,1.117809792854595e-15,3.85023823668831e-15,3.8458057132753284e-15,4.970031039551546e-15,4.963666857502351e-15
4.6562004740735574e-05,0.0007779495170630035,0.0007779495007267379,3.6223570904602134e-10,3.622356985675019e-10,3.6223568589122124e-10,3.6223568589122124e-10,5.093293897852895e-18,5.103685354298092e-18,5.0925039403679065e-18,5.10293137916975e-18,1.1229681176242552e-15,1.1210205771202807e-15,3.8614059425813845e-15,3.856938267301092e-15,4.9844255174571854e-15,4.978010513431155e-15
4.666832467137283e-05,0.0007797258304058641,0.0007797258269177654,3.638918283950039e-10,3.6389181789540717e-10,3.638918333326302e-10,3.638918333326302e-10,5.089861925491412e-18,5.100843575303666e-18,5.089073622367649e-18,5.100090840946243e-18,1.1262014541421617e-15,1.1242378200121894e-15,3.872596941880508e-15,3.868096232315273e-15,4.998850488548926e-15,4.992385933095481e-15
4.6774803763582895e-05,0.0007815047721833057,0.0007815047376404927,3.6555421256794657e-10,3.6555420202785487e-10,3.6555419802297706e-10,3.6555419802297706e-10,5.086441533658505e-18,5.098017512740879e-18,5.0856548848959674e-18,5.0972664327446805e-18,1.1294410375280541e-15,1.127461309772084e-15,3.8838125051351025e-15,3.879278761284924e-15,5.0133055293102944e-15,5.006791845945909e-15
4.6881436333023885e-05,0.000783286306013431,0.0007832862838048626,3.672227895010111e-10,3.6722277890040397e-10,3.6722280771783744e-10,3.672227799622618e-10,5.0830343767153994e-18,5.095207993790342e-18,5.0822493823140866e-18,5.094458154565063e-18,1.132686973661051e-15,1.130691152279083e-15,3.8950522088286935e-15,3.890486277726519e-15,5.027791063257764e-15,5.021229522531858e-15
4.698822522186674e-05,0.0007850704318712598,0.0007850704363088212,3.688976202344903e-10,3.6889760961490564e-10,3.688976346616357e-10,3.688976346616357e-10,5.079640868252401e-18,5.092415432042363e-18,5.078857528212313e-18,5.091667247178309e-18,1.1359390507829155e-15,1.1339271357749497e-15,3.906316052961281e-15,3.901717934607111e-15,5.042307513907808e-15,5.0356972687874355e-15
4.709517327228241e-05,0.000786857200686164,0.0007868571515343703,3.705787661914556e-10,3.7057875552404995e-10,3.7057876212109875e-10,3.7057873436552313e-10,5.07626307622104e-18,5.089641481858167e-18,5.0754809769518714e-18,5.088894537765031e-18,1.1391975865310028e-15,1.1371694720179208e-15,3.917604884565813e-15,3.9129741554431736e-15,5.056854881260427e-15,5.050195508229114e-15
4.7202274799929e-05,0.0007886465396913511,0.000788646538655069,3.722661547655291e-10,3.7226614404437126e-10,3.722661623406509e-10,3.722661345850753e-10,5.072901827801931e-18,5.086886970418365e-18,5.072121382893987e-18,5.0861412670961486e-18,1.1424619456306025e-15,1.1404177374915226e-15,3.9289187036422885e-15,3.924254093201759e-15,5.071433165315621e-15,5.0647238173404194e-15
4.730953264697746e-05,0.0007904385434738259,0.000790438517702885,3.739598474287955e-10,3.7395983667888476e-10,3.739598630758678e-10,3.739598630758678e-10,5.069558777356298e-18,5.084152311313265e-18,5.068779573219273e-18,5.083407848761967e-18,1.1457325515981881e-15,1.1436722498331105e-15,3.940257510190708e-15,3.935557747882868e-15,5.086042789589863e-15,5.079282619637826e-15
4.741694965559873e-05,0.0007922331247012249,0.000792233096013728,3.7565990599104547e-10,3.756598951826371e-10,3.756598920823251e-10,3.756598920823251e-10,5.066233924884141e-18,5.081438745313785e-18,5.065456375108341e-18,5.080695523533406e-18,1.1490087691590494e-15,1.1469324796470923e-15,3.951622151244019e-15,3.946885966519447e-15,5.1006837540831535e-15,5.093871068088387e-15
4.752452014145092e-05,0.0007940303270004279,0.0007940303027522688,3.773662572929367e-10,3.773662464275852e-10,3.7736627711559834e-10,3.773662493600227e-10,5.062929338336992e-18,5.078746686010231e-18,5.062153029332111e-18,5.078004705000771e-18,1.1522909159505414e-15,1.1501985328125864e-15,3.963012203285748e-15,3.9582383255950225e-15,5.1153560587954925e-15,5.1084895862085755e-15
4.7632249788875924e-05,0.0007958301357808839,0.0007958301233883525,3.790790083640406e-10,3.7907899745921615e-10,3.7907901817568757e-10,3.7907899042011195e-10,5.0596441905342375e-18,5.076076960583216e-18,5.0588695358905815e-18,5.0753358067543684e-18,1.1555784625770721e-15,1.1534703034504746e-15,3.9744280898323676e-15,3.969615248626069e-15,5.13005970372688e-15,5.123138173998391e-15
4.774013291353185e-05,0.0007976325801020145,0.0007976325797800499,3.8079808573216224e-10,3.8079807481362103e-10,3.8079811526259277e-10,3.8079811526259277e-10,5.056379722246797e-18,5.073429982623046e-18,5.0556058947837536e-18,5.0726900695651175e-18,1.1588718325551152e-15,1.1567476856816383e-15,3.985869810883879e-15,3.981017159129059e-15,5.144794688877316e-15,5.137817678490782e-15
4.784817519976059e-05,0.0007994376453945851,0.000799437635547573,3.8252359691646723e-10,3.825235859869392e-10,3.825236238874652e-10,3.825236238874652e-10,5.053135106294058e-18,5.070806579310334e-18,5.0523629331922394e-18,5.0700679070233244e-18,1.1621706023681971e-15,1.1600306795060775e-15,3.997336519407334e-15,3.9924444806204665e-15,5.159560167213853e-15,5.1525280996857475e-15
4.795637664756214e-05,0.0008012453243839701,0.0008012453052019808,3.8425555906448044e-10,3.842555481035426e-10,3.842555440503048e-10,3.842555440503048e-10,5.049911169856632e-18,5.06820675064508e-18,5.049140237525733e-18,5.067469319128989e-18,1.165475089653673e-15,1.1633192849237924e-15,4.0088286389192065e-15,4.003897213100292e-15,5.174356985769438e-15,5.167269437583288e-15
4.806473157259461e-05,0.0008030556389309051,0.0008030556105573794,3.859938981705755e-10,3.859938871581089e-10,3.859939035066873e-10,3.859939035066873e-10,5.046706672163602e-18,5.0656317373982025e-18,5.0459373941939275e-18,5.064895133062724e-18,1.168785082653306e-15,1.1666136078139011e-15,4.020345745903023e-15,4.015375356568535e-15,5.1891842975111246e-15,5.182042115699876e-15
4.817324565919989e-05,0.0008048685672397138,0.0008048685515329446,3.877387224362068e-10,3.877387113759069e-10,3.8773873001218817e-10,3.8773873001218817e-10,5.0435232675761915e-18,5.0630815395697016e-18,5.04275481678713e-18,5.062346176005142e-18,1.1721010048835697e-15,1.1699136481764039e-15,4.03188741684231e-15,4.026879334541669e-15,5.204041678922439e-15,5.196846557551987e-15
4.8281918907377985e-05,0.0008066841311995532,0.0008066840989879864,3.8949004909970244e-10,3.894900379873281e-10,3.894900235668075e-10,3.894899958112319e-10,5.040360128913789e-18,5.0605565707498834e-18,5.039592918895646e-18,5.059822447956243e-18,1.1754226445862275e-15,1.1732196177695374e-15,4.043453651737068e-15,4.038408723503221e-15,5.2189299770363275e-15,5.2116819161066724e-15
4.8390745632787e-05,0.0008085023308497252,0.0008085023183705964,3.9124780363560044e-10,3.9124779247459067e-10,3.912477841705453e-10,3.912477841705453e-10,5.037218083357006e-18,5.058058071709667e-18,5.036452527700088e-18,5.057324776096639e-18,1.1787504252777528e-15,1.1765315165933017e-15,4.055044450587296e-15,4.049963099936717e-15,5.2338487683363175e-15,5.226548191363933e-15
4.849999299949559e-05,0.0008103275128783505,0.0008103274908473068,3.9301633261136607e-10,3.9301632141265486e-10,3.9301631393762193e-10,3.9301631393762193e-10,5.034091754231862e-18,5.0555802521847644e-18,5.0333270257555566e-18,5.054847783752349e-18,1.1820920761337894e-15,1.1798576032189326e-15,4.066688188996727e-15,4.061570415929416e-15,5.248834051722667e-15,5.2414818057404996e-15
4.860913804805023e-05,0.0008121509766882973,0.0008121509595100385,3.9478718754659216e-10,3.9478717630508594e-10,3.9478714741747467e-10,3.9478714741747467e-10,5.030996030789382e-18,5.053135519884364e-18,5.030232956674302e-18,5.052404292222867e-18,1.1854322446821683e-15,1.183181784020432e-15,4.078328539274369e-15,4.0731747673068e-15,5.2638146764278065e-15,5.256410337919383e-15
4.871843657383579e-05,0.0008139770834585391,0.0008139770346642372,3.96564521543718e-10,3.9656451023010475e-10,3.965645312131727e-10,3.965645034575971e-10,5.0279259499458916e-18,5.050718498134484e-18,5.027163703011424e-18,5.049988511243906e-18,1.1887785542194149e-15,1.1865125293272728e-15,4.089993453507482e-15,4.084803259123181e-15,5.278826217835521e-15,5.271369786800841e-15
4.882789426119416e-05,0.0008158057967624366,0.0008158057890814696,3.9834844419337056e-10,3.9834843281794075e-10,3.98348465324716e-10,3.98348465324716e-10,5.024882338882003e-18,5.0483304277060434e-18,5.024121332718454e-18,5.047601267996078e-18,1.1921314282620026e-15,1.1898495215020995e-15,4.101683778729012e-15,4.096456314895032e-15,5.2938690994622836e-15,5.2863597288684006e-15
4.893751111012534e-05,0.000817637160204443,0.0008176371427492946,4.0013897289188596e-10,4.0013896148890276e-10,4.0013900526325585e-10,4.0013897750768024e-10,5.021867265549247e-18,5.045972135779655e-18,5.021107500156617e-18,5.045243803250302e-18,1.1954906550516948e-15,1.1931930781822675e-15,4.113398244389539e-15,4.10813351110588e-15,5.308943321308095e-15,5.301380587638535e-15
4.9047287120629335e-05,0.0008194711664819554,0.0008194711393212373,4.0193612510055095e-10,4.0193611364859023e-10,4.019361232732166e-10,4.019361232732166e-10,5.018881557128237e-18,5.043644863126237e-18,5.0181226189162194e-18,5.0429173577774964e-18,1.1988564463467281e-15,1.1965429876095398e-15,4.12513769752201e-15,4.119835271272198e-15,5.324048459856481e-15,5.316432363111244e-15
4.915722229270614e-05,0.0008213078155976383,0.0008213077642515998,4.0373991829790016e-10,4.037399067596329e-10,4.0373987486574947e-10,4.0373987486574947e-10,5.015926454389891e-18,5.041349023336096e-18,5.0151687569487925e-18,5.040622758758274e-18,1.2022285903888659e-15,1.1998995674212718e-15,4.1369012910934776e-15,4.131561171877513e-15,5.339184515107441e-15,5.331515055286527e-15
4.9267310942013864e-05,0.0008231470711874689,0.0008231470684756381,4.055502764712368e-10,4.0555026487345796e-10,4.055502877964301e-10,4.055502600408545e-10,5.0130027845148224e-18,5.039086684360763e-18,5.012246327844643e-18,5.038360833373248e-18,1.2056072989363449e-15,1.2032622882218714e-15,4.148689448620416e-15,4.1433112129218245e-15,5.354351487060977e-15,5.346628240647912e-15
4.93775587528944e-05,0.000824989013317845,0.0008249889937759214,4.073673104247361e-10,4.07367298802423e-10,4.0736733430968286e-10,4.0736733430968286e-10,5.010111374683643e-18,5.0368582597905455e-18,5.0093561587843824e-18,5.036133649573949e-18,1.208992042593573e-15,1.2066315735278122e-15,4.160502170102824e-15,4.15508624143808e-15,5.3695489522006135e-15,5.361772342711872e-15
4.948796572534775e-05,0.0008268335838106378,0.0008268335546888217,4.0919103774452594e-10,4.0919102606848463e-10,4.09191069916659e-10,4.09191069916659e-10,5.007253052076966e-18,5.0346654039866674e-18,5.006498663358318e-18,5.0339416209506835e-18,1.2123831389979057e-15,1.2100067880643837e-15,4.172339455540703e-15,4.166885833909806e-15,5.384777334042825e-15,5.376947361478406e-15
4.959853185937391e-05,0.0008286807972226473,0.0008286807875599322,4.1102147599388154e-10,4.1102146427495764e-10,4.110214946173585e-10,4.110214946173585e-10,5.004428230285098e-18,5.0325085305394354e-18,5.003674668747062e-18,5.031785574684064e-18,1.2157800587537506e-15,1.2133883553480597e-15,4.184201304934052e-15,4.1787099903370026e-15,5.4000362090711376e-15,5.3921532969475154e-15
4.9709257154972875e-05,0.0008305306681131164,0.0008305306486993125,4.1285864279348654e-10,4.1285863104236757e-10,4.128586639229326e-10,4.1285863616735696e-10,5.001636495717731e-18,5.0303892938100745e-18,5.000884174950614e-18,5.0296667515450095e-18,1.2191830136193448e-15,1.2167756401041297e-15,4.196087718282872e-15,4.190559134236143e-15,5.415326000802025e-15,5.407389725602726e-15
4.982014161214465e-05,0.0008323831819043725,0.0008323831671761539,4.1470255578931273e-10,4.1470254400033557e-10,4.1470255007780565e-10,4.1470252232223004e-10,4.998878261965173e-18,5.0283072802082786e-18,4.998127181968975e-18,5.027585565123826e-18,1.2225917918364513e-15,1.2201690658490672e-15,4.207999542620109e-15,4.20243241857428e-15,5.4306462857190135e-15,5.422656223927564e-15
4.993118523088924e-05,0.0008342383603827663,0.0008342383284332122,4.1655323266064525e-10,4.165532208198354e-10,4.1655318083755333e-10,4.1655318083755333e-10,4.996154356208036e-18,5.026263730504966e-18,4.9954041033924505e-18,5.025542842601126e-18,1.2260062875259518e-15,1.2235679973081619e-15,4.219935930912817e-15,4.214329843351414e-15,5.445997487338577e-15,5.437953215438503e-15
5.0042382326864754e-05,0.0008360961598339323,0.0008360961470508244,4.1841059614020273e-10,4.1841058424965147e-10,4.1841061171332683e-10,4.184105839577512e-10,4.993464364856014e-18,5.0242582311098315e-18,4.9927149392210406e-18,5.02353858397691e-18,1.2294265006878463e-15,1.2269729638770058e-15,4.231897306677468e-15,4.226251408567545e-15,5.461379182144241e-15,5.453279429586122e-15
5.015374426875496e-05,0.0008379566384113524,0.0008379566158009943,4.2027485384459604e-10,4.202748419146299e-10,4.2027481494955055e-10,4.2027481494955055e-10,4.990808701499412e-18,5.022292022793793e-18,4.990060516635358e-18,5.021572789251178e-18,1.2328524313221347e-15,1.2303835420391252e-15,4.2438828228811166e-15,4.2381966907061985e-15,5.476790946619533e-15,5.468635289886895e-15
5.0265259687876096e-05,0.0008398197815269182,0.0008398197492804904,4.2214583325120576e-10,4.2214582126006586e-10,4.221458460573757e-10,4.221458460573757e-10,4.9881886069091504e-18,5.0203646919665444e-18,4.9874408356354025e-18,5.019645872014236e-18,1.236284079428817e-15,1.2338000494318754e-15,4.255892479523762e-15,4.250165266250902e-15,5.492232357247979e-15,5.484020796340822e-15
5.0376939952911926e-05,0.000841685552788185,0.0008416855402471057,4.2402374286516046e-10,4.240237308240018e-10,4.240237050368023e-10,4.240237050368023e-10,4.985603667494922e-18,5.018476238628086e-18,4.984857136992093e-18,5.017758659446696e-18,1.2397216567661302e-15,1.2372222742970196e-15,4.267925429572456e-15,4.262157558718128e-15,5.507702566996632e-15,5.49943552543143e-15
5.048877369517868e-05,0.000843554003175262,0.0008435539668925074,4.25908409326754e-10,4.259083972309938e-10,4.25908419643406e-10,4.25908419643406e-10,4.983055124027646e-18,5.01662748995903e-18,4.98230942070543e-18,5.0159107379582526e-18,1.2431652692131926e-15,1.2406507460301498e-15,4.279980825994253e-15,4.274173144591404e-15,5.5232019993819645e-15,5.514879477158717e-15
5.060077228336013e-05,0.0008454251109626387,0.0008454250801381846,4.27800042089268e-10,4.278000299183487e-10,4.278000176327623e-10,4.278000176327623e-10,4.980544217278242e-18,5.0148188595496826e-18,4.979799341136638e-18,5.014102521139212e-18,1.2466148108908857e-15,1.2440850411147924e-15,4.292058668789152e-15,4.286212447387203e-15,5.538729383854557e-15,5.530353075039159e-15
5.0712924348772503e-05,0.0008472988689893768,0.0008472988508549939,4.2969846699451476e-10,4.296984547686871e-10,4.2969849900487134e-10,4.296984712492957e-10,4.978071774427321e-18,5.0130507609903505e-18,4.977327311876023e-18,5.012335249760492e-18,1.2500707053156833e-15,1.2475259007047762e-15,4.3041589579571535e-15,4.298274620072578e-15,5.5542855674473555e-15,5.545856319072754e-15
5.0825241260099574e-05,0.000849175299182825,0.0008491752862922475,4.3160389438166736e-10,4.316038821209934e-10,4.3160389151530865e-10,4.3160386375973303e-10,4.97563820906519e-18,5.011324021461646e-18,4.974894987284811e-18,5.010608923822094e-18,1.2535329524875852e-15,1.2509727954045091e-15,4.31628084646531e-15,4.310360086164002e-15,5.5698701266438874e-15,5.561389209259504e-15
5.0937717332999455e-05,0.0008510544088873306,0.0008510543864397313,4.335162459875818e-10,4.335162336871608e-10,4.3351622291964986e-10,4.3351619516407425e-10,4.973245175553074e-18,5.009639468144182e-18,4.972502780953307e-18,5.008924784094936e-18,1.25700165828571e-15,1.2544265722469385e-15,4.328425604863042e-15,4.322468845661476e-15,5.585483484960626e-15,5.576951322082933e-15
5.105034688313026e-05,0.00085293617628035,0.0008529361367330957,4.3543544291792743e-10,4.3543543054768193e-10,4.35435493217895e-10,4.3543546546231937e-10,4.970893087481279e-18,5.007998341808877e-18,4.9701515200621254e-18,5.007284071349937e-18,1.2604768227100576e-15,1.257886595957354e-15,4.34059323315035e-15,4.334600051532052e-15,5.601126065914045e-15,5.592542657543043e-15
5.116314127917576e-05,0.0008548205867684455,0.0008548205880987148,4.3736169684473455e-10,4.373616844313824e-10,4.3736173016561963e-10,4.37361702410044e-10,4.968583185620725e-18,5.0064006424557304e-18,4.967842445382184e-18,5.00568761276771e-18,1.2639587633979832e-15,1.2613535018104658e-15,4.352783731327234e-15,4.3467537037757305e-15,5.616798716537091e-15,5.608163639156307e-15
5.127609483679407e-05,0.0008567076985006583,0.0008567076823471353,4.392949289325897e-10,4.3929491650249414e-10,4.392949615183994e-10,4.392949337628238e-10,4.966316297152023e-18,5.004848438036275e-18,4.965575970503788e-18,5.00413582193856e-18,1.26744726859125e-15,1.264826760410682e-15,4.364997522910167e-15,4.358930225908985e-15,5.632501436829765e-15,5.6238134198897775e-15
5.1389207555985195e-05,0.0008585974677497443,0.0008585974631412086,4.412351572485613e-10,4.412351447949812e-10,4.4123518727623434e-10,4.4123518727623434e-10,4.964092835665481e-18,5.003342142140816e-18,4.963353336197858e-18,5.0026299396334075e-18,1.270942550048095e-15,1.2683070070327132e-15,4.377235454932097e-15,4.3711287708988675e-15,5.64823465030854e-15,5.639491999743455e-15
5.150248512109101e-05,0.0008604899308142233,0.0008604899013993084,4.431824975956955e-10,4.431824851035745e-10,4.4318246295027564e-10,4.4318246295027564e-10,4.961914041932016e-18,5.001882581949966e-18,4.961175369645006e-18,5.001170793032864e-18,1.2744441842520442e-15,1.2717936064018487e-15,4.389496680360077e-15,4.383349338745379e-15,5.663997509940469e-15,5.655199378717338e-15
5.1615916163427755e-05,0.000862385043965741,0.0008623850189519722,4.451367726377473e-10,4.451367600838873e-10,4.451367885405233e-10,4.451367885405233e-10,4.959779915951629e-18,5.000469757463725e-18,4.959042070845232e-18,4.999758795727236e-18,1.2779525947195715e-15,1.2752869820345622e-15,4.401781199194106e-15,4.3955923529649926e-15,5.679790439242025e-15,5.6709359803279024e-15
5.1729512051679194e-05,0.000864282850800091,0.0008642828230929211,4.4709819636995896e-10,4.4709818375621015e-10,4.4709819180255295e-10,4.4709816404697733e-10,4.957691698495239e-18,4.999104909453013e-18,4.956954266979148e-18,4.9983939477165234e-18,1.281467040296848e-15,1.2787864986561434e-15,4.414089011434185e-15,4.4078578135577084e-15,5.6956130146967356e-15,5.6867009575421994e-15
5.184326710150344e-05,0.0008661833294325572,0.0008661833138003949,4.490666890354744e-10,4.490666763724249e-10,4.4906664498078896e-10,4.4906664498078896e-10,4.9556489759725394e-18,4.997788037917828e-18,4.954912371637061e-18,4.997077489771645e-18,1.2849880503794657e-15,1.2822926856621841e-15,4.4264192700473656e-15,4.420145297007053e-15,5.7114643892716525e-15,5.702494733876703e-15
5.19571813129005e-05,0.0008680864798460419,0.0008680864619674544,4.510422688122114e-10,4.510422561109884e-10,4.510422313419582e-10,4.510422313419582e-10,4.9536521619738364e-18,4.996518729267866e-18,4.9529163848189705e-18,4.995809008302295e-18,1.2885148838135958e-15,1.2858046960197373e-15,4.438771975033649e-15,4.4324552268295e-15,5.7273441394503025e-15,5.71831688581494e-15
5.207125468587037e-05,0.0008699923238422169,0.0008699922966934892,4.5302495392845297e-10,4.5302494117586576e-10,4.5302495088606065e-10,4.5302495088606065e-10,4.9517016700894364e-18,4.9952978106837374e-18,4.950966306524877e-18,4.994588503308473e-18,1.292047964115712e-15,1.2893230591243948e-15,4.45114670287656e-15,4.444787603025049e-15,5.743251841716212e-15,5.734167836873383e-15
5.218549290475494e-05,0.0008719008250841487,0.0008719008179403076,4.5501486163665873e-10,4.550148488448963e-10,4.5501483136867193e-10,4.550148036130963e-10,4.949797086729033e-18,4.994124868575137e-18,4.94906213675478e-18,4.993415974790179e-18,1.295586761890222e-15,1.2928472455805647e-15,4.46354218302668e-15,4.4571424255937e-15,5.75918622551996e-15,5.750046740019086e-15
5.229988460087043e-05,0.0008738120272775429,0.0008738120256994719,4.5701181217778137e-10,4.570117993760418e-10,4.5701184503421644e-10,4.5701184503421644e-10,4.94793799830232e-18,4.9930003165323714e-18,4.947203461918373e-18,4.9922914227474135e-18,1.2991317006535996e-15,1.2963775730256023e-15,4.475957991967533e-15,4.46951927101898e-15,5.775147290861546e-15,5.765954442284995e-15
5.24144468272425e-05,0.000875725937776739,0.0008757258981098026,4.590161218217722e-10,4.5901610897278145e-10,4.59016075149421e-10,4.59016075149421e-10,4.946124818399604e-18,4.991923740965134e-18,4.945390695605963e-18,4.991215674360788e-18,1.3026822510102528e-15,1.2999137238221522e-15,4.488394129699121e-15,4.481918139300888e-15,5.791134190708024e-15,5.781889249605217e-15
5.25291625308455e-05,0.0008776425057568371,0.000877642493335884,4.6102751076852465e-10,4.610274978597809e-10,4.6102752171428563e-10,4.6102749395871e-10,4.944356719840272e-18,4.99089555546373e-18,4.9436234242272435e-18,4.990187488859385e-18,1.3062389423557736e-15,1.3034560156075696e-15,4.500850596221443e-15,4.494338606922952e-15,5.807146925059393e-15,5.797852009012698e-15
5.264404308036319e-05,0.000879561767710646,0.0008795617459114169,4.6304619669403247e-10,4.630461837459764e-10,4.630461569732347e-10,4.630461569732347e-10,4.942634529804936e-18,4.989915760028161e-18,4.9419016477822144e-18,4.989208107014122e-18,1.3098014570528068e-15,1.3070041307444995e-15,4.513326544501551e-15,4.506779826852223e-15,5.823185917432127e-15,5.813841449958017e-15
5.275908279145369e-05,0.0008814837237307582,0.0008814837067929737,4.6507209833955897e-10,4.6507208534694e-10,4.650720919485707e-10,4.6507206419299507e-10,4.9409578347032914e-18,4.9889843546584265e-18,4.940225779861182e-18,4.9882771152346936e-18,1.3133703244969444e-15,1.3105585986285338e-15,4.525822821572394e-15,4.519241799088702e-15,5.839250744309752e-15,5.829857995957649e-15
5.2874281664117007e-05,0.0008834083811477544,0.0008834083687636607,4.671052341481028e-10,4.671052211217054e-10,4.671052433735667e-10,4.671052433735667e-10,4.939327461715949e-18,4.988101339354526e-18,4.938595820464146e-18,4.987394099930793e-18,1.3169451211717128e-15,1.3141192075014356e-15,4.538339427433971e-15,4.531723676599441e-15,5.855342252725215e-15,5.845900799978645e-15
5.2989645382695016e-05,0.0008853357181475285,0.0008853356882450036,4.69145723113179e-10,4.691457100379981e-10,4.691457222705253e-10,4.691457222705253e-10,4.93774341084291e-18,4.98726671411646e-18,4.9370121831814134e-18,4.9865598882830335e-18,1.3205265882309408e-15,1.3176863808796787e-15,4.550876785602755e-15,4.5442258829009145e-15,5.8714612897114646e-15,5.86197028553748e-15
5.3105168262845837e-05,0.0008872657419609631,0.0008872657453369293,4.711934833734918e-10,4.711934702676667e-10,4.711935286394464e-10,4.711934731282952e-10,4.9362060956744805e-18,4.986480892534535e-18,4.93547528160329e-18,4.985774066701108e-18,1.3241143021581548e-15,1.3212598011259078e-15,4.563435319595221e-15,4.556748417993122e-15,5.8876078552685e-15,5.87806602911768e-15
5.322085598891135e-05,0.0008891984961738597,0.0008891984746086656,4.732486344549571e-10,4.732486213280893e-10,4.732486069691788e-10,4.732486069691788e-10,4.93471551621066e-18,4.985743461018444e-18,4.933985115729776e-18,4.9850370487753234e-18,1.3277088982280652e-15,1.3248402093939517e-15,4.576015452927842e-15,4.5692904348431165e-15,5.903782372912794e-15,5.894188454235718e-15
5.333670287654968e-05,0.0008911339297599241,0.0008911339051844713,4.753110941600172e-10,4.75311080979697e-10,4.75311068282025e-10,4.75311068282025e-10,4.933271258861142e-18,4.985054833158493e-18,4.932541271970564e-18,4.984348834505679e-18,1.3313099529241985e-15,1.3284270762882184e-15,4.588616762084144e-15,4.581852780483845e-15,5.919985266160822e-15,5.910337984408069e-15
5.345270892576082e-05,0.0008930720571911355,0.00089307203707234,4.773808810352677e-10,4.773808678030995e-10,4.773809125779849e-10,4.773809125779849e-10,4.931873737216234e-18,4.98441542254499e-18,4.931143750325656e-18,4.983709423892176e-18,1.334918101521265e-15,1.3320210370834184e-15,4.6012396705806015e-15,4.594435454915308e-15,5.936216535012582e-15,5.926515043151205e-15
5.356887982088665e-05,0.0008950128929487988,0.0008950128702545079,4.794581153274556e-10,4.79458102045551e-10,4.794581398570585e-10,4.794581398570585e-10,4.930521710505016e-18,4.983824401997321e-18,4.929792137204744e-18,4.983118816934813e-18,1.3385327087445543e-15,1.335621668263078e-15,4.61388375490074e-15,4.607038881653978e-15,5.9524753324351285e-15,5.94271878343218e-15
5.368521556192718e-05,0.0008969564369953886,0.0008969564337988345,4.815428161266652e-10,4.815428028146403e-10,4.81542750119246e-10,4.81542750119246e-10,4.929214765137182e-18,4.9832825986960984e-18,4.928485605427217e-18,4.982577013633591e-18,1.3421546216270137e-15,1.3392292874645525e-15,4.62654901504456e-15,4.61966348421633e-15,5.968762081944934e-15,5.958950899316888e-15
5.3801704780198634e-05,0.000898902682043401,0.0008989026694470326,4.836347983756901e-10,4.836347850452681e-10,4.836348543868496e-10,4.836347988756984e-10,4.9279524875224264e-18,4.982790012641323e-18,4.927223741402767e-18,4.982084427578815e-18,1.3457828872565775e-15,1.3428435770504866e-15,4.63923418046264e-15,4.6323084155694156e-15,5.985075936509052e-15,5.975210967288855e-15
5.391836452872667e-05,0.0009008516135452505,0.0009008516135069478,4.857343872110464e-10,4.857343738658848e-10,4.85734341637567e-10,4.85734341637567e-10,4.9267336368898295e-18,4.982345816652382e-18,4.92600489077017e-18,4.981640645180181e-18,1.3494182467870745e-15,1.346464960537354e-15,4.651939674671455e-15,4.6449749462626564e-15,6.001416472611008e-15,5.991498563831608e-15
5.4035183438827517e-05,0.000902803282465614,0.0009028032586297918,4.878413972025468e-10,4.878413838294958e-10,4.878413784048519e-10,4.878413228937006e-10,4.925557386058779e-18,4.981950424319582e-18,4.9248294671197325e-18,4.98124525284738e-18,1.353059959064676e-15,1.3500926967713258e-15,4.664664650638056e-15,4.657662229263105e-15,6.017783690250803e-15,6.0078136889451465e-15
5.415216151050117e-05,0.0009047576597267515,0.0009047576411238545,4.899558471370496e-10,4.899558337143546e-10,4.899558536664017e-10,4.899558536664017e-10,4.924423735029275e-18,4.9816030084623095e-18,4.9236958160902285e-18,4.980897836990108e-18,1.356708341726737e-15,1.3537272092688755e-15,4.677409531878918e-15,4.670370688087235e-15,6.034176742395489e-15,6.024156342629471e-15
5.4269304428089526e-05,0.0009067147308097212,0.0009067147027463918,4.920778587466315e-10,4.920778452692704e-10,4.92077878444519e-10,4.920778229333678e-10,4.923331443030399e-18,4.981303569080565e-18,4.922603524091352e-18,4.980598397608364e-18,1.3603628653776657e-15,1.3573679686344113e-15,4.690173894877567e-15,4.683099052185625e-15,6.050595629045067e-15,6.0405261013681075e-15
5.438660650725069e-05,0.0009086745248383377,0.0009086745162325549,4.94207348088375e-10,4.942073345680003e-10,4.942073972280525e-10,4.942073972280525e-10,4.922280096471844e-18,4.981051278993737e-18,4.921552591123104e-18,4.980346107521535e-18,1.3640238476548172e-15,1.3610152925052884e-15,4.702957316117529e-15,4.695847321558276e-15,6.067040350199535e-15,6.0569216946116354e-15
5.4504079116668436e-05,0.0009106370127089924,0.000910637008868953,4.9634454082497e-10,4.963445272899748e-10,4.963445210393047e-10,4.963444655281535e-10,4.921269281763304e-18,4.980845724611517e-18,4.92054219000487e-18,4.980140553139316e-18,1.367690653283481e-15,1.3646685456067962e-15,4.715760642631751e-15,4.708615496205187e-15,6.0835104823424215e-15,6.0733431223600545e-15
5.4621705203317106e-05,0.000912602252607142,0.0009126022316565674,4.984891458230034e-10,4.984891322588479e-10,4.984891943671244e-10,4.984891388559731e-10,4.9202989989047795e-18,4.980685665162988e-18,4.9195719071463454e-18,4.979980907281093e-18,1.3713639175383678e-15,1.3683282573345268e-15,4.728583027387287e-15,4.721402729093412e-15,6.100006448990199e-15,6.089789961096891e-15
5.473950182022236e-05,0.0009145701863237932,0.000914570162841688,5.006414931410892e-10,5.006414795245936e-10,5.006414727226627e-10,5.006414172115115e-10,4.919368420715657e-18,4.9805711006481496e-18,4.9186417425475295e-18,4.9798663427662544e-18,1.3750428992656484e-15,1.3719938982928882e-15,4.7414244703841354e-15,4.73420902022295e-15,6.116526979593447e-15,6.106262210822146e-15
5.485745759870042e-05,0.0009165408357114657,0.0009165408170375144,5.028013944019285e-10,5.028013807357074e-10,5.028013561059197e-10,5.028013561059197e-10,4.918477960786244e-18,4.980501203886389e-18,4.917751282618116e-18,4.979796446004494e-18,1.3787282337400335e-15,1.3756657861192356e-15,4.7542849716222975e-15,4.747034369593801e-15,6.133072497668639e-15,6.122759448019344e-15
5.49758567558456e-05,0.0009185189260758619,0.0009185189268214877,5.04974089692995e-10,5.049740760055468e-10,5.049741180762624e-10,5.049740625651111e-10,4.9176247239843956e-18,4.9804751476970935e-18,4.916898459406574e-18,4.979770389815198e-18,1.3824283912909955e-15,1.3793527087803967e-15,4.767195024287874e-15,4.759909270392066e-15,6.1496828137642956e-15,6.139321483237007e-15
5.509413654181117e-05,0.000920495057948445,0.000920495049042902,5.071492714971758e-10,5.071492578000761e-10,5.071493225372592e-10,5.071493225372592e-10,4.916813259803481e-18,4.980492932080263e-18,4.9160869952256595e-18,4.9797885877886744e-18,1.3861262195013525e-15,1.3830371962218345e-15,4.780092794975715e-15,4.7727727362455435e-15,6.166278730299849e-15,6.155869542411041e-15
5.521258117369143e-05,0.000922473883895325,0.0009224738652928721,5.093321692760103e-10,5.093321555463288e-10,5.093322430482772e-10,5.093321875371259e-10,4.91604025952105e-18,4.980554143445592e-18,4.915314822123841e-18,4.979849385563697e-18,1.3898300828214588e-15,1.3867280364103767e-15,4.7930096239048696e-15,4.785655260340334e-15,6.182899634307347e-15,6.172443012573492e-15
5.5331190651486395e-05,0.0009244554403589067,0.0009244554119534065,5.115228025027502e-10,5.115227887173129e-10,5.115228240981651e-10,5.115228240981651e-10,4.9153061367274094e-18,4.980658368202774e-18,4.9145806993302004e-18,4.979954023911185e-18,1.393540722405143e-15,1.3904255469833786e-15,4.805945934591811e-15,4.798557689709385e-15,6.199546372819735e-15,6.1890427407573084e-15
5.544996497519605e-05,0.0009264397200610119,0.0009264396890173998,5.137211907121138e-10,5.137211768560661e-10,5.137211767092253e-10,5.137211211980741e-10,4.914610064241946e-18,4.9808056063518084e-18,4.913884626844737e-18,4.980100848469913e-18,1.3972577147359317e-15,1.3941296220617216e-15,4.818901727036539e-15,4.811479600836223e-15,6.216219369353489e-15,6.2056687269624895e-15
5.556889846047852e-05,0.0009284267156970394,0.0009284267037590332,5.159272480114955e-10,5.159272341043284e-10,5.159272453703068e-10,5.159271898591555e-10,4.9139512148840476e-18,4.980995444302389e-18,4.913226191077145e-18,4.9802911000108004e-18,1.4009818009676537e-15,1.3978405792827611e-15,4.831877424755528e-15,4.824420993720848e-15,6.232919470941555e-15,6.222321394705509e-15
5.568799679167569e-05,0.0009304164635943746,0.0009304164488472821,5.181410992176038e-10,5.181410852786553e-10,5.181410855925606e-10,5.181410300814093e-10,4.913329588653714e-18,4.981228295644823e-18,4.9126049784371175e-18,4.980523537762928e-18,1.4047124517047168e-15,1.4015583127673786e-15,4.844873874781724e-15,4.837382291879733e-15,6.249646677583933e-15,6.239000743986367e-15
5.580725428444566e-05,0.0009324089345528197,0.000932408917031502,5.203626580821165e-10,5.203626441046855e-10,5.203626973759867e-10,5.203626973759867e-10,4.912745185550945e-18,4.981503333198497e-18,4.9120201617440425e-18,4.980798575316602e-18,1.40845040810095e-15,1.4052832460320478e-15,4.8578906535986545e-15,4.850363495312879e-15,6.2664014127970964e-15,6.255706774805064e-15
5.592668230747222e-05,0.0009344041357592925,0.0009344041082615107,5.225921560255916e-10,5.225921419943952e-10,5.225921362317365e-10,5.225921362317365e-10,4.912197178395129e-18,4.981820556963411e-18,4.9114725681785324e-18,4.981116212671822e-18,1.4121951407607613e-15,1.4090150614394135e-15,4.870927761206319e-15,4.863365027536759e-15,6.283183676581046e-15,6.272440334194546e-15
5.604626949207159e-05,0.0009364020817008711,0.0009364020661752903,5.248294005103621e-10,5.248293864277153e-10,5.248294021598099e-10,5.248294021598099e-10,4.911685980776571e-18,4.982179966939565e-18,4.910961370559975e-18,4.981475622647976e-18,1.4159470732006242e-15,1.4127541825059492e-15,4.883985621121191e-15,4.876386041518426e-15,6.2999930454193075e-15,6.289200575121867e-15
5.616602152258565e-05,0.0009384027504768522,0.0009384027325136657,5.270745173650707e-10,5.270745032423204e-10,5.270745506713581e-10,5.270745506713581e-10,4.911211179104966e-18,4.9825811495366535e-18,4.9104869824786755e-18,4.9818768052450646e-18,1.4197058877831836e-15,1.4165001857151813e-15,4.8970629627938505e-15,4.8894273842908266e-15,6.316829519311881e-15,6.3059879211035e-15
5.628593839901441e-05,0.0009404061420605903,0.0009404061363698091,5.293275263030675e-10,5.29327512151952e-10,5.293275262552299e-10,5.293275262552299e-10,4.9107740141512314e-18,4.983023691164369e-18,4.910049817524941e-18,4.9823193468727804e-18,1.4234717962666762e-15,1.4202532828253467e-15,4.91016020974077e-15,4.9024890558539615e-15,6.3336926747422934e-15,6.3228027956559185e-15
5.640602012135787e-05,0.0009424123146586361,0.000942412299540063,5.315884471344964e-10,5.315884329583927e-10,5.315884399337278e-10,5.315884399337278e-10,4.910373658734756e-18,4.9835071782324066e-18,4.909649875698772e-18,4.982802833940818e-18,1.4272443751346285e-15,1.4240132620782085e-15,4.923276514929003e-15,4.915570209174883e-15,6.350581664677597e-15,6.339644351746176e-15
5.652626668961602e-05,0.0009444212028082433,0.0009444211856410867,5.338572996879949e-10,5.338572854730688e-10,5.338572361957006e-10,5.338572361957006e-10,4.9100113536264575e-18,4.984031610740765e-18,4.909287570590474e-18,4.983327266449176e-18,1.4310238361452772e-15,1.4277800175946484e-15,4.936411454842075e-15,4.928671691286539e-15,6.367496489117792e-15,6.3565125893742715e-15
5.6646672419446986e-05,0.000946432821100629,0.000946432838324629,5.361339962755206e-10,5.361339820606629e-10,5.361340260634506e-10,5.361339705522994e-10,4.9096866852360305e-18,4.984596575099139e-18,4.908963315790353e-18,4.983891817217244e-18,1.4348096499030303e-15,1.431553443495548e-15,4.9495650294799874e-15,4.9417930786724556e-15,6.384435877513457e-15,6.373407508540206e-15
5.6767242995192646e-05,0.0009484472132634814,0.0009484471775706993,5.384186640426429e-10,5.384186498055173e-10,5.384186985146755e-10,5.384186985146755e-10,4.9093996535634746e-18,4.9852016577172215e-18,4.908676284117797e-18,4.9844973134256326e-18,1.438602134045243e-15,1.435333539780907e-15,4.962737238842739e-15,4.9549343713326324e-15,6.401400253381066e-15,6.390328685727505e-15
5.688798410119489e-05,0.0009504643284299341,0.0009504643125088919,5.407114308400878e-10,5.407114165406431e-10,5.407114200828289e-10,5.407114200828289e-10,4.9091498450184835e-18,4.985847272185319e-18,4.908426889163112e-18,4.98514292789373e-18,1.4424007591763233e-15,1.4391199888133706e-15,4.975927235897383e-15,4.968095145750596e-15,6.4183891932041454e-15,6.407276120936169e-15
5.700888436876994e-05,0.000952484181234059,0.0009524841849484211,5.43012100680087e-10,5.430120863658844e-10,5.430120797456084e-10,5.430120797456084e-10,4.908937673191364e-18,4.9865330049131256e-18,4.908215130926299e-18,4.985828660621537e-18,1.4462058429336264e-15,1.4429127905929385e-15,4.9891358676768666e-15,4.98127582544282e-15,6.435403120499169e-15,6.424249814166198e-15
5.712994948225969e-05,0.000954506793589216,0.0009545067948977248,5.453208014679961e-10,5.453207871598745e-10,5.453208440364676e-10,5.453207885253164e-10,4.9087623109015024e-18,4.9872596830812534e-18,4.908039768636437e-18,4.9865553387896645e-18,1.4500170676797972e-15,1.4467119451196109e-15,5.002363557697663e-15,4.994475986892831e-15,6.4524420352661364e-15,6.441249341901118e-15
5.7251179441664135e-05,0.000956532187393222,0.0009565321714877228,5.476375532488442e-10,5.476375389230266e-10,5.476376019331042e-10,5.476376019331042e-10,4.9086237581489e-18,4.98802647950909e-18,4.907901629474141e-18,4.987322135217501e-18,1.4538346451730723e-15,1.4505174523933876e-15,5.015610305959773e-15,5.007695630100629e-15,6.4695063610215216e-15,6.458274280624456e-15
5.737257424698328e-05,0.0009585602899395695,0.0009585602784034641,5.499623760333839e-10,5.499623616742537e-10,5.499624089466693e-10,5.499624089466693e-10,4.908521187752943e-18,4.988834221377248e-18,4.907799472668491e-18,4.988129877085659e-18,1.457658363655215e-15,1.4543294182933872e-15,5.028876959496144e-15,5.020934755066214e-15,6.486596521281798e-15,6.475325477369159e-15
5.7494139582559e-05,0.0009605911739942741,0.0009605911521024524,5.522953989507215e-10,5.522953845509545e-10,5.522953760994653e-10,5.522953205883141e-10,4.908454599713633e-18,4.989682495095421e-18,4.90773288462918e-18,4.9889785643941386e-18,1.461488646642699e-15,1.4581477369404912e-15,5.042163518306775e-15,5.0341933617895854e-15,6.5037137865963865e-15,6.4924025086187526e-15
5.7615864079707535e-05,0.0009626247885885508,0.0009626247926339815,5.546364239102558e-10,5.546364094887654e-10,5.546363923691899e-10,5.546363923691899e-10,4.908423994030968e-18,4.990571714253916e-18,4.907702278946516e-18,4.989867783552633e-18,1.4653252823772873e-15,1.4619727259720548e-15,5.055471676457561e-15,5.047471450270744e-15,6.520858580481761e-15,6.5095057978897114e-15
5.7737753422770766e-05,0.0009646611773084235,0.0009646611636924263,5.569855801130375e-10,5.569855656798815e-10,5.569855687781455e-10,5.569855687781455e-10,4.908428543524337e-18,4.991501051672119e-18,4.907707242030191e-18,4.990797534561143e-18,1.4691685884963353e-15,1.465804385388078e-15,5.068801010432028e-15,5.060769444026163e-15,6.5380313264543945e-15,6.526635768698509e-15
5.785980761174869e-05,0.0009667003327915591,0.0009667003162077137,5.593428877404218e-10,5.593428732704057e-10,5.593429053263321e-10,5.593429053263321e-10,4.90846824819374e-18,4.99247174812095e-18,4.9077473602899e-18,4.9917678174196674e-18,1.4730186708789613e-15,1.4696428210676793e-15,5.082151520230177e-15,5.074088613605263e-15,6.5552320245142875e-15,6.543792844561618e-15
5.7982026646641316e-05,0.000968742218580898,0.0009687422065307594,5.617083669476105e-10,5.617083524425981e-10,5.617084020137497e-10,5.617084020137497e-10,4.90854269444887e-18,4.9934821492391835e-18,4.907822220135336e-18,4.992778632128207e-18,1.4768757412834022e-15,1.4734882447690954e-15,5.09552362936848e-15,5.087428111975097e-15,6.572461521694387e-15,6.560978296028461e-15
5.810441621179052e-05,0.0009707868855419743,0.0009707868637529593,5.640821481840888e-10,5.640821336376608e-10,5.640821143515495e-10,5.640821143515495e-10,4.908652295880033e-18,4.9945334957977384e-18,4.907931821566499e-18,4.993829978686762e-18,1.4807396938305395e-15,1.4773408682505632e-15,5.108916914330465e-15,5.100789209685087e-15,6.589718547445273e-15,6.578192123099036e-15
5.822696493851254e-05,0.0009728343045316556,0.0009728342878143614,5.664640312048233e-10,5.664640166112063e-10,5.664640423397316e-10,5.664640423397316e-10,4.9087966388969234e-18,4.995624960616002e-18,4.908076578173696e-18,4.994921443505026e-18,1.4846109520368468e-15,1.4812004797538458e-15,5.122330951599658e-15,5.114171906735231e-15,6.607004372316365e-15,6.5954347492898184e-15
5.8349684195491136e-05,0.0009748844828136871,0.0009748844859434058,5.68854257228686e-10,5.688542426183946e-10,5.688542414894471e-10,5.688541859782958e-10,4.908975723499541e-18,4.996756957284281e-18,4.908255662776314e-18,4.996053440173305e-18,1.4884894100232059e-15,1.485067502795417e-15,5.135766164692532e-15,5.1275770501584775e-15,6.624317725758243e-15,6.612706598117281e-15
5.8472562614042545e-05,0.000976937442242365,0.0009769374362509353,5.712526251431346e-10,5.712526105293266e-10,5.712526562895448e-10,5.712526562895448e-10,4.909189963278192e-18,4.997929072212269e-18,4.908470316145271e-18,4.997225555101292e-18,1.4923750677896166e-15,1.4889417256170397e-15,5.149221283059667e-15,5.141004216438353e-15,6.6416586077709065e-15,6.630008093097897e-15
5.8595611562850536e-05,0.0009789931755821435,0.000978993160481334,5.736593772077813e-10,5.736593625680195e-10,5.736593977623272e-10,5.736593977623272e-10,4.909439771823183e-18,4.999141305399965e-18,4.9087205382805685e-18,4.998438201879295e-18,1.496267925336079e-15,1.492823359976951e-15,5.162696730217535e-15,5.1544534055748565e-15,6.659027018354356e-15,6.6473392342316674e-15
5.871882535757322e-05,0.0009810516465349473,0.0009810516440107442,5.760744228113773e-10,5.760744081498992e-10,5.760744659077943e-10,5.760744103966431e-10,4.9097255627248204e-18,5.000394484027983e-18,4.909006742772512e-18,4.999691380507313e-18,1.500167982662593e-15,1.4967120882377954e-15,5.1761920826496645e-15,5.167925464600936e-15,6.676422957508591e-15,6.6647000215185916e-15
5.884220399821061e-05,0.000983112898827354,0.0009831128795179112,5.784977823273268e-10,5.784977676389106e-10,5.784978052147949e-10,5.784978052147949e-10,4.910048163163716e-18,5.0016877809157096e-18,4.909329756801714e-18,5.000985090985346e-18,1.5040751338900402e-15,1.50060812215781e-15,5.189708610905475e-15,5.181418699450697e-15,6.693846425233612e-15,6.682089607925722e-15
5.896575316910457e-05,0.0009851769325113224,0.0009851769251914,5.80929588094736e-10,5.809295733734194e-10,5.809295267056314e-10,5.809295267056314e-10,4.9104075731398704e-18,5.003022436834064e-18,4.9096895803681744e-18,5.0023197469037e-18,1.507989167260184e-15,1.504511038220521e-15,5.2032454679520196e-15,5.19493438067356e-15,6.711297845045892e-15,6.69950799345306e-15
5.908946150157135e-05,0.0009872437476075024,0.000987243751965572,5.833696368273409e-10,5.833696221023602e-10,5.833696303803038e-10,5.833696303803038e-10,4.910805033424202e-18,5.004397624602433e-18,4.9100874542428124e-18,5.003695348262376e-18,1.5119099768939057e-15,1.5084210481841652e-15,5.216804347855193e-15,5.208471237720105e-15,6.728777216945432e-15,6.71695475458413e-15
5.921334036429471e-05,0.0009893133440943558,0.0009893133162419687,5.85818173273619e-10,5.858181585195339e-10,5.858181717499633e-10,5.858181717499633e-10,4.9112409576070176e-18,5.005813757811124e-18,4.910523378425628e-18,5.005111895061373e-18,1.5158375627912055e-15,1.5123377285322691e-15,5.230385674131468e-15,5.222029270590331e-15,6.746286234998126e-15,6.734429891318934e-15
5.9337384072932764e-05,0.0009913856491665651,0.0009913856617673744,5.882751057618165e-10,5.882750909888127e-10,5.882750953034588e-10,5.882750953034588e-10,4.9117149320980105e-18,5.0072712500504425e-18,4.910998180097233e-18,5.006569387300691e-18,1.519771607314728e-15,1.516261185143951e-15,5.243989023264372e-15,5.235608479284238e-15,6.763824052171026e-15,6.7519329801409966e-15
5.9461592627485516e-05,0.0009934608228296948,0.0009934607886337155,5.907404548747743e-10,5.907404400749475e-10,5.907404565519414e-10,5.907404565519414e-10,4.912227370487487e-18,5.0087701013203886e-18,4.911511032077016e-18,5.008068238570637e-18,1.5237122163435919e-15,1.5201911003818558e-15,5.257615665803326e-15,5.249209710834774e-15,6.781391091980607e-15,6.769464021050319e-15
5.958597171229485e-05,0.0009955387049993547,0.0009955387260118798,5.9321435428435e-10,5.932143394681258e-10,5.932143110065624e-10,5.932143110065624e-10,4.912778686365754e-18,5.010309898030656e-18,4.912062347955283e-18,5.009608448871211e-18,1.5276591781195601e-15,1.5241276860042201e-15,5.271265601748329e-15,5.262832965241939e-15,6.798988201459815e-15,6.787023861079848e-15
5.9710509958676994e-05,0.0009976193829801527,0.000997619415761264,5.956965984147436e-10,5.95696583665513e-10,5.956966586673218e-10,5.956966586673218e-10,4.9133676389618914e-18,5.0118914673618574e-18,4.912652127732033e-18,5.0111900182024125e-18,1.5316125985217512e-15,1.5280706243736889e-15,5.284938407582908e-15,5.2764786660222055e-15,6.816614533575703e-15,6.804612500229583e-15
5.983522441965761e-05,0.0009997028859161095,0.0009997028870150082,5.981875481164433e-10,5.981875334094661e-10,5.981874995342196e-10,5.981874995342196e-10,4.913994641866207e-18,5.01351398213338e-18,4.913279130636348e-18,5.0128129465642415e-18,1.535572477550165e-15,1.5320203390067357e-15,5.298634506823536e-15,5.290147236692048e-15,6.834270511844745e-15,6.822230785532473e-15
5.996009804221103e-05,0.0010017891701630255,0.0010017891397571255,6.006868837519883e-10,6.006868690084144e-10,6.00686889118407e-10,6.00686889118407e-10,4.914658867898087e-18,5.015178269525837e-18,4.9139437702585346e-18,5.014477233956698e-18,1.53953892108392e-15,1.5359765122660053e-15,5.312353899470214e-15,5.303839524284414e-15,6.8519561362669415e-15,6.839879564021463e-15
6.0085142195021035e-05,0.0010038781630188343,0.0010038781594072788,6.031948534769525e-10,6.031948386908418e-10,6.03194827419884e-10,6.03194827419884e-10,4.915359489876919e-18,5.016883915948921e-18,4.914644805827673e-18,5.016183293970089e-18,1.5435119291230164e-15,1.5399396735470898e-15,5.3260965855229415e-15,5.3175559523157764e-15,6.869672253875239e-15,6.857559259213029e-15
6.021035119374574e-05,0.0010059699954660939,0.0010059699895870189,6.057113642320783e-10,6.057113494340846e-10,6.057113699498018e-10,6.057113144386506e-10,4.9160960942123976e-18,5.018630507812327e-18,4.915381823753458e-18,5.017930299423801e-18,1.5474918193048091e-15,1.5439093993335155e-15,5.339862988498192e-15,5.331297367819083e-15,6.887418864669637e-15,6.8752702946236425e-15
6.0335725038385135e-05,0.0010080646092891499,0.0010080646448122899,6.082364368484279e-10,6.082364220876e-10,6.082364611970092e-10,6.082364611970092e-10,4.916868680904522e-18,5.0204188722966666e-18,4.916154824035889e-18,5.0197186639081405e-18,1.5514784857501799e-15,1.5478863248999928e-15,5.353653531912439e-15,5.34506334727786e-15,6.905195968650137e-15,6.893013517286252e-15
6.0461269413281116e-05,0.001010162019048133,0.0010101619940763307,6.107702068529582e-10,6.107701921053769e-10,6.107702121838088e-10,6.107702121838088e-10,4.91767642277268e-18,5.022248595811634e-18,4.916962979494353e-18,5.021548801013414e-18,1.5554723519756023e-15,1.5518701326091666e-15,5.36746779224921e-15,5.358854314208581e-15,6.923004412849685e-15,6.9107885036843834e-15
6.058697863409179e-05,0.0010122622392636504,0.0010122622410611015,6.13312580629568e-10,6.133125658528544e-10,6.133126229102004e-10,6.133126229102004e-10,4.918520146997484e-18,5.024120091947535e-18,4.9178071173094635e-18,5.023420297149315e-18,1.559473312101958e-15,1.5558614577357473e-15,5.3813066165414505e-15,5.372670692127719e-15,6.9408441972682814e-15,6.928596524367458e-15
6.071285838515905e-05,0.0010143652407905712,0.0010143652111174184,6.15863694256521e-10,6.158636794447175e-10,6.158636933761841e-10,6.158636933761841e-10,4.919399853578934e-18,5.026032533523758e-18,4.91868723748122e-18,5.025333152315844e-18,1.5634816837666022e-15,1.5598599826423796e-15,5.395169157756214e-15,5.3865124810352754e-15,6.958715321905926e-15,6.946436308786054e-15
6.083890298214101e-05,0.001016471009065656,0.0010164710060625026,6.184234536230157e-10,6.184234387700256e-10,6.184234790929111e-10,6.184234790929111e-10,4.920315956107337e-18,5.0279871613112205e-18,4.919604167190235e-18,5.027287780103307e-18,1.5674974669695348e-15,1.5638661308455372e-15,5.4090562629264486e-15,5.4003792574147755e-15,6.976618210279093e-15,6.964309551006067e-15
6.0965118109379546e-05,0.0010185796022721405,0.001018579611339998,6.209919953414844e-10,6.209919804961488e-10,6.209919800603814e-10,6.209919800603814e-10,4.921269281763304e-18,5.029983148129311e-18,4.920557906436509e-18,5.029284180511704e-18,1.571520661710756e-15,1.567879584707865e-15,5.4229675085356796e-15,5.41427102126622e-15,6.994552862387782e-15,6.982214980478076e-15
6.109149808253278e-05,0.0010206909767702665,0.0010206909832772837,6.235692249518e-10,6.235692101261479e-10,6.23569196278595e-10,6.23569196278595e-10,4.922261071317755e-18,5.032020907568335e-18,4.921550109581266e-18,5.031322353541034e-18,1.5755512679902655e-15,1.5719007677458363e-15,5.436903318100381e-15,5.428187772589608e-15,7.012519278231993e-15,7.000153020718554e-15
6.121804290160071e-05,0.0010228052053369296,0.0010228051946481465,6.261551634981076e-10,6.261551486671637e-10,6.261551832587031e-10,6.261551832587031e-10,4.923291738360996e-18,5.0341008532186e-18,4.922581190214813e-18,5.033402712781605e-18,1.5795892858080636e-15,1.5759291505638593e-15,5.450863691620553e-15,5.442129934901414e-15,7.030517457811726e-15,7.018123671727501e-15
6.134475825092522e-05,0.001024922157010888,0.001024922114528426,6.287499483785202e-10,6.287499334802002e-10,6.28749996511857e-10,6.28749996511857e-10,4.92436211007364e-18,5.036222985080105e-18,4.9236523891080695e-18,5.035525258233416e-18,1.5836345034059133e-15,1.579965262557526e-15,5.464848205579721e-15,5.45609666116869e-15,7.048547824643455e-15,7.036126933504918e-15
6.147164413050632e-05,0.00102704190456393,0.0010270419466551495,6.313536010267374e-10,6.31353586127921e-10,6.313535805269055e-10,6.313535805269055e-10,4.925473013636299e-18,5.03838730315285e-18,4.9247637062610345e-18,5.0376899898964676e-18,1.587687026662933e-15,1.5840083625730077e-15,5.478858130527307e-15,5.470089221940857e-15,7.0666099552107054e-15,7.05416238253433e-15
6.159869485600211e-05,0.0010291645061979438,0.0010291645164315355,6.339660261893014e-10,6.33966011356964e-10,6.339659908149997e-10,6.339659908149997e-10,4.926624035458666e-18,5.040595048207754e-18,4.925915141673708e-18,5.0398977349513716e-18,1.5917465379417677e-15,1.5880588741267777e-15,5.4928930429468375e-15,5.484107193701442e-15,7.0847046965464254e-15,7.072230865848685e-15
6.17259104274126e-05,0.0010312899328150937,0.0010312899111752927,6.365872450775446e-10,6.365872302306967e-10,6.365872828872909e-10,6.365872828872909e-10,4.927816002721355e-18,5.0428458066545106e-18,4.9271075225267035e-18,5.042148906988435e-18,1.5958130372424172e-15,1.5921162678232442e-15,5.506953366354785e-15,5.498150576450445e-15,7.102831625134141e-15,7.090331959931509e-15
6.185360348354152e-05,0.001033423222782881,0.0010334231983479825,6.392237404062234e-10,6.392237255005414e-10,6.392237850150195e-10,6.392237850150195e-10,4.9290505697855906e-18,5.045145782347714e-18,4.928342503181245e-18,5.044449296271945e-18,1.5998959478064198e-15,1.5961904962995374e-15,5.5210734055855144e-15,5.512254098538703e-15,7.12103478668711e-15,7.10850971049606e-15
6.198116011546517e-05,0.0010355542411815133,0.0010355542430180442,6.418628583745159e-10,6.41862843440008e-10,6.41862896166856e-10,6.41862896166856e-10,4.9303219463870846e-18,5.0474838083490954e-18,4.929614706963352e-18,5.046787735863632e-18,1.6039759996342253e-15,1.6002615484022784e-15,5.535185821519718e-15,5.526349997330435e-15,7.139227360328237e-15,7.12667687314877e-15
6.210888727764541e-05,0.0010376880845808234,0.0010376880835605284,6.445109519623316e-10,6.445109370288663e-10,6.445108891028895e-10,6.445108891028895e-10,4.931632614067675e-18,5.049866088513248e-18,4.9309262018245545e-18,5.049170429618091e-18,1.6080625100882537e-15,1.6043396944059526e-15,5.549324918991761e-15,5.540472577660006e-15,7.157452968254308e-15,7.144877917119371e-15
6.223677928574034e-05,0.0010398247238858627,0.0010398247199754351,6.47167924811509e-10,6.471679098717378e-10,6.471678748454224e-10,6.471678748454224e-10,4.932982159237055e-18,5.052292209249866e-18,4.932276160584241e-18,5.051596963945015e-18,1.6121557968058601e-15,1.6084242990358497e-15,5.563490698001642e-15,5.554621416010942e-15,7.175711610465322e-15,7.163111148341967e-15
6.236483613974997e-05,0.0010419641590571072,0.001041964123199346,6.498337981621279e-10,6.498337831714308e-10,6.498338533944548e-10,6.498337978833035e-10,4.934370168304919e-18,5.054761756968643e-18,4.933664583242411e-18,5.054066925254099e-18,1.6162555421496893e-15,1.61251599756668e-15,5.577683158549361e-15,5.56879735941619e-15,7.194004133994226e-15,7.1813791079154e-15
6.249306920835807e-05,0.0010441064191994975,0.0010441064096622377,6.525088304779571e-10,6.525088154290485e-10,6.525087692388354e-10,6.525087692388354e-10,4.9357962276809605e-18,5.0572751452598856e-18,4.935091469799065e-18,5.056580727135647e-18,1.6203620637570966e-15,1.6166141547237331e-15,5.591902300634919e-15,5.58300040787575e-15,7.21233053884102e-15,7.199680101773777e-15
6.262146143853897e-05,0.0010462515042752862,0.0010462514920708266,6.551926876346697e-10,6.551926725578463e-10,6.551927334008667e-10,6.551927334008667e-10,4.937260337365179e-18,5.059831960533287e-18,4.9365559930735905e-18,5.059137955999355e-18,1.6244753616280819e-15,1.6207195116608379e-15,5.606148971291263e-15,5.597230561389622e-15,7.230690825005704e-15,7.21801582398299e-15
6.275002988331835e-05,0.001048399414268042,0.0010483993704131223,6.578857477441977e-10,6.578857325952997e-10,6.578857458805487e-10,6.578857458805487e-10,4.938762497357576e-18,5.062431375608235e-18,4.938058980246599e-18,5.061737784664609e-18,1.628595647520882e-15,1.6248315389824023e-15,5.620422323485445e-15,5.6114878199578066e-15,7.249084145455331e-15,7.236385427510095e-15
6.287876317401242e-05,0.001050550120077931,0.001050550102908776,6.605877945497692e-10,6.605877793223129e-10,6.605878066778814e-10,6.605878066778814e-10,4.940303121248456e-18,5.0650738040750355e-18,4.9396000177277856e-18,5.064380626721716e-18,1.6327228155563786e-15,1.6289510837213736e-15,5.634722357217466e-15,5.62577303061325e-15,7.267511347222849e-15,7.254790606420983e-15
6.300766699496307e-05,0.0010527036362422137,0.0010527036167871096,6.63298969005954e-10,6.632989537312876e-10,6.632990268151673e-10,6.63298971304016e-10,4.9418822090378194e-18,5.067758832343383e-18,4.941179932697762e-18,5.0670660685803695e-18,1.6368573951301636e-15,1.6330776164821597e-15,5.6490494960037985e-15,5.6400861933559535e-15,7.285973277341203e-15,7.273229666649762e-15
6.313674134617031e-05,0.0010548600064350655,0.0010548599993356333,6.660192931040193e-10,6.660192777950778e-10,6.660192952701038e-10,6.660192952701038e-10,4.9435005879062794e-18,5.070486460413276e-18,4.942798725156528e-18,5.069794523830876e-18,1.6409992803631188e-15,1.6372117725394712e-15,5.663402469295023e-15,5.6544268846694425e-15,7.304468241744501e-15,7.291705149295273e-15
6.326598054329224e-05,0.0010570191724639244,0.0010570191777818927,6.687486687990136e-10,6.687486534877698e-10,6.687487230649936e-10,6.687487230649936e-10,4.945158671444142e-18,5.073257515465329e-18,4.944457635875003e-18,5.072565578882928e-18,1.6451485771343624e-15,1.641353340135071e-15,5.677782124124085e-15,5.6687959515866644e-15,7.322997934498636e-15,7.310216207324569e-15
6.339539595501265e-05,0.0010591811925964034,0.0010591811957492148,6.714873582142851e-10,6.714873429140037e-10,6.714873101998364e-10,6.714873101998364e-10,4.9468572868320196e-18,5.076071170318928e-18,4.9461570784434934e-18,5.07538006091714e-18,1.6493056030812497e-15,1.645502742785433e-15,5.6921884604909864e-15,5.683193394107619e-15,7.341560661537714e-15,7.328762840737649e-15
6.352497621264774e-05,0.001061345994125551,0.0010613460095294514,6.742351428060618e-10,6.742351275298262e-10,6.742351121857837e-10,6.742351121857837e-10,4.948597261250525e-18,5.078929079335299e-18,4.947897880042611e-18,5.078238383523817e-18,1.6534701464455438e-15,1.649659662853202e-15,5.706621478395726e-15,5.697618788715834e-15,7.36015811692763e-15,7.347345049534514e-15
6.365472131619754e-05,0.0010635136935306377,0.0010635136918626387,6.769920442080991e-10,6.769920289496851e-10,6.769920735116841e-10,6.769920735116841e-10,4.95037942188027e-18,5.081830828924135e-18,4.949680867852969e-18,5.0811409602932655e-18,1.6576424189854817e-15,1.6538246297339698e-15,5.721081601354778e-15,5.7120721354113075e-15,7.37879114770133e-15,7.36596368074811e-15
6.37846426343458e-05,0.0010656841889755686,0.0010656841990512866,6.797583261630361e-10,6.797583109155455e-10,6.797583051998402e-10,6.797583051998402e-10,4.952204595901869e-18,5.084777659856355e-18,4.95150686905518e-18,5.084088204815792e-18,1.6618223148219449e-15,1.657997008153026e-15,5.7355692528846154e-15,5.726553857710514e-15,7.397458906825867e-15,7.384617887345492e-15
6.391472879840876e-05,0.0010678574804732222,0.0010678575165461446,6.825337686795069e-10,6.825337534920492e-10,6.825338072502518e-10,6.825338072502518e-10,4.954073196905626e-18,5.0877699857222655e-18,4.953375883649244e-18,5.087080944272009e-18,1.6660098339549333e-15,1.6621773275059628e-15,5.75008570353466e-15,5.7410635320969804e-15,7.416162241334189e-15,7.403307669326658e-15
6.404499117707019e-05,0.0010700336843774139,0.0010700336880389294,6.853186365640339e-10,6.853186214283352e-10,6.853185796629191e-10,6.853185796629191e-10,4.9559856384818485e-18,5.090808220112173e-18,4.955289152406079e-18,5.090120005842529e-18,1.6702045528679734e-15,1.6663648466389513e-15,5.7646309533049105e-15,5.755601158570706e-15,7.43490284529219e-15,7.422033026691609e-15
6.417541840164631e-05,0.001072212655082172,0.0010722126844404656,6.881127090081747e-10,6.881126939155428e-10,6.881126779489932e-10,6.88112622437842e-10,4.957942334220843e-18,5.093893190206689e-18,4.957247088915992e-18,5.0932053895273515e-18,1.6744067891984204e-15,1.6705602008267018e-15,5.779206272744789e-15,5.770166737131691e-15,7.453680718699871e-15,7.440794806473292e-15
6.430601615647902e-05,0.0010743944943609751,0.0010743945203812721,6.909161297504258e-10,6.909161147301171e-10,6.90916046597323e-10,6.90916046597323e-10,4.959943697712915e-18,5.097024896005815e-18,4.95924886599837e-18,5.09633792250709e-18,1.6786160135506822e-15,1.6747625430362672e-15,5.793811238337821e-15,5.784760691296409e-15,7.472495014524284e-15,7.459591314605812e-15
6.443677875722642e-05,0.0010765791875755326,0.0010765791522318047,6.937287988783181e-10,6.937287838458179e-10,6.93728852141362e-10,6.93728852141362e-10,4.961989728958065e-18,5.100204164690163e-18,4.961295724424133e-18,5.099517191191437e-18,1.6828324376829957e-15,1.678972296784121e-15,5.808446273600481e-15,5.7993834445813335e-15,7.491346579798375e-15,7.478423398122117e-15
6.456771757257229e-05,0.00107876666191431,0.0010787666964358067,6.965509832002466e-10,6.965509681666697e-10,6.96550983558808e-10,6.96550983558808e-10,4.964080014365986e-18,5.1034301690791194e-18,4.963386837012667e-18,5.102744436351313e-18,1.6870556380788873e-15,1.6831889326746714e-15,5.823110955016295e-15,5.814034996986465e-15,7.510234567489199e-15,7.497291904055153e-15
6.469882691817475e-05,0.0010809570046601547,0.001080957007499883,6.993825827663137e-10,6.993825677817209e-10,6.993825518719632e-10,6.993825518719632e-10,4.966214553936679e-18,5.106704149943604e-18,4.965522203763972e-18,5.106018417215798e-18,1.691285932375712e-15,1.6874127683452734e-15,5.8378048590687886e-15,5.82871619554475e-15,7.529158977596755e-15,7.516196832404922e-15
6.48301011096919e-05,0.0010831502158554773,0.0010831501872421434,7.022234970236098e-10,7.02223482005183e-10,7.022235015696765e-10,7.022235015696765e-10,4.968393347670144e-18,5.1100248665126984e-18,4.9677018246780496e-18,5.1093399609655045e-18,1.695522791177878e-15,1.6916433802794534e-15,5.852527985757963e-15,5.843427040256189e-15,7.548118963088095e-15,7.53513903020437e-15
6.496155151580751e-05,0.00108534622280132,0.0010853461919912988,7.050739943988269e-10,7.050739793022878e-10,7.050739436742504e-10,7.050739436742504e-10,4.97061639556638e-18,5.113393145967014e-18,4.9699256997548984e-18,5.112709067600433e-18,1.699766638001859e-15,1.6958810861145666e-15,5.867280335083817e-15,5.858168378153729e-15,7.567115370996167e-15,7.55411765042055e-15
6.509316676783783e-05,0.0010875450837688483,0.0010875450799119335,7.07933850768314e-10,7.07933835626148e-10,7.079338781856848e-10,7.079338781856848e-10,4.972883284035082e-18,5.116808988306552e-18,4.9721934154042125e-18,5.116125323530277e-18,1.7040172610894178e-15,1.7001256740923763e-15,5.882061060013405e-15,5.872939785720897e-15,7.586146507255077e-15,7.573133540086409e-15
6.522495823446661e-05,0.0010897467842916342,0.001089746763661914,7.108033356540202e-10,7.108033204795828e-10,7.108033051039797e-10,7.108032495928285e-10,4.975194013076249e-18,5.120271979941005e-18,4.974505385216298e-18,5.119589142345343e-18,1.70827497807791e-15,1.7043775677293561e-15,5.896870584063199e-15,5.887741262957692e-15,7.605214065930718e-15,7.592187546234894e-15
6.535691454701009e-05,0.0010919513681089121,0.001091951374191158,7.136822240867572e-10,7.136822088931235e-10,7.136822244291352e-10,7.136822244291352e-10,4.9775498234608e-18,5.1237825344606804e-18,4.9768616091911556e-18,5.123100110455324e-18,1.7125395772090986e-15,1.7086363435090323e-15,5.911708483716726e-15,5.902573233380589e-15,7.624317199990144e-15,7.611278821833059e-15
6.548904138981015e-05,0.0010941587770338934,0.0010941587805484154,7.165706624016663e-10,7.165706472207125e-10,7.165706916723025e-10,7.165706916723025e-10,4.9799503015984286e-18,5.1273410654558835e-18,4.979263328099703e-18,5.12665946863114e-18,1.7168115878785756e-15,1.7129027425852338e-15,5.9265760295234074e-15,5.917435273473113e-15,7.643456756466303e-15,7.630407366880903e-15
6.562134444720868e-05,0.0010963690693179817,0.0010963690409422355,7.19468797715556e-10,7.1946878250171e-10,7.194687623446328e-10,7.194687623446328e-10,4.982396688260054e-18,5.130947572926615e-18,4.9817105419419414e-18,5.1302668032824836e-18,1.7210907983281044e-15,1.717176341441487e-15,5.9414732214832424e-15,5.932327806751738e-15,7.662632735359193e-15,7.649573181378426e-15
6.575381235052191e-05,0.0010985821576441346,0.0010985821699507348,7.223764035846606e-10,7.223763883495282e-10,7.22376436446126e-10,7.22376436446126e-10,4.984889810626289e-18,5.134603297643793e-18,4.984204491488789e-18,5.133922527999662e-18,1.7253777379532768e-15,1.7214577753525023e-15,5.956400059596231e-15,5.947249986183517e-15,7.68184683073471e-15,7.668777112358575e-15
6.588645646843361e-05,0.001100798129307634,0.0011007981384727472,7.252937521658115e-10,7.2529373695916e-10,7.252937694879336e-10,7.252937139767823e-10,4.987430082287439e-18,5.1383078260171116e-18,4.986745590330552e-18,5.137627883553593e-18,1.729672194995856e-15,1.7257468325600428e-15,5.971357390895321e-15,5.962202235284923e-15,7.701099042592852e-15,7.688018312788404e-15
6.601927111660189e-05,0.0011030169697332504,0.0011030169756542918,7.28220741435882e-10,7.282207262492671e-10,7.282207059589041e-10,7.282206504477529e-10,4.99001915760473e-18,5.14206239881749e-18,4.989335492828455e-18,5.141383283534584e-18,1.7339746988514343e-15,1.7300439365805823e-15,5.986345638896986e-15,5.977184554055957e-15,7.720389370933622e-15,7.707298476733807e-15
6.615225061068486e-05,0.0011052386497834021,0.0011052386523986435,7.311572685867741e-10,7.311572534115107e-10,7.311573013701889e-10,7.311573013701889e-10,4.992657450168468e-18,5.145867429635234e-18,4.991974612572806e-18,5.14518914153294e-18,1.7382847201244194e-15,1.7343487697767655e-15,6.001364380084752e-15,5.9921973660130926e-15,7.739718662789965e-15,7.726615910128888e-15
6.62854063193663e-05,0.0011074632276399932,0.0011074632123952988,7.341036074526649e-10,7.341035922605846e-10,7.341036112329391e-10,7.341036112329391e-10,4.995346200749572e-18,5.149724159241262e-18,4.994664190334522e-18,5.149046284729275e-18,1.7426028940895218e-15,1.7386618615441844e-15,6.01641488500804e-15,6.007240247639855e-15,7.759087765194829e-15,7.745971460006596e-15
6.641873255830433e-05,0.0011096906013829955,0.001109690597473012,7.370596552643716e-10,7.370596400467532e-10,7.370596355471548e-10,7.370596355471548e-10,4.998086236528654e-18,5.153632587635575e-18,4.997405053294216e-18,5.1529555403042006e-18,1.7469286913511495e-15,1.742982682487247e-15,6.031496730150377e-15,6.022314045969193e-15,7.778495831115267e-15,7.765365973399878e-15
6.655222932749894e-05,0.0011119208582710538,0.0011119208658323387,7.40025434787067e-10,7.400254195743229e-10,7.400254298239872e-10,7.400254298239872e-10,5.00087797109602e-18,5.157594369179398e-18,5.000197615042195e-18,5.1569177354383296e-18,1.7512626413048946e-15,1.7473115502433085e-15,6.046610339028235e-15,6.037418761001105e-15,7.797942860551278e-15,7.78480029734168e-15
6.668589662695013e-05,0.0011141540273580386,0.0011141539883561258,7.430009689704485e-10,7.430009537156786e-10,7.430009940634363e-10,7.430009940634363e-10,5.003721404451671e-18,5.16160950387273e-18,5.003041875578459e-18,5.160933283721968e-18,1.7556038969178097e-15,1.751648253054132e-15,6.061755711641616e-15,6.0525552397685395e-15,7.81742970053581e-15,7.804273584799057e-15
6.681974014099978e-05,0.001116389977643406,0.0011163899941086797,7.459864074491664e-10,7.459863921642326e-10,7.459863837766534e-10,7.459863282655022e-10,5.006616950185913e-18,5.165678818896185e-18,5.005938248493313e-18,5.1650034259260354e-18,1.7599530934646053e-15,1.7559926850405994e-15,6.076932847990518e-15,6.067723482271496e-15,7.836956351068864e-15,7.823786682804954e-15
6.695374850096414e-05,0.0011186288400593103,0.0011186288684914558,7.489815195116646e-10,7.48981504286897e-10,7.489815434524871e-10,7.489815434524871e-10,5.009564608298746e-18,5.169803141430374e-18,5.0088867337867586e-18,5.169128162050531e-18,1.7643093839123341e-15,1.7603446344444736e-15,6.092141748074943e-15,6.082923912026448e-15,7.856521965117491e-15,7.843338744326425e-15
6.708793307552696e-05,0.0011208705564174082,0.0011208705532284036,7.519865822491639e-10,7.519865670582687e-10,7.5198658411324e-10,7.5198658411324e-10,5.012564378790169e-18,5.1739824714752985e-18,5.0118869178684884e-18,5.173308319276068e-18,1.7686732976565883e-15,1.7647041012657546e-15,6.107381988378416e-15,6.098156529033396e-15,7.876125695648745e-15,7.862931463429364e-15
6.722228818034637e-05,0.0011231151412733897,0.00112311517926722,7.550014915854289e-10,7.550014764412957e-10,7.550015057589121e-10,7.550014502477609e-10,5.015616261660184e-18,5.17821763621157e-18,5.014939627919115e-18,5.1775438976026456e-18,1.7730440935435389e-15,1.7690708737462058e-15,6.122653145384464e-15,6.113421333292339e-15,7.895768389695572e-15,7.882563146047877e-15
6.735681381542236e-05,0.0011253626091962676,0.0011253626301499509,7.580262705587904e-10,7.580262554939568e-10,7.580263083895034e-10,7.580262528783521e-10,5.018720256908789e-18,5.182509049229495e-18,5.018044450348333e-18,5.181835724210877e-18,1.7774224068478964e-15,1.773444951885827e-15,6.13795564260956e-15,6.128718324803278e-15,7.915449200225026e-15,7.902234639214911e-15
6.749151566509681e-05,0.0011276129311186267,0.0011276129350035191,7.610610702843077e-10,7.610610552529321e-10,7.61061047516165e-10,7.610609920050138e-10,5.0218771917165976e-18,5.1868562969387676e-18,5.021202212336754e-18,5.186183385510456e-18,1.781807284657595e-15,1.7778262298055e-15,6.153288633020757e-15,6.144047503566213e-15,7.935167280204158e-15,7.921944248864572e-15
6.762638236068597e-05,0.0011298661507370689,0.0011298661520164899,7.641056577256228e-10,7.641056427012121e-10,7.64105723138897e-10,7.641056676277458e-10,5.02508706608361e-18,5.191259379339387e-18,5.024412913884379e-18,5.190587295091688e-18,1.786199785763819e-15,1.7822147075052244e-15,6.168652540134529e-15,6.159408022548196e-15,7.954923476665918e-15,7.941693669062753e-15
6.776142527087359e-05,0.0011321222535634057,0.0011321222230318284,7.671603126948967e-10,7.671602976309831e-10,7.671603352576994e-10,7.671603352576994e-10,5.0283507071904376e-18,5.195719123611967e-18,5.0276773821718194e-18,5.195047452954574e-18,1.7905988513753843e-15,1.7866105967432374e-15,6.184047363950876e-15,6.174799458232754e-15,7.974716942577356e-15,7.96148120574356e-15
6.789664439565968e-05,0.0011343812105335527,0.0011343812062847292,7.70225058842295e-10,7.702250437313516e-10,7.702249948948747e-10,7.702249948948747e-10,5.031668942217694e-18,5.2002351161662e-18,5.0309964443796885e-18,5.19956427268942e-18,1.795005328525238e-15,1.7910134740030653e-15,6.199472257436851e-15,6.190222657652834e-15,7.994549372004368e-15,7.981307705939942e-15
6.803202836636046e-05,0.0011366430216952494,0.0011366430145121065,7.732996616234634e-10,7.73299646497043e-10,7.732997020504229e-10,7.732997020504229e-10,5.035042184755685e-18,5.2048077705923934e-18,5.034370100507986e-18,5.204137340705919e-18,1.7994187936969065e-15,1.7954239745594184e-15,6.2149280676254e-15,6.205676773775488e-15,8.01441907088106e-15,8.00117232261895e-15
6.816758855165972e-05,0.001138907745276585,0.0011389077496457567,7.763844024597491e-10,7.763843873295141e-10,7.763844012131926e-10,7.763844012131926e-10,5.038471261985024e-18,5.209437914071159e-18,5.037800004917937e-18,5.208767484184685e-18,1.803840093923337e-15,1.79984188665406e-15,6.2304152180329975e-15,6.221161806600718e-15,8.034326886240378e-15,8.021075055780584e-15
6.830331926721556e-05,0.0011411753521710644,0.0011411753534944502,7.794791755631824e-10,7.79479160440674e-10,7.794792034054865e-10,7.794792034054865e-10,5.04195617390571e-18,5.214125133012191e-18,5.0412857440192356e-18,5.213455530306329e-18,1.8082685939298194e-15,1.8042676338034637e-15,6.24593328514317e-15,6.236677756128522e-15,8.054273665115269e-15,8.04101759949074e-15
6.843922619736986e-05,0.0011434458423844607,0.0011434458406456294,7.825841340943575e-10,7.825841189712844e-10,7.825841641384557e-10,7.825841086273044e-10,5.045498574878968e-18,5.2188706681864074e-18,5.0448285585828e-18,5.218201479070852e-18,1.8127051407493006e-15,1.808700792491156e-15,6.261482692472391e-15,6.2522254693918485e-15,8.074259407505734e-15,8.060998259683521e-15
6.857530365778075e-05,0.0011457192013746287,0.0011457192111152814,7.856991717505187e-10,7.856991566383342e-10,7.856991723897977e-10,7.856991723897977e-10,5.049098051314493e-18,5.2236749331841154e-18,5.048428862198937e-18,5.223006157658866e-18,1.817149310865307e-15,1.8131424215083207e-15,6.27706344002066e-15,6.267804522874223e-15,8.09428496044472e-15,8.081018730424824e-15
6.871155164844822e-05,0.0011479954436837136,0.0011479954793989222,7.888243118660562e-10,7.888242968158044e-10,7.88824339181815e-10,7.88824339181815e-10,5.052755430392896e-18,5.2285391687762335e-18,5.052087068457953e-18,5.227870393250984e-18,1.8216017395525494e-15,1.8175918855802475e-15,6.2926767983373984e-15,6.283414916575646e-15,8.114350323932228e-15,8.101079011714647e-15
6.884797585371416e-05,0.0011502745692919536,0.0011502745872866704,7.919597084661237e-10,7.919596934891452e-10,7.91959720025659e-10,7.91959720025659e-10,5.05647153929479e-18,5.233463374962762e-18,5.055803590950154e-18,5.232795013027819e-18,1.8260620032945537e-15,1.82204960822341e-15,6.308321920389659e-15,6.299057497529065e-15,8.134456345001203e-15,8.121179103552992e-15
6.898457058923668e-05,0.0011525566218459904,0.0011525566220318417,7.951052546411887e-10,7.951052396890439e-10,7.951053149213294e-10,7.951053149213294e-10,5.060246378020176e-18,5.238448792514619e-18,5.059578843265846e-18,5.237780844169982e-18,1.8305305256077938e-15,1.8265155894378084e-15,6.323999653210389e-15,6.314731418701532e-15,8.154603023651646e-15,8.141319852972805e-15
6.912134153935767e-05,0.0011548414994115852,0.0011548415108562082,7.982611049747065e-10,7.98261090038469e-10,7.982611238688264e-10,7.982610683576752e-10,5.064080360159359e-18,5.243495835022111e-18,5.063413238995335e-18,5.242828300267781e-18,1.8350070947340327e-15,1.8309898292234424e-15,6.339709996799588e-15,6.330437527125995e-15,8.174789512850611e-15,8.161500412941138e-15
6.925828301973525e-05,0.001157129347421293,0.0011571293410255201,8.014271520782574e-10,8.014271371489338e-10,8.0142714686815e-10,8.0142714686815e-10,5.0679738993026464e-18,5.248605329665851e-18,5.067307605319235e-18,5.247938208501827e-18,1.8394919224315074e-15,1.8354721158220753e-15,6.35545337467373e-15,6.34617539928598e-15,8.195018353696938e-15,8.181720783457993e-15
6.939573040654068e-05,0.0011594255391182973,0.001159425544060344,8.046111962337196e-10,8.046111813023979e-10,8.046111554804725e-10,8.046110999693212e-10,5.071936921617388e-18,5.2537900977453335e-18,5.071271454814589e-18,5.253123390171616e-18,1.8439953848538217e-15,1.8399736724202583e-15,6.371267056282494e-15,6.36198272814764e-15,8.21533528596978e-15,8.202029245401362e-15
6.95330186317733e-05,0.0011617191094979162,0.0011617190968640223,8.077978545268868e-10,8.077978395850051e-10,8.07797828628054e-10,8.077977731169028e-10,5.075951229130108e-18,5.2590253238421816e-18,5.075286175917615e-18,5.25835902985877e-18,1.8484960944190575e-15,1.844472052644889e-15,6.387075232177101e-15,6.377784127778669e-15,8.235644594946096e-15,8.222329237015259e-15
6.967047738726251e-05,0.0011640156064502971,0.0011640156201067065,8.109947805234096e-10,8.109947655829334e-10,8.109948268497646e-10,8.109947713386134e-10,5.08002633441785e-18,5.26432382925589e-18,5.079361281205358e-18,5.263657948862785e-18,1.8530042155225817e-15,1.8489789031989924e-15,6.402914748290757e-15,6.39361729114522e-15,8.255992020405039e-15,8.242669039177676e-15
6.980811235735018e-05,0.0011663149862946032,0.0011663149973761833,8.14202130337678e-10,8.142021154312499e-10,8.142021501456043e-10,8.142021501456043e-10,5.0841622374806155e-18,5.269686027576765e-18,5.0834980114487354e-18,5.26902014718366e-18,1.8575203834391048e-15,1.8534929535331474e-15,6.418785181106987e-15,6.409481794730819e-15,8.276379256412503e-15,8.263047804855667e-15
6.994592354203633e-05,0.0011686173072726902,0.001168617315972842,8.174199281930624e-10,8.174199133138958e-10,8.174199095378754e-10,8.174199095378754e-10,5.088359765499016e-18,5.2751115052145e-18,5.087695953057442e-18,5.274445624821395e-18,1.8620437511356796e-15,1.8580150506803013e-15,6.4346856835928445e-15,6.425378062051941e-15,8.296802914836698e-15,8.28346638108218e-15
7.008390525697905e-05,0.0011709224821443431,0.0011709224885430025,8.206480653162675e-10,8.206480504579345e-10,8.206481050265779e-10,8.206480495154267e-10,5.092619332063358e-18,5.280600262169096e-18,5.09195593321209e-18,5.279934795366297e-18,1.8665747421287796e-15,1.862544347607507e-15,6.450615832231856e-15,6.441306093108584e-15,8.31726468974352e-15,8.303923920824265e-15
7.022206318652024e-05,0.0011732305401090937,0.0011732305587126568,8.238866985970901e-10,8.238866837732997e-10,8.238866811005607e-10,8.238866811005607e-10,5.096940937173641e-18,5.286152712030858e-18,5.09627795191268e-18,5.285487245228059e-18,1.8711129329019313e-15,1.8670816913477113e-15,6.466575203507548e-15,6.4572650408678024e-15,8.337762040034127e-15,8.324420424081925e-15
7.036039164631802e-05,0.0011755415394720803,0.0011755415701477645,8.271357188389349e-10,8.271357040833117e-10,8.271357487821263e-10,8.271357487821263e-10,5.101324994420172e-18,5.291768854799787e-18,5.100662422749517e-18,5.291103801587294e-18,1.8756585352133716e-15,1.8716260231097306e-15,6.482563373903447e-15,6.473254481813122e-15,8.358295812741466e-15,8.344954196789264e-15
7.049889632071427e-05,0.0011778554512549277,0.001177855450101184,8.303952836781924e-10,8.303952689634585e-10,8.303953080712745e-10,8.303953080712745e-10,5.105771503802951e-18,5.2974491040661886e-18,5.105109345722602e-18,5.296784050853696e-18,1.8802111255466266e-15,1.876178189926512e-15,6.4985807669360254e-15,6.489274839461016e-15,8.378866007865537e-15,8.365526933012176e-15
7.063757720970898e-05,0.0011801722464093167,0.0011801722568232087,8.336654174520547e-10,8.336654027501629e-10,8.336653589680054e-10,8.336653589680054e-10,5.1102808789122836e-18,5.303193459830063e-18,5.109619134422241e-18,5.3025284066175704e-18,1.884771339176407e-15,1.8807373447651083e-15,6.514627806121758e-15,6.505325266778538e-15,8.399473472439287e-15,8.386136938684768e-15
7.077642862896028e-05,0.001182491939529129,0.0011824919758005592,8.369460102063724e-10,8.369459955693038e-10,8.369460124946215e-10,8.369459569834703e-10,5.114853533338477e-18,5.309002335681717e-18,5.114191788848434e-18,5.308337282469224e-18,1.8893389643444758e-15,1.8853047581749403e-15,6.530704491460645e-15,6.5214053402492134e-15,8.420117359429768e-15,8.406784213807039e-15
7.091545626281004e-05,0.001184814588801375,0.0011848146070971843,8.402372204586813e-10,8.402372058974762e-10,8.402371576288203e-10,8.402371576288203e-10,5.119488639900918e-18,5.314876145211456e-18,5.1188273090011815e-18,5.314211505589269e-18,1.89391421280907e-15,1.889879371364824e-15,6.546811246469159e-15,6.537514636356569e-15,8.440800209935824e-15,8.427468758378989e-15
7.105465442691639e-05,0.0011871401214444965,0.001187140121635455,8.435389378687775e-10,8.435389233333058e-10,8.435389609040556e-10,8.435389053929043e-10,5.124186198599606e-18,5.3208153020095865e-18,5.123525694880483e-18,5.3201506623874e-18,1.898497296328426e-15,1.8944624548841802e-15,6.562948918180248e-15,6.553654002133553e-15,8.461521176924506e-15,8.448190572400618e-15
7.11940288056212e-05,0.0011894685228421853,0.0011894685485507317,8.468513214009971e-10,8.468513069016225e-10,8.468513668091759e-10,8.468513112980247e-10,5.128947036615155e-18,5.326820219666415e-18,5.128286532896032e-18,5.326155580044229e-18,1.9030882149025444e-15,1.899052949941825e-15,6.5791175065939116e-15,6.569822167030743e-15,8.482280260395814e-15,8.468950502904873e-15
7.133357939892448e-05,0.0011917998947870156,0.001191799916970826,8.501743956059423e-10,8.501743811734019e-10,8.501743753441815e-10,8.501743753441815e-10,5.133769913176646e-18,5.332891311772248e-18,5.133109823047828e-18,5.332226672150062e-18,1.9076873920478984e-15,1.9036523388454157e-15,6.5953165881936764e-15,6.586019978081087e-15,8.503079154415644e-15,8.489746855825861e-15
7.147330052248435e-05,0.001194134179013151,0.0011941342123300558,8.535080495012535e-10,8.535080351462594e-10,8.535080975313747e-10,8.535080975313747e-10,5.13865565546469e-18,5.3390289919173916e-18,5.137995565335873e-18,5.338364352295205e-18,1.912294827764488e-15,1.908259351045532e-15,6.611546586496016e-15,6.602247435284585e-15,8.5239161649181e-15,8.510582172262422e-15
7.161320354498457e-05,0.001196471375449315,0.0011964713764429646,8.568525789280046e-10,8.56852564621012e-10,8.568525333707555e-10,8.568525333707555e-10,5.1436042634792886e-18,5.345232846511539e-18,5.142944173350471e-18,5.344568206889353e-18,1.916910310294077e-15,1.912875468849831e-15,6.627807077984457e-15,6.6185045386412365e-15,8.544792985969076e-15,8.53145560518161e-15
7.175327709774137e-05,0.0011988114840404407,0.0011988114820447038,8.602077367278667e-10,8.602077224194705e-10,8.60207682862324e-10,8.60207682862324e-10,5.1486149100398286e-18,5.351503702735304e-18,5.147955647091624e-18,5.3508390631131174e-18,1.921534474911375e-15,1.917499633467129e-15,6.644097639142525e-15,6.634791288151042e-15,8.56570792350268e-15,8.552366307550477e-15
7.189352118075476e-05,0.0012011545047401206,0.0012011545000052415,8.635735470214651e-10,8.635735327036295e-10,8.635736015172313e-10,8.6357354600608e-10,5.153688835917229e-18,5.357841560588685e-18,5.153029572969024e-18,5.3571765073761925e-18,1.9261671098581455e-15,1.9221326919303732e-15,6.6604178464537474e-15,6.6511081073304754e-15,8.586660130485962e-15,8.573316820467865e-15
7.20339471627085e-05,0.0012035004375274827,0.0012035004448001096,8.669503073367436e-10,8.669502930224717e-10,8.669502893354775e-10,8.669502338243262e-10,5.158825213930877e-18,5.364246420071683e-18,5.158166364572978e-18,5.3635813668591906e-18,1.9308080033761518e-15,1.926774008964853e-15,6.676766429368703e-15,6.667454996179536e-15,8.607649606918923e-15,8.594304602834932e-15
7.217454367491882e-05,0.0012058492969506673,0.001205849287271743,8.703377690303686e-10,8.703377547127135e-10,8.703377463170625e-10,8.703377463170625e-10,5.1640252848516915e-18,5.370718281184298e-18,5.163366021903487e-18,5.3700532279718055e-18,1.935457155465394e-15,1.9314240080870425e-15,6.693143387887391e-15,6.683831531181751e-15,8.628676352801564e-15,8.615331348717573e-15
7.231531640172761e-05,0.0012082010830376522,0.0012082011001073312,8.737360935768161e-10,8.737360792695652e-10,8.737360834842889e-10,8.737360834842889e-10,5.16928822149906e-18,5.377257557516836e-18,5.168629372141162e-18,5.3765925043043434e-18,1.9401145661258716e-15,1.9360820540222307e-15,6.709548298493339e-15,6.700238135853593e-15,8.64973867406799e-15,8.63639621108284e-15
7.245626534313487e-05,0.0012105558249129178,0.0012105558395960614,8.771453058337874e-10,8.771452915712917e-10,8.771453008371566e-10,8.771452453260054e-10,5.1746152646439016e-18,5.383864249069297e-18,5.173956415286003e-18,5.3831991958568044e-18,1.9447800235993483e-15,1.9407487820451283e-15,6.725980737670072e-15,6.7166739631621154e-15,8.6708365707182e-15,8.657498342897786e-15
7.259738481479872e-05,0.001212913464416987,0.0012129134766052374,8.805652928908252e-10,8.805652786662503e-10,8.805653428645144e-10,8.805653428645144e-10,5.180006414286216e-18,5.390538355841681e-18,5.1793475649283175e-18,5.389872889038882e-18,1.949453527885824e-15,1.945423133364551e-15,6.742440281901118e-15,6.7331385895908445e-15,8.691970042752194e-15,8.678637744162412e-15
7.273868618540291e-05,0.0012152740307156407,0.0012152740402324724,8.839963551022873e-10,8.83996340908382e-10,8.83996376099816e-10,8.839963205886647e-10,5.1854620840163095e-18,5.397279877833988e-18,5.184803234658411e-18,5.3966144110311894e-18,1.9541346554688248e-15,1.9501059550134465e-15,6.758926507670002e-15,6.749631591623307e-15,8.71313739610408e-15,8.69981356784377e-15
7.288015808626369e-05,0.0012176375238532877,0.0012176375304995268,8.874382413247975e-10,8.874382271537584e-10,8.874382895207589e-10,8.874382895207589e-10,5.190983101014795e-18,5.4040888150462186e-18,5.190324251656896e-18,5.4034229346531134e-18,1.9588236181065878e-15,1.9547961882006304e-15,6.775439414976724e-15,6.7661521222265545e-15,8.734339477806802e-15,8.721024966908911e-15
7.302181188606482e-05,0.001220003958444904,0.0012200039619898462,8.908912531100015e-10,8.908912389533987e-10,8.908911941496456e-10,8.908911941496456e-10,5.1965694652816715e-18,5.410965167478372e-18,5.195910615923773e-18,5.4102988734949605e-18,1.963520204040876e-15,1.95949467995905e-15,6.791979427337759e-15,6.7826997578841145e-15,8.755576287860362e-15,8.742271094324891e-15
7.316363621612254e-05,0.0012223733199954179,0.001222373305654667,8.943551383226313e-10,8.943551241507175e-10,8.943550899864761e-10,8.943550899864761e-10,5.20222117681694e-18,5.417908521540142e-18,5.201562741049348e-18,5.4172422275567306e-18,1.968224201513453e-15,1.964200583255758e-15,6.808546544753106e-15,6.799274498595987e-15,8.776846979231812e-15,8.763551950091708e-15
7.330563676077873e-05,0.0012247456085303643,0.0012247456052496553,8.978300605295225e-10,8.978300463325862e-10,8.978300325424016e-10,8.978299770312503e-10,5.207939062801213e-18,5.424919290821835e-18,5.2072802134433144e-18,5.4242525832481175e-18,1.972935822282555e-15,1.9689143216072283e-15,6.8251411907392385e-15,6.815875920845697e-15,8.798153245987046e-15,8.784867534209363e-15
7.344781352003338e-05,0.0012271208677139267,0.0012271208608547468,9.013160448266979e-10,9.01316030615345e-10,9.013159663062709e-10,9.013159663062709e-10,5.213722296053877e-18,5.4319974753234515e-18,5.213063446695979e-18,5.4313303541594275e-18,1.977655066348182e-15,1.9736358950134605e-15,6.841763365296157e-15,6.832503601116773e-15,8.819495088126066e-15,8.80621615261196e-15
7.359016080954461e-05,0.00122949902473235,0.0012294990288714835,9.048129766571891e-10,9.048129624419642e-10,9.048130578115376e-10,9.048130023003864e-10,5.2195708765749336e-18,5.439143075044991e-18,5.218912027217035e-18,5.4384755402906605e-18,1.9823821454685716e-15,1.978365303474455e-15,6.858413491940335e-15,6.849157962925687e-15,8.84087250564887e-15,8.827600346398342e-15
7.37326899979962e-05,0.0012318801377706468,0.0012318801384765266,9.083211604022211e-10,9.083211461939018e-10,9.083211960358994e-10,9.083211960358994e-10,5.225484390774075e-18,5.446356089986453e-18,5.22482512782587e-18,5.445688141641817e-18,1.9871168478854864e-15,1.9831025469902114e-15,6.875091570671772e-15,6.865839429788913e-15,8.862285498555458e-15,8.849019268535561e-15
7.387539540104626e-05,0.001234264163133103,0.0012342641751312833,9.118404815666219e-10,9.118404673764319e-10,9.118404920016587e-10,9.118404920016587e-10,5.2314620114706896e-18,5.453636520147839e-18,5.230802748522485e-18,5.452968158212896e-18,1.9918595971154e-15,1.9878482608354404e-15,6.8917976014904684e-15,6.882547578189978e-15,8.883734066845832e-15,8.870472919023618e-15
7.401827701869479e-05,0.0012366511590022888,0.0012366511824932758,9.153709653496143e-10,9.153709512101317e-10,9.153709457088155e-10,9.153709457088155e-10,5.237503738664777e-18,5.460984365529147e-18,5.236844062126266e-18,5.460315590003898e-18,1.9966106049165494e-15,1.9926020214936684e-15,6.908531160879951e-15,6.899283255161828e-15,8.905219057552937e-15,8.891962991928407e-15
7.416133485094178e-05,0.0012390410962719312,0.0012390411168583526,9.189126370231163e-10,9.1891262294669e-10,9.189125571573697e-10,9.189125571573697e-10,5.2436087451757245e-18,5.468399626130379e-18,5.2429490686372135e-18,5.4677304370148234e-18,2.0013698712889345e-15,1.997364252481369e-15,6.9252926723566924e-15,6.916046884220938e-15,8.926739623643827e-15,8.91348864021698e-15
7.430456321344536e-05,0.001241433974932038,0.0012414339781705586,9.224653808499112e-10,9.22465366807609e-10,9.224654373696239e-10,9.224654373696239e-10,5.2497770310035325e-18,5.47588271554184e-18,5.249116940874715e-18,5.475213112835978e-18,2.006137607990792e-15,2.002134953798542e-15,6.942080865371273e-15,6.932838041850834e-15,8.948296612151449e-15,8.935050710922286e-15
7.44479734748893e-05,0.0012438297949866062,0.001243829824570497,9.260295041199229e-10,9.260294901246913e-10,9.260295308344269e-10,9.260295308344269e-10,5.256008596148201e-18,5.483433220173224e-18,5.255348506019383e-18,5.482763203877056e-18,2.010914238538596e-15,2.006914760719898e-15,6.958896586956639e-15,6.9496575750844624e-15,8.969888329009908e-15,8.956650051077271e-15
7.45915599509317e-05,0.0012462285709793353,0.0012462285541214868,9.296048911790123e-10,9.296048772020537e-10,9.296048930629297e-10,9.296048930629297e-10,5.262303440609729e-18,5.491051553614837e-18,5.261642936890606e-18,5.490380710138057e-18,2.0156991276576355e-15,2.0117030379707265e-15,6.975739413596317e-15,6.966504636888877e-15,8.9915164682851e-15,8.97828496661604e-15
7.473532264157257e-05,0.0012486302737939603,0.001248630283210428,9.331915673819501e-10,9.331915533942935e-10,9.331915240551325e-10,9.331915240551325e-10,5.268661977978424e-18,5.498737302276374e-18,5.268001474259301e-18,5.498066045209287e-18,2.020493122380858e-15,2.016500420825738e-15,6.99260849825736e-15,6.983378803747603e-15,9.013179335911128e-15,8.999957151604489e-15
7.48792615468119e-05,0.0012510349616075,0.00125103495358303,9.367895581564352e-10,9.367895441707822e-10,9.367895348333377e-10,9.367895348333377e-10,5.275085035434899e-18,5.506490466157833e-18,5.274424118125469e-18,5.50581879550044e-18,2.025295587433553e-15,2.021306274010222e-15,7.009504687972715e-15,7.000280922693589e-15,9.034877778920942e-15,9.021664911976722e-15
7.502337666664971e-05,0.001253442561663487,0.0012534425652512837,9.40398888940408e-10,9.403988749483612e-10,9.40398869886394e-10,9.40398869886394e-10,5.281573026569458e-18,5.514311458849522e-18,5.280911282079416e-18,5.51363854742121e-18,2.0301067345739575e-15,2.026121232798889e-15,7.0264267121929614e-15,7.01720929966094e-15,9.05661179731454e-15,9.043409094765687e-15
7.516766800108599e-05,0.001255853146695296,0.0012558531473301215,9.440195852029512e-10,9.44019571216997e-10,9.440196402366041e-10,9.440195292143017e-10,5.288126778562716e-18,5.522199453170828e-18,5.287464620482367e-18,5.5215261281522096e-18,2.0349263520438345e-15,2.030944661917029e-15,7.043374994434573e-15,7.034164781682603e-15,9.078379697026028e-15,9.06518800590549e-15
7.531213555012073e-05,0.0012582666730556191,0.0012582666852747337,9.47651672486342e-10,9.476516585189578e-10,9.476517348616653e-10,9.476517348616653e-10,5.2947462914146715e-18,5.5301548627120565e-18,5.2940837197440166e-18,5.529480710512826e-18,2.039754439843184e-15,2.0357767731228778e-15,7.060349111181075e-15,7.051146521725631e-15,9.100181478055407e-15,9.08700164539613e-15
7.545678499809583e-05,0.0012606831407671049,0.0012606831791068807,9.512953194868064e-10,9.512953055925553e-10,9.512952647838802e-10,9.512952647838802e-10,5.301432392305938e-18,5.538177273882902e-18,5.3007694070449764e-18,5.537502708093365e-18,2.0445907862137692e-15,2.0406173546581993e-15,7.0773486389159954e-15,7.068154519790024e-15,9.122017987435622e-15,9.108850860270554e-15
7.560160497632751e-05,0.0012631025789815453,0.001263102614263989,9.549502654167606e-10,9.549502516291293e-10,9.54950341025551e-10,9.54950341025551e-10,5.3081854948268206e-18,5.546267100273671e-18,5.307522095975553e-18,5.545591707303521e-18,2.0494351793973534e-15,2.0454661947647565e-15,7.0943744246722805e-15,7.085188775875781e-15,9.143888378133729e-15,9.13073395646287e-15
7.574660685349954e-05,0.001265525016852287,0.001265525005313961,9.586168228974098e-10,9.586168091442078e-10,9.586168525643757e-10,9.586168525643757e-10,5.31500559897732e-18,5.554424341884362e-18,5.3143417865357465e-18,5.5537481217336e-18,2.0542876193939364e-15,2.0503232934425495e-15,7.11142519790051e-15,7.10224886646643e-15,9.165791803116777e-15,9.152650933973074e-15
7.589178494527005e-05,0.0012679503962202965,0.001267950352266567,9.622948741575834e-10,9.622948603238192e-10,9.622949104226564e-10,9.622947994003539e-10,5.3218922911671305e-18,5.562648998714977e-18,5.3212280651352504e-18,5.5619719513836024e-18,2.0591481062035184e-15,2.0551886506915782e-15,7.12850307618305e-15,7.11933479156197e-15,9.187729956450664e-15,9.174602639834117e-15
7.603713925163902e-05,0.001270378688008833,0.001270378684290474,9.659844447913266e-10,9.659844308882688e-10,9.659844035780907e-10,9.659844035780907e-10,5.328845571396251e-18,5.570940657175209e-18,5.328180104593452e-18,5.5702627826632214e-18,2.0640162163096257e-15,2.060061842995369e-15,7.14560636545401e-15,7.136446551162402e-15,9.20970199110244e-15,9.196587379980102e-15
7.618266977260646e-05,0.001272809979554923,0.0012728099723346986,9.696855605084171e-10,9.696855465894403e-10,9.69685665097586e-10,9.696855540752836e-10,5.3358637853034574e-18,5.579299730855363e-18,5.3351983185006585e-18,5.5786210291627635e-18,2.068892373228732e-15,2.0649430821121587e-15,7.16273675977928e-15,7.153584568784198e-15,9.231708754105054e-15,9.218606848476925e-15
7.632838219251425e-05,0.0012752442126069408,0.001275244216431215,9.733983919323781e-10,9.73398378008453e-10,9.73398361914235e-10,9.73398361914235e-10,5.342946932888749e-18,5.587725806165135e-18,5.3422806389053375e-18,5.587046277291922e-18,2.0737761534443634e-15,2.0698323680419474e-15,7.179894259158864e-15,7.170747997394412e-15,9.253750245458506e-15,9.24065935125869e-15
7.647427082702052e-05,0.0012776814453605567,0.0012776814166168826,9.77122820314747e-10,9.771228063544673e-10,9.77122827094945e-10,9.771227160726426e-10,5.350093359790901e-18,5.596218883104523e-18,5.349426652217183e-18,5.595538113460392e-18,2.0786681922312306e-15,2.0747299125429717e-15,7.197078863592759e-15,7.18793768402599e-15,9.275826465162795e-15,9.262746582391294e-15
7.662033567612525e-05,0.001280121619553487,0.0012801215874680416,9.8085887150191e-10,9.808588574527802e-10,9.808588385951111e-10,9.808588385951111e-10,5.357302652419607e-18,5.604778548083222e-18,5.35663470407497e-18,5.604096951258478e-18,2.08356806607286e-15,2.079635503856995e-15,7.214289726048019e-15,7.205152781645987e-15,9.297937413217921e-15,9.284868541874734e-15
7.676657673982845e-05,0.0012825647497070047,0.001282564787197682,9.846065713076935e-10,9.846065572664683e-10,9.846066184593383e-10,9.846065074370358e-10,5.364573156413642e-18,5.6134043875109246e-18,5.363904794478699e-18,5.612721963505568e-18,2.088476198485725e-15,2.084549565500491e-15,7.231527693557591e-15,7.222394984320295e-15,9.320083936656832e-15,9.307024382676065e-15
7.691299970247201e-05,0.0012850108939918004,0.0012850108993731624,9.883660916333117e-10,9.88366077654861e-10,9.88366055665324e-10,9.88366055665324e-10,5.371904458182699e-18,5.622095574207019e-18,5.371235269067144e-18,5.6214123230210505e-18,2.0933928012280625e-15,2.089472097473459e-15,7.248792766121476e-15,7.239664292048916e-15,9.34226518844658e-15,9.32921579886118e-15
7.705959887971403e-05,0.0012874599796315334,0.0012874599967220846,9.921373127688341e-10,9.921372988233271e-10,9.921372612353707e-10,9.921372612353707e-10,5.379295730546167e-18,5.6308521081715056e-18,5.378625714249999e-18,5.630167616214618e-18,2.0983178742998727e-15,2.094403311534137e-15,7.26608240264083e-15,7.256959857798902e-15,9.364480321554219e-15,9.351443637463028e-15
7.720637427155452e-05,0.0012899120939302566,0.001289912064691645,9.95920260728992e-10,9.959202467656544e-10,9.959202351694785e-10,9.959202351694785e-10,5.386746973504044e-18,5.639673162223771e-18,5.38607654361757e-18,5.638987429495965e-18,2.103251841217629e-15,2.099343419440761e-15,7.28339829718155e-15,7.2742825286032e-15,9.386730183012695e-15,9.373706204415713e-15
7.735367830719042e-05,0.0012923730033604919,0.0012923730152252233,9.997240708889256e-10,9.997240568999957e-10,9.997240812964492e-10,9.997240812964492e-10,5.394275971439502e-18,5.6485794158791295e-18,5.393604714372415e-18,5.6478928559707105e-18,2.108206348684356e-15,2.1043042796545924e-15,7.300781107325103e-15,7.291673809076225e-15,9.409067288864738e-15,9.396058556860806e-15
7.750081181256974e-05,0.0012948310149387687,0.001294831009743369,1.0035307148523637e-09,1.0035307008732467e-09,1.003530814003284e-09,1.0035307029809815e-09,5.401846741995894e-18,5.657527855745728e-18,5.401174657748194e-18,5.65684005506639e-18,2.113158103294005e-15,2.1092625987695823e-15,7.31814697680971e-15,7.309050689989147e-15,9.431384912958994e-15,9.418393121614008e-15
7.76481272168894e-05,0.0012972920115856823,0.0012972920038603064,1.0073493113693515e-09,1.0073492973712002e-09,1.0073493150741797e-09,1.0073492040518772e-09,5.409477483146695e-18,5.666539161338881e-18,5.4088045717183834e-18,5.6658505334789305e-18,2.1181189635078364e-15,2.1142298117305183e-15,7.335536563216841e-15,7.326453828923433e-15,9.45373641837114e-15,9.440764108783941e-15
7.779561315146566e-05,0.0012997559933398684,0.001299756026626575,1.0111795918908098e-09,1.011179577930358e-09,1.011179695531439e-09,1.0111795845091365e-09,5.417168194891907e-18,5.6756133326585876e-18,5.416494456282983e-18,5.674923464027718e-18,2.1230885058093774e-15,2.119206342053874e-15,7.35295156061239e-15,7.343883225879085e-15,9.476120111035283e-15,9.463170671337659e-15
7.794328666932415e-05,0.001302222960217314,0.0013022229761383564,1.0150220257454654e-09,1.0150220118576803e-09,1.0150219553750617e-09,1.0150219553750617e-09,5.424919290821835e-18,5.684749956114542e-18,5.424244311441992e-18,5.684058846712754e-18,2.1280673654733382e-15,2.124191766223176e-15,7.370390274930461e-15,7.361339727889049e-15,9.498538532050262e-15,9.485611962242214e-15
7.809113071743923e-05,0.0013046929558868658,0.0013046929397164675,1.01887619576679e-09,1.0188761818786362e-09,1.0188762056273504e-09,1.0188762056273504e-09,5.4327303573461735e-18,5.693948618116438e-18,5.432054550785718e-18,5.6932566815340374e-18,2.1330546954667715e-15,2.129186507754898e-15,7.38785440023695e-15,7.378820793854483e-15,9.520989987350185e-15,9.508088828530555e-15
7.823915666449466e-05,0.0013071658639378647,0.001307165830024104,1.0227424245205865e-09,1.022742410558295e-09,1.022742446288305e-09,1.022742446288305e-09,5.440601394464922e-18,5.703209732254582e-18,5.43992517431416e-18,5.702516554901262e-18,2.138051131064388e-15,2.134189931374329e-15,7.40534308949891e-15,7.396328117841282e-15,9.543475323967997e-15,9.530599576136785e-15
7.838735882614856e-05,0.0013096417716842446,0.0013096417635054536,1.0266205900029026e-09,1.026620575978229e-09,1.0266206773579256e-09,1.0266206773579256e-09,5.4485328157683865e-18,5.7125324713483606e-18,5.4478553548467056e-18,5.711838053224122e-18,2.1430560369914767e-15,2.1392022488397064e-15,7.422857189749287e-15,7.4138608528165e-15,9.565993694870753e-15,9.553144205060905e-15
7.853574288674281e-05,0.0013121206645689831,0.0013121206674231445,1.03051086756495e-09,1.0305108535323756e-09,1.0305108988362122e-09,1.0305108988362122e-09,5.456523794075955e-18,5.721917248988081e-18,5.4558455059736615e-18,5.721221590092924e-18,2.148069413248038e-15,2.144223248392793e-15,7.440395853955135e-15,7.431417304714239e-15,9.588546794124346e-15,9.575721868269969e-15
7.868430884627742e-05,0.0013146025425967434,0.0013146025854782195,1.034413284101994e-09,1.0344132701373672e-09,1.0344132217454671e-09,1.0344132217454671e-09,5.464574329387627e-18,5.7313636515834366e-18,5.463894800514415e-18,5.730666751917361e-18,2.153091048075835e-15,2.1492527182753523e-15,7.457960776182347e-15,7.448999167600397e-15,9.611132927662882e-15,9.598333412796922e-15
7.883304533606861e-05,0.0013170874348638062,0.0013170874449603964,1.0383275673966552e-09,1.0383275535108264e-09,1.0383276460856905e-09,1.0383276460856905e-09,5.4726827673421784e-18,5.740870851953815e-18,5.4720024112883536e-18,5.74017271151682e-18,2.158120941474868e-15,2.154290658487384e-15,7.475551956430924e-15,7.466605594442025e-15,9.633753789552255e-15,9.620977991608819e-15
7.898196940914204e-05,0.0013195753122221543,0.0013195753186900916,1.0422541929528254e-09,1.0422541790916651e-09,1.0422541718568823e-09,1.0422541718568823e-09,5.480848694349302e-18,5.750438436508909e-18,5.4801675111148645e-18,5.749739055300996e-18,2.1631588816868998e-15,2.1593368572706516e-15,7.49316854766792e-15,7.484236585239123e-15,9.656408532759519e-15,9.643655604705658e-15
7.913106969681394e-05,0.0013220661746542461,0.001322066192175786,1.0461928880090184e-09,1.0461928741836265e-09,1.0461927990590425e-09,1.0461927990590425e-09,5.489071283228385e-18,5.760065991658414e-18,5.488389272813335e-18,5.759365369679582e-18,2.1682050804701673e-15,2.1643915263833916e-15,7.510810549893332e-15,7.501892987024639e-15,9.67909800431762e-15,9.66636625208744e-15
7.92803461990843e-05,0.0013245600075515451,0.0013245600508873245,1.050143679001987e-09,1.0501436652674407e-09,1.0501436387144736e-09,1.0501436387144736e-09,5.49734929320851e-18,5.7697531038120226e-18,5.496666042022541e-18,5.769051241062271e-18,2.173259114308197e-15,2.1694544540673674e-15,7.52847881014011e-15,7.519573952765625e-15,9.701820510160664e-15,9.689109933754166e-15
7.942980460029503e-05,0.00132705691274837,0.0013270569094321338,1.0541067432573003e-09,1.0541067295825665e-09,1.0541066908231755e-09,1.0541066908231755e-09,5.505681483518756e-18,5.779498532198816e-18,5.504997405152175e-18,5.778795428678146e-18,2.178321618475699e-15,2.174525428564342e-15,7.546172481375304e-15,7.537280329495029e-15,9.72457605028865e-15,9.711888343771728e-15
7.957943921610422e-05,0.001329556744732674,0.0013295567241420336,1.0580819568972066e-09,1.0580819431866998e-09,1.0580819553851484e-09,1.0580819553851484e-09,5.514067026978513e-18,5.789301863228488e-18,5.5133817078410125e-18,5.788597518936899e-18,2.183392381214437e-15,2.179605296907263e-15,7.563891563598917e-15,7.555013811278745e-15,9.747365471734527e-15,9.734700635107181e-15
7.972925573085377e-05,0.0013320595762749132,0.0013320596113843841,1.0620694977053452e-09,1.06206948401659e-09,1.0620695434226946e-09,1.0620695434226946e-09,5.522505096407166e-18,5.799162269720427e-18,5.521818950089053e-18,5.798456684657919e-18,2.1884714025244105e-15,2.1846934238214195e-15,7.581634362745053e-15,7.572772704050879e-15,9.770187927465347e-15,9.757548501826419e-15
7.987925414454367e-05,0.0013345654510885652,0.0013345654547110009,1.0660693929454483e-09,1.0660693793147902e-09,1.0660693439135116e-09,1.0660693439135116e-09,5.5309952782144104e-18,5.809078924494019e-18,5.530307891125379e-18,5.808372098660592e-18,2.1935593176803303e-15,2.189790656339759e-15,7.599400878813712e-15,7.590557854844377e-15,9.793042570448163e-15,9.780431096896493e-15
8.002942877283203e-05,0.0013370742528209245,0.0013370742831564364,1.0700815179399987e-09,1.070081504360337e-09,1.0700815789022045e-09,1.0700815789022045e-09,5.539537158809939e-18,5.819051413958958e-18,5.538848530949989e-18,5.8183433473546125e-18,2.1986559149239594e-15,2.194896359187571e-15,7.617191111804894e-15,7.608370110692188e-15,9.815929400682974e-15,9.803349267350353e-15
8.017978530006076e-05,0.0013395861125058417,0.0013395861403329157,1.0741060515110118e-09,1.0741060380188012e-09,1.0741060263441682e-09,1.0741060263441682e-09,5.548130738193753e-18,5.829079324524938e-18,5.54744128315319e-18,5.828370017149674e-18,2.2037614060135347e-15,2.20001159115604e-15,7.6350050617186e-15,7.626208624561363e-15,9.838849265202728e-15,9.82630216615505e-15
8.033032372622984e-05,0.0013421009283349772,0.0013421010261787103,1.0781430209770736e-09,1.078143007674046e-09,1.0781429082840077e-09,1.0781429082840077e-09,5.5567760163658506e-18,5.8391622426016534e-18,5.556085320554369e-18,5.83845169445547e-18,2.208876002707293e-15,2.2051357169704548e-15,7.652842728554828e-15,7.644072549418957e-15,9.861801316974478e-15,9.849290640343532e-15
8.048103836699738e-05,0.0013446188313286367,0.0013446188388308578,1.0821923010112813e-09,1.0821922878670255e-09,1.082192224721723e-09,1.082192224721723e-09,5.5654734069165394e-18,5.849299754598797e-18,5.564781883924445e-18,5.848587552091389e-18,2.213999916763471e-15,2.2102693719055263e-15,7.670704959346526e-15,7.661961885264967e-15,9.884788097097065e-15,9.872314689915798e-15
8.063193490670528e-05,0.0013471397050608402,0.0013471396947291048,1.0862540714999851e-09,1.0862540583514596e-09,1.0862539756573142e-09,1.0862539756573142e-09,5.574223737026432e-18,5.859491860516369e-18,5.573531386853725e-18,5.858778417238042e-18,2.219133148182069e-15,2.2154123442030176e-15,7.688591754093695e-15,7.679876632099396e-15,9.907807911504595e-15,9.895371773773008e-15
8.078300766101165e-05,0.0013496635349559138,0.001349663593911643,1.0903282064329019e-09,1.090328193357834e-09,1.0903282721130836e-09,1.0903281610907811e-09,5.583027006695527e-18,5.8697381467640635e-18,5.5823334157519015e-18,5.869023462714818e-18,2.2242754852048498e-15,2.2205648456211655e-15,7.706503959829282e-15,7.697816789922242e-15,9.930862454262963e-15,9.918464433014001e-15
8.093426231425838e-05,0.0013521904519471217,0.0013521904491229364,1.0944148863120248e-09,1.0944148733218584e-09,1.0944148920444263e-09,1.0944148920444263e-09,5.5918836295141325e-18,5.880039440522493e-18,5.591188797799588e-18,5.879323102112022e-18,2.2294271395900504e-15,2.2257266644017332e-15,7.724440729520339e-15,7.715781511700558e-15,9.953951725372168e-15,9.941590973572886e-15
8.108569886644545e-05,0.0013547203541255382,0.0013547203622623627,1.0985141387075206e-09,1.0985141257253996e-09,1.0985141685182498e-09,1.0985141685182498e-09,5.6007936054822474e-18,5.890394501020738e-18,5.600097532996784e-18,5.889676921839348e-18,2.234587899579434e-15,2.2308980123029575e-15,7.742404604265708e-15,7.733770797434345e-15,9.97707572483221e-15,9.964752242482607e-15
8.123731731757289e-05,0.0013572532705536933,0.0013572532751395805,1.1026259911122437e-09,1.1026259781494127e-09,1.1026259905122515e-09,1.1026259905122515e-09,5.609756934599872e-18,5.9008045690297176e-18,5.60905962134349e-18,5.900085749077409e-18,2.2397579769312375e-15,2.236078254050128e-15,7.760393889999495e-15,7.751786341189497e-15,1.0000235299676037e-14,9.987948239743166e-15
8.138911198329879e-05,0.001359789157544311,0.0013597892023042846,1.106750316583606e-09,1.1067503036956794e-09,1.1067503580264315e-09,1.1067503580264315e-09,5.6187732032767e-18,5.911269230959126e-18,5.618074649249399e-18,5.910548756645592e-18,2.2449367363707503e-15,2.2412678131597183e-15,7.778410280787594e-15,7.769827295933066e-15,1.0023430449903649e-14,1.0011178965354563e-14
8.154109423230693e-05,0.001362328116935263,0.0013623281437653567,1.1108874516379993e-09,1.1108874388588769e-09,1.1108873820830922e-09,1.1108873820830922e-09,5.627841997922425e-18,5.921788486808963e-18,5.6271426167145116e-18,5.92106677172451e-18,2.2501243896562093e-15,2.2464662661152547e-15,7.79645208256411e-15,7.787894508698e-15,1.0046660328482098e-14,1.0034444419316797e-14
8.169324701157166e-05,0.0013648700468640307,0.0013648700849531181,1.1150369594402765e-09,1.1150369467599304e-09,1.1150370626822337e-09,1.1150370626822337e-09,5.636962904946741e-18,5.932361922988922e-18,5.636262282967909e-18,5.9316389671335505e-18,2.2553207250293776e-15,2.251673824674974e-15,7.81452098939494e-15,7.8059879794843e-15,1.0069925782444332e-14,1.0057745448662815e-14
8.184558737411862e-05,0.0013674150201028468,0.0013674150549940478,1.1191993324171104e-09,1.1191993198479428e-09,1.1191993998238559e-09,1.1191993998238559e-09,5.646134683578729e-18,5.9429899530893094e-18,5.645432820828978e-18,5.942264929282407e-18,2.2605255307320184e-15,2.256889853564166e-15,7.83261700128008e-15,7.824107708291964e-15,1.0093225964757403e-14,1.0081082053392618e-14
8.199810963560594e-05,0.0013699630366279525,0.0013699630247709926,1.1233744433346938e-09,1.1233744308006586e-09,1.1233743935079588e-09,1.1233743935079588e-09,5.655357333818389e-18,5.953671336339207e-18,5.654654230297719e-18,5.9529454853516914e-18,2.265738595005895e-15,2.2621147762993043e-15,7.850738424153639e-15,7.842255389186887e-15,1.0116560875421312e-14,1.0104454233506206e-14
8.215080811169173e-05,0.0013725140673463976,0.001372514067064401,1.1275621640794642e-09,1.1275621515268932e-09,1.1275621547568448e-09,1.1275621547568448e-09,5.664629614894802e-18,5.96440648632892e-18,5.663925270603213e-18,5.9636789809801795e-18,2.270960129609244e-15,2.2673479576056782e-15,7.86888695208151e-15,7.860430175136122e-15,1.0139931361469005e-14,1.0127861989003579e-14
8.230368848671787e-05,0.0013750680686324124,0.0013750680654371905,1.1317626779531e-09,1.1317626653952128e-09,1.1317626835705141e-09,1.1317626835705141e-09,5.67395028603705e-18,5.9751945758778365e-18,5.673245114564848e-18,5.974465416167871e-18,2.276190134542066e-15,2.2725898209997614e-15,7.887061738030745e-15,7.87863206613967e-15,1.0163336575867536e-14,1.0151306166917683e-14
8.245675076068437e-05,0.0013776251132462392,0.0013776251508530457,1.1359760127326042e-09,1.1359760002273882e-09,1.135976090971269e-09,1.135976090971269e-09,5.683319760835438e-18,5.986034777805344e-18,5.682612935002011e-18,5.9853043773244596e-18,2.2814283980461232e-15,2.2778401547233172e-15,7.905263629034293e-15,7.896861909230477e-15,1.0186776518616904e-14,1.017478676724852e-14
8.260999493359122e-05,0.0013801852303374496,0.0013801852360009192,1.1402021963839687e-09,1.1402021839450618e-09,1.1402022659368072e-09,1.1402022659368072e-09,5.6927363849287415e-18,5.996927092111442e-18,5.6920287319147024e-18,5.996195037269333e-18,2.28667534363789e-15,2.283099594051056e-15,7.923490931026258e-15,7.915119704408544e-15,1.0210250342684163e-14,1.0198303789996088e-14
8.276342100543843e-05,0.0013827483180766098,0.0013827483499904147,1.144441256795049e-09,1.1444412444137954e-09,1.144441319489431e-09,1.1444412084671285e-09,5.702200985497573e-18,6.0078702780252124e-18,5.701492091712615e-18,6.007136568821878e-18,2.291930971317366e-15,2.2883672919500305e-15,7.941744491039588e-15,7.93340545167387e-15,1.0233759742135206e-14,1.0221857235160389e-14
8.291702897622599e-05,0.0013853144638178438,0.0013853145073707829,1.148693221864443e-09,1.1486932095991122e-09,1.148693140606838e-09,1.148693140606838e-09,5.711713148951627e-18,6.0188639219563485e-18,5.711002600805444e-18,6.018128971982095e-18,2.2971950693263148e-15,2.2936445189696616e-15,7.960024309074283e-15,7.951718303993507e-15,1.0257303869937087e-14,1.0245447949774368e-14
8.307081316161202e-05,0.0013878836530698546,0.0013878836645297987,1.1529579619976395e-09,1.1529579498169099e-09,1.1529580623559355e-09,1.152957951333633e-09,5.721272875290902e-18,6.029907610314544e-18,5.7205610863738e-18,6.029171419569372e-18,2.30246869645592e-15,2.298930428077002e-15,7.978330385130343e-15,7.9700608024663e-15,1.0280883573122752e-14,1.0269075933838027e-14
8.32247849302803e-05,0.0013904558276596202,0.0013904558650916776,1.1572358204357275e-09,1.1572358083302778e-09,1.1572357516698162e-09,1.1572357516698162e-09,5.7308805781057056e-18,6.041001343099799e-18,5.730167548417685e-18,6.0402634979934016e-18,2.3077510056732347e-15,2.304225866304999e-15,7.996663566240715e-15,7.988430405993403e-15,1.0304499698725149e-14,1.0292741187351365e-14
8.337893291354703e-05,0.0013930310603997853,0.001393031094552022,1.1615265093381653e-09,1.1615264973430613e-09,1.1615265416153875e-09,1.1615265416153875e-09,5.740536670986343e-18,6.052144706721807e-18,5.739822400527404e-18,6.0514052072541846e-18,2.3130430557694428e-15,2.309530621895416e-15,8.0150238524054e-15,8.006828808640714e-15,1.0328152246744278e-14,1.0316444557347329e-14
8.353326848009601e-05,0.0013956093512932366,0.0013956093529197133,1.1658303733165655e-09,1.1658303613766809e-09,1.165830321170347e-09,1.165830321170347e-09,5.7502411539328155e-18,6.063337287590262e-18,5.749525642702957e-18,6.0625961337614145e-18,2.3183442114698338e-15,2.3148451183647263e-15,8.03341293769029e-15,8.025255163375284e-15,1.0351842064213086e-14,1.034018604382592e-14
8.368778026124346e-05,0.0013981906275681855,0.0013981906547315681,1.1701471234256013e-09,1.1701471115302005e-09,1.170147201356997e-09,1.1701470903346944e-09,5.7599948541257345e-18,6.0745799128857765e-18,5.759278102124957e-18,6.07383751828601e-18,2.323655319807355e-15,2.320169143954693e-15,8.051830822095388e-15,8.043711164263008e-15,1.0375570845197468e-14,1.0363965646787137e-14
8.384247962567315e-05,0.0014007749764831656,0.0014007750000049057,1.1744771054256745e-09,1.174477093608683e-09,1.174477071153035e-09,1.174477071153035e-09,5.769797357974794e-18,6.0858725826083504e-18,5.769079365203098e-18,6.085128533647359e-18,2.3289755337490593e-15,2.3255031221817903e-15,8.070278352653639e-15,8.062195964270939e-15,1.0399338589697424e-14,1.0387784213263928e-14
8.399735520470131e-05,0.001403362354326143,0.0014033623596261258,1.1788200293535102e-09,1.1788200175811565e-09,1.1788200415807637e-09,1.1788200415807637e-09,5.779649079070301e-18,6.097215296757984e-18,5.778929845527686e-18,6.0964700070260735e-18,2.334305700327894e-15,2.3308464177713073e-15,8.088755529365044e-15,8.080709563399076e-15,1.0423146991778848e-14,1.041164259028924e-14
8.415241268266982e-05,0.0014059527755625467,0.001405952791812659,1.1831760825421034e-09,1.1831760708031648e-09,1.183176112640183e-09,1.183176112640183e-09,5.789549603821948e-18,6.108608882515289e-18,5.788828715918108e-18,6.107861938422154e-18,2.3396449725109113e-15,2.3361998777561913e-15,8.107264046295498e-15,8.099254502746261e-15,1.0446994357375845e-14,1.0435539930830125e-14
8.430765774392057e-05,0.0014085462110418057,0.0014085462528754533,1.1875454532177592e-09,1.1875454415689927e-09,1.1875453953535953e-09,1.1875453953535953e-09,5.7994985186394294e-18,6.1200533398802666e-18,5.798776389964671e-18,6.119304741425906e-18,2.3449939855728222e-15,2.3415624433452582e-15,8.125803056412053e-15,8.117829088246601e-15,1.0470882380554311e-14,1.0459477081919532e-14
8.44630790197698e-05,0.0014111427189249515,0.001411142757362871,1.1919278497276927e-09,1.1919278382036854e-09,1.1919278897210006e-09,1.1919278897210006e-09,5.809495823522745e-18,6.13154825526261e-18,5.808772454077068e-18,6.130798002447024e-18,2.3503518924806793e-15,2.3469347498132186e-15,8.144372559714709e-15,8.136434166933042e-15,1.0494810214281298e-14,1.0483454890590407e-14
8.461868787890126e-05,0.0014137422991933324,0.0014137422761488772,1.1963236210761622e-09,1.1963236095761084e-09,1.196323595742399e-09,1.196323595742399e-09,5.819540691291283e-18,6.143094042252625e-18,5.8188160810746866e-18,6.142342135075814e-18,2.355719116750956e-15,2.3523159501271252e-15,8.162973403236413e-15,8.155070585838531e-15,1.0518778705589753e-14,1.0507472509809802e-14
8.477447295263119e-05,0.0014163448645407861,0.0014163448674291423,1.2007324744508067e-09,1.2007324629193527e-09,1.2007325134177904e-09,1.2007325134177904e-09,5.829633535535349e-18,6.154690287260006e-18,5.8289076845478335e-18,6.153937139312276e-18,2.3610950231089424e-15,2.3577066795616884e-15,8.181605586977166e-15,8.173738344963068e-15,1.0542787007446729e-14,1.0531531633643613e-14
8.493044560964336e-05,0.0014189505022694782,0.001418950502114491,1.2051547599685636e-09,1.205154748441373e-09,1.2051547537694773e-09,1.2051547537694773e-09,5.83977352907433e-18,6.166336576694446e-18,5.83904602372559e-18,6.1655817743854915e-18,2.3664802468293484e-15,2.3631063028421977e-15,8.20026826390402e-15,8.192438291339602e-15,1.0566835119852225e-14,1.0555631415058893e-14
8.508660016559588e-05,0.0014215591687236628,0.0014215591801707284,1.2095903452320915e-09,1.209590333722534e-09,1.2095903167974598e-09,1.2095903167974598e-09,5.849960671908227e-18,6.178032910555946e-18,5.849231925788568e-18,6.17727604029546e-18,2.37187372912099e-15,2.36851503172689e-15,8.218962281049923e-15,8.21117042496813e-15,1.0590923042806243e-14,1.057977185405564e-14
8.524293662048876e-05,0.0014241708784823448,0.0014241709307345474,1.2140392587037148e-09,1.2140392472937426e-09,1.2140392025017377e-09,1.2140392025017377e-09,5.860194136856427e-18,6.18977763448328e-18,5.859464149965849e-18,6.1890199370421816e-18,2.377276105258578e-15,2.373932230941055e-15,8.237686791381926e-15,8.229934745848655e-15,1.0615049929275835e-14,1.0603953797666803e-14
8.5399454974322e-05,0.001426785675212594,0.00142678571015864,1.2185015289700589e-09,1.218501517696568e-09,1.2185015219046136e-09,1.2185015219046136e-09,5.870474751099542e-18,6.201571575657061e-18,5.869743523438045e-18,6.200811810264431e-18,2.3826869517256386e-15,2.3793587475176396e-15,8.256442641932978e-15,8.248732101014122e-15,1.0639216626293947e-14,1.0628177245892382e-14
8.555615522709559e-05,0.0014294035298691998,0.0014294035620996404,1.222977184674114e-09,1.2229771735058889e-09,1.222977163983785e-09,1.222977163983785e-09,5.88080168745696e-18,6.21341349330637e-18,5.8800692190245446e-18,6.212652073552515e-18,2.3881064802804084e-15,2.38479352266546e-15,8.275229832703079e-15,8.267561643431585e-15,1.066342313386058e-14,1.0652443045765323e-14
8.571303737880953e-05,0.0014320244425150008,0.0014320244720296138,1.2274662544469351e-09,1.227466243375577e-09,1.2274663507838568e-09,1.2274663507838568e-09,5.891175773109294e-18,6.225302973840901e-18,5.8904420639059595e-18,6.2245403133161274e-18,2.3935346909228876e-15,2.390237826933937e-15,8.29404751665928e-15,8.286425067166939e-15,1.0687669451975735e-14,1.067675035025268e-14
8.58704822803702e-05,0.0014346546601842203,0.0014346546868710952,1.2319796945382402e-09,1.2319796835553682e-09,1.2319797404458654e-09,1.2319797404458654e-09,5.90162182347492e-18,6.2372689685820934e-18,5.90088645991036e-18,6.236505067286401e-18,2.3989851361802322e-15,2.395703730542569e-15,8.312942280613682e-15,8.305367264966387e-15,1.0712014872945718e-14,1.070115845166076e-14
8.602773391430674e-05,0.0014372816890360074,0.001437281712704408,1.2364958613730065e-09,1.2364958504693189e-09,1.2364959056654357e-09,1.2364959056654357e-09,5.9120897941267785e-18,6.2492544020676805e-18,5.9113531897913e-18,6.248488432820456e-18,2.4044311345146037e-15,2.401166246019412e-15,8.331823492040927e-15,8.324297604304573e-15,1.0736342506223809e-14,1.0725551306475789e-14
8.618516744718363e-05,0.0014399117760719449,0.001439911781916603,1.241025528692829e-09,1.241025517835605e-09,1.2410255045836038e-09,1.2410255045836038e-09,5.922605741254165e-18,6.261287398438489e-18,5.921867896147768e-18,6.26051977483004e-18,2.409886661969632e-15,2.406637655342201e-15,8.350737737753116e-15,8.343260977927702e-15,1.0760712491149262e-14,1.0749986512938181e-14
8.634278287900088e-05,0.0014425448776798078,0.001442544938164314,1.2455687251945848e-09,1.2455687144419058e-09,1.245568759244975e-09,1.245568759244975e-09,5.9331692512667736e-18,6.273368371284826e-18,5.9324301653894575e-18,6.272599506905458e-18,2.415351295028843e-15,2.4121188055438838e-15,8.369685017750247e-15,8.362257385835774e-15,1.0785124827722078e-14,1.0774464918080883e-14
8.650058589410037e-05,0.0014451810666062936,0.0014451811087252686,1.2501256438024785e-09,1.2501256332117108e-09,1.2501256696495489e-09,1.2501256696495489e-09,5.9437811513452164e-18,6.285497734196998e-18,5.9430408246969814e-18,6.2847272154564045e-18,2.4208258807251843e-15,2.417609484866223e-15,8.388667873131164e-15,8.381287675061737e-15,1.0809581210008152e-14,1.0798985674870948e-14
8.665857080814021e-05,0.0014478203282626279,0.0014478203372894072,1.2546961495693336e-09,1.2546961390593685e-09,1.2546961247750232e-09,1.2546961247750232e-09,5.9544418550798e-18,6.29767590076531e-18,5.95369987407034e-18,6.296904141253798e-18,2.4263097837839455e-15,2.423110328583929e-15,8.407685456862917e-15,8.40035184560559e-15,1.0834083332073377e-14,1.082355047737427e-14
8.681673762112041e-05,0.0014504626625633232,0.0014504626384845842,1.2592802714070702e-09,1.2592802608732977e-09,1.2592802356437005e-09,1.2592802356437005e-09,5.9651509488802176e-18,6.309903698170375e-18,5.964408140690145e-18,6.309130284297638e-18,2.4318038512380737e-15,2.428620701422292e-15,8.426738615978455e-15,8.419449050434385e-15,1.0858631193917754e-14,1.0848158478557902e-14
