actual_macro_strain,R1:force_N_per_1mm_b,FL1:force_N_per_1mm_b,R1:W_path_N_mm,FL1:W_path_N_mm,R1:ALLWK,FL1:ALLWK,R1:ALLAE,FL1:ALLAE,R1:PDMS:ALLAE,FL1:PDMS:ALLAE,R1:ITO:ALLKE,FL1:ITO:ALLKE,R1:PDMS:ALLKE,FL1:PDMS:ALLKE,R1:ALLKE,FL1:ALLKE
0.008334507583640516,0.001373187968049567,-0.0002846573947783426,9.890376647719274e-07,9.93540998828856e-07,9.890794761383894e-07,9.935507705449709e-07,1.0286493534283798e-07,1.1713346026454019e-07,1.0277733251773881e-07,1.1702434221660951e-07,1.434839262005353e-10,7.649703787082629e-11,1.4934494064836106e-08,1.2970354568153653e-08,1.5112261331568463e-08,1.3030136081226829e-08
0.008336352038895711,-0.00034665682185719415,0.000569751241892472,9.890566111931172e-07,9.935462634739424e-07,9.891020908980863e-07,9.935546343732608e-07,1.0289447516242944e-07,1.170934582775387e-07,1.0280684392682815e-07,1.169843331269825e-07,4.522782426352734e-10,2.3451860208499983e-10,2.4511333407417624e-08,9.310503917433737e-09,2.495511708389131e-08,9.551506257495127e-09
0.008336352766491473,-0.00034661238068593513,0.0005700882867195611,9.890566069686174e-07,9.935462655507255e-07,9.891020809011758e-07,9.935546358974534e-07,1.0289447160131029e-07,1.1709344249766218e-07,1.0280684036010535e-07,1.1698431734430415e-07,4.522986753028362e-10,2.345809380077668e-10,2.450764981140266e-08,9.309060189366392e-09,2.4951450564297238e-08,9.550134016933498e-09
0.008338197221746668,-0.00023395401154435724,0.001309031692525292,9.890458978615885e-07,9.93580930454455e-07,9.890767387332744e-07,9.935963425145829e-07,1.0288544416425793e-07,1.1713411923408928e-07,1.0279779871780192e-07,1.1702498697810572e-07,5.04095487574574e-10,1.0246238553820613e-10,1.5169733913467098e-08,1.3831524711061043e-08,1.5656823393328523e-08,1.3938358028227519e-08
0.00833819794934243,-0.00023323300938188663,0.0013093231889378387,9.890459077609178e-07,9.935809441289733e-07,9.890767516440824e-07,9.935963589668972e-07,1.0288544149411902e-07,1.1713413528013916e-07,1.0279779603925755e-07,1.1702500302135377e-07,5.03939569263211e-10,1.024102677660288e-10,1.5172057369300717e-08,1.3833308720734294e-08,1.5659010373683485e-08,1.3940089083064322e-08
0.008340042404597625,0.001594507472481136,-6.01121206710751e-05,9.890710025607278e-07,9.93603965340264e-07,9.891094805425382e-07,9.936185104237584e-07,1.0287867269198614e-07,1.1717277253277967e-07,1.0279100592924806e-07,1.1706361897451653e-07,1.0868664995777877e-10,1.6631892781937343e-10,2.1062017907524933e-08,8.826649043168148e-09,2.120300557351129e-08,8.97520744362873e-09
0.008340043859789148,0.0015937343409950248,-6.119254300607224e-05,9.890710347013134e-07,9.936039835029553e-07,9.89109519902571e-07,9.93618527900253e-07,1.0287869764503664e-07,1.1717280301581923e-07,1.0279103087109125e-07,1.1706364944075176e-07,1.0910520296001664e-10,1.6636934885294608e-10,2.106085234846312e-08,8.822699015809121e-09,2.120220438194114e-08,8.971290377246532e-09
0.008341887587448582,0.000614176748092228,-3.101591117274258e-05,9.891117568231977e-07,9.93602283869309e-07,9.89159389064298e-07,9.936146655961556e-07,1.0291031316000954e-07,1.1713805647859097e-07,1.0282263218641674e-07,1.1702888160405239e-07,6.39411856795391e-10,2.357940181720394e-10,1.9584089017143924e-08,1.2936547204655425e-08,2.0187094662560412e-08,1.320314384846995e-08
0.008341889042640105,0.0006128502198673903,-3.0992093783765995e-05,9.891117502115707e-07,9.93602282527846e-07,9.891593752623485e-07,9.936146625477704e-07,1.0291031886787748e-07,1.1713802905433113e-07,1.0282263788868324e-07,1.1702885416298159e-07,6.390570154584178e-10,2.3584881270188873e-10,1.9581983747915584e-08,1.293979412508861e-08,2.018468596329663e-08,1.3206483906458288e-08
0.0083437334978953,-0.0010685243051145044,0.000999297546112766,9.891033699741783e-07,9.936201499849916e-07,9.891418812912889e-07,9.93631595207041e-07,1.0291755359048693e-07,1.1715349147011632e-07,1.0282986551146678e-07,1.1704430947614125e-07,1.8929562084490925e-10,1.0347497494644956e-10,1.6913555000996894e-08,1.1988296222538367e-08,1.7131659646452135e-08,1.2057336804062155e-08
0.008343734225491062,-0.0010679728903209382,0.0009997039720062162,9.891033645997145e-07,9.936201570332982e-07,9.8914187510486e-07,9.93631601886591e-07,1.0291755053369622e-07,1.1715349756968862e-07,1.0282986244627059e-07,1.1704431557291173e-07,1.8936111647893065e-10,1.0342275647001742e-10,1.6915614236358863e-08,1.198792087819811e-08,1.7133767073198392e-08,1.2056883491595727e-08
0.008345578680746257,0.00032986361136944087,0.0004157526040627468,9.890897403337306e-07,9.936462559988897e-07,9.891261925076833e-07,9.936623867317673e-07,1.0290980156923979e-07,1.1718065440382129e-07,1.0282209217393756e-07,1.1707146530721848e-07,3.5539254872318793e-10,3.565040801874396e-10,2.213577587895088e-08,8.84146706463311e-09,2.247609387495686e-08,9.225272345799896e-09
0.00834558013593778,0.00033051128521662974,0.0004152918929243299,9.890897618895045e-07,9.936462765897895e-07,9.89126217333268e-07,9.936624110196135e-07,1.0290981402684361e-07,1.1718067582933145e-07,1.028221046203385e-07,1.170714867271272e-07,3.5568417626079287e-10,3.5670374987084585e-10,2.213081652731614e-08,8.838984655312743e-09,2.24714369436979e-08,9.223038333061595e-09
0.008347424591192976,0.0011514378865284947,0.000461562376129,9.891170838328276e-07,9.936624501110975e-07,9.891576837617322e-07,9.936770708387135e-07,1.029256040396831e-07,1.1716947498886601e-07,1.0283788043352615e-07,1.1706025747615962e-07,7.253220801750615e-10,1.4264061824771107e-10,1.5844838330281164e-08,1.6365956550711012e-08,1.656877657296718e-08,1.6501347308551876e-08
0.008347425318788737,0.0011511185293918641,0.00046158062878509654,9.89117094695731e-07,9.936624564911848e-07,9.891576947448848e-07,9.936770766216796e-07,1.0292560550223557e-07,1.1716947057038851e-07,1.0283788188487133e-07,1.1706025304647483e-07,7.250509572387008e-10,1.425561751977611e-10,1.5846995393452778e-08,1.6368925770393616e-08,1.6570669258764966e-08,1.6504218436352858e-08
0.008349269774043933,0.000341548188033336,0.0007683520967392183,9.891446321558425e-07,9.936851465140885e-07,9.89185537036974e-07,9.93698432898038e-07,1.0292931307276376e-07,1.1718444410324754e-07,1.0284156104489739e-07,1.1707521947950794e-07,3.775431356434211e-11,4.577593671349328e-10,2.1315150533496308e-08,6.439874249070615e-09,2.1368627756146452e-08,6.878701778808788e-09
0.008349271229235455,0.0003419103032847999,0.0007685941255107798,9.891446487805264e-07,9.936851644154871e-07,9.89185553706861e-07,9.936984497471713e-07,1.0292931633840361e-07,1.1718445591668569e-07,1.028415643049358e-07,1.1707523128734465e-07,3.857035447719527e-11,4.580080481542126e-10,2.1312442591273904e-08,6.432040677850637e-09,2.1366703896572635e-08,6.871107682826505e-09
0.008351115684490651,0.0008008913845153343,-0.00026534638870447515,9.891657205672596e-07,9.93694439071908e-07,9.892066827887902e-07,9.937156096904588e-07,1.0293345553691324e-07,1.1722322914946998e-07,1.0284569640361951e-07,1.1711398321225234e-07,1.0729022115185671e-09,2.721173281119868e-10,1.788012582437659e-08,1.47945725435687e-08,1.8928211886759527e-08,1.510593656103291e-08
0.008351116412086412,0.0008005512590604461,-0.00026575425478503334,9.891657259433519e-07,9.936944427305495e-07,9.892066894657074e-07,9.937156164596672e-07,1.029334665773526e-07,1.1722324444463084e-07,1.0284570744125815e-07,1.1711399849900772e-07,1.0726353117044442e-09,2.720439984393863e-10,1.7880256951299514e-08,1.479787137270705e-08,1.8928096805163106e-08,1.51091850142393e-08
0.00835296159493737,-6.200689453583763e-05,-0.0004092340362934628,9.891793597132494e-07,9.936819869184037e-07,9.892236221276107e-07,9.936939108326635e-07,1.029614651315569e-07,1.1720892554933e-07,1.0287369889283582e-07,1.1709967960370689e-07,3.9577738308871346e-10,4.5562009569635867e-10,1.8212794827832113e-08,1.0809410916744298e-08,1.8636249876635702e-08,1.1217722466777413e-08
0.00835296232253313,-6.24532579924057e-05,-0.000409290613494373,9.891793505714606e-07,9.936819820068059e-07,9.8922361182096e-07,9.936939022736624e-07,1.0296146713967336e-07,1.1720891990307791e-07,1.028737008925501e-07,1.170996739574548e-07,3.958859652964505e-10,4.556924837473275e-10,1.8213645851196362e-08,1.080783817997144e-08,1.863718783155681e-08,1.121618797839119e-08
0.008354807505384088,-0.0011944309838490125,0.001340059424055337,9.891561669951958e-07,9.936991691214772e-07,9.891974741549348e-07,9.937071983907274e-07,1.029665597229723e-07,1.1715957795582847e-07,1.0287877216796915e-07,1.1705032490757871e-07,6.712504441175327e-10,4.676482574809463e-10,2.0371841102928556e-08,8.529265836333318e-09,2.1015841511484723e-08,9.035382402587422e-09
0.008354808232979849,-0.0011935658428446356,0.0013407492308524782,9.891561655836655e-07,9.936991758987305e-07,9.89197469046421e-07,9.937072036336758e-07,1.0296655163729284e-07,1.1715955849922466e-07,1.0287876407388753e-07,1.1705030544817419e-07,6.714476997003986e-10,4.676529719027656e-10,2.036978366580157e-08,8.528367345661536e-09,2.101399907725169e-08,9.034522463480243e-09
0.008356653415830806,0.0010004317442551258,0.0017535944108004308,9.891525859429656e-07,9.937562752008e-07,9.891845138554345e-07,9.937790253942324e-07,1.0294604635419091e-07,1.1722832613032718e-07,1.0285823748290568e-07,1.1711906597665006e-07,1.1716878578482692e-09,3.697793872224981e-10,1.5152123111761284e-08,1.6432344282021785e-08,1.6341585862278407e-08,1.6786877853357e-08
0.008356654143426567,0.0010009603960037187,0.0017537572046411043,9.891526102596014e-07,9.937562977162977e-07,9.891845419522604e-07,9.937790537151159e-07,1.0294605021078274e-07,1.1722835324690095e-07,1.0285824133949751e-07,1.1711909309042312e-07,1.1712674804279694e-09,3.697407935376873e-10,1.5154722500866245e-08,1.6435460992170192e-08,1.6343756792293237e-08,1.678993477582935e-08
0.008358499326277524,0.0023416212304354644,-0.0005232252171722168,9.892142772479602e-07,9.937789867142784e-07,9.89255795502686e-07,9.937995092798315e-07,1.0295583052766233e-07,1.1729391759339004e-07,1.028680216563771e-07,1.1718464323165893e-07,1.0519034254752313e-10,8.985416676903558e-10,2.174677327104746e-08,4.953933634352617e-09,2.1849235309900905e-08,5.836003398142549e-09
0.008358500053873286,0.0023407745617782063,-0.000524123080903216,9.892142956942886e-07,9.937789956610443e-07,9.892558183565634e-07,9.937995173459058e-07,1.0295584562354466e-07,1.1729394344683897e-07,1.0286803674385726e-07,1.1718466907950642e-07,1.059251159609674e-10,8.987501853852109e-10,2.1744446650392464e-08,4.949406218202057e-09,2.1847641198731032e-08,5.8316840245709045e-09
0.008360345236724243,0.0001936228469713308,-0.0010161961931897533,9.892610755832348e-07,9.937505703736455e-07,9.89313775789924e-07,9.937629246134703e-07,1.029941287811198e-07,1.1722028210598333e-07,1.0290629859355249e-07,1.1711097222551761e-07,1.9693104924556337e-09,2.5770572563321536e-10,1.58441366693296e-08,1.5550438708357895e-08,1.7804975271928924e-08,1.585422488776961e-08
0.008360345964320004,0.000192927768233521,-0.0010163902283286674,9.89261065570287e-07,9.93750559164936e-07,9.893137605540056e-07,9.937629101841594e-07,1.029941335311414e-07,1.1722025305971329e-07,1.0290630334077337e-07,1.1711094316524395e-07,1.9687361431239077e-09,2.574529478494014e-10,1.5845652877764626e-08,1.555461892621679e-08,1.7805927116322096e-08,1.585817699378822e-08
0.008362191147170961,-0.0015697919108521585,0.0009312435685949012,9.892356727347202e-07,9.937490163951744e-07,9.892751222650986e-07,9.937622286006596e-07,1.0300617958591829e-07,1.1720454114007474e-07,1.0291834229292363e-07,1.1709523834543352e-07,5.121862378665298e-10,9.39919599817355e-10,1.969075746899307e-08,1.1457229130231188e-08,2.0219804497401128e-08,1.2343718585928947e-08
0.008362192602362484,-0.0015688737744920735,0.000932779557393737,9.892356439957376e-07,9.937490151784789e-07,9.892750889253245e-07,9.93762228063133e-07,1.0300616710590871e-07,1.1720452874897092e-07,1.0291832979050828e-07,1.1709522595992894e-07,5.130031914750455e-10,9.404578227290017e-10,1.9689289327219718e-08,1.1453997750265899e-08,2.0219122957524256e-08,1.2340946931033159e-08
0.00836403705761768,-0.00040513593808433335,0.0011694283491556327,9.891992173352415e-07,9.937877929063793e-07,9.892328307614662e-07,9.938036910464886e-07,1.0299034869376555e-07,1.1724822817749027e-07,1.0290248297906146e-07,1.1713890408897054e-07,1.5484918902686218e-09,5.19753921699947e-10,1.782841962949533e-08,7.3015261160824244e-09,1.935527116359026e-08,7.856507848968626e-09
0.008364038512809202,-0.00040351109957508115,0.001169615054316786,9.891992355491199e-07,9.937878235002476e-07,9.892328519937598e-07,9.938037237589015e-07,1.0299034507106145e-07,1.1724826265435695e-07,1.0290247934515889e-07,1.171389385490329e-07,1.5489673219755837e-09,5.194220054072218e-10,1.782724730817117e-08,7.298250004339479e-09,1.9354606569564707e-08,7.85296982996897e-09
0.008365883695660159,0.0016567841301566855,0.0008977276438160512,9.892223307469142e-07,9.938259677749428e-07,9.892597745420062e-07,9.938447485303587e-07,1.0298575148226519e-07,1.1726550783183236e-07,1.0289787155670638e-07,1.1715617662388168e-07,2.151814726403245e-09,7.634760251633579e-10,1.634074386913653e-08,1.652936071833759e-08,1.8511901345164006e-08,1.728827484499167e-08
0.00836588442325592,0.0016569117268001763,0.0008976204326920367,9.892223572116162e-07,9.938259828160605e-07,9.892598017426016e-07,9.93844764707319e-07,1.0298575571135282e-07,1.172655146319812e-07,1.0289787578299328e-07,1.171561834212298e-07,2.1511472073587823e-09,7.635722609755646e-10,1.634225563212829e-08,1.653300074622166e-08,1.8512733064563703e-08,1.729199539113324e-08
0.008367729606106877,0.001980496814692756,0.0006548747940252493,9.892894716958516e-07,9.938546256593319e-07,9.893287824525032e-07,9.938732776170653e-07,1.0299648067757516e-07,1.1729786144891445e-07,1.02908593646589e-07,1.1718850893867866e-07,4.5831891060110763e-10,1.1731879143409137e-09,2.017608657922665e-08,6.5652476377164456e-09,2.0621973462198184e-08,7.716703031756011e-09
0.0083677310612984,0.001979247851003614,0.0006546833542471209,9.892895062720564e-07,9.93854648248325e-07,9.893288245587395e-07,9.93873300103587e-07,1.0299650425594758e-07,1.1729788695902243e-07,1.0290861721376295e-07,1.1718853443198896e-07,4.608975370169082e-10,1.1735109550770062e-09,2.0171426150279943e-08,6.557386633687656e-09,2.0619903418560763e-08,7.709151539359027e-09
0.008369576244149357,0.0003955618931712479,-0.0010125191016331372,9.893333488998627e-07,9.938480333939853e-07,9.893822152662324e-07,9.938675043602511e-07,1.0302640163217802e-07,1.1730605497965535e-07,1.0293850039033714e-07,1.1719668114474196e-07,3.730595832251993e-09,4.0807800081321076e-10,1.4262002245857275e-08,1.3376780940761139e-08,1.7995088086308897e-08,1.3817594227916874e-08
0.008369576971745118,0.00039474454053266543,-0.0010131765158507555,9.893333395268188e-07,9.938480307856043e-07,9.89382203736671e-07,9.938675020748633e-07,1.0302641252772524e-07,1.1730605820048368e-07,1.0293851127191929e-07,1.1719668435716812e-07,3.729292755479896e-09,4.077761739385011e-10,1.4264272937877431e-08,1.3379469976371183e-08,1.7996058088863765e-08,1.3820002919828767e-08
0.008371423609787598,-0.0016796964561896495,-0.0004376291283278988,9.893095507417378e-07,9.938212396566563e-07,9.89352941709907e-07,9.938319180946564e-07,1.0305406542656394e-07,1.1725061455081232e-07,1.0296612872741162e-07,1.1714124070749676e-07,4.220839078974985e-10,1.411070926771174e-09,2.002728928503411e-08,1.0011557805000848e-08,2.045792457311995e-08,1.1387430554066214e-08
0.008371427247766405,-0.001683783219382562,-0.00043243028205770334,9.893095038765189e-07,9.938213038188196e-07,9.893528840621002e-07,9.938319749828691e-07,1.0305411990430002e-07,1.1725056786720271e-07,1.0296618313532235e-07,1.1714119399589098e-07,4.155685240370133e-10,1.4091969653941529e-09,2.0038642745134894e-08,1.0009754902545205e-08,2.0462774585894294e-08,1.1383875877156155e-08
0.008373270247830078,-0.001109408467853042,0.0022013052384233234,9.892580462475764e-07,9.938538083706515e-07,9.892873025241765e-07,9.938607945514377e-07,1.0303192373067315e-07,1.1722691795057472e-07,1.0294396568740766e-07,1.1711752989640445e-07,3.0462846290014636e-09,4.598481317952263e-10,1.5660046831480943e-08,9.09640451851601e-09,1.868631304852586e-08,9.583076554520176e-09
0.008373273885808885,-0.0011082746842929758,0.0022006072488114327,9.892579446731016e-07,9.938539556473459e-07,9.892871730698971e-07,9.938609768624816e-07,1.0303187991667073e-07,1.1722712090879232e-07,1.0294392183141099e-07,1.1711773284062398e-07,3.0514775151146978e-09,4.609724290729532e-10,1.5651403728611513e-08,9.104926004283273e-09,1.8682806413039543e-08,9.592644115343101e-09
0.008375116885872558,0.002272120543325109,0.0018470057114274852,9.892794927354742e-07,9.939285660207294e-07,9.893124852628291e-07,9.939533356373431e-07,1.0300745450179825e-07,1.1732993954183257e-07,1.029194680396406e-07,1.1722054438223495e-07,2.085119105713142e-09,1.0305414299693894e-09,1.6560214675838006e-08,1.3421910693978134e-08,1.8670364916863936e-08,1.4439570428237403e-08
0.008375119796255603,0.0022774587118645773,0.0018427164469061697,9.892795267632079e-07,9.939285943234212e-07,9.89312525234709e-07,9.939533596468564e-07,1.0300741593027851e-07,1.1733002407906051e-07,1.0291942942330934e-07,1.1722062887466901e-07,2.0835930758522636e-09,1.0304691463141e-09,1.6561649829327507e-08,1.3412398046238307e-08,1.867034526981115e-08,1.4430004703263172e-08
0.008376963523915038,0.002647975745710488,-0.0008745326273471576,9.893703491441143e-07,9.939465240786529e-07,9.894141145924214e-07,9.939685696735978e-07,1.0303878661043243e-07,1.173835784129551e-07,1.029507717265477e-07,1.1727415483164805e-07,1.1243234167862737e-09,9.846774506883094e-10,2.028325038126867e-08,7.386135703058017e-09,2.139084725897985e-08,8.370117932088306e-09
0.008376966434298083,0.002648560618692092,-0.0008746824296342097,9.893704925101458e-07,9.939464704078482e-07,9.894142749544699e-07,9.939684915530914e-07,1.0303883613005382e-07,1.1738341176856659e-07,1.0295082120137522e-07,1.1727398815366414e-07,1.122809178966122e-09,9.838711671832398e-10,2.0289125046701884e-08,7.396392851485193e-09,2.139514165833134e-08,8.379588969824012e-09
0.008378810161957517,-0.0005962145045848321,-0.0009695821784816983,9.89408237747734e-07,9.939124699531013e-07,9.894570673431375e-07,9.939190022123512e-07,1.0307569064914011e-07,1.1727784254844664e-07,1.0298764024931707e-07,1.1716839765085751e-07,4.0563213763285624e-09,4.730905667216234e-10,1.3078347730066883e-08,1.3894296380101423e-08,1.7133006977419707e-08,1.4379491375393627e-08
0.008378813072340563,-0.0006013364858370451,-0.0009659677271979073,9.89408297329798e-07,9.93912480261823e-07,9.89457134892291e-07,9.939190224591796e-07,1.0307574882517656e-07,1.1727781531377472e-07,1.0298769836936117e-07,1.1716837042738407e-07,4.060952019102615e-09,4.738994722427725e-10,1.3066965287578114e-08,1.3886164981386218e-08,1.7126279061585592e-08,1.4372118119898282e-08
0.008380656799999997,-0.0017620168825691767,0.0013237871610836116,9.893646813047477e-07,9.939190108370583e-07,9.894035803767796e-07,9.939318488250137e-07,1.0307913853100475e-07,1.1726056214911296e-07,1.0299106680088499e-07,1.1715112435695119e-07,1.2336623984739175e-10,9.863411198907102e-10,2.0557861482545832e-08,8.734923895303837e-09,2.07017946640542e-08,9.701160763597727e-09
0.008380660437978804,-0.00176430709645381,0.0013233652295917729,9.893645952431355e-07,9.939190993637037e-07,9.894034747048863e-07,9.939319458037386e-07,1.030791452194535e-07,1.1726072599668431e-07,1.0299107344735603e-07,1.1715128817652638e-07,1.1559673357419697e-10,9.85243528879111e-10,2.05726422564112e-08,8.740428151841305e-09,2.0708849746142732e-08,9.705652935926617e-09
0.008382503438042477,-9.880314799459635e-05,0.0011096147358262698,9.893303187108246e-07,9.939639469622131e-07,9.89359224186218e-07,9.939810752257472e-07,1.0305960833180429e-07,1.1734373117633368e-07,1.0297150819398973e-07,1.1723427917331719e-07,4.301024461461821e-09,4.2920392240297645e-10,1.4902208649814293e-08,1.1528884513722915e-08,1.9168346653572076e-08,1.1981387437742796e-08
0.008382507076021284,-9.551553656850231e-05,0.0011077705913395083,9.893302510508715e-07,9.939639936426374e-07,9.893591368381749e-07,9.939811159881674e-07,1.030595697670833e-07,1.1734373134431069e-07,1.0297146957327641e-07,1.1723427931329803e-07,4.30928626116156e-09,4.296609158229672e-10,1.4891015531759422e-08,1.1530006755852277e-08,1.9165305786827957e-08,1.1982880492612624e-08
0.008384350076084957,0.002224543252213779,0.00017352699434614038,9.893695734362735e-07,9.939876419455415e-07,9.894052027627373e-07,9.940017662302125e-07,1.0304468485703768e-07,1.1734381644146197e-07,1.029565562975137e-07,1.1723435022759077e-07,1.465032760896687e-09,6.611737823902786e-10,1.526818117554229e-08,1.2098534618587564e-08,1.6764220521882818e-08,1.2739262089667136e-08
0.008384353714063764,0.0022291229182003214,0.00017484252355167015,9.893696510564578e-07,9.939876788739266e-07,9.894052936942899e-07,9.94001805185529e-07,1.030446554750597e-07,1.1734380116157486e-07,1.0295652685954337e-07,1.1723433491971852e-07,1.459418363936038e-09,6.606644919007549e-10,1.5268925679379208e-08,1.20906112520166e-08,1.6759480914174674e-08,1.273088175022693e-08
0.008386197441723198,0.002670972504480575,0.0008415527249141519,9.894600083306198e-07,9.94006394179476e-07,9.895037048374593e-07,9.94021547739976e-07,1.0307083317966575e-07,1.1733605731478747e-07,1.0298268328146275e-07,1.1722657689006155e-07,2.3812810408408832e-09,4.025560718101673e-10,1.951069637626058e-08,8.07504907385237e-09,2.1878539917673783e-08,8.483725721930568e-09
0.008386200352106243,0.002671669978176361,0.0008400858232235537,9.894601509624654e-07,9.940064160759269e-07,9.895038601825945e-07,9.94021571570314e-07,1.0307087450200925e-07,1.1733612132522525e-07,1.0298272457021085e-07,1.172266408781024e-07,2.3827362305439692e-09,4.0268838445450347e-10,1.9517392146894963e-08,8.083342021653565e-09,2.1886620515942923e-08,8.492157506926723e-09
0.008388044079765677,-0.0003881028633484825,-8.919639777035804e-05,9.895021424070958e-07,9.94020287477628e-07,9.895518550132327e-07,9.94036668089393e-07,1.0311274233299162e-07,1.1737667193756351e-07,1.0302457821832364e-07,1.1726717730198288e-07,4.363905380943893e-09,4.865084446414869e-10,1.3148325478054712e-08,1.3336924453710708e-08,1.7507969785250153e-08,1.3833693301990024e-08
0.008388047717744485,-0.0003941402998945062,-8.988160309037757e-05,9.895022252631428e-07,9.940202683294884e-07,9.895519497149508e-07,9.940366405520142e-07,1.0311282494512852e-07,1.173766092368546e-07,1.0302466080247541e-07,1.1726711460127396e-07,4.367814554484539e-09,4.86155490027896e-10,1.3135758258897567e-08,1.3329829176214016e-08,1.74993299850712e-08,1.3826184962059747e-08
0.008389891445403919,-0.002674284524577414,-0.0004371436592762734,9.894455689147813e-07,9.94010564052274e-07,9.894878431444764e-07,9.940226846083533e-07,1.0312202962748203e-07,1.173448325175741e-07,1.0303385130195934e-07,1.1723533788199347e-07,3.343635672481211e-10,3.072780918600415e-10,1.8931196994959713e-08,9.733942540890439e-09,1.9284311489586396e-08,1.0020958285394954e-08
0.008389895083382726,-0.0026787836252575303,-0.00043316272184863074,9.894454571224603e-07,9.940106057883566e-07,9.89487716651638e-07,9.940227172949983e-07,1.0312204778983869e-07,1.173447794297612e-07,1.0303386943633086e-07,1.1723528479418057e-07,3.2640490310598125e-10,3.072959500969211e-10,1.894263235158178e-08,9.734823371461495e-09,1.928783355253927e-08,1.0021933511596441e-08
0.00839173881104216,-3.113576757211335e-05,0.0015843763664806776,9.893955706457606e-07,9.940317576350975e-07,9.894197255619512e-07,9.940392828866607e-07,1.0308490950159678e-07,1.1731787452617937e-07,1.0299670986540227e-07,1.1720837989059874e-07,5.637744777980708e-09,3.1634650454748225e-10,1.5361999448367082e-08,1.0181228304873002e-08,2.0971226673087183e-08,1.0516178150510314e-08
0.008391741721425205,-2.6956370795971907e-05,0.00158372766129617,9.893954918983626e-07,9.940318378503833e-07,9.894196182358428e-07,9.9403938120075e-07,1.0308485087762165e-07,1.1731799429061533e-07,1.0299665120783175e-07,1.172084996550347e-07,5.646128897751623e-09,3.1663320166356476e-10,1.5356347304873452e-08,1.0185228962120832e-08,2.097388396293809e-08,1.052042534150893e-08
0.008393589087063447,0.003529333332714657,0.0011719620454299763,9.894601936068787e-07,9.940827545030896e-07,9.894953336697654e-07,9.941017860688852e-07,1.030713505656422e-07,1.1739401476634386e-07,1.0298312957957023e-07,1.1728452013076323e-07,6.147245490417674e-10,4.986141960969161e-10,1.4298926487299468e-08,1.2724646150181176e-08,1.4938247971940655e-08,1.3216329827880971e-08
0.008393589814659208,0.003528802792646191,0.0011717998691338494,9.894602351644231e-07,9.94082774556911e-07,9.894953833266e-07,9.941018106474075e-07,1.0307137127744522e-07,1.1739404470745285e-07,1.0298315028577623e-07,1.1728455007187222e-07,6.162697838365544e-10,4.986858703759367e-10,1.4300846674471834e-08,1.2725646314493133e-08,1.494170046663095e-08,1.3217391625630626e-08
0.008395436452701688,0.002182292098879657,-0.0008488716635087806,9.89565708212487e-07,9.940887231696855e-07,9.896214123727987e-07,9.941074927504824e-07,1.0312393783351581e-07,1.1742716426574999e-07,1.0303570263658912e-07,1.1731764121965399e-07,4.538075693005794e-09,2.0744092384279675e-10,1.9174281717937447e-08,9.367605077528305e-09,2.3704131990598398e-08,9.56994667380943e-09
0.00839543718029745,0.0021805639031433123,-0.0008496678303853145,9.895657080429225e-07,9.940887255135046e-07,9.896214095518965e-07,9.941074949892936e-07,1.0312395347161273e-07,1.1742717731522134e-07,1.0303571827188752e-07,1.1731765425793128e-07,4.537841552698109e-09,2.073261701207585e-10,1.9171626530415146e-08,9.366281972233992e-09,2.3701242635307992e-08,9.568509540258674e-09
0.008397283818339929,-0.0022055968756986566,-4.6161796509920703e-05,9.89565277688048e-07,9.940721886290946e-07,9.896142501020222e-07,9.940760161382592e-07,1.0316364296159009e-07,1.1735197468102659e-07,1.0307540065923604e-07,1.1724244452110769e-07,3.943593451793959e-09,5.41186223843314e-10,1.243276059881282e-08,1.1708546959949014e-08,1.636805890825599e-08,1.2261762474046045e-08
0.00839728454593569,-0.002205682600607888,-4.5845206268047e-05,9.895652440087367e-07,9.940721821133796e-07,9.896142107437196e-07,9.940760037352447e-07,1.0316363561549052e-07,1.1735194505035906e-07,1.0307539330474092e-07,1.1724241488764164e-07,3.942581390150331e-09,5.413177683877279e-10,1.243485552450738e-08,1.1709469838194764e-08,1.6369151965194984e-08,1.2262823645414755e-08
0.00839913118397817,-0.0024232524202370126,0.0016173662790885158,9.894797659167088e-07,9.94101214520812e-07,9.89514319371665e-07,9.941144147520303e-07,1.0314499121477638e-07,1.1735573785416148e-07,1.0305672759614026e-07,1.172462147940729e-07,1.3739689386227383e-09,2.3197834772759263e-10,1.7751776937302566e-08,1.1426995625603816e-08,1.9143330476367737e-08,1.1647698698768109e-08
0.008399131911573932,-0.002421695486541247,0.0016180216027628092,9.89479759416003e-07,9.94101225959901e-07,9.89514311043287e-07,9.941144298863946e-07,1.0314498030336982e-07,1.1735573934856802e-07,1.0305671667633815e-07,1.1724621629127796e-07,1.3763997446059156e-09,2.3185646458312448e-10,1.7750545587590423e-08,1.1426884327647713e-08,1.914451600460889e-08,1.1647456332752881e-08
0.008400978549616411,0.0015298022333110062,0.0008683280421670363,9.894632606249607e-07,9.941471343835747e-07,9.894931736198487e-07,9.941669325188056e-07,1.031172871535091e-07,1.1743658147006449e-07,1.030290022185909e-07,1.1732704420751675e-07,7.545785329909904e-09,3.4639940853917595e-10,1.4625380018173928e-08,1.0247172302061583e-08,2.2153386680656695e-08,1.059993843520157e-08
0.008400979277212173,0.0015305576809819294,0.0008680326546333106,9.894632968423938e-07,9.94147152472e-07,9.894932137393472e-07,9.94166953205422e-07,1.0311728826172068e-07,1.1743661332275224e-07,1.0302900331280993e-07,1.1732707605460746e-07,7.542877793094113e-09,3.464445397227678e-10,1.4625293744531109e-08,1.0246707482508555e-08,2.2150403577242064e-08,1.0599525701593393e-08
0.008402825915254653,0.0034478838697848957,-0.0003616822103091723,9.895552166876088e-07,9.941564939845799e-07,9.895950370264472e-07,9.94168998762529e-07,1.031201009027427e-07,1.1742491529304703e-07,1.0303178044068773e-07,1.1731536381964457e-07,1.6354935461482256e-10,8.175924300189937e-10,1.4406331239058545e-08,1.1687173881682275e-08,1.457928711090517e-08,1.2503419988403357e-08
0.008402826642850414,0.003447168001556508,-0.00036216673153255385,9.89555253636219e-07,9.94156497665239e-07,9.895950795190858e-07,9.94168999568501e-07,1.0312011865931482e-07,1.1742491068389427e-07,1.030317981916628e-07,1.1731535920489478e-07,1.6650476316301185e-10,8.177780674856194e-10,1.4406647815021836e-08,1.168774144133522e-08,1.4582555662060692e-08,1.250417014375671e-08
0.008404673280892894,0.0016302944379086859,7.972289332587807e-06,9.896490292087139e-07,9.941499623621567e-07,9.89702925835445e-07,9.941651372596031e-07,1.0316518483932668e-07,1.1741006493406795e-07,1.0307685016641699e-07,1.1730048505573833e-07,7.667331658467447e-09,6.295606450308593e-11,1.5210117609854024e-08,1.0128358185741671e-08,2.2878138494775158e-08,1.0188415104060262e-08
0.008404674736084417,0.0016274760458609282,8.263967048005583e-06,9.89649024570014e-07,9.941499572121936e-07,9.897029174208288e-07,9.941651342160185e-07,1.031652179047406e-07,1.1741005323528952e-07,1.0307688320945161e-07,1.173004733345806e-07,7.664171027655257e-09,6.236124810987675e-11,1.5208611001192923e-08,1.0127129357329068e-08,2.287346019468313e-08,1.0186590237992732e-08
0.008406521374126896,-0.0019490634627435943,0.00020897719475968204,9.896431380599337e-07,9.941539703305123e-07,9.896922392726992e-07,9.941661569945719e-07,1.032071779150101e-07,1.1743045908795684e-07,1.0311881482039098e-07,1.1732087208461908e-07,3.6533305269870198e-09,1.1450385803494072e-09,1.329672461025666e-08,1.1880868743416269e-08,1.69366973779006e-08,1.3036259039828392e-08
0.008406522101722658,-0.001949426757973493,0.0002090562779857308,9.896431029859363e-07,9.941539719117252e-07,9.896921984367811e-07,9.94166157397558e-07,1.0320717225361603e-07,1.1743046712808791e-07,1.0311880915339988e-07,1.1732088012195163e-07,3.6532169380972926e-09,1.1454651671627403e-09,1.3297087616017947e-08,1.1881559736082181e-08,1.6936960019150646e-08,1.3037381840774742e-08
0.008408368739765137,-0.0028714700514560487,0.0009436241911664775,9.895540851802124e-07,9.94175268437147e-07,9.895885568766971e-07,9.941843329688423e-07,1.0319280363546568e-07,1.1739540105520787e-07,1.0310442632999184e-07,1.1728580694923906e-07,3.3649283359693527e-09,4.865344245159066e-10,1.4218396238163677e-08,1.0594599717213589e-08,1.7603543511768294e-08,1.1064413815599722e-08
0.00840837019495666,-0.002868108979031794,0.0009442030468900242,9.89554063725187e-07,9.941752852192788e-07,9.895885286787808e-07,9.941843472915934e-07,1.0319276612776095e-07,1.1739537342236872e-07,1.0310438881669228e-07,1.1728577931080508e-07,3.369178250475408e-09,4.860151725516459e-10,1.4218104439382564e-08,1.0593585564322439e-08,1.7607471305291792e-08,1.1062859073263098e-08
0.00841021683299914,0.0013970919273476046,0.0021275840227516062,9.89526837297857e-07,9.942320186181206e-07,9.895527455228148e-07,9.942487823404614e-07,1.0314516885046032e-07,1.174215395070281e-07,1.0305678443955912e-07,1.1731193119020677e-07,8.762319758659487e-09,5.573711228454842e-10,1.3847811786149578e-08,1.0113090947403923e-08,2.259184128661218e-08,1.0686077042717051e-08
0.008410217560594901,0.0013983434929307529,0.0021280502879115204,9.895268807492128e-07,9.942320409717057e-07,9.89552793881139e-07,9.942488077285816e-07,1.031451715398324e-07,1.1742154981675412e-07,1.0305678712053565e-07,1.1731194149433577e-07,8.758931574348455e-09,5.573992378771209e-10,1.3847591382873185e-08,1.0112901627223891e-08,2.2588242424735868e-08,1.0685928586440241e-08
0.008412064198637381,0.004574816942961107,2.9694846211037254e-05,9.896371602902743e-07,9.942718561791218e-07,9.896755273075541e-07,9.942936786701895e-07,1.0315199716615098e-07,1.1750666260915865e-07,1.030635914389677e-07,1.1739704008707523e-07,1.5971979294704397e-10,1.6470658932095953e-09,1.3288207867390156e-08,1.1685880174638897e-08,1.3454330982654028e-08,1.3326134435662808e-08
0.008412065653828904,0.004572164581079077,2.8041295823566514e-05,9.896372444168506e-07,9.942718875543836e-07,9.896756288200534e-07,9.942937140294816e-07,1.031520506918388e-07,1.1750672967991704e-07,1.0306364495346587e-07,1.1739710714664398e-07,1.6802362650831427e-10,1.6479245745770754e-09,1.328799778661848e-08,1.168711971644143e-08,1.3462430056471579e-08,1.3328214976127128e-08
0.008413912291871384,0.0012063173527833149,-0.0018185428960375996,9.897440010420426e-07,9.942388100350146e-07,9.898044481815305e-07,9.942545075182656e-07,1.0321997478968115e-07,1.1747260865095298e-07,1.0313155485164316e-07,1.1736294350190684e-07,1.0705588415760303e-08,3.2978740761396795e-11,1.3021405287361176e-08,1.0116485214110494e-08,2.3740154730944596e-08,1.0145540308793594e-08
0.008413913019467145,0.0012043673521546798,-0.00181927047058128,9.897439825584407e-07,9.94238797002107e-07,9.89804424996577e-07,9.942544920704677e-07,1.0321998851378611e-07,1.1747259520689113e-07,1.0313156856176106e-07,1.1736293004105391e-07,1.0702271767404522e-08,3.234243428629213e-11,1.3022205963072385e-08,1.011586636678885e-08,2.3737623335029313e-08,1.0144286299862415e-08
0.008415760385105386,-0.0037466842439499715,0.00042944649334704767,9.89697052693408e-07,9.942131382330888e-07,9.897455583995907e-07,9.942176720368314e-07,1.0325483401629754e-07,1.1739015498111655e-07,1.0316637855112276e-07,1.1728048271264939e-07,2.2813015920775115e-09,1.770339917738989e-09,1.5055121593832155e-08,9.866401583050385e-09,1.7310409106130464e-08,1.1643892970723988e-08
0.008415761112701148,-0.0037461689813474822,0.0004303321636754953,9.896970076945097e-07,9.942131281272325e-07,9.897455030779641e-07,9.942176575350459e-07,1.0325481640938423e-07,1.1739012251155145e-07,1.031663609302224e-07,1.1728045024028688e-07,2.282855670815475e-09,1.7710244382129758e-09,1.505373496373882e-08,9.86630332988625e-09,1.731059855039127e-08,1.1644483599582145e-08
0.008417608478339389,-0.002437917233627296,0.0021786717389242864,9.895827554919508e-07,9.942613386896742e-07,9.896050414681667e-07,9.942743649325288e-07,1.032101124565088e-07,1.1742055017823693e-07,1.0312162146419723e-07,1.1731089211223225e-07,6.228661586504813e-09,6.497770841070212e-10,1.1533081156755998e-08,1.0866627077431116e-08,1.77915975285714e-08,1.150924686193825e-08
0.00841760920593515,-0.0024357640092864865,0.0021793603326916156,9.895827598091793e-07,9.942613576776861e-07,9.896050476896119e-07,9.94274387267069e-07,1.0321009742321485e-07,1.1742056216235142e-07,1.0312160642251105e-07,1.1731090410194156e-07,6.229268840209702e-09,6.493354742787005e-10,1.1534596939880562e-08,1.0867021060789739e-08,1.7793699265728417e-08,1.1509193598158163e-08
0.008419456571573392,0.003031272592028067,0.0011555175288190107,9.89593721252183e-07,9.943229576159402e-07,9.8962084393861e-07,9.943464363452337e-07,1.0317192788988905e-07,1.1750259753821912e-07,1.0308341558129541e-07,1.1739292527254937e-07,7.771085996921556e-09,1.0002321394152094e-09,1.5383170293148396e-08,9.832846178925786e-09,2.313000990739056e-08,1.0839273541721665e-08
0.008419457299169153,0.003031630304452536,0.0011551142823424954,9.89593771973864e-07,9.943229818774361e-07,9.896209018114768e-07,9.943464647221845e-07,1.0317194245042031e-07,1.1750262984833171e-07,1.0308343013343443e-07,1.1739295757706714e-07,7.768442831226493e-09,1.0003703421190835e-09,1.538225281672985e-08,9.832438863099924e-09,2.3126462924210946e-08,1.0839009689789236e-08
0.008421304664807394,0.003939862150179385,-0.00044526538578859185,9.897225543216871e-07,9.943360837377397e-07,9.89767841019784e-07,9.943528286786154e-07,1.0320891163928536e-07,1.1750905772843217e-07,1.0312037801440965e-07,1.1739936414927775e-07,1.0574451314582234e-09,1.9952600228628635e-09,1.3052780190037083e-08,1.0013965215754535e-08,1.4120672631179332e-08,1.2004582337811673e-08
0.008421305392403156,0.003938268344369424,-0.0004458957046811207,9.897225821992099e-07,9.94336088897984e-07,9.897678713661133e-07,9.943528311850969e-07,1.0320893337517928e-07,1.1750906026009034e-07,1.0312039974470875e-07,1.1739936667254369e-07,1.0613162097630244e-09,1.995651865982495e-09,1.3052860240439086e-08,1.0014036710970231e-08,1.4124623139691077e-08,1.200504140541625e-08
0.008423152758041397,-0.00010840460712380207,-0.0009739841570518688,9.89793363229304e-07,9.94309854682965e-07,9.898449206957594e-07,9.943261252965028e-07,1.0326412080985392e-07,1.174789522117524e-07,1.031755729741235e-07,1.1736924441894587e-07,1.0889984025652666e-08,8.574025342237979e-11,1.3256108211123774e-08,1.0332610971904775e-08,2.4154964251010824e-08,1.0419555948057851e-08
0.008423153485637158,-0.00010947508603418494,-0.0009741921477774973,9.897933418683612e-07,9.94309844350466e-07,9.898448956757033e-07,9.943261147782323e-07,1.0326412722711784e-07,1.1747894035352147e-07,1.0317557938299518e-07,1.173692325551201e-07,1.0886016179456702e-08,8.498802356315949e-11,1.3256740907119106e-08,1.0332736444240709e-08,2.41516139021411e-08,1.0418931495337347e-08
0.0084250008512754,-0.0028274210394962918,0.00012792837595722696,9.897391064341669e-07,9.94294226802301e-07,9.89781369753473e-07,9.943060080462636e-07,1.0328042066021226e-07,1.1745481511509286e-07,1.0319185150819976e-07,1.173451073166915e-07,8.116546879044506e-10,2.604166242485603e-09,1.4863156039268688e-08,9.550312469489916e-09,1.5645078121906408e-08,1.2158572938611275e-08
0.008425002306466922,-0.002826349694294447,0.00012879652918584839,9.897390439448425e-07,9.942942145001754e-07,9.897812952751668e-07,9.943059922079556e-07,1.0328040066430881e-07,1.1745479611136034e-07,1.0319183150670149e-07,1.1734508831295898e-07,8.171506010341189e-10,2.606150628636783e-09,1.4860622180931189e-08,9.549696144972586e-09,1.5648094294694752e-08,1.2159943274525631e-08
0.008426848944509402,-0.0014668126331534026,0.001988934037526156,9.896597449922103e-07,9.94333348387021e-07,9.896867823044886e-07,9.94342116155883e-07,1.0325502586283619e-07,1.1743181395345131e-07,1.0316644960539634e-07,1.1732210615504995e-07,7.791464362583156e-09,5.252989841009454e-10,1.1645155950645858e-08,1.0451788441897195e-08,1.9475617563102787e-08,1.0968269220602157e-08
0.008426850399700925,-0.001463666105607558,0.0019903998669259515,9.896597604760007e-07,9.943333792253872e-07,9.896867980533146e-07,9.94342144622351e-07,1.0325499805072265e-07,1.1743179584300378e-07,1.0316642177091231e-07,1.1732208804460242e-07,7.7897001176172e-09,5.23659227091855e-10,1.1647759337564643e-08,1.0452499310531493e-08,1.947639689230355e-08,1.0967330155153832e-08
0.008428697765339166,0.0025308506138420617,0.002146160450542166,9.896794171480338e-07,9.944097977526047e-07,9.897067911879276e-07,9.944340810643625e-07,1.0321969057258684e-07,1.1751062083013623e-07,1.0313108589343756e-07,1.1740092013436482e-07,5.549991133335652e-09,2.032202005231895e-09,1.4952759030961715e-08,8.91502141680182e-09,2.0465755312670808e-08,1.0956068935375629e-08
0.008428698492934927,0.0025314671042723394,0.002146221797759029,9.896794653700754e-07,9.944098278504886e-07,9.89706845838175e-07,9.944341172740678e-07,1.0321970223499891e-07,1.1751065187581844e-07,1.0313109754745739e-07,1.1740095118284444e-07,5.5486667774875685e-09,2.032796153628169e-09,1.495230825208992e-08,8.914415872141035e-09,2.0464005795604156e-08,1.0956064500078355e-08
0.008430545858573169,0.0040967363067476725,-0.0007715466231262361,9.89801901133491e-07,9.944351806681833e-07,9.898456028167857e-07,9.944603582632474e-07,1.0324931309924068e-07,1.1759773844867464e-07,1.0316068710380932e-07,1.1748799515669222e-07,2.18612727920231e-09,2.6789951555840263e-09,1.3807780696595273e-08,8.698655444469958e-09,1.6021981963376675e-08,1.136970797155846e-08
0.008430547313764691,0.004093481406593045,-0.000773844983442018,9.898019601869378e-07,9.944352006388945e-07,9.89845670644116e-07,9.944603789335815e-07,1.0324936685553172e-07,1.1759780704778677e-07,1.0316074084891511e-07,1.1748806372224863e-07,2.192052889984896e-09,2.6795041740967918e-09,1.3806990795240052e-08,8.69848548745722e-09,1.6027085585479856e-08,1.1370033803359547e-08
0.008432394679402933,-3.861433970686612e-05,-0.0021860720888858937,9.89876928537715e-07,9.943805098726755e-07,9.899317774397787e-07,9.943923073281862e-07,1.0331761046700194e-07,1.1750877558142299e-07,1.0322897026071587e-07,1.1739901094799501e-07,9.714615778477764e-09,4.03073155495748e-10,1.2804211024786127e-08,1.0714873298334379e-08,2.2506133845467957e-08,1.1125890665107564e-08
0.008432395406998694,-4.004941839770774e-05,-0.0021866283027911493,9.898769014542102e-07,9.943804883323972e-07,9.899317453031056e-07,9.943922805177863e-07,1.0331761443093524e-07,1.1750874051585924e-07,1.032289742106621e-07,1.1739897587403902e-07,9.710845206554396e-09,4.021765698247748e-10,1.2805515188212549e-08,1.071566746446706e-08,2.2503671116934167e-08,1.112579450790463e-08
0.008434242772636935,-0.003683714214444578,0.0009897796440378826,9.898081364355582e-07,9.943584243843528e-07,9.898501502902946e-07,9.94364903555049e-07,1.0332767885756766e-07,1.1742178174002827e-07,1.032390031241448e-07,1.1731203129787752e-07,1.3736309312228911e-10,4.3925254733962305e-09,1.6116786127895466e-08,7.10299998275783e-09,1.6250803369644018e-08,1.1487178758340413e-08
0.008434244227828458,-0.0036816283908234445,0.0009922817377336912,9.89808067788506e-07,9.943584070043228e-07,9.898500667141383e-07,9.943648819898954e-07,1.0332764440701078e-07,1.1742171324158335e-07,1.0323896866240267e-07,1.1731196281061784e-07,1.4339540374339761e-10,4.395668717904755e-09,1.6114184502652886e-08,7.100154242323242e-09,1.625424886015898e-08,1.148746342494178e-08
0.008436091593466699,-0.0010336753037949384,0.003111767097615669,9.89720920355524e-07,9.94434254634855e-07,9.897439667838626e-07,9.944480352543085e-07,1.0328390942504484e-07,1.1748289251749252e-07,1.0319521948076726e-07,1.1737313498669228e-07,7.801413737240637e-09,3.7357684150653314e-10,1.2811421257197253e-08,9.601639014410665e-09,2.062829906890329e-08,9.980902456174302e-09
0.008436093048658222,-0.0010302189534972766,0.003113436641026368,9.897209541733375e-07,9.944343143809208e-07,9.897440069612653e-07,9.944481007551076e-07,1.0328389651167863e-07,1.174829407091238e-07,1.0319520655062319e-07,1.1737318317273093e-07,7.797571727666887e-09,3.7040859268699933e-10,1.2813788687162644e-08,9.603609463226803e-09,2.0626795394373522e-08,9.979715720476179e-09
0.008437940414296463,0.0033576177493843673,0.0014068208851788708,9.897638858875298e-07,9.94517795230692e-07,9.897950121739996e-07,9.945447721048556e-07,1.0326750299327614e-07,1.1758659119641612e-07,1.0317879173271649e-07,1.1747682656018853e-07,2.920140573792196e-09,3.89309188148892e-09,1.5819241028225406e-08,9.84669892975054e-09,1.87178805788335e-08,1.3746010313654839e-08
0.008437941869487986,0.0033573819689128774,0.00140547656398482,9.89763979247909e-07,9.94517860989534e-07,9.897951214314799e-07,9.945448482540087e-07,1.0326753860150596e-07,1.1758667284311741e-07,1.0317882733535369e-07,1.1747690820129719e-07,2.9203071493653305e-09,3.8958667403221625e-09,1.5818855444841565e-08,9.846890414166865e-09,1.87176944926964e-08,1.3748977067962187e-08
0.008439789235126227,0.003058058660356657,-0.0011670141060868694,9.898825002493634e-07,9.945222288283753e-07,9.899338238028577e-07,9.945454162407875e-07,1.0331274324926198e-07,1.1760853323426564e-07,1.0322402488327498e-07,1.1749874019310649e-07,3.131774839459922e-09,3.0039038528459297e-09,1.5329357339055605e-08,6.519773848091766e-09,1.8481458141650364e-08,9.504466893870395e-09
0.00843979069031775,0.003054821086231062,-0.0011690404870794424,9.898825293936394e-07,9.94522232268973e-07,9.899338536003523e-07,9.945454166881973e-07,1.0331278304077372e-07,1.1760855045395147e-07,1.0322406465800884e-07,1.1749875739042182e-07,3.1343622374194574e-09,3.0032012432457122e-09,1.5327693732289594e-08,6.51715303945366e-09,1.848235197001732e-08,9.501123443556025e-09
0.008441638055955991,-0.0010552792662124055,-0.002031474412339087,9.899195280519766e-07,9.94463094506409e-07,9.89971681519819e-07,9.944749863276288e-07,1.0336329836491132e-07,1.1752959319186653e-07,1.0327455868264224e-07,1.1741977882883267e-07,6.419063947049608e-09,1.244778074660397e-09,1.3215744942840502e-08,1.1343531944188933e-08,1.961706708186739e-08,1.2617126423793927e-08
0.008441639511147514,-0.001056693594666676,-0.002032153761630351,9.899194711909088e-07,9.944630479229015e-07,9.899716141398987e-07,9.944749308488099e-07,1.0336329666475396e-07,1.1752953099630759e-07,1.0327455697689226e-07,1.1741971661649586e-07,6.414125168182781e-09,1.2433929441613145e-09,1.3218834430752143e-08,1.1347333739308851e-08,1.9615239008646146e-08,1.2619580935790964e-08
0.008443486876785755,-0.0028521835673629425,0.0007217521582088258,9.898472860651943e-07,9.944388800885623e-07,9.898860753310146e-07,9.944464179125153e-07,1.033611383149946e-07,1.1745478393622035e-07,1.0327239152729817e-07,1.1734497665624336e-07,1.4434539674645919e-10,5.898319271106605e-09,1.7140939334581162e-08,6.75143810078613e-09,1.7294500054276796e-08,1.2621899919311195e-08
0.008443488331977278,-0.00284986905213173,0.0007239214421157492,9.89847245846967e-07,9.944388610512766e-07,9.898860271897168e-07,9.944463954525418e-07,1.0336111539083346e-07,1.1745472505708676e-07,1.0327236859195178e-07,1.173449177827024e-07,1.4900734707287217e-10,5.9019860110254285e-09,1.713847013495831e-08,6.747817860031091e-09,1.729668630702981e-08,1.262190174600164e-08
0.00844533569761552,8.840803389251195e-05,0.0035498391516262276,9.897961888074434e-07,9.94517854158461e-07,9.898249118123204e-07,9.945294351195993e-07,1.033320131682558e-07,1.174964152866491e-07,1.0324325216970465e-07,1.1738660801226473e-07,6.067353286454136e-09,1.5722839620401708e-10,1.4003821213748324e-08,8.647293001551617e-09,2.0072134176984946e-08,8.818679137408965e-09
0.008445337152807042,9.063402943979954e-05,0.0035520651600622344,9.897962325513214e-07,9.945179163822555e-07,9.898249619025086e-07,9.945295005309163e-07,1.0333201041776779e-07,1.174964481265306e-07,1.0324324941362621e-07,1.1738664085214623e-07,6.063259120980667e-09,1.5270318343141298e-10,1.4005566969312212e-08,8.648789240339738e-09,2.0069776083545925e-08,8.81568329447191e-09
0.008447185246041045,0.002917648374495041,0.0017412415738488687,9.898517872764152e-07,9.946157284503842e-07,9.898885764414445e-07,9.94645301827493e-07,1.0332851729799586e-07,1.176352690503279e-07,1.0323974919401735e-07,1.1752544757068144e-07,8.636689696750466e-10,5.91923033689298e-09,1.6222676535448954e-08,9.256923613143475e-09,1.7074997415988946e-08,1.5183469917798965e-08
0.008447185973636806,0.0029172079530847546,0.0017405286511771312,9.898518215911842e-07,9.946157669590725e-07,9.898886163504013e-07,9.946453474185546e-07,1.0332853495670258e-07,1.176353237042349e-07,1.0323976685272407e-07,1.1752550221899583e-07,8.646328842456669e-10,5.92150062317387e-09,1.6222914687506827e-08,9.257163036124894e-09,1.7076212542637074e-08,1.5185976920406574e-08
0.008449034066870809,0.0017985375709570484,-0.0021918809602071085,9.899389811045451e-07,9.946073969355423e-07,9.899899851006921e-07,9.946340968509776e-07,1.0337338807175911e-07,1.1767553169858725e-07,1.032846199677806e-07,1.1756567470019293e-07,3.3129758936212284e-09,2.93414665671821e-09,1.682782091450008e-08,5.84141232441922e-09,2.016263422888187e-08,8.746067517950111e-09
0.00844903479446657,0.0017974160737929045,-0.0021934291529674965,9.899389865422383e-07,9.946073936402574e-07,9.899899891721216e-07,9.946340924216202e-07,1.0337340287263553e-07,1.1767554752850629e-07,1.0328463475747178e-07,1.1756569051613042e-07,3.313053146705564e-09,2.932970533109369e-09,1.6827096685917076e-08,5.840067540674454e-09,2.0161968565546494e-08,8.74353212054757e-09
0.008450882887700573,-0.0010511867231322025,-0.002387509398936572,9.899527982826912e-07,9.945227308005866e-07,9.900003306029248e-07,9.945271972767295e-07,1.0341099709876289e-07,1.1752665684814623e-07,1.0332220057307495e-07,1.1741677143642261e-07,3.5092759809174368e-09,2.436043849375407e-09,1.4987556085088727e-08,9.399588093797827e-09,1.8471183693691273e-08,1.1876187846419474e-08
0.008450884342892095,-0.001051813292328508,-0.002387662218027886,9.899527561004304e-07,9.945226641369333e-07,9.900002817649914e-07,9.945271131073241e-07,1.034109937389188e-07,1.1752653961139004e-07,1.033221971964596e-07,1.1741665417730474e-07,3.506931473385009e-09,2.435652568522073e-09,1.498985234984937e-08,9.4023908658869e-09,1.847117390066816e-08,1.1878654504471342e-08
0.008452732436126098,-0.0018475561716362887,0.001751668468886627,9.89899184629121e-07,9.945109404970813e-07,9.899382575895288e-07,9.945160898239405e-07,1.0340672673692097e-07,1.174479632041263e-07,1.0331790889495096e-07,1.17338077770041e-07,5.294069072014906e-10,6.649973840555713e-09,1.79061085958665e-08,7.293629918312492e-09,1.8458736761317596e-08,1.3908478142341989e-08
0.00845273316372186,-0.0018467776260947622,0.0017532981266373815,9.898991721375524e-07,9.945109358814751e-07,9.899382432276733e-07,9.945160854840651e-07,1.034067200173846e-07,1.174479322685329e-07,1.0331790216702565e-07,1.173380468344476e-07,5.310024815672001e-10,6.651633022158876e-09,1.7905292513346383e-08,7.2927996974669895e-09,1.84595024557038e-08,1.3909277285506505e-08
0.008454581256955862,0.00013072804938296656,0.0036429753363328658,9.898674435531856e-07,9.94610691544655e-07,9.899017641146202e-07,9.94627865316767e-07,1.0338965239498066e-07,1.1756835260278434e-07,1.0330081323672857e-07,1.1745846716869904e-07,4.583761370469119e-09,1.1220422966920356e-10,1.583244291225583e-08,6.641680308271986e-09,2.0404366196657975e-08,6.765917462798775e-09
0.008454582712147385,0.00013263743042646046,0.0036444632711436498,9.898674826727996e-07,9.946107700924213e-07,9.899018037395368e-07,9.946279533323832e-07,1.033896515228747e-07,1.1756844742194517e-07,1.0330081234785135e-07,1.1745856198785987e-07,4.580433733566314e-09,1.0705507313968354e-10,1.5833540119378607e-08,6.641167615839549e-09,2.040214248859703e-08,6.760292770024989e-09
0.008456430805381387,0.002557551355663712,0.0008159402720218077,9.899171645825952e-07,9.946931613480849e-07,9.899521273837308e-07,9.947195128294945e-07,1.0338854394831287e-07,1.1768785247951493e-07,1.0329968347377871e-07,1.1757794574591882e-07,3.5433486700320316e-10,7.379584628170892e-09,1.7226993165309068e-08,8.825550483625251e-09,1.7578033251197667e-08,1.6223787005150985e-08
0.00845643226057291,0.0025573452151410577,0.0008137130885579325,9.899172352044674e-07,9.946932262230894e-07,9.899522091380736e-07,9.947195849235868e-07,1.0338857386825561e-07,1.176879464992453e-07,1.0329971339372145e-07,1.1757803974887793e-07,3.565262890841561e-10,7.385311029395325e-09,1.72268480588977e-08,8.827270470135318e-09,1.75800938321194e-08,1.6231238575414864e-08
0.008458280353806913,0.0022955467513702255,-0.00207922814115159,9.900069249822232e-07,9.946698172761093e-07,9.900560371534084e-07,9.946926517466597e-07,1.0342657219553075e-07,1.1767232781357478e-07,1.033377117209966e-07,1.1756239265268322e-07,3.139632331894404e-09,2.084886713750104e-09,1.7042562916458337e-08,6.452597670139042e-09,2.0197031602720017e-08,8.494423369254932e-09
0.008458281081402674,0.0022941940264999978,-0.002080367094391633,9.900069333675235e-07,9.946698080599885e-07,9.900560465005953e-07,9.946926411430468e-07,1.0342659052932227e-07,1.1767232166448593e-07,1.0333773004640247e-07,1.1756238649240913e-07,3.1393188354848744e-09,2.0827999325234714e-09,1.704235981919383e-08,6.451662759587862e-09,2.0196502943690708e-08,8.491377379016285e-09
0.008460129902232438,-0.001143079868748953,-0.0019219558969163447,9.900282404153053e-07,9.94595813431444e-07,9.900797977024922e-07,9.946010455988892e-07,1.0347317669356926e-07,1.1756608049284294e-07,1.0338429490275303e-07,1.1745613111550184e-07,2.3427244588702933e-09,3.720524852796421e-09,1.6526289670082406e-08,7.362839461472147e-09,1.88531803502201e-08,1.113326266600111e-08
0.0084601306298282,-0.0011435848584060205,-0.001921893554847287,9.900282144412757e-07,9.94595784311165e-07,9.900797646071893e-07,9.946010095518432e-07,1.0347317317719333e-07,1.1756603868207094e-07,1.0338429138078667e-07,1.1745608929913942e-07,2.342110226584314e-09,3.7211693726391104e-09,1.6527085192834896e-08,7.363198051280051e-09,1.8853371561546967e-08,1.1134302368986937e-08
0.008461979450657964,-0.0024267635770145457,0.0015565104426126337,9.899622144320605e-07,9.945890543407979e-07,9.899956694425782e-07,9.94591918182696e-07,1.034642380659534e-07,1.1748980613124568e-07,1.0337534206428245e-07,1.1737987095357844e-07,7.813459879102425e-10,6.23411147802636e-09,1.8548508506910366e-08,8.430839080627691e-09,1.9339239543114672e-08,1.4628199875992632e-08
0.008461980178253725,-0.00242530002548232,0.001557879354063818,9.899622062509894e-07,9.94589051692246e-07,9.899956586896237e-07,9.945919146048254e-07,1.0346422543067421e-07,1.1748977613024181e-07,1.0337532942621464e-07,1.17379840958165e-07,7.824350429294413e-10,6.2351004359584294e-09,1.8547141145775878e-08,8.431259246322043e-09,1.933895659066374e-08,1.4629574884850172e-08
0.00846382972667925,0.0012950479694362796,0.004063961891074219,9.899414099682597e-07,9.946930303684808e-07,9.899683246794595e-07,9.947083299266524e-07,1.0343210655099202e-07,1.175916182205583e-07,1.0334320345783686e-07,1.1748170436476357e-07,3.550812901732925e-09,3.429439232593978e-10,1.5071309141907197e-08,6.289440523943313e-09,1.861969146038932e-08,6.642643768373091e-09
0.008463833364658058,0.0013023657270974098,0.004057766992056881,9.899413690629041e-07,9.946932114829683e-07,9.899682709146873e-07,9.94708535654211e-07,1.034320433745961e-07,1.1759192618297338e-07,1.033431402674978e-07,1.1748201227127442e-07,3.556258176828919e-09,3.578150059772125e-10,1.5064472336234758e-08,6.292962989067338e-09,1.861827669813465e-08,6.661054854474e-09
0.008465679275104776,0.0032828482231355375,0.0009144752306595727,9.900260800557494e-07,9.947851089738816e-07,9.900675512328963e-07,9.948129218173563e-07,1.0345007693525364e-07,1.1774818631238304e-07,1.0336115255380143e-07,1.1763824403487888e-07,2.0967158712325568e-10,7.903402376996382e-09,2.0054682294926395e-08,8.08026179299759e-09,2.0265145708036806e-08,1.6002839942075298e-08
0.008465682913083583,0.0032867514208021475,0.0009070719645991479,9.900262470068587e-07,9.94785038529855e-07,9.900677468976937e-07,9.948128386645767e-07,1.0345011247636648e-07,1.177481214889797e-07,1.0336118805298611e-07,1.1763817914162273e-07,2.0307602821567627e-10,7.89033435958061e-09,2.0064517158857598e-08,8.079995798753874e-09,2.0268391409672404e-08,1.5989395948920147e-08
0.008467529551126063,0.0002980449906970074,-0.0028508258876724923,9.900923582383338e-07,9.947492811419868e-07,9.901434566964702e-07,9.947706303137238e-07,1.0350067317125775e-07,1.1771521712944377e-07,1.0341173455938436e-07,1.1760523932480282e-07,3.2807137722003074e-09,1.2570087193353174e-09,1.5162642891231404e-08,7.944977120644126e-09,1.8440734378447922e-08,9.165225023366474e-09
0.008467532461509109,0.0002933346574738316,-0.0028486376716842336,9.90092462432552e-07,9.947491556741945e-07,9.90143576018454e-07,9.947704707406958e-07,1.0350075285714411e-07,1.1771498055393243e-07,1.0341181422290902e-07,1.1760500274929148e-07,3.2855642650986283e-09,1.262352158637677e-09,1.515491732106966e-08,7.944178422531495e-09,1.8437853910313606e-08,9.16989206763304e-09
0.008469379099551588,-0.0016431854869184905,-0.001460214627133971,9.90067479213465e-07,9.946695463600214e-07,9.90107026460424e-07,9.946692216544761e-07,1.0351625378577291e-07,1.1756487339198429e-07,1.0342727968030525e-07,1.1745489558734334e-07,1.5801395494100758e-09,4.652764395984832e-09,1.818491789252349e-08,7.437404470067577e-09,1.9771128864169066e-08,1.2131131654768978e-08
0.008469382009934634,-0.0016462375281232067,-0.0014542733039115488,9.90067439838809e-07,9.946695712519936e-07,9.901069688567077e-07,9.946692524241632e-07,1.0351627821592047e-07,1.1756482239614766e-07,1.0342730405454859e-07,1.1745484456914503e-07,1.5774517247990616e-09,4.653788790646071e-09,1.8189693307135713e-08,7.437045248367198e-09,1.9773230164332745e-08,1.2131671563825334e-08
0.008471228647977114,-0.0002965051371983248,0.002315496280715479,9.900316135166622e-07,9.946853652083791e-07,9.900631720195322e-07,9.946887757905643e-07,1.0350383270924255e-07,1.1753246553780627e-07,1.0341484436495707e-07,1.1742247352231061e-07,1.4361273011450302e-09,5.3037672032019145e-09,1.8534942654139274e-08,7.2091190794765225e-09,1.9962650066825022e-08,1.2474243860083334e-08
0.00847123228595592,-0.0002938460899348794,0.002317548455700821,9.900315429368313e-07,9.946855716538087e-07,9.900630857373471e-07,9.94689012284222e-07,1.0350380819090788e-07,1.1753273452698901e-07,1.0341481981868128e-07,1.174227424975228e-07,1.4358488842347583e-09,5.294896993178175e-09,1.8535622814397357e-08,7.210741135834761e-09,1.9963023234481625e-08,1.2467130186602065e-08
0.0084730789239984,0.0011357666271050804,0.00335923247826031,9.900471317689643e-07,9.947903633538796e-07,9.900838576911345e-07,9.948090564648737e-07,1.0350167991695427e-07,1.1766927343614952e-07,1.0341267026198813e-07,1.175592743152265e-07,3.170207373475041e-09,7.923783851282451e-10,1.3791854471661616e-08,8.034096943276836e-09,1.6963222870429525e-08,8.85622952750964e-09
0.008473081834381446,0.0011380197598348518,0.0033542939322556745,9.900471563376517e-07,9.947904675461449e-07,9.900838904286502e-07,9.94809166484394e-07,1.035016765627006e-07,1.1766945305643355e-07,1.0341266687419193e-07,1.17559453901968e-07,3.1729407989899983e-09,8.040792605572272e-10,1.3784378083414595e-08,8.033372263759463e-09,1.695849505267688e-08,8.867139111786778e-09
0.008474928472423926,0.0017529432116714268,0.00022078649231449532,9.901005643304625e-07,9.948565775383834e-07,9.901376720369951e-07,9.948789738700725e-07,1.0351366821614353e-07,1.1778342212664938e-07,1.0342463725326447e-07,1.1767340168944429e-07,2.3710763000840975e-10,8.228284720246393e-09,2.0289738385766393e-08,7.573563109986026e-09,2.053265841983485e-08,1.5789270335631045e-08
0.008474932110402733,0.0017541546447916723,0.00021502126928174512,9.901006695471543e-07,9.948564869301757e-07,9.901377779897302e-07,9.948788764114384e-07,1.035136918403623e-07,1.1778333714372642e-07,1.0342466083557156e-07,1.1767331665063909e-07,2.3132387672042398e-10,8.213414661551284e-09,2.030255430440775e-08,7.569689991967123e-09,2.0539699718824522e-08,1.577052475379763e-08
0.008476778748445213,0.0011928044997773048,-0.002711405942142253,9.901550728783748e-07,9.948104942039216e-07,9.901980507080964e-07,9.948294064088259e-07,1.0354621186637347e-07,1.177401998120331e-07,1.0345718086158273e-07,1.1763015095311857e-07,3.415094652257938e-09,6.653728679140158e-10,1.5035283775932713e-08,5.60369528557203e-09,1.844152133247989e-08,6.2552674151561405e-09
0.008476781658828259,0.0011919197871768095,-0.0027093278248150315,9.901551586204256e-07,9.948103748302305e-07,9.901981457005604e-07,9.94829260846756e-07,1.0354626311936954e-07,1.1774001284122025e-07,1.034572321145788e-07,1.1762996395995283e-07,3.420112415497556e-09,6.733368103482719e-10,1.5026982325139215e-08,5.609156999582262e-09,1.8438214510752005e-08,6.268772538596813e-09
0.0084786290244665,-0.0011668624966992406,-0.0013902428513610232,9.901555528706e-07,9.94734602379818e-07,9.902025725131276e-07,9.947368653229205e-07,1.035828765483096e-07,1.1762133311776779e-07,1.0349381716651521e-07,1.1751127004799855e-07,7.017360221110329e-10,5.7284492704923196e-09,1.7026175928916525e-08,9.075979967576586e-09,1.7733372305964146e-08,1.4841149642563778e-08
0.008478631934849545,-0.0011705785774930588,-0.0013842715749557877,9.90155553491711e-07,9.947346318986822e-07,9.902025794872316e-07,9.947368930514175e-07,1.0358293422996212e-07,1.176212637294402e-07,1.0349387480346195e-07,1.1751120065967096e-07,6.974534283443745e-10,5.726414644505964e-09,1.7029325505291126e-08,9.071812173221473e-09,1.7732261881064915e-08,1.4834819081346482e-08
0.008480478572892025,-0.0016078417709468244,0.0024045033041660835,9.901042302170343e-07,9.947533616180536e-07,9.90135749598381e-07,9.947544867827673e-07,1.0356877259073944e-07,1.1757723683558652e-07,1.0347969898132567e-07,1.1746717376581728e-07,2.0877572453639436e-09,4.4354444561633954e-09,1.9202796736046675e-08,6.4273466549025215e-09,2.1295259749496736e-08,1.0818077988972163e-08
0.008480482210870832,-0.0016087032035580415,0.0024071121611121383,9.901041291073522e-07,9.947535848397493e-07,9.901356179398135e-07,9.947547478646125e-07,1.0356874469152899e-07,1.1757751227916848e-07,1.034796710541741e-07,1.1746744923734036e-07,2.090496220574778e-09,4.429312430704051e-09,1.9207078594263294e-08,6.42989833422302e-09,2.1302279051838013e-08,1.081465749093696e-08
0.008482328848913312,0.001956887429811296,0.0037313679469295202,9.901106885251637e-07,9.948668921725097e-07,9.90138908375767e-07,9.948872730092262e-07,1.03541279479356e-07,1.1771732744136898e-07,1.0345219875054432e-07,1.1760727858245446e-07,1.6516610290313433e-09,1.3166963075406102e-09,1.5126592303289444e-08,7.725130757307852e-09,1.676239577953516e-08,9.078412688268145e-09
0.008482332486892119,0.0019639118400425204,0.0037240316984539054,9.901107014475786e-07,9.948670279244136e-07,9.901389148581075e-07,9.948874180795323e-07,1.03541225371373e-07,1.1771760034230882e-07,1.0345214462859076e-07,1.1760755142751205e-07,1.6507964994971758e-09,1.3280104070209512e-09,1.5118553520210298e-08,7.72718336278279e-09,1.675345195906175e-08,9.091678965408628e-09
0.008484179124934599,0.0027041640737683987,1.519722319098804e-07,9.901969308434743e-07,9.949359355908034e-07,9.902446626618574e-07,9.949610557669075e-07,1.0358009364607482e-07,1.1785612485937236e-07,1.0349100581183578e-07,1.177460475787484e-07,1.1457743039833958e-09,7.0710473032420396e-09,1.9241097468580206e-08,8.769085901860763e-09,2.0410619055158975e-08,1.5825641241917765e-08
0.008484182762913406,0.0027056224115022953,-5.537714936238464e-06,9.901971007201408e-07,9.94935830078556e-07,9.90244870990864e-07,9.949609295473112e-07,1.0358017021872001e-07,1.1785596376771014e-07,1.0349108237051041e-07,1.1774588643133549e-07,1.1447793824004293e-09,7.0575488962870554e-09,1.9249219107564386e-08,8.765591149750901e-09,2.041782387607327e-08,1.5808655861900148e-08
0.008486033038934693,-0.0012736015099654718,-0.0028993126086564866,9.902235970595017e-07,9.948821665494981e-07,9.902737474476453e-07,9.948967342606763e-07,1.0363394409296234e-07,1.1777403254830565e-07,1.0354484913932538e-07,1.176639268571224e-07,2.4890538519173333e-09,1.9225911898213246e-10,1.6515697254249062e-08,6.988160226675243e-09,1.897693024943692e-08,7.169891584940217e-09
0.008486033766530454,-0.0012737510505162846,-0.0029004505460901164,9.902235757592477e-07,9.948821454470487e-07,9.902737190594652e-07,9.94896709016757e-07,1.0363393788723911e-07,1.177740003299732e-07,1.0354484292521982e-07,1.1766389462763982e-07,2.4883144362230205e-09,1.895594375911358e-10,1.651533835193236e-08,6.987461276253271e-09,1.8975850556279388e-08,7.166494508936694e-09
0.00848788331495598,-0.0016538831306824875,-0.00038621364305394413,9.90169430513169e-07,9.948213752947672e-07,9.90201556305692e-07,9.948226143467413e-07,1.036181629388011e-07,1.176453219234665e-07,1.0352904666888207e-07,1.1753518781060014e-07,6.087197412796286e-10,5.4654598214961384e-09,1.5603008662878892e-08,8.954112946885383e-09,1.6231270549837973e-08,1.4448568236721625e-08
0.008487884042551741,-0.0016526957163132733,-0.00038522456480727385,9.901694284164451e-07,9.948213513883344e-07,9.902015542939312e-07,9.948225851985626e-07,1.036181561211673e-07,1.1764527130253555e-07,1.0352903984566005e-07,1.1753513717849273e-07,6.094223939663953e-10,5.467535313385952e-09,1.560501521893971e-08,8.954886610013091e-09,1.623397240675243e-08,1.4451432939210918e-08
0.008489733590977266,0.0013657116102292477,0.002733035371202986,9.901640985446257e-07,9.948648206627926e-07,9.901964403979946e-07,9.948706369246828e-07,1.0360082569604856e-07,1.1766133114362356e-07,1.0351169521527481e-07,1.1755118991973943e-07,2.3955655237273277e-09,2.6193161509429524e-09,2.0705680725541242e-08,8.340666911849407e-09,2.3102092683302544e-08,1.0925109484448614e-08
0.00848973504616879,0.001365867676728663,0.0027354887621833246,9.901641411797259e-07,9.94864854863638e-07,9.90196492793187e-07,9.948706747309188e-07,1.0360084581924472e-07,1.1766134377921844e-07,1.0351171533288275e-07,1.1755120254974827e-07,2.3942469659332464e-09,2.6170752231990946e-09,2.0700384564775215e-08,8.340183654809152e-09,2.309545633429737e-08,1.0922335036411823e-08
0.008491583866998553,0.0015641501642357225,0.0024676510644772555,9.902183090744956e-07,9.949610476990036e-07,9.902630608848995e-07,9.949833633776406e-07,1.0362641233996328e-07,1.1780387304981694e-07,1.0353727475376218e-07,1.1769371052082936e-07,7.190192885531133e-10,2.238097569378775e-09,1.3971612311536319e-08,7.951515386181968e-09,1.4663974923223577e-08,1.0219805954184153e-08
0.008491585322190076,0.0015633666097159343,0.0024674402516494665,9.902183400936343e-07,9.949611234115855e-07,9.902630896641146e-07,9.949834520739387e-07,1.0362642922652532e-07,1.1780398523342228e-07,1.0353729161798009e-07,1.1769382268767004e-07,7.200148480579692e-10,2.237799279214414e-09,1.39753031907249e-08,7.951209468615161e-09,1.4668717206658843e-08,1.0219252999377204e-08
0.008493434870615602,0.0005674688150651419,-0.0003445954441415556,9.90257765418904e-07,9.950003659940467e-07,9.902996680466458e-07,9.9502129490387e-07,1.0364789204686531e-07,1.1788577205524293e-07,1.0355872603895477e-07,1.1777558820159094e-07,1.9853709787298612e-09,5.854008666640336e-09,1.866641063941188e-08,8.85857530485926e-09,2.0696159452882057e-08,1.4696001893804116e-08
0.008493435598211363,0.0005673731792596227,-0.00034570167376224425,9.902577719071357e-07,9.950003814317266e-07,9.902996746631035e-07,9.950213097909e-07,1.0364789949038024e-07,1.1788580422944506e-07,1.035587334796756e-07,1.1777562036741074e-07,1.98506835179774e-09,5.855431250978427e-09,1.8666324758181845e-08,8.858932254440788e-09,2.069573432591474e-08,1.469776300666581e-08
0.008495285146636888,0.00032426696162968227,-0.002291715374320339,9.902742649921535e-07,9.949515728080128e-07,9.903164936986286e-07,9.949653062424904e-07,1.0366682090534596e-07,1.1781719846267516e-07,1.0357764779200807e-07,1.1770699330111685e-07,1.2157906903453863e-09,9.003991190717868e-11,1.8448014671434976e-08,8.082127964784921e-09,1.9615061574995707e-08,8.169434054466243e-09
0.008495286601828411,0.0003233932143235544,-0.0022932464629911165,9.9027425825647e-07,9.949515344062632e-07,9.903164894979358e-07,9.949652621799032e-07,1.0366683554632481e-07,1.1781714448488856e-07,1.0357766242181487e-07,1.1770693930657217e-07,1.2157582430301114e-09,8.550380542482472e-11,1.8443633245395386e-08,8.081516789104626e-09,1.961071120308115e-08,8.164297682355937e-09
0.008497136150253937,-0.0007871396117649365,-0.0003909444043672229,9.902656972026571e-07,9.94901902837407e-07,9.903111504172557e-07,9.949067364819612e-07,1.0368544423045023e-07,1.1771900740133703e-07,1.0359625690625762e-07,1.1760878091512091e-07,1.1745177053157363e-09,5.981458057996905e-09,1.287484074907752e-08,7.472681730797431e-09,1.4081388499675995e-08,1.3468732409792715e-08
0.008497136877849698,-0.0007869231876920363,-0.0003901960557997075,9.90265689752711e-07,9.94901883312793e-07,9.903111379443387e-07,9.949067134584766e-07,1.0368543845502028e-07,1.1771896879508859e-07,1.0359625113082767e-07,1.1760874230049012e-07,1.1747166220060824e-09,5.983777473517193e-09,1.2878892357080173e-08,7.472442220546327e-09,1.4085626652389378e-08,1.3470819126837341e-08
0.008498986426275223,-0.00023677319437975797,0.002873102807945336,9.90246751989526e-07,9.94947853362783e-07,9.902794317895314e-07,9.949522660404486e-07,1.0367075731210207e-07,1.1772430077592726e-07,1.0358156998790946e-07,1.1761408138117013e-07,1.6803628488659683e-09,1.234260517690082e-09,2.317807989982157e-08,8.792559205524958e-09,2.4859010849809238e-08,1.0005809014319061e-08
0.008498987881466746,-0.00023456839606051638,0.0028756703129522165,9.902467859094157e-07,9.949478895311936e-07,9.902794671826036e-07,9.94952301880403e-07,1.0367075365325386e-07,1.1772430497103414e-07,1.035815663178892e-07,1.1761408558186304e-07,1.679427758199295e-09,1.2305236829490696e-09,2.3169775467906555e-08,8.793597849887647e-09,2.4849746956173807e-08,1.000308280652007e-08
0.008500837429892272,0.0025677302676955227,0.002772623906057478,9.90289898089265e-07,9.95052356718229e-07,9.903244517772691e-07,9.950783310047092e-07,1.0366610325718284e-07,1.1787113060548281e-07,1.0357690172213552e-07,1.1776090411367845e-07,4.909275208575536e-10,3.4393567247939338e-09,1.2614842503921864e-08,8.430302598531828e-09,1.3075338145540627e-08,1.1896297688540648e-08
0.008500838157488033,0.002567349763929183,0.002772583368525261,9.902899284115197e-07,9.950523978146835e-07,9.903244891813113e-07,9.950783805834362e-07,1.0366612211281967e-07,1.1787118836537047e-07,1.0357692057497933e-07,1.1776096187077201e-07,4.915108429449023e-10,3.440225659900875e-09,1.2617987382409468e-08,8.430159681438454e-09,1.3079097781748853e-08,1.1897042462294394e-08
0.00850268843350932,0.001599728686127122,-0.0010433087370159129,9.903670379052394e-07,9.950843664042635e-07,9.904196076604421e-07,9.951128141547344e-07,1.03714071997274e-07,1.1797315378400866e-07,1.0362486335679932e-07,1.1786289887887282e-07,1.974898911072387e-09,3.823073409996394e-09,2.061541337639028e-08,8.935441088649454e-09,2.263985265926749e-08,1.2732551087193623e-08
0.008502689161105081,0.0015982965137189224,-0.001044809284442394,9.903670346747925e-07,9.950843789754744e-07,9.90419601582844e-07,9.951128276952659e-07,1.0371408500154671e-07,1.1797319388051619e-07,1.0362487634989998e-07,1.178629389642083e-07,1.9743388497939357e-09,3.823223959642519e-09,2.0614309091313203e-08,8.935639783658189e-09,2.263814832587749e-08,1.2732879639543171e-08
0.008504539437126368,-0.002043717920332755,-0.002579946783971085,9.903588196484548e-07,9.95017299813515e-07,9.90404146250512e-07,9.95026573303796e-07,1.03747154867051e-07,1.1783979220227277e-07,1.0365791780486688e-07,1.1772950177279316e-07,5.50103018692738e-10,7.011485569945005e-10,1.780611214030614e-08,7.829408035943685e-09,1.830402851510371e-08,8.543030313217265e-09
0.00850454016472213,-0.0020432329570925544,-0.002580550455815178,9.90358798885132e-07,9.950172734355512e-07,9.904041189906963e-07,9.950265393854352e-07,1.0374714371175349e-07,1.1783973974388573e-07,1.0365790664119033e-07,1.1772944930044105e-07,5.504289111984169e-10,6.999208435054527e-10,1.780488494341556e-08,7.828973025425512e-09,1.8303163283387946e-08,8.541382712223822e-09
0.008506390440743417,-0.000809971437263024,0.001241428346276475,9.903059977552263e-07,9.949925237888186e-07,9.903347972795018e-07,9.94997560637313e-07,1.0371877579018474e-07,1.177315595201968e-07,1.0362951741171855e-07,1.1762126907675212e-07,1.3791735531398785e-09,4.718491640844903e-09,1.4684123250674475e-08,8.775633438657221e-09,1.61028790301998e-08,1.349699900899885e-08
0.008506391168339178,-0.0008087418231941774,0.0012429312872132003,9.903060087287914e-07,9.949925140563581e-07,9.903348114009801e-07,9.949975492418162e-07,1.0371877671746535e-07,1.1773151697980211e-07,1.0362951833620615e-07,1.1762122653635743e-07,1.3789435149509966e-09,4.720071888897337e-09,1.4687516050691648e-08,8.776005699928646e-09,1.610601902161134e-08,1.3498947737389244e-08
0.008508241444360465,0.0023181667538826334,0.0032296088983022084,9.903339145050892e-07,9.950752828499352e-07,9.903707223202218e-07,9.950920995101995e-07,1.0372113479206746e-07,1.1784507389768923e-07,1.0363186930817392e-07,1.1773478345424455e-07,7.939564006242961e-10,2.677895180345319e-10,2.3315406494361923e-08,1.0016162057340127e-08,2.4091017181149255e-08,1.0273345834759348e-08
0.008508242171956226,0.0023175777499320127,0.003230390132124894,9.903339373363708e-07,9.950753153976324e-07,9.903707495800375e-07,9.950921366908005e-07,1.0372115092172272e-07,1.1784511855239543e-07,1.0363188543224315e-07,1.1773482810895075e-07,7.939824273897698e-10,2.66038718832462e-10,2.331072697169459e-08,1.0016649731880989e-08,2.408636815086203e-08,1.0272077410888869e-08
0.008510092447977513,0.0008197407035037685,0.0005590728566844498,9.90391997285625e-07,9.951454114862586e-07,9.90440071291232e-07,9.95172595332646e-07,1.037621686350576e-07,1.1797541637943065e-07,1.0367288894030935e-07,1.1786510462808295e-07,8.601684919895547e-10,3.6479918268442406e-09,1.1410700828662357e-08,7.65792079958282e-09,1.2263884130447877e-08,1.1316912211677821e-08
0.008510093175573274,0.0008192037657045605,0.0005580223976693333,9.903919992756842e-07,9.951454390505875e-07,9.904400697271442e-07,9.951726269719074e-07,1.0376217172413098e-07,1.1797546761727062e-07,1.036728920237967e-07,1.1786515585754387e-07,8.60330282600163e-10,3.6493217336897033e-09,1.1415557778934096e-08,7.656993261662137e-09,1.2268917728724016e-08,1.1317323078685604e-08
0.008511943451594561,-0.0005462290576812683,-0.001180087746531816,9.903970599960823e-07,9.95133916478185e-07,9.904360922519118e-07,9.951526259535956e-07,1.0377002723771511e-07,1.1794917366493023e-07,1.0368073333211214e-07,1.178388334946661e-07,1.2717638053771907e-09,1.6581167288691773e-09,2.3766782319967206e-08,9.991032549152302e-09,2.506935814494682e-08,1.1640065007604863e-08
0.008511944179190323,-0.0005457557652422623,-0.001180771234594813,9.903970608080635e-07,9.95133911947091e-07,9.904360914028356e-07,9.951526180884684e-07,1.0377002936040567e-07,1.1794916332519279e-07,1.0368073544921668e-07,1.178388231437566e-07,1.2713715717761587e-09,1.6573337147107736e-09,2.376320620048281e-08,9.991950378207548e-09,2.5065359086699445e-08,1.1640191921458154e-08
0.00851379445521161,0.0006578269071497722,-0.000739983267310297,9.903991256763124e-07,9.950983791014235e-07,9.90433932201995e-07,9.951095646373347e-07,1.0377542736250689e-07,1.1787187442858282e-07,1.036861192460492e-07,1.1776152714730312e-07,2.7392152435190553e-10,1.3751981358949751e-09,1.4669134351663615e-08,9.169627864086729e-09,1.4895753963628522e-08,1.055038546498532e-08
0.008513795910403132,0.0006574721683655175,-0.0007396365996207299,9.903991382553674e-07,9.950983511558116e-07,9.904339509710485e-07,9.95109530776972e-07,1.0377544218782466e-07,1.1787181364297794e-07,1.0368613406578095e-07,1.177614663561144e-07,2.74796477872617e-10,1.3749762439729807e-09,1.4671587885196491e-08,9.168981129903386e-09,1.4899159896047918e-08,1.0549528361991634e-08
0.008515645458828658,0.00020659917357779278,0.000710196057755693,9.904151262343333e-07,9.950978277365748e-07,9.904578064379166e-07,9.95112825103349e-07,1.0379428516671396e-07,1.1786222885718271e-07,1.0370496994482892e-07,1.1775188157031917e-07,1.38686240269692e-09,2.845586679724116e-09,1.779002900548221e-08,8.584899370704555e-09,1.9228100001100756e-08,1.1426227419157844e-08
0.00851564691402018,0.0002064628560197966,0.0007113367600825038,9.90415129722926e-07,9.95097827324758e-07,9.904578039363594e-07,9.951128276952659e-07,1.037942863113997e-07,1.1786222131604518e-07,1.0370497108393083e-07,1.1775187402918164e-07,1.3860456738469035e-09,2.846743729634227e-09,1.779373865138854e-08,8.584439825654044e-09,1.9230922389919812e-08,1.1426917190249242e-08
0.008517497190041468,3.313508102764651e-05,0.0021587709911994133,9.904195654683535e-07,9.951509427717353e-07,9.904546232064604e-07,9.95164307588989e-07,1.0379574177932227e-07,1.1791045530587327e-07,1.0370641945200987e-07,1.1780010091637538e-07,3.475749410508655e-10,2.930329463967511e-10,2.2510553421284385e-08,1.0109708355231848e-08,2.2819589773348525e-08,1.0404975067779335e-08
0.008517497917637229,3.3796930286292864e-05,0.0021593401749316656,9.90419578201386e-07,9.951509636586589e-07,9.904546348700865e-07,9.951643278327538e-07,1.0379574181004543e-07,1.1791047427323065e-07,1.0370641947714699e-07,1.1780011988093975e-07,3.478135263750565e-10,2.9202873452760514e-10,2.2505964162891094e-08,1.0110308146238367e-08,2.281525774804401e-08,1.0404573203004475e-08
0.008519348193658516,0.001716879595023979,0.0013705459452981396,9.90451958303306e-07,9.952162648166534e-07,9.904842954711057e-07,9.952395293753675e-07,1.037958199390232e-07,1.1799446542212793e-07,1.0370648340085609e-07,1.1788408973030645e-07,9.54536005792761e-10,2.7664232678921795e-09,1.0835480068749348e-08,9.391748957750701e-09,1.1798917398664344e-08,1.2161494269265389e-08
0.008519349648850039,0.0017162386651668523,0.00136992558019422,9.904519964027805e-07,9.952163161742295e-07,9.904843463063204e-07,9.952395885193255e-07,1.0379584860642128e-07,1.1799453147887107e-07,1.0370651206825416e-07,1.178841557702981e-07,9.546408004638463e-10,2.7683693115676533e-09,1.0846966394108878e-08,9.391183830587124e-09,1.1810524033287408e-08,1.216287603966748e-08
0.008521199924871325,0.0009012963518301997,-0.001179772994538723,9.905004398845202e-07,9.95219815970427e-07,9.905489832817693e-07,9.952459524796975e-07,1.0383229920307713e-07,1.1803706205332116e-07,1.0374296266491001e-07,1.179266721394795e-07,1.0878872247488403e-09,6.999926309015364e-10,2.5451829088751765e-08,9.594932662858455e-09,2.6568359956513632e-08,1.0285426049645064e-08
0.008521200652467087,0.0009003192095051439,-0.001180775628661701,9.905004349060588e-07,9.95219817346674e-07,9.905489754644034e-07,9.952459549822379e-07,1.038323087709748e-07,1.1803707877788838e-07,1.0374297222164001e-07,1.1792668885846069e-07,1.0875630807846054e-09,6.991792700361543e-10,2.5446912253770692e-08,9.595012784302526e-09,2.6563082848795352e-08,1.0284687768091771e-08
0.008523051656084135,-0.0015855308654368905,-0.0012735489130712083,9.904877697004629e-07,9.95174387035618e-07,9.90529088085168e-07,9.951811789470145e-07,1.0385664950263163e-07,1.1793237882885033e-07,1.0376728454275508e-07,1.1782196760151631e-07,2.629408357712748e-10,1.5441848025107912e-09,1.2938484061919553e-08,1.007930154271046e-08,1.313812081349397e-08,1.163811093233341e-08
0.008523052383679897,-0.0015849359083827679,-0.0012735853805572184,9.904877576406286e-07,9.951743691777913e-07,9.905290702545674e-07,9.951811534847366e-07,1.0385663798703533e-07,1.1793233767320999e-07,1.0376727302157274e-07,1.1782192643750022e-07,2.633899996473537e-10,1.5445169587735563e-09,1.2940503525481686e-08,1.0079491907788451e-08,1.3140643971626433e-08,1.1638642938294197e-08
0.008524902659701183,-7.196011974919259e-05,0.002063137064981412,9.904570894823749e-07,9.95189026618986e-07,9.904837270369171e-07,9.951981931091958e-07,1.0382735382563624e-07,1.1787913144583584e-07,1.0373797465490497e-07,1.1776872730996959e-07,1.4056137365159316e-09,1.663641794287908e-09,1.807599936398674e-08,9.874858442758465e-09,1.9557035102479858e-08,1.1522566709028322e-08
0.008524904114892706,-6.979936390635961e-05,0.002065761305992453,9.9045712739945e-07,9.95189038146663e-07,9.9048377438782e-07,9.951982065103948e-07,1.038273609673585e-07,1.1787908960059212e-07,1.0373798177987575e-07,1.1776868547030972e-07,1.404649291859945e-09,1.6637354827153672e-09,1.8079124929804688e-08,9.874697504130836e-09,1.9559089972528262e-08,1.1522475418246358e-08
0.008526754390913993,0.002677601690255771,0.0027265919548826144,9.905053389606298e-07,9.952777195262558e-07,9.905439810609096e-07,9.95301125842129e-07,1.0383644166722661e-07,1.1801682656497143e-07,1.0374704118021327e-07,1.1790640823500198e-07,1.7835791177311933e-10,5.222339007210636e-10,2.2053281867329133e-08,9.46031247436999e-09,2.217185723907278e-08,9.993132736326404e-09
0.008526755846105516,0.002676154322300721,0.002727111680127514,9.905053900877312e-07,9.952777892717373e-07,9.90544039222113e-07,9.953012067853706e-07,1.0383647711339782e-07,1.1801693489132958e-07,1.0374707662638448e-07,1.1790651655019246e-07,1.7910762620903498e-10,5.213361409239781e-10,2.2044834134006396e-08,9.459986571869194e-09,2.21642256464436e-08,9.991929950103895e-09
0.008528606122126803,0.0008358259674547952,-0.0003242828734271166,9.905703981972071e-07,9.953222038333453e-07,9.906179911922663e-07,9.953449418214827e-07,1.0388154692009266e-07,1.1808837351687518e-07,1.0379214643307932e-07,1.1797794097605101e-07,1.1323695314757742e-09,2.1885444164196064e-09,1.1303541214147117e-08,1.0341892747810235e-08,1.2460655618440342e-08,1.2527534342261015e-08
0.008528607577318326,0.0008342511027757848,-0.00032668271184910225,9.905703933606835e-07,9.953222387641842e-07,9.906179794885525e-07,9.953449762178934e-07,1.0388155247042256e-07,1.1808842970140176e-07,1.0379215197782538e-07,1.1797799714940993e-07,1.1321700601696786e-09,2.1898556301636063e-09,1.1313897843562784e-08,1.0342586342915183e-08,1.2470806566673379e-08,1.2529528525817568e-08
0.008530457853339612,-0.001168189336586023,-0.0009436268091933814,9.90564243720961e-07,9.95298725554002e-07,9.906030982165248e-07,9.953136233088883e-07,1.0388860971488612e-07,1.1801606099635442e-07,1.0379920212244542e-07,1.1790560004498849e-07,8.785422944690424e-10,4.939011975869898e-10,2.448235214558281e-08,8.66432533054494e-09,2.537773724498038e-08,9.150660631063505e-09
0.008530459308531135,-0.0011670342707944033,-0.0009441120188649066,9.905642311108904e-07,9.952987070615049e-07,9.906030824924515e-07,9.953135986506823e-07,1.0388860773262544e-07,1.1801600408034574e-07,1.0379920012901708e-07,1.1790554310664447e-07,8.780417760691225e-10,4.925673757760762e-10,2.447413922429891e-08,8.663005424125458e-09,2.5368972777112483e-08,9.148003243808489e-09
0.008532309584552422,0.0003016318832500531,0.00032302890098712947,9.905481974061207e-07,9.952872337488298e-07,9.905830893330858e-07,9.952963318312302e-07,1.0388608728817417e-07,1.1798641193253476e-07,1.0379666548487876e-07,1.1787593675914645e-07,2.4163263057097595e-10,1.521135740484848e-09,1.403140981182105e-08,1.1280239379727457e-08,1.4224951883079484e-08,1.2823032236391299e-08
0.008532311039743945,0.0003017928869048129,0.00032402547268972626,9.905482091661188e-07,9.95287224725383e-07,9.90583105503866e-07,9.952963182513486e-07,1.0388609991880418e-07,1.1798638865911926e-07,1.037966781043411e-07,1.1787591347456328e-07,2.4239442859576895e-10,1.5219446813929949e-09,1.4035250985609175e-08,1.128229776270473e-08,1.42296378831067e-08,1.2825922546255697e-08
0.008534161315765232,0.0005065090339319289,0.0009048271270662978,9.905631620037277e-07,9.953099703421496e-07,9.906036666507134e-07,9.953218776880375e-07,1.0390215976485706e-07,1.1800150422598336e-07,1.0381272375070694e-07,1.1789102904142738e-07,1.2110206171200844e-09,1.1989268723412723e-09,1.8919303457209935e-08,1.0138404698260677e-08,2.0187886917710784e-08,1.1307500311157183e-08
0.008534162770956755,0.0005061883951485538,0.0009052839116941991,9.905631708053794e-07,9.953099882309556e-07,9.906036747775808e-07,9.95321897789836e-07,1.0390216567581352e-07,1.1800151611396359e-07,1.0381272965050012e-07,1.1789104092940761e-07,1.210164723525891e-09,1.1986728276625058e-09,1.8919563816980684e-08,1.0137505057628005e-08,2.0187206801888523e-08,1.1306306113567643e-08
0.008536013774573803,9.833586269536454e-05,0.001892500809614511,9.905743665062935e-07,9.953617825102926e-07,9.90614012152946e-07,9.953749686818523e-07,1.0390968441242876e-07,1.1803914587653083e-07,1.0382023418742392e-07,1.1792865648670396e-07,1.2146807171209417e-10,6.549578722199377e-10,1.9250741445375752e-08,8.345359204821723e-09,1.93220994759713e-08,9.025504269386548e-09
0.008536014502169564,9.887194132671786e-05,0.0018928888665712407,9.905743778640039e-07,9.953618028696792e-07,9.906140222038454e-07,9.95374989543052e-07,1.0390968563528816e-07,1.1803916066810416e-07,1.0382023540749141e-07,1.1792867127269346e-07,1.217893111834854e-10,6.547441477877669e-10,1.924907647343896e-08,8.344654744973923e-09,1.932078836269267e-08,9.024607727781131e-09
0.008537865505786613,0.00146265597948958,0.0009148219563062769,9.906032718794646e-07,9.954137665821937e-07,9.906395916914335e-07,9.954323788374165e-07,1.0391279658961139e-07,1.1810666411533689e-07,1.0382333925917919e-07,1.1799616761729075e-07,9.390225264027663e-10,1.9171231784350816e-09,1.5013387866247285e-08,1.3523230636590816e-08,1.5985316181854614e-08,1.5436889199790722e-08
0.008537866233382374,0.00146238182061481,0.0009144374960428081,9.906032880872249e-07,9.954137870081812e-07,9.906396122399386e-07,9.954324013961013e-07,1.039128085083027e-07,1.181066906497108e-07,1.0382335116670284e-07,1.1799619414887275e-07,9.389276970630134e-10,1.917619396607506e-09,1.5016260545159322e-08,1.3525266240321798e-08,1.598807749191756e-08,1.5439409750683808e-08
0.008539717236999422,0.0007649216432004113,-0.0015945751601861547,9.906445206295935e-07,9.954011611244775e-07,9.906918876367854e-07,9.954218368256732e-07,1.0394312965900099e-07,1.1812190561908423e-07,1.0385364390685936e-07,1.1801138071886331e-07,6.976818567316911e-10,3.790368746809188e-10,2.232435569737845e-08,7.896992232171559e-09,2.3012850292047915e-08,8.255258689782521e-09
0.008539718692190945,0.0007632099616279746,-0.00159654765441275,9.906445111835473e-07,9.954011511984684e-07,9.906918768307308e-07,9.954218285201932e-07,1.0394314753141136e-07,1.1812191758053814e-07,1.0385366176252481e-07,1.1801139265799065e-07,6.973566153485944e-10,3.7782729722657393e-10,2.231749142476475e-08,7.89256748845446e-09,2.3005655303792556e-08,8.249610772281812e-09
0.008541569695807993,-0.0014140489985116078,-0.0008119903257333966,9.906324958127213e-07,9.953565747817437e-07,9.90678131529421e-07,9.95359098043977e-07,1.0396588123740003e-07,1.1802856764293505e-07,1.0387637416897633e-07,1.1791802141248124e-07,2.836495760494273e-10,1.469232381151172e-09,1.3586136660137527e-08,1.1054128977027569e-08,1.3853630242977033e-08,1.2556155270634441e-08
0.008541570423403755,-0.0014135512759733734,-0.0008116819305570289,9.906324844520837e-07,9.953565572595674e-07,9.906781137951679e-07,9.95359073385771e-07,1.0396587397841727e-07,1.1802853094877719e-07,1.038763668988259e-07,1.1791798470994763e-07,2.8395735865258585e-10,1.4696613925835322e-09,1.3589546077308727e-08,1.1055371729185026e-08,1.385736897890779e-08,1.2557848094729707e-08
0.008543421427020803,-0.00014734513870481858,0.0020998985674442103,9.906035829901275e-07,9.95380444565184e-07,9.906329978548456e-07,9.953847464278867e-07,1.0394740712627026e-07,1.1800334069617014e-07,1.0385787163613713e-07,1.1789279445734058e-07,1.0669563010878846e-09,8.675111634547305e-10,2.226310336084225e-08,1.1508159064958898e-08,2.3368713186755485e-08,1.2345472184732022e-08
0.008543422882212326,-0.0001454800068659647,0.002102187545823142,9.906036132526186e-07,9.953804633445124e-07,9.90633034827627e-07,9.95384766611096e-07,1.0394741038036622e-07,1.1800332089251242e-07,1.0385787487906981e-07,1.1789277465368286e-07,1.0662893738953518e-09,8.670377749098179e-10,2.2257966562462735e-08,1.1508515029845512e-08,2.3362839217032536e-08,1.2345305222538627e-08
0.008545273885829374,0.002226967692156176,0.0020242165683452707,9.90642107141304e-07,9.954568420992928e-07,9.906800642056623e-07,9.954781437819777e-07,1.0395154959041975e-07,1.1813671279386005e-07,1.038619998894319e-07,1.1802615945518478e-07,2.1795798499368857e-10,7.341496852704282e-10,1.5723959023716816e-08,8.21217469796625e-09,1.5891149729441167e-08,8.961650100540091e-09
0.008545275341020897,0.00222602702828641,0.002024155270407002,9.906421545291835e-07,9.954569021454836e-07,9.906801206472032e-07,9.954782171917032e-07,1.0395157742047536e-07,1.1813681766170703e-07,1.0386202771948752e-07,1.1802626431745011e-07,2.1845924410471622e-10,7.340452135018438e-10,1.5726143821228615e-08,8.209583235441187e-09,1.589391377556852e-08,8.958989994312105e-09
0.008547126344637945,0.00102950258594392,-0.0006655588371379867,9.907024319118192e-07,9.954820302443587e-07,9.907519142871024e-07,9.954966272227667e-07,1.0398697725122474e-07,1.181795968349691e-07,1.038974275502369e-07,1.1806901508017042e-07,8.560608333318953e-10,1.5073592408537443e-09,1.8505206256236306e-08,1.2395131675565469e-08,1.9409780449564096e-08,1.3906229498292892e-08
0.008547127072233707,0.0010287245009596641,-0.0006666161146959837,9.907024324793497e-07,9.95482040121756e-07,9.907519111613842e-07,9.95496634459414e-07,1.0398698393523831e-07,1.1817961365068186e-07,1.0389743422866882e-07,1.1806903188471551e-07,8.561292726726745e-10,1.5076632164934267e-09,1.8505774665307535e-08,1.2396776938317089e-08,1.941038544628366e-08,1.3908174167909237e-08
0.008548978803446516,-0.000951501783971409,-0.0008094626673898762,9.90703876844546e-07,9.95454706070877e-07,9.90743956208462e-07,9.954632236571406e-07,1.040039947497462e-07,1.1809522722597693e-07,1.0391443083790364e-07,1.1798462415210097e-07,1.0303073949557984e-09,3.7113405405555445e-10,1.995237575158626e-08,8.957363371586265e-09,2.09501020975722e-08,9.30695215649445e-09
0.008548979531042278,-0.000951234302473986,-0.0008095187957013472,9.907038679514112e-07,9.95454695330582e-07,9.907439460682214e-07,9.95463210529124e-07,1.0400399426395274e-07,1.180951940682462e-07,1.0391443035211018e-07,1.1798459098599778e-07,1.0299761467202338e-09,3.7068748071078517e-10,1.995023442600619e-08,8.956011932070851e-09,2.09476449786718e-08,9.305144210713934e-09
0.008550830534659326,-0.00027076137302970663,0.0005793892414496242,9.90681243816165e-07,9.954504558354809e-07,9.90718149296299e-07,9.954610521760257e-07,1.0400275840538598e-07,1.1809532896531484e-07,1.0391319449354341e-07,1.179847187832207e-07,1.8728063544415363e-10,1.189795904637631e-09,1.4502702150309688e-08,9.978798844055883e-09,1.4696734496055797e-08,1.1197105772731822e-08
0.008550831989850849,-0.0002701173092757172,0.0005804811502838625,9.906812478669877e-07,9.954504525025445e-07,9.90718155279817e-07,9.954610504792072e-07,1.040027658847832e-07,1.18095329071366e-07,1.0391320197294064e-07,1.1798471888369022e-07,1.8821152334997169e-10,1.1904398578010955e-09,1.4508076065814476e-08,9.979602921816877e-09,1.4703045376999923e-08,1.119859316389693e-08
0.008552682993467897,0.0005491317857988509,0.0005633977491135119,9.90686400513397e-07,9.954716254937509e-07,9.907257663144264e-07,9.954809300472173e-07,1.0401227967804516e-07,1.1812220198740819e-07,1.039227157662026e-07,1.1801157760004098e-07,1.3723009395505414e-09,6.791373131142955e-10,2.134369658790547e-08,1.2684582904162006e-08,2.273048593792737e-08,1.3344642229505082e-08
0.00855268444865942,0.0005492286701306587,0.0005633843187666798,9.906864182899777e-07,9.954716421391841e-07,9.907257817644052e-07,9.954809456758085e-07,1.040122820725686e-07,1.1812222311391452e-07,1.0392271814398112e-07,1.1801159871538403e-07,1.3715151000589562e-09,6.787353457049505e-10,2.1338451124768566e-08,1.26867094607519e-08,2.272442119054977e-08,1.3346329374996913e-08
0.008554535452276468,0.0006724655401901258,0.0013887568562534116,9.907090301006676e-07,9.955077883536948e-07,9.907454341373523e-07,9.955188872513249e-07,1.0401532790638157e-07,1.1813199250162232e-07,1.0392574267825694e-07,1.1802136100324612e-07,3.719272667623841e-10,5.652834165235409e-10,1.4666222014625419e-08,8.278623812484642e-09,1.5010062526243928e-08,8.845558790805517e-09
0.008554536907467991,0.0006732069955664102,0.0013894057340344546,9.907090634125409e-07,9.955078167705302e-07,9.907454693994654e-07,9.955189170796075e-07,1.0401533220255673e-07,1.1813200018195857e-07,1.039257469632732e-07,1.1802136867800073e-07,3.723269892458266e-10,5.651942247553166e-10,1.4670628516399714e-08,8.275158336346067e-09,1.5014920244973224e-08,8.842020449151278e-09
0.0085563886386808,0.001616708961888258,0.0011226703776822562,9.907514527713116e-07,9.955543317272253e-07,9.907903404382523e-07,9.95569601493941e-07,1.0402079908544692e-07,1.1819636427426361e-07,1.0393119964646758e-07,1.1808572566766922e-07,8.809738494264252e-10,9.822507212328867e-10,2.0277902024190553e-08,1.2442983681034725e-08,2.1196367328002452e-08,1.3441490772829945e-08
0.008556389366276562,0.001616315128395117,0.0011225655700766168,9.90751468984727e-07,9.95554350004222e-07,9.907903590593723e-07,9.955696214092313e-07,1.0402081315430447e-07,1.1819638956467315e-07,1.0393121370140383e-07,1.1808575095528795e-07,8.810691796052162e-10,9.824145941195184e-10,2.027688255058714e-08,1.2444621333429495e-08,2.1195413661737722e-08,1.3443298030324513e-08
0.008558241825085133,0.0006136150548578592,-0.0011185154619344218,9.907927483404188e-07,9.955544250308072e-07,9.908377684308201e-07,9.955713267117972e-07,1.040566324655972e-07,1.1821821033208835e-07,1.0396699756908751e-07,1.1810755040642107e-07,1.1237798148070685e-09,2.4878865634292424e-10,1.768130275630102e-08,1.0809333872430216e-08,1.8767379351730097e-08,1.1031206170741825e-08
0.00855824546306394,0.0006116458873921538,-0.0011170600135133315,9.90792829407496e-07,9.955543706202686e-07,9.9083786153642e-07,9.955712519471904e-07,1.0405670280988488e-07,1.1821804571046746e-07,1.0396706784376875e-07,1.1810738575690296e-07,1.1242564657010234e-09,2.4979549513360073e-10,1.767620538828396e-08,1.080595532471597e-08,1.876261102040644e-08,1.1028932113169118e-08
0.008560095011489466,-0.00166084487782091,-0.0003771100362310875,9.90773357825902e-07,9.955267083024155e-07,9.908147058584687e-07,9.955332416211604e-07,1.0407365810103171e-07,1.1813435207841394e-07,1.0398399475785926e-07,1.1802367794189195e-07,2.2425134112623908e-10,7.616723363135236e-10,1.587003590460412e-08,9.088301666793086e-09,1.6118970756562662e-08,9.872801243204776e-09
0.008560097921872512,-0.0016644207877583028,-0.0003736821562224464,9.907733271861196e-07,9.955267498517875e-07,9.908146694215247e-07,9.955332844881534e-07,1.0407368478126955e-07,1.1813435057137121e-07,1.0398402139344398e-07,1.1802367641252266e-07,2.2283512535192784e-10,7.608997305844574e-10,1.5867193781105016e-08,9.093844689934035e-09,1.6114810819090053e-08,9.877513726728545e-09
0.008561947470298037,3.2895859165861085e-05,0.0018047355892689687,9.907432130905108e-07,9.95553154477726e-07,9.90771666694464e-07,9.955605264622136e-07,1.0405146008690793e-07,1.1813339284572066e-07,1.0396176124168868e-07,1.1802270449834396e-07,1.6055354860840128e-09,2.699087897628516e-10,2.086409790091857e-08,1.2616435896006806e-08,2.246371777019167e-08,1.28722970060835e-08
0.008561951108276844,3.623440489151832e-05,0.0018031691863743917,9.907431538574352e-07,9.955532567725543e-07,9.907715821100282e-07,9.95560658635442e-07,1.0405141637193083e-07,1.1813360497593804e-07,1.0396171745696847e-07,1.1802291662856134e-07,1.608255195684194e-09,2.7044700564084425e-10,2.0873926587228198e-08,1.2607726994378674e-08,2.2476205785437742e-08,1.286415798114899e-08
0.008563799929106608,0.0026092956623095767,0.001007123235350349,9.907921585757984e-07,9.956052430042073e-07,9.908266119425128e-07,9.956278290701448e-07,1.0405302613636046e-07,1.1824140955241091e-07,1.0396331303845159e-07,1.181307212050342e-07,2.1765716541561683e-10,5.43968314836718e-10,1.43110916351272e-08,8.181863186962346e-09,1.4515818740954768e-08,8.727905509431366e-09
0.008563803567085415,0.002614358750183284,0.0010044438825533742,9.907922550038157e-07,9.956052666286652e-07,9.908267202263232e-07,9.956278362118385e-07,1.04053029303941e-07,1.1824142662552259e-07,1.0396331617812393e-07,1.1813073825024863e-07,2.1492084500973618e-10,5.436950714927873e-10,1.4298177752891661e-08,8.190322744668783e-09,1.4500154854601988e-08,8.736104494699074e-09
0.00856565311551094,0.0008831970282043571,-0.0003577390794286539,9.908568936082096e-07,9.956172773030967e-07,9.90907651590927e-07,9.956314670489519e-07,1.0409314027303898e-07,1.1825010659549662e-07,1.0400341295869375e-07,1.181394040372652e-07,1.539337934831724e-09,4.047781554383789e-10,2.0472208479379147e-08,1.2491161882621782e-08,2.2040030055531457e-08,1.2904468604801878e-08
0.008565656025893986,0.0008804729342279938,-0.00035673547234459525,9.908569953211984e-07,9.956172750713495e-07,9.909077789416187e-07,9.956314563322036e-07,1.0409320339022088e-07,1.182500109820083e-07,1.0400347605354909e-07,1.1813930841261359e-07,1.5414219900478088e-09,4.0442679509928345e-10,2.048192371262303e-08,1.2485944715607413e-08,2.205189453263756e-08,1.2898858742920747e-08
0.008567505574319512,-0.0013865620937344668,0.00028105682957468847,9.908475524828632e-07,9.956158567960047e-07,9.90887468946516e-07,9.956246458386886e-07,1.0411666909336146e-07,1.1818924861017877e-07,1.0402692048225347e-07,1.1807853894651998e-07,1.0116279184150177e-09,1.8113729960411717e-10,1.717026696577416e-08,9.170435077976435e-09,1.8150324262706757e-08,9.333791517462942e-09
0.008567509212298319,-0.001391021249965707,0.00028232022920002216,9.908475339092236e-07,9.956159006587307e-07,9.908874289976666e-07,9.956247072126195e-07,1.0411671524934718e-07,1.1818929803014172e-07,1.0402696659639332e-07,1.1807858835253431e-07,1.010585837235567e-09,1.820869948735391e-10,1.716375308546958e-08,9.174160435476562e-09,1.8142650048957876e-08,9.338552598404817e-09
0.008569358760723844,-0.00027114911176281064,0.0009246325987196657,9.908168320041797e-07,9.956382004685684e-07,9.90846922471121e-07,9.95655909719062e-07,1.0410287268285265e-07,1.1821442313930675e-07,1.0401311693842005e-07,1.1810370637022061e-07,5.840675743513852e-10,6.649120698476452e-10,1.7048959773415136e-08,1.1068132188540858e-08,1.7658684991075715e-08,1.1759086149254472e-08
0.008569362398702651,-0.0002689463734893982,0.0009236061942082734,9.908167716149094e-07,9.956382487232555e-07,9.908468427966e-07,9.956559496679116e-07,1.0410284545514514e-07,1.1821447811082071e-07,1.0401308969676393e-07,1.1810376132778595e-07,5.832286320561764e-10,6.637126760632395e-10,1.7048733980118413e-08,1.1070304780359823e-08,1.7657733053511038e-08,1.1759958748808486e-08
0.008571211947128177,0.0012586600019263488,0.0004017821406163691,9.908351324217376e-07,9.956627814061828e-07,9.908748683205683e-07,9.956762596630142e-07,1.0410666067070563e-07,1.1824242562852305e-07,1.0401689072936694e-07,1.1813170175400955e-07,2.001460057518738e-09,5.394087607135667e-11,2.0252426508936525e-08,1.2174850461121878e-08,2.2239177572911094e-08,1.2203588362069695e-08
0.008571215585106984,0.001261664735158874,0.00040211594431597614,9.908351685366212e-07,9.956628168256859e-07,9.908749234455172e-07,9.956762996118637e-07,1.0410666817506353e-07,1.182424146509586e-07,1.040168982058276e-07,1.181316907764451e-07,2.0042496551297972e-09,5.5412360694912233e-11,2.0258728028466066e-08,1.2165677597109215e-08,2.2248189068818647e-08,1.2195962258857004e-08
0.00857306513353251,0.0008750774080007642,0.0005718217451962104,9.908746773661156e-07,9.956808241010268e-07,9.909131757174267e-07,9.956966096069664e-07,1.0412514163872308e-07,1.1823683365719262e-07,1.0403533619816677e-07,1.1812610978267912e-07,9.662857179216491e-11,8.035151433105625e-10,1.3771348091560843e-08,7.502193533071022e-09,1.3861450282085747e-08,8.318851385524795e-09
0.008573068043915555,0.0008744690880524431,0.0005715164263809476,9.908747395357922e-07,9.956808517273063e-07,9.909132359098294e-07,9.956966463866893e-07,1.0412517070790273e-07,1.1823691201496396e-07,1.0403536521153e-07,1.1812618810697378e-07,9.362680769564591e-11,8.026347511416758e-10,1.376113978324156e-08,7.513183899564271e-09,1.3848253210824168e-08,8.328951994614486e-09
0.008574918319936842,0.0007008041621577822,0.00037740998957758176,9.909038813846962e-07,9.956984151344812e-07,9.909426345583321e-07,9.95720029095537e-07,1.0413561347107744e-07,1.182867279680977e-07,1.0404577250336242e-07,1.1817598277730212e-07,2.465854706361552e-09,2.429254297720007e-10,2.0019258254263377e-08,1.4500309397647015e-08,2.2513793061659918e-08,1.4750414223385633e-08
0.008574921230319887,0.0007005309967218487,0.00037569967158539164,9.909039272232316e-07,9.956984054072533e-07,9.909426808007993e-07,9.957200090987944e-07,1.0413562989697311e-07,1.1828671569331152e-07,1.0404578887346361e-07,1.1817597048019817e-07,2.469586091180531e-09,2.433319043903935e-10,2.0029101932550475e-08,1.4489593820375375e-08,2.252742348218817e-08,1.4740047714530271e-08
0.008576771506341174,7.827215811748872e-05,-0.0007116349919494835,9.909183191211428e-07,9.956922213221773e-07,9.909648149183978e-07,9.957072961697122e-07,1.041670433177188e-07,1.1827891199800433e-07,1.040771810114039e-07,1.1816815259635405e-07,6.388271451113556e-10,5.01748143033609e-10,1.6515601628782784e-08,7.677165569930366e-09,1.7109855221240892e-08,8.1495397097342e-09
0.00857677441672422,7.729337897693922e-05,-0.000709143751311215,9.909183417588116e-07,9.956922260669019e-07,9.90964849734155e-07,9.957072963482545e-07,1.0416709272931257e-07,1.1827880435928852e-07,1.0407723038952099e-07,1.1816804494647934e-07,6.359474613581995e-10,5.020356880944417e-10,1.651007508485236e-08,7.681829909167599e-09,1.7101333682489894e-08,8.154603131561902e-09
0.008578624692745507,-0.0015532484784687114,0.0008746624844679918,9.908909850605069e-07,9.95695242525504e-07,9.909296621625881e-07,9.9570740985655e-07,1.0417940837936101e-07,1.1821037304571291e-07,1.0408951056822713e-07,1.1809960653863527e-07,1.7175940018518478e-09,6.848424605188086e-10,1.424024349470691e-08,1.0647183579237662e-08,1.5999781788597865e-08,1.1373673558523478e-08
0.008578627603128552,-0.001555813231685299,0.0008767176329657711,9.908909420299158e-07,9.95695331523294e-07,9.909296068144613e-07,9.95707508411924e-07,1.0417942775120537e-07,1.1821047493759702e-07,1.04089529884277e-07,1.1809970841936047e-07,1.719295372737406e-09,6.840516338161639e-10,1.4236673173684267e-08,1.0652202269233811e-08,1.5998049107679435e-08,1.1377782050807373e-08
0.00858047787914984,0.0006335034657814292,0.0021832782904289694,9.908739404709772e-07,9.95751911868197e-07,9.909031593816384e-07,9.957701649909723e-07,1.0414560937345138e-07,1.1827525270291517e-07,1.040556973179861e-07,1.1816447909041017e-07,2.24307319427121e-09,1.8128355760982373e-10,2.094651120791355e-08,1.3842834434285578e-08,2.3164918538626418e-08,1.3989756020293953e-08
0.008580480789532885,0.0006369471412788208,0.0021796652332209854,9.908739137284543e-07,9.957519718373037e-07,9.909031177812722e-07,9.95770236596313e-07,1.0414555617899168e-07,1.1827538391257727e-07,1.040556441012086e-07,1.1816461026667426e-07,2.2438970681548653e-09,1.8268334747733805e-10,2.0957065416382648e-08,1.3830141190171257e-08,2.3176191632501286e-08,1.3978537244200871e-08
0.008582334703532979,0.0035711995521259254,-0.00012185220826468673,9.909519291491478e-07,9.957901721582992e-07,9.909920208883705e-07,9.958158491984012e-07,1.0415961071430502e-07,1.1835896446733633e-07,1.0406968442566722e-07,1.1824816954689875e-07,4.305382994562734e-10,1.0743494930839518e-09,1.2357754819447564e-08,5.7445446893491165e-09,1.2790131620477041e-08,6.832176872908066e-09
0.00858233543112874,0.0035698616452673813,-0.0001227554725666824,9.909519563230329e-07,9.95790187150576e-07,9.909920541418821e-07,9.958158670997364e-07,1.0415963451902101e-07,1.1835899726975185e-07,1.040697082275935e-07,1.1824820234096478e-07,4.3185140934189856e-10,1.0746994405508303e-09,1.2360483734913977e-08,5.741371378320537e-09,1.2794181338852978e-08,6.829372178884796e-09
0.008584187889937311,0.00016355078341456775,-0.0010665707624023801,9.910211410346018e-07,9.957681485048136e-07,9.91076717582473e-07,9.957849564207555e-07,1.0422024132594743e-07,1.1830828443704887e-07,1.0413030793188227e-07,1.1819745399507363e-07,3.775029178143541e-09,1.2282553027265013e-10,1.9308302512399678e-08,1.533861382626955e-08,2.3104764323989002e-08,1.5472787213759644e-08
0.008584188617533073,0.00016238281109686557,-0.0010669414675437139,9.910211217698748e-07,9.95768139848629e-07,9.910766928097227e-07,9.95784944279876e-07,1.0422024473778003e-07,1.1830826451841858e-07,1.0413031134092516e-07,1.1819743406249472e-07,3.773609444451373e-09,1.2245165992297302e-10,1.930738850880628e-08,1.5342383363758927e-08,2.3102409231207214e-08,1.5476182113616233e-08
0.008586041076341644,-0.002811274709772854,0.0006635762184575623,9.909720737747742e-07,9.957606928558882e-07,9.910136213875376e-07,9.95769608603662e-07,1.0422893126360577e-07,1.1825193430773249e-07,1.0413899076411326e-07,1.1814108255225834e-07,1.5896746419219454e-10,9.004763082928228e-10,1.6980335360017307e-08,7.816314176051228e-09,1.7106343008777003e-08,8.688178730439508e-09
0.008586042531533167,-0.002808638936587872,0.0006649356196248846,9.909720408208797e-07,9.957606870059331e-07,9.91013573913913e-07,9.957695965567837e-07,1.0422890199415305e-07,1.1825189005776338e-07,1.0413896148908328e-07,1.1814103828555744e-07,1.6146507265926523e-10,9.01087482407803e-10,1.69780991456639e-08,7.810402102848002e-09,1.7106654954606368e-08,8.68284644184314e-09
0.008587894990341738,0.0005467003278942784,0.001544419709463786,9.90930090513266e-07,9.958016208024284e-07,9.909531399898697e-07,9.95821758327564e-07,1.0419164198083308e-07,1.1829646621155104e-07,1.0410169437591321e-07,1.1818559313143221e-07,3.3409206512402534e-09,4.94641429874721e-10,1.413139827377563e-08,1.1286527070617643e-08,1.7503761995385503e-08,1.181585186383681e-08
0.0085878957179375,0.0005476706749562869,0.0015447651470481688,9.909301164511425e-07,9.958016368801175e-07,9.909531731987457e-07,9.958217788152979e-07,1.0419164375788735e-07,1.1829648371985968e-07,1.0410169614738803e-07,1.1818561063137167e-07,3.340299644351711e-09,4.944817888485886e-10,1.4133745982157647e-08,1.128789239857042e-08,1.750546853519398e-08,1.181708242370405e-08
0.00858974817674607,0.0030181742948300894,0.000957404109751575,9.909961542851057e-07,9.958479799876924e-07,9.910377229971346e-07,9.958671042583304e-07,1.0419616813805987e-07,1.1835689634435273e-07,1.0410620632228529e-07,1.1824600195631444e-07,1.7592161061230627e-09,4.5921447603436225e-10,2.011101152277206e-08,1.200897624914566e-08,2.185031888757294e-08,1.2436002093797337e-08
0.008589749631937593,0.0030165605136726944,0.000956942710664932,9.90996212207424e-07,9.958480163923331e-07,9.910377881395141e-07,9.958671398635488e-07,1.0419620237684994e-07,1.1835694380124551e-07,1.0410624055549809e-07,1.1824604939647543e-07,1.7590739953101494e-09,4.591867719394571e-10,2.010600377554627e-08,1.200954269364729e-08,2.1845188643532433e-08,1.2436488283640301e-08
0.008591602090746164,0.0009622171003087487,0.00017106002794479763,9.910699473184387e-07,9.958689064603763e-07,9.911207143886713e-07,9.958852089736883e-07,1.0423978835660819e-07,1.183533143534148e-07,1.0414981943540624e-07,1.1824241284600709e-07,1.5781669304715251e-09,1.1383561033016604e-09,1.3731141557116189e-08,7.136451423872964e-09,1.531438797996998e-08,8.295651431156066e-09
0.008591602818341926,0.0009615259542230549,0.00017075135446376066,9.910699485072863e-07,9.958689146654305e-07,9.911207106853717e-07,9.958852160707465e-07,1.0423979368010144e-07,1.1835331292786577e-07,1.0414982475053362e-07,1.1824241141766834e-07,1.579112812602213e-09,1.1386228626619754e-09,1.3732413764991604e-08,7.1345374053066735e-09,1.5316605421968356e-08,8.294025022337337e-09
0.008593456004746258,-0.0007988231260391832,-0.0003512261582361456,9.91072976502203e-07,9.958655663330177e-07,9.911112783811404e-07,9.958857842818449e-07,1.0425335261743385e-07,1.1835588408308543e-07,1.0416336237994983e-07,1.1824496126497181e-07,3.988274599464603e-09,1.0565339448264513e-10,1.6972727223674156e-08,1.4821338870667644e-08,2.09644301918388e-08,1.492369903775697e-08
0.00859345673234202,-0.0007987756310359616,-0.000351431096403676,9.910729657579676e-07,9.958655650183995e-07,9.911112690969385e-07,9.958857845049351e-07,1.0425335575029405e-07,1.1835588509256922e-07,1.0416336550723058e-07,1.1824496226608971e-07,3.9867411127196305e-09,1.05247831283517e-10,1.69729229737343e-08,1.4824356853182508e-08,2.0963087934207145e-08,1.4926301972195688e-08
0.00859530919115059,-0.0006778533528337682,-0.000291940474413377,9.910456109344605e-07,9.958536476907665e-07,9.910876315188943e-07,9.958644281558371e-07,1.0426133201235643e-07,1.1833357026370782e-07,1.041713275640177e-07,1.1822263323752811e-07,8.248386001996622e-11,1.135949689640078e-09,1.7471302626859142e-08,6.2901364633247895e-09,1.7545700004006903e-08,7.40872109902207e-09
0.008595310646342114,-0.0006776398724957648,-0.0002918937417959455,9.910455951640733e-07,9.95853638329158e-07,9.91087611708472e-07,9.958644113794435e-07,1.0426133731632929e-07,1.1833355273438428e-07,1.0417133284568152e-07,1.1822261569705006e-07,8.583441685155656e-11,1.1367593533151421e-09,1.7467983942616674e-08,6.283432441023251e-09,1.754574398905624e-08,7.402815693779985e-09
0.008597163105150685,-0.0004058794022174794,0.0012887837527236678,9.91025519461191e-07,9.958721283078621e-07,9.910623930409201e-07,9.958825869956972e-07,1.0426808927377351e-07,1.1830207199904498e-07,1.0417805640372535e-07,1.1819112786186064e-07,4.351093263466055e-09,5.076739736342897e-10,1.3243298901954859e-08,1.2413678199102206e-08,1.7601736956862624e-08,1.295274677293876e-08
0.008597164560342208,-0.0004043074023600337,0.0012900254475347595,9.91025536792071e-07,9.958721428325902e-07,9.910624034815482e-07,9.95882601273479e-07,1.0426806690896684e-07,1.1830204726948068e-07,1.0417803403891867e-07,1.181911031267191e-07,4.348559467512609e-09,5.071797981592852e-10,1.324809125824514e-08,1.2418493788857177e-08,1.7603987348607195e-08,1.2957106498845405e-08
0.008599017019150779,0.0015968484161683616,0.00211747860261418,9.910475990024775e-07,9.959352774825477e-07,9.910756944009336e-07,9.959550765432903e-07,1.0423959651006953e-07,1.1838505161698901e-07,1.0414956364002137e-07,1.1827410037437732e-07,1.12303721877538e-09,4.40838604696969e-10,1.9348760815773858e-08,1.087455506142398e-08,2.0468736039447322e-08,1.1281307580409598e-08
0.008599018474342301,0.0015980326149652871,0.0021181286050926396,9.910476674309104e-07,9.959353270777165e-07,9.91075776498179e-07,9.959551334759453e-07,1.0423961866294038e-07,1.183851168207184e-07,1.041495857817377e-07,1.1827416557252945e-07,1.124379350135206e-09,4.407864906408321e-10,1.9344636117284244e-08,1.0873342226602745e-08,2.0465956462076678e-08,1.1279991163348768e-08
0.008600870933150873,0.003105517683451575,-7.025904159269503e-05,9.91134776825934e-07,9.95973231172602e-07,9.911802862916375e-07,9.95993870258086e-07,1.0426781926753392e-07,1.1844445736784649e-07,1.0417777218663105e-07,1.1833349901980746e-07,2.8329125711934466e-09,1.1843514896128044e-09,1.4093894940003793e-08,7.79970973347889e-09,1.6927554469248207e-08,9.009909054663476e-09
0.008600872388342395,0.003102349138953946,-7.197812065529163e-05,9.911348084663041e-07,9.959732609480106e-07,9.911803241277594e-07,9.959939006876084e-07,1.0426787126431512e-07,1.1844450398257322e-07,1.04177824177835e-07,1.1833354562895693e-07,2.8336967598851024e-09,1.184935594089609e-09,1.409523705776905e-08,7.797295253908487e-09,1.692968122572017e-08,9.008125800846756e-09
0.008602724847150967,-0.0009312080065283501,-0.0011815542088678744,9.911750866574398e-07,9.959500236314969e-07,9.912284895108314e-07,9.959650468968058e-07,1.0433406316678884e-07,1.1838137921534232e-07,1.042440089804586e-07,1.1827039956217572e-07,3.831968964362886e-09,5.687883007885272e-11,1.5803752972942675e-08,1.3641683297373292e-08,1.9637042214526446e-08,1.3685953449194687e-08
0.00860272630234249,-0.0009330760364889197,-0.0011824258318751113,9.911750249240509e-07,9.95950005377517e-07,9.91228411429212e-07,9.959650242308271e-07,1.0433405326715497e-07,1.1838132962793679e-07,1.0424399906967021e-07,1.1827034995803842e-07,3.829559445066781e-09,5.599268965150728e-11,1.5805949222055824e-08,1.3646274332757002e-08,1.9636828088234308e-08,1.3689628097779405e-08
0.00860457876115106,-0.0033110781762940023,0.0004131994991034139,9.910964383199725e-07,9.959357789959624e-07,9.91129013527825e-07,9.959421911129086e-07,1.043214510332291e-07,1.183388654244942e-07,1.0423138263604415e-07,1.1822787865474573e-07,7.622413811247952e-10,7.804821039687541e-10,1.8601774343096622e-08,7.20120036547524e-09,1.936424531834291e-08,7.97827882043366e-09
0.008604580216342583,-0.003307175537248365,0.0004144529361269633,9.910964143348817e-07,9.959357678204858e-07,9.911289813262177e-07,9.95942173176445e-07,1.0432141488447194e-07,1.1833883206691098e-07,1.0423134648171193e-07,1.1822784529158525e-07,7.659678143489485e-10,7.810512236972045e-10,1.859649857513063e-08,7.1961374636941855e-09,1.936269197408005e-08,7.973792293114457e-09
0.008606433402746916,0.0016628352873708785,0.0012806763316717804,9.910658693217538e-07,9.95967188028217e-07,9.910879725794075e-07,9.959786523289539e-07,1.0427537944224241e-07,1.18372768474755e-07,1.041853039396301e-07,1.1826176039151307e-07,5.511580525308091e-09,3.855176747890544e-10,1.1877808070437368e-08,1.2141240919145228e-08,1.7384508055329206e-08,1.2541760281283034e-08
0.008606434130342677,0.0016637377314344262,0.001281016427233439,9.910659102497287e-07,9.959672003643803e-07,9.910880210792475e-07,9.959786666513537e-07,1.0427538775514624e-07,1.183727817988256e-07,1.0418531224416804e-07,1.182617737072178e-07,5.509659552072386e-09,3.8536238089470487e-10,1.1880711147483523e-08,1.214318245956747e-08,1.7385495070438653e-08,1.2543553751243053e-08
0.00860828731674701,0.003962262761290303,0.0010787701775770181,9.91170153801997e-07,9.960109301373768e-07,9.91211550172011e-07,9.96027419163585e-07,1.0429656072119542e-07,1.1842996514322746e-07,1.0420646390230104e-07,1.1831896415425839e-07,6.169407207323729e-10,2.0465126160197623e-10,1.9274848384043253e-08,1.0459628020851954e-08,1.989942255420374e-08,1.0645745551797644e-08
0.008608288044342771,0.003960793137013896,0.001078690771903812,9.911701842149386e-07,9.960109473065064e-07,9.912115854202848e-07,9.960274383047363e-07,1.0429658302744088e-07,1.1842998759448164e-07,1.0420648619739198e-07,1.183189866083012e-07,6.185734178495946e-10,2.0458031102510432e-10,1.927260846011577e-08,1.045896702578375e-08,1.9898809540290603e-08,1.064500043668204e-08
0.008610141230747104,0.00021766010500537392,0.00040621053485124506,9.912476459772084e-07,9.960384555097655e-07,9.91301362773811e-07,9.96050157832055e-07,1.0435339703462887e-07,1.184345244000931e-07,1.0426327179402506e-07,1.183235021143558e-07,4.7770529754131985e-09,6.108137657561349e-10,1.3567522216817451e-08,9.055208193580439e-09,1.83374631035349e-08,9.68032575680348e-09
0.008610142685938627,0.00021614315523972341,0.00040568247812799996,9.9124762417797e-07,9.960384771102392e-07,9.913013286989802e-07,9.960501756722806e-07,1.0435340313933107e-07,1.1843452796256315e-07,1.0426327787085191e-07,1.1832350566010064e-07,4.775551775307428e-09,6.111327555125001e-10,1.3568263064939588e-08,9.054105909456212e-09,1.8336707632699717e-08,9.679568258036397e-09
0.008611995872342959,-0.001715692371316191,-0.00019135564337229645,9.912198628476782e-07,9.960424446419776e-07,9.912579344018013e-07,9.960569942054598e-07,1.0436117747758544e-07,1.1841773022197063e-07,1.0427101670984484e-07,1.1830669371423066e-07,2.863773440608952e-09,5.19983682847891e-11,1.4511733148481198e-08,1.2141031669991377e-08,1.7374615524090586e-08,1.2185629569409844e-08
0.00861199659993872,-0.001715320804232769,-0.00019159005174351762,9.912198447696024e-07,9.96042446199705e-07,9.912579141898164e-07,9.96056996882544e-07,1.0436117426787316e-07,1.1841772362686243e-07,1.0427101349176667e-07,1.183066871135452e-07,2.8633986940643242e-09,5.177884163098945e-11,1.4513145510771811e-08,1.2142243654977847e-08,1.7375656767581805e-08,1.2186613496112386e-08
0.008613849786343053,-0.0007689394427570218,1.1616143889198129e-05,9.911737999106263e-07,9.960391139047527e-07,9.912064342643134e-07,9.960492722432555e-07,1.0435299913069684e-07,1.1841407430278686e-07,1.0426281704667417e-07,1.1830302358976505e-07,1.9089192448973336e-09,3.627011648145537e-10,1.8110432264961673e-08,9.683186740821935e-09,2.0027703939717867e-08,1.0051378182326353e-08
0.008613851241534576,-0.0007677419360792268,1.177570902122227e-05,9.911737997410002e-07,9.960391112881095e-07,9.912064370295484e-07,9.960492661775788e-07,1.0435299442533734e-07,1.1841407143720062e-07,1.0426281231343932e-07,1.1830302071302867e-07,1.9116004377702166e-09,3.62945312692986e-10,1.8104966277680728e-08,9.681255797033828e-09,2.0024899463220273e-08,1.004970151541329e-08
0.008615704427938908,0.0007572828180926194,0.0007705724308266266,9.911735837220167e-07,9.960536151784445e-07,9.912099585562828e-07,9.96059721261787e-07,1.0434700215000703e-07,1.183994044882266e-07,1.0425678453884757e-07,1.1828833245613847e-07,5.3260995613868545e-09,2.978584515567973e-10,1.1144031475396332e-08,1.2018625887289842e-08,1.6453398643534456e-08,1.2313344440009454e-08
0.00861570515553467,0.0007580077472474086,0.0007708703486600799,9.911736081814951e-07,9.96053620872944e-07,9.912099816238241e-07,9.960597253666492e-07,1.0434700047682947e-07,1.1839939872970717e-07,1.0425678286009275e-07,1.1828832668925315e-07,5.3241913880683895e-09,2.978328972336186e-10,1.1147002388289317e-08,1.2019543582653114e-08,1.6454476952091502e-08,1.2314233188703838e-08
0.008617558341939002,0.002604402304495379,0.001484095613079689,9.912359064731434e-07,9.96095419974363e-07,9.912687346513849e-07,9.961095947291138e-07,1.0434273889359247e-07,1.1843879581004828e-07,1.0425250707157829e-07,1.1832772376959426e-07,4.6407394593828144e-10,9.855662834601323e-11,1.87139175267248e-08,9.576393887546443e-09,1.920092884688529e-08,9.67252014972086e-09
0.008617559797130525,0.0026039460027030906,0.0014846556643277609,9.912359738084638e-07,9.960954527965863e-07,9.912688143079923e-07,9.96109633888409e-07,1.0434277121785125e-07,1.184388267461145e-07,1.0425253939026201e-07,1.1832775470566048e-07,4.677369227952959e-10,9.840014913997663e-11,1.8710047636831757e-08,9.5744754347038e-09,1.920068696269509e-08,9.670445777487657e-09
0.008619412983534858,0.0020228456702238717,0.0005578122162758028,9.91321725338826e-07,9.96133290046315e-07,9.913702569974703e-07,9.961476890966678e-07,1.0438393616141184e-07,1.1848572127047078e-07,1.042936972339703e-07,1.1837464213016446e-07,5.1325379502031865e-09,5.325690681796105e-10,1.3781742858043344e-08,1.1884733644626736e-08,1.8892647446477895e-08,1.2429567298779284e-08
0.00861941443872638,0.002019901503457402,0.0005570844240119222,9.913217296076418e-07,9.961333197575438e-07,9.91370265114773e-07,9.961477189790457e-07,1.043839717024863e-07,1.1848575809381146e-07,1.0429373275831956e-07,1.1837467894793008e-07,5.130044147296974e-09,5.329099939110904e-10,1.3782499057819e-08,1.1886547746087217e-08,1.889093727130045e-08,1.2431733864559646e-08
0.008621267625130713,-0.0017294948736421567,-0.0005530296609381764,9.913271659447212e-07,9.961333787455758e-07,9.91380602499703e-07,9.961466966003165e-07,1.0442923326081655e-07,1.1845752908111796e-07,1.0433897301709294e-07,1.18346435735532e-07,1.95418614623577e-09,8.583824429227494e-11,1.4745519472114665e-08,1.0736268727719372e-08,1.6713029182824357e-08,1.0799395287973254e-08
0.008621269080322236,-0.001730113991051791,-0.0005539013641850943,9.913271041273866e-07,9.961333787918954e-07,9.913805215942797e-07,9.961466957975063e-07,1.0442921731053984e-07,1.1845750691463763e-07,1.0433895706681623e-07,1.1834641355790154e-07,1.9544594050063354e-09,8.548718677392486e-11,1.4747923564470743e-08,1.073536548545917e-08,1.6715692046956075e-08,1.0798113514454144e-08
0.008623122266726568,-0.0025185600122208385,9.96545352069686e-05,9.912483797517932e-07,9.961249702619088e-07,9.912774885378894e-07,9.961362448149396e-07,1.0440890463314645e-07,1.1843497198347839e-07,1.0431864438942284e-07,1.1832386442703773e-07,2.3024544493210897e-09,2.9973983138171604e-10,1.7809535179935665e-08,9.08031980629557e-09,2.0106849518697345e-08,9.403126549751541e-09
0.008623123721918091,-0.002515011512084903,0.00010016773182996985,9.912483722640092e-07,9.961249636592154e-07,9.912774795285755e-07,9.961362366084359e-07,1.0440887438838897e-07,1.1843495428820461e-07,1.0431861413351522e-07,1.183238467206138e-07,2.3039810445698902e-09,2.999080706000967e-10,1.780492094635128e-08,9.07902020230722e-09,2.0103764309524513e-08,9.402031153626922e-09
0.008624976908322424,0.0020040034110289096,0.0008528666418789801,9.912388365710332e-07,9.961426361158683e-07,9.912660061672796e-07,9.96151004301193e-07,1.0437035768973146e-07,1.1844616495496594e-07,1.0428008323515314e-07,1.1833504318767056e-07,4.248100093917628e-09,4.0424167571369206e-10,1.1928694476637247e-08,1.2846625154533401e-08,1.6174750427921936e-08,1.3234550942795565e-08
0.008624978363513947,0.0020053611998944857,0.0008534576893152179,9.912389200773257e-07,9.961426499929446e-07,9.912661042885204e-07,9.961510158973397e-07,1.0437038228694253e-07,1.1844617375800226e-07,1.0428010782678913e-07,1.1833505197955674e-07,4.245096138980078e-09,4.0432360237652176e-10,1.1934816376538082e-08,1.2849583619356508e-08,1.6177877193670306e-08,1.3237560381185176e-08
0.008626831549918279,0.0037345053202058054,0.0012852076898826207,9.913452653409444e-07,9.961822897317756e-07,9.913910616887733e-07,9.961966821472502e-07,1.044017068352332e-07,1.1847128593554173e-07,1.0431142527522752e-07,1.1836017125694848e-07,4.1955952601036017e-10,7.635383010651393e-11,1.9731055900251704e-08,7.736041031953132e-09,2.0159813374220903e-08,7.816493016855417e-09
0.008626833005109802,0.0037315193170163728,0.0012855467161885237,9.91345318649697e-07,9.961823208583863e-07,9.913911194911042e-07,9.961967180061038e-07,1.044017488155141e-07,1.184713056545661e-07,1.0431146724435827e-07,1.1836019098154793e-07,4.229189794999131e-10,7.609629593119394e-11,1.9725243123375766e-08,7.732025686379984e-09,2.0157342360809145e-08,7.812236191284683e-09
0.008628686191514134,-7.115574472624231e-05,0.000854955299394007,9.914132073459728e-07,9.962219820847937e-07,9.91464730759617e-07,9.962378403505507e-07,1.0445521070323593e-07,1.1851254159664956e-07,1.0436491493237554e-07,1.1840140562407453e-07,4.701182998445574e-09,7.265193107117314e-10,1.2322671771869409e-08,1.3290530216320292e-08,1.701050678093452e-08,1.403031788617782e-08
0.008628687646705657,-7.271753715685809e-05,0.0008546171828515692,9.91413176309416e-07,9.962220132282773e-07,9.914646914219195e-07,9.96237872641359e-07,1.0445521275486189e-07,1.1851257397665904e-07,1.0436491697285135e-07,1.184014379873588e-07,4.698456593057559e-09,7.270300472761448e-10,1.2326499875215255e-08,1.3294894962712078e-08,1.7011628032145487e-08,1.403520055731633e-08
0.00863054083310999,-0.002061660197546056,-0.0006134276936167386,9.913736512543445e-07,9.96226461556236e-07,9.914145948641817e-07,9.962419621562764e-07,1.0445782550050353e-07,1.1851098360974674e-07,1.0436751551878842e-07,1.1839982632088964e-07,1.2263793314204463e-09,1.7687709539365877e-10,1.7201589486148805e-08,8.34526755254244e-09,1.8439541449311037e-08,8.489805017142611e-09
0.008630542288301513,-0.00206044392602443,-0.0006145804575558578,9.913736138184628e-07,9.9622646504923e-07,9.91414550281108e-07,9.96241965367517e-07,1.0445781727492645e-07,1.1851098236093094e-07,1.0436750728763846e-07,1.1839982505534863e-07,1.2271502392025014e-09,1.7644509464620484e-10,1.72013522136378e-08,8.341380919318908e-09,1.844006205422098e-08,8.485450564421626e-09
0.008632396202301607,-0.0005109140074727181,-0.0003680337169668189,9.91325920505113e-07,9.962082500213452e-07,9.91357751445321e-07,9.962207142691685e-07,1.0444733788972371e-07,1.1846734374186242e-07,1.0435702080258125e-07,1.18356150923081e-07,2.2092867535405958e-09,4.472709567749696e-10,1.6899067034614745e-08,1.0621897401308672e-08,1.9103312709489728e-08,1.111370874079368e-08
0.008632396929897368,-0.000510259790722247,-0.0003679369560796175,9.913259252037117e-07,9.962082428725902e-07,9.91357757778601e-07,9.96220705928863e-07,1.0444733556491931e-07,1.1846732661524584e-07,1.0435701847498931e-07,1.1835613378252674e-07,2.209605815696656e-09,4.473772463597925e-10,1.689798977280071e-08,1.0622792423475858e-08,1.9102557125759366e-08,1.1114740239293042e-08
0.008634250843897462,0.0011566844894781436,0.001108537495418399,9.91337897233086e-07,9.962219944552049e-07,9.913738949762774e-07,9.9623058892629e-07,1.0444141196330747e-07,1.1846613383969431e-07,1.0435108777073765e-07,1.1835492680726626e-07,3.0225761893376557e-09,6.250358509630063e-10,1.4153126670635174e-08,1.3119248578303256e-08,1.7177329780793116e-08,1.3705543697772011e-08
0.008634252299088985,0.0011574913566702674,0.001109696423559292,9.913379458615297e-07,9.962220052492257e-07,9.913739466237306e-07,9.962305966837448e-07,1.0444142054334097e-07,1.1846613290344976e-07,1.0435109633962102e-07,1.1835492585987595e-07,3.020469650058303e-09,6.25175300417169e-10,1.4157754614711696e-08,1.312120812002604e-08,1.7179849340525056e-08,1.3707577295463125e-08
0.008636105485493317,0.0021850367258400283,0.0014807316196981356,9.913998741847628e-07,9.9627001610881e-07,9.914397196553182e-07,9.962879634902245e-07,1.0445234721601082e-07,1.1851734413799659e-07,1.0436200881258628e-07,1.184061299945705e-07,3.3779187780247355e-10,5.71422649646149e-11,2.0051441396162772e-08,6.086361636729127e-09,2.038850865915265e-08,6.158013708390092e-09
0.00863610694068484,0.0021842387536689226,0.0014810229704607103,9.913999229723715e-07,9.96270053808739e-07,9.914397726200097e-07,9.962880085367942e-07,1.0445237661297498e-07,1.1851738435098014e-07,1.0436203820397756e-07,1.1840617020197897e-07,3.401815245618116e-10,5.669622410442443e-11,2.0046079825280517e-08,6.080837611222023e-09,2.0385539015449593e-08,6.152085507693528e-09
0.008637960854684934,0.0011676222076804398,0.0008265007978061546,9.914620783857153e-07,9.963128285526588e-07,9.915072496369248e-07,9.9633255629376e-07,1.0448982834532217e-07,1.185541121015015e-07,1.0439948283647027e-07,1.1844286243930122e-07,3.384591495958489e-09,6.725036212570954e-10,1.3215438521285705e-08,1.4602688302268649e-08,1.6602212937755212e-08,1.529104106923514e-08
0.008637961582280695,0.001166596072064924,0.0008262439209723027,9.914620763457167e-07,9.96312845340235e-07,9.915072484327095e-07,9.96332573777181e-07,1.0448983926131021e-07,1.1855412651584629e-07,1.0439949374967078e-07,1.1844287683970833e-07,3.3834993001856705e-09,6.727453039090392e-10,1.3218054127286967e-08,1.46060328276576e-08,1.6603734615617606e-08,1.529462778648849e-08
0.00863981549628079,-0.001447997476269336,-0.0002103682426231521,9.914568784293595e-07,9.963242480609666e-07,9.915041800923063e-07,9.963402984188482e-07,1.0451765319885453e-07,1.1853544679872678e-07,1.0442730058457528e-07,1.1842418292287988e-07,6.005844710443853e-10,4.02562421959332e-10,1.9882618218503012e-08,8.542548549149731e-09,2.048096980900027e-08,8.908341524493064e-09
0.008639816951472312,-0.0014478735975839655,-0.00021118190994151576,9.914568385854934e-07,9.96324257011297e-07,9.915041273059472e-07,9.963403044821462e-07,1.0451764390328369e-07,1.1853543213646844e-07,1.0442729128343154e-07,1.1842416824947577e-07,6.016509904661823e-10,4.0235034748370424e-10,1.9879215039239564e-08,8.537789142337715e-09,2.0478634646522944e-08,8.903328740927918e-09
0.008641670865472406,-0.001290052152422061,-0.00037624972122956267,9.914060775000976e-07,9.96313364131993e-07,9.914368774843751e-07,9.963314438637635e-07,1.0450580134602205e-07,1.1852115432912244e-07,1.0441544162631544e-07,1.1840984074314845e-07,1.9603967338355233e-09,1.7006603110519282e-10,1.5543564657605202e-08,9.968580215234968e-09,1.7503637650406745e-08,1.017963674278391e-08
0.008641672320663929,-0.0012875154873571225,-0.0003763792878004324,9.914060870191407e-07,9.963133555818523e-07,9.914368847959991e-07,9.963314369088039e-07,1.0450578035296726e-07,1.1852114312205231e-07,1.0441542062768777e-07,1.1840982949706813e-07,1.960359209168054e-09,1.6988370432624578e-10,1.5543836766215357e-08,9.9697032851509e-09,1.750387176727207e-08,1.0180638554402321e-08
0.008643526234664023,0.0019441958053745267,0.000341811482191462,9.914182142799035e-07,9.963127199499902e-07,9.914461998050683e-07,9.963247320168115e-07,1.0447903520116597e-07,1.1852458079972633e-07,1.04388668376032e-07,1.1841323876418286e-07,1.9125527828123268e-09,7.859856182655347e-10,1.5890503135551626e-08,1.3150070075003624e-08,1.7802136653699563e-08,1.3906419719703151e-08
0.008643526962259784,0.0019444777014595116,0.000342093346700878,9.914182478018892e-07,9.963127197005271e-07,9.914462403310823e-07,9.963247293853783e-07,1.0447904819713193e-07,1.1852458214889339e-07,1.0438868136921151e-07,1.1841324010219978e-07,1.912039204917518e-09,7.862274165049143e-10,1.589185961387998e-08,1.3151318256632294e-08,1.7802981135830847e-08,1.3907881957209156e-08
0.00864538160385564,0.0026630308220858545,0.0013952818625646538,9.915036953433373e-07,9.963449494467893e-07,9.915495411405573e-07,9.963589357040274e-07,1.0451217491436182e-07,1.1852288461771458e-07,1.044218009838005e-07,1.1841153546838006e-07,6.029291510500911e-10,2.2286151773149506e-10,1.934952287285796e-08,6.796571224252629e-09,1.9955566088469823e-08,7.028074414726442e-09
0.008645382331451401,0.002661864421601128,0.001395695039699163,9.915037124629874e-07,9.96344962090864e-07,9.915495582225733e-07,9.963589491235325e-07,1.0451219229464411e-07,1.1852288395175492e-07,1.0442181835572019e-07,1.1841153479963396e-07,6.037176535246858e-10,2.2264050325571105e-10,1.93474788763964e-08,6.794078188931962e-09,1.9954309350501695e-08,7.02537539254422e-09
0.008647236245451495,-0.00031012401348223806,0.0017560100323884581,9.915473333317214e-07,9.964033972357103e-07,9.915930831994046e-07,9.96425517359075e-07,1.0455647725393646e-07,1.1857091446726746e-07,1.0446608200709306e-07,1.1845952981587413e-07,2.6128219587917556e-09,4.564313477391034e-10,1.4139375892341377e-08,1.3880245917869829e-08,1.6752141007714272e-08,1.434902038513105e-08
0.008647237700643018,-0.0003109573879506386,0.001756292854203756,9.915473088437516e-07,9.96403443103171e-07,9.915930510995916e-07,9.964255696104374e-07,1.0455647430588072e-07,1.1857095216782909e-07,1.0446607905346444e-07,1.1845956748857134e-07,2.6110600439729196e-09,4.566148570361861e-10,1.4144237811661679e-08,1.3885808058944349e-08,1.6755238663353892e-08,1.4354768929081274e-08
0.008649091614643112,-0.0013726764606929454,-6.707000695604947e-05,9.915161111701673e-07,9.964347333086071e-07,9.915521559378249e-07,9.96456354579434e-07,1.0455271848286429e-07,1.1861144263789088e-07,1.0446231613059354e-07,1.1850005085877865e-07,3.663805647757812e-10,1.0717058681891546e-09,2.0338323025725913e-08,7.722244231779448e-09,2.0701651948229483e-08,8.766378512515369e-09
0.008649093069834635,-0.0013715639141458611,-6.850121799306663e-05,9.915160918618702e-07,9.96434757869208e-07,9.915521358754417e-07,9.9645637874346e-07,1.0455271536204914e-07,1.1861147442004949e-07,1.044623130042055e-07,1.1850008263536438e-07,3.6747680354003355e-10,1.0721886711806405e-09,2.0334628620073053e-08,7.71740626959172e-09,2.0699060732621386e-08,8.761992020822618e-09
0.008650946983834729,4.5820386839506844e-05,-0.001140821858636178,9.91491493091356e-07,9.96412322455065e-07,9.915265763993375e-07,9.964307056696842e-07,1.0454873944354404e-07,1.1857912038321421e-07,1.0445832998584592e-07,1.1846769309925673e-07,1.7640849891975563e-09,7.823313864921466e-11,1.562795581833143e-08,1.0926194373662472e-08,1.739785204790678e-08,1.1036513824666038e-08
0.008650948439026251,4.655207374532011e-05,-0.0011416635545864473,9.91491508005722e-07,9.964123048448498e-07,9.915265910168534e-07,9.964306855181349e-07,1.045487399783312e-07,1.185790949875809e-07,1.0445833051506238e-07,1.18467667675759e-07,1.7635385333338532e-09,7.745295377281636e-11,1.5629661549841124e-08,1.092871304564369e-08,1.7399000014510302e-08,1.103829916360155e-08
0.008652803080622107,0.000979087035204329,0.00031312066491610184,9.915105163650902e-07,9.963969489287268e-07,9.915452210407238e-07,9.96407729782696e-07,1.0454942156457037e-07,1.1854044241571874e-07,1.044590050014449e-07,1.1842901510389685e-07,1.0670805350443402e-09,1.2160727479987637e-09,1.7803616358946783e-08,1.0622103579113043e-08,1.8862083450699174e-08,1.180875192209961e-08
0.008652803808217868,0.000979365551015634,0.0003136913923462714,9.915105357923372e-07,9.963969429044364e-07,9.91545241990059e-07,9.96407720776915e-07,1.0454942597905341e-07,1.1854042725190084e-07,1.0445900941314802e-07,1.1842899994007894e-07,1.0669936656307477e-09,1.2165194407387503e-09,1.7803903227371817e-08,1.062198329293551e-08,1.886229111974024e-08,1.1809054178968381e-08
0.008654659177409485,0.001689580869843432,0.0016019403289178058,9.915600752719567e-07,9.964324849452176e-07,9.915986627946151e-07,9.96446146928065e-07,1.0456068291079905e-07,1.185492308763969e-07,1.0447025925614572e-07,1.1843779645914765e-07,8.454766609696634e-10,6.400714402943208e-10,1.8535417711205057e-08,7.573243365754934e-09,1.9391847174459227e-08,8.23199375332706e-09
0.008654662815388292,0.0016909734488999573,0.0016019583936576767,9.915601724081912e-07,9.96432601837016e-07,9.915987675412907e-07,9.964462806248556e-07,1.0456070498321424e-07,1.1854934454652253e-07,1.044702813146614e-07,1.1843791011534652e-07,8.450423139017005e-10,6.400766221329891e-10,1.8536852053330222e-08,7.584413206886062e-09,1.939288551966456e-08,8.243132562179652e-09
0.008656515274196863,0.00074698156606045,0.0016111569591998887,9.916053070468353e-07,9.964921231407576e-07,9.916515489963144e-07,9.96514359030698e-07,1.045978293587705e-07,1.1860722537448964e-07,1.045073915016545e-07,1.1849578385181303e-07,1.800062031022534e-09,6.427152143828607e-10,1.6083521782717322e-08,1.3272096310856796e-08,1.7871128420944272e-08,1.3915014029919348e-08
0.008656518184579909,0.0007454984680512755,0.0016089246048810694,9.916053779575007e-07,9.964921755040212e-07,9.916516319208313e-07,9.965144091420728e-07,1.0459788768457656e-07,1.1860729184785241e-07,1.0450744980516902e-07,1.1849585028059272e-07,1.8015624547729203e-09,6.447115172879786e-10,1.607966737537936e-08,1.3262110559894297e-08,1.7868737600679196e-08,1.3907000223830036e-08
0.00865837064338848,-0.0017636092640542088,0.00018803108095255539,9.915864448497332e-07,9.965255047213539e-07,9.91628703202735e-07,9.965463050320977e-07,1.0462097247686781e-07,1.1864960214325038e-07,1.0453053459746026e-07,1.1853813219886433e-07,3.00729385359219e-10,1.9153583163955545e-09,1.8391087184222758e-08,6.9061800722636235e-09,1.8702352932388177e-08,8.806212647982647e-09
0.008658373553771526,-0.0017675513029106193,0.00018566701538871996,9.915864151040808e-07,9.965254718040592e-07,9.916286671796115e-07,9.965462702573003e-07,1.046210087451982e-07,1.1864956928552512e-07,1.0453057086579065e-07,1.18538099296556e-07,2.9837143866728866e-10,1.9124719792458746e-09,1.839471863718245e-08,6.914176296599889e-09,1.870366261869094e-08,8.81138419117633e-09
0.008660226012580097,-0.0005059104682761796,-0.001319060715992526,9.91544346059467e-07,9.965045199459574e-07,9.915738640629085e-07,9.96524136098742e-07,1.0459555025801345e-07,1.1862865534340017e-07,1.0450509110410408e-07,1.185171569773047e-07,1.7538979496063907e-09,7.53183834745208e-11,1.8231491794799933e-08,1.2003773086632918e-08,1.9983254761375764e-08,1.2103071433955392e-08
0.008660229650558904,-0.0005034327761421764,-0.0013169436922773328,9.915442634415476e-07,9.96504463265668e-07,9.91573756436992e-07,9.965240596687434e-07,1.0459550026098441e-07,1.1862854601842024e-07,1.0450504106529479e-07,1.1851704765232477e-07,1.7567564070120056e-09,7.962982912000927e-11,1.823117123933571e-08,1.199730496994212e-08,1.9985767707453306e-08,1.2100813768669347e-08
0.008662082109367475,0.002643770548888055,-0.00023895521650096896,9.91584003912824e-07,9.964756016622875e-07,9.916175707200868e-07,9.964851415134035e-07,1.0458886710769851e-07,1.18572877738643e-07,1.044984008177273e-07,1.1846137937254753e-07,5.113648069693714e-10,2.275017951802738e-09,1.5947520222202822e-08,8.703739950988165e-09,1.644394939761714e-08,1.0951210605014694e-08
0.00866208501975052,0.0026487150945675997,-0.00023507326589901402,9.915840663487569e-07,9.964756597777787e-07,9.916176395563525e-07,9.964851950130918e-07,1.0458885668640505e-07,1.1857283912970126e-07,1.0449839038528808e-07,1.1846134075246e-07,5.094081823031615e-10,2.2728648336832117e-09,1.5943932396567106e-08,8.704074762904919e-09,1.6438384875527845e-08,1.0949477925655228e-08
0.008663937478559092,0.001420419764729308,0.0022357882922453,9.916594007107668e-07,9.965126502879828e-07,9.917090915482006e-07,9.9651924756472e-07,1.046323630426386e-07,1.1854826453827627e-07,1.0454188255852042e-07,1.1843675906675344e-07,1.1838844617388857e-09,9.024051506045794e-10,1.831395444895355e-08,8.9171825479184e-09,1.9524785000766183e-08,9.846627513354633e-09
0.008663941116537899,0.0014180075586612828,0.0022359453439020176,9.91659548657275e-07,9.96512815878022e-07,9.917092711475561e-07,9.965194461044541e-07,1.0463244848324393e-07,1.1854845910888703e-07,1.0454196797127224e-07,1.184369536373642e-07,1.185209042020574e-09,9.032781978290585e-10,1.8318608852041507e-08,8.925090706126998e-09,1.953084627359658e-08,9.8553273289079e-09
0.00866579357534647,-0.0010590990271909001,0.0023159160475025864,9.916661071733683e-07,9.965971343260038e-07,9.917100653956243e-07,9.9662054253713e-07,1.0465687161133984e-07,1.1864753446388931e-07,1.0456638400786753e-07,1.1853602899236648e-07,1.3094426034787097e-09,1.3478338445338522e-09,1.722699466173825e-08,1.2951924865944875e-08,1.8507422180270145e-08,1.4285273408631838e-08
0.008665797213325277,-0.0010639637298339721,0.0023099968328178034,9.916661200534079e-07,9.965971929647202e-07,9.917100669554202e-07,9.9662060002675e-07,1.0465691957506351e-07,1.1864770045681106e-07,1.0456643195766446e-07,1.1853619492958123e-07,1.3096865814077319e-09,1.35093430401097e-09,1.722485087896075e-08,1.2935843385096477e-08,1.8505412313629677e-08,1.4272304156669126e-08
0.008667649672133848,-0.00038069001365937446,-0.0007040672846736484,9.916393783237655e-07,9.966270517991081e-07,9.916723821316183e-07,9.966498737412621e-07,1.046485908884778e-07,1.1873222405256456e-07,1.0455808198823398e-07,1.186206901593323e-07,3.849402699428482e-10,2.9296882697593674e-09,1.5981957574519012e-08,4.7471533370924135e-09,1.638284760140189e-08,7.668361057255879e-09
0.008667652582516894,-0.00037961652785234445,-0.0007061337428000005,9.916393363100504e-07,9.96626972476571e-07,9.916723229252966e-07,9.966497740535094e-07,1.0464857780334569e-07,1.1873207818789345e-07,1.0455806886966457e-07,1.1862054423893235e-07,3.834874084951423e-10,2.92532200548113e-09,1.5980004874904807e-08,4.759059237845715e-09,1.6379512857156442e-08,7.675953413977412e-09
0.008669505041325465,0.000878402916154674,-0.0020214343402230606,9.916486218889173e-07,9.965764836816428e-07,9.916882078866598e-07,9.965863227989757e-07,1.0464846433933594e-07,1.1863923532473564e-07,1.0455794122265361e-07,1.1852766590436659e-07,1.876650784660193e-09,1.4619479238309196e-10,1.8934579322455357e-08,1.2337165067322076e-08,2.0818441208838706e-08,1.2508488467233292e-08
0.008669508679304272,0.0008808734963667852,-0.0020161772988532434,9.916486401245395e-07,9.96576434178713e-07,9.916882390825776e-07,9.965862659778398e-07,1.0464846411650797e-07,1.1863908374599914e-07,1.0455794097197213e-07,1.1852751433955685e-07,1.8795831557838483e-09,1.5314741901357145e-10,1.894038170746626e-08,1.2329142279783016e-08,2.0827158664360468e-08,1.250731730075489e-08
0.008671361138112843,0.0010170147287085257,0.000660708166657642,9.91683802674931e-07,9.965512272868502e-07,9.917237533176253e-07,9.965573326553567e-07,1.0465748450528206e-07,1.1856189985337551e-07,1.0456694717774501e-07,1.1845033753843381e-07,1.580728505971348e-10,3.6934248992537277e-09,1.690053105903889e-08,8.243938864893607e-09,1.703206410717962e-08,1.1910959329952675e-08
0.00867136477609165,0.0010172820916942715,0.0006641418527791038,9.91683871729429e-07,9.965513390922342e-07,9.917238230627845e-07,9.965574525368124e-07,1.0465750222010684e-07,1.1856199902575538e-07,1.0456696486471628e-07,1.1845043669688695e-07,1.5469203695772649e-10,3.6880524181883635e-09,1.6896525067977564e-08,8.242677178028167e-09,1.7024611054239358e-08,1.1904404158894504e-08
0.008673217234900221,0.001133366725070087,0.0024125748258274626,9.91723715836011e-07,9.966082703937408e-07,9.91763308538173e-07,9.96618496174051e-07,1.0467233054787935e-07,1.1861249760158898e-07,1.0458177900948757e-07,1.1850092818121993e-07,1.8318140913273936e-09,9.523850597048522e-10,1.605255671617635e-08,7.600226226145423e-09,1.7917831650642215e-08,8.566511056073978e-09
0.008673220872879028,0.0011335946996053892,0.002410849252633706,9.917237940844529e-07,9.96608413903354e-07,9.917633860823116e-07,9.966186579471678e-07,1.0467235966871158e-07,1.1861266009889672e-07,1.0458180810246631e-07,1.1850109067852767e-07,1.835107732439667e-09,9.552094688203422e-10,1.605089927636527e-08,7.607542671604401e-09,1.791958581520703e-08,8.576634387316473e-09
0.0086750733316876,5.6100924195988085e-05,0.0015321873823728183,9.917457935068359e-07,9.96681488998357e-07,9.917940213649405e-07,9.967010328182369e-07,1.047045763559763e-07,1.1869540372799747e-07,1.046140035152292e-07,1.1858383430762842e-07,9.23167014891256e-10,2.3933985904278643e-09,1.933441297964416e-08,1.1333076699315825e-08,2.0228638691111327e-08,1.373143465599469e-08
0.008675076969666407,5.398487200547475e-05,0.0015286611049082164,9.91745836710729e-07,9.966815350285388e-07,9.917940815284965e-07,9.967010776066618e-07,1.0470463962519716e-07,1.1869549086766619e-07,1.0461406674266982e-07,1.1858392140551688e-07,9.213760865378617e-10,2.395338048212532e-09,1.9340861356909045e-08,1.1323486482285543e-08,2.0233173358974454e-08,1.3723736932704853e-08
0.008676929428474978,-0.0015705797580271633,-0.0002669193800670655,9.917176833138556e-07,9.967049735970994e-07,9.917578865093903e-07,9.96723883872619e-07,1.0471778726732544e-07,1.1873986238697398e-07,1.0462720020179689e-07,1.1862827165032286e-07,9.569043937820809e-10,3.3829099521653916e-09,1.4141459981590826e-08,6.4401479704656595e-09,1.511001979819954e-08,9.804056233519987e-09
0.008676933066453785,-0.0015737701834592777,-0.00027020950876819266,9.917176280243882e-07,9.967048931081854e-07,9.917578154272633e-07,9.967237893935535e-07,1.0471781308751815e-07,1.1873977945318348e-07,1.046272259941361e-07,1.1862818867475211e-07,9.569741665771403e-10,3.377056814218511e-09,1.4131249059801121e-08,6.447202796721486e-09,1.5099958616815456e-08,9.805335133847235e-09
0.008678785525262356,0.0005360284819427769,-0.0019455430433821252,9.916984810408565e-07,9.966639081531358e-07,9.917261589685466e-07,9.96675680653425e-07,1.0468254705499176e-07,1.1869754956705947e-07,1.0459194577860847e-07,1.1858593751412627e-07,2.0559013560782823e-09,3.966389716669738e-10,1.8702221152814884e-08,1.0039520326188267e-08,2.0769253459708177e-08,1.0456551180482165e-08
0.008678789163241163,0.0005401718414584922,-0.0019421342719224185,9.916984434387679e-07,9.966638300399607e-07,9.91726096799539e-07,9.966755873217755e-07,1.046824777972688e-07,1.1869736434817901e-07,1.0459187649303203e-07,1.1858575229524582e-07,2.0580595005981195e-09,4.042836596401477e-10,1.8711197924403677e-08,1.0036435248169486e-08,2.078038718877906e-08,1.046104665492921e-08
0.008680645260028541,0.0031942635316670742,-0.00020297907318007403,9.917677581737552e-07,9.96623976698018e-07,9.918084060700494e-07,9.966279695142416e-07,1.0469273092894582e-07,1.1860286567537069e-07,1.0460212251928169e-07,1.1849125362243749e-07,1.1111355585624594e-10,4.304603463553449e-09,1.773956626038853e-08,8.462428442987128e-09,1.782492553559223e-08,1.275463771781164e-08
0.008680646715220064,0.003191985327786703,-0.00020161556459619145,9.917678088533904e-07,9.96623945452748e-07,9.918084659662116e-07,9.966279321815819e-07,1.0469277696520743e-07,1.186027915878185e-07,1.046021685499726e-07,1.184911795348853e-07,1.1308398142663443e-10,4.307661338742719e-09,1.7736518248613064e-08,8.461194411779616e-09,1.7823888430089048e-08,1.2756435907590458e-08
0.00868250135681592,0.00028841448225369604,0.0030847296096619503,9.918324000484863e-07,9.966774647077002e-07,9.918848036249983e-07,9.96681777494476e-07,1.0475145018062904e-07,1.186102606370227e-07,1.0466083466553755e-07,1.184986485840895e-07,2.6243913708867694e-09,5.674914631163504e-10,1.3851827240785042e-08,8.25742142583873e-09,1.6502097466286614e-08,8.8251618527473e-09
0.008682502812007442,0.00028646845722739555,0.003087308146479728,9.918323723081852e-07,9.96677506700054e-07,9.91884764600833e-07,9.96681819742662e-07,1.0475145304841516e-07,1.186102664973987e-07,1.046608375110496e-07,1.184986544444655e-07,2.6227890710892244e-09,5.645568457168793e-10,1.385750012475187e-08,8.25726154118911e-09,1.6506137067402782e-08,8.822077290915331e-09
0.008684358181199059,-0.0021947134513057576,0.0021173064058204426,9.917970034244133e-07,9.967740644573083e-07,9.918350087900762e-07,9.96797734860229e-07,1.047551094757182e-07,1.1876034532302338e-07,1.0466446553891728e-07,1.1864872616744817e-07,5.798568292192385e-10,3.0975214586321565e-09,2.109042718245746e-08,9.868333407721254e-09,2.1656628490518415e-08,1.2977367906624103e-08
0.00868435890879482,-0.002193658930186696,0.0021169260129809686,9.917969910600618e-07,9.967741023230954e-07,9.918349923899366e-07,9.96797780317138e-07,1.0475509969356968e-07,1.1876040417746481e-07,1.0466445574841272e-07,1.1864878501910425e-07,5.802561391001004e-10,3.0985147780882016e-09,2.108738413521986e-08,9.868965200610091e-09,2.165398875462132e-08,1.2978997432355754e-08
0.008686214277986437,0.0004953699234198639,-0.0015038627724348196,9.917654619637856e-07,9.967854242201741e-07,9.917931720337947e-07,9.96807549722903e-07,1.047301552148383e-07,1.1882068197902373e-07,1.0463948996175532e-07,1.1870902732136897e-07,1.5984963352977388e-09,2.674887278759836e-09,1.3327613679336991e-08,7.197347336369933e-09,1.4922662217031757e-08,9.851995953286171e-09
0.00868621573317796,0.0004964573670824979,-0.0015067026067763223,9.91765496572867e-07,9.967854331000934e-07,9.917932162255436e-07,9.96807557385182e-07,1.0473016401866327e-07,1.1882072925573084e-07,1.0463949875444324e-07,1.187090745702335e-07,1.5988432593720207e-09,2.6745550218976177e-09,1.333186143091276e-08,7.1952519498097445e-09,1.4927274709934183e-08,9.849543403106509e-09
0.008688071102369577,0.0018829480369408902,-0.0017610589842243654,9.91809623151582e-07,9.967248022075924e-07,9.918495607053046e-07,9.967268713719736e-07,1.0474138889549067e-07,1.1868271071623539e-07,1.0465070943155297e-07,1.1857103472281202e-07,2.0411714540813364e-09,9.179840911116532e-10,1.8747744690017498e-08,9.822317247110658e-09,2.0808203160527228e-08,1.0761808518248075e-08
0.008688071829965338,0.0018824578946660944,-0.0017611587318233646,9.918096414545673e-07,9.967247784307717e-07,9.918495799130769e-07,9.967268397303997e-07,1.04741397855961e-07,1.1868265659131794e-07,1.0465071838923795e-07,1.1857098058953852e-07,2.0405113126529037e-09,9.17295239766247e-10,1.874720002670048e-08,9.823347468795873e-09,2.0806978440824426e-08,1.0762166269273621e-08
0.008689927199156955,0.0006325950939367608,0.0013685710667725812,9.918563140668194e-07,9.96717540023747e-07,9.918985597323626e-07,9.967230910049318e-07,1.0476424705530007e-07,1.1861879336104437e-07,1.0467356048593501e-07,1.1850711735926495e-07,3.571506701494087e-10,4.413796780261461e-09,1.7358308568304892e-08,7.460168328438151e-09,1.768394319867639e-08,1.1855382121495549e-08
0.008689928654348478,0.0006325110565308402,0.0013710257568106954,9.918563309173326e-07,9.96717534346565e-07,9.918985719385512e-07,9.967230880647548e-07,1.0476425461734581e-07,1.1861874327223632e-07,1.0467356804241223e-07,1.185070672704569e-07,3.591259809342555e-10,4.4165391344108684e-09,1.7355160132421588e-08,7.458314854602577e-09,1.7682819932793434e-08,1.185623954569337e-08
0.008691784023540094,0.0005253633639821231,0.002600490179124777,9.918778153218127e-07,9.967912295752116e-07,9.919141348291305e-07,9.968047968584126e-07,1.047738962256517e-07,1.1871517584277613e-07,1.0468320255085928e-07,1.1860350694363872e-07,2.877647231613878e-09,1.5786450087175355e-10,1.3340904381209384e-08,8.380465959588742e-09,1.6250655932026348e-08,8.548210665470832e-09
0.008691784751135856,0.0005250896680923133,0.0026009723220354886,9.918778178848037e-07,9.967912584753013e-07,9.91914140353099e-07,9.968048289010767e-07,1.0477390568099312e-07,1.1871521365947046e-07,1.0468321199784793e-07,1.1860354476311841e-07,2.876670077019265e-09,1.5619443238801267e-10,1.3344134258390142e-08,8.38082758747305e-09,1.625288843321827e-08,8.546913399243294e-09
0.008693640847923234,-0.00017310854681251708,0.0010458873268811195,9.918843560751487e-07,9.968589364053525e-07,9.91928231997008e-07,9.968780145355711e-07,1.0479802625695811e-07,1.1879611276437072e-07,1.0470731126588362e-07,1.1868442256008937e-07,3.8394870616187404e-10,4.289382441641414e-09,2.1583550946502328e-08,9.312048021570263e-09,2.194799897381472e-08,1.360597337199964e-08
0.008693641575518996,-0.00017356362999320043,0.0010452777286862336,9.918843451093035e-07,9.968589629353134e-07,9.919282185827634e-07,9.968780432245694e-07,1.0479802881390923e-07,1.1879614447707354e-07,1.0470731381726404e-07,1.1868445426443941e-07,3.845522116256052e-10,4.291002664302823e-09,2.157984939765659e-08,9.31241306290076e-09,2.1944907719483502e-08,1.36079565393743e-08
0.008695496944710612,-0.0013340257407357115,-0.0008360325505730164,9.918563822040561e-07,9.968628178292154e-07,9.918940122588538e-07,9.968853134800224e-07,1.0480454903927239e-07,1.1881292854337334e-07,1.0471381983734318e-07,1.1870120993130385e-07,1.9234911441401437e-09,1.650787253845213e-09,1.214089984102884e-08,7.4082965954755614e-09,1.406220917488099e-08,9.041655701402563e-09
0.008695498399902135,-0.001332209515720493,-0.0008375080880469454,9.91856377102906e-07,9.968628208526616e-07,9.918939976470657e-07,9.968853191821836e-07,1.0480452355217128e-07,1.1881294170734691e-07,1.0471379432796801e-07,1.1870122307300335e-07,1.9232259729392285e-09,1.6487164966605405e-09,1.2146565961336025e-08,7.406803170795229e-09,1.4067628749109604e-08,9.038074288980624e-09
0.008697353769093752,0.000983477378683123,-0.0017404027060371407,9.918498731365948e-07,9.96814977951155e-07,9.918753676174674e-07,9.96825339574696e-07,1.0477202749825665e-07,1.1875483646259329e-07,1.0468126987461801e-07,1.1864311072839088e-07,1.5851326917726283e-09,2.0128063547141386e-09,1.9370869352997033e-08,8.46557405785071e-09,2.09775858905914e-08,1.0496992332824792e-08
0.008697355224285275,0.0009851059862882043,-0.0017411108586787016,9.918499319999367e-07,9.968149404273107e-07,9.918754386271928e-07,9.968252925318666e-07,1.0477204455462342e-07,1.187547908898523e-07,1.0468128691427923e-07,1.1864306515008138e-07,1.584303135129814e-09,2.013091915387122e-09,1.936928849146688e-08,8.466404466389577e-09,2.0975134797970993e-08,1.0498136582270945e-08
0.008699210593476892,0.0030615806827669623,0.0007502440929391873,9.91924982760992e-07,9.967965924445954e-07,9.919659760271315e-07,9.968004146264882e-07,1.0479379142225298e-07,1.1865663534137737e-07,1.0470301248233227e-07,1.1854489540188877e-07,5.266184155416909e-10,3.7128353961486553e-09,1.735369004052245e-08,8.406704415843825e-09,1.7849991706953006e-08,1.2108491065261302e-08
0.008699212048668414,0.003058973294092212,0.0007521980968228092,9.919250234500883e-07,9.967965780540206e-07,9.919660252082713e-07,9.968003951144055e-07,1.0479383636575157e-07,1.1865655835663347e-07,1.047030574035568e-07,1.1854481840600783e-07,5.28253544094624e-10,3.714168528290429e-09,1.735069232280924e-08,8.406657592274769e-09,1.7848673815841543e-08,1.2109754088385216e-08
0.008701067417860031,-0.00026544726621463566,0.003559547277415003,9.919769020480556e-07,9.968766177016225e-07,9.920287311615539e-07,9.968911597098271e-07,1.0485113932645618e-07,1.1873067378307324e-07,1.0476033196482604e-07,1.1861894093230645e-07,2.613042449084446e-09,1.964050460712476e-10,1.3528602238466192e-08,8.267182640310724e-09,1.6168362648727452e-08,8.461442811478197e-09
0.008701068873051554,-0.0002671625264581822,0.003561749119909585,9.91976862473153e-07,9.968766804778166e-07,9.92028678327467e-07,9.968912308977451e-07,1.0485113439275034e-07,1.1873073191281946e-07,1.0476032702555169e-07,1.1861899906762119e-07,2.611135706241328e-09,1.9364601588911512e-10,1.353477550308251e-08,8.267073248191537e-09,1.617259618875244e-08,8.458581390868858e-09
0.00870292424224317,-0.002454119336980032,0.000782049679108764,9.919264044722518e-07,9.96957233532529e-07,9.91961314866785e-07,9.969856306208933e-07,1.0484484391781734e-07,1.1889170701231836e-07,1.0475402945075984e-07,1.187799599674024e-07,1.800385812655847e-10,4.428370549764574e-09,2.140568788888686e-08,7.530779724652767e-09,2.157035972061294e-08,1.1971937663446397e-08
0.008702925697434694,-0.002451670723222724,0.0007798695226846064,9.91926378514436e-07,9.969572967113953e-07,9.919612830594173e-07,9.969857046598918e-07,1.0484482132634494e-07,1.1889183326729835e-07,1.0475400684258189e-07,1.1878008621124536e-07,1.8140820899839045e-10,4.4316919023401624e-09,2.1398168242539257e-08,7.530202239536266e-09,2.1564218277285523e-08,1.1974693236993517e-08
0.00870478106662631,0.000670311817344782,-0.002527401245836903,9.91893282299279e-07,9.969248254190665e-07,9.919207286657183e-07,9.969460590481244e-07,1.0481601719902756e-07,1.1885637657224708e-07,1.0472518141568798e-07,1.1874460111675873e-07,1.927683568325733e-09,6.443836936526186e-10,1.1810619149343893e-08,9.706898262544588e-09,1.3733878034827285e-08,1.0336399034499652e-08
0.008704782521817833,0.0006714395346851818,-0.0025299951836945667,9.91893322755856e-07,9.969247999513861e-07,9.919207801431896e-07,9.96946027953527e-07,1.0481603126515755e-07,1.1885634876307449e-07,1.047251954873843e-07,1.1874457328531207e-07,1.92694435182991e-09,6.414132558418828e-10,1.1817279191231247e-08,9.708605475111654e-09,1.3739821040152642e-08,1.0335114097870246e-08
0.008706638618605211,0.0021098430023651638,-0.0006677050585166646,9.919449251201489e-07,9.968654610898644e-07,9.919864396579214e-07,9.968684102697386e-07,1.0483397261396021e-07,1.1871445926188113e-07,1.04743143936048e-07,1.1860266957883251e-07,9.840737114075182e-10,2.627291957267048e-09,2.0312162618552065e-08,7.311350230746447e-09,2.1320124332646628e-08,9.94820116636113e-09
0.008706639346200973,0.0021091483368070635,-0.0006669750349474063,9.91944942923686e-07,9.968654378288446e-07,9.919864589027152e-07,9.96868379843363e-07,1.0483398480622762e-07,1.187144036407517e-07,1.0474315612274688e-07,1.1860261395213456e-07,9.84034004663878e-10,2.6280704279457723e-09,2.0310427597508474e-08,7.310410499172804e-09,2.1318326485509006e-08,9.94804949527861e-09
0.008708495442988351,0.0003370564980933466,0.00215468836880596,9.919903597467043e-07,9.96893071758543e-07,9.920355523718172e-07,9.96905313587479e-07,1.0486508728035915e-07,1.1871769216450665e-07,1.0477424439159222e-07,1.1860592378381881e-07,8.827421016377457e-10,2.7203590649708375e-09,1.588438891531041e-08,8.464634838232574e-09,1.6732018437437546e-08,1.1180372278281567e-08
0.008708496170584112,0.0003368372379819068,0.002155794469709038,9.919903605802468e-07,9.968930825911301e-07,9.920355505898917e-07,9.969053280656226e-07,1.0486509034861187e-07,1.1871769345361827e-07,1.0477424744870791e-07,1.186059250812832e-07,8.83197588122221e-10,2.7203952424059707e-09,1.5884069908211722e-08,8.465087297793161e-09,1.6732183659505546e-08,1.11808553526771e-08
0.00871035226737149,-0.00022249530630102932,0.002005434498168,9.919924869468471e-07,9.96970316840293e-07,9.920310048983083e-07,9.969934799400722e-07,1.0487291746130722e-07,1.188408192434623e-07,1.0478204615083087e-07,1.1872904377126621e-07,2.0451436100188403e-09,6.286187126174518e-10,1.5070282799456436e-08,9.183270189545999e-09,1.7153665154978626e-08,9.814918415544698e-09
0.008710353722563013,-0.00022259778336618163,0.0020053166150072466,9.919924785678168e-07,9.969703773924286e-07,9.920309991093192e-07,9.969935490516946e-07,1.0487292824329922e-07,1.1884091577485378e-07,1.0478205692725653e-07,1.1872914029709136e-07,2.0437341548836537e-09,6.269787466983701e-10,1.507552177744182e-08,9.183833249437612e-09,1.715744166039593e-08,9.81384751241876e-09
0.008712209819350392,-0.0003533072799679353,9.888041344767906e-05,9.919817911145113e-07,9.970094194547249e-07,9.920236152538564e-07,9.970288918037564e-07,1.048866806740989e-07,1.188878571430966e-07,1.0479580225819518e-07,1.1877607456269109e-07,2.45974129953197e-10,4.506270778787143e-09,2.1757838197800083e-08,6.9891174196053005e-09,2.1974374320166135e-08,1.1493904935450332e-08
0.008712210546946153,-0.00035336378449099423,9.813308447803593e-05,9.91981784924024e-07,9.970094347593357e-07,9.920236075915773e-07,9.97028905658226e-07,1.0488668083558589e-07,1.1888787554426017e-07,1.0479580241411364e-07,1.1877609296107039e-07,2.467063810294115e-10,4.507791473429279e-09,2.175341163801957e-08,6.988257084117322e-09,2.1970693973995507e-08,1.1494563523228862e-08
0.008714066643733531,-0.0004975068228143253,-0.0012318733719504354,9.919659929907957e-07,9.969883720881413e-07,9.920040611177683e-07,9.970098212317987e-07,1.0488709278888564e-07,1.1885834722226955e-07,1.047962001621272e-07,1.1874653623963569e-07,2.114678876452558e-09,1.9048402112290644e-10,1.0461257637928156e-08,1.0009199137446155e-08,1.2582130892724308e-08,1.0202356867844977e-08
0.008714068098925054,-0.0004959811752108692,-0.0012329161053541426,9.919660068511386e-07,9.96988355574875e-07,9.92004069756721e-07,9.970098062694888e-07,1.0488707748702915e-07,1.188583240718799e-07,1.0479618484913805e-07,1.187465130669807e-07,2.113522569300863e-09,1.8709922500192988e-10,1.0470830424935684e-08,1.0011567574963465e-08,1.259056212519586e-08,1.020134376972237e-08
0.008715924195712432,0.0014499823429974246,-0.0009233167285269099,9.919836857186693e-07,9.969483360591489e-07,9.920150887410273e-07,9.96960144588939e-07,1.048675599690796e-07,1.1881056589968067e-07,1.0477665313146645e-07,1.1869874779213836e-07,6.386527973134548e-10,3.5034453647116356e-09,2.2680920253037584e-08,7.988419640514653e-09,2.3344599142660627e-08,1.1488836332998612e-08
0.008715924923308194,0.0014503344131844408,-0.0009231953646002822,9.919837133560146e-07,9.969483203713732e-07,9.920151217511944e-07,9.969601251214044e-07,1.0486757188292115e-07,1.188105471783274e-07,1.0477666503695523e-07,1.1869872906800083e-07,6.388745574454818e-10,3.5047453827985464e-09,2.267772253856541e-08,7.987626560179706e-09,2.3341593144563028e-08,1.1489341034121026e-08
0.008717781020095572,0.002348465460262794,0.0016055176161520355,9.92054216223661e-07,9.969610217303807e-07,9.92099330687779e-07,9.969666001946566e-07,1.0489796409274277e-07,1.1875187392684135e-07,1.0480703593884755e-07,1.1864005581651478e-07,1.2045846542463323e-09,2.0234583348651804e-09,1.4520352920044388e-08,7.628404654357008e-09,1.5673291997586603e-08,9.64962504609286e-09
0.008717782475287095,0.0023462111199663784,0.00160750014298916,9.920542426974588e-07,9.969610316883258e-07,9.920993618592583e-07,9.969666052711545e-07,1.0489799816984913e-07,1.1875182792664418e-07,1.0480706999925491e-07,1.1864000981631762e-07,1.2050309755567468e-09,2.022296996528894e-09,1.4520422531245467e-08,7.628123022129785e-09,1.567389537027201e-08,9.648182697219454e-09
0.008719638572074473,-0.0005291999281119425,0.0033786181346536735,9.92088010026555e-07,9.970536046426509e-07,9.921391210809816e-07,9.970750911475713e-07,1.04941463519026e-07,1.1884704416281062e-07,1.0485051404884871e-07,1.1873522605248405e-07,1.7743138069903353e-09,1.1460990431931358e-09,1.4609211618221707e-08,1.0230334796997155e-08,1.644349723051164e-08,1.1387130357761962e-08
0.008719640027265996,-0.0005303825627579308,0.0033800067022676794,9.920879726567567e-07,9.970536772204278e-07,9.921390718300444e-07,9.970751762011787e-07,1.0494145577068689e-07,1.1884711881293697e-07,1.0485050627267792e-07,1.187353007026104e-07,1.7730860081619798e-09,1.1454120985021632e-09,1.4615955133573091e-08,1.0232374947349854e-08,1.644892954681361e-08,1.1388493703634595e-08
0.008721496124053374,-0.0020388330537159938,-1.6941356019332422e-05,9.920403074790822e-07,9.97116074252227e-07,9.920762522597215e-07,9.971449525669856e-07,1.0493157276414422e-07,1.1899082659076373e-07,1.0484058776683014e-07,1.1887898006986477e-07,2.0702860259458333e-10,4.156761088375382e-09,2.3217308964262884e-08,6.793298242291774e-09,2.337784898998052e-08,1.0932521773271646e-08
0.008721496851649135,-0.0020377240762318827,-1.8272970311095094e-05,9.920402984099896e-07,9.97116098712059e-07,9.920762410825197e-07,9.971449799195398e-07,1.0493156270299268e-07,1.1899088292466331e-07,1.0484057769176275e-07,1.1887903639262731e-07,2.0776286697061115e-10,4.1579415466230785e-09,2.3211656613846814e-08,6.791950113438361e-09,2.3372954663838434e-08,1.0932343030845004e-08
0.008723353676032275,0.0007923864632202182,-0.002846965070133174,9.920171540857745e-07,9.970628756920452e-07,9.920477168634534e-07,9.97078158243002e-07,1.0490588664424649e-07,1.1890335704031222e-07,1.0481486611979562e-07,1.1879147499505527e-07,2.0816055545935797e-09,4.035441905996384e-11,8.786858352038962e-09,8.821075233619332e-09,1.0882634349229647e-08,8.877910301585199e-09
0.008723354403628036,0.0007930637522762783,-0.002848073491802383,9.920171781925836e-07,9.970628548366298e-07,9.920477446169409e-07,9.970781320589595e-07,1.0490589270836122e-07,1.1890332274333559e-07,1.0481487217834184e-07,1.1879144068416281e-07,2.080912719447394e-09,3.8740944480197825e-11,8.792707015633494e-09,8.821870345343541e-09,1.088779392836767e-08,8.877105273086272e-09
0.008725210500415415,0.0025208281342854466,0.00034078454780315116,9.920786746622867e-07,9.97016363531082e-07,9.92118543763354e-07,9.970175844441635e-07,1.0492136226503135e-07,1.1876625992630532e-07,1.0483032752972576e-07,1.1865437076727151e-07,3.1349026152760473e-10,3.7656652880046755e-09,2.3712647845286483e-08,9.705662820330972e-09,2.4049880309462424e-08,1.34657791759635e-08
0.008725211955606937,0.002519529010714435,0.00034328463250687946,9.920787238961458e-07,9.970163270816067e-07,9.921185981798504e-07,9.970175369744538e-07,1.0492138881088569e-07,1.187661524681971e-07,1.0483035406444743e-07,1.1865426330359696e-07,3.1429107046150197e-10,3.768587220065456e-09,2.3704934263065423e-08,9.706355719174553e-09,2.4042908312734817e-08,1.3469376725083748e-08
0.008727068052394316,0.0008624968958892421,0.0029544422726300408,9.921415216833374e-07,9.970775740820941e-07,9.921880064212019e-07,9.970888763780031e-07,1.0495524804809975e-07,1.1882510261426302e-07,1.0486419910193945e-07,1.1871322764938492e-07,1.3357228656474263e-09,1.362714558159963e-09,1.3866260140105169e-08,7.106862303595992e-09,1.51501264866738e-08,8.462810327345658e-09
0.008727069507585838,0.0008613881596305223,0.0029564894365972094,9.921415261818813e-07,9.970776221001266e-07,9.921880074895198e-07,9.97088932308543e-07,1.0495525913189873e-07,1.1882514883154727e-07,1.0486421017461011e-07,1.1871327387780184e-07,1.3357809474387823e-09,1.360828338903275e-09,1.3868013795883144e-08,7.1048242844540255e-09,1.515202682960389e-08,8.458885147888395e-09
0.008728926331968978,-0.0005533593064958597,0.001464293514354911,9.921472663240188e-07,9.971596974187311e-07,9.921893706632545e-07,9.9718416456184e-07,1.0496940205939609e-07,1.1895186000389357e-07,1.0487833890238107e-07,1.1883996374221557e-07,1.4098933132089542e-09,1.7764714145903398e-09,1.6105678568578696e-08,1.0977889946346493e-08,1.757686440839734e-08,1.2774758059150689e-08
0.00872892705956474,-0.0005534170026545474,0.0014637087980844399,9.92147257199845e-07,9.971597295799062e-07,9.9218935930793e-07,9.971842018785537e-07,1.0496940336748495e-07,1.1895190965560687e-07,1.0487834020768677e-07,1.1884001338557937e-07,1.4094407302058912e-09,1.7766342841341043e-09,1.6107210097801674e-08,1.0979407605304914e-08,1.7577897219697375e-08,1.277644923192156e-08
0.008730783883947879,-0.0007006575996255787,-0.0005157944567080572,9.921239723081634e-07,9.971773162817463e-07,9.921603805196355e-07,9.971937478323448e-07,1.0497274161025416e-07,1.1896622858629354e-07,1.0488167134781179e-07,1.1885430390568928e-07,2.544489063893707e-10,3.6368657391042793e-09,2.001567267484461e-08,7.507050045008194e-09,2.0213631657384212e-08,1.1115550045795264e-08
0.00873078461154364,-0.000700318704458727,-0.0005165701241276466,9.921239684074073e-07,9.971773231730871e-07,9.921603762892205e-07,9.971937515729223e-07,1.049727378835925e-07,1.1896623419715979e-07,1.0488166761558378e-07,1.1885430950542286e-07,2.550712691069407e-10,3.6375946699251926e-09,2.001257591919468e-08,7.505689403330962e-09,2.0211194678793838e-08,1.1114899223230168e-08
0.00873264143592678,0.00016454176134683696,-0.001275357317473572,9.921140136778003e-07,9.971440447065198e-07,9.92149580270052e-07,9.971577269615915e-07,1.0496322744302233e-07,1.1891381668303896e-07,1.0487214296972525e-07,1.1880187068336945e-07,1.8433409243456822e-09,1.1813428774618653e-10,1.210965550058063e-08,8.680278532255337e-09,1.3992025316156287e-08,8.823404202338478e-09
0.008732642163522542,0.00016515197151562236,-0.001275654647878488,9.921140274071691e-07,9.971440316663683e-07,9.921495936292574e-07,9.971577128453646e-07,1.0496322777978564e-07,1.189137961432607e-07,1.0487214330370537e-07,1.1880185013524169e-07,1.842677346843339e-09,1.167551888503482e-10,1.2113707344091208e-08,8.680738794453191e-09,1.3995394001910535e-08,8.822506281092046e-09
0.008734498987905681,0.0017224083222560083,-0.00030510505053413977,9.921490647564192e-07,9.971146938582049e-07,9.921836863213684e-07,9.971238606976198e-07,1.049640871997326e-07,1.188761171692504e-07,1.0487299562100816e-07,1.18764156961505e-07,1.492275608638849e-10,4.005013769616395e-09,2.2454011983086275e-08,1.0750902707016363e-08,2.2592280046751512e-08,1.4745536095031056e-08
0.008734500443097204,0.0017221905183075505,-0.0003043444317274435,9.921491108392774e-07,9.971146708661922e-07,9.92183738600392e-07,9.971238341677235e-07,1.0496411184746651e-07,1.1887608764027391e-07,1.0487302024647672e-07,1.1876412742140019e-07,1.5018473067537242e-10,4.0080609942094725e-09,2.2446890794649502e-08,1.0752525092527776e-08,2.258611496203163e-08,1.4750177967925993e-08
0.008736356539884582,0.0014443815820497363,0.0020830010263163706,9.922078895249543e-07,9.971477191945518e-07,9.92250420495111e-07,9.971505296451663e-07,1.0499555003207206e-07,1.1885524954817425e-07,1.0490443003163819e-07,1.1874327512957849e-07,1.3710548252277022e-09,1.074832398912042e-09,1.3363814943545549e-08,5.709933556222596e-09,1.472254940182438e-08,6.770699632931781e-09
0.008736357995076105,0.0014428122271681245,0.0020848727201290274,9.922079023989899e-07,9.971477451046484e-07,9.922504356296156e-07,9.971505505745881e-07,1.0499557171002428e-07,1.1885523321097935e-07,1.0490445168733378e-07,1.1874325878125092e-07,1.3706413632631322e-09,1.0725327292959719e-09,1.3369552711067597e-08,5.705980132830746e-09,1.4727908952094255e-08,6.764443671869458e-09
0.008738214819459245,-0.0005596846017685841,0.0027606908490693874,9.922243296682366e-07,9.972377236277258e-07,9.922697472575237e-07,9.972573743432028e-07,1.0502323277705727e-07,1.189518575825376e-07,1.0493208435491397e-07,1.1883987605016497e-07,8.430638964718185e-10,1.9857341200265e-09,2.0690944069201578e-08,1.0407001471845211e-08,2.156669509645326e-08,1.2424384124645612e-08
0.008738215547055006,-0.0005598466858641968,0.0027609556680854297,9.922243185129573e-07,9.972377588857679e-07,9.922697311819465e-07,9.972574162020464e-07,1.050232293537609e-07,1.1895189544475215e-07,1.0493208091213541e-07,1.1883991390959636e-07,8.429185177242614e-10,1.986091957562053e-09,2.068922107055918e-08,1.0408843564846393e-08,2.156479497979613e-08,1.2426601969650619e-08
0.008740072371438146,-0.0009734852978677822,-0.0004454879634459307,9.92195850240426e-07,9.972807063947953e-07,9.922287063091062e-07,9.973061496630616e-07,1.0501449310140742e-07,1.1907122284557955e-07,1.0492329494127262e-07,1.1895922001083415e-07,4.719119539586814e-10,3.516460814520821e-09,1.6292128535155825e-08,8.20975678633902e-09,1.6715697270797136e-08,1.1691295762359618e-08
0.008740073826629668,-0.0009719938695423862,-0.00044800085030449743,9.92195849623183e-07,9.972807400527178e-07,9.922287046176028e-07,9.97306187855429e-07,1.0501447987540835e-07,1.1907131636235135e-07,1.0492328169858106e-07,1.1895931351091349e-07,4.725124253410348e-10,3.517660163154801e-09,1.629204347311923e-08,8.20803336409881e-09,1.6716288698860886e-08,1.1690719503576474e-08
0.008741930651012808,0.0009310686736627716,-0.0026814509511816635,9.921950620209623e-07,9.97222615378121e-07,9.922265462591895e-07,9.972315248597056e-07,1.0499760350057841e-07,1.1897413798454631e-07,1.0490638402416153e-07,1.1886210672253169e-07,1.2387139092240318e-09,1.0983885796809286e-10,1.61835043144265e-08,7.212359398400614e-09,1.747095090820494e-08,7.344519189454194e-09
0.00874193137860857,0.0009314692349689234,-0.0026823261275534804,9.921950830104292e-07,9.972225926019945e-07,9.92226570617474e-07,9.97231495603046e-07,1.0499761206438568e-07,1.1897409990524466e-07,1.0490639258518563e-07,1.1886206863209736e-07,1.238254366477768e-09,1.0850350479207904e-10,1.6185353404485442e-08,7.21196924402534e-09,1.7472307474280847e-08,7.3428161329047725e-09
0.008743788202991709,0.001953701688268472,0.0004466461633861065,9.92248648129907e-07,9.971811254838303e-07,9.922887329594232e-07,9.971828757398422e-07,1.0501946690055775e-07,1.1884901451536086e-07,1.049282403187135e-07,1.1873697614235036e-07,6.550127801263628e-11,3.8259776010962e-09,2.0904231234908366e-08,1.0108739610977584e-08,2.0934264099992106e-08,1.3929869527591854e-08
0.008743789658183232,0.0019525480729382127,0.00044909833602790883,9.922486835527115e-07,9.971810929860888e-07,9.922887701724993e-07,9.97182837636501e-07,1.0501949085424981e-07,1.1884891648605844e-07,1.0492826426684141e-07,1.1873687810748379e-07,6.620083779431307e-11,3.8288909820494155e-09,2.0897791781396052e-08,1.011100980718993e-08,2.0928558571886103e-08,1.393503179514255e-08
0.008745646482566372,0.00048053491152708766,0.002990298447651229,9.922938830514398e-07,9.972449935235297e-07,9.923362540575908e-07,9.972547450510058e-07,1.0505005576533222e-07,1.1892235747101462e-07,1.0495882207806062e-07,1.1881032619230317e-07,9.588391192139056e-10,7.158570070140767e-10,1.268104909968315e-08,7.0518686750098285e-09,1.3648304708624437e-08,7.759111953829775e-09
0.008745647937757894,0.000479755503577276,0.002992289983788865,9.922938825532678e-07,9.972450436023209e-07,9.92336251742902e-07,9.972548014047788e-07,1.0505005981603787e-07,1.1892241502664547e-07,1.0495882612320212e-07,1.1881038375349817e-07,9.58296888657792e-10,7.134173252154596e-10,1.2688345707271712e-08,7.049471228981474e-09,1.3655068960708153e-08,7.754271891258213e-09
0.008747504762141034,-0.0005147690403823901,0.0013369978112603993,9.922932468856158e-07,9.9732541882988e-07,9.9233329819981e-07,9.973468516734788e-07,1.0505522851644855e-07,1.190420661706671e-07,1.049639877237496e-07,1.1893001358958722e-07,2.6641069905686265e-10,2.2355121994317717e-09,2.1998816990276282e-08,1.0923145054782694e-08,2.2286254619530155e-08,1.318105606279162e-08
0.008747505489736795,-0.0005145266845733106,0.0013363491858009446,9.92293243898389e-07,9.97325450324875e-07,9.923332934814056e-07,9.973468877433334e-07,1.0505522731459083e-07,1.1904211305591161e-07,1.0496398651354565e-07,1.1893006046648225e-07,2.6640550525402246e-10,2.236108631592515e-09,2.199598185520865e-08,1.0924662952049857e-08,2.2283388732762716e-08,1.3183182545617456e-08
0.008749363041715696,0.00010420769600671953,-0.0006203418648622581,9.922856175080119e-07,9.97338736296233e-07,9.923212473950116e-07,9.973565473409136e-07,1.0505215897183007e-07,1.1905849885857152e-07,1.0496089686284904e-07,1.189464320638516e-07,2.5314572660306567e-10,2.5108493830155308e-09,1.4757882027538471e-08,7.265948315651156e-09,1.49667798154951e-08,9.742355758459325e-09
0.008749363769311458,0.00010435185206895527,-0.0006211082930058787,9.922856217032561e-07,9.973387415002953e-07,9.923212526920882e-07,9.973565511245397e-07,1.0505216021541896e-07,1.190585052768256e-07,1.0496089809252755e-07,1.1894643847654152e-07,2.5314501460843294e-10,2.510956997880953e-09,1.4759024906595329e-08,7.264515211602429e-09,1.4967959354690036e-08,9.741008000219153e-09
0.008751221321290359,0.0004723822789567955,-0.0011606323902206128,9.92296332161746e-07,9.973056408154207e-07,9.923347761287005e-07,9.973156398877295e-07,1.0505533509785892e-07,1.1899076024614931e-07,1.049640374617411e-07,1.1887867924057467e-07,2.513272923110321e-10,4.582634633833343e-10,1.7676795138754642e-08,8.94122691660712e-09,1.797932291935922e-08,9.437155059498941e-09
0.00875122204888612,0.00047240031736948805,-0.0011608437196750643,9.922963393718047e-07,9.973056278500134e-07,9.92334784255533e-07,9.9731562386296e-07,1.0505534202287503e-07,1.189907337106888e-07,1.0496404437287943e-07,1.1887865269955e-07,2.5125306956502724e-10,4.5745943144659407e-10,1.7678002112164747e-08,8.941883677948681e-09,1.7980420381064067e-08,9.437036041504143e-09
0.008753080328460783,0.0005184704233862575,0.00022135967901171227,9.923147538612079e-07,9.972881696099784e-07,9.923555401858408e-07,9.972983434636262e-07,1.0507302851403555e-07,1.1893686746589083e-07,1.0498169542016988e-07,1.1882477934932467e-07,6.168817626855949e-11,3.080271371302956e-09,2.0760612201575768e-08,1.0845044862151099e-08,2.0783337575241978e-08,1.389540038587711e-08
0.00875308396643959,0.0005185606154497202,0.0002252980258955928,9.923147899115004e-07,9.972882589015107e-07,9.923555808200035e-07,9.97298432490124e-07,1.0507306313911613e-07,1.1893692926975487e-07,1.0498172997586153e-07,1.1882484115318871e-07,6.131706253853508e-11,3.0746228579363967e-09,2.0766647068626298e-08,1.0835175057708127e-08,2.078882488376621e-08,1.3879961696656822e-08
0.008754938608035445,0.000548227590701329,0.0022330672672978835,9.923345760885896e-07,9.973337797245967e-07,9.92372146603639e-07,9.973438181987149e-07,1.0508462940328982e-07,1.1896843687964065e-07,1.0499327496548432e-07,1.1885634876307449e-07,1.5224422993169784e-10,1.9501074366434779e-10,1.3671689829141572e-08,5.803548752680854e-09,1.3842688446478336e-08,6.00931793215409e-09
0.008754942246014252,0.0005482857840619637,0.0022317474709390075,9.923346149002355e-07,9.973339176761183e-07,9.923721790983109e-07,9.973439791141097e-07,1.0508465209113638e-07,1.1896863724490231e-07,1.049932976115997e-07,1.1885654910051538e-07,1.5242258843972678e-10,1.992637645040131e-10,1.365777269057844e-08,5.817020984798707e-09,1.3829063227888128e-08,6.027048344263449e-09
0.008756796887610108,0.0004711432480824644,0.0015589152871839929,9.923535188486768e-07,9.974042453618813e-07,9.923946450240633e-07,9.974260137823876e-07,1.050885949745702e-07,1.1907078345529953e-07,1.0499721922048262e-07,1.1895868112787866e-07,5.6316605320657253e-11,2.367453788565399e-09,2.3013778562646736e-08,1.268516491848004e-08,2.307468963836015e-08,1.5066012437614518e-08
0.008756800525588915,0.00047099192886712604,0.0015540380331377735,9.92353555929784e-07,9.97404268154881e-07,9.923946890921798e-07,9.974260411580357e-07,1.050886027087472e-07,1.190708774199859e-07,1.0499722691292845e-07,1.1895877502301308e-07,5.612808828825422e-11,2.3647625053645793e-09,2.3032130869182765e-08,1.2673741439072348e-08,2.3092825429671393e-08,1.5051807296592126e-08
0.00875865516718477,0.00017528090423388453,-0.0009323860796248695,9.923655312166651e-07,9.974158880261746e-07,9.924068297692278e-07,9.974399972634274e-07,1.0509833227002637e-07,1.1911878061710013e-07,1.0500694229117367e-07,1.1900664276254247e-07,7.606769574765256e-11,9.9274632958668e-10,1.3914395535018183e-08,6.850051637030674e-09,1.3964355311697536e-08,7.810026403376469e-09
0.008758658805163577,0.00017470085122361922,-0.0009329222374789369,9.923655547068316e-07,9.974158102228467e-07,9.92406853583816e-07,9.974398864254376e-07,1.0509835135508183e-07,1.1911857596743826e-07,1.0500696134840837e-07,1.1900643807114942e-07,7.610680835545836e-11,9.92865759198621e-10,1.3896510608901735e-08,6.857315368976716e-09,1.3946449328727795e-08,7.81756111407226e-09
0.008760513446759433,9.384664914658402e-05,-0.001206255511482457,9.923705323590194e-07,9.973761460863119e-07,9.924077612979878e-07,9.97383381218242e-07,1.0510408130079142e-07,1.190142455698151e-07,1.05012684202601e-07,1.1890208639897537e-07,8.566106234896092e-11,1.0537509753660856e-09,2.0548004267033464e-08,1.0560365915068815e-08,2.067246419291056e-08,1.1658756626786726e-08
0.00876051708473824,9.368804929943408e-05,-0.0012010283758985513,9.923705421229507e-07,9.973761554924975e-07,9.924077630785177e-07,9.973833943445108e-07,1.0510409254038677e-07,1.1901412828159639e-07,1.0501269542828595e-07,1.1890196911075666e-07,8.567980352980342e-11,1.05490451794609e-09,2.0561051528034113e-08,1.0561763914853895e-08,2.0685657631247523e-08,1.1661139308792327e-08
0.008762372453929856,0.000804628917001327,0.00146481077189331,9.92387229910289e-07,9.973809526471424e-07,9.924269460631365e-07,9.973900887416676e-07,1.0511407421914361e-07,1.1895431129005374e-07,1.050226629184447e-07,1.18842152119214e-07,7.107086129259272e-11,1.6432112337483318e-09,1.7258467323488296e-08,1.127474380524518e-08,1.728582477538773e-08,1.2876307131648446e-08
0.008762375364312902,0.0008057441183624281,0.0014660978269907569,9.923872560872103e-07,9.97381061827433e-07,9.924269761540927e-07,9.973902158715064e-07,1.0511408987667892e-07,1.1895448641630327e-07,1.0502267855372338e-07,1.1884232722320691e-07,7.104794530476966e-11,1.6411854756088322e-09,1.725328679924587e-08,1.1267094606820946e-08,1.7280491704241285e-08,1.2866732945255655e-08
0.008764230733504519,0.0008245706950028716,0.002286595451613138,9.924175051308906e-07,9.974506642627563e-07,9.924588596388557e-07,9.974712611438008e-07,1.0512629438674945e-07,1.190661294003803e-07,1.0503486178922668e-07,1.1895395601868586e-07,2.0025908480959028e-10,3.497646616779093e-10,1.5246621749856172e-08,6.390730611371964e-09,1.548013499773324e-08,6.763189119851631e-09
0.008764234371483326,0.0008246076098590294,0.0022817916229036167,9.92417564442741e-07,9.97450741330952e-07,9.924589221554925e-07,9.97471342348685e-07,1.0512631831716135e-07,1.1906627552745682e-07,1.0503488567792374e-07,1.1895410210404754e-07,2.0051243998508994e-10,3.5288951930214503e-10,1.5242687112504427e-08,6.404941266203569e-09,1.547660488654401e-08,6.78049162457307e-09
0.008766089740674943,0.00015398496808774085,-0.0001681610189523397,9.92435701430256e-07,9.974900461107602e-07,9.924760619819862e-07,9.975127568395692e-07,1.0513046138780385e-07,1.1914080033648133e-07,1.0503900037137006e-07,1.1902860563850481e-07,3.3243666759610364e-11,1.9465669076623726e-09,2.2458312860151362e-08,1.3652375230321923e-08,2.248190417681801e-08,1.5604769032506738e-08
0.008766092651057988,0.00015293301100260948,-0.00016954172686342543,9.924357298804324e-07,9.974900106650875e-07,9.924760888679884e-07,9.975127135726913e-07,1.0513046788673819e-07,1.1914072685623569e-07,1.0503900682579115e-07,1.1902853210261761e-07,3.298128437023706e-11,1.943921503623851e-09,2.246963148877512e-08,1.3642585508691341e-08,2.2492892881587068e-08,1.5592273922887348e-08
0.008767948020249605,0.0006176674404829831,-0.0010497430201805713,9.924500442707398e-07,9.97467414048762e-07,9.924892507335845e-07,9.974851309380028e-07,1.051338718174958e-07,1.190938831996391e-07,1.0504238948198152e-07,1.1898165297452579e-07,3.5507573919610863e-10,2.5747642906637225e-10,1.1814319448380414e-08,7.4016379691954626e-09,1.2148715181923399e-08,7.626641540525725e-09
0.008767951658228412,0.0006185786844623564,-0.0010470851355393364,9.924500723381717e-07,9.974673870801708e-07,9.924892765411641e-07,9.97485089556884e-07,1.0513387849186984e-07,1.1909379194147912e-07,1.0504239611464072e-07,1.1898156170246087e-07,3.5570729695066916e-10,2.5996252378415594e-10,1.1793426679673757e-08,7.405326411658422e-09,1.212843248055151e-08,7.632962581194217e-09
0.008769807027420029,0.0005431025425126191,0.0003084360314904444,9.92471623617117e-07,9.974536330986874e-07,9.925122053156787e-07,9.974639851861866e-07,1.0515093318677492e-07,1.1904725027989116e-07,1.0505944371524675e-07,1.189350129493505e-07,1.1451154915971119e-10,1.527870829853839e-09,2.231728546748139e-08,9.286432067767691e-09,2.2479762349512572e-08,1.0856693322125466e-08
0.008769809937803075,0.0005429841485644626,0.0003100977407376595,9.924716574230447e-07,9.97453681931231e-07,9.92512241282384e-07,9.974640423411982e-07,1.0515095993923751e-07,1.190472611522522e-07,1.0505947045658104e-07,1.1893502381058323e-07,1.1413320288866657e-10,1.5267163663978311e-09,2.2333793481266184e-08,9.291666512855978e-09,2.249599972969918e-08,1.086065422368783e-08
0.008771665306994691,-0.0003467452877404239,0.00136943738583728,9.924752660102422e-07,9.974848126776903e-07,9.925163259992931e-07,9.975004786610953e-07,1.051626609512168e-07,1.1905419228241954e-07,1.0507115728551551e-07,1.1894194784645151e-07,3.815593053515918e-10,7.907459131928363e-10,1.6460435060645527e-08,1.262862525663877e-08,1.6786281734489608e-08,1.338572896969481e-08
0.008771668944973499,-0.00034848985526259035,0.0013698771928929185,9.924752730859033e-07,9.974849204934186e-07,9.925163340085419e-07,9.975005963525574e-07,1.0516268389437755e-07,1.1905431880352232e-07,1.0507118020086637e-07,1.1894207435364936e-07,3.8208367025838186e-10,7.90940428286149e-10,1.644891867158549e-08,1.2615566177271854e-08,1.6775086209008805e-08,1.3372955596120469e-08
0.008773524314165115,0.0006246071294861248,0.0015941787912685523,9.92480431481804e-07,9.975399065149265e-07,9.925142916500873e-07,9.9756061899825e-07,1.051501602657985e-07,1.1911884456594635e-07,1.0505864238924249e-07,1.1900659302455097e-07,3.644025934991244e-10,8.901431258756531e-10,1.597310411096975e-08,5.955435700144562e-09,1.638118405088996e-08,6.85853507320644e-09
0.008773527952143922,0.0006265151627895538,0.0015912968427423434,9.924804415963058e-07,9.975399688052563e-07,9.92514287645463e-07,9.975606827001681e-07,1.0515013570966403e-07,1.1911894587585652e-07,1.0505861780529813e-07,1.1900669427897167e-07,3.643679247211651e-10,8.920886318689326e-10,1.5972171141243052e-08,5.9678962910792675e-09,1.638041169371718e-08,6.8729310148017346e-09
0.008775386231718585,0.0016321188213577753,0.00011919753555489224,9.925224133302996e-07,9.975717867057105e-07,9.925603308147402e-07,9.975932216399089e-07,1.0515762483009894e-07,1.1917069497797483e-07,1.0506608560945097e-07,1.1905841503706582e-07,1.9152263108779266e-10,1.885853093236067e-09,2.2588192649664052e-08,1.2332766140526776e-08,2.2764787388496188e-08,1.422637798167832e-08
0.008775387686910108,0.0016309286273796272,0.00011804475614440868,9.925224387054176e-07,9.975718116218424e-07,9.92560364008627e-07,9.97593247120676e-07,1.0515764983675365e-07,1.1917073550193891e-07,1.0506611060498173e-07,1.190584555388341e-07,1.9201626974677003e-10,1.8866312956333786e-09,2.257995843687429e-08,1.2337750376900658e-08,2.275704391531454e-08,1.4232136358316438e-08
0.008777245238889009,0.0001116460142736031,-0.0013151076479374015,9.925548300436293e-07,9.975495547012947e-07,9.926027360052103e-07,9.975706411493085e-07,1.0518957083149871e-07,1.1915389462125935e-07,1.0509801739999602e-07,1.1904160755828916e-07,8.221460179314022e-10,1.766866827883901e-10,1.206898581074256e-08,8.40001327795229e-09,1.2872500398941611e-08,8.55550733055026e-09
0.008777246694080532,0.00011063859599885902,-0.0013162303681912846,9.92554814564978e-07,9.975495372653993e-07,9.92602711710489e-07,9.975706234399695e-07,1.0518957663264215e-07,1.1915388142824668e-07,1.0509802317889154e-07,1.1904159435971451e-07,8.215511663498417e-10,1.7534712570821398e-10,1.2077614182862416e-08,8.396928485865374e-09,1.2880584576669809e-08,8.551060304284874e-09
0.008779104246059433,-0.0011753308317119515,6.066911593438835e-05,9.925350560666023e-07,9.975262345990364e-07,9.925716994985123e-07,9.975341585313817e-07,1.0519698179223269e-07,1.1908067471632134e-07,1.0510539993902057e-07,1.1896837344805842e-07,6.222312248782558e-11,2.448803172545945e-09,2.3091731193858323e-08,8.71461284974259e-09,2.3200037446713395e-08,1.1187645899406063e-08
0.008779105701250955,-0.0011740258664616205,6.174776809586557e-05,9.925350461193708e-07,9.975262163439119e-07,9.92571684369931e-07,9.975341299650609e-07,1.0519696863815387e-07,1.1908061736676245e-07,1.0510538675713186e-07,1.1896831608737557e-07,6.28189217349025e-11,2.4505841800248618e-09,2.3085396037931616e-08,8.71486172115965e-09,2.3194214421068338e-08,1.118971137969993e-08
0.008780963253229856,0.0004917622755860052,0.002518427069801558,9.925223484781291e-07,9.975741801820614e-07,9.925523727360996e-07,9.975849082022531e-07,1.0518017745653196e-07,1.1906787310840672e-07,1.0508856007618306e-07,1.1895558602875059e-07,8.233566606286047e-10,5.496313342052268e-10,1.499856949749301e-08,1.0810544959846695e-08,1.576112218515391e-08,1.1338376348358985e-08
0.00878096470842138,0.0004928126884639822,0.0025203516129286285,9.925223823175458e-07,9.975742177565526e-07,9.92552415096127e-07,9.975849479815224e-07,1.0518018504863243e-07,1.1906786312465556e-07,1.0508856765159759e-07,1.1895557605612339e-07,8.230141945861266e-10,5.481421427866451e-10,1.5000142728101634e-08,1.0812186701514293e-08,1.5762443385837012e-08,1.1338492811319156e-08
0.00878282226040028,0.0018336647272017559,0.0021933642810735366,9.92565578332854e-07,9.976617727211294e-07,9.926064876708551e-07,9.97688208423598e-07,1.0518987636487509e-07,1.1919570330067413e-07,1.0509823766824411e-07,1.1908340913227659e-07,3.85856291362785e-10,1.8329683381897398e-09,1.700837160001356e-08,6.902709285483226e-09,1.7448956057819487e-08,8.751259267932231e-09
0.008782823715591803,0.0018326199108349044,0.00219310812178497,9.925656122763102e-07,9.97661841310996e-07,9.926065220216334e-07,9.976882893170114e-07,1.0518989624894773e-07,1.1919580344965652e-07,1.0509825753563082e-07,1.19083509275697e-07,3.8588440599017567e-10,1.8339748608653395e-09,1.7011675575067535e-08,6.899646631808309e-09,1.7452221518954294e-08,8.749232449645206e-09
0.008784681267570704,0.0004989118185491082,-0.000985211274442936,9.92608941098095e-07,9.976842323721524e-07,9.926503707902157e-07,9.977060105809979e-07,1.0521527826767851e-07,1.1924927963569295e-07,1.0512361825476546e-07,1.1913695706227191e-07,4.217727278543748e-10,2.4733344895106806e-09,2.1229199731465087e-08,1.1107399154736098e-08,2.1620582657533305e-08,1.3577584649113851e-08
0.008784682722762227,0.0004983092383709488,-0.0009877011447102513,9.926089444163314e-07,9.976842499131326e-07,9.926503715911406e-07,9.97706024463696e-07,1.0521527989733818e-07,1.1924932152851397e-07,1.0512361985661524e-07,1.1913699893284502e-07,4.22178510676374e-10,2.4738353587849815e-09,2.1222724878804097e-08,1.1110695474769727e-08,2.161453684197822e-08,1.3581367142023737e-08
0.008786540274741128,-0.0002708843590495391,-0.0017481909301634642,9.926131801449178e-07,9.976334182291723e-07,9.926513939717552e-07,9.976455904095878e-07,1.0521736015789429e-07,1.1915140018520352e-07,1.0512566461784445e-07,1.1903905628993841e-07,9.401602829584021e-10,2.821403632359967e-10,1.2957575457051007e-08,7.57371471456836e-09,1.3897053285916172e-08,7.842668428662736e-09
0.008786541729932651,-0.0002706299597179888,-0.0017487866918441952,9.926131769922982e-07,9.976333784080333e-07,9.926513915699206e-07,9.97645543066028e-07,1.0521736902021918e-07,1.1915132347439794e-07,1.0512567346348993e-07,1.1903897956244691e-07,9.39467494188975e-10,2.804234067177447e-10,1.2964882493265151e-08,7.57094387182633e-09,1.3903688167049636e-08,7.838172777496766e-09
0.008788400009507313,5.423798667170132e-05,0.0008263951102491771,9.92609151097011e-07,9.976162565305879e-07,9.926483244271367e-07,9.976237237363844e-07,1.0522868620910231e-07,1.19099985546447e-07,1.0513696935277039e-07,1.1898764873714235e-07,5.477623563066025e-11,3.5588241303451203e-09,2.2295967738727995e-08,8.265772682448155e-09,2.237643137448231e-08,1.184826299328935e-08
0.008788400737103075,5.4137041228327386e-05,0.000827403403828697,9.926091500096945e-07,9.97616249826642e-07,9.926483221578494e-07,9.976237151931855e-07,1.0522868961859505e-07,1.190999654454572e-07,1.0513697275113917e-07,1.1898762863893353e-07,5.52026802693941e-11,3.5601077641445045e-09,2.2292868004733833e-08,8.266044737581524e-09,2.237373288821204e-08,1.1849833114752073e-08
0.008790259016677737,-0.00020367762114870125,0.0023923817728965647,9.926063730034906e-07,9.976760938236455e-07,9.926425263984129e-07,9.976876958316721e-07,1.0523739746304273e-07,1.1913961952013208e-07,1.0514565218500138e-07,1.1902728981625479e-07,1.1443422875956344e-09,5.645091157299236e-10,1.4376147383643456e-08,1.1316908356026258e-08,1.5481798953942416e-08,1.1862518441166071e-08
0.008790259744273499,-0.0002032221335349003,0.0023929945287184395,9.926063785071384e-07,9.976761172551243e-07,9.926425311594663e-07,9.976877208828228e-07,1.0523739165355632e-07,1.1913963504639469e-07,1.05145646369953e-07,1.1902730534529837e-07,1.1440428837584038e-09,5.633362110124551e-10,1.437774116193827e-08,1.13181028993381e-08,1.5483122384978843e-08,1.1862523408012748e-08
0.008792118023848161,0.0009600932321127686,0.001928638732550831,9.926204348239365e-07,9.97756418526044e-07,9.92654690890049e-07,9.977792807748158e-07,1.052225542252927e-07,1.1922721191268915e-07,1.0513079473639664e-07,1.1911487511172528e-07,3.7936548347161647e-10,2.6314535804675956e-09,1.8448250926894616e-08,6.410956221117493e-09,1.886316525201437e-08,9.049304724793366e-09
0.008792119479039684,0.0009609465714562328,0.0019282751023267375,9.926204786361755e-07,9.977564814087933e-07,9.926547391936117e-07,9.977793524740264e-07,1.05222567435383e-07,1.192272804928507e-07,1.0513080794092714e-07,1.1911494368632702e-07,3.7965581999708646e-10,2.6330730928947332e-09,1.844781040429795e-08,6.407113506412543e-09,1.886296873385182e-08,9.047101734438456e-09
0.008793977758614346,0.002050660913059943,-0.0005098497626046337,9.926764268654988e-07,9.9778282197747e-07,9.92716422842932e-07,9.978049220009528e-07,1.0523943672069436e-07,1.1928367550501596e-07,1.0514767012637094e-07,1.191713102879068e-07,7.504155630222442e-10,2.832557352925079e-09,1.7885263048356137e-08,9.635658258155864e-09,1.8612015040275764e-08,1.2471586747631981e-08
0.008793978486210108,0.0020497109963452825,-0.0005108043925439176,9.926764390475228e-07,9.977828322909268e-07,9.927164380605048e-07,9.978049320125137e-07,1.052394509760449e-07,1.1928369758607005e-07,1.0514768437337852e-07,1.1917133235783695e-07,7.506554448700501e-10,2.8326354595265e-09,1.788418979441119e-08,9.636922371214496e-09,1.8611194275119556e-08,1.2472927579665338e-08
0.00879583676578477,-0.00037637629289699603,-0.0021812271016080033,9.92707551936641e-07,9.977327825116777e-07,9.927553037414327e-07,9.977460883102155e-07,1.0527585914132942e-07,1.1921328109965672e-07,1.0518407123072393e-07,1.1910089457182095e-07,1.3633136841662008e-09,6.375818876944294e-10,1.514309921901713e-08,9.416349898390957e-09,1.651496006616071e-08,1.004572337052623e-08
0.008795838220976293,-0.0003774188952968547,-0.002182535185170309,9.927075215930098e-07,9.977327433184286e-07,9.927552660237338e-07,9.97746042230574e-07,1.0527586139860916e-07,1.1921322595753736e-07,1.0518407347688406e-07,1.1910083941302219e-07,1.362380375756076e-09,6.358629733860255e-10,1.5146871383653077e-08,9.416177171317486e-09,1.6517794649363542e-08,1.0043822662453294e-08
0.008797696500550956,-0.001708822159916329,0.0005638078683080235,9.9266877277607e-07,9.977026828216056e-07,9.927071005222388e-07,9.977058128415432e-07,1.052787439448366e-07,1.1910950601261933e-07,1.051869418233764e-07,1.1899711946810415e-07,1.7054553602680045e-10,4.419404905545074e-09,1.996392562375604e-08,6.221276323675175e-09,2.0137557399380057e-08,1.0645900677642312e-08
0.008797697228146717,-0.0017078259843014494,0.0005648831788223063,9.926687664284109e-07,9.977026710516381e-07,9.927070897097529e-07,9.977057970900205e-07,1.0527873420025051e-07,1.1910946540183431e-07,1.0518693207600933e-07,1.1899707885731914e-07,1.7125310929075143e-10,4.420886323686091e-09,1.9961166232084588e-08,6.220025383640859e-09,2.0135499396818473e-08,1.0646136416880836e-08
0.00879955550772138,0.0008364065361008421,0.0033638243937853534,9.926525545070675e-07,9.977757181519634e-07,9.926794746206724e-07,9.977847476172353e-07,1.0525384652737557e-07,1.1915656592319608e-07,1.0516203730048801e-07,1.1904418647854847e-07,1.9783952254215365e-09,2.009707014676676e-10,1.2913679903192588e-08,1.0556446102237686e-08,1.4879360854536117e-08,1.0755737959815241e-08
0.008799556962912902,0.0008376492507118969,0.0033660162036639463,9.926526019608972e-07,9.97775775354078e-07,9.92679533243228e-07,9.97784809442237e-07,1.052538509196194e-07,1.1915660280692464e-07,1.0516204168717204e-07,1.1904422336783682e-07,1.9771173139811588e-09,1.9766614733907062e-10,1.291947650235222e-08,1.0559841889801191e-08,1.4883904265914415e-08,1.0755823787178542e-08
0.008801415242487565,0.0024245958090287623,0.0015366608218203039,9.927132005014059e-07,9.978668541792299e-07,9.92754394246731e-07,9.978944313972907e-07,1.0525945981498808e-07,1.1931033623909927e-07,1.0516764348267316e-07,1.1919794260027634e-07,3.4522440461870474e-10,3.829546776575645e-09,2.0321733629202754e-08,6.626316024139056e-09,2.068584059600198e-08,1.0454959799655711e-08
0.008801416697679088,0.0024234206520295904,0.0015352282804093065,9.92713249211628e-07,9.97866925501724e-07,9.927544484214446e-07,9.978945172406384e-07,1.0525948833121414e-07,1.1931045662549877e-07,1.0516767198777962e-07,1.1919806297555624e-07,3.4625446432863727e-10,3.832390849112244e-09,2.0317099492275317e-08,6.623235737635014e-09,2.0682206796776278e-08,1.0454724197472842e-08
0.00880327497725375,0.0009227451640873019,-0.001750462364917237,9.927754521652258e-07,9.97862901944148e-07,9.928236295309034e-07,9.978825847947394e-07,1.0529590355190521e-07,1.1932402268006247e-07,1.0520407300873558e-07,1.1921160061953446e-07,1.6616407139125045e-09,2.233629987036115e-09,1.4399306635937137e-08,8.101803842203148e-09,1.6041845185554848e-08,1.0334953159592973e-08
0.008803275704849511,0.0009220267928134402,-0.0017517488530320868,9.92775452233135e-07,9.978629003687536e-07,9.92823626506371e-07,9.978825801226776e-07,1.0529590901163108e-07,1.193240279917518e-07,1.0520407846846144e-07,1.1921160592009983e-07,1.6617649044764405e-09,2.233004003926453e-09,1.440033321660077e-08,8.102382764718641e-09,1.6043009859198415e-08,1.0334906264120036e-08
0.008805134712019935,-0.0009134118119031864,-0.0016812047631674233,9.927756257408212e-07,9.977990820281468e-07,9.928158988259383e-07,9.97804053252399e-07,1.0530985861123554e-07,1.1919171987493315e-07,1.052180280680659e-07,1.1907927649533882e-07,1.979071795332743e-09,1.2521571337179785e-09,1.70232468121867e-08,9.742472845504738e-09,1.901875101850692e-08,1.100112482939422e-08
0.008805135439615697,-0.0009134296225680204,-0.001681177152956126,9.927756121176987e-07,9.977990570503227e-07,9.928158851710638e-07,9.97804022517812e-07,1.0530985999284641e-07,1.191916680909344e-07,1.0521802944411697e-07,1.1907922470300036e-07,1.9784785166245443e-09,1.2517732406180926e-09,1.70234420126761e-08,9.743114759430682e-09,1.901834183512595e-08,1.1001385580300393e-08
0.00880699444678612,-0.0009589358712185914,0.0014434910385568542,9.927408050400144e-07,9.977946611833663e-07,9.927809969667578e-07,9.97801749670626e-07,1.0531339000863227e-07,1.1914801521966709e-07,1.0522154525460792e-07,1.1903557893438052e-07,4.6265141717682923e-10,4.427848233738192e-09,1.7522179263096405e-08,6.998391647797674e-09,1.7972878296745876e-08,1.141820355845087e-08
0.008806995174381882,-0.0009584082919282905,0.0014447140006670356,9.927408008972364e-07,9.977946594628705e-07,9.927809902505167e-07,9.978017487810575e-07,1.0531338604449322e-07,1.1914799813439458e-07,1.0522154128768896e-07,1.190355618518879e-07,4.638446473767487e-10,4.4290913159272804e-09,1.7520668818049675e-08,6.997317392176683e-09,1.7972568237690415e-08,1.1418366696602789e-08
0.008808854181552306,0.0003895567947904688,0.0028087687087676315,9.927302160993787e-07,9.978737419362358e-07,9.927638302542618e-07,9.978861850540197e-07,1.0530325766922033e-07,1.1923428109569546e-07,1.0521140580976862e-07,1.1912185191583624e-07,3.512547808171007e-09,4.131042029846532e-11,1.3661481723659108e-08,9.360005078084352e-09,1.718036735098849e-08,9.403978636664216e-09
0.008808854909148067,0.00039026303810587746,0.002809302585365714,9.927302349024287e-07,9.978737728882802e-07,9.927638490686328e-07,9.978862181014847e-07,1.0530325292670896e-07,1.1923431486593472e-07,1.0521140106169744e-07,1.191218856888554e-07,3.5112902359860354e-09,3.959308922385496e-11,1.3663446544244943e-08,9.360929809076879e-09,1.7181069854250104e-08,9.40319022646463e-09
0.008810713916318491,0.002194714708975018,0.0010886985647239917,9.92778276694987e-07,9.979462244901216e-07,9.92811919786618e-07,9.979695179508539e-07,1.0529113581014826e-07,1.19328524381797e-07,1.0519926973984184e-07,1.192160738967753e-07,2.9819330338298755e-10,4.542779576386835e-09,1.8683563141053128e-08,7.554871277345125e-09,1.8975965687673124e-08,1.2104428266876492e-08
0.008810714643914253,0.0021946862571111505,0.0010880251384928208,9.9277830810316e-07,9.97946252846913e-07,9.928119571484897e-07,9.979695505535346e-07,1.0529114952896047e-07,1.1932856125440594e-07,1.0519928345309425e-07,1.1921611076104455e-07,2.9926067047406553e-10,4.544542075990421e-09,1.8681066310281084e-08,7.554164405121355e-09,1.8974539553206126e-08,1.2105485502900137e-08
0.008812573651084676,0.002121991744929455,-0.0012933584448155456,9.928585559856645e-07,9.979424183591792e-07,9.929074167303042e-07,9.979639820779287e-07,1.0532620109415802e-07,1.1934199946339352e-07,1.0523432081299688e-07,1.192295205594423e-07,3.0263835881783052e-09,1.5095775994648217e-09,1.2301663687708242e-08,9.13649042980606e-09,1.533076599002925e-08,1.0632849214209026e-08
0.008812574378680438,0.0021206713063698555,-0.0012942904931847465,9.928585623080535e-07,9.979424168584011e-07,9.929074228238476e-07,9.979639798984863e-07,1.0532621797927765e-07,1.1934200472296652e-07,1.0523433768977681e-07,1.192295258078957e-07,3.026108160957716e-09,1.5083897464407414e-09,1.2303929320355826e-08,9.137109735490867e-09,1.5332757326354784e-08,1.0632272839927737e-08
0.008814433385850862,-0.0012530492134068538,-0.0017238547912505789,9.928747160120213e-07,9.97886306195658e-07,9.929229918270721e-07,9.978936352780776e-07,1.0536935945992809e-07,1.192410192814308e-07,1.0527745786248488e-07,1.1912851905841761e-07,2.3223916123527033e-09,2.1669206946531227e-09,1.8092620734933007e-08,7.626782360241203e-09,2.0420621638095326e-08,9.806222511110265e-09
0.008814434113446623,-0.0012535027600659688,-0.0017240229181774147,9.928746893429906e-07,9.978862842345375e-07,9.929229596691755e-07,9.978936077459366e-07,1.0536935500930634e-07,1.1924097975679615e-07,1.0527745340352342e-07,1.1912847952544325e-07,2.321812733858268e-09,2.1671784367072178e-09,1.8091435720752676e-08,7.626191234066937e-09,2.041884990423155e-08,9.805899203740864e-09
0.008816293120617047,-0.0024123144741049346,0.0014808671453969287,9.928065499692176e-07,9.978817872699305e-07,9.928407962433994e-07,9.978880392703307e-07,1.0535798367072857e-07,1.1916281512153799e-07,1.0526606075700329e-07,1.1905031489018509e-07,8.427781805764312e-10,3.987679314210718e-09,1.506372449000537e-08,8.327052074478994e-09,1.5892069882283977e-08,1.2306297457688727e-08
0.008816293848212808,-0.0024108886853742204,0.0014821215055000891,9.928065413813107e-07,9.97881785509866e-07,9.928407850793162e-07,9.978880370908882e-07,1.0535797093322147e-07,1.1916278452872575e-07,1.0526604801115648e-07,1.1905028429737285e-07,8.440666451731407e-10,3.988391839016003e-09,1.5063219926825748e-08,8.327326384005573e-09,1.589286625933279e-08,1.2307276087142327e-08
0.008818152855383232,0.0012320015216009672,0.003442950112325343,9.927845992788902e-07,9.979733714782016e-07,9.928122608471313e-07,9.979893664316696e-07,1.0532542660257604e-07,1.192713770362405e-07,1.0523348237256869e-07,1.1915888390475732e-07,4.136093689766085e-09,2.088417374386896e-10,1.3774061002891358e-08,8.130191401092595e-09,1.79276096190506e-08,8.338519906974999e-09
0.008818154310574755,0.0012335486295933032,0.0034444850075165956,9.927846639182155e-07,9.97973443169762e-07,9.928123338521323e-07,9.97989445750136e-07,1.0532543444438911e-07,1.1927146204016026e-07,1.052334902032665e-07,1.1915896891423472e-07,4.13302625173826e-09,2.0588318550007756e-10,1.377802509219238e-08,8.130037087994424e-09,1.792848242507134e-08,8.335413248516943e-09
0.008820013317745179,0.0032099790898025837,0.000537033263705159,9.928672406562905e-07,9.980474387254201e-07,9.929055977409007e-07,9.98075359373769e-07,1.0533545236057762e-07,1.1940627028888356e-07,1.0524349391971555e-07,1.192937487523682e-07,2.1437417119241076e-10,5.122714095678812e-09,1.8842149174247425e-08,7.653584393968712e-09,1.9043492116566085e-08,1.2789242866270313e-08
0.00882001404534094,0.003209076947389645,0.0005358953178171699,9.92867270590178e-07,9.980474676864988e-07,9.92905632745416e-07,9.980753929994535e-07,1.0533546947364914e-07,1.1940632305140753e-07,1.0524351103000717e-07,1.1929380150377256e-07,2.157782730804208e-10,5.1246384913383736e-09,1.8839591822594777e-08,7.653397915419191e-09,1.904234726987255e-08,1.2790986048116793e-08
0.008821873052511364,0.0009041030823315754,-0.002122652229726324,9.929437516727551e-07,9.9801795041825e-07,9.929950692821876e-07,9.98038118305602e-07,1.0537919337139101e-07,1.1936228663717758e-07,1.0528722782510158e-07,1.1924973667895277e-07,3.80325859694608e-09,7.520771993133339e-10,1.2305558350078627e-08,9.320888234430386e-09,1.6117263967885265e-08,1.0050834377952939e-08
0.008821873780107126,0.0009031531552778639,-0.0021236927571421926,9.929437471561512e-07,9.98017938865503e-07,9.929950611902813e-07,9.980381037166808e-07,1.053792029082806e-07,1.193622694017904e-07,1.0528723735087592e-07,1.19249719432446e-07,3.8027185582418455e-09,7.50365825030741e-10,1.2307549233094367e-08,9.321540872520018e-09,1.6118709777854208e-08,1.004976191154583e-08
0.008823733514873311,-0.0015248603940087868,-0.0010568613922505457,9.929322027166123e-07,9.979587967564492e-07,9.929743782777223e-07,9.979627588209302e-07,1.054035791980823e-07,1.1923756109866157e-07,1.0531158523008344e-07,1.1912499692402009e-07,2.4223796302180745e-09,3.126058766579179e-09,1.7396246221323963e-08,6.104011783836365e-09,1.9814200058476672e-08,9.250170597775352e-09
0.008823734242469072,-0.0015248107566488615,-0.0010564440090874427,9.929321814500964e-07,9.97958773617909e-07,9.92974353280851e-07,9.979627293432713e-07,1.054035748642164e-07,1.1923751230824564e-07,1.0531158088231803e-07,1.1912494812804653e-07,2.421930163289436e-09,3.126988223911553e-09,1.7395440514926866e-08,6.102752969638914e-09,1.9812947190383972e-08,9.24985776862286e-09
0.008825593249639496,-0.0013979873020396189,0.0017998900101039153,9.928778455018463e-07,9.979726358975065e-07,9.929104862749227e-07,9.979821545868516e-07,1.053925018368318e-07,1.1921980523313993e-07,1.0530047234169615e-07,1.1910724815281055e-07,1.2735421606180353e-09,3.225744083786807e-09,1.533686067034523e-08,9.14726674556071e-09,1.6611869213534192e-08,1.236039057070936e-08
0.008825594704831019,-0.0013962936541558018,0.0018021258880054347,9.928778363247424e-07,9.979726467486061e-07,9.92910477560562e-07,9.979821697925217e-07,1.0539248455260881e-07,1.1921979137241578e-07,1.0530045504080029e-07,1.1910723429764403e-07,1.2761024743745478e-09,3.2258213877867092e-09,1.5336073724118976e-08,9.149649926598613e-09,1.6613643762755096e-08,1.2362825430045632e-08
0.008827453712001443,0.0007673415174205278,0.002833899197535527,9.928661125743863e-07,9.980588382945078e-07,9.92899344964826e-07,9.980767202354619e-07,1.0537040395774966e-07,1.1933816409492488e-07,1.0527835314633194e-07,1.1922559991750565e-07,4.546903298319194e-09,6.322124832645706e-10,1.4330749920077324e-08,7.571981462983473e-09,1.8880630392459352e-08,8.204758042856974e-09
0.008827454439597204,0.0007680517957846983,0.0028343030227055976,9.928661369499687e-07,9.98058872028968e-07,9.928993695613914e-07,9.980767572415061e-07,1.0537040569796778e-07,1.1933821042475756e-07,1.0527835487821036e-07,1.1922564624455845e-07,4.545188197139311e-09,6.311973721473407e-10,1.4332136296397972e-08,7.571363980218848e-09,1.8880298276973136e-08,8.203130619222065e-09
0.008829313446767628,0.002582813016240415,0.00047788128500955403,9.929284165629697e-07,9.981204114822968e-07,9.92962213786086e-07,9.981445751971635e-07,1.0537485195527552e-07,1.1942816577423202e-07,1.0528277982757572e-07,1.1931558739429343e-07,1.6310468253788457e-10,4.720556321493056e-09,1.787432779565279e-08,6.714381304373275e-09,1.803174320968992e-08,1.144504384820427e-08
0.008829314901959151,0.0025821484220616988,0.0004760367278763278,9.929284793681973e-07,9.981204596540801e-07,9.92962286702165e-07,9.98144628283626e-07,1.0537488144404951e-07,1.1942823618937837e-07,1.0528280932190735e-07,1.1931565779832454e-07,1.665119002627221e-10,4.723757385249883e-09,1.787098818574492e-08,6.713710476446977e-09,1.8031820338450865e-08,1.1447581549361985e-08
0.008831173909129575,0.001733129358751917,-0.0018978141210042052,9.930087130464197e-07,9.980939941663181e-07,9.930554369930178e-07,9.981163424026231e-07,1.0541255335283495e-07,1.1939550578992477e-07,1.0532048833056251e-07,1.1928291319913146e-07,4.519232543742646e-09,3.161859632262291e-10,1.360463652844146e-08,1.062210090172182e-08,1.8130352330558708e-08,1.0925889334014594e-08
0.008831175364321098,0.0017306426117219091,-0.0018996723212773015,9.930087172221302e-07,9.980939734496937e-07,9.930554433064831e-07,9.981163202610333e-07,1.0541258669860276e-07,1.1939548016925983e-07,1.0532052165965744e-07,1.1928288756735128e-07,4.516952204178836e-09,3.127358094712207e-10,1.360665699783704e-08,1.0625160307142778e-08,1.8130080973815522e-08,1.0925480964374401e-08
0.008833034371491522,-0.0014461767191131236,-0.0009635897779433946,9.930140516922767e-07,9.98040752012858e-07,9.93063508758496e-07,9.980458619982654e-07,1.0545518591698055e-07,1.1928573006076286e-07,1.0536309957842604e-07,1.1917311615091194e-07,1.6038184114108844e-09,3.2023052360478028e-09,1.6187806650691527e-08,5.470787692451027e-09,1.778342273439648e-08,8.679748134977334e-09
0.008833035099087283,-0.0014465060191980105,-0.0009632234051279998,9.930140245211316e-07,9.9804073118255e-07,9.930634735898263e-07,9.980458344216458e-07,1.0545517880043794e-07,1.1928568710573018e-07,1.0536309245910462e-07,1.1917307318753956e-07,1.6041606686376592e-09,3.203436182985797e-09,1.6187407922841154e-08,5.468770325478545e-09,1.7783371583378067e-08,8.678869178879722e-09
0.008834894833853468,-0.002288197036168782,0.002089796306032139,9.929445750741053e-07,9.980617046640967e-07,9.929735824698582e-07,9.980701538902592e-07,1.0543698891751774e-07,1.1925524515407223e-07,1.0534489547353587e-07,1.1914262413323308e-07,2.478970140273873e-09,2.1446485817864135e-09,1.5168259537290396e-08,1.0155433434700597e-08,1.765262958031144e-08,1.2302017208423311e-08
0.00883489556144923,-0.0022865260635315425,0.0020909907581883047,9.92944572864273e-07,9.980617128696841e-07,9.929735786906712e-07,9.980701634049183e-07,1.0543697079965056e-07,1.192552332440755e-07,1.0534487735011106e-07,1.1914261222045752e-07,2.47953873867302e-09,2.1442343456357094e-09,1.5168070547372516e-08,1.0157267027466332e-08,1.7653007726876038e-08,1.2303434715477124e-08
0.008836755296215415,0.0019844799972523752,0.0027355673151165383,9.929389245329095e-07,9.981514787380952e-07,9.929639190886519e-07,9.981739188948434e-07,1.0539066153114618e-07,1.1940414737344098e-07,1.052985538763096e-07,1.19291526349823e-07,3.932876246892647e-09,7.820726489394231e-10,1.4685012317272594e-08,8.353244903758537e-09,1.86195503459885e-08,9.126582495002764e-09
0.008836756023811176,0.001985217975865318,0.002735819496868075,9.929389671407085e-07,9.981515138577621e-07,9.929639691517647e-07,9.981739594877581e-07,1.0539067453877443e-07,1.1940420563405496e-07,1.0529856687838023e-07,1.1929158461043698e-07,3.931560243118609e-09,7.815397218280395e-10,1.4685801374702775e-08,8.3525391048056e-09,1.8619019556392936e-08,9.125339595073001e-09
0.008838615758577362,0.0038714913105466486,-0.00015515542525004321,9.930478726750176e-07,9.981994863300894e-07,9.930919304679264e-07,9.982216892859713e-07,1.0542392203660711e-07,1.1948511900626383e-07,1.0533180017091581e-07,1.193724695720517e-07,5.678545966780746e-10,3.4941160004027707e-09,1.6702632166243347e-08,7.484085837742624e-09,1.726232135013106e-08,1.0992243241999571e-08
0.008838616486173123,0.003869766523723594,-0.00015628647960141961,9.930478969236212e-07,9.981995050986624e-07,9.930919583005272e-07,9.982217079596012e-07,1.0542394555926748e-07,1.1948515066251275e-07,1.0533182369079738e-07,1.1937250121718535e-07,5.696709616871977e-10,3.495177258727722e-09,1.670144701041553e-08,7.48374606729385e-09,1.7262961289455813e-08,1.0992973642487414e-08
0.008840476220939308,-0.0005387885960032035,-0.0015029994689351352,9.931098763546573e-07,9.981686369823805e-07,9.931630984283402e-07,9.98185683326188e-07,1.054840694791892e-07,1.1940507540283202e-07,1.0539194050807055e-07,1.1929238334161336e-07,5.2122999250059365e-09,2.278990000669062e-10,1.3672188714508593e-08,1.1260206541313545e-08,1.889864620352455e-08,1.1474812880531037e-08
0.00884047694853507,-0.0005396032793054251,-0.0015035263519513065,9.93109853357375e-07,9.981686249056526e-07,9.931630692619086e-07,9.981856692320434e-07,1.0548406939582479e-07,1.1940504407448316e-07,1.0539194041359088e-07,1.192923519965916e-07,5.210605457470026e-09,2.2662072218793128e-10,1.3673479732033954e-08,1.126168402976191e-08,1.8898230072656897e-08,1.1475001393534967e-08
0.008842336683301255,-0.0026219337997837044,-0.00017965704556494218,9.930510723041181e-07,9.981373317912474e-07,9.930885198627948e-07,9.98146348969706e-07,1.0548385631636847e-07,1.1935207252164486e-07,1.0539169892354039e-07,1.192393804437533e-07,8.795464356836646e-10,2.1178398424880392e-09,1.6973320526858515e-08,6.746302621915779e-09,1.7834599574939602e-08,8.870607552547966e-09
0.008842337410897017,-0.0026208699877051265,-0.00017913909982691933,9.93051053941783e-07,9.981373195482448e-07,9.930884974099779e-07,9.981463335861918e-07,1.0548384606532369e-07,1.1935205179725017e-07,1.0539168866415916e-07,1.1923935971935862e-07,8.805626856453515e-10,2.118579756071881e-09,1.6971915304941328e-08,6.744536040770299e-09,1.7834223192921886e-08,8.86958861912035e-09
0.008844197145663202,9.823368513961483e-05,0.001120239403916489,9.930041198133567e-07,9.981548309720077e-07,9.930311080097454e-07,9.981649709359702e-07,1.0545764439484628e-07,1.1936432517393353e-07,1.0536546568573613e-07,1.1925160468544781e-07,3.4780975877168885e-09,1.2132539769257848e-09,1.3380168084609068e-08,1.0608379955906577e-08,1.687219075563462e-08,1.1819770465297995e-08
0.008844197873258963,9.893091056565081e-05,0.001120747767963337,9.930041342144616e-07,9.981548378231123e-07,9.930311267722974e-07,9.98164978227578e-07,1.054576430665732e-07,1.193643299757241e-07,1.053654643491266e-07,1.1925160947612312e-07,3.4779242087417825e-09,1.2128997806115649e-09,1.3381373539673042e-08,1.0609891631929713e-08,1.687321564128179e-08,1.1820924683547673e-08
0.008846057608025149,0.0018810390995135928,0.0021195590881513,9.930409434385554e-07,9.982151134708642e-07,9.930790838552639e-07,9.98231319430633e-07,1.0545424800056935e-07,1.1943253134521738e-07,1.0536204797517712e-07,1.1931982504536022e-07,3.0347675483710645e-09,6.17267731065007e-10,1.6462516683191097e-08,8.179670266110923e-09,1.9492823355449218e-08,8.793990146281956e-09
0.008846059063216671,0.001880990884034904,0.0021203406306553596,9.930409972866167e-07,9.98215160634908e-07,9.930791402986899e-07,9.982313713408075e-07,1.0545426705022565e-07,1.1943258471092122e-07,1.0536206701927796e-07,1.1931987842217495e-07,3.033400273473819e-09,6.168016652985386e-10,1.646088943685585e-08,8.177768684447528e-09,1.9489825835920128e-08,8.791621652903814e-09
0.008847918797982857,0.001819371502270517,0.0008406508364318689,9.931098151090697e-07,9.982702179116763e-07,9.931512749972171e-07,9.982894425953001e-07,1.0547861251097856e-07,1.1950383848111077e-07,1.0538640538015898e-07,1.1939110378177035e-07,1.2860229547939639e-09,1.7280901024018767e-09,1.4381268620411447e-08,1.0433035387597318e-08,1.565899587774311e-08,1.2174306852510053e-08
0.008847919525578618,0.0018188527774761034,0.0008401501753230178,9.931098319110846e-07,9.98270239452082e-07,9.931512924294946e-07,9.982894653148833e-07,1.0547862493646643e-07,1.1950386635817267e-07,1.0538641780287454e-07,1.1939113164771697e-07,1.2873774788214785e-09,1.72852487878572e-09,1.4381548343939785e-08,1.0433917729812947e-08,1.5660641960328387e-08,1.2175630281774374e-08
0.008849779987940565,0.0004924734781606474,-0.001386863808875205,9.931527946634144e-07,9.982600680507022e-07,9.931958667630542e-07,9.982792334994883e-07,1.0551039690895597e-07,1.1948554856644478e-07,1.0541818268657057e-07,1.1937278543427965e-07,4.75089541717646e-09,2.0418750024120413e-10,1.5096801405902757e-08,9.51843670549124e-09,1.98696751308817e-08,9.69830793451365e-09
0.008849783625919372,0.0004898798541885796,-0.0013847099217066654,9.931528786734893e-07,9.98260007231011e-07,9.931959539244417e-07,9.982791472788217e-07,1.0551045903639533e-07,1.194853725140656e-07,1.0541824480014839e-07,1.193726093541232e-07,4.7576680373140334e-09,2.0624429917791374e-10,1.509820002354445e-08,9.515632346365989e-09,1.9877905543808083e-08,9.697662333314532e-09
0.008851641177898273,-0.0016412443491045973,-0.00028493513345040355,9.931314139496827e-07,9.982289526966745e-07,9.931772322622228e-07,9.982351230064523e-07,1.0553442843726655e-07,1.1939548016925983e-07,1.0544219292640345e-07,1.1928270282623998e-07,4.904965549135348e-10,1.2564458362618325e-09,1.736029627480329e-08,8.08372657701284e-09,1.782360556010201e-08,9.368018361044506e-09
0.00885164481587708,-0.0016454181137017243,-0.00028060342225099533,9.931313719114458e-07,9.982290125547715e-07,9.931771955962176e-07,9.982351876972418e-07,1.0553447538086402e-07,1.1939549317410927e-07,1.05442239828335e-07,1.19282715747725e-07,4.821393839726795e-10,1.2548401563482903e-09,1.7364726545565645e-08,8.094252484712285e-09,1.7819582254219313e-08,9.37685248684492e-09
0.00885350164026022,-0.001027374643067565,0.0019303019739269622,9.930817653281178e-07,9.982595641274574e-07,9.931105919155798e-07,9.982682058762293e-07,1.0550832889763235e-07,1.1940213084926654e-07,1.0541609334510333e-07,1.1928931087368255e-07,4.440453594511499e-09,4.3530112847633973e-10,1.180609466114225e-08,1.346667577450944e-08,1.62666339728001e-08,1.3885790295375955e-08
0.008853505278239027,-0.0010261637428508052,0.001929293405560777,9.93081668136536e-07,9.982596858040378e-07,9.93110461422475e-07,9.982683565401777e-07,1.0550827767019655e-07,1.1940236978939997e-07,1.0541604211766753e-07,1.192895497860387e-07,4.448208912322116e-09,4.357619345069764e-10,1.1795203924691577e-08,1.3452226273058297e-08,1.626359136253086e-08,1.3871822595995903e-08
0.008855362830217928,0.002692677385975245,0.001414318397786607,9.931127597843448e-07,9.983218138659392e-07,9.931401891527864e-07,9.983452855522046e-07,1.0547641538673075e-07,1.195243726215267e-07,1.0538417274266302e-07,1.19411538435088e-07,1.4190724422581967e-09,6.710494937500755e-10,1.942830484068947e-08,6.074310832104857e-09,2.084133561968729e-08,6.739915292541809e-09
0.008855366468196735,0.0026999606627649553,0.0014107960635779374,9.93112820676722e-07,9.983218512138159e-07,9.931402473739581e-07,9.9834530599628e-07,1.0547635298507885e-07,1.1952440384318563e-07,1.0538411032712247e-07,1.1941156957341508e-07,1.4131399383998655e-09,6.713641519184177e-10,1.9443254117845754e-08,6.087178917643869e-09,2.0850301041264174e-08,6.753162432005722e-09
0.008857224020175636,0.0031240052371148096,-0.00038770778336871814,9.93221016211867e-07,9.983409210395996e-07,9.932718042975714e-07,9.98355744741275e-07,1.0552737527771402e-07,1.195403456222266e-07,1.0543511843113344e-07,1.1942746880322375e-07,2.764743070123479e-09,8.320286126739518e-10,1.222193254662546e-08,1.265762339386356e-08,1.4976247866224752e-08,1.3517151842279418e-08
0.008857226930558681,0.003124669623443599,-0.0003875572732600516,9.932211857309193e-07,9.983409012722204e-07,9.932720104188775e-07,9.98355718420349e-07,1.0552745521863471e-07,1.1954023155747017e-07,1.0543519834982362e-07,1.194273547162368e-07,2.7668607405217926e-09,8.309541153193481e-10,1.2210618294261621e-08,1.2653855181770877e-08,1.4967044492664172e-08,1.3512206318950794e-08
0.008859084482537583,-0.0014744292044851885,-0.00029149419640361884,9.932516724902378e-07,9.983282847424044e-07,9.933028727953838e-07,9.983389190892922e-07,1.055821380736992e-07,1.194674297266829e-07,1.0548985993027194e-07,1.1935453869682533e-07,3.4753464565375352e-09,1.4515617874355513e-10,1.6385552514854046e-08,1.024879381361643e-08,1.988699095072016e-08,1.0355726054456227e-08
0.00885908812051639,-0.001483436448566522,-0.0002899421596364259,9.932517321979528e-07,9.983282924197626e-07,9.933029332387378e-07,9.983389344223489e-07,1.0558224516898917e-07,1.194674693648566e-07,1.0548996698389601e-07,1.193545782794445e-07,3.476734011798044e-09,1.4629630289427804e-10,1.6393729040942162e-08,1.0244048798532773e-08,1.9896626568538522e-08,1.0352259731579852e-08
0.00886094567249529,-0.0025045767119734833,0.0005025278136923106,9.93177615631704e-07,9.983322124788968e-07,9.932092114630235e-07,9.98346763481095e-07,1.0555673690421587e-07,1.194877086163615e-07,1.0546443744450655e-07,1.193747891647945e-07,8.112261066396285e-10,7.284436942534001e-10,1.7880471906326938e-08,7.821244096817281e-09,1.8658406677571424e-08,8.582355270903008e-09
0.008860949310474098,-0.0025065765949805474,0.0005024641491621122,9.93177470475875e-07,9.983322478576897e-07,9.932090279107797e-07,9.983467888139713e-07,1.0555668694678388e-07,1.1948775250445854e-07,1.0546438744540865e-07,1.1937483302511426e-07,8.060057621328554e-10,7.275996583749425e-10,1.788338366282005e-08,7.833077588175488e-09,1.865598164840776e-08,8.593247760141795e-09
0.008862806862452999,0.001645489752772798,0.00046995704004282324,9.931616263914914e-07,9.983503122693347e-07,9.931892850669851e-07,9.983597237805952e-07,1.0552235680784378e-07,1.195101617668115e-07,1.0543005021492983e-07,1.193972281043898e-07,4.242148520589985e-09,2.9663493883447245e-10,1.021799497103321e-08,1.387525827567515e-08,1.4482948846634446e-08,1.4154952765466078e-08
0.008862810500431806,0.0016536214925843007,0.0004716824536309086,9.931615953611655e-07,9.983503785764341e-07,9.931892464010161e-07,9.983597968903874e-07,1.0552228957294574e-07,1.1951016087793865e-07,1.0542998296614314e-07,1.1939722718773966e-07,4.248878138213286e-09,2.966680300343075e-10,1.0202982458906718e-08,1.3859803650865647e-08,1.4474776044437476e-08,1.4139554141382306e-08
0.008864668052410707,0.0027663068014390476,0.0013526786317072936,9.932437302100617e-07,9.983842349814228e-07,9.93285956063586e-07,9.983971267502056e-07,1.0554435288358192e-07,1.1950970701946062e-07,1.0545201789953092e-07,1.193967591461842e-07,5.845767599836364e-10,3.135643966700741e-10,2.181740093137477e-08,5.968672223133353e-09,2.2402502214923816e-08,6.277016684208547e-09
0.008864670962793753,0.0027680501391732504,0.0013523745983499238,9.932438588976433e-07,9.983843080590436e-07,9.93286107586755e-07,9.983972079931842e-07,1.0554438745202788e-07,1.1950980477325248e-07,1.0545205242351585e-07,1.1939685687775422e-07,5.788355905700371e-10,3.139363600979028e-10,2.183559821844483e-08,5.9806988721176704e-09,2.2414923250835272e-08,6.289469586613401e-09
0.008866529242368415,0.00043910369335833314,0.001158249299669345,9.933033890009787e-07,9.984309681199269e-07,9.933510347708774e-07,9.984490816350444e-07,1.0558749251875957e-07,1.195722205693528e-07,1.054951503959311e-07,1.1945925848522165e-07,3.461680303800235e-09,5.514350087665321e-10,1.1591400835092863e-08,1.3659714248603905e-08,1.5031091296837422e-08,1.4240647772112425e-08
0.00886653215275146,0.0004354561656436662,0.0011551463562296067,9.933034822352831e-07,9.984309777872376e-07,9.933511364579317e-07,9.984490891015763e-07,1.0558756002865266e-07,1.1957224203563217e-07,1.0549521789471328e-07,1.194592799292792e-07,3.466195330759092e-09,5.508633644144884e-10,1.1575356673176884e-08,1.3653920683688454e-08,1.5019526955484253e-08,1.4234170158427648e-08
0.008868390432326123,-0.000733448051831935,-0.0008260830300432787,9.932979106933377e-07,9.9843715036518e-07,9.933372883522273e-07,9.984538564822287e-07,1.0560144360593935e-07,1.1958594825500768e-07,1.0550908728336707e-07,1.1947297196002182e-07,1.7938310534662473e-09,1.8586844563461824e-10,1.6504552476159357e-08,9.954729485173175e-09,1.8330471044965205e-08,1.009821382069731e-08
0.008868393342709169,-0.000735278755383189,-0.0008251174778824923,9.932979019673518e-07,9.98437120251579e-07,9.933372666637297e-07,9.984538164829505e-07,1.0560146534999149e-07,1.1958584981233936e-07,1.0550910900519739e-07,1.1947287345068804e-07,1.79121184551434e-09,1.8612680544805018e-10,1.65122724382627e-08,9.95153968022446e-09,1.833565654862923e-08,1.0095404558882738e-08
0.008870251622283831,-0.0008146186314831891,-0.00020861242322034457,9.932690982316891e-07,9.98417892717311e-07,9.933063921985525e-07,9.984282769437414e-07,1.0560216059300329e-07,1.1952299416861933e-07,1.0550979005957629e-07,1.1940997524106933e-07,1.6089263773245616e-09,3.5108954632434575e-10,1.8898160228959295e-08,7.914849220469478e-09,2.0477987587806275e-08,8.301690890277769e-09
0.008870254532666877,-0.0008147428912734789,-0.0002059792100232955,9.93269053120122e-07,9.984179296985243e-07,9.933063438438694e-07,9.984283124154536e-07,1.0560216168187253e-07,1.1952300662805825e-07,1.0550979112622372e-07,1.1940998767833844e-07,1.6086408871629487e-09,3.5115892837861644e-10,1.8901896936540652e-08,7.924441440709979e-09,2.0481342843936545e-08,8.311270174428214e-09
0.008872116450220346,0.00036151679636328704,0.0014786189327888324,9.93260614423904e-07,9.984415884297207e-07,9.932948614732595e-07,9.984510054433577e-07,1.0558640894942073e-07,1.1953097755410953e-07,1.0549403128834456e-07,1.1941794442124727e-07,2.887657446493108e-09,3.955460975983005e-10,1.0154633578451921e-08,1.4061064339571061e-08,1.3051259628582557e-08,1.4439617209675548e-08
0.008872117177816108,0.0003623372346002853,0.0014792772360880946,9.932606349545799e-07,9.984415976750241e-07,9.932948816951168e-07,9.984510143112857e-07,1.0558640814110198e-07,1.1953098066896928e-07,1.0549403047169263e-07,1.1941794753056456e-07,2.8867392795953705e-09,3.955634431118682e-10,1.0159066586317672e-08,1.4063462394631188e-08,1.3054777542194784e-08,1.4442012030713158e-08
0.008873977640178055,0.0024601978066047803,0.0010522087838567287,9.933131318927295e-07,9.984886919122911e-07,9.933465889844229e-07,9.985078355083252e-07,1.0558434127005967e-07,1.195961829925721e-07,1.0549194229270142e-07,1.1948313564886816e-07,5.3898652208062e-10,1.7996345691570245e-10,2.1494267699040392e-08,6.379634907396852e-09,2.2050082648661373e-08,6.553530572704148e-09
0.008873978367773816,0.002459847808501954,0.0010520417645167868,9.9331316117919e-07,9.98488710330061e-07,9.933466244504496e-07,9.985078577301465e-07,1.0558436015027459e-07,1.1959620849211205e-07,1.054919611701386e-07,1.1948316114285262e-07,5.39999981443094e-10,1.7987913936146072e-10,2.1490713660038283e-08,6.376629890780805e-09,2.204752168236699e-08,6.5504455193377e-09
0.008875838830135763,0.001564902659575207,0.000509514826286673,9.933880466583938e-07,9.985177585552903e-07,9.934373110809247e-07,9.985338818383907e-07,1.0563263685980928e-07,1.1961406455328173e-07,1.0554023077702368e-07,1.1950100299872304e-07,3.1314155712891534e-09,4.850665932577383e-10,1.2403035931640716e-08,1.2758542588678397e-08,1.5499130867624444e-08,1.3266613347976272e-08
0.008875839557731524,0.0015635900962734568,0.0005093026530609279,9.933880450014283e-07,9.985177699155662e-07,9.934373087698552e-07,9.985338920159847e-07,1.0563265050956301e-07,1.1961407153648906e-07,1.0554024441566649e-07,1.1950100997637492e-07,3.1304955858478378e-09,4.851859469745534e-10,1.240463061363294e-08,1.2761038448161344e-08,1.549983518338922e-08,1.326923992905904e-08
0.00887770002009347,-0.001792634266301718,0.00031592293268995245,9.933838081405988e-07,9.98533120112945e-07,9.934313993653632e-07,9.98546614990324e-07,1.0566755292984453e-07,1.1959532786893574e-07,1.055751184253495e-07,1.194822379093253e-07,7.780928124034858e-10,2.1573930550168305e-10,1.64822324677516e-08,8.891923022649341e-09,1.730077059391988e-08,9.074804723574779e-09
0.008877701475284994,-0.0017923126688801476,0.00031577167753127355,9.93383761955954e-07,9.985331321193566e-07,9.934313371685781e-07,9.985466249418096e-07,1.0566752849539328e-07,1.19595313208265e-07,1.055750939742384e-07,1.1948222322644142e-07,7.791338467977747e-10,2.1552855333784038e-10,1.6484209423105832e-08,8.888896729786211e-09,1.730373297680978e-08,9.07152397644495e-09
0.00887956193764694,-0.0013811503654022061,2.093238327582431e-05,9.933247148874317e-07,9.985393942264407e-07,9.93351818578958e-07,9.985585573931878e-07,1.0563628904947109e-07,1.19604660295178e-07,1.0554383322869398e-07,1.194915419027559e-07,2.1100963198961153e-09,3.0598164258923856e-10,1.9011746843489163e-08,9.610099773210289e-09,2.109113950155006e-08,9.951278579726968e-09
0.008879562665242702,-0.0013796522443489398,2.0817076551438163e-05,9.933247226719273e-07,9.985393966754463e-07,9.933518280010103e-07,9.985585620597703e-07,1.0563628037184988e-07,1.196046639506676e-07,1.0554382453996186e-07,1.194915455471346e-07,2.109880231780944e-09,3.060170172819454e-10,1.900888702564229e-08,9.610381823677017e-09,2.108807983696165e-08,9.951622637061064e-09
0.008881423127604648,0.0024510432888531497,0.00027304032506662775,9.933446276270812e-07,9.985448656169668e-07,9.93375920188555e-07,9.985556073575242e-07,1.0561409169440594e-07,1.1960145355303487e-07,1.0552160745191941e-07,1.194883209442026e-07,1.557342921287841e-09,2.8093775565170416e-10,1.1696332791188979e-08,1.2517384450479665e-08,1.3264517484401495e-08,1.276941598451167e-08
0.00888142385520041,0.0024509949547345624,0.0002731389653671812,9.93344662394514e-07,9.985448677557786e-07,9.933759614161382e-07,9.985556062019896e-07,1.056141090206532e-07,1.1960145229750196e-07,1.0552162476706009e-07,1.1948831968311424e-07,1.5571434188091294e-09,2.809279475712856e-10,1.1700070544468113e-08,1.2518521330662224e-08,1.3268056123628128e-08,1.2770517976434803e-08
0.008883285045158118,0.002327356279388404,0.0013200398704352012,9.934335974874172e-07,9.985745274574856e-07,9.934814215739607e-07,9.985867442227259e-07,1.0565842956111737e-07,1.1959102560625175e-07,1.0556591689692141e-07,1.1947790719716543e-07,1.046816078265067e-09,1.377472487382952e-10,2.1261243432491028e-08,6.07629727455128e-09,2.2319895265354717e-08,6.2244300832496875e-09
0.00888328577275388,0.0023260565656190516,0.0013204491358398407,9.934336071647663e-07,9.98574539052365e-07,9.934814303293583e-07,9.985867563955253e-07,1.056584449775059e-07,1.19591021530141e-07,1.0556593230775448e-07,1.19477903126608e-07,1.0472913869203284e-09,1.376912750483683e-10,2.1257922572267955e-08,6.073778813231456e-09,2.2317033329490504e-08,6.221871018396996e-09
0.008885146235115826,-0.0009973115426150092,0.001231211089139519,9.93458352146491e-07,9.98622010431871e-07,9.935038178809918e-07,9.98644236976022e-07,1.0569786468295206e-07,1.1965960631368838e-07,1.0560533780790138e-07,1.1954647371040722e-07,2.262655618423537e-09,3.8214784354622835e-10,1.2766482981874105e-08,1.3724455792152955e-08,1.499906332469436e-08,1.4119153248409413e-08
0.008885147690307349,-0.0009973345228623627,0.0012311412901198082,9.934583226930317e-07,9.986220475623986e-07,9.935037794078376e-07,9.986442819354124e-07,1.0569785541452044e-07,1.1965965995841543e-07,1.0560532852836319e-07,1.195465273440277e-07,2.2611966588801124e-09,3.8233904930962126e-10,1.277072692535393e-08,1.3730439896164626e-08,1.5001901255704783e-08,1.412533023881224e-08
0.008887008152669296,-0.0010267147691037648,-0.0005906406792461245,9.934206664453063e-07,9.986339505799835e-07,9.934545914802584e-07,9.986512141214513e-07,1.0568600572469222e-07,1.196777717149718e-07,1.0559346463878683e-07,1.1956461068998554e-07,3.959168826117576e-10,1.7570739291152212e-10,1.8196608664311498e-08,8.342586517706078e-09,1.8630196052527026e-08,8.49149967403203e-09
0.008887008880265057,-0.0010259544539207826,-0.0005913531477519385,9.9342066565555e-07,9.98633955235055e-07,9.934545905913856e-07,9.986512168325135e-07,1.0568600311918367e-07,1.1967777879817731e-07,1.0559346203050055e-07,1.1956461776208016e-07,3.9654096005641836e-10,1.7562658272129994e-10,1.8196184426132378e-08,8.340479418222912e-09,1.8630367701513425e-08,8.489296376978928e-09
0.008888869342627004,0.0009181714689647791,-0.00021118497620929412,9.934186462483043e-07,9.986190298474935e-07,9.93452317743504e-07,9.986322459689898e-07,1.0567934083383079e-07,1.1960668065920802e-07,1.0558679264249804e-07,1.1949350542336274e-07,1.9923069860539044e-09,2.865156469943272e-10,1.7111407402126133e-08,9.429549514453035e-09,1.906927415973314e-08,9.74146655538772e-09
0.008888870797818527,0.0009183718129853902,-0.00021088762136256545,9.934186767008514e-07,9.986190181733538e-07,9.934523528402612e-07,9.98632231130614e-07,1.0567934770324356e-07,1.196066250486183e-07,1.0558679950080424e-07,1.1949344980166643e-07,1.9911943493462876e-09,2.866023807168716e-10,1.7109636731155772e-08,9.430401348708983e-09,1.9066435662287713e-08,9.742445961080648e-09
0.008890731260180473,0.0011745116433368175,0.0014225754935360782,9.934576102825108e-07,9.986415849401766e-07,9.93497224044404e-07,9.986564275014554e-07,1.0568813024747215e-07,1.1962658989451222e-07,1.0559556784528468e-07,1.1951341464756035e-07,5.686883186584168e-10,2.556143979127309e-10,1.4845833895549276e-08,1.179454049220257e-08,1.543741667831e-08,1.2036252864520598e-08
0.008890732715371996,0.0011743702263412406,0.0014238531338293114,9.934576418322307e-07,9.986416025911479e-07,9.934972556759117e-07,9.986564464270486e-07,1.0568814408625681e-07,1.1962660551034787e-07,1.0559558167296277e-07,1.19513430263396e-07,5.69319391204901e-10,2.555901601475341e-10,1.4849366129409462e-08,1.1796389642881877e-08,1.54415567545472e-08,1.2038047003670727e-08
0.008892593177733943,0.0009935685974961639,0.0007296106451317127,9.934979781490881e-07,9.986816619229548e-07,9.935376965586329e-07,9.987014488151039e-07,1.0570583697244729e-07,1.1968234710464363e-07,1.056132603594051e-07,1.1956917185769176e-07,1.3761456418848184e-09,1.967030770034457e-10,1.9365327119658104e-08,8.006697242837637e-09,2.0734644223807663e-08,8.202657931569863e-09
0.008892593905329704,0.0009933231056068756,0.0007293391384877168,9.934979880365575e-07,9.986816775894905e-07,9.9353770708766e-07,9.987014664147864e-07,1.0570584714606426e-07,1.1968236890425032e-07,1.0561327052469216e-07,1.1956919365729846e-07,1.3760377473396249e-09,1.9668004724859856e-10,1.9363477967937556e-08,8.005215157425027e-09,2.073268518820795e-08,8.201157974951911e-09
0.008894455095287412,0.00036535485280730917,0.00021960392342205808,9.935232801833475e-07,9.986993355136515e-07,9.93564640339173e-07,9.987186264189148e-07,1.0573187125828554e-07,1.1967601913451075e-07,1.0563927332896128e-07,1.19562815476956e-07,1.100043500734671e-09,4.047617302711737e-10,1.4633347866777058e-08,1.08280677984815e-08,1.5721472124141656e-08,1.1242109048032569e-08
0.008894455822883174,0.00036486064199460087,0.00021940465242320517,9.935232762981624e-07,9.98699342416671e-07,9.935646366073658e-07,9.987186331272824e-07,1.0573187556208093e-07,1.1967601665219263e-07,1.056392776216501e-07,1.1956281298353133e-07,1.0998461910874345e-09,4.0484307572974387e-10,1.4634268852959604e-08,1.0829171337434218e-08,1.5722209589200066e-08,1.1243297848295697e-08
0.008896317012840882,-0.0008993306169131632,0.0004420587553457655,9.935133379948644e-07,9.987116551272122e-07,9.935550906448043e-07,9.987268153809065e-07,1.0574288467068982e-07,1.196686867166543e-07,1.0565025831965613e-07,1.1955545463739017e-07,5.951281134564113e-10,2.0542557228025777e-10,1.6990151507911833e-08,9.47842473763044e-09,1.760864520861105e-08,9.673660870912964e-09
0.008896317740436643,-0.0008989752206019939,0.00044214579760648576,9.935133315250678e-07,9.987116599406251e-07,9.935550803823348e-07,9.987268185795983e-07,1.057428780678347e-07,1.1966868385115959e-07,1.0565025171402436e-07,1.1955545176078886e-07,5.954412011867869e-10,2.0534761391299838e-10,1.69906226096852e-08,9.477896689702447e-09,1.7609410495624177e-08,9.673047252078959e-09
0.008898178930394351,1.0128543368959075e-05,-0.00019884078233485937,9.934967817853712e-07,9.987161836453447e-07,9.935288289852906e-07,9.987363645421598e-07,1.0572598796443344e-07,1.196885996837656e-07,1.056333545079724e-07,1.19575339182792e-07,1.3963196154875845e-09,2.687043264665678e-10,1.8195700945966564e-08,1.0444491986406386e-08,1.956701467520361e-08,1.072275244046663e-08
0.008898179657990113,1.0926465837188463e-05,-0.00019909136348417178,9.934967967894194e-07,9.987161854137985e-07,9.935288451120284e-07,9.98736368273967e-07,1.0572598741188165e-07,1.196886074694703e-07,1.0563335394431403e-07,1.1957534695739014e-07,1.395844135177256e-09,2.687290945324605e-10,1.8194038085417816e-08,1.044486985790627e-08,1.9564891190540785e-08,1.072316280215091e-08
0.008900040847947821,0.0020520121395679602,9.642172281700321e-05,9.935351771447242e-07,9.987142766868975e-07,9.935700973073835e-07,9.987287542324e-07,1.0572457398438928e-07,1.1968231452093643e-07,1.056319121062188e-07,1.1956905400885627e-07,1.795655013570041e-10,3.530843361381158e-10,1.3940440801718523e-08,9.250201344079687e-09,1.4133017423034744e-08,9.591943154996455e-09
0.008900041575543582,0.00205167700493707,9.65372478702875e-05,9.935352007655004e-07,9.98714275940718e-07,9.935701260511834e-07,9.987287512558396e-07,1.0572459026661906e-07,1.1968231206083146e-07,1.0563192838289531e-07,1.195690515487513e-07,1.8000478535977741e-10,3.5311731316767236e-10,1.3942322170818372e-08,9.249734311822522e-09,1.4135333817690182e-08,9.591500926831031e-09
0.00890190276550129,0.0011944026191197388,0.001373822633663905,9.935956227109746e-07,9.987416514246497e-07,9.936436526913894e-07,9.987529570894778e-07,1.0576624021041425e-07,1.1966162914194817e-07,1.0567356412138906e-07,1.1954835442456658e-07,1.3036932644538979e-09,1.7822494357412174e-10,1.8754864328229814e-08,1.0324925586639775e-08,2.0060671346300296e-08,1.051876085604167e-08
0.008901903493097052,0.001193466564187586,0.0013743219633690629,9.935956226632491e-07,9.98741662126559e-07,9.936436503367969e-07,9.987529665522743e-07,1.0576624963711448e-07,1.1966162105636613e-07,1.0567357354531265e-07,1.1954834633343125e-07,1.3033150794646028e-09,1.7815657282760355e-10,1.8753873839569594e-08,1.0325345911610384e-08,2.0059297726832808e-08,1.051912335015004e-08
0.00890376468305476,-0.0012009619522590498,0.0011727012638506442,9.935955005815994e-07,9.98789065600101e-07,9.936376272889902e-07,9.98813197030341e-07,1.0579036313629331e-07,1.197294371653969e-07,1.0569767994184076e-07,1.1961613403185917e-07,3.359178768480575e-10,5.295582470969063e-10,1.622020384672851e-08,1.1175886559118481e-08,1.6545579129001453e-08,1.1692244197368737e-08
0.008903765410650522,-0.0012006747851111067,0.0011726224441870325,9.935954884521185e-07,9.987890841315604e-07,9.93637610940121e-07,9.988132205762668e-07,1.0579035464254486e-07,1.197294636767765e-07,1.0569767144253903e-07,1.196161605321322e-07,3.3605649371342755e-10,5.296956206990444e-10,1.6220478823157612e-08,1.1176219061326265e-08,1.6546004254439323e-08,1.1692702805987665e-08
0.00890562660060823,-0.00046610122067247683,-0.0005519441239296,9.93564461239755e-07,9.988006110383802e-07,9.935957905327086e-07,9.988201500554795e-07,1.0576862763400641e-07,1.1977020276665583e-07,1.0567593022869914e-07,1.1965688542225906e-07,6.906384353300155e-10,4.5628789245230617e-10,1.692386852880645e-08,7.75130532329471e-09,1.7633475124512188e-08,8.212758814685195e-09
0.008905628055799752,-0.0004644999153341451,-0.0005532924949758211,9.935644775010603e-07,9.98800620050817e-07,9.935958106943588e-07,9.988201554733678e-07,1.057686279615222e-07,1.1977023461895442e-07,1.0567593055621494e-07,1.196569172634554e-07,6.905375614200959e-10,4.5623049782506087e-10,1.692631846350601e-08,7.748627517401019e-09,1.7635794612169687e-08,8.210037982792073e-09
0.00890748924575746,0.0015835696123920884,-0.0006139801525770744,9.935852757105475e-07,9.98778894447961e-07,9.936215974448714e-07,9.987900402343344e-07,1.057690468542205e-07,1.1969822794600157e-07,1.0567634944891324e-07,1.1958483956399537e-07,5.615198306330171e-10,2.4409912474370237e-10,2.0059784944237435e-08,1.3089431097434025e-08,2.0602419326110066e-08,1.3340289697186021e-08
0.008907489973353222,0.001583326274261915,-0.0006140038772282086,9.93585294223763e-07,9.98778885954762e-07,9.936216185917783e-07,9.987900284613715e-07,1.0576905790525641e-07,1.1969819979640306e-07,1.0567636049717251e-07,1.1958481138663046e-07,5.614070953050188e-10,2.440161961381193e-10,2.0057285670209288e-08,1.3091518979990724e-08,2.059981774253556e-08,1.3342295268614635e-08
0.00890935116331093,0.0009608673372785148,0.0012990384956908718,9.936326510287505e-07,9.987916496695028e-07,9.93675712379627e-07,9.988058247565627e-07,1.0579732645510376e-07,1.1969088406616618e-07,1.0570462194436914e-07,1.1957750986169501e-07,2.73030126285434e-10,9.62210988777026e-10,1.366414270620453e-08,7.4036243965438945e-09,1.3944966958945315e-08,8.347331293722526e-09
0.008909351890906692,0.0009604556416113351,0.0012997863621384553,9.936326573457767e-07,9.987916546592272e-07,9.936757177552061e-07,9.988058309318149e-07,1.0579733241655453e-07,1.1969088120622473e-07,1.0570462789748999e-07,1.1957750700730685e-07,2.7326445077481927e-10,9.624917529649224e-10,1.3666859169184578e-08,7.401400825557403e-09,1.3947917346393887e-08,8.345378610385978e-09
0.0089112130808644,-9.266187503453871e-05,0.0015115772179192966,9.936488162986521e-07,9.988439825578165e-07,9.936894684869912e-07,9.988600171872974e-07,1.0581258180764053e-07,1.1974361908695385e-07,1.0571985598062383e-07,1.196302306882835e-07,8.72666494622365e-10,2.0050509272643777e-10,2.0615571472148986e-08,1.0969743157243639e-08,2.1495008439842422e-08,1.1194924590118837e-08
0.008911214536055923,-9.257962206617783e-05,0.0015117428088933238,9.936488151339174e-07,9.988440234709505e-07,9.936894656448203e-07,9.98860059553408e-07,1.0581258759190249e-07,1.19743660320637e-07,1.0571986174268133e-07,1.196302719108644e-07,8.720540409527712e-10,1.9990932520475013e-10,2.061163092426099e-08,1.0972533104336435e-08,2.1490433751991667e-08,1.1197152538500177e-08
0.00891307572601363,1.2621924467381973e-05,0.0007577888537773842,9.936473254383954e-07,9.988862582806061e-07,9.936858305081842e-07,9.989063120148668e-07,1.0581998566294715e-07,1.197655506901419e-07,1.0572723141422102e-07,1.1965214807506787e-07,8.87257975423772e-11,9.282343705330682e-10,1.5571670175518193e-08,1.0180912495838051e-08,1.5639407990875043e-08,1.1082395898722578e-08
0.008913076453609392,1.2571883592558587e-05,0.0007574941102452826,9.936473246903488e-07,9.988862747914778e-07,9.936858301972002e-07,9.989063300963608e-07,1.0581998928924185e-07,1.1976555924775312e-07,1.0572723502940915e-07,1.196521566271258e-07,8.894041072750938e-11,9.285190949448463e-10,1.5571908778628802e-08,1.0180603027265533e-08,1.5639879222456436e-08,1.1082351036861837e-08
0.0089149376435671,-0.00011543267420566217,0.00024397066007450442,9.936454111869992e-07,9.989049064804632e-07,9.9368503470032e-07,9.989241649854818e-07,1.0582926535107617e-07,1.1978211615915059e-07,1.0573648268064062e-07,1.1966868513901828e-07,6.379209382956219e-10,7.389369237591898e-10,1.6182255535568402e-08,6.57622261125701e-09,1.6845289607658742e-08,7.332529212283889e-09
0.008914939098758623,-0.00011487128581449905,0.00024356915620415975,9.936454182841399e-07,9.98904921047851e-07,9.936850383418515e-07,9.98924178929883e-07,1.0582926350255484e-07,1.1978212910435104e-07,1.0573648082101705e-07,1.196686980620143e-07,6.376729787867935e-10,7.38788696885706e-10,1.618577142592503e-08,6.573404487397738e-09,1.68485236332061e-08,7.3295973734843756e-09
0.008916800288716331,0.0006031444664831298,-0.0008279460138521054,9.936544955270403e-07,9.988940368881624e-07,9.936896958606667e-07,9.989096327012178e-07,1.0582689924376609e-07,1.1977244108877523e-07,1.0573410236247582e-07,1.1965901004643848e-07,3.205327669952851e-10,3.5471183289473023e-10,2.0682595192056397e-08,1.332134660650522e-08,2.098484230828035e-08,1.3674959918295206e-08
0.008916801016312093,0.0006035690055091558,-0.0008283649017215566,9.93654512211603e-07,9.988940326332133e-07,9.93689713624235e-07,9.989096270146547e-07,1.0582690191385246e-07,1.1977243730143528e-07,1.0573410502145997e-07,1.1965900625909853e-07,3.2048090504630496e-10,3.545616855671341e-10,2.0679437509607546e-08,1.3323984582314097e-08,2.0981640849390693e-08,1.367744051350428e-08
0.008918662933865562,0.0016899643731097536,0.00025860415512499743,9.936972080076076e-07,9.988834320666002e-07,9.937351705957553e-07,9.988942852867666e-07,1.058337346648841e-07,1.197206021485986e-07,1.057409093618844e-07,1.1960717110626185e-07,1.8776617760618564e-10,1.269226229964806e-09,1.2598928122997677e-08,5.9152661987388325e-09,1.2789107550759127e-08,7.169618045088644e-09
0.008918663661461323,0.001689481371574553,0.0002590289183359573,9.936972236067355e-07,9.988834279241358e-07,9.937351895213485e-07,9.988942792915623e-07,1.0583374788170092e-07,1.197205818925795e-07,1.0574092257037129e-07,1.1960715085024276e-07,1.8795510112697127e-10,1.2695836604237343e-09,1.2602185922568146e-08,5.912371037197772e-09,1.279255887014225e-08,7.167074933533968e-09
0.008920524851419032,0.00045396344453185744,0.0022945124294094957,9.93737126175978e-07,9.989309837994495e-07,9.937836011886247e-07,9.989409680777329e-07,1.0586755649910629e-07,1.1972958453565495e-07,1.0577470987982451e-07,1.196161534933182e-07,6.712214672965899e-10,1.1469321859435008e-10,2.0935637223828962e-08,1.1623578047986749e-08,2.1621033852170513e-08,1.1764669018143881e-08
0.008920526306610554,0.0004528813194134806,0.0022961038942344164,9.937371192319021e-07,9.989310209815256e-07,9.937835880435842e-07,9.989410045818659e-07,1.0586756536423714e-07,1.1972959157446894e-07,1.0577471872830202e-07,1.196161605321322e-07,6.707304349461759e-10,1.1379025499635986e-10,2.0931677113811276e-08,1.1628043417033496e-08,2.1616553325110033e-08,1.1768263696865233e-08
0.008922387496568263,-0.0009311567069904547,0.001143348621279031,9.937282377588223e-07,9.989950273389461e-07,9.93766775536642e-07,9.990188496337068e-07,1.0587890386659637e-07,1.1983006567148919e-07,1.0578603593103253e-07,1.19716620423851e-07,4.2700058766609317e-11,1.4350545840223372e-09,1.5866696401189984e-08,9.464409984658046e-09,1.588595921475644e-08,1.0871307226931908e-08
0.008922388224164024,-0.0009306458990760825,0.0011428979741824885,9.937282337232477e-07,9.989950523609778e-07,9.937667688753038e-07,9.990188800657052e-07,1.0587889782420757e-07,1.1983010494986956e-07,1.057860298830926e-07,1.197166596966781e-07,4.289056074549286e-11,1.435571106433997e-09,1.5866976741524265e-08,9.463564154543747e-09,1.588644980357601e-08,1.087095657936743e-08
0.008924250141717494,0.00037651155380258317,-0.0012351118290086388,9.937179066877809e-07,9.989933181127297e-07,9.937497225109837e-07,9.990137661564091e-07,1.0586343535123888e-07,1.198521515810569e-07,1.0577055320482032e-07,1.1973869212256183e-07,5.303851247084879e-10,7.13929531356676e-10,1.6584367656946597e-08,7.3294942920520965e-09,1.714186659285133e-08,8.063857188933544e-09
0.008924250869313255,0.00037696274311968173,-0.0012360411020853057,9.93717920570801e-07,9.989933174350241e-07,9.937497396084183e-07,9.990137641580077e-07,1.0586343945073739e-07,1.1985216019638756e-07,1.0577055729876772e-07,1.1973870073234139e-07,5.302747775387182e-10,7.136475299596157e-10,1.658610886204337e-08,7.328660345251592e-09,1.7143478532599676e-08,8.062760237237399e-09
0.008926112786866724,0.00153155620557488,-0.0008522871879361812,9.93753447219345e-07,9.989544372761953e-07,9.937934919435065e-07,9.989596703618985e-07,1.0587393006744605e-07,1.1975346174697422e-07,1.0578103371017278e-07,1.1963998807762444e-07,2.47896370098033e-10,6.447344947854705e-10,2.104185270468406e-08,1.2545908785813187e-08,2.126843234862008e-08,1.3182702348138453e-08
0.008926113514462486,0.0015311216118004552,-0.000852137225484384,9.937534614114812e-07,9.989544220826983e-07,9.93793506953722e-07,9.989596492232522e-07,1.0587394017047558e-07,1.1975342317782633e-07,1.0578104380487562e-07,1.1963994950292545e-07,2.4791637162234134e-10,6.447075651117018e-10,2.103884725324079e-08,1.254794756988531e-08,2.1265458874028532e-08,1.3184703107071982e-08
0.008927975432015955,0.00041899614304785615,0.0014631629291070643,9.9378977908805e-07,9.98965815723556e-07,9.938319180946564e-07,9.98977491084574e-07,1.0589979382302772e-07,1.1973631999229185e-07,1.0580687614947237e-07,1.1962284631739096e-07,2.9910027232737946e-10,1.5949334501328891e-09,1.3347897009907683e-08,5.645157732762918e-09,1.3656337394252205e-08,7.232663585925169e-09
0.008927976159611717,0.00041881169235796203,0.001464067696654775,9.937897817495844e-07,9.989658201759361e-07,9.938319191604706e-07,9.989774980567745e-07,1.0589979595465593e-07,1.1973631330874923e-07,1.0580687827832502e-07,1.1962283963384834e-07,2.9926031903200134e-10,1.5953047771688489e-09,1.335073941330367e-08,5.642460276789052e-09,1.3659335833596243e-08,7.2303376619231585e-09
0.008929838077165186,-5.319762308103604e-05,0.0018135575473102105,9.93796592616438e-07,9.99026849398564e-07,9.938346465787617e-07,9.990435243079077e-07,1.0590525079123836e-07,1.1981824949991448e-07,1.0581232601225565e-07,1.1970476161971e-07,7.088198361593356e-10,1.9187854601639838e-10,2.0624449703632308e-08,1.152524184023368e-08,2.1332342114988023e-08,1.1735580328874063e-08
0.008929838804760948,-5.31099618925008e-05,0.0018136941201318812,9.937965934751276e-07,9.990268732474199e-07,9.938346481774829e-07,9.990435501094908e-07,1.059052550600459e-07,1.1981828151874652e-07,1.0581233027273651e-07,1.1970479363299091e-07,7.085802584196358e-10,1.9133011841532266e-10,2.062211480920173e-08,1.1527540699773908e-08,2.1329765237040887e-08,1.1737340877004954e-08
0.008931700722314417,0.00017121501956918195,0.0005174211078910369,9.937987908617488e-07,9.990702672594146e-07,9.938387393049197e-07,9.990870751597213e-07,1.0591617893851435e-07,1.198486950737543e-07,1.0582323284324957e-07,1.1973519298269508e-07,9.550082252784975e-11,1.6190400941142392e-09,1.4647119961352928e-08,8.50508091627955e-09,1.4735534570320397e-08,1.0102665565225877e-08
0.008931701449910179,0.00017102453395102297,0.0005169145533727715,9.93798789805184e-07,9.990702842168244e-07,9.938387375729718e-07,9.990870921683381e-07,1.0591618214983444e-07,1.1984870695869176e-07,1.05823236046243e-07,1.1973520486208145e-07,9.578037109367765e-11,1.6195980112598818e-09,1.464856350906485e-08,8.503899806555637e-09,1.4737265012845779e-08,1.0102026770653083e-08
0.008933563367463648,-0.0003164281629177701,-6.816630569650428e-05,9.937960860561783e-07,9.990786352821954e-07,9.938343055182486e-07,9.99097433629359e-07,1.059243999179671e-07,1.1984409023502174e-07,1.0583143250642024e-07,1.197305597278042e-07,8.111451510472989e-10,7.726051194211631e-10,1.8342602103871286e-08,8.319891406372015e-09,1.9165467435300343e-08,9.110748723506478e-09
0.00893356409505941,-0.0003159990351616892,-6.839494221821951e-05,9.937960894446699e-07,9.99078638545605e-07,9.93834306983743e-07,9.990974376705708e-07,1.059243963208445e-07,1.1984408843090932e-07,1.0583142890374652e-07,1.1973055791258957e-07,8.10975438029788e-10,7.722741335314254e-10,1.834174637241337e-08,8.319819500002268e-09,1.9164429760493153e-08,9.110361354203178e-09
0.00893542601261288,0.0007821388926494421,-0.0006857611253972439,9.938047605944952e-07,9.990645922894714e-07,9.938380571838934e-07,9.990777775303884e-07,1.0591519128411164e-07,1.1983648859348328e-07,1.0582220966171008e-07,1.1972294386985993e-07,3.766798262194726e-10,6.908760792189578e-10,1.615192957160616e-08,1.0989494119914567e-08,1.6509019928889757e-08,1.1667483802366152e-08
0.00893542674020864,0.0007825550971096072,-0.0006860023783019642,9.938047797285263e-07,9.990645868005084e-07,9.938380788998558e-07,9.99077769847645e-07,1.0591519690739126e-07,1.198364856236367e-07,1.0582221527666303e-07,1.1972294089446223e-07,3.767042809415741e-10,6.90844270678781e-10,1.6151670532288387e-08,1.0990537369082176e-08,1.6508802515302624e-08,1.1668483068660862e-08
0.00893728865776211,0.0018476223106719813,0.0001221218732441004,9.938537437139852e-07,9.990540995701596e-07,9.938936500475393e-07,9.99063797286934e-07,1.0592958687993814e-07,1.197840743212138e-07,1.058365839412545e-07,1.1967051539228253e-07,4.392839147993044e-10,1.4400513962769685e-09,1.5488788918105456e-08,6.7630505550011186e-09,1.5952441145827834e-08,8.209703639973555e-09
0.008937290112953633,0.0018459573696142692,0.00012275346703194412,9.938537664628139e-07,9.990540913738093e-07,9.93893678546934e-07,9.990637863666052e-07,1.0592961695523395e-07,1.1978403335888288e-07,1.0583661401655031e-07,1.196704744188537e-07,4.397122944400583e-10,1.4406369430730592e-09,1.5492298283405875e-08,6.759746540296874e-09,1.5956344432303164e-08,8.207000412596699e-09
0.008939152030507103,-0.0002843347137285457,0.002342102254852621,9.938828735889926e-07,9.991000011030504e-07,9.93930143522448e-07,9.991114025442726e-07,1.0596809829621634e-07,1.1979973021936097e-07,1.058750953575327e-07,1.196861712793318e-07,9.87824044784702e-10,1.7017109123196841e-10,1.998253118529192e-08,1.272113093163385e-08,2.095059947748723e-08,1.2898028474428447e-08
0.008939152758102864,-0.00028475458065971635,0.0023429695267509487,9.938828616307468e-07,9.991000190435464e-07,9.93930127179965e-07,9.991114211516106e-07,1.0596809894847237e-07,1.1979973635334318e-07,1.0587509600146205e-07,1.19686177413314e-07,9.87494299954086e-10,1.6967462157513324e-10,1.997955397237128e-08,1.2723460507402251e-08,2.0947302491886034e-08,1.2899861623338893e-08
0.008941014675656334,-0.0013591940575253814,0.0013892710817531638,9.938522604800586e-07,9.991695033475043e-07,9.938883067661664e-07,9.991907435669133e-07,1.0596976807164538e-07,1.1990391804994615e-07,1.0587674381667966e-07,1.1979034490461337e-07,1.4367727840802758e-10,1.3698164520704273e-09,1.2360866108451773e-08,7.532551363209628e-09,1.2510316338421035e-08,8.882071729846008e-09
0.008941015403252095,-0.0013583308670611824,0.0013888983977183855,9.938522567793573e-07,9.991695305004172e-07,9.938883007265531e-07,9.991907745643402e-07,1.0596976003085513e-07,1.1990395876182447e-07,1.0587673577311385e-07,1.1979038561094058e-07,1.439700063213343e-10,1.370285440671637e-09,1.2364180776436307e-08,7.530522871945777e-09,1.2513927104967903e-08,8.880501667363205e-09
0.008942877320805565,0.0008505735308239615,-0.0011229042969616659,9.9384278668449e-07,9.991744465397306e-07,9.938728453562362e-07,9.991966816631775e-07,1.059491836485904e-07,1.199221628500678e-07,1.0585615228819734e-07,1.1980856129967026e-07,8.930607364732168e-10,5.856803181618152e-10,2.0846416148856406e-08,9.563722152106058e-09,2.175387869840506e-08,1.0175274543548538e-08
0.008942878775997087,0.0008511666216124205,-0.0011248674096577815,9.9384282249093e-07,9.99174450381887e-07,9.938728906356483e-07,9.991966862799018e-07,1.0594919821457777e-07,1.1992217707756936e-07,1.0585616684863574e-07,1.1980857550497603e-07,8.928691760955216e-10,5.850671058738044e-10,2.0841828892167972e-08,9.565311209769334e-09,2.1749065136213588e-08,1.0176286480145791e-08
0.008944740693550557,0.0016100262854457092,-0.0006839396827005541,9.938886368308296e-07,9.991407750932976e-07,9.939308256434742e-07,9.991472518233735e-07,1.0596783539540411e-07,1.1982900449125645e-07,1.0587479692958368e-07,1.1971538871335952e-07,6.477676728344761e-10,5.43698376338081e-10,1.4972433959314912e-08,1.1683476459217745e-08,1.5590112312224846e-08,1.2204954765587805e-08
0.008944741421146318,0.0016095574869694623,-0.0006837673780006881,9.938886515277436e-07,9.991407619337476e-07,9.939308399431467e-07,9.991472325054929e-07,1.0596784410510374e-07,1.1982896808149235e-07,1.0587480563650775e-07,1.197153522980443e-07,6.476861104517604e-10,5.436822103632721e-10,1.4972829034259895e-08,1.168430419085098e-08,1.5590450978125726e-08,1.2205747523807986e-08
0.008946603338699788,0.00040990218625358565,0.001204876278407938,9.939262609305257e-07,9.991504920352195e-07,9.939674328052206e-07,9.991617730564766e-07,1.0599013222645226e-07,1.1980803763993957e-07,1.0589708665520448e-07,1.196944076567347e-07,4.389679730820717e-10,9.041270625143528e-10,1.5983825818466357e-08,5.99389941142692e-09,1.6457097018474087e-08,6.9055201123466335e-09
0.00894660479389131,0.00040989809915723164,0.0012063523578580426,9.939262727839133e-07,9.991504996398318e-07,9.939674409541798e-07,9.991617844207212e-07,1.0599013424708411e-07,1.1980802128164214e-07,1.0589708865922839e-07,1.1969439128733939e-07,4.3957399456966314e-10,9.044087700971204e-10,1.5986790618235073e-08,5.9894520454406575e-09,1.6460620896629124e-08,6.901377691548305e-09
0.008948467439040542,0.00040466661582406587,0.0013515595593784724,9.939414451198721e-07,9.991981444620797e-07,9.93977871621893e-07,9.99218627839582e-07,1.0599272065585815e-07,1.198938832658314e-07,1.0589965380984812e-07,1.1978023906067392e-07,1.215281498686718e-09,1.7947024422149127e-10,1.978173432219198e-08,1.3244904728537676e-08,2.097118493507803e-08,1.3434886980689953e-08
0.008948471077019349,0.00040465639808318077,0.0013495415729005956,9.939414747533407e-07,9.991982051983703e-07,9.93977891994291e-07,9.99218678224026e-07,1.0599272570743778e-07,1.198939256597908e-07,1.0589965881990793e-07,1.1978028145463333e-07,1.2167965524056967e-09,1.8080969540801429e-10,1.978914632161377e-08,1.3233233063558209e-08,2.0979994630465626e-08,1.3424484549029738e-08
0.008950330811785534,9.548244210224693e-05,0.00031794688540998095,9.939507647615477e-07,9.992292535901478e-07,9.939943444018648e-07,9.992444347517448e-07,1.0601263879384602e-07,1.1991559745183622e-07,1.0591955772320619e-07,1.1980195324667875e-07,3.567681103470985e-10,8.655371419585833e-10,1.2772841595800186e-08,7.266677926054399e-09,1.3140647578442487e-08,8.106761484327762e-09
0.008950334449764341,9.487764171887264e-05,0.00031773331653625267,9.939507829344903e-07,9.992292727442442e-07,9.939943765857606e-07,9.992444607208196e-07,1.0601267774745793e-07,1.1991555849822431e-07,1.0591959664907336e-07,1.198019142653221e-07,3.5508573859033277e-10,8.643536852353613e-10,1.2759116430061113e-08,7.270951427213402e-09,1.3125312392503474e-08,8.109958467116463e-09
0.008952194184530526,-0.0007312331871007231,0.00020855690828636142,9.939389243661868e-07,9.99239064318341e-07,9.939757610766264e-07,9.992577361117583e-07,1.0601517494990275e-07,1.1989564541181608e-07,1.0592207966286793e-07,1.197819869958039e-07,1.1342009297032885e-09,2.5937060832426084e-10,2.043395776751833e-08,9.455565219695927e-09,2.1572690264703988e-08,9.744256068699997e-09
0.008952197094913572,-0.0007325260052991889,0.0002081785380864544,9.93938905808177e-07,9.992390694102567e-07,9.939757319443743e-07,9.992577393092005e-07,1.060151788578878e-07,1.1989567345604967e-07,1.0592208354864852e-07,1.1978201499562858e-07,1.1354202023028392e-09,2.5969781867508925e-10,2.044596847383673e-08,9.460348934786644e-09,2.158590994838505e-08,9.7492956568912e-09
0.008954056829679757,0.0012631388197044064,-3.360001965413417e-05,9.939488464010238e-07,9.992423231443403e-07,9.939787954961294e-07,9.992597824748373e-07,1.0599402474935655e-07,1.1991359372132138e-07,1.0590092234856227e-07,1.1979990688359976e-07,8.327642699680689e-10,4.687852328544295e-10,1.4465946473409402e-08,1.251714287775485e-08,1.5280985696817896e-08,1.296959251106955e-08
0.008954060467658564,0.001267042702382426,-3.338641246946009e-05,9.93948865846628e-07,9.992423246799152e-07,9.939788014889928e-07,9.992597727086895e-07,1.0599398336808008e-07,1.199135167296739e-07,1.0590088095341343e-07,1.1979982991969703e-07,8.32172220022187e-10,4.686642715415298e-10,1.4454248464801367e-08,1.2506178098407888e-08,1.526865212042594e-08,1.2958529672281852e-08
0.00895592020242475,0.0024064822054229934,7.580958033592822e-05,9.940172251190505e-07,9.992431096657898e-07,9.940617443161405e-07,9.992547802539775e-07,1.060189243669753e-07,1.198741585994867e-07,1.0592582195230865e-07,1.197604859726198e-07,7.982367470820644e-10,4.0682884838716404e-10,1.720029446062765e-08,6.900982896240748e-09,1.8026548991082694e-08,7.303206484010616e-09
0.008955923840403557,0.0024087111559375485,7.863512986746301e-05,9.940173588421968e-07,9.992431678321827e-07,9.940619065673673e-07,9.99254847285264e-07,1.0601897315609676e-07,1.1987416428715795e-07,1.0592587074143012e-07,1.1976049160480158e-07,7.981703631365633e-10,4.063598194758321e-10,1.720566622509523e-08,6.9099007936821245e-09,1.8031943938012773e-08,7.3117020588559906e-09
0.008957783575169742,-0.0010271357321490868,0.0015230560503880497,9.940429274852926e-07,9.992729024921817e-07,9.940925420849184e-07,9.992891136789694e-07,1.0606821691393821e-07,1.198770718247033e-07,1.0597509322460659e-07,1.1976337077612698e-07,1.4754127010979594e-09,1.6659224000292738e-10,1.8383451179392633e-08,1.1468729965713464e-08,1.982905389124846e-08,1.1654639919811416e-08
0.00895778721314855,-0.001033856872383998,0.0015216653686564152,9.940429775022e-07,9.9927298739551e-07,9.94092602013552e-07,9.992892069012885e-07,1.0606831324366794e-07,1.1987724106760406e-07,1.0597518951271923e-07,1.1976354001902773e-07,1.4767375100532831e-09,1.6738270253977817e-10,1.8385755140570836e-08,1.1465772936757956e-08,1.983256936455291e-08,1.1652391106501783e-08
0.008959646947914734,-0.0017465037056512544,0.0008107488674449215,9.939912442439643e-07,9.99316389976942e-07,9.94023048042223e-07,9.993368621508125e-07,1.0604974046115257e-07,1.1996375803846604e-07,1.0595660254709388e-07,1.198500569898897e-07,6.135812490224869e-10,5.714671513779024e-10,1.3663416871609706e-08,9.954139734702494e-09,1.4300348922552483e-08,1.0502797742617531e-08
0.008959650585893542,-0.0017478977722265032,0.0008075377766648355,9.939911430443198e-07,9.993163891320954e-07,9.940229119820287e-07,9.99336858377528e-07,1.0604970412941839e-07,1.1996374724576302e-07,1.0595656618761495e-07,1.1985004614169722e-07,6.118927586840073e-10,5.704645018141326e-10,1.3654179120692334e-08,9.951161888523385e-09,1.4289526895083782e-08,1.0498894664921354e-08
0.008961510320659727,0.002005686080301741,-0.0008339718301151322,9.939960737776933e-07,9.99315957246585e-07,9.940246139552261e-07,9.993349294745713e-07,1.0602222435383723e-07,1.1995823001598183e-07,1.059290793204788e-07,1.1984450054569606e-07,1.414995405154119e-09,5.791004481503492e-11,2.0663136109093266e-08,8.428886921763024e-09,2.206788214198234e-08,8.503641346635504e-09
0.008961513958638534,0.00201302877171905,-0.000831724072117847,9.93996083423103e-07,9.99315938451258e-07,9.940246172845946e-07,9.99334895515012e-07,1.0602217059840768e-07,1.1995811068586444e-07,1.0592902555117689e-07,1.1984438118783393e-07,1.4165664197207661e-09,5.866359643275133e-11,2.0676846901324097e-08,8.436509935875026e-09,2.2083098016878466e-08,8.511976491869507e-09
0.00896337369340472,0.001988275312032914,0.0003173298160943361,9.940704961657237e-07,9.993063302801064e-07,9.941174315562865e-07,9.993175353883998e-07,1.0605908923367879e-07,1.1989710912985174e-07,1.0596593709489302e-07,1.1978336544871127e-07,9.989681264073247e-10,4.4387918340937915e-10,1.2678258982029985e-08,1.2333394749930449e-08,1.3666240433463468e-08,1.2772902735491698e-08
0.008963377331383526,0.001988226889772182,0.00031941341584450065,9.940706417305567e-07,9.993063921941192e-07,9.941176131178509e-07,9.993176030855602e-07,1.0605916145323135e-07,1.1989713215798415e-07,1.059660093005732e-07,1.197833885045884e-07,9.981512283374627e-10,4.4336783989835107e-10,1.2662612292047015e-08,1.2324337717831007e-08,1.364977553208746e-08,1.2763323720830956e-08
0.008965237066149712,-0.0006388450700252676,0.0013845496081286157,9.940956410810658e-07,9.9933804263745e-07,9.94140079164055e-07,9.99352209873905e-07,1.060840811774616e-07,1.1990890413926536e-07,1.0599091484169347e-07,1.197951746689796e-07,1.271798711768821e-09,1.8196903706080292e-10,1.891691170543868e-08,7.694382908596253e-09,2.0222337728260795e-08,7.866531426259371e-09
0.008965240704128519,-0.0006439840996805835,0.0013831090810288637,9.940956899843337e-07,9.993381165343032e-07,9.941401231117197e-07,9.993523002107713e-07,1.0608412992496596e-07,1.1990901439685348e-07,1.059909635614531e-07,1.19795284898823e-07,1.2723340159226382e-09,1.8228423947289372e-10,1.8929146250457052e-08,7.701834742878e-09,2.0235194853057692e-08,7.874362168691579e-09
0.008967100438894704,-0.0002324938951943542,0.0006467116276356322,9.940794047882715e-07,9.993758926056967e-07,9.941116434268853e-07,9.993984804168576e-07,1.0607751350416151e-07,1.1996537807590357e-07,1.0598432586598369e-07,1.198516343947631e-07,1.1730112480287377e-09,3.434157125337123e-10,1.673991053701065e-08,1.1511212427706141e-08,1.786577868334747e-08,1.1877437700036353e-08
0.008967104076873511,-0.00023168894565506193,0.0006451964555930874,9.940793729314716e-07,9.993759113496875e-07,9.941115877154516e-07,9.993984861720325e-07,1.0607750056124132e-07,1.1996540106893369e-07,1.0598431288144639e-07,1.198516573601241e-07,1.172816954664313e-09,3.438479625530656e-10,1.6735627994535207e-08,1.1508318027860002e-08,1.786114367519076e-08,1.1874876320405979e-08
0.008968967449618503,0.0004919628331130355,-0.00013087466459838328,9.940842228041528e-07,9.993855120217443e-07,9.941252301359782e-07,9.994014339725684e-07,1.0608740552697782e-07,1.1997717809895987e-07,1.0599420363632817e-07,1.1986342021803232e-07,1.2202264754179737e-09,5.65246422465818e-10,1.3579485980130812e-08,1.0025806426667263e-08,1.4842375328782964e-08,1.0562937673728082e-08
0.008968968904810026,0.0004916438020718823,-0.00013148073341540112,9.940842311774183e-07,9.993855195193405e-07,9.94125236617149e-07,9.994014362746384e-07,1.0608740880640583e-07,1.199771872961719e-07,1.0599420690465829e-07,1.1986342940417671e-07,1.220312644157695e-09,5.654193224735593e-10,1.3585453351636418e-08,1.0024648666728808e-08,1.4848380146667597e-08,1.0561913121875932e-08
0.008970830822363496,8.344358491640946e-05,-0.00023476809487348233,9.940949447705194e-07,9.993786987650882e-07,9.941335292751319e-07,9.993939388030374e-07,1.0609160483454616e-07,1.1995391389474382e-07,1.0599838873304179e-07,1.198401418029918e-07,1.330565546631135e-09,9.892538228180552e-11,2.1220705193059075e-08,8.200957036115862e-09,2.2531544630055578e-08,8.32165653770458e-09
0.008970832277555019,8.447147621990563e-05,-0.0002348488196577403,9.940949663599726e-07,9.993786934342916e-07,9.941335454273603e-07,9.993939329433488e-07,1.0609159699694362e-07,1.199538957052937e-07,1.0599838088434568e-07,1.1984012360244378e-07,1.3305310506757324e-09,9.856079147274599e-11,2.121330057229658e-08,8.19953172026544e-09,2.252411135461882e-08,8.319905653308979e-09
0.00897269492270425,0.0014001723446949998,0.0005798069111566964,9.941226008601187e-07,9.993851247068504e-07,9.941542202795972e-07,9.99400524205225e-07,1.0608156486568987e-07,1.199466509993522e-07,1.0598833455333079e-07,1.1983287889650228e-07,1.2863762277603996e-09,9.356920356619866e-10,1.1735385996303194e-08,1.220451525584337e-08,1.300951879557033e-08,1.3132838150211497e-08
0.008972695650300011,0.0014002136268146325,0.0005801251360515458,9.941226220045478e-07,9.993851272190663e-07,9.94154247713594e-07,9.994005267799366e-07,1.0608157757832875e-07,1.1994664816938894e-07,1.0598834726042071e-07,1.1983287606653903e-07,1.286655345675349e-09,9.360190400542479e-10,1.1738217742160996e-08,1.2206079702536954e-08,1.3012651037053738e-08,1.3134718201968099e-08
0.008974558295449242,0.0015058958530744793,0.0014899325126765208,9.94176751742867e-07,9.994236982868866e-07,9.942244787453092e-07,9.994355149914146e-07,1.061141219338424e-07,1.1994210424582035e-07,1.060208774106286e-07,1.1982833214297045e-07,2.001197207945893e-09,1.1016179121659788e-10,1.8987487138133474e-08,7.461457597325763e-09,2.103118923457714e-08,7.561341236893126e-09
0.008974559750640765,0.001503311214144251,0.0014906432996895091,9.941767473899413e-07,9.994237284205332e-07,9.942244734203986e-07,9.994355423259549e-07,1.0611415450454454e-07,1.1994210069588007e-07,1.0602090997023718e-07,1.1982832859303016e-07,2.000343371168395e-09,1.095165902409434e-10,1.89863354653959e-08,7.457750861306067e-09,2.1029106886751874e-08,7.556987036139162e-09
0.008976422395789996,-0.0018050266165479945,0.00123055845734696,9.941711756452857e-07,9.99474412860695e-07,9.942176575350459e-07,9.994966819619788e-07,1.0615584500328623e-07,1.1998718833638656e-07,1.0606258626921772e-07,1.1987340202823087e-07,9.074322959712333e-10,9.917091659890172e-10,1.7512194361302136e-08,1.0327165805145573e-08,1.8363701670409682e-08,1.1340372240900012e-08
0.008976423123385757,-0.0018047709648981883,0.0012304568617054201,9.941711541424344e-07,9.994744326593045e-07,9.942176276595122e-07,9.994967058446491e-07,1.0615582876151671e-07,1.1998720594874612e-07,1.0606257001912478e-07,1.198734196350415e-07,9.080707253864288e-10,9.92053772463919e-10,1.750999803271305e-08,1.0328286670358011e-08,1.8362183376393855e-08,1.1341850125745623e-08
0.008978285768534988,-0.0011503027413946043,-0.0004969610588859586,9.94116106843505e-07,9.99488082514676e-07,9.941411462932592e-07,9.995096610835091e-07,1.0611424983153483e-07,1.2004337372775135e-07,1.0602096978118425e-07,1.1992954479812942e-07,2.5424500282866802e-09,6.85006809659639e-10,1.188739684465645e-08,9.790511082922932e-09,1.4475350695875022e-08,1.0451819356369188e-08
0.00897828649613075,-0.0011485221354908762,-0.0004976358315111895,9.941161232966776e-07,9.994880878466507e-07,9.941411650191943e-07,9.995096661441494e-07,1.0611424165003183e-07,1.2004339566829003e-07,1.0602096159690785e-07,1.1992956672202126e-07,2.5419051476832103e-09,6.848868694397936e-10,1.1890956174605798e-08,9.79030101433409e-09,1.4478338279860413e-08,1.04514716880999e-08
0.008980149868875742,0.0034116095839564764,-0.0011415731264384158,9.941582598720626e-07,9.994575385884343e-07,9.941891221387777e-07,9.994677320751297e-07,1.0609328882082991e-07,1.1997961383566862e-07,1.0600000166505197e-07,1.1986578488939985e-07,1.1464659221971374e-09,3.738127105107759e-10,2.100640017488331e-08,8.370152876466342e-09,2.2129540866444586e-08,8.76316817670794e-09
0.008980150596471503,0.003411145768692101,-0.00114182456622558,9.941583008749089e-07,9.9945752665979e-07,9.941891710139078e-07,9.9946771570103e-07,1.0609331129129308e-07,1.1997958893061877e-07,1.0600002412719172e-07,1.1986575998435e-07,1.1468078574932158e-09,3.7369124461505976e-10,2.10024604966758e-08,8.369598347712781e-09,2.2125950208368715e-08,8.762508940662883e-09
0.008982013241620734,0.002223778691890388,0.001241565528879573,9.942632681612693e-07,9.994594191628834e-07,9.943142913471092e-07,9.99469306074279e-07,1.0615083567699912e-07,1.199261694291657e-07,1.060575272049391e-07,1.1981232628313578e-07,2.0221622154537044e-09,1.4777497979301903e-09,1.0916884285450124e-08,1.1281097849606711e-08,1.2933865534137112e-08,1.275210578333581e-08
0.008982014696812257,0.002220648932689459,0.001243427552391374,9.942632745398953e-07,9.994594206414014e-07,9.943142938320674e-07,9.994693073167582e-07,1.0615085535698059e-07,1.1992612769518018e-07,1.0605754686828023e-07,1.198122845380567e-07,2.0227323722647044e-09,1.4786123436749676e-09,1.092261239629725e-08,1.1283372458592567e-08,1.2940190834382528e-08,1.2755222655869147e-08
0.008983877341961488,-0.0017854428444993853,0.0022908038965038426,9.94271439181294e-07,9.995252584527127e-07,9.943174745785655e-07,9.995404474880426e-07,1.0617604573326389e-07,1.1998892935197891e-07,1.060827159449218e-07,1.1987507198954965e-07,2.7525330903444e-09,1.1728549998094623e-10,1.825459428062004e-08,7.95538627312027e-09,2.1036575148514203e-08,8.063920426107186e-09
0.00898387806955725,-0.0017851145419901474,0.0022912130278882614,9.942714193195694e-07,9.995252841706078e-07,9.943174486640013e-07,9.99540475277172e-07,1.0617603912982027e-07,1.199889538838761e-07,1.060827093387048e-07,1.198750965158979e-07,2.7517538697193473e-09,1.1675373168262837e-10,1.8253354076393103e-08,7.95408627851657e-09,2.1034526786513757e-08,8.062087886173686e-09
0.008985741442302242,-0.000944331815831756,0.0005669344973643642,9.94220553442549e-07,9.995785295668277e-07,9.94251081465336e-07,9.996010467102004e-07,1.0615912771072544e-07,1.2004603081115291e-07,1.06065790816956e-07,1.1993214503255885e-07,7.561698489588764e-10,1.6826490919285156e-09,1.5077191051204863e-08,1.0009601439148288e-08,1.5788671703376167e-08,1.1715233189826073e-08
0.008985742169898003,-0.0009436441147402021,0.0005662612140646672,9.942205525151472e-07,9.995785503576891e-07,9.942510825307339e-07,9.996010703616776e-07,1.0615912724738832e-07,1.2004605309812177e-07,1.0606579035361888e-07,1.1993216730843415e-07,7.572727307908992e-10,1.68326053096024e-09,1.5076468926775106e-08,1.0010404061233658e-08,1.5789088111661086e-08,1.1716659642502236e-08
0.008987604815047234,0.000816870679637649,-0.000725459687799776,9.942181783664767e-07,9.995755662580274e-07,9.942538099494413e-07,9.995942544763248e-07,1.0615794110435672e-07,1.2004683408498511e-07,1.0606460421058728e-07,1.1993291989577518e-07,3.5806502207691437e-09,9.780189654063898e-10,1.3227830386597361e-08,1.0806191513128313e-08,1.6855093321055392e-08,1.1761174118742992e-08
0.008987606270238757,0.0008170186776039301,-0.0007264688447543577,9.94218204899373e-07,9.995755639266995e-07,9.942538396801913e-07,9.995942491514143e-07,1.0615794434922402e-07,1.200468346951311e-07,1.0606460743881423e-07,1.1993292048373405e-07,3.5786752433839373e-09,9.77467995433301e-10,1.3231903182475344e-08,1.0806813222075107e-08,1.6857124497046087e-08,1.1761208895677555e-08
0.008989468915387988,0.0010064560744436069,-0.0008385857010806316,9.942521670067125e-07,9.995464108826038e-07,9.94291895040078e-07,9.99556988978152e-07,1.0616209777936092e-07,1.2000433481000378e-07,1.060687395693094e-07,1.1989040639884557e-07,1.0507041903196068e-09,7.578067316690925e-10,1.8445081906293126e-08,7.525479166012345e-09,1.9457029765135303e-08,8.29173510423399e-09
0.008989470370579511,0.0010070780150154075,-0.0008386732923746365,9.942522078920357e-07,9.99546388106788e-07,9.942919327581937e-07,9.995569598686416e-07,1.061621025107657e-07,1.200043016069685e-07,1.0606874430071419e-07,1.1989037318471674e-07,1.052077987570429e-09,7.576351213067767e-10,1.8439498360524096e-08,7.522915623781046e-09,1.9452867931624125e-08,8.289024577834425e-09
0.008991333015728742,0.0018031619469204181,0.0008517200125493295,9.943045411058226e-07,9.995466434201186e-07,9.943402119461098e-07,9.9955730079598e-07,1.0616815870889695e-07,1.1995557740818551e-07,1.0607480049884543e-07,1.1984164898593374e-07,2.8105384686227808e-09,2.3128543590063116e-09,1.1292559776165945e-08,9.26193093151833e-09,1.4125721037316907e-08,1.1578659989060544e-08
0.008991333743324503,0.0018026342861247422,0.0008523803224340654,9.943045575091556e-07,9.995466435198504e-07,9.943402336007455e-07,9.995573009291547e-07,1.0616817414004365e-07,1.1995555837529537e-07,1.0607481592444535e-07,1.198416299530436e-07,2.8106484008093023e-09,2.3134618665210382e-09,1.1295052757093892e-08,9.262610234372914e-09,1.412831422154961e-08,1.1579945002893055e-08
0.008993197116069496,0.0004512949883987566,0.0025563490130922403,9.94346566445236e-07,9.996101732512432e-07,9.94395691122918e-07,9.996229862730393e-07,1.0620769330671465e-07,1.1998908290201844e-07,1.0611432088580841e-07,1.1987514027445872e-07,3.092184730490999e-09,6.03562480780802e-11,1.7679576913565143e-08,1.011323028825324e-08,2.076945904150307e-08,1.0165979725303362e-08
0.008993197843665257,0.00045011692834989525,0.0025570143659585653,9.94346551052221e-07,9.996101980578543e-07,9.943956743050758e-07,9.996230119213578e-07,1.0620770448902655e-07,1.1998909599242324e-07,1.0611433206257353e-07,1.1987515335931676e-07,3.091328599382586e-09,5.947647235826636e-11,1.7678029665157163e-08,1.0113562431968148e-08,2.0767050633395723e-08,1.0165427610786537e-08
0.00899506121641025,-0.0025668948567840744,0.0009976147297018406,9.943071295408804e-07,9.996764227014828e-07,9.943526038114214e-07,9.997004024389796e-07,1.0623634238982049e-07,1.2008684271631368e-07,1.0614295575805954e-07,1.1997288587789924e-07,8.987768307378019e-10,2.9761344421266893e-09,1.3715526492319441e-08,7.341077413232586e-09,1.4599117470481815e-08,1.0322525886886628e-08
0.008995061944006011,-0.002566127308354628,0.0009970058270715176,9.94307106495517e-07,9.99676448560383e-07,9.94352571373842e-07,9.997004326578462e-07,1.0623632338931977e-07,1.2008688088371855e-07,1.0614293674923866e-07,1.1997292403975734e-07,9.001478612712458e-10,2.9772733167732213e-09,1.3715986809332502e-08,7.339994834154595e-09,1.4600965328457392e-08,1.0322587229438795e-08
0.008996925316751003,-0.0006004357805426963,-0.0015510699415739195,9.942480873196772e-07,9.996661057409924e-07,9.94269498733047e-07,9.996882729142551e-07,1.0618766310699357e-07,1.2010885649509167e-07,1.0609425515895055e-07,1.1999485703520668e-07,4.411357057421128e-09,7.825520757679836e-10,1.4894858679781464e-08,9.04387313394802e-09,1.9333329603909988e-08,9.82169564205907e-09
0.008996926044346765,-0.000598707362444727,-0.0015520648950173577,9.942481108016343e-07,9.996661017024062e-07,9.94269527088195e-07,9.9968826816621e-07,1.0618765790965912e-07,1.2010886507596297e-07,1.0609424995606932e-07,1.1999486559943762e-07,4.409864734177226e-09,7.816950975403358e-10,1.4895434041207067e-08,9.044538451519202e-09,1.9332389601215518e-08,9.821500057682897e-09
0.008998789417091757,0.003827771386454737,-0.0010239513943200145,9.943082480937043e-07,9.996181086020272e-07,9.94342144622351e-07,9.996221540581344e-07,1.0617434753612542e-07,1.1999638873359468e-07,1.0608092537722769e-07,1.1988238925706933e-07,5.880249065448595e-10,1.9426260449830515e-09,1.6368934652177813e-08,9.183556818025927e-09,1.6925042700677295e-08,1.1134705019111563e-08
0.00899879087228328,0.003826360815679758,-0.0010235389667521133,9.94308333202059e-07,9.99618071122058e-07,9.943422465943858e-07,9.99622102426656e-07,1.0617440123451906e-07,1.1999630089576385e-07,1.0608097905898098e-07,1.198823014192385e-07,5.902645517822767e-10,1.943532668136072e-09,1.636640547988597e-08,9.183665383716288e-09,1.6924801056519233e-08,1.1135730559885815e-08
0.00900065351743251,0.0020208302237068043,0.002029468228272,9.944172718962486e-07,9.996368524417541e-07,9.944727707988932e-07,9.996445948483206e-07,1.0624313517837436e-07,1.1994221400553664e-07,1.0614969170319455e-07,1.198282145290113e-07,3.457010455676368e-09,2.8181008386434627e-09,1.3129064946326707e-08,7.157365679749624e-09,1.6615496534200247e-08,9.961863817503562e-09
0.009000654972624034,0.002017513274095719,0.0020318533901431124,9.944172688788798e-07,9.996368671146602e-07,9.94472758374102e-07,9.99644612420525e-07,1.0624315341619258e-07,1.1994217175015365e-07,1.0614970992437244e-07,1.198281722736283e-07,3.456471258747437e-09,2.818784095026672e-09,1.3131777018198324e-08,7.1557826331059005e-09,1.6617629117840674e-08,9.960946734111076e-09
0.009002517617773265,-0.0022281822280931785,0.0028587317630937893,9.944134066468283e-07,9.9972797339445e-07,9.944568546416122e-07,9.997469642989072e-07,1.0626649782352615e-07,1.200556988405623e-07,1.0617303303206427e-07,1.1994171356379812e-07,2.7662991897159372e-09,4.020340301453481e-10,1.660322901386735e-08,8.656467528217745e-09,1.934733617758866e-08,9.069449342112985e-09
0.009002519072964787,-0.0022273377646590447,0.002859377761822657,9.944133575459805e-07,9.99728044571231e-07,9.94456796179165e-07,9.997470442613121e-07,1.0626647687596115e-07,1.200557875336017e-07,1.0617301207895464e-07,1.1994180226793105e-07,2.7648291894120294e-09,4.0014594415715976e-10,1.660072303664944e-08,8.65763993829205e-09,1.934338476917676e-08,9.068752859775486e-09
0.00900438244570978,-0.0011460023372507067,0.00011220847237599285,9.943504839104243e-07,9.997833963109257e-07,9.943819350155536e-07,9.998057974149251e-07,1.0623965351896913e-07,1.201397124928728e-07,1.061461816220799e-07,1.200256988165863e-07,8.824938002582883e-10,4.527292381484348e-09,1.3391819209118694e-08,7.68610963027223e-09,1.428360629773806e-08,1.2212398159440448e-08
0.009004383173305541,-0.0011450541045445893,0.00011113577839338973,9.943504849099045e-07,9.997834179242563e-07,9.943819374117632e-07,9.998058203564142e-07,1.062396535300627e-07,1.201397452632591e-07,1.0614618163317346e-07,1.2002573157587904e-07,8.840386158174811e-10,4.528903918554761e-09,1.3392785369742313e-08,7.685730274431535e-09,1.4286116408861265e-08,1.2213625666390726e-08
0.009006246546050534,0.001283369855821892,-0.0017482896795394025,9.94353044578806e-07,9.99752898115568e-07,9.943880741047906e-07,9.997716139749103e-07,1.0623968194067857e-07,1.2009906126133754e-07,1.0614621004378932e-07,1.1998503336864956e-07,4.840311262910291e-09,3.1896398028229425e-10,1.586712272683144e-08,7.723828910309187e-09,2.07145109953899e-08,8.031542170507405e-09
0.009006247273646295,0.0012834975532924617,-0.001749015733993886,9.943530656347045e-07,9.99752886198423e-07,9.943880962031689e-07,9.9977160061826e-07,1.0623968288640484e-07,1.2009904537535476e-07,1.0614621098119543e-07,1.1998501747711998e-07,4.838605476171092e-09,3.173201146289273e-10,1.5866558428115264e-08,7.723843786777707e-09,2.071222987101559e-08,8.02990918202795e-09
0.009008110646391287,0.0016105307754212816,-0.0006480564807937771,9.944069897903343e-07,9.997082358291604e-07,9.94444690149976e-07,9.997133247807295e-07,1.0624210489140751e-07,1.2001130502445288e-07,1.0614861167823619e-07,1.1989726292645264e-07,4.70085637083173e-10,3.768710064662048e-09,1.4421389415986141e-08,7.700336962510655e-09,1.4870270348410486e-08,1.148850878564445e-08
0.00900811210158281,0.0016108460658142637,-0.0006471966922321215,9.944070425425721e-07,9.997082009596803e-07,9.944447463945762e-07,9.997132792705088e-07,1.0624211595291946e-07,1.2001123650406953e-07,1.0614862273420354e-07,1.1989719439498003e-07,4.730280849465481e-10,3.771405410191164e-09,1.4421247579125247e-08,7.70031860497511e-09,1.4873110578737393e-08,1.1491209761516075e-08
0.009009975474327803,0.0020145754140278305,0.0020831327554497706,9.944745917832834e-07,9.997349776666792e-07,9.945167676050914e-07,9.997416898863758e-07,1.0625628021898592e-07,1.1997045306499245e-07,1.0616277990038725e-07,1.1985642516121088e-07,4.240832573998432e-09,2.2937579590935186e-09,1.423962547875135e-08,7.396051119104572e-09,1.85100255123416e-08,9.666515761664086e-09
0.009009976201923564,0.0020137468731272427,0.002084198873937737,9.944746056543802e-07,9.997349881222461e-07,9.94516784334185e-07,9.997417009799392e-07,1.0625629978248498e-07,1.1997043714018218e-07,1.0616279945556613e-07,1.198564092419474e-07,4.240476679830969e-09,2.2931809784410007e-09,1.423998829270232e-08,7.395932311027309e-09,1.8510009647159242e-08,9.665803268887885e-09
0.009011839574668556,-0.00010814637327805077,0.0031238875728989927,9.945101295335282e-07,9.99832049315094e-07,9.945596275429125e-07,9.99852686346932e-07,1.0630640190356644e-07,1.2008923237818915e-07,1.062128802686857e-07,1.1997520447995437e-07,3.3290317169587524e-09,1.6509010689910903e-09,1.5169154821137454e-08,7.622933755677077e-09,1.8469378915142443e-08,9.29579110491811e-09
0.00901184102986008,-0.00011043161807674224,0.003124699512531137,9.94510083770171e-07,9.998321251145416e-07,9.945595758227203e-07,9.998527730203932e-07,1.0630640886206143e-07,1.2008932515072956e-07,1.0621288721054683e-07,1.1997529725249478e-07,3.3273580922656344e-09,1.6503994837435698e-09,1.5167746439077758e-08,7.623111031307417e-09,1.8466332329398975e-08,9.295502145789669e-09
0.009013704402605072,-0.0030366875828011786,-0.0003504609546665723,9.944514837913582e-07,9.998837942345898e-07,9.944933481165208e-07,9.999098215370541e-07,1.0631531921490023e-07,1.2020684566326344e-07,1.0622177626373741e-07,1.2009277514910484e-07,1.1842816727281047e-09,5.26026731796583e-09,1.3364313211639e-08,7.180827880966084e-09,1.4565179284886653e-08,1.2428977332805989e-08
0.009013705130200833,-0.003035483426025184,-0.0003518179091637208,9.944514620484283e-07,9.998838144099588e-07,9.944933188295134e-07,9.999098438129295e-07,1.0631529926589985e-07,1.2020689155178843e-07,1.0622175630919025e-07,1.200928210209895e-07,1.1860044405061354e-09,5.2616768719815354e-09,1.3364761727873994e-08,7.180655181571183e-09,1.4567342807088709e-08,1.2430200868607244e-08
0.009015568502945825,4.8362077296415507e-05,-0.0028606304311442274,9.943957784054271e-07,9.998239180151114e-07,9.944183148036245e-07,9.998404353592624e-07,1.06264209875917e-07,1.2012068477555841e-07,1.0617065271389947e-07,1.2000660004499402e-07,5.598012720042789e-09,3.5373718938905614e-11,1.4513411805694432e-08,7.573417144810847e-09,2.0108123166551195e-08,7.606267189513752e-09
0.009015569958137348,5.1644553827884854e-05,-0.0028625896755971603,9.943958410254883e-07,9.998238712393247e-07,9.944183853311594e-07,9.998403811550816e-07,1.0626420719786674e-07,1.2012061745281244e-07,1.0617065001367073e-07,1.200065327111588e-07,5.593931482700518e-09,3.129226391895834e-11,1.4513002885300463e-08,7.573723870279991e-09,2.010362925266146e-08,7.602499962899856e-09
0.00901743333088234,0.004254855752374387,3.3763896083004695e-05,9.944760260136838e-07,9.997712018182376e-07,9.945086958396132e-07,9.997710862995385e-07,1.0626077795450328e-07,1.1998090596025321e-07,1.0616719237077632e-07,1.1986682121859957e-07,3.6790706592348954e-10,5.764150307075158e-09,1.398938032082242e-08,6.289859174274691e-09,1.4349172516858744e-08,1.2067676567137281e-08
0.009017434786073864,0.004253046505545647,3.602578875905316e-05,9.94476116106944e-07,9.997711606863196e-07,9.94508804957686e-07,9.997710321840714e-07,1.0626082927548308e-07,1.1998079685326957e-07,1.0616724367512227e-07,1.1986671211161593e-07,3.711698640056666e-10,5.768627353575084e-09,1.3990352810696196e-08,6.28885654663236e-09,1.4353429628450933e-08,1.2071163624227665e-08
0.009019298158818856,0.0019363059413436967,0.003257555564542802,9.945914805265432e-07,9.998325558233054e-07,9.946485306500108e-07,9.998419450812755e-07,1.0632654579012524e-07,1.2001024445661573e-07,1.062329388901162e-07,1.1989617392027e-07,4.549182808233354e-09,1.5531693745337453e-09,1.523562609406781e-08,7.242554310121032e-09,1.9804661022249093e-08,8.772803876700205e-09
0.009019298886414617,0.001934624711203317,0.0032588134832369775,9.945914773514537e-07,9.998325797964162e-07,9.946485228875463e-07,9.998419727708097e-07,1.063265577692714e-07,1.2001025595509418e-07,1.0623295085540083e-07,1.1989618542429525e-07,4.548560402217955e-09,1.5515233542373608e-09,1.5235022660520697e-08,7.242926702843988e-09,1.980341789127702e-08,8.771515958017062e-09
0.009021162986755371,-0.0023726869084497865,0.002413639989233566,9.94583342772359e-07,9.999383138714793e-07,9.946286354534095e-07,9.999644793650921e-07,1.0635724834173743e-07,1.2017451195575363e-07,1.0626360591459161e-07,1.200604556302648e-07,2.953956190765439e-09,3.1288856486008507e-09,1.3689025912810848e-08,6.084466351656703e-09,1.6618516340827227e-08,9.237482091168605e-09
0.009021163714351133,-0.0023724337205548243,0.0024133101010626046,9.945833129648967e-07,9.9993835514161e-07,9.94628598800276e-07,9.999645271818736e-07,1.0635723613881769e-07,1.2017457606816606e-07,1.0626359370889848e-07,1.2006051974822185e-07,2.953341936346577e-09,3.1295013247500947e-09,1.3689447254322272e-08,6.0840141813400805e-09,1.661833986234062e-08,9.237663967098797e-09
0.009023027087096125,-0.0017240195215573184,-0.0009712023053424579,9.945069760538377e-07,9.999651777340912e-07,9.945347301254515e-07,9.999862244235272e-07,1.0632598446136399e-07,1.2021924853036663e-07,1.062323349287908e-07,1.2010516381089144e-07,1.3802363696413522e-09,5.307113681713046e-09,1.4768502865081246e-08,6.8230005951715634e-09,1.6166378458137842e-08,1.2114916297104404e-08
0.009023028542287648,-0.0017213183784979913,-0.0009738454231920518,9.945069762499362e-07,9.99965198681059e-07,9.945347345611455e-07,9.999862413678784e-07,1.0632597170874368e-07,1.202192834171001e-07,1.0623232217062588e-07,1.2010519867544645e-07,1.3833282209492139e-09,5.3088142770718605e-09,1.4768137244684756e-08,6.8235777028746725e-09,1.616908673349844e-08,1.2117163272762355e-08
0.00902489191503264,0.0017374953089703687,-0.0023077186149093815,9.94507227354086e-07,9.999040315007539e-07,9.945404144673375e-07,9.999181960916976e-07,1.063096419784415e-07,1.2011943066624365e-07,1.0621598534044097e-07,1.2000531752505905e-07,5.342443820666176e-09,1.8735463137557192e-10,1.4299960326979999e-08,7.008599759595724e-09,1.963703333274225e-08,7.196945865117328e-09
0.009024893370224163,0.001738114960045592,-0.002308760296433565,9.945072894772813e-07,9.999039837325538e-07,9.945404817124588e-07,9.999181429520831e-07,1.063096535556029e-07,1.2011935268674279e-07,1.0621599691205774e-07,1.2000523952337971e-07,5.338460166079932e-09,1.8335505336253277e-10,1.429996953589663e-08,7.008744251635335e-09,1.9633058395052805e-08,7.19310344621249e-09
0.009026756742969155,0.002531578161869108,2.3776957478846734e-05,9.945868382288006e-07,9.998614399186724e-07,9.946265890903305e-07,9.99866115011364e-07,1.0632447811076418e-07,1.2003658225375897e-07,1.0623081436733628e-07,1.199224832901614e-07,2.373904683938832e-10,6.264816025162174e-09,1.4311761553642555e-08,5.865818440417952e-09,1.4543150683721251e-08,1.214170174762563e-08
0.009026758198160678,0.002530422150503945,2.5598540652538304e-05,9.945868903497993e-07,9.99861406694296e-07,9.946266456897861e-07,9.998660743804066e-07,1.0632450297282916e-07,1.2003651761460787e-07,1.0623083922385664e-07,1.1992241866209952e-07,2.4097784951219284e-10,6.269565311356473e-09,1.4312354039688906e-08,5.864925878285021e-09,1.454734543084168e-08,1.2145566330445945e-08
0.00902862157090567,0.001050149597412342,0.002989209809212554,9.946536312886657e-07,9.999176269376211e-07,9.94699121292797e-07,9.999241230216894e-07,1.0635633884703566e-07,1.2004307790625971e-07,1.062626679981804e-07,1.1992899315351682e-07,4.8346193715076424e-09,1.2010386750253231e-09,1.5071032422042663e-08,7.126304358167157e-09,1.9918719118550143e-08,8.307880912717855e-09
0.009028623026097193,0.0010487759416173957,0.0029915242264468844,9.946536362357245e-07,9.99917670842536e-07,9.946991264382019e-07,9.999241683544824e-07,1.0635636405841154e-07,1.200430830294863e-07,1.0626269319292244e-07,1.1992899828783266e-07,4.832367835575048e-09,1.197080434778286e-09,1.5069796907988915e-08,7.127289425312711e-09,1.9915210340420607e-08,8.30488389169659e-09
0.009030486398842186,-0.0007101903038115864,0.002848610565679834,9.946599709445455e-07,1.000026492242856e-06,9.947057151293848e-07,1.0000531022250421e-06,1.0638864722523067e-07,1.2019122918274075e-07,1.0629495506009334e-07,1.200771444410871e-07,1.949276073887063e-09,3.5202592469763337e-09,1.3487721162164235e-08,7.241132051365797e-09,1.5422219945548932e-08,1.0788352762833305e-08
0.009030487854033709,-0.0007110132352582428,0.0028484989579791176,9.946599349290318e-07,1.0000265772263781e-06,9.947056713047278e-07,1.0000532029152964e-06,1.0638864599432558e-07,1.2019134487673e-07,1.0629495382364363e-07,1.2007726013507636e-07,1.9493877138945714e-09,3.522073521722291e-09,1.3490636960083382e-08,7.241220956188954e-09,1.5425272307397708e-08,1.0790292215290265e-08
0.009032351226778701,-0.0017647769527017187,-0.0009935021538651301,9.946138170637265e-07,1.000061086822772e-06,9.946495538315503e-07,1.000087850343068e-06,1.0638706982035728e-07,1.2028232277416135e-07,1.062933705497926e-07,1.2016820963297675e-07,2.0923427435093345e-09,4.711079568764792e-09,1.7224316195552092e-08,6.240359361173789e-09,1.93338216547545e-08,1.092365552519452e-08
0.009032352681970224,-0.001762929009394312,-0.0009965025452058907,9.946138001629203e-07,1.0000611137728668e-06,9.946495314756524e-07,1.0000878774008015e-06,1.0638704260182986e-07,1.202823938228903e-07,1.0629334329799746e-07,1.2016828065952723e-07,2.0938710469826183e-09,4.7120081170248795e-09,1.7220120302775067e-08,6.239577743372138e-09,1.9331123318120818e-08,1.0923759674597022e-08
0.009034216054715216,0.0006033623957399925,-0.002732009705913581,9.945921586806095e-07,9.999916124368327e-07,9.946209047484444e-07,1.0000035875929114e-06,1.0635218927745882e-07,1.201501798065046e-07,1.0625844737432999e-07,1.2003603824361055e-07,4.050863644522451e-09,4.118502323005973e-10,1.1847279601795435e-08,7.500133524341767e-09,1.5875903258688595e-08,7.933423962248845e-09
0.009034217509906739,0.0006056270786128712,-0.002733365041454938,9.945922184732052e-07,9.999915581601157e-07,9.946209701305744e-07,1.000003521767212e-06,1.0635219344146658e-07,1.2015007655463705e-07,1.0625845151615928e-07,1.2003593496956455e-07,4.0479207799030974e-09,4.084920457447794e-10,1.1851866695061899e-08,7.501117949004765e-09,1.5877585599607098e-08,7.931088674695275e-09
0.009036080882651731,0.0035055534973340574,0.0007367631127559822,9.946687828920714e-07,9.99954404520961e-07,9.947046919478453e-07,9.999588777045425e-07,1.0635752545340438e-07,1.200391337869406e-07,1.0626375512856612e-07,1.199249922018681e-07,2.7958263482119605e-10,6.0812538421292225e-09,1.772563962276763e-08,7.382001885046487e-09,1.8031823145747694e-08,1.345383541236354e-08
0.009036082337843254,0.0035036754637145073,0.0007394730917908987,9.94668849881346e-07,9.999543755060145e-07,9.947047720252356e-07,9.999588428399875e-07,1.0635757381686704e-07,1.2003904714674718e-07,1.0626380348094386e-07,1.1992490556167468e-07,2.828574941007747e-10,6.085683956769117e-09,1.772317563847282e-08,7.381908861958664e-09,1.8032594044433194e-08,1.34581483735019e-08
0.009037946438184008,0.001097914397070937,0.003279654303878254,9.94754663142052e-07,1.0000293145557432e-06,9.94807351162308e-07,1.0000414609235156e-06,1.064195274125268e-07,1.2010994584944468e-07,1.0632574287683383e-07,1.1999580426437218e-07,4.477952231241034e-09,7.450131229844543e-10,1.4566811756822062e-08,5.279796419721768e-09,1.9020115260559578e-08,6.0156077530313446e-09
0.00903794716577977,0.0010965334959475285,0.003280645787567593,9.947546533673793e-07,1.0000293438059578e-06,9.948073386092938e-07,1.000041493171011e-06,1.0641953675797964e-07,1.2010997352263075e-07,1.0632575221119743e-07,1.1999583193755825e-07,4.476501085625604e-09,7.429285520110795e-10,1.456621464067354e-08,5.278975923062035e-09,1.9018081625496656e-08,6.012702780111567e-09
0.009039811266120523,-0.002441335182225446,0.0017903572496151083,9.947296106559455e-07,1.0001238615475772e-06,9.947751777872327e-07,1.0001513854499267e-06,1.0644347980814928e-07,1.2025175672271567e-07,1.0634966685074687e-07,1.2013760093233307e-07,7.586660188962924e-10,4.221975740857479e-09,1.3036403068156233e-08,8.933045572342575e-09,1.380790859428771e-08,1.3184430705384354e-08
0.009039811993716285,-0.0024407583075487338,0.0017897755600999044,9.947295859169443e-07,1.000123898439748e-06,9.94775145008265e-07,1.000151428343088e-06,1.0644346615024611e-07,1.2025181206354318e-07,1.0634965318731418e-07,1.2013765626761597e-07,7.593183906974894e-10,4.2233336827735e-09,1.303888412821748e-08,8.934471829036283e-09,1.3811038404058336e-08,1.3187229974676029e-08
0.009041677549248561,-0.0009616516364588715,-0.0009936305450040095,9.94666155117673e-07,1.000138750967122e-06,9.94691099735319e-07,1.0001623422795092e-06,1.0640844728651857e-07,1.2028942819597432e-07,1.0631462014590903e-07,1.2017524397833768e-07,2.431999688966815e-09,3.936886372457593e-09,1.9400322125254426e-08,5.666020985728437e-09,2.1835870655943243e-08,9.562729275103266e-09
0.009041681187227368,-0.0009587672630753108,-0.0009958287238428182,9.946660314226666e-07,1.0001386376787316e-06,9.94690935840481e-07,1.0001622083215497e-06,1.0640837899700273e-07,1.2028923177789853e-07,1.0631455182874561e-07,1.2017504753253879e-07,2.4352615479728e-09,3.9309588671465375e-09,1.941272742556066e-08,5.669303684330915e-09,2.1851519704796374e-08,9.560237300470377e-09
0.009043542377185076,0.0022203771990183946,-0.0021204170177773207,9.946896280367016e-07,1.0000806793382148e-06,9.947236137757509e-07,1.0000936754295253e-06,1.0639737997842554e-07,1.2018874429031712e-07,1.0630352444390517e-07,1.2007454586182575e-07,2.2959142742347147e-09,8.984471500106395e-10,1.0583449643434116e-08,7.348732289358395e-09,1.2855915451627476e-08,8.285343078284768e-09
0.009043546015163884,0.0022265913203281945,-0.0021153381066241826,9.946896741598722e-07,1.0000806198074793e-06,9.947236776497448e-07,1.0000936062596864e-06,1.0639735847917109e-07,1.2018856912102567e-07,1.0630350288920454e-07,1.2007437066482204e-07,2.2956418987973848e-09,9.080529675171136e-10,1.0566191477323628e-08,7.35186225747529e-09,1.2838332175135747e-08,8.297965887998526e-09
0.009045407932717353,0.001993744543545232,0.0004840486215518802,9.94768246557404e-07,1.0000501519770706e-06,9.948140311400736e-07,1.0000582051361562e-06,1.0643241160383461e-07,1.2009891747766233e-07,1.0633854891952994e-07,1.1998470483831625e-07,6.072030600610707e-10,5.824310367330554e-09,1.8604677815331012e-08,8.953779939702144e-09,1.9247223329417226e-08,1.4758319899499384e-08
0.009045410843100399,0.0019933805782825775,0.0004885067173180401,9.947683693747506e-07,1.000050263288224e-06,9.948141723725712e-07,1.0000583206416285e-06,1.06432466395745e-07,1.2009899927186003e-07,1.0633860370035109e-07,1.1998478663251396e-07,6.045638434315492e-10,5.81563086754465e-09,1.861724285845412e-08,8.947919251948775e-09,1.9257241135051117e-08,1.4743797546785502e-08
0.009047272760653868,-0.00016582638708198929,0.003340573483718856,9.948023183755438e-07,1.0001214745985558e-06,9.94844013704265e-07,1.000132215267513e-06,1.0645948528209323e-07,1.20151327109852e-07,1.0636562258669932e-07,1.200371144705059e-07,3.046759250983765e-09,2.6292087951240717e-10,1.5277951392127035e-08,5.198544261730831e-09,1.8293088840906856e-08,5.453122398080268e-09
0.009047276398632675,-0.00017004523617414335,0.003337885843220951,9.948023847080973e-07,1.0001216675178405e-06,9.94844072010892e-07,1.0001324445034532e-06,1.0645953807397746e-07,1.2015161869841148e-07,1.0636567537858355e-07,1.200374060590654e-07,3.0515310278644847e-09,2.713857107166487e-10,1.5271426789809084e-08,5.205446171005477e-09,1.829120499508008e-08,5.468567342762106e-09
0.009049138316186145,-0.001007043157488971,0.001962351436393117,9.947804439328303e-07,1.0002204036077753e-06,9.948217106571296e-07,1.000249767457717e-06,1.064677604118615e-07,1.2030085372316535e-07,1.0637389062212946e-07,1.2018664108381927e-07,1.3057198747896387e-10,4.603686321047462e-09,1.384855795859755e-08,8.737843337769391e-09,1.3996479808855037e-08,1.337329003092691e-08
0.00904914122656919,-0.0010083514778036484,0.001956585773178352,9.947804096369721e-07,1.000220410311964e-06,9.948216757038608e-07,1.0002497718934112e-06,1.0646777326428492e-07,1.2030093604964634e-07,1.0637390346346365e-07,1.2018672334376487e-07,1.2600620546976415e-10,4.600425807326047e-09,1.3846333857259197e-08,8.736450402321043e-09,1.398976667843499e-08,1.336852536781884e-08
0.00905100314412266,-0.0004916178974112477,-0.0017319972684677332,9.947525002425365e-07,1.0002246993166517e-06,9.947871823014466e-07,1.0002526096286601e-06,1.0646772362328637e-07,1.2035360441586818e-07,1.0637383963932266e-07,1.2023934914395795e-07,2.002135334147679e-09,2.514512154050408e-09,1.9841415199693734e-08,7.845319949240093e-09,2.1844274837237317e-08,1.0320332144431177e-08
0.009051006782101467,-0.0004906082577465498,-0.0017329849191975882,9.94752445710699e-07,1.0002245548720917e-06,9.947871149051934e-07,1.0002524253974546e-06,1.0646772352629341e-07,1.2035330750655185e-07,1.0637383951461743e-07,1.2023905220692933e-07,2.0058010807844084e-09,2.512780511616526e-09,1.985312891861213e-08,7.842121025188459e-09,2.185962166834088e-08,1.0315538014352988e-08
0.009052868699654937,0.0010771428782934062,-0.0022384645627373523,9.947634235362102e-07,1.0001506281463027e-06,9.947949439998203e-07,1.0001581358665135e-06,1.0645309361486654e-07,1.202013493184495e-07,1.0635919542004811e-07,1.2008707983568456e-07,9.319749229806128e-10,1.6265259139558452e-09,1.1602968704749505e-08,6.204911695562032e-09,1.2513732147917963e-08,7.861902240335894e-09
0.009052872337633744,0.0010802060887975876,-0.0022307369874039543,9.947634449856543e-07,1.000150609438779e-06,9.947949592969962e-07,1.0001581190174501e-06,1.0645306502965468e-07,1.2020117971932536e-07,1.0635916680712398e-07,1.2008691023656042e-07,9.298767866816604e-10,1.6323414736814322e-09,1.1586848813749384e-08,6.210502854056793e-09,1.2495471324314167e-08,7.873223463372766e-09
0.009054734255187213,0.0022620278813210958,0.0017242360682292457,9.94825709022163e-07,1.0001410349281748e-06,9.948676053193711e-07,1.0001494956668466e-06,1.0646935362998406e-07,1.2011437888759247e-07,1.06375434124439e-07,1.2000010940482753e-07,7.464244634441361e-10,4.608744941236864e-09,1.9088095114412147e-08,9.07205777167519e-09,1.987140146279564e-08,1.3667425413643741e-08
0.009054737165570259,0.0022638751994805695,0.0017267216411813357,9.94825806347738e-07,1.000141181643582e-06,9.94867718873138e-07,1.0001496612069475e-06,1.0646937909086773e-07,1.20114593575183e-07,1.0637545955205496e-07,1.2000032411459654e-07,7.461377071749098e-10,4.601870428334463e-09,1.9099820391943467e-08,9.06799946996819e-09,1.9882930857306746e-08,1.3656502689696767e-08
0.009056599083123729,0.00011719630400520379,0.003316866937280949,9.948700618402987e-07,1.00023504282533e-06,9.949162819528526e-07,1.000255565486441e-06,1.0651477932981822e-07,1.2025193996123562e-07,1.0642082433314935e-07,1.201376846893254e-07,1.930512208014307e-09,2.039007990228825e-10,1.6558763273711722e-08,6.471700952914716e-09,1.8454089175829008e-08,6.668690044620007e-09
0.009056602721102536,0.00011300193336144602,0.0033111604116647865,9.94870148310585e-07,1.0002351777007582e-06,9.94916376839683e-07,1.0002557151327268e-06,1.065148680368111e-07,1.2025217715059893e-07,1.0642091297086154e-07,1.2013792182326416e-07,1.932826343420402e-09,2.1286079697599164e-10,1.6553798332097358e-08,6.474275886594064e-09,1.8451297378874187e-08,6.680285961254614e-09
0.009058464638656005,-0.001926965050743485,0.0003905606013128171,9.948362995993225e-07,1.0003042069448815e-06,9.948753024591765e-07,1.000332304101903e-06,1.0651792450400692e-07,1.2037357066674303e-07,1.064239481633437e-07,1.2025928697312338e-07,5.7180189524599265e-11,4.798587749377248e-09,1.2884891521910695e-08,7.792126943684252e-09,1.2957844531811746e-08,1.2615076094846245e-08
0.009058468276634812,-0.0019309509182388052,0.00038680917595370246,9.948362334627237e-07,1.0003041653769821e-06,9.948752222044277e-07,1.0003322486773526e-06,1.0651793047600222e-07,1.2037348725279472e-07,1.0642395409377059e-07,1.2025920350375052e-07,5.351538656661603e-11,4.791702496479001e-09,1.2877722888049448e-08,7.793942757607465e-09,1.29471109389101e-08,1.2609897773909002e-08
0.009060330194188282,0.00023207272477354917,-0.0015331703228411708,9.948046804417692e-07,1.0002828909260092e-06,9.948334670330842e-07,1.0003038823924726e-06,1.0649381913385419e-07,1.2033079599405028e-07,1.063998214769089e-07,1.202164838787212e-07,2.009546494745617e-09,1.2678300631563388e-09,2.1344242507602506e-08,8.72327632350789e-09,2.3367330063290533e-08,9.95963311822834e-09
0.009060333832167089,0.00023629903122726614,-0.0015318935380091085,9.948046187906928e-07,1.0002828031923165e-06,9.948333854481461e-07,1.000303770656579e-06,1.0649377202298638e-07,1.203306205199238e-07,1.0639977432447267e-07,1.202163084045947e-07,2.0133683609202535e-09,1.2702683064713376e-09,2.13607851407005e-08,8.717952047213296e-09,2.3387690006870798e-08,9.956858443995549e-09
0.009062195749720559,0.002325740755971599,-0.000878435060959637,9.948523978726646e-07,1.000237901088355e-06,9.948871679242787e-07,1.0002465842262609e-06,1.0649403441112151e-07,1.2024081286199362e-07,1.0640000834632294e-07,1.2012650074666453e-07,5.893310527353711e-10,2.518161235087746e-09,1.2181426100790634e-08,5.992987439640274e-09,1.2732318813066908e-08,8.536780171652936e-09
0.009062199387699366,0.0023298232915807127,-0.0008743360778333582,9.948524912276508e-07,1.000237913821543e-06,9.948872730092262e-07,1.0002466019207103e-06,1.0649403492379861e-07,1.2024075538268047e-07,1.0640000880357547e-07,1.201264432397038e-07,5.865486429890154e-10,2.520084550032148e-09,1.2163490659133913e-08,5.999096384378152e-09,1.271149940862415e-08,8.544736591438813e-09
0.009064064943231642,0.0012201670600124302,0.0012276224693223933,9.949187182690502e-07,1.000244443400319e-06,9.94966967482469e-07,1.0002556756343887e-06,1.0652680515477186e-07,1.2021127999090334e-07,1.0643276482369401e-07,1.2009695367024905e-07,1.2977915408995955e-09,3.506360453521621e-09,1.7623523973497868e-08,9.131763245962204e-09,1.896910895027304e-08,1.2624788657636593e-08
0.009064065670827404,0.0012194009352389508,0.001228442265947649,9.949187217323348e-07,1.0002444459469565e-06,9.949669686796394e-07,1.0002556791732786e-06,1.0652681633113245e-07,1.202112684950407e-07,1.0643277599174092e-07,1.200969421688569e-07,1.2981443339673657e-09,3.5067451165105012e-09,1.76232585515614e-08,9.13298503490978e-09,1.896916141792365e-08,1.2626379941593768e-08
0.009065930498763919,-0.0007441768591889275,0.002830104475840542,9.949275981305747e-07,1.0003201425140404e-06,9.949700370270875e-07,1.0003360244194221e-06,1.0655546134330507e-07,1.202932615574064e-07,1.0646139969594515e-07,1.2017894943653485e-07,2.202352966662602e-09,4.6037367480787083e-10,1.6942982128398398e-08,6.625940524454216e-09,1.91036360064345e-08,7.081823276699329e-09
0.00906593122635968,-0.0007443571585142903,0.0028307293928167,9.94927583937792e-07,1.0003201720484013e-06,9.949700204884016e-07,1.0003360557675478e-06,1.0655546135438998e-07,1.2029329354845686e-07,1.064613997014876e-07,1.2017898143312777e-07,2.2015600088978023e-09,4.5918507884934456e-10,1.694101950176932e-08,6.624962356482911e-09,1.910090272671996e-08,7.079659969377872e-09
0.009067796054296196,-0.0012064643294190103,0.0009758797892751776,9.948912078359658e-07,1.000391145264056e-06,9.949276318366174e-07,1.0004166282986875e-06,1.065554897650145e-07,1.2040794462370864e-07,1.0646141390679986e-07,1.202936183030673e-07,1.692092577165738e-10,4.646416666202393e-09,1.1910807451442906e-08,7.1758372632759745e-09,1.2095506818354806e-08,1.1842044618435128e-08
0.009067796781891957,-0.001205864932538408,0.0009751560867377052,9.948912014616808e-07,1.0003911729555173e-06,9.949276248752938e-07,1.0004166597354924e-06,1.0655548474355023e-07,1.2040798935686325e-07,1.0646140888256437e-07,1.2029366303067945e-07,1.7034817266696265e-10,4.6480503890222735e-09,1.1913641532826416e-08,7.176052196911087e-09,1.2099480313834413e-08,1.1843902747443735e-08
0.009069661609828472,0.0003303892724451085,-0.001959536276675333,9.948748641692735e-07,1.0003727946060364e-06,9.94909783003095e-07,1.0003972268683205e-06,1.0654261473064253e-07,1.2041138442649345e-07,1.0644853176700053e-07,1.2029704389499738e-07,3.0893871905135484e-09,6.34086433277555e-10,1.9177392118763237e-08,8.837896608863134e-09,2.2283549228063748e-08,9.443418942991791e-09
0.009069662337424234,0.0003310872992540747,-0.001960681299056688,9.948748819991478e-07,1.0003727874353968e-06,9.949098001181962e-07,1.000397219286242e-06,1.065426129764555e-07,1.204113857511402e-07,1.0644853000727105e-07,1.2029704521410167e-07,3.0883172311298454e-09,6.325203139034841e-10,1.917488525803626e-08,8.838545006994991e-09,2.2279949112884645e-08,9.442482351573744e-09
0.009071527165360749,0.00212013001063438,-0.001208735377047385,9.949205799673286e-07,1.0003136887389228e-06,9.949536661224556e-07,1.00031619218511e-06,1.0653811699512516e-07,1.202762648209215e-07,1.0644401982062845e-07,1.2016191007857073e-07,3.4601133069855905e-10,2.9979941829687354e-09,1.2749801214795298e-08,5.302328286786531e-09,1.3052853908845918e-08,8.326046908606655e-09
0.00907152789295651,0.002119993491674202,-0.0012084419919822231,9.949206082724437e-07,1.0003136656805161e-06,9.94953699465865e-07,1.0003161605709465e-06,1.0653812869801898e-07,1.2027621210108919e-07,1.0644403150966613e-07,1.2016185735319596e-07,3.468211999875417e-10,2.9989171146382887e-09,1.275089187988171e-08,5.300948568986996e-09,1.3054792474292065e-08,8.325611311477132e-09
0.009073392720893025,0.0017700953967375033,0.0023631377305158084,9.949931542826339e-07,1.0003352507425554e-06,9.950391586244223e-07,1.0003408113788305e-06,1.0656812321485631e-07,1.2022904045144018e-07,1.0647399051322282e-07,1.2011468570354695e-07,2.4225161876501033e-09,2.319215417156745e-09,1.554626649635793e-08,1.0141928908127703e-08,1.802333571276904e-08,1.2449216843020728e-08
0.009073394176084548,0.0017680551063044285,0.0023659247611225176,9.94993167721594e-07,1.0003352675861465e-06,9.950391742258908e-07,1.0003408306147321e-06,1.0656815812979059e-07,1.2022900364172528e-07,1.0647402540045562e-07,1.2011464889383205e-07,2.422221269823751e-09,2.3186850217626898e-09,1.5548141398410903e-08,1.0145706497155516e-08,1.802483998852866e-08,1.2452434638987597e-08
0.009075259004021063,-0.0008465770836809661,0.002873334627402125,9.950103897490949e-07,1.0004329744507828e-06,9.950591675078613e-07,1.0004554958952963e-06,1.0661290161806392e-07,1.2039566036516154e-07,1.0651873338929363e-07,1.202813056172683e-07,2.0442840753531755e-09,9.090553740948607e-10,1.79508283792984e-08,6.82333122071948e-09,1.9952569374481754e-08,7.728118895039558e-09
0.009075259731616825,-0.0008470540070764791,0.002873532602379214,9.95010368532506e-07,1.0004330125728525e-06,9.950591405050203e-07,1.0004555406339932e-06,1.066128986362231e-07,1.2039572538924403e-07,1.065187303963679e-07,1.202813706413508e-07,2.043771810265832e-09,9.085053820356848e-10,1.7948627641526456e-08,6.822034936959653e-09,1.9949880177029755e-08,7.726275619290845e-09
0.00907712455955334,-0.0020694086697765623,-0.0004908091736001655,9.949559904155508e-07,1.000477421786194e-06,9.949899322236888e-07,1.0004981565707737e-06,1.0660525617822714e-07,1.2048081520968242e-07,1.0651105952774742e-07,1.2036644625647693e-07,7.30836391404921e-10,3.3416979167776774e-09,1.2308136732031016e-08,7.535456348869694e-09,1.305746710755784e-08,1.0892224216697985e-08
0.009077125287149101,-0.002068213782046171,-0.0004921218313356235,9.949559825929853e-07,1.000477439113238e-06,9.949899227350057e-07,1.0004981731981388e-06,1.0660524234148813e-07,1.204808484089881e-07,1.0651104568269474e-07,1.2036647945024015e-07,7.319592615758335e-10,3.3426472700881504e-09,1.2310598260325438e-08,7.535734702912578e-09,1.3061047728536964e-08,1.0893459467808952e-08
0.009078990115085617,0.0009942834709466553,-0.0014589062397735442,9.949359333579252e-07,1.0004410417281539e-06,9.949656032404164e-07,1.0004539835010564e-06,1.0656977877943064e-07,1.2037565648225727e-07,1.0647556081266885e-07,1.2026125912396108e-07,3.6098755096247714e-09,2.533583889794036e-10,1.861949527892648e-08,1.0248703610700901e-08,2.2238179298028626e-08,1.048800177985195e-08
0.00907899157027714,0.0009961003224780982,-0.001459660656011108,9.949359962029763e-07,1.0004410133259806e-06,9.949656739788932e-07,1.0004539490182651e-06,1.0656978922842557e-07,1.2037557439725788e-07,1.0647557122842201e-07,1.202611770168005e-07,3.60712565703742e-09,2.509477070589128e-10,1.8615315074292664e-08,1.0250820636770186e-08,2.2231215439732027e-08,1.0487685386806334e-08
0.009080856398213655,0.0033243955600221753,0.0003870132129246914,9.950165321360344e-07,1.0004210237331224e-06,9.950563253369182e-07,1.0004281521712006e-06,1.0658317961542707e-07,1.2032849799242768e-07,1.0648891901610114e-07,1.2021408640665804e-07,8.318956634667529e-11,2.4228194284419146e-09,1.3258382836056626e-08,7.11722730153162e-09,1.330703103263886e-08,9.548821674083403e-09
0.009080857125809416,0.003323406819439334,0.000387733725554007,9.95016562066852e-07,1.0004210159338274e-06,9.95056359877498e-07,1.0004281421061023e-06,1.0658319813831181e-07,1.203284796247317e-07,1.0648893753344341e-07,1.202140680334196e-07,8.454777019767474e-11,2.423666822792825e-09,1.3259180046854608e-08,7.116004674401211e-09,1.3309217906305934e-08,9.548455359720265e-09
0.009082721953745931,0.0007892647056175761,0.0013398637222945833,9.95093274752699e-07,1.0004532465089804e-06,9.951448873835034e-07,1.0004638119387087e-06,1.0663067229188528e-07,1.2035810035356007e-07,1.0653639748170463e-07,1.2024368876224797e-07,3.565624240309262e-09,1.081373933780976e-09,1.5302431322083976e-08,9.76031057439973e-09,1.8914175115014586e-08,1.0838458689867783e-08
0.009082723408937454,0.0007871969581429236,0.001340606703173819,9.95093259133303e-07,1.0004532716596438e-06,9.951448664633524e-07,1.000463839773147e-06,1.0663068954990182e-07,1.203581234676676e-07,1.0653641473418087e-07,1.2024371187635552e-07,3.5639881241587524e-09,1.0803264949288405e-09,1.5302985773955004e-08,9.76237402028346e-09,1.8913023592559116e-08,1.0839465325318542e-08
0.00908458823687397,-0.0018626214306243227,0.0018480471070992798,9.950732428772366e-07,1.0005127382588116e-06,9.95118057289801e-07,1.0005278204995666e-06,1.066528056981042e-07,1.2042311277125786e-07,1.065585237824962e-07,1.203086869746335e-07,1.4673052772806727e-09,1.0095562951227113e-09,1.6013515846680093e-08,8.676224303055042e-09,1.7437347565874006e-08,9.683752193952098e-09
0.00908458896446973,-0.0018622613350115509,0.0018482450939911743,9.95073222490311e-07,1.000512761460762e-06,9.951180311294134e-07,1.0005278454627842e-06,1.0665279913860866e-07,1.2042313812798966e-07,1.065585172174582e-07,1.2030871232582285e-07,1.4673644722592847e-09,1.0095286828715189e-09,1.6012386974333478e-08,8.675800522439658e-09,1.7436305912371083e-08,9.683301271934397e-09
0.009086453792406246,-0.0009393362794773985,0.0005295663003335956,9.950209708001637e-07,1.000557084362619e-06,9.950509820555453e-07,1.0005736255345688e-06,1.0663598715154876e-07,1.204889824806153e-07,1.0654169102508604e-07,1.2037454247867438e-07,1.6190812024419188e-09,2.1771594689522313e-09,1.3119087149959796e-08,7.816107147428569e-09,1.4766547984379486e-08,9.997418025335326e-09
0.009086455247597769,-0.00093745033865331,0.000528537288399411,9.950209786588752e-07,1.0005571189493548e-06,9.950509926929103e-07,1.000573661258386e-06,1.0663597225923786e-07,1.2048903386130405e-07,1.0654167611615425e-07,1.2037459384828253e-07,1.6205197276343215e-09,2.1780706127572103e-09,1.3122349126310513e-08,7.815436298130862e-09,1.4771221550137404e-08,9.99766314180306e-09
0.009088320075534284,0.0014793828274161924,-0.0015677533386461479,9.950310495977714e-07,1.0005377241056075e-06,9.95064624476072e-07,1.0005551375311987e-06,1.0661688776281153e-07,1.2047197328127958e-07,1.0652257032006673e-07,1.2035751906294582e-07,3.4639897616983717e-09,2.562680986121305e-10,1.730257181975503e-08,1.0169647185727337e-08,2.076039606890845e-08,1.0422685196795175e-08
0.009088320803130046,0.001479719620649745,-0.0015685712436898647,9.950310774111402e-07,1.0005377165383644e-06,9.95064655413075e-07,1.0005551303038374e-06,1.0661689459676447e-07,1.204719666247911e-07,1.0652257714847938e-07,1.2035751240091486e-07,3.462711791284235e-09,2.5551827320668963e-10,1.730077951344733e-08,1.0170565722944502e-08,2.075732100269422e-08,1.0422851026703484e-08
0.009090186358662322,0.002343257471478344,-0.000357307087770187,9.951023908887152e-07,1.0005017970217137e-06,9.951439778888016e-07,1.0005058094521678e-06,1.0663441685210273e-07,1.2038147877192954e-07,1.0654008519850322e-07,1.2026701034273887e-07,1.8599564943766467e-10,2.2224879866730128e-09,1.270530614050358e-08,7.589285189721162e-09,1.2872851229417392e-08,9.811386818781604e-09
0.009090187086258084,0.0023425528849318317,-0.00035683467585290174,9.95102411843146e-07,1.0005017830125418e-06,9.951440003689993e-07,1.0005057902162662e-06,1.0663443251230943e-07,1.2038144348025526e-07,1.0654010085039624e-07,1.202669750455243e-07,1.8772218931099e-10,2.2232551355472197e-09,1.2706375469562925e-08,7.588278450043617e-09,1.2875669185374376e-08,9.811148338201292e-09
0.009092051914194599,0.0005366975662211004,0.0023107006633967414,9.95156118049248e-07,1.0005382580690678e-06,9.952016171155265e-07,1.0005439592091188e-06,1.0667456962210053e-07,1.2037370460335618e-07,1.0658021665221895e-07,1.2025923616862523e-07,4.61284388464378e-09,6.877437567461148e-10,1.5447065848661623e-08,8.481536541146765e-09,2.0098090303122262e-08,9.16752848864724e-09
0.009092053369386122,0.0005350111840568245,0.0023127822360375916,9.951561021965373e-07,1.0005382865318509e-06,9.952016008049002e-07,1.0005439889937406e-06,1.0667458808790122e-07,1.2037369856443547e-07,1.0658023511247934e-07,1.2025923012970452e-07,4.609789072922893e-09,6.865455426385836e-10,1.5447884953462938e-08,8.482233582185472e-09,2.009579441350133e-08,9.167026249201626e-09
0.009093918197322637,-0.0016260875594626967,0.001980053618780513,9.951357869476056e-07,1.000618338113221e-06,9.951806987373857e-07,1.0006419488270867e-06,1.0669825201148342e-07,1.2051247025990502e-07,1.0660389193617448e-07,1.2039800182517407e-07,6.95047852605768e-10,1.2562246760465397e-09,1.6497567756346143e-08,9.50463252148632e-09,1.7153611864273444e-08,1.0770970252297248e-08
0.009093918924918398,-0.0016259775791615378,0.0019799237987971896,9.951357653374611e-07,1.0006183693467681e-06,9.951806720553286e-07,1.0006419870478567e-06,1.0669824574264049e-07,1.2051252440414828e-07,1.0660388566179126e-07,1.2039805596941733e-07,6.959989425165162e-10,1.2564469464848571e-09,1.649622248599229e-08,9.505031428602706e-09,1.7153244189571843e-08,1.0771596059555577e-08
0.009095784480450675,-0.0013439880869898085,-0.0007215194427178805,9.950803569269258e-07,1.0006418259232648e-06,9.951122592610773e-07,1.0006591470676772e-06,1.0668217242937317e-07,1.205622714152505e-07,1.0658779814320951e-07,1.204477745698907e-07,3.1345934736748404e-09,1.9507106027959796e-09,1.3046949298711752e-08,8.903262347773136e-09,1.6210526254667457e-08,1.0842521418795158e-08
0.009095785208046436,-0.0013428305157416115,-0.0007225730477262715,9.95080358972882e-07,1.0006418350716957e-06,9.951122595713338e-07,1.0006591537603526e-06,1.0668216003296482e-07,1.2056229081736092e-07,1.0658778573572056e-07,1.2044779396092054e-07,3.1345718924108822e-09,1.950981376452887e-09,1.3048643068116319e-08,8.90302764844364e-09,1.62121826405904e-08,1.0842549080791741e-08
0.009097650763578713,0.0016251821646359188,-0.0011953593601232698,9.95085604804554e-07,1.0006060515375824e-06,9.951130550689413e-07,1.0006152877494207e-06,1.066503756419479e-07,1.2046319454396027e-07,1.0655597293407482e-07,1.2034868348220546e-07,3.079237531622425e-09,1.8365886727829506e-10,1.7391467821425977e-08,7.979943233733331e-09,2.0459156147012436e-08,8.164660867687864e-09
0.009097651491174474,0.0016258766013953314,-0.001195543754160866,9.950856414142232e-07,1.000606037581446e-06,9.951130970865329e-07,1.000615270640992e-06,1.0665038505213767e-07,1.2046315589486767e-07,1.0655598233872429e-07,1.2034864482757257e-07,3.0783356190946573e-09,1.8296958392838292e-10,1.738997461725185e-08,7.979583216410902e-09,2.045676191543747e-08,8.163616449508027e-09
0.009099517046706751,0.0034064124525290396,0.00053984647092355,9.951795086059653e-07,1.0005938178111292e-06,9.952208301911014e-07,1.0006039063894554e-06,1.0667451277868167e-07,1.204380977202291e-07,1.0658009585995387e-07,1.20323586652934e-07,7.658318978975842e-10,1.961431945063504e-09,1.3561399114792039e-08,9.62463853125239e-09,1.4317952157227865e-08,1.1597559439031888e-08
0.009099517774302512,0.0034052248581871386,0.0005405233001845033,9.951795360119177e-07,1.0005938130452283e-06,9.952208613497162e-07,1.00060390195722e-06,1.0667453611994129e-07,1.2043808794715005e-07,1.0658011919290305e-07,1.2032357687985495e-07,7.674870919430864e-10,1.9621255731294696e-09,1.3561710441931113e-08,9.625280128489067e-09,1.4319930749696417e-08,1.1598898730369456e-08
0.009101383329834789,0.0003602329655536529,0.0012521864491628763,9.95249804873896e-07,1.0006272622191658e-06,9.953007520380197e-07,1.0006371992142226e-06,1.0673438310959682e-07,1.2047968110777463e-07,1.0663994487458694e-07,1.2036515583516513e-07,5.011404624610805e-09,6.001466614117833e-10,1.4359953226517064e-08,9.112178844610864e-09,1.9393041839066427e-08,9.695734628163317e-09
0.00910138405743055,0.0003590089795829068,0.001252464008893367,9.95249787272932e-07,1.0006272752648655e-06,9.953007302757439e-07,1.0006372122006724e-06,1.0673438705705647e-07,1.2047969732975616e-07,1.0663994880819586e-07,1.2036517205160635e-07,5.0095126604480364e-09,5.996154683884924e-10,1.4361002063081554e-08,9.111978727105452e-09,1.9392181256852316e-08,9.69499236447291e-09
0.009103249612962827,-0.002779291049410215,0.0015266845993181493,9.952046584010195e-07,1.0006791238206936e-06,9.952449318006984e-07,1.0006968745212405e-06,1.067445083435814e-07,1.2052114843723653e-07,1.0665003458143474e-07,1.2040660895377232e-07,1.5851654711074303e-10,8.794311969575872e-10,1.7050219014436152e-08,8.340759777541086e-09,1.7185648459872027e-08,9.23196836525722e-09
0.009103250340558589,-0.002778387721810124,0.0015267915496264273,9.952046348156623e-07,1.0006791440424393e-06,9.952449021047213e-07,1.0006968977904762e-06,1.0674449358146741e-07,1.2052116460381512e-07,1.066500198165506e-07,1.204066251148106e-07,1.600262816995499e-10,8.795403294570292e-10,1.704812474097022e-08,8.34045899011926e-09,1.7185077842114954e-08,9.231787778674061e-09
0.009105115896090865,-0.00046225575517677697,0.0006865015200472124,9.95144161959918e-07,1.0007204281398314e-06,9.95168761619425e-07,1.0007420138690772e-06,1.0670664352119275e-07,1.205828582843454e-07,1.0661216265361873e-07,1.2046831879534086e-07,4.0309857674003524e-09,1.418222610131918e-09,1.1678407574322591e-08,9.690808188486932e-09,1.5722013912977673e-08,1.1106139064073723e-08
0.009105116623686627,-0.00046086231420635834,0.0006861737938266277,9.951441812387653e-07,1.0007204442412734e-06,9.951687836033125e-07,1.0007420314650517e-06,1.0670663837148925e-07,1.2058288234584325e-07,1.0661215750114509e-07,1.2046834285683872e-07,4.03025610761963e-09,1.418432704625161e-09,1.1680533685781886e-08,9.691334845740585e-09,1.572340551092566e-08,1.1106870090316079e-08
0.009106982179218903,0.003111920333947027,-0.0014012600498242585,9.951936122029014e-07,1.0007070887219839e-06,9.952251502909348e-07,1.0007261215129003e-06,1.0669343453173497e-07,1.2057026802663743e-07,1.0659894655873359e-07,1.2045571433231847e-07,2.159408429847076e-09,1.8337319996869116e-10,1.71318834674139e-08,9.023060921952808e-09,1.9291462649562163e-08,9.20153790199644e-09
0.009106982906814665,0.0031116088268879454,-0.001402074181588553,9.951936516736986e-07,1.000707083513123e-06,9.95225196164571e-07,1.0007261153077707e-06,1.0669345207230652e-07,1.2057026310685615e-07,1.0659896409930514e-07,1.204557094069969e-07,2.159159949468503e-09,1.8289150749417615e-10,1.7130468416361608e-08,9.022800284697041e-09,1.9289794640101915e-08,9.200794792718625e-09
0.009108848462346941,0.0023129047274026426,-0.0003832753731784996,9.952948547977468e-07,1.0006737842384705e-06,9.953428161679767e-07,1.0006847494321768e-06,1.067384260977633e-07,1.2048329817197098e-07,1.0664393812476192e-07,1.2036873026679734e-07,1.5220562588069697e-09,1.1651870853159027e-09,1.35022775182847e-08,8.720067277743228e-09,1.501301838402469e-08,9.89073537232698e-09
0.009108849189942703,0.002311742669910794,-0.0003828780257493225,9.952948667676575e-07,1.0006737712512338e-06,9.953428270712758e-07,1.00068473329884e-06,1.0673844030030757e-07,1.2048326425428968e-07,1.066439523217659e-07,1.2036869634357572e-07,1.523322150768292e-09,1.1655701959156772e-09,1.3502457634635383e-08,8.719949207147693e-09,1.5014475697480218e-08,9.89100445991653e-09
0.00911071474547498,-0.0006677727391897204,0.002112314038581895,9.953255576184769e-07,1.000706071150272e-06,9.953707831300562e-07,1.0007165408025568e-06,1.0677485562382572e-07,1.2049286330451848e-07,1.0668035343996962e-07,1.2037828119402606e-07,4.769069139598514e-09,4.4562567587678385e-10,1.3964275957789596e-08,9.244905253910336e-09,1.875102739745671e-08,9.686793008668737e-09
0.009110716200666502,-0.000668555738568005,0.0021142603662451798,9.95325523570747e-07,1.000706096345201e-06,9.953707423534906e-07,1.000716565613402e-06,1.0677485471521746e-07,1.2049287079207716e-07,1.0668035252582108e-07,1.2037828867050848e-07,4.765399105276585e-09,4.4506409668798597e-10,1.3966552959854943e-08,9.245314736006094e-09,1.8749607929751107e-08,9.686633717365112e-09
0.009112581028603017,-0.0016719694418397268,0.0014881048203170726,9.952818914049128e-07,1.0007732651458128e-06,9.953184871847043e-07,1.000799492294302e-06,1.0677369033373907e-07,1.206005192797319e-07,1.0667918104445562e-07,1.2048595135793735e-07,6.225012172400568e-11,5.211076589516282e-10,1.6884531106597933e-08,9.758788330773367e-09,1.6930560065020472e-08,1.0285854423168411e-08
0.00911258248379454,-0.001670919495361276,0.0014876162088883343,9.95281862346811e-07,1.0007733175600155e-06,9.953184550192155e-07,1.0007995570049388e-06,1.0677367854858753e-07,1.206006032816731e-07,1.066791692316134e-07,1.2048603537095914e-07,6.567420362623268e-11,5.211669984461764e-10,1.688052413223187e-08,9.759189012470415e-09,1.692999514200953e-08,1.028632201638402e-08
0.009114448039326817,-0.0003248881099873202,-0.0002769394107433689,9.952446098602811e-07,1.0007958905691692e-06,9.952772188626113e-07,1.000818762590036e-06,1.067585699843221e-07,1.2063296298792405e-07,1.0666402516790185e-07,1.2051836666658126e-07,4.455347202281246e-09,7.929603866750496e-10,1.1743582994938606e-08,1.000498978272145e-08,1.6205763841981025e-08,1.079416467043001e-08
0.009114448766922578,-0.00032401480068435087,-0.000277627614963194,9.95244621430961e-07,1.000795899372995e-06,9.952772299431999e-07,1.0008187700805138e-06,1.0675856405066697e-07,1.2063297560871433e-07,1.0666401922870644e-07,1.2051837927629094e-07,4.454172568142102e-09,7.930663903366053e-10,1.174566098721112e-08,1.0005085648856493e-08,1.6206665650217083e-08,1.079436273698775e-08
0.009116314322454855,0.001915150252129072,-0.0003755315260946961,9.952742886543314e-07,1.000783712901815e-06,9.953056405720417e-07,1.0007979816048705e-06,1.0674335015892211e-07,1.2056254470762732e-07,1.0664879113164716e-07,1.2044793417542547e-07,1.4424106353772004e-09,1.831505037480818e-10,1.7073633173936287e-08,8.899149216962755e-09,1.8518901967468082e-08,9.07843133516909e-09
0.009116315777646378,0.0019157352719511595,-0.0003756078942001029,9.952743553149225e-07,1.0007837033959874e-06,9.953057165995606e-07,1.0007979653892107e-06,1.0674337225608124e-07,1.2056248976932693e-07,1.0664881321773002e-07,1.2044787922604883e-07,1.4429595704843216e-09,1.826747503264059e-10,1.7070685007240673e-08,8.89828655203928e-09,1.8516492449485872e-08,9.07709285513647e-09
0.009118181333178654,0.002665730683867329,0.00043669295778203806,9.95359814192651e-07,1.0007848488820371e-06,9.954031838788069e-07,1.000806034007802e-06,1.0677170081407894e-07,1.2056234771618272e-07,1.0667712757594927e-07,1.2044772296759019e-07,2.1466943778136738e-09,6.743680288599853e-10,1.3291135303461488e-08,9.910159508873534e-09,1.5427490396291432e-08,1.0595092286468233e-08
0.009118182060774416,0.0026646354269693993,0.0004370097677867113,9.953598325435432e-07,1.0007848493287945e-06,9.954032058626945e-07,1.000806037154689e-06,1.0677172176470159e-07,1.2056234766077978e-07,1.0667714852103164e-07,1.2044772290664696e-07,2.1473968916242806e-09,6.745597969093353e-10,1.329141614028377e-08,9.91055415511255e-09,1.542848186934194e-08,1.059568432992819e-08
0.009120047616306692,-0.0001436032593216119,0.0006502018689747007,9.95406884231243e-07,1.000805134967985e-06,9.954595725503168e-07,1.0008213729154095e-06,1.0682543916118448e-07,1.2059622833214947e-07,1.0673085171220009e-07,1.2048160357801666e-07,3.948642302020744e-09,2.62011553702122e-10,1.4011481752618238e-08,1.002649179617107e-08,1.797061877084616e-08,1.0276665894980557e-08
0.009120049071498215,-0.00014560931361788117,0.0006503681654654869,9.954068425985892e-07,1.0008051507914166e-06,9.954595208905924e-07,1.0008213848777814e-06,1.0682544221823507e-07,1.2059625476013025e-07,1.067308547581744e-07,1.2048163000599743e-07,3.945703806596446e-09,2.6168975320040033e-10,1.4013495725913984e-08,1.0026582231148495e-08,1.79696816103904e-08,1.0276417050647524e-08
0.009121914627030492,-0.0027173709214351055,0.001086357068525127,9.95353469536483e-07,1.0008375535373367e-06,9.95393293123925e-07,1.0008541139222072e-06,1.0682936135708587e-07,1.2059122607882523e-07,1.0673475969724677e-07,1.2047658711937798e-07,1.785526726472142e-10,3.7934241218231467e-10,1.659540949106031e-08,8.812691058772926e-09,1.6768241906106596e-08,9.198237237424806e-09
0.009121915354626253,-0.0027162936411365655,0.0010865271109990193,9.953534500986323e-07,1.000837566174913e-06,9.95393268569341e-07,1.0008541266870452e-06,1.068293445561436e-07,1.2059122411756107e-07,1.0673474288799406e-07,1.2047658515257353e-07,1.8027528726909397e-10,3.793882985547725e-10,1.6593530843075893e-08,8.81221762227824e-09,1.6768087802822423e-08,9.19781673047737e-09
0.00912378091015853,4.5853044319449365e-05,0.0009284522654439065,9.953036114490798e-07,1.0008751544338527e-06,9.953303106158273e-07,1.0009001339692068e-06,1.0678626694016202e-07,1.2065769328046194e-07,1.0669164396404085e-07,1.2054304011569597e-07,4.59705917776887e-09,5.460736735923285e-10,1.1776677411035053e-08,9.783699014535072e-09,1.6372966982203252e-08,1.032697423755939e-08
0.009123782365350053,4.850887128909098e-05,0.000928328962132241,9.953036623681533e-07,1.0008751837538675e-06,9.953303690985343e-07,1.0009001698563225e-06,1.0678626610944175e-07,1.2065774512848293e-07,1.0669164312778245e-07,1.2054309195264068e-07,4.594019163222374e-09,5.462036933856496e-10,1.1780853977636063e-08,9.784456800332464e-09,1.6374108567687056e-08,1.0327855015646037e-08
0.00912564792088233,0.003453279046369641,-0.0007701513581113077,9.95368940620453e-07,1.0008781222868393e-06,9.954053439287236e-07,1.0008980106485306e-06,1.0678520112605838e-07,1.2067204988010485e-07,1.0669057104450985e-07,1.2055736829363376e-07,6.967205146146682e-10,1.249102745647169e-10,1.7135212360130936e-08,8.814668863134625e-09,1.7837621157923422e-08,8.939712578261384e-09
0.00912564864847809,0.0034525632282606106,-0.0007708137919335556,9.953689775130843e-07,1.000878123432913e-06,9.954053868770845e-07,1.0008980098064058e-06,1.0678522285509237e-07,1.2067205545918114e-07,1.0669059277354384e-07,1.2055737386162946e-07,6.976195246342263e-10,1.2474596355893652e-10,1.7133565908648096e-08,8.81429063070982e-09,1.7836868126671167e-08,8.939171181054917e-09
0.009127514204010367,0.001617205596706861,-6.481901438354625e-05,9.954635702198563e-07,1.0008625445124415e-06,9.955155064744758e-07,1.0008780165183553e-06,1.068409360982514e-07,1.2058255425564252e-07,1.0674630601670287e-07,1.2046787265809084e-07,3.002681214780978e-09,5.369333881771479e-10,1.2912064306647153e-08,1.0344134823493378e-08,1.590609599588788e-08,1.0885598711509151e-08
0.00912751565920189,0.0016147798050797151,-6.42683164291391e-05,9.95463571996944e-07,1.0008625323603973e-06,9.955155035503404e-07,1.0008780009229667e-06,1.0684095728161823e-07,1.2058248444191122e-07,1.0674632717791717e-07,1.2046780284435954e-07,3.0029113514666453e-09,5.372549072291122e-10,1.2913609168054048e-08,1.0345328149696797e-08,1.5907887023247213e-08,1.0887116985713874e-08
0.009129381214734167,-0.0014950850609214417,0.0017901988941977107,9.954658502233554e-07,1.0008947575398238e-06,9.95511754808831e-07,1.0009124211859172e-06,1.0686811435789423e-07,1.2060980481563934e-07,1.0677345585463627e-07,1.2049512321808765e-07,3.2979465824922727e-09,1.0745206117016392e-10,1.4894121491693113e-08,8.554057160879922e-09,1.8203984097908688e-08,8.649834505885286e-09
0.00912938266992569,-0.0014950070327301584,0.001791645436483691,9.95465808167448e-07,1.0008947826764693e-06,9.95511703946598e-07,1.0009124480347964e-06,1.0686810448339932e-07,1.2060982612638327e-07,1.0677344596906508e-07,1.204951445288316e-07,3.295714254265958e-09,1.071168015398527e-10,1.4894735089373616e-08,8.552659913618754e-09,1.8202343983346813e-08,8.648089355745014e-09
0.009131248225457966,-0.0013949748915050852,0.0007586848337089297,9.954118924941194e-07,1.0009423529881386e-06,9.954464985639788e-07,1.0009663145870807e-06,1.0685544538091563e-07,1.2069409205152843e-07,1.0676077266680295e-07,1.2057939624866234e-07,4.3386946813050997e-10,3.554077328896527e-10,1.5681367315778516e-08,9.966607192481242e-09,1.609971711502567e-08,1.0341128447036222e-08
0.009131248953053728,-0.0013942281292272849,0.0007582819629590176,9.954118861366948e-07,1.0009423715413022e-06,9.954464925827929e-07,1.0009663355958764e-06,1.0685543981232076e-07,1.2069412491655385e-07,1.0676076708990089e-07,1.2057942910814745e-07,4.3545954110939854e-10,3.555045702263726e-10,1.567996892350791e-08,9.967158653978458e-09,1.6099920624876884e-08,1.0341788758694292e-08
0.009133115236181766,0.000521217113330863,-0.0001221000047520002,9.953955793427008e-07,1.00095423809223e-06,9.954311508408864e-07,1.000975313355955e-06,1.0684115636649949e-07,1.2068992014284613e-07,1.0674646233610474e-07,1.2057519592380658e-07,4.513996731958514e-09,3.2444808587413025e-10,1.2093092749410062e-08,1.0535403279144086e-08,1.6621923393245197e-08,1.0839327308414843e-08
0.009133115963777527,0.0005218285513311657,-0.00012244323358931442,9.953955983385724e-07,1.0009542427185656e-06,9.954311705643338e-07,1.0009753168560565e-06,1.0684115634433832e-07,1.2068991850355815e-07,1.0674646231117341e-07,1.2057519427344232e-07,4.512393994836374e-09,3.2443597808295976e-10,1.2095242850343398e-08,1.0535624817009648e-08,1.662246031424019e-08,1.0839521280558984e-08
0.009134981519309804,0.0020895555841073943,0.0005619917744964859,9.954443037530645e-07,1.0009624527005278e-06,9.954817414836725e-07,1.0009757712489666e-06,1.0684109952308063e-07,1.206509259119483e-07,1.0674639838725852e-07,1.2053620168183246e-07,4.0297601366923175e-10,8.957551148820062e-11,1.7608101643418195e-08,7.3318401859845704e-09,1.7999125745404854e-08,7.435143035588044e-09
0.009134982974501327,0.0020895530683579413,0.0005625256551580193,9.954443645200384e-07,1.00096245910457e-06,9.95481807583754e-07,1.0009757716034073e-06,1.0684112291879791e-07,1.206508954965102e-07,1.0674642177745274e-07,1.2053617126639438e-07,4.0495117393431204e-10,8.9392312996317e-11,1.7603310873918384e-08,7.329341134010292e-09,1.79963235801166e-08,7.432487514336117e-09
0.009136849985225126,0.0020863253618099145,0.000630473605568227,9.955223285476887e-07,1.0009847325287026e-06,9.95566613988085e-07,1.001004534373351e-06,1.0687113962407421e-07,1.2066031729318638e-07,1.0677643139663242e-07,1.2054557885221584e-07,2.939081794032343e-09,3.470154996687569e-10,1.1456753605662096e-08,1.3049096025952167e-08,1.4401145515290369e-08,1.3397651876800865e-08
0.009136853623203933,0.0020863190724362823,0.0006303042896268817,9.955224804651236e-07,1.0009847752405482e-06,9.955667792382883e-07,1.0010045740263983e-06,1.0687119811336743e-07,1.2066038292008753e-07,1.0677648987211796e-07,1.20545644479117e-07,2.9440196946950437e-09,3.4637996132268493e-10,1.1444776681912572e-08,1.303660600394513e-08,1.4394140102069741e-08,1.3384478961197649e-08
0.009138716995948926,-0.0003264437404811335,0.0005435806644698005,9.955552032817654e-07,1.0010066522478275e-06,9.956061670515505e-07,1.001024884317303e-06,1.0691318955189391e-07,1.206939970188614e-07,1.068184671219509e-07,1.2057925857789087e-07,2.5340812911777064e-09,2.0857220464631787e-11,1.743617511357199e-08,6.639216731940678e-09,1.9977684537971924e-08,6.637311589230421e-09
0.009138719906331971,-0.00033021221031778736,0.0005437363557631511,9.955552543912017e-07,1.0010066867951595e-06,9.956062285709777e-07,1.0010249128497752e-06,1.0691325513789707e-07,1.206940002974374e-07,1.0681853268579289e-07,1.2057926183431433e-07,2.533441012531057e-09,2.131281084245256e-11,1.7445533018189963e-08,6.644877828196864e-09,1.998640541955865e-08,6.643520607807269e-09
0.009140584006672725,-0.002196919829018593,0.0006434566291542154,9.95508091785903e-07,1.001028814361395e-06,9.955462954929915e-07,1.0010431878981763e-06,1.0691495068780694e-07,1.2069610022535926e-07,1.068202140470006e-07,1.20581347573534e-07,5.332534039780793e-10,3.1311844783665777e-10,1.4401843571178563e-08,1.0270809980283957e-08,1.4916145414518875e-08,1.0620397006277926e-08
0.00914058691705577,-0.0021998342827558304,0.0006431856088765849,9.95508018151859e-07,1.0010288467555227e-06,9.955462019206607e-07,1.0010432295449524e-06,1.0691495333503553e-07,1.2069613515991558e-07,1.0682021667207664e-07,1.205813824859378e-07,5.301305505689413e-10,3.1280880305477196e-10,1.4397091518958405e-08,1.0272692150117474e-08,1.490822931771163e-08,1.0621858491060605e-08
0.009142451017396525,0.000304513738674008,0.0004695971210542105,9.954727785827885e-07,1.001049595194273e-06,9.95499000314837e-07,1.0010699043050408e-06,1.0687539646044365e-07,1.2071851074324513e-07,1.0678065270589733e-07,1.2060374388056516e-07,3.5386020475541986e-09,1.144813202569317e-10,1.3570375533067565e-08,1.14782219284848e-08,1.7132947161238087e-08,1.1557939494366565e-08
0.009142454655375332,0.0003094012250546285,0.00046940652879709965,9.954727098092346e-07,1.0010496258035826e-06,9.954989081961685e-07,1.0010699193687684e-06,1.0687531926123484e-07,1.2071849385193303e-07,1.0678057549284858e-07,1.206037269338717e-07,3.544473381467128e-09,1.1485248692441588e-10,1.3568762113891353e-08,1.1466910066844292e-08,1.7137288921276195e-08,1.1547102779624588e-08
0.009144318028120324,0.003255408312232604,0.00037178517470493055,9.955392426736767e-07,1.001065303891963e-06,9.955758376779194e-07,1.001077635010006e-06,1.068822902863603e-07,1.2070984212186886e-07,1.0678751815164598e-07,1.2059504683747946e-07,1.6886539508551343e-10,3.049640540098153e-10,1.934184529245402e-08,5.6729745345762694e-09,1.949441731934661e-08,5.996537488783815e-09
0.009144321666099131,0.0032611599855773485,0.0003731383055248874,9.955393725699368e-07,1.0010653562059922e-06,9.955759878721437e-07,1.0010776844101712e-06,1.0688230389632736e-07,1.207097723136757e-07,1.0678753170623168e-07,1.205949770292863e-07,1.6227498511600658e-10,3.04593067791431e-10,1.9353116442744067e-08,5.6889900035999825e-09,1.9499019288105046e-08,6.012156208403608e-09
0.009146185038844123,0.001408204636231318,0.001066211911506798,9.95626312827541e-07,1.0010921514517706e-06,9.956758373469826e-07,1.0011029871748178e-06,1.0693581697424879e-07,1.2067401655713184e-07,1.0684102350940706e-07,1.2055922127274243e-07,2.6309345634626026e-09,1.1457392673497324e-10,1.2049974802334625e-08,1.38921132375458e-08,1.468673289436121e-08,1.4012064397661561e-08
0.00914618867682293,0.0014045869959553592,0.0010665720257104713,9.956264825664274e-07,1.001092235752268e-06,9.956760322893388e-07,1.0011030888549786e-06,1.0693592145116781e-07,1.20674153542904e-07,1.0684112794479006e-07,1.2055935820313326e-07,2.635754281499203e-09,1.151296657358423e-10,1.2035716423497433e-08,1.3877649464853052e-08,1.4677337567547966e-08,1.3998092719426142e-08
0.009148052049567923,-0.0015709882269426797,0.0012510225208318682,9.956232736404457e-07,1.0011354144671179e-06,9.956670685296658e-07,1.001155169433332e-06,1.0695818901871e-07,1.2074431765540794e-07,1.0686340260391427e-07,1.206294939493091e-07,1.4805985082636141e-09,3.9977918198097484e-10,1.8123619748456254e-08,6.469305091627575e-09,1.9607124383777928e-08,6.84179912724403e-09
0.00914805568754673,-0.001576797628002613,0.001247626273937323,9.956232673754595e-07,1.0011354420579816e-06,9.956670510291588e-07,1.0011551902486081e-06,1.0695823249307068e-07,1.2074438727032732e-07,1.0686344609212028e-07,1.206295635365486e-07,1.4783432256137985e-09,3.995189647555509e-10,1.8135505541749808e-08,6.4756209467079886e-09,1.9616749113993137e-08,6.847978991032633e-09
0.009149919787887484,-0.0009451349402110632,-0.0004926106348275283,9.955762744056656e-07,1.0011495796165328e-06,9.956075719896423e-07,1.0011658559960779e-06,1.0694153239061103e-07,1.2078005795501667e-07,1.0684673889530954e-07,1.2066522003806313e-07,7.653258021260752e-10,2.661836584483268e-10,1.5860066921164505e-08,9.711865089911953e-09,1.6617637022039186e-08,1.001454119631262e-08
0.00914992269827053,-0.0009441487377320756,-0.000492713365892964,9.9557620103647e-07,1.00114954902482e-06,9.956074791261926e-07,1.0011658177164878e-06,1.0694150631707089e-07,1.2077994794550068e-07,1.0684671281069313e-07,1.2066511000639457e-07,7.642125821050172e-10,2.6618754479137984e-10,1.585651432378654e-08,9.714249132472616e-09,1.6612954567563065e-08,1.0016820647037962e-08
0.009151786798611283,0.0012439409692085218,-0.0005585126133045293,9.955818531462705e-07,1.0011299550327698e-06,9.956151977801756e-07,1.00114129963913e-06,1.0692998509090501e-07,1.2070948685050098e-07,1.0683518449017616e-07,1.2059463472269272e-07,2.4518027409140176e-09,2.6867674751684945e-10,1.4222493720887455e-08,1.1241228392577796e-08,1.668088475281234e-08,1.1476808836619057e-08
0.009151789708994329,0.0012473571904527692,-0.000555432335303738,9.955818619707978e-07,1.0011299800321775e-06,9.956152098311577e-07,1.0011413223233315e-06,1.0692996710304215e-07,1.207094711665023e-07,1.0683516649123703e-07,1.2059461901654152e-07,2.4544375420987308e-09,2.688913732273158e-10,1.4219942556792375e-08,1.1232132122638039e-08,1.6680990810868934e-08,1.1468006076072068e-08
0.009153653809335083,0.0018421448438249131,0.0014174857242030825,9.956394750269951e-07,1.0011459921528649e-06,9.956799985737665e-07,1.0011558515543584e-06,1.0694716420251962e-07,1.2069942556536262e-07,1.0685236359071451e-07,1.2058455922669964e-07,7.171932491252361e-11,4.0635914078102076e-10,1.8599481785402057e-08,5.4059712262244375e-09,1.8665665512039532e-08,5.829837945725558e-09
0.00915365744731389,0.0018433056315949603,0.001417286508526082,9.956395874646537e-07,1.0011460915691473e-06,9.956801250154967e-07,1.0011559623170607e-06,1.0694719776438433e-07,1.2069955122564847e-07,1.0685239715257921e-07,1.2058468491467616e-07,6.706921129584487e-11,4.0579465402801874e-10,1.860802889552815e-08,5.421874831841417e-09,1.8669538803806063e-08,5.845151775431048e-09
0.009155520820058882,0.0007265339547018637,0.0013152482387663866,9.956874325271778e-07,1.0011970125890064e-06,9.957294824263545e-07,1.0012126949732192e-06,1.0697771284181554e-07,1.207639144240602e-07,1.0688289095526437e-07,1.2064906229625194e-07,2.292203793828653e-09,1.1666453914038755e-10,1.3109077911523015e-08,1.3567701628858231e-08,1.5407536950277236e-08,1.3688895350583152e-08
0.00915552445803769,0.0007243536117169103,0.0013132075693181732,9.95687525938077e-07,1.0011970701715456e-06,9.957295787899056e-07,1.0012127578619257e-06,1.0697777241830408e-07,1.2076398387290025e-07,1.068829504902169e-07,1.2064913168973221e-07,2.296548062830084e-09,1.1750700968465133e-10,1.309834196661086e-08,1.355336029201401e-08,1.54011683406452e-08,1.3675342990898517e-08
0.009157388558378443,-0.0006498852538455457,0.0002675685440536313,9.95688874107375e-07,1.0012265754645876e-06,9.957309409053144e-07,1.0012449820351321e-06,1.0699985713323904e-07,1.2079956945854065e-07,1.0690502101644968e-07,1.2068468890902295e-07,6.889401724261942e-10,5.491889165654129e-10,1.8986656916297795e-08,6.20485929303527e-09,1.9669035954650945e-08,6.731113888491791e-09
0.009157391468761489,-0.0006520308258448626,0.0002669619125441269,9.95688876212245e-07,1.0012265797132513e-06,9.957309430319583e-07,1.0012449740602176e-06,1.069998916136683e-07,1.2079952852064585e-07,1.069050554747264e-07,1.2068464792682307e-07,6.864302459774763e-10,5.485807631313319e-10,1.899585022613337e-08,6.212137408445349e-09,1.9675699292065474e-08,6.737876032467243e-09
0.009159255569102243,-0.0007973602861403537,-0.00012158556929343922,9.956618528205326e-07,1.0012293009823812e-06,9.956976976701643e-07,1.0012398661274347e-06,1.0699723935997568e-07,1.2077330779902695e-07,1.0690237485468414e-07,1.2065839882779983e-07,1.094681963567095e-09,1.59058488602426e-10,1.3709051421136837e-08,1.087377032860104e-08,1.4803881567083602e-08,1.1069029248744755e-08
0.00915925920708105,-0.0007976439111604464,-0.00012128549960995534,9.95661800081673e-07,1.001229297753483e-06,9.956976327885059e-07,1.0012398667902028e-06,1.0699723418383655e-07,1.207732659341693e-07,1.0690236962318522e-07,1.2065835693532683e-07,1.0954787077466221e-09,1.5927853222775567e-10,1.369873370293817e-08,1.0873699186303564e-08,1.479437372609027e-08,1.1069034858110989e-08
0.00916112621780485,0.0007937804707990499,3.2710261953974466e-05,9.956617279508271e-07,1.0012276406828974e-06,9.956933126886724e-07,1.0012402069228405e-06,1.0697896613010016e-07,1.2075178088922177e-07,1.0688410156944883e-07,1.2063685771818606e-07,1.4768062328585074e-09,2.72204920746951e-10,1.6596064966734048e-08,1.0837188959238411e-08,1.8080577035561873e-08,1.1071913584862287e-08
0.009161127672996372,0.0007948033844490353,3.283028982736802e-05,9.956617701582296e-07,1.0012276393913382e-06,9.956933613167003e-07,1.0012402071879478e-06,1.0697897875212928e-07,1.207517641432787e-07,1.0688411418594198e-07,1.2063684096119687e-07,1.4758572768428054e-09,2.722929381970829e-10,1.6596682985290778e-08,1.083716050231942e-08,1.8080229237763866e-08,1.107191582860878e-08
0.00916299395612441,0.002106690140555312,0.0008538604248447585,9.95715901151883e-07,1.0012441994981049e-06,9.957557267625816e-07,1.0012569061324734e-06,1.0699516650447549e-07,1.2076214418447615e-07,1.069002948383968e-07,1.2064722100239431e-07,2.5882118670494947e-10,3.5793221629694984e-10,1.738929178429771e-08,6.4767502302767796e-09,1.763417856182059e-08,6.861167716909097e-09
0.009162995411315933,0.00210560848948968,0.0008545006042872672,9.957159422622243e-07,1.001244212410469e-06,9.957557732647942e-07,1.001256919153093e-06,1.069951979599007e-07,1.2076215227807552e-07,1.0690032628828602e-07,1.2064722909599368e-07,2.600230259217643e-10,3.579989915625248e-10,1.738601595115879e-08,6.473350300240099e-09,1.76321276094161e-08,6.8578844825140095e-09
0.009164861694443971,0.0007183909978167868,0.001282684454711542,9.957686662748632e-07,1.0012841014500876e-06,9.958154123523855e-07,1.0012956712567233e-06,1.0703553954272138e-07,1.207816419724234e-07,1.0694066077121533e-07,1.2066670458502497e-07,1.8013818214868138e-09,3.917291370172973e-11,1.3184759950490843e-08,1.4070923151680153e-08,1.5001781150658644e-08,1.4104777786199843e-08
0.009164862422039732,0.0007176135296460377,0.001282851387986561,9.957686622134139e-07,1.00128411700137e-06,9.958154065484198e-07,1.001295686364756e-06,1.0703554466272729e-07,1.2078164957074478e-07,1.0694066588845219e-07,1.2066671217780822e-07,1.8007400129137817e-09,3.904861503589707e-11,1.3187768618543566e-08,1.4073885168386369e-08,1.50041395308857e-08,1.4107603085733444e-08
0.00916672870516777,-0.0012765923283255542,0.0009073882097581285,9.957582445961621e-07,1.0013249876097379e-06,9.95800519376644e-07,1.001344874412236e-06,1.0704867747790558e-07,1.2082013098202391e-07,1.0695379160097218e-07,1.2070519358908736e-07,1.5450102308633973e-10,3.5934430575337415e-10,2.0905002173776666e-08,6.1895072652012044e-09,2.1053384813285447e-08,6.530968199437931e-09
0.009166730160359293,-0.0012758808542050277,0.0009070954509446949,9.957582207309101e-07,1.0013250194776587e-06,9.958004882865933e-07,1.0013449127654894e-06,1.0704866336116249e-07,1.2082016098702297e-07,1.069537774786931e-07,1.2070522359408642e-07,1.553108005143289e-10,3.5959404898200376e-10,2.089806702063668e-08,6.183359602118799e-09,2.1047253957431292e-08,6.5250604919242505e-09
0.009168596443487331,-0.0003634152946298541,2.249690624221538e-05,9.957276135453445e-07,1.0013423554303775e-06,9.957606152966036e-07,1.0013585445569388e-06,1.070305586381437e-07,1.208302286329997e-07,1.0693566565578294e-07,1.2071526284049762e-07,1.1938503519104415e-09,1.7349799173843264e-10,1.2003733118604032e-08,1.0908912406655241e-08,1.3184431324475554e-08,1.1113424757785825e-08
0.009168597898678854,-0.000361801551773987,2.1807160788256397e-05,9.95727633109061e-07,1.0013423689476895e-06,9.957606361118797e-07,1.001358555186016e-06,1.0703055486260692e-07,1.2083023648301605e-07,1.0693566187471019e-07,1.2071527066837007e-07,1.1933995584586167e-09,1.7335288760023104e-10,1.200878539439001e-08,1.0912597048218231e-08,1.3189065604882496e-08,1.1117002429728018e-08
0.009170464181806892,0.0017078236608756292,-0.0002959453745642,9.957527235755722e-07,1.0013372504405044e-06,9.957873317034682e-07,1.0013499183535353e-06,1.0702571273668582e-07,1.2078867172670274e-07,1.069308126488977e-07,1.2067370591205676e-07,6.152569564932264e-10,6.176914786092576e-11,1.8488329089905164e-08,1.0981920768793609e-08,1.9132530226784183e-08,1.1013463428504938e-08
0.009170464909402654,0.0017078008049390486,-0.0002960692546949417,9.957527480009546e-07,1.001337248444985e-06,9.957873601916352e-07,1.0013499149863492e-06,1.0702572454675896e-07,1.2078865552211937e-07,1.0693082445897084e-07,1.2067368970747339e-07,6.15180467134948e-10,6.172564542827885e-11,1.8487959096789605e-08,1.0981947795585256e-08,1.9132059562832967e-08,1.101342306242259e-08
0.009172331192530692,0.0016491753276097754,0.0006860786289677213,9.95815399106685e-07,1.0013445414162675e-06,9.958604323401232e-07,1.0013595708386259e-06,1.0705601738436599e-07,1.207854321714329e-07,1.0696111729657787e-07,1.2067045215700415e-07,4.189852631508728e-10,2.485346940100052e-10,1.753892675537827e-08,7.091433184685343e-09,1.7924806527958026e-08,7.3578567258372506e-09
0.009172332647722214,0.0016478456129098318,0.0006868444362844173,9.958154222684132e-07,1.0013445471027948e-06,9.958604551040634e-07,1.0013595783675555e-06,1.0705604019259404e-07,1.2078542965809902e-07,1.0696114009926995e-07,1.2067044963259832e-07,4.1954195996391996e-10,2.4868035408687206e-10,1.7535141179102152e-08,7.088399645027721e-09,1.792162184745966e-08,7.355006381715157e-09
0.009174198930850253,-5.75134897677328e-05,0.001019991055719061,9.958451271847482e-07,1.0013764063335267e-06,9.958896498574177e-07,1.0013908178896272e-06,1.070852917450793e-07,1.2082487665460583e-07,1.0699038455186383e-07,1.2070988242932238e-07,1.1335056226968732e-09,3.458332366313419e-11,1.2680139604981377e-08,1.2377996664093487e-08,1.3837269108307737e-08,1.2410263942152177e-08
0.009174200386041775,-5.8058491009919334e-05,0.001020250819165014,9.958451153316883e-07,1.0013764311750322e-06,9.958896336480751e-07,1.001390842247929e-06,1.0708529125237728e-07,1.2082490741249785e-07,1.0699038404808986e-07,1.2070991317614244e-07,1.1326379864698116e-09,3.4416386407443156e-11,1.268686282705567e-08,1.2382121106213617e-08,1.3843101551436813e-08,1.2414205663446864e-08
0.009176066669169813,-0.000757022584114142,0.0006404919422784011,9.958299137823697e-07,1.0014074198107702e-06,9.958688451661146e-07,1.0014276480848424e-06,1.0708465936204448e-07,1.208402999770095e-07,1.0698973795797428e-07,1.207253057406541e-07,1.9894525263297602e-11,1.5534546660655657e-10,2.130939513733665e-08,7.947373640193614e-09,2.1323209864476667e-08,8.092768913904644e-09
0.009176068124361336,-0.0007562304176792701,0.0006401958339923297,9.958299065457087e-07,1.001407443973449e-06,9.958688369285799e-07,1.0014276767833508e-06,1.0708465427448098e-07,1.2084031197900913e-07,1.0698973287041079e-07,1.2072531774265371e-07,2.0613110221693712e-11,1.5543975828702372e-10,2.1302787833099087e-08,7.943915747432584e-09,2.1317319025778985e-08,8.089399372579464e-09
0.009177934407489374,0.00025972303504406824,0.0004420736616872942,9.958206255281287e-07,1.0014276393033897e-06,9.958582722902065e-07,1.0014474428809524e-06,1.0707812947430284e-07,1.2084606289102687e-07,1.0698320807023265e-07,1.2073105445488868e-07,9.421983193647065e-10,1.0025929847999478e-10,1.2828920148422185e-08,1.0578377480731125e-08,1.3762318396004503e-08,1.0695805885090264e-08
0.009177935862680897,0.0002604411181882994,0.0004419191804613254,9.95820646498978e-07,1.0014276550502357e-06,9.958582931054826e-07,1.0014474582931143e-06,1.0707813316126398e-07,1.2084606737516879e-07,1.0698321174612183e-07,1.2073105892795866e-07,9.416575652158936e-10,1.0021627278034018e-10,1.283379104066733e-08,1.058043164192668e-08,1.376666833268165e-08,1.069783817087e-08
0.009179802145808935,0.001181382750664782,-9.835172218450176e-05,9.958475416131138e-07,1.0014340591297666e-06,9.95884988697071e-07,1.0014507526427146e-06,1.07082861688923e-07,1.2083421055656434e-07,1.069879260739981e-07,1.207192021093542e-07,2.4814036936327e-10,2.355732071966052e-11,1.90807103450652e-08,1.0481600266431814e-08,1.934546212112309e-08,1.0488251152307699e-08
0.009179803601000458,0.0011813571286704433,-9.877298604621387e-05,9.958475755173253e-07,1.001434064123201e-06,9.958850265188705e-07,1.0014507552114083e-06,1.0708287678553415e-07,1.208342013114816e-07,1.0698794116507326e-07,1.2071919286427146e-07,2.483067743433567e-10,2.3497547657624906e-11,1.907829483884225e-08,1.0481523204930454e-08,1.934318542677258e-08,1.0488087731630458e-08
0.009181669884128496,0.001148496920930997,0.0003468708787596875,9.9589105766854e-07,1.0014387008172854e-06,9.959335329767782e-07,1.0014570031158225e-06,1.0710223818932718e-07,1.2082325327897376e-07,1.0700729546897492e-07,1.2070823063198088e-07,4.617211613044958e-10,1.1225988701148896e-10,1.598040810790735e-08,9.027654484931473e-09,1.642332492224341e-08,9.153423525441012e-09
0.009181671339320019,0.001147754405265843,0.0003472183593560274,9.9589107722595e-07,1.0014387044326414e-06,9.95933553614903e-07,1.001457007987483e-06,1.0710225884405993e-07,1.2082324474249617e-07,1.0700731611817168e-07,1.2070822208443133e-07,4.6191580169538886e-10,1.123290974125446e-10,1.5979791725232026e-08,9.026520864097165e-09,1.6422927901299824e-08,9.15238285159603e-09
0.009183537622448057,0.00019547806470576745,0.0010350655715388839,9.95916159604352e-07,1.0014645117739196e-06,9.959600220099674e-07,1.0014807500242574e-06,1.0712874853879839e-07,1.208464187879602e-07,1.0703379871301877e-07,1.2073139612989537e-07,7.115421030157165e-10,4.052505662424223e-11,1.518928094412786e-08,1.0812391154858129e-08,1.5913748541152017e-08,1.084131832534699e-08
0.00918353907763958,0.0001947077103213474,0.0010356019046477982,9.959161509053084e-07,1.0014645318966028e-06,9.959600093436503e-07,1.0014807685365668e-06,1.071287544401506e-07,1.2084643685739138e-07,1.0703380460883501e-07,1.2073141419932654e-07,7.110359150304091e-10,4.0469069068072017e-11,1.5192163542931933e-08,1.0813783646312913e-08,1.5916110521390734e-08,1.0842635234098452e-08
0.009185405360767618,-0.0007932717876973916,0.0006031031706493573,9.959049943819157e-07,1.0014951084792564e-06,9.959437647921732e-07,1.0015168927839078e-06,1.0713632292436159e-07,1.20868631117845e-07,1.0704136599315461e-07,1.2075360845978016e-07,6.184982387358318e-11,7.252488104399786e-11,1.8889096509155934e-08,8.584686661405035e-09,1.894535017754606e-08,8.665118960065669e-09
0.00918540681595914,-0.0007925846300022708,0.0006027659396676821,9.959049841289757e-07,1.0014951323206464e-06,9.959437518601292e-07,1.0015169209509622e-06,1.0713631269941081e-07,1.2086864842331124e-07,1.0704135576266786e-07,1.207536257652464e-07,6.228223431679229e-11,7.254987582916428e-11,1.8885105606927496e-08,8.582948574087368e-09,1.894179575671014e-08,8.663421091625878e-09
0.009187273099087179,8.869511399023366e-05,0.00028834985171440167,9.958918347333902e-07,1.0015117584889559e-06,9.959271665138658e-07,1.001534074288536e-06,1.071231992000321e-07,1.2087405854054273e-07,1.0702823516339777e-07,1.2075900748291238e-07,6.168486277324803e-10,1.5897612558068623e-10,1.3766773498957718e-08,1.1481776537889959e-08,1.4383251034644218e-08,1.1640638068667709e-08
0.009187274554278702,8.968959653411487e-05,0.0002881046929713582,9.958918558963252e-07,1.0015117714528298e-06,9.959271887376948e-07,1.0015340876634582e-06,1.0712320533704062e-07,1.2087406275895773e-07,1.0702824129487247e-07,1.2075901167918346e-07,6.164010120621808e-10,1.5904351446938136e-10,1.3771155451010575e-08,1.1484036832598576e-08,1.438718987282334e-08,1.164295948541394e-08
0.009189141565002501,0.001365610700333697,0.00010357822181957671,9.959190079418355e-07,1.0015190828722453e-06,9.95955701910134e-07,1.0015370423697557e-06,1.0713107911897168e-07,1.208602693944636e-07,1.0703610797690999e-07,1.2074521831468932e-07,4.211010706800522e-11,3.9969164199835386e-11,1.9393199934825134e-08,8.225115643939127e-09,1.944071925663593e-08,8.254405884950429e-09
0.009189142292598262,0.001365347855684414,0.000103506309710788,9.959190229048364e-07,1.0015190857215905e-06,9.959557194923992e-07,1.001537043521239e-06,1.0713109029334264e-07,1.2086026401902927e-07,1.0703611914851296e-07,1.20745212939255e-07,4.2235515705944314e-11,3.9922759542676545e-11,1.939144287398195e-08,8.223845604504731e-09,1.9439081908888176e-08,8.25308532625968e-09
0.009191009303322062,0.0006908884856244024,0.00026747633755467713,9.959574179651732e-07,1.0015260132004373e-06,9.960008355847094e-07,1.0015479532060294e-06,1.0715976372921432e-07,1.2086145726580323e-07,1.0706478548172527e-07,1.2074637777539146e-07,3.640340806576603e-10,1.6261295994332877e-10,1.4882824750372947e-08,1.0935913516050166e-08,1.523764758815105e-08,1.1119957474412057e-08
0.009191010030917823,0.0006905769267119772,0.0002675402385787784,9.959574221998187e-07,1.0015260159001562e-06,9.960008388177205e-07,1.0015479574576602e-06,1.0715976914340049e-07,1.2086145773082535e-07,1.0706479088760747e-07,1.2074637822934164e-07,3.6393376896908516e-10,1.62660773739276e-10,1.4883774122451972e-08,1.0936970440411642e-08,1.5238504181050072e-08,1.1121074727782343e-08
0.009192877041641623,-0.00010888324257118942,0.0007999601421638429,9.959682883001195e-07,1.0015459539944705e-06,9.96009134723863e-07,1.0015632932276973e-06,1.0717366194512579e-07,1.2087501852747848e-07,1.0707866238135466e-07,1.2075993902599477e-07,1.0653397608528792e-10,1.0350051564437651e-10,1.7319862877229752e-08,1.0205212813264133e-08,1.7436521559943685e-08,1.028265007512829e-08
0.009192878496833146,-0.00010855113036567477,0.0008003751226031142,9.95968291334187e-07,1.0015459695346843e-06,9.960091326866233e-07,1.0015633051807526e-06,1.0717365762152721e-07,1.2087502909707837e-07,1.0707865805775609e-07,1.2075994959559466e-07,1.0659566503080362e-10,1.0345440476511314e-10,1.7319899608441686e-08,1.0204642464373137e-08,1.7436602911135754e-08,1.028199658748008e-08
0.009194744779961184,0.0003173827732068646,0.0009887622811077749,9.959721825257493e-07,1.0015793626455812e-06,9.960065199265955e-07,1.0015973846593763e-06,1.071681126063595e-07,1.208753414922991e-07,1.0707311304258837e-07,1.207602477910326e-07,1.857117376546924e-10,6.668349876253434e-11,1.7367007387747435e-08,7.856086257052467e-09,1.7540935814963632e-08,7.941316822159005e-09
0.009194746235152707,0.00031782394295044636,0.0009889091716797083,9.9597220000591e-07,1.0015793886830944e-06,9.960065415306363e-07,1.0015974112320691e-06,1.0716811374632681e-07,1.208753417358821e-07,1.0707311416595423e-07,1.2076024802354368e-07,1.8568210827509184e-10,6.665482749079743e-11,1.73646070108616e-08,7.854255024142276e-09,1.753852286523437e-08,7.939491730724058e-09
0.009196613245876506,0.0008838447239658542,0.0006138114402737773,9.959946270520995e-07,1.001609308919597e-06,9.960342595149996e-07,1.0016336632054873e-06,1.0716957632439517e-07,1.2090605363499261e-07,1.0707455544434197e-07,1.2079094571733545e-07,1.476676142475597e-10,2.6136978798702723e-10,1.4284923466334476e-08,1.1986639066161172e-08,1.4442708362594203e-08,1.224205815471568e-08
0.009196613973472267,0.0008837539966190222,0.0006136652603316861,9.959946382191836e-07,1.0016093205798605e-06,9.960342709855454e-07,1.0016336773333023e-06,1.0716958562760566e-07,1.2090606560377637e-07,1.0707456474478448e-07,1.2079095768058323e-07,1.4767160507115995e-10,2.614456706684365e-10,1.4287187069481758e-08,1.19882495042134e-08,1.4444971345019987e-08,1.224373491481856e-08
0.009198480984196067,0.0006509476246478463,-0.0002840712799179073,9.960232929569203e-07,1.0016154610710338e-06,9.960637044059695e-07,1.0016334501367093e-06,1.0719345766574406e-07,1.209086783645975e-07,1.0709842968026351e-07,1.2079355624161728e-07,1.5791205842941025e-10,3.7859636862452094e-11,2.0095592745406066e-08,6.9861930173043884e-09,2.025178424958085e-08,7.013817994722479e-09
0.00919848243938759,0.0006504327280984814,-0.0002847709966289358,9.96023302281323e-07,1.0016154658570753e-06,9.960637115778027e-07,1.0016334499596269e-06,1.0719346749934563e-07,1.2090868040104397e-07,1.0709843951386507e-07,1.2079355826699611e-07,1.5790775987110275e-10,3.768536871451289e-11,2.009045985164218e-08,6.982294298296665e-09,2.0246641200561997e-08,7.009741676000658e-09
0.00920034945011139,-1.0179544736699242e-05,7.746475189456822e-05,9.960352654900897e-07,1.001611598062867e-06,9.96072913039825e-07,1.0016282224023315e-06,1.0720608401015852e-07,1.208692748468661e-07,1.0711105602467796e-07,1.2075411009686203e-07,1.5239270956257656e-10,1.8104924644609592e-10,1.3504957152576935e-08,1.0752903053619193e-08,1.3648109309372103e-08,1.0955526870664571e-08
0.00920035017770715,-1.0090101750538779e-05,7.760591937255867e-05,9.960352670125187e-07,1.0016115965555427e-06,9.96072915032777e-07,1.0016282203650917e-06,1.0720608438937299e-07,1.20869259490064e-07,1.0711105639835646e-07,1.20754094723452e-07,1.5238220189308984e-10,1.8110511701419085e-10,1.3507186769665217e-08,1.0754372503640752e-08,1.3650340146797464e-08,1.0957064588978938e-08
0.00920221718843095,0.00021942060073720793,0.0012434546371944113,9.960391735654728e-07,1.0016362778631334e-06,9.960780289475224e-07,1.0016534391869305e-06,1.0720705745370651e-07,1.208900195787623e-07,1.0711201525737124e-07,1.207748548121503e-07,1.254195219901888e-10,1.7745233272592442e-10,1.922838421819506e-08,9.467777721387745e-09,1.937466898027651e-08,9.620940949421087e-09
0.009202218643622473,0.0002198468363279229,0.0012443633267640308,9.960391879155196e-07,1.0016362971003178e-06,9.960780411662011e-07,1.0016534588430659e-06,1.0720706212425222e-07,1.2089003575965762e-07,1.0711201991684931e-07,1.2077487099304562e-07,1.2542607275998042e-10,1.774494856610076e-10,1.9226185258592908e-08,9.466774919530963e-09,1.937243859133271e-08,9.619899543622523e-09
0.009204085654346272,0.0007667070992152247,0.0009554221864048473,9.96057599025428e-07,1.0016773652294257e-06,9.96093717731128e-07,1.0016952793014292e-06,1.0721305443439633e-07,1.2092161418321111e-07,1.0711799802720634e-07,1.2080644941659912e-07,1.3383071040262706e-10,6.627839764594283e-11,1.6404920089030384e-08,8.130865905163412e-09,1.651084957643434e-08,8.214537174617565e-09
0.009204086381942034,0.0007666881669667363,0.0009553095826868585,9.9605760982888e-07,1.0016773812341526e-06,9.9609373008743e-07,1.0016952955993474e-06,1.072130572189931e-07,1.2092162648968952e-07,1.0711800080903512e-07,1.2080646172307752e-07,1.3382950860890907e-10,6.623507298186837e-11,1.6404511633524893e-08,8.13034528590606e-09,1.6510461476026794e-08,8.213989488581319e-09
0.009205953392665833,0.000718108017345287,0.00035128142180862844,9.960853314863347e-07,1.0017017666385563e-06,9.961254363588523e-07,1.0017230135837108e-06,1.0722020249431807e-07,1.2092986236619089e-07,1.0712513898170073e-07,1.2081468339979182e-07,1.3074570592852552e-10,4.830217872439343e-10,1.535641480643335e-08,1.0423546998886103e-08,1.5514595830268263e-08,1.0899557942943323e-08
0.009205954847857356,0.0007176992515481192,0.00035081062823039133,9.96085344748379e-07,1.0017017856451067e-06,9.961254519420948e-07,1.0017230351877515e-06,1.0722022169668016e-07,1.2092986878542433e-07,1.0712515817852901e-07,1.2081468980795762e-07,1.3086735838947566e-10,4.833466404896569e-10,1.5359994948500544e-08,1.0425334373564965e-08,1.5518261510004478e-08,1.0901651137373847e-08
0.009207821858581156,0.0001932527337817902,-3.433593429863442e-05,9.961023599513352e-07,1.0017076914592705e-06,9.961454452422913e-07,1.0017239443281506e-06,1.0724485832724895e-07,1.209372413458491e-07,1.0714978770920425e-07,1.2082203395774493e-07,2.869474657885007e-10,1.4199299769568178e-10,1.9953317220711142e-08,8.573773176857938e-09,2.0221328611569334e-08,8.717983793902389e-09
0.009207822586176917,0.0001930190825758389,-3.4486030386915445e-05,9.961023583978395e-07,1.0017076937608348e-06,9.961454413464806e-07,1.0017239446824533e-06,1.0724486244994629e-07,1.2093724421902152e-07,1.0714979182913468e-07,1.2082203681984538e-07,2.868683985921098e-10,1.4185996821680646e-10,1.9950575573372773e-08,8.57305160195665e-09,2.0218516991473712e-08,8.717132793378823e-09
0.009209690324496478,-0.00040676356310109796,-0.0003590124347520644,9.960983705742639e-07,1.0017003418779742e-06,9.961354408005718e-07,1.0017157624176187e-06,1.0725544541401177e-07,1.2092298207684467e-07,1.0716036769053972e-07,1.2080776047234764e-07,8.390290545667867e-11,3.3793468075781175e-10,1.2912766855777136e-08,1.0460130821046748e-08,1.3001088206010536e-08,1.0798024083741396e-08
0.00920969105209224,-0.0004063716970533355,-0.00035913885719240923,9.960983719741074e-07,1.0017003390139762e-06,9.96135441509177e-07,1.0017157592301373e-06,1.0725544012161711e-07,1.2092297652088746e-07,1.0716036239814505e-07,1.208077549108566e-07,8.411930400500391e-11,3.3801106358311017e-10,1.291549329191671e-08,1.0460865951245069e-08,1.300403309355952e-08,1.079883471533094e-08
0.009211558062816039,0.0005991565815051114,0.0007566161125755872,9.961019639723927e-07,1.0017077761933305e-06,9.961372597899754e-07,1.0017213255466694e-06,1.0724185983690404e-07,1.2091164509080453e-07,1.0714678211343198e-07,1.2079642348077367e-07,6.393979790075832e-10,6.833230386857356e-10,1.991152842606425e-08,6.9589694878854054e-09,2.056061454425162e-08,7.633828200238885e-09
0.009211559518007562,0.000600118941277676,0.0007574857579144556,9.961019993915086e-07,1.001707781990041e-06,9.961372981282936e-07,1.0017213298851857e-06,1.0724186480627613e-07,1.2091163625882473e-07,1.0714678708280407e-07,1.2079641464879387e-07,6.389088047615182e-10,6.83592182859627e-10,1.9907144502587334e-08,6.956240028443972e-09,2.0555716001620904e-08,7.631361320648011e-09
0.009213426528731361,0.001834826529477973,0.001799198526693336,9.96147442117206e-07,1.0017555307187241e-06,9.961864861907088e-07,1.0017677915884832e-06,1.0724824051067117e-07,1.2092372027762243e-07,1.0715316278719911e-07,1.208084844678045e-07,1.129824706014304e-11,5.500343455297879e-11,1.428257068170069e-08,1.0324354972884362e-08,1.4270885806411115e-08,1.0396326996932736e-08
0.009213427983922884,0.0018337345628221086,0.001800010461820989,9.961474751146616e-07,1.0017555679351923e-06,9.961865241748625e-07,1.0017678278018138e-06,1.0724826534646398e-07,1.2092372969618737e-07,1.0715318761745811e-07,1.208084938753018e-07,1.2118250387886824e-11,5.451349788243576e-11,1.4283978290240629e-08,1.0326980159902632e-08,1.4273154913431777e-08,1.0398482075402171e-08
0.009215294994646683,0.00043274134334789216,0.001000382902540883,9.961898108500166e-07,1.0018078457615572e-06,9.962352578440914e-07,1.0018305584893587e-06,1.0728012966865208e-07,1.209812186211181e-07,1.0718504483975266e-07,1.2086598280023253e-07,1.0641825198831611e-09,1.0850632119396502e-09,1.608994004698161e-08,8.824130239731773e-09,1.7184419220939162e-08,9.89196480084334e-09
0.009215295722242445,0.0004321904499741683,0.001000071278394632,9.96189806853977e-07,1.0018078661348333e-06,9.96235252664434e-07,1.0018305829362362e-06,1.0728013722231902e-07,1.209812410252198e-07,1.0718505238788577e-07,1.2086600520433421e-07,1.063887299173047e-09,1.0854648291314106e-09,1.609092203129202e-08,8.823544561664676e-09,1.718508392979479e-08,9.891767405179053e-09
0.009217163460562006,-0.0009819528403749445,-0.0007014490618602192,9.961795490203916e-07,1.0018134312362123e-06,9.96221956484078e-07,1.0018313784342062e-06,1.0729952748533833e-07,1.2101291889081179e-07,1.072044284455842e-07,1.2089764045396354e-07,3.060557363099292e-10,5.006915856738346e-10,1.861167575611944e-08,7.501432262481361e-09,1.889139156219244e-08,8.011775753382143e-09
0.009217164188157767,-0.000981537474587528,-0.0007021119057792902,9.961795424920654e-07,1.001813433404152e-06,9.962219463903868e-07,1.0018313787441002e-06,1.0729952188787744e-07,1.210129312312347e-07,1.072044228425895e-07,1.2089765277778497e-07,3.0623405111919567e-10,5.004637815275714e-10,1.8609448193575188e-08,7.500917220681913e-09,1.8889357778528287e-08,8.0110433842151e-09
0.009219031926477328,8.470650171049643e-05,-0.0008464571663040336,9.961627842783771e-07,1.001784509135938e-06,9.961960358850774e-07,1.0017918311307334e-06,1.072851532057939e-07,1.2093981644459702e-07,1.0719003995518506e-07,1.208245095805055e-07,7.63968166506146e-10,5.371515752530454e-10,1.2891295142480885e-08,1.0630998419068135e-08,1.3668635112651373e-08,1.1168689119962162e-08
0.00921903265407309,8.515929674362569e-05,-0.0008465133974144834,9.961627939713398e-07,1.0017844978682059e-06,9.961960477495916e-07,1.001791815724573e-06,1.0728515199665382e-07,1.2093978796201554e-07,1.0719003874327806e-07,1.208244810868564e-07,7.640792143376854e-10,5.371658673425372e-10,1.2893533435797586e-08,1.0632217772865715e-08,1.3670978754373738e-08,1.1169919211795332e-08
0.00922090039239265,0.0012474841467864373,0.0013584630361371036,9.961876758065714e-07,1.0017940757911e-06,9.962265039575868e-07,1.001803407266422e-06,1.0728204813403863e-07,1.2090688843882673e-07,1.0718692777800243e-07,1.2079160997430936e-07,1.0491389978994903e-09,1.5725504230393169e-09,1.8639232379769055e-08,6.835574531292859e-09,1.9687107055688102e-08,8.401731880653561e-09
0.009220901119988412,0.001247467397627269,0.0013593220063098932,9.961876936470246e-07,1.0017940795222738e-06,9.962265233556527e-07,1.0018034117820207e-06,1.0728205620826208e-07,1.2090687562249514e-07,1.0718693584115392e-07,1.2079159716904542e-07,1.0488349230261716e-09,1.5729537672370952e-09,1.863743794415653e-08,6.834095511720761e-09,1.9685006175338877e-08,8.400653506157596e-09
0.009222768130712211,0.0012044890552012077,0.002175414038619366,9.962334722496502e-07,1.0018600852989927e-06,9.96276298792509e-07,1.0018728203412255e-06,1.0730277466564075e-07,1.2097289043258982e-07,1.0720762588789512e-07,1.2085758357956594e-07,2.685787980905019e-10,4.346553259125266e-11,1.4032916162420861e-08,1.080750167344786e-08,1.4294147199223062e-08,1.0863614561062235e-08
0.009222769585903734,0.0012039913273048915,0.0021760501197045645,9.962334980050194e-07,1.0018601367454283e-06,9.96276322875702e-07,1.0018728744398686e-06,1.0730278753731056e-07,1.209729418860661e-07,1.0720763875956492e-07,1.2085763501090696e-07,2.697542495063512e-10,4.227341393603368e-11,1.4035070330576588e-08,1.0810598638499869e-08,1.4297491799001917e-08,1.0865534250115161e-08
0.009224636596627533,0.0005654064363311839,0.0008167704078974685,9.962665421436463e-07,1.0019159932454996e-06,9.963072216123692e-07,1.0019359214944653e-06,1.0731930188967453e-07,1.210272986709752e-07,1.072241531119289e-07,1.20911977596029e-07,1.777858416041056e-09,1.9293710830316308e-09,1.6798868074374695e-08,7.38855600896594e-09,1.8588613315273506e-08,9.299208099990161e-09
0.009224638051819056,0.0005644399466716711,0.0008157109537183516,9.962665405335772e-07,1.001916036781353e-06,9.963072233825029e-07,1.0019359706348041e-06,1.0731931935868161e-07,1.210273410379159e-07,1.0722417056434097e-07,1.2091201995190204e-07,1.7766578974412532e-09,1.930841930786187e-09,1.6797689397651842e-08,7.38588878945734e-09,1.8586214432831395e-08,9.29798726900799e-09
0.009226505790138617,-0.000676049531313061,-0.0004976147572156766,9.962644740100945e-07,1.0019219684302059e-06,9.963094953491236e-07,1.0019404026949229e-06,1.0734174082926984e-07,1.2103594946237723e-07,1.0724657073524213e-07,1.209205999657216e-07,2.357922745943597e-10,8.134979450410254e-10,1.528485782387179e-08,8.130164591920844e-09,1.5507248818380504e-08,8.964587499810331e-09
0.009226506517734379,-0.0006760869809114623,-0.0004981263761135862,9.96264463472546e-07,1.0019219707409378e-06,9.963094808726455e-07,1.0019404044214753e-06,1.0734173878452263e-07,1.2103595281587332e-07,1.0724656868496111e-07,1.2092060330815002e-07,2.362868907112018e-10,8.130626727442802e-10,1.528530715015237e-08,8.130454531851683e-09,1.5508204987411613e-08,8.96445762066378e-09
0.00922837425605394,-0.0007722201000076867,-0.0010262943179135697,9.962374135856714e-07,1.0018934947085566e-06,9.962723197531886e-07,1.0019033569445855e-06,1.0733648991845257e-07,1.209882371429928e-07,1.0724130561357015e-07,1.2087285922462773e-07,1.505966462644892e-09,9.00071262027199e-10,1.643872771239785e-08,1.1641859812966687e-08,1.7962690890271915e-08,1.253046016479952e-08
0.009228374983649701,-0.0007712277750952919,-0.0010265000709099859,9.962374208896426e-07,1.0018934836154392e-06,9.962723245344107e-07,1.001903342512378e-06,1.0733647938205562e-07,1.2098821855488495e-07,1.072412950771732e-07,1.2087284062545223e-07,1.5057947598665554e-09,9.001051570756147e-10,1.643860156685178e-08,1.1643227715296689e-08,1.796237776795049e-08,1.2531849336028245e-08
0.009230242721969262,0.0017760702750222457,0.0008020429236002932,9.962561701840324e-07,1.001889304647689e-06,9.962845979316626e-07,1.0018973194563193e-06,1.0730943245107483e-07,1.2092827210071533e-07,1.072142481461924e-07,1.208128941712826e-07,1.0650337278761413e-09,2.1467449747797163e-09,1.61147859500943e-08,4.404453659526261e-09,1.7158592768851122e-08,6.5425309144022654e-09
0.009230243449565023,0.0017764095661077254,0.0008027552504388247,9.962562023687948e-07,1.0018893030197314e-06,9.962846374210158e-07,1.0018973171099788e-06,1.0730944351318487e-07,1.209282487479868e-07,1.0721425920276862e-07,1.2081287081855407e-07,1.064958210359014e-09,2.1472306155345677e-09,1.6114396288098314e-08,4.401633724171461e-09,1.7158144583921316e-08,6.5401977167312e-09
0.009232111187884584,0.0026473697825342146,0.002805015058430677,9.963388206537926e-07,1.001956715864987e-06,9.963860065909103e-07,1.001967861673552e-06,1.0733783994965052e-07,1.2096968373923217e-07,1.0724264143391338e-07,1.2085429161000806e-07,8.711047438936248e-10,8.630447677014685e-11,1.511413394439387e-08,1.1365199879345482e-08,1.6007653869110072e-08,1.1476856363326335e-08
0.009232112643076107,0.0026446830985483666,0.00280657505828108,9.963388475026195e-07,1.0019567683876556e-06,9.963860351011609e-07,1.0019679166362039e-06,1.0733788148651792e-07,1.2096971602204576e-07,1.0724268296524696e-07,1.2085432388175832e-07,8.720427012896968e-10,8.469876883188121e-11,1.5115771643024093e-08,1.1370625330187067e-08,1.601019643755039e-08,1.1480702610811022e-08
0.009233979653799906,-0.0008023324552944855,0.0010714026486706428,9.96373294547377e-07,1.0020291453972293e-06,9.964226137526566e-07,1.0020539105467079e-06,1.0739117328739667e-07,1.2108261852905e-07,1.0729596766623217e-07,1.2096722638876255e-07,2.0754420404500706e-09,2.743449517811229e-09,1.7216938985598063e-08,7.836031194635562e-09,1.927231174647659e-08,1.0552217583630363e-08
0.00923398110899143,-0.0008031060516116863,0.0010700502149920688,9.963732567026452e-07,1.0020292018095516e-06,9.964225626266924e-07,1.0020539775723591e-06,1.0739115933040576e-07,1.2108270652788633e-07,1.0729595369268493e-07,1.209673143875989e-07,2.0741630609818905e-09,2.7455218098992873e-09,1.72135845230004e-08,7.833276249868959e-09,1.926769962944526e-08,1.055149390083443e-08
0.009235849574906752,-0.0017964037228975045,-0.001615307863617077,9.963246640669677e-07,1.0020190138562363e-06,9.963569168885266e-07,1.0020411309596966e-06,1.0737323855408656e-07,1.210933362472133e-07,1.0727801165803082e-07,1.2097791568521643e-07,4.3195342383856625e-10,7.621108744082505e-10,1.2906454547603671e-08,6.717545186774032e-09,1.334574136121685e-08,7.495840392834907e-09
0.009235853212885559,-0.0017983377136905065,-0.0016139762035079195,9.96324569455138e-07,1.002018921208736e-06,9.963567890736158e-07,1.0020410039031452e-06,1.073732036616093e-07,1.2109309696475307e-07,1.0727797672416273e-07,1.2097767637508708e-07,4.287559751681158e-10,7.635456337159774e-10,1.2898068391109518e-08,6.726548202310296e-09,1.3334211068638524e-08,7.506250782934202e-09
0.009237718040822074,0.0014631359541112813,-0.0009313672315538479,9.963184371708027e-07,1.0019714301001091e-06,9.96349413817101e-07,1.0019758747148444e-06,1.0734504294658947e-07,1.2097044077563623e-07,1.072498089175501e-07,1.2085500600278465e-07,2.053948431052585e-09,1.4990032548567456e-09,1.840210531688926e-08,1.1341493966199323e-08,2.0467505096443167e-08,1.284261674783238e-08
0.009237721678800881,0.0014694985636856117,-0.0009258644329114381,9.96318425207704e-07,1.0019714651921793e-06,9.96349399429164e-07,1.0019759218446546e-06,1.0734498800957226e-07,1.209703659321702e-07,1.0724975396669834e-07,1.208549311593186e-07,2.057118919651657e-09,1.50075433305446e-09,1.841284280601485e-08,1.1330200632386555e-08,2.048142100363748e-08,1.2833033536051053e-08
0.009239587234333158,0.002060512004877986,0.0018959707109162949,9.963842967159109e-07,1.0019894604057531e-06,9.964253374555398e-07,1.002000090011279e-06,1.073728333714487e-07,1.209319862027769e-07,1.0727758513985535e-07,1.208165514299253e-07,5.941981528653573e-10,2.398707232842412e-09,1.284073847874487e-08,5.538979053199e-09,1.3399759306988302e-08,7.918762534586676e-09
0.009239590144716203,0.00206143402272696,0.001896773596535499,9.963843994795741e-07,1.0019895857674175e-06,9.964254559235997e-07,1.002000230260462e-06,1.0737287681195085e-07,1.2093215932286215e-07,1.072776285582222e-07,1.2081672452787527e-07,5.919159051792633e-10,2.3953351398689196e-09,1.283204564828111e-08,5.54485332968826e-09,1.3388711472828163e-08,7.921330458999074e-09
0.00924145570024848,0.0002723996595438891,0.0024114232784452905,9.96427873358257e-07,1.002069942594283e-06,9.964712960142867e-07,1.0020901299867546e-06,1.0739748465766309e-07,1.210431292975045e-07,1.0730222222073807e-07,1.209276803137982e-07,1.6948373227971559e-09,2.338235438603675e-10,1.5690340004984914e-08,9.310264559303505e-09,1.743660192366853e-08,9.567370007346199e-09
0.009241459338227287,0.00026891090298541975,0.00240717632120766,9.964279581357115e-07,1.0020700386645694e-06,9.964713854060392e-07,1.002090228007909e-06,1.0739753264488172e-07,1.2104324374771237e-07,1.0730227018029836e-07,1.2092779473634774e-07,1.6969881055928226e-09,2.3983628331033746e-10,1.5695913901936365e-08,9.307557265980544e-09,1.7444495625795753e-08,9.570593408737168e-09
0.009243324893759564,-0.00014406605509052837,0.0002293366497507776,9.964302751664669e-07,1.002119303507504e-06,9.964686611719092e-07,1.0021404932558653e-06,1.0740888362042371e-07,1.21101933814316e-07,1.0731362115584036e-07,1.2098647061975498e-07,1.0058095797913268e-09,3.323169073254917e-09,1.841364073056579e-08,7.91925724996645e-09,1.9372180367983462e-08,1.1223553642025763e-08
0.00924332780414261,-0.00014471032491591984,0.0002272357140368486,9.964302787811794e-07,1.0021192776013862e-06,9.964686569219339e-07,1.002140467224767e-06,1.0740890132865388e-07,1.2110189824290864e-07,1.0731363886407053e-07,1.2098643502621232e-07,1.0047312981598111e-09,3.3187355094065725e-09,1.841788055401139e-08,7.916800960727293e-09,1.9375187676473615e-08,1.1216703568730737e-08
0.009245193359674886,-0.0005495974135204745,-0.0011194640785916476,9.964173113550475e-07,1.002102671779893e-06,9.96455381450126e-07,1.0021237812907202e-06,1.0741857426858227e-07,1.2107909697078867e-07,1.0732329762080254e-07,1.2096361956537294e-07,1.1514370735800671e-09,4.768210826178176e-10,1.1032641446324306e-08,6.342319558427789e-09,1.2211349150664657e-08,6.82580658661891e-09
0.009245196997653693,-0.0005503869749257095,-0.0011188703341404266,9.96417286067555e-07,1.002102601426394e-06,9.964553555619204e-07,1.0021236914564343e-06,1.0741859313156965e-07,1.2107899339030812e-07,1.0732331645613158e-07,1.209635159848924e-07,1.1517231612856449e-09,4.803444148212071e-10,1.1018239653992623e-08,6.349262729866729e-09,1.2197379106737571e-08,6.836276697621745e-09
0.00924706255318597,0.00017616140698417117,-0.0008143981795543098,9.9641032582711e-07,1.0020665241520505e-06,9.964445721351556e-07,1.0020776244346052e-06,1.0740264501093317e-07,1.2102587731988024e-07,1.0730736124113537e-07,1.209103999144645e-07,1.5216980109346192e-09,2.2871091687193257e-09,2.1152779920867817e-08,9.909721043754871e-09,2.267906324351047e-08,1.220534961987596e-08
0.009247065463569015,0.00017729486779838322,-0.0008111342630885359,9.964103149687006e-07,1.002066537733004e-06,9.964445553123369e-07,1.0020776357678726e-06,1.0740262013086976e-07,1.2102577255356346e-07,1.0730733635000433e-07,1.2091029510387716e-07,1.5222751947874258e-09,2.2868988772604514e-09,2.116859043610475e-08,9.903199155152835e-09,2.269541532484709e-08,1.219857014154729e-08
0.009248931019101292,0.0023839925529381134,0.0012810361914725732,9.964581774870697e-07,1.002075243124251e-06,9.96491530058734e-07,1.0020849003922194e-06,1.0740324419151031e-07,1.2095861734451319e-07,1.0730795331904668e-07,1.2084311151738802e-07,6.19365101656752e-10,2.152102052122018e-09,1.2465746568289648e-08,5.722668561247701e-09,1.3048722287802617e-08,7.852924532869565e-09
0.009248934657080099,0.0023882957855534404,0.0012844230232943268,9.96458270822714e-07,1.002075399638342e-06,9.964916216631536e-07,1.0020850782906576e-06,1.0740324540847723e-07,1.2095878044573985e-07,1.0730795452218445e-07,1.2084327464627302e-07,6.176043565453426e-10,2.149364829883002e-09,1.2448775343898433e-08,5.7280297534696674e-09,1.3029910483908225e-08,7.855642925829803e-09
0.009250800212612376,0.0011663059864030721,0.0030211903814896246,9.96524548328137e-07,1.002155660064185e-06,9.96574710804121e-07,1.0021763046097476e-06,1.0744786183671696e-07,1.2104241875476873e-07,1.0735257095042417e-07,1.2092692713849829e-07,2.266131641890524e-09,7.457172657154842e-10,1.523165411175397e-08,8.477249124894115e-09,1.7550471078508112e-08,9.249634835839515e-09
0.009250803122995421,0.0011643996060611839,0.003016746839911268,9.965246517251814e-07,1.0021557528945503e-06,9.965748404283659e-07,1.002176409973717e-06,1.0744793144112919e-07,1.2104263448528283e-07,1.073526405548364e-07,1.2092714284687711e-07,2.26870344732788e-09,7.510375921033085e-10,1.5235995576290406e-08,8.47589489214187e-09,1.755752343512995e-08,9.253529687743301e-09
0.009252668678527698,-0.001991791506616862,0.00016843668818466995,9.965091014482433e-07,1.0022152571588078e-06,9.965552108845816e-07,1.002243948278192e-06,1.0747778706950054e-07,1.211809177448231e-07,1.0738247490841318e-07,1.2106541191769793e-07,3.8968505884187936e-10,4.161366806698652e-09,1.9121187922153096e-08,7.607831697953316e-09,1.9460695640834837e-08,1.1750129758070216e-08
0.009252672316506505,-0.0019979463254793384,0.00016320665991259632,9.965090711239903e-07,1.0022151716548407e-06,9.9655517260544e-07,1.0022438473805702e-06,1.0747784529030469e-07,1.2118080337759022e-07,1.0738253308772983e-07,1.2106529746749005e-07,3.8602082641503443e-10,4.15339854861435e-09,1.9128764350284655e-08,7.606409958189207e-09,1.9464406975089332e-08,1.1740789853242125e-08
0.009254537872038782,-0.000679272639345453,-0.002518751838006761,9.964591740905502e-07,1.0021713252205373e-06,9.964842566235604e-07,1.002192107080191e-06,1.0744075623178161e-07,1.2112215586057573e-07,1.0734542984601037e-07,1.2100660740088642e-07,2.0510872488571538e-09,6.72758029840459e-11,9.32432314379771e-09,6.87734180715438e-09,1.1400831680129482e-08,6.951286657397304e-09
0.009254541510017589,-0.00067670112279683,-0.0025138318031188104,9.964590767874428e-07,1.002171233922194e-06,9.96484118331864e-07,1.0021919825070308e-06,1.0744068390522443e-07,1.2112186865638077e-07,1.0734535749179486e-07,1.210063201413748e-07,2.0543342582612922e-09,7.487721122819281e-11,9.305203718668054e-09,6.880669315398671e-09,1.1385107079320278e-08,6.962217357538009e-09
0.009256407065549865,0.002732143663852667,9.162087422076581e-06,9.96497521419921e-07,1.0021244161317646e-06,9.965331545462055e-07,1.0021281013905536e-06,1.0742536718260247e-07,1.2097459034521307e-07,1.0733003367481317e-07,1.2085901346381434e-07,1.087727193017118e-09,3.972879358826731e-09,2.0648102332120854e-08,8.587015543071175e-09,2.1742365901458752e-08,1.2567480389691355e-08
0.009256409975932911,0.002737461674440264,1.365276237031527e-05,9.964975813959467e-07,1.002124500604473e-06,9.965332310457597e-07,1.0021282008720684e-06,1.0742534328755937e-07,1.2097462094639963e-07,1.0733000976870244e-07,1.2085904408712757e-07,1.0862192256766434e-09,3.969202411666852e-09,2.0665797961783028e-08,8.583114971842335e-09,2.1758523871540092e-08,1.2559856668565484e-08
0.009258276259060949,0.0017191064844073619,0.002893298072928374,9.965807239375481e-07,1.0021786687287438e-06,9.96630508965228e-07,1.0021919933933532e-06,1.0747845169662728e-07,1.209942439572842e-07,1.0738311817777035e-07,1.2087868128674017e-07,1.1419784882011005e-09,1.6113600453948607e-09,1.1620388059953442e-08,6.081873671348603e-09,1.2726168486306296e-08,7.671145496601639e-09
0.009258279169443995,0.0017175184061383048,0.0028920797346302816,9.96580853594533e-07,1.0021788143145691e-06,9.966306606656872e-07,1.0021921615174223e-06,1.0747853451675837e-07,1.2099448369302355e-07,1.0738320099790144e-07,1.2087892100040442e-07,1.1420654422167331e-09,1.6118079116912291e-09,1.1606282157572423e-08,6.0844739404317196e-09,1.2712082941845892e-08,7.674273500261398e-09
0.009260148362955078,-0.0008686355290490888,0.0021096019626802077,9.965967208581882e-07,1.0022723168108503e-06,9.966379366233014e-07,1.0023001392008295e-06,1.074955733315619e-07,1.2114845397162162e-07,1.0740022560185025e-07,1.2103287710126043e-07,2.0705346326366225e-09,1.899450040533886e-09,1.5015425347542077e-08,7.75449675906328e-09,1.7140333596898927e-08,9.683233850741712e-09
0.009260149818146601,-0.0008681167355620493,0.0021089927935311614,9.965967052748212e-07,1.002272389603763e-06,9.966379183024175e-07,1.0023002232628642e-06,1.0749556663271213e-07,1.211485738394913e-07,1.0740021889193715e-07,1.2103299695809255e-07,2.069116530354681e-09,1.89967397368207e-09,1.5018723633540882e-08,7.755796893604838e-09,1.7142129064267844e-08,9.684797852571592e-09
0.009262017556466162,-0.000202245294946779,-0.0005101276174986464,9.965767040233147e-07,1.0023022331647247e-06,9.96614403447893e-07,1.0023237472742635e-06,1.0748696865903185e-07,1.211848826396945e-07,1.0739160671846548e-07,1.2106927734765396e-07,2.4898225148284325e-10,4.248270529148112e-09,1.9252073713005302e-08,7.745529997929226e-09,1.944661143227222e-08,1.1970772248502894e-08
0.009262018284061924,-0.00020197756288763418,-0.0005111479215154091,9.965767060846886e-07,1.0023022447905763e-06,9.966144062358536e-07,1.0023237564382725e-06,1.0748697245652183e-07,1.2118489678414335e-07,1.073916105104238e-07,1.2106929148103518e-07,2.497642669650133e-10,4.249185447946502e-09,1.924784002128104e-08,7.745525998359426e-09,1.9443194699435507e-08,1.19716627722255e-08
0.009263886749977246,0.000485558364996308,-0.001511329131257892,9.96581999692836e-07,1.002264448218924e-06,9.966215657186694e-07,1.0022826178227274e-06,1.0749672441079383e-07,1.2110521912717077e-07,1.0740134825937275e-07,1.209895854134165e-07,2.2579800251776305e-09,1.0826943951907643e-10,8.375719673381354e-09,6.1232168458965655e-09,1.0669024774756508e-08,6.236328847561221e-09
0.009263887477573007,0.0004855748137294747,-0.001511718609922122,9.965820070660988e-07,1.0022644335006329e-06,9.966215720911507e-07,1.0022826018030173e-06,1.0749672161453574e-07,1.2110518810004578e-07,1.0740134544928548e-07,1.2098955437522818e-07,2.257278204780063e-09,1.0665693328526515e-10,8.381571631717975e-09,6.122585105572398e-09,1.0674162152239836e-08,6.234095462076539e-09
0.00926575594348833,0.0005278151605015435,9.002851395781926e-06,9.966009416050177e-07,1.0022363668335856e-06,9.966379366233014e-07,1.0022460088908474e-06,1.074895408237353e-07,1.2103933222239828e-07,1.0739412914517743e-07,1.2092369849758068e-07,4.550034238270939e-10,4.797492958852415e-09,2.3409400640161948e-08,7.258333089101126e-09,2.3866947529427307e-08,1.2067454994094428e-08
0.009265756671084091,0.0005283685172973688,9.595032650189239e-06,9.966009596290485e-07,1.0022363559041981e-06,9.966379553424654e-07,1.002245994641271e-06,1.0748954443038274e-07,1.210393065775861e-07,1.0739413274905903e-07,1.209236728527685e-07,4.55417137719614e-10,4.799319608395081e-09,2.340451990682878e-08,7.258775358565117e-09,2.3862464759145865e-08,1.206972655154459e-08
0.009267625136999413,0.0019493887689766565,0.002430273318827019,9.966472453401238e-07,1.0022819616254767e-06,9.966860261556576e-07,1.002289519751088e-06,1.0749880630100961e-07,1.210270899997654e-07,1.0740338751702438e-07,1.2091144206962474e-07,1.5178344137112276e-09,8.147676668547973e-10,1.0870796707251884e-08,7.793322108753193e-09,1.2350710676400922e-08,8.588395182521304e-09
0.009267625864595175,0.0019488983779203113,0.0024312159505583963,9.96647264541106e-07,1.002281979384714e-06,9.966860488576225e-07,1.0022895367001183e-06,1.0749882247007474e-07,1.2102708524253103e-07,1.0740340368332369e-07,1.2091143730685872e-07,1.5178346819539024e-09,8.132160500551322e-10,1.0872858163140882e-08,7.793530265587378e-09,1.2352808517180955e-08,8.587039523888507e-09
0.009269494330510497,0.0006895741452259685,0.0027543137798494203,9.96696572663676e-07,1.0023788715911016e-06,9.967443475034088e-07,1.0024044293529254e-06,1.0754034462934214e-07,1.211549473552802e-07,1.0744491873992956e-07,1.210392994196079e-07,1.5185235291426125e-09,2.980382242761286e-09,1.616667688608686e-08,6.031972990036537e-09,1.774006364030356e-08,9.032735973662524e-09
0.009269495058106259,0.0006885080962482912,0.002754439596761138,9.96696562771782e-07,1.0023789093217116e-06,9.967443360860463e-07,1.0024044740930549e-06,1.0754035012228832e-07,1.2115499714582256e-07,1.0744492422734408e-07,1.2103934921015025e-07,1.518088194575031e-09,2.9812261548300967e-09,1.6167753571992208e-08,6.031287025365373e-09,1.7740663468090155e-08,9.032909531470068e-09
0.00927136352402158,-0.0020491056784268658,-0.0008248768912479886,9.966711603884761e-07,1.0024149365002237e-06,9.967150162992766e-07,1.0024422034310686e-06,1.0755445600807434e-07,1.212565936162572e-07,1.0745901590780704e-07,1.2114093147526185e-07,4.001490250260531e-10,3.262526398600701e-09,1.8932682976924298e-08,8.468446801550046e-09,1.928102122406017e-08,1.1718620288930545e-08
0.009271364251617342,-0.0020482941694435135,-0.000826270706079768,9.966711457387372e-07,1.0024149505294989e-06,9.967149950134187e-07,1.0024422181231785e-06,1.0755444171147877e-07,1.212566331787457e-07,1.0745900160844564e-07,1.2114097103221866e-07,4.0073937576912836e-10,3.2626359391940696e-09,1.8929127099131486e-08,8.469395851307127e-09,1.9278087546884583e-08,1.1719666126452921e-08
0.009273232717532665,3.566089980464038e-05,-0.0026268020843538105,9.966335252093248e-07,1.0023504179407884e-06,9.966603329303325e-07,1.0023622137437758e-06,1.075177280540629e-07,1.2112465152231278e-07,1.0742228084836825e-07,1.2100896096513966e-07,1.9167600839864463e-09,5.061363946788052e-10,9.797632927188715e-09,7.051001447690885e-09,1.1744404559976829e-08,7.557433671299143e-09
0.009273233445128426,3.671817456673007e-05,-0.0026275032258562536,9.966335454907704e-07,1.0023503928112756e-06,9.96660357004151e-07,1.0023621825894224e-06,1.0751772914933313e-07,1.2112460012758675e-07,1.0742228194087265e-07,1.2100890955935029e-07,1.9160688843641474e-09,5.050629914293836e-10,9.80238538356447e-09,7.050449113421564e-09,1.1748454489695002e-08,7.555812864268319e-09
0.009275101911043748,0.002751799763613061,0.0011220435024671175,9.966856282431695e-07,1.0023222910910181e-06,9.96722178570053e-07,1.0023255896772525e-06,1.0752054180329651e-07,1.2100602829611053e-07,1.074250874921745e-07,1.2089033772787407e-07,1.4106825430015846e-10,4.296708421652052e-09,2.2006693356502183e-08,6.50567985763554e-09,2.2148674005961766e-08,1.08097125721401e-08
0.00927510263863951,0.002750975133201578,0.001123503606333287,9.966856528731882e-07,1.0023222801479807e-06,9.967222096358997e-07,1.002325575427676e-06,1.0752056354828284e-07,1.2100598212327895e-07,1.0742510923439499e-07,1.208902915550425e-07,1.4159321347429535e-10,4.298184919093728e-09,2.2002670543365557e-08,6.505467720074876e-09,2.2145165255904688e-08,1.081097966704192e-08
0.009276971104554832,0.0006333242365135217,0.0033114822528810713,9.96748902761322e-07,1.0024051781863892e-06,9.968019867301336e-07,1.0024195212759234e-06,1.0757640467318197e-07,1.2110370511717829e-07,1.074809432566326e-07,1.209880287487375e-07,1.489688372657838e-09,3.938933535588346e-10,1.1672086408509585e-08,8.942930542057267e-09,1.3134695109329186e-08,9.327569611290649e-09
0.009276972559746355,0.000631857513895177,0.0033131862860948935,9.967488937775993e-07,1.0024052427487245e-06,9.968019647804757e-07,1.0024195944424719e-06,1.0757640785389098e-07,1.2110378122542897e-07,1.0748094642627827e-07,1.2098810486804723e-07,1.4891311518514272e-09,3.908526280405056e-10,1.1676720689790614e-08,8.944828877588407e-09,1.3138826030270776e-08,9.326414307508912e-09
0.009278840298065916,-0.001250680966750295,0.0009934687538228444,9.967373631693802e-07,1.0024856460388633e-06,9.967737923943787e-07,1.0025128586722523e-06,1.0758049029391259e-07,1.2123968742872212e-07,1.074850146665085e-07,1.2112398267175762e-07,7.73938246823036e-10,3.0628722454796214e-09,1.762482071399063e-08,6.567230008797085e-09,1.844086305879955e-08,9.640023800020757e-09
0.009278841753257439,-0.0012493317259739912,0.000991661416438916,9.967373519995114e-07,1.0024857086826422e-06,9.967737775310412e-07,1.0025129313362413e-06,1.0758047614388254e-07,1.2123979331590817e-07,1.0748500050541942e-07,1.21124088536817e-07,7.736887078905008e-10,3.0649540683214127e-09,1.7624371807190442e-08,6.565377574929698e-09,1.844009743656036e-08,9.640268139321506e-09
0.00928071021917276,0.0004830934307999968,-0.0010153046700078724,9.96723009888032e-07,1.0024852523139079e-06,9.967546930056415e-07,1.0025020216481409e-06,1.0756230750530449e-07,1.2121773244921564e-07,1.0746681766704569e-07,1.2110199925947837e-07,4.5328071851535867e-10,2.4689810597367023e-09,1.704797547574799e-08,7.424092016639997e-09,1.7457038481438758e-08,9.880319454335199e-09
0.009280710946768522,0.00048331897728879963,-0.0010160861988577352,9.967230211338669e-07,1.0024852521361942e-06,9.967547092466184e-07,1.00250201739982e-06,1.0756231585535711e-07,1.2121772385853546e-07,1.0746682601433248e-07,1.2110199065773486e-07,4.536368292382072e-10,2.468748983019964e-09,1.7046340063731118e-08,7.4244264069989185e-09,1.7455789517615514e-08,9.880412932261606e-09
0.009282579412683845,0.0010625223605345013,-0.0010394673861780555,9.9675190043811e-07,1.002446844647966e-06,9.967964160750853e-07,1.002457583149328e-06,1.0758375879049709e-07,1.2113622792021282e-07,1.0748826184681093e-07,1.2102049471941221e-07,1.36812916551321e-09,7.260254688004652e-10,1.2846602004401575e-08,7.617646323256265e-09,1.424845041952949e-08,8.355619771188032e-09
0.009282580140279606,0.0010620737382179676,-0.0010394764910017784,9.96751907514226e-07,1.002446829691779e-06,9.967964201906462e-07,1.0024575658462709e-06,1.075837627373421e-07,1.2113619618503435e-07,1.0748826578259261e-07,1.2102046298423375e-07,1.3676143502254203e-09,7.253468381485106e-10,1.2849964895440696e-08,7.617721564656676e-09,1.4251281850393665e-08,8.355026004380761e-09
0.009284448606194928,-8.998837064050358e-05,0.0005442441026790798,9.967700789803422e-07,1.0024375994895694e-06,9.968069889509934e-07,1.0024492731655912e-06,1.0759389823533638e-07,1.211115595395221e-07,1.074983728699408e-07,1.209958121389258e-07,4.556869118155227e-11,4.074858598708601e-09,2.1485869083903708e-08,7.241793954992569e-09,2.1522396309592295e-08,1.1310512016465542e-08
0.009284450061386451,-8.913159630871535e-05,0.0005454775299327252,9.967700923761062e-07,1.0024375923009384e-06,9.968070002798492e-07,1.0024492667071172e-06,1.0759389395935713e-07,1.2111154035210348e-07,1.074983685828982e-07,1.2099579294044815e-07,4.651654961779284e-11,4.077467252727729e-09,2.147763082352059e-08,7.241501176480369e-09,2.151509508677665e-08,1.1312813796848786e-08
0.009286317799706012,0.0010105382585414713,0.0024649332888059755,9.96787285839113e-07,1.0024938468291337e-06,9.968215408662218e-07,1.00250220352938e-06,1.0758840573998896e-07,1.211271175232468e-07,1.0749286616373865e-07,1.2101138431138285e-07,1.2630928525325658e-09,2.5929952075263764e-10,1.0903823621788433e-08,7.328714963902788e-09,1.2143975602896262e-08,7.585649005611004e-09
0.009286319254897535,0.0010107127141281262,0.0024664287743991764,9.96787318511829e-07,1.0024938906581389e-06,9.968215820058167e-07,1.0025022447734955e-06,1.0758842921831158e-07,1.2112712965972605e-07,1.0749288963653175e-07,1.2101139645892545e-07,1.2624076161426702e-09,2.5632471145620173e-10,1.0910744758690247e-08,7.3287829138735106e-09,1.2150266124134626e-08,7.582745098488886e-09
0.009288187720812857,0.0012347136873930853,0.0020934195777330563,9.96829270279152e-07,1.0025790871563896e-06,9.968744052457623e-07,1.0026027048180862e-06,1.0761857538454933e-07,1.2123138252557054e-07,1.0752302870287167e-07,1.2111564932476994e-07,3.825640915167128e-10,3.4404123869565604e-09,1.9797484540617916e-08,8.135801521516436e-09,2.022729539419288e-08,1.1590795640784814e-08
0.009288188448408619,0.0012337806602388882,0.0020932743249306163,9.968292708065179e-07,1.0025791203325962e-06,9.968744044934554e-07,1.0026027439380414e-06,1.076185845698838e-07,1.2123142312248092e-07,1.0752303787437698e-07,1.2111568992168031e-07,3.8267189935834247e-10,3.4416522964875185e-09,1.979568249747884e-08,8.136115781098852e-09,2.022556097431039e-08,1.1592356408129945e-08
0.009290056914323941,-0.0011622330717395712,-0.001084540998101229,9.968306250821166e-07,1.0025979219276854e-06,9.96872472569521e-07,1.002624668422578e-06,1.0764217250880392e-07,1.2131738868555364e-07,1.0754659029998948e-07,1.2120161288536598e-07,6.595224366634511e-10,2.3216904487119365e-09,1.5168035716328632e-08,6.880238370212962e-09,1.577157071608326e-08,9.178584614015954e-09
0.009290058369515464,-0.001161353036495452,-0.0010870159321534345,9.96830607712647e-07,1.0025979365706722e-06,9.968724466471526e-07,1.0026246854977217e-06,1.0764214703432623e-07,1.2131745563692675e-07,1.0754656481445275e-07,1.21201679803562e-07,6.597625154374327e-10,2.3208182042822045e-09,1.51674389578883e-08,6.8792602725409324e-09,1.5771293632063893e-08,9.176704729441099e-09
0.009291926835430786,-3.138778304645484e-05,-0.002376159739264512,9.968083053138173e-07,1.0025332189339084e-06,9.968391623260686e-07,1.002540476342697e-06,1.0760943780496746e-07,1.2119189478651123e-07,1.0751384138529829e-07,1.2107609054250038e-07,9.680236612297222e-10,9.758334698229855e-10,1.4401201120506357e-08,7.766821730113289e-09,1.5415517751193875e-08,8.766452336335597e-09
0.009291927563026547,-3.042679750823387e-05,-0.0023766617423046643,9.968083228197443e-07,1.0025331937323364e-06,9.968391822400728e-07,1.00254044355097e-06,1.0760944160522327e-07,1.2119184589209908e-07,1.0751384518278828e-07,1.210760416370249e-07,9.67683885689507e-10,9.753097218734297e-10,1.4403486051627878e-08,7.76716735373384e-09,1.5417436221420638e-08,8.766292580730806e-09
0.00929379602894187,0.002437384064643222,0.0013199934688956569,9.968532780401899e-07,1.002513504039223e-06,9.968903214030433e-07,1.002517951074606e-06,1.076192006621568e-07,1.2108030649699893e-07,1.0752359713706028e-07,1.2096450224192475e-07,9.514029841728444e-11,4.097535392614298e-09,2.027118917169446e-08,7.912560836719798e-09,2.0344067763744533e-08,1.1994877050801026e-08
0.009293797484133393,0.002435672332892609,0.001322872483857651,9.96853316969369e-07,1.002513488704571e-06,9.96890370328196e-07,1.002517933557101e-06,1.07619238660987e-07,1.2108021962831117e-07,1.0752363513036095e-07,1.20964415373237e-07,9.598616510353344e-11,4.099967032544782e-09,2.026437345984309e-08,7.912674071519632e-09,2.033810967421047e-08,1.1997391524687373e-08
0.009295665950048715,0.00023780876510581805,0.0034463577980717638,9.96903302035562e-07,1.0026026155972012e-06,9.969531902243034e-07,1.0026183936016918e-06,1.0766802915895823e-07,1.211987630491413e-07,1.0757241852843435e-07,1.2108297299939017e-07,1.1820789902472484e-09,1.5936386348355368e-10,1.1512999442686578e-08,6.925941258506627e-09,1.268792271247321e-08,7.085921945134794e-09
0.009295666677644476,0.00023719699071981354,0.003447184700452688,9.969032940564368e-07,1.0026026503039351e-06,9.969531777054804e-07,1.002618432721647e-06,1.0766802850094589e-07,1.2119880921090953e-07,1.075724178648925e-07,1.2108301916669006e-07,1.1816806753275067e-09,1.5782936069186349e-10,1.1516389316628008e-08,6.925557016757011e-09,1.2690928798644376e-08,7.084009379099143e-09
0.00929753587115556,-0.0013344514069257851,0.0009088379593095758,9.96882795683336e-07,1.0026840543279296e-06,9.969210168492282e-07,1.0027095740881286e-06,1.0766633806724712e-07,1.213254638903905e-07,1.0757071322586853e-07,1.2120965964084582e-07,1.5840964651125944e-10,3.4586658981909555e-09,2.0224975472160622e-08,8.168868338703934e-09,2.041356417237239e-08,1.1640306620370001e-08
0.009297536598751321,-0.0013335765943094358,0.0009078498912904465,9.96882792616453e-07,1.0026840860149766e-06,9.96921010476747e-07,1.0027096095654997e-06,1.0766633116095981e-07,1.2132551319155027e-07,1.0757070631681539e-07,1.212097089364761e-07,1.5859670324138388e-10,3.4599507703347854e-09,2.0222624942372945e-08,8.16935230574245e-09,2.0411372822204588e-08,1.1642080188778436e-08
0.009299405064666644,0.0009129422044755753,-0.0011434588097044215,9.968749168606753e-07,1.0026796538921721e-06,9.969046459445963e-07,1.0027005216962618e-06,1.076485958151352e-07,1.213019841301014e-07,1.0755296386832924e-07,1.2118615147543584e-07,6.389583862009829e-10,1.903971993123502e-09,1.4186464447618619e-08,7.26010255735697e-09,1.4783985591293458e-08,9.144051244509989e-09
0.009299406519858167,0.0009133060956160379,-0.0011450564021506793,9.968749502352675e-07,1.0026796504403631e-06,9.969046915078036e-07,1.002700514618482e-06,1.0764861290133795e-07,1.2130196580528718e-07,1.0755298094900248e-07,1.2118613312850357e-07,6.390289659298148e-10,1.902760171645923e-09,1.4187757631941755e-08,7.259394418923648e-09,1.4785410226713899e-08,9.14210573910168e-09
0.009301274985773489,0.0013805423199699796,-0.0011148007258177715,9.9691780321188e-07,1.0026374260003312e-06,9.96963194666023e-07,1.0026475571741614e-06,1.0767055158567018e-07,1.2122272851332906e-07,1.0757491253343687e-07,1.2110688163122242e-07,7.296533377498804e-10,1.1092646986068146e-09,1.5848206302848666e-08,7.510569833632451e-09,1.6614642106560495e-08,8.63698220819177e-09
0.00930127571336925,0.0013799366482297496,-0.001114788944012346,9.969178119758311e-07,1.0026374095577922e-06,9.969632024515807e-07,1.0026475365521037e-06,1.0767056054901473e-07,1.2122269765768579e-07,1.0757492149678142e-07,1.2110685077004746e-07,7.294104710903258e-10,1.108955705042547e-09,1.5849108736359205e-08,7.510667643373381e-09,1.6615278339520458e-08,8.636785508997491e-09
0.009303144906880334,-0.00017603405242105907,0.0006290147378545028,9.969403265662086e-07,1.0026283421856938e-06,9.96983203549462e-07,1.0026388997143822e-06,1.0769358738116352e-07,1.211702658023735e-07,1.0759794832893022e-07,1.2105441891473518e-07,1.0548602269455642e-10,3.816458615153831e-09,1.816746042493378e-08,6.9061542585847164e-09,1.8249760813660032e-08,1.0711474142253601e-08
0.009303145634476095,-0.00017580441417312678,0.000629693524807351,9.969403282969593e-07,1.00262833865616e-06,9.969832016908215e-07,1.0026388963524369e-06,1.0769358331262182e-07,1.2117024539293197e-07,1.0759794425762268e-07,1.2105439850529365e-07,1.0582038618923546e-10,3.817512528314637e-09,1.8165276858514108e-08,6.905918947808232e-09,1.8247921395461373e-08,1.0712281728331163e-08
0.009305014100391418,0.0004139066065169672,0.0027773182947028467,9.969447728645544e-07,1.0026920287627922e-06,9.969784287022776e-07,1.0027048970027774e-06,1.076831352975205e-07,1.2121656512645413e-07,1.0758748913985983e-07,1.211007324386115e-07,9.644658405250084e-10,1.0794450823896884e-10,1.2557878292795976e-08,8.143045528493009e-09,1.3524295461309066e-08,8.256933819940786e-09
0.00930501555558294,0.00041429456880690864,0.0027789908996638246,9.96944792165411e-07,1.002692078365679e-06,9.969784570133967e-07,1.0027049484051531e-06,1.0768315162065011e-07,1.2121660120101296e-07,1.0758750546298944e-07,1.2110076852422935e-07,9.63861052353455e-10,1.0505543657224337e-10,1.2562612202212626e-08,8.144009022714727e-09,1.3528434587704782e-08,8.255021555214626e-09
0.009306884021498263,0.0009124381490916988,0.001650332443755792,9.96969574465089e-07,1.002774822338488e-06,9.970148084903485e-07,1.0027994622452278e-06,1.0770411051908013e-07,1.2134048021856276e-07,1.0760846436141946e-07,1.2122461914218776e-07,1.8731304007868488e-10,3.5795300861960666e-09,1.8640951893189595e-08,7.616232791695302e-09,1.8843072879803913e-08,1.1196752402717477e-08
0.009306885476689786,0.0009112590802000145,0.001649453426266767,9.969695789728761e-07,1.0027748867808345e-06,9.970148105252103e-07,1.0027995358541375e-06,1.0770412810846879e-07,1.2134057669754839e-07,1.0760848193974909e-07,1.2122471559905534e-07,1.87577351619346e-10,3.5822360633375183e-09,1.8637176125769298e-08,7.615821751016938e-09,1.8839531132536636e-08,1.1199043470355718e-08
0.009308753942605108,-0.0006026653767227108,-0.001480198262486205,9.969753669715427e-07,1.0027780264846666e-06,9.970174232876161e-07,1.0028063544092003e-06,1.0772671288350466e-07,1.2138334892524396e-07,1.0763105251498928e-07,1.2126747362142786e-07,5.269533698282203e-10,1.6858167801477382e-09,1.3789090758109523e-08,6.7667766951384315e-09,1.4291927641352231e-08,8.446400782026896e-09
0.00930875467020087,-0.0006022921672605781,-0.0014814169742030092,9.969753651803298e-07,1.0027780277072928e-06,9.970174174484477e-07,1.0028063570644008e-06,1.0772670192953455e-07,1.2138336558109586e-07,1.0763104156101917e-07,1.212674902717481e-07,5.270091657494974e-10,1.6850782991184587e-09,1.3790213753623656e-08,6.766446070116672e-09,1.4293125539682696e-08,8.445328880668512e-09
0.009310623863711953,0.0003564829409583581,-0.0018126164796956894,9.96970763554215e-07,1.002716453437926e-06,9.970024166250369e-07,1.0027252162468599e-06,1.0769856118031385e-07,1.2125844395128926e-07,1.0760290081179846e-07,1.211425544366163e-07,6.703488875103858e-10,1.149947162957563e-09,1.6675189229431453e-08,9.980364495413971e-09,1.7370526350646287e-08,1.114318115895132e-08
0.009310624591307715,0.000357156207201945,-0.0018127454012626387,9.969707813312722e-07,1.0027164294697403e-06,9.970024383449735e-07,1.0027251846622676e-06,1.0769856846821521e-07,1.2125839532473037e-07,1.0760290809693507e-07,1.211425058045279e-07,6.701270955891973e-10,1.1497388596737323e-09,1.6674885924449805e-08,9.981615534115917e-09,1.7369984243863132e-08,1.1144231315540765e-08
0.009312493784818798,0.002086777186976807,0.0012059558332472822,9.970164505910423e-07,1.002705109362451e-06,9.970582368623582e-07,1.0027130249038966e-06,1.0771729108682848e-07,1.211720979741419e-07,1.0762162361288574e-07,1.2105620845393942e-07,1.003436500557342e-10,3.0738942166836226e-09,1.5895695426593193e-08,6.048483713537407e-09,1.5977311917936277e-08,9.101890871262956e-09
0.00931249451241456,0.00208588919884651,0.001207130882384888,9.970164643529696e-07,1.0027051049560256e-06,9.970582530085432e-07,1.0027130201706314e-06,1.077173089665167e-07,1.2117206438233552e-07,1.0762164148980921e-07,1.2105617486213305e-07,1.0064662973555721e-10,3.0746432067019214e-09,1.5895324805290414e-08,6.0469527163320436e-09,1.5977255029590103e-08,9.101095876928866e-09
0.009314363705925643,-0.000195352307886143,0.0028349958469081286,9.970518187440766e-07,1.0027806719708357e-06,9.970997325581266e-07,1.0028012068294713e-06,1.0776324188555009e-07,1.2129036633059902e-07,1.0766756730617999e-07,1.2117447681039655e-07,8.790014272008762e-10,8.404252328111375e-11,1.4943198678452063e-08,8.977451376324498e-09,1.583110886826944e-08,9.0836739334042e-09
0.009314364433521405,-0.00019570563140938415,0.002835629503959325,9.970518092944553e-07,1.002780701385789e-06,9.970997182256225e-07,1.0028012411567033e-06,1.0776323723799235e-07,1.2129041238040372e-07,1.0766756265862225e-07,1.2117452286020125e-07,8.78760185943469e-10,8.287841246623628e-11,1.4944314253356457e-08,8.978592092034887e-09,1.5831981698827807e-08,9.08366715179909e-09
0.009316233627032489,-0.001103393762615923,0.0006489274282476111,9.970275332171799e-07,1.002845818587504e-06,9.970628980227048e-07,1.002868858504654e-06,1.0775129766216196e-07,1.2140162587139256e-07,1.0765562308279186e-07,1.2128570794053968e-07,2.5901139566464337e-10,2.682805795951001e-09,1.781022618274619e-08,8.758440625587657e-09,1.8074283403279878e-08,1.1423594065853607e-08
0.00931623435462825,-0.0011023342638036226,0.0006480762402072404,9.970275369724793e-07,1.0028458439347994e-06,9.970629006768721e-07,1.0028688848251477e-06,1.0775129058991169e-07,1.2140166916196904e-07,1.0765561600777684e-07,1.2128575122005714e-07,2.591055515949937e-10,2.6838178346366703e-09,1.780881558261835e-08,8.758354930193946e-09,1.8072958079339358e-08,1.1424504897661336e-08
0.009318103548139334,0.0016195181849960605,-0.0010831564601469178,9.970371843366915e-07,1.0028376988471845e-06,9.97069719232968e-07,1.002858656991004e-06,1.0773312197898122e-07,1.2136848552230242e-07,1.0763744029418376e-07,1.2125256758039052e-07,5.009921366649905e-10,6.6228164400941e-10,1.4184983854192978e-08,6.092544982481234e-09,1.466820087614451e-08,6.760122888276891e-09
0.009318104275735095,0.0016194382112258987,-0.0010838303537632488,9.970372064083364e-07,1.002837695676656e-06,9.970697466593646e-07,1.0028586530097527e-06,1.0773313370431873e-07,1.2136847260535433e-07,1.0763745201122701e-07,1.2125255466344242e-07,5.010469654178557e-10,6.614947478666977e-10,1.418613865548e-08,6.091507298577881e-09,1.466942722867031e-08,6.75830724716775e-09
0.009319973469246179,0.0014139855956801783,-0.0004458748935399075,9.970939084641633e-07,1.0028091071671718e-06,9.971402050723555e-07,1.0028205827382175e-06,1.077632560964048e-07,1.212965936598436e-07,1.0766755309532527e-07,1.211806615126065e-07,6.41902031528474e-10,1.2248096931403073e-09,1.715282316183675e-08,1.1205414160409895e-08,1.7819926867446156e-08,1.2440579824235608e-08
0.00931997419684194,0.0014131750954491317,-0.0004456265652175162,9.97093913884647e-07,1.002809096038908e-06,9.971402093190233e-07,1.002820567919116e-06,1.0776326596382512e-07,1.212965656804954e-07,1.0766756295721609e-07,1.211806335277288e-07,6.417810783782548e-10,1.2250289671555947e-09,1.7152433198980106e-08,1.1207404781998775e-08,1.781939700577497e-08,1.2442791685884913e-08
0.009321843390353024,-0.000668999998109876,0.0009324697273707259,9.971078391070954e-07,1.0028182061066744e-06,9.971511190087767e-07,1.0028296593272438e-06,1.0778861536664408e-07,1.2126453267216997e-07,1.0769289815470984e-07,1.2114861472472856e-07,3.3105243546494023e-10,1.4041141701995881e-09,1.6150618620258683e-08,6.098053390391755e-09,1.645818237250296e-08,7.477603480983955e-09
0.009321844117948785,-0.0006686640161127059,0.0009330061603378681,9.971078356544624e-07,1.0028182096528276e-06,9.971511113559274e-07,1.0028296628661337e-06,1.0778861134115683e-07,1.2126452020311262e-07,1.0769289412645783e-07,1.2114860226120072e-07,3.311506303823342e-10,1.4041838802825168e-09,1.6150179148194237e-08,6.096064542049362e-09,1.6457855543580195e-08,7.475670749101937e-09
0.00932371331145987,0.00019447373461722872,0.002026663989309491,9.970989658403368e-07,1.0028735395726224e-06,9.971314511858509e-07,1.0028925072248174e-06,1.0777826986441141e-07,1.2133512066935538e-07,1.0768254554704981e-07,1.2121920272744348e-07,5.83413373167474e-10,3.607875957134045e-10,1.5021175414631216e-08,9.502240058182122e-09,1.5618232040992552e-08,9.894206381480563e-09
0.00932371403905563,0.00019479362019035257,0.002027089702750118,9.9709897465191e-07,1.0028735611101544e-06,9.971314631296043e-07,1.0028925316873938e-06,1.0777827423272862e-07,1.2133514815104718e-07,1.07682549904308e-07,1.2121923020913528e-07,5.834111589637293e-10,3.6038144690664353e-10,1.5022130228550455e-08,9.5035659342102e-09,1.5619179084560202e-08,9.895147812244431e-09
0.009325583232566714,0.00101657965754548,0.0006727562423320317,9.97121611583332e-07,1.0029240067472235e-06,9.971621466320357e-07,1.0029449005497413e-06,1.0778949643963642e-07,1.214306418059513e-07,1.0769374370056539e-07,1.2131469546443944e-07,5.777228695436065e-10,1.8717640603543766e-09,1.7475047187076598e-08,8.801980441539446e-09,1.8052134009849397e-08,1.0643450646868293e-08
0.009325584687758237,0.0010158715872595656,0.0006717018760724613,9.971216279293382e-07,1.0029240460198097e-06,9.971621636187072e-07,1.0029449413195834e-06,1.0778950710054221e-07,1.214307161490069e-07,1.0769375436147118e-07,1.2131476978538558e-07,5.775465099033557e-10,1.872940691427516e-09,1.7472814131658547e-08,8.80143424808466e-09,1.8049716186363658e-08,1.0644033210382986e-08
0.00932745315367356,0.00010670934014544997,-0.0011514200632237322,9.971426162013907e-07,1.0029150561190773e-06,9.971839745048783e-07,1.0029352854585182e-06,1.0780319570358188e-07,1.2140845086937393e-07,1.0770744296451085e-07,1.212925045057526e-07,3.5110073182131885e-10,1.246354440319867e-10,1.4605570974879356e-08,6.0601210918444135e-09,1.4945230830676337e-08,6.204039764586708e-09
0.009327454608865082,0.000107160803036107,-0.0011528399401234957,9.971426277523259e-07,1.002915049117597e-06,9.971839797227105e-07,1.0029352779383771e-06,1.078031894631871e-07,1.2140843352881348e-07,1.0770743671306134e-07,1.2129248716519214e-07,3.51465403876351e-10,1.2327383558385918e-10,1.4607456350006045e-08,6.057986112750768e-09,1.4947504915654746e-08,6.200581825765994e-09
0.009329323802376166,0.0006870648860850537,-0.00010287578736897329,9.971574649286554e-07,1.0028915850001957e-06,9.971906820283039e-07,1.0029009578726946e-06,1.0779517367609515e-07,1.2132314475631418e-07,1.076994067261694e-07,1.2120716998204244e-07,8.198866585651388e-10,1.4967694164074658e-09,1.7029220700237602e-08,1.2271025128832794e-08,1.7868567070422614e-08,1.376973176812561e-08
0.009329324529971927,0.0006872222987398795,-0.00010246708197669818,9.97157477870258e-07,1.002891575866635e-06,9.971906988822669e-07,1.0029009445133852e-06,1.0779518365410578e-07,1.213231115571034e-07,1.0769941669865051e-07,1.2120713677177264e-07,8.196976458599541e-10,1.4973040585175568e-09,1.7028493931829932e-08,1.227344359477911e-08,1.786763429024008e-08,1.3772678109091885e-08
0.009331193723483011,0.0010916154089875008,0.0017293258233076253,9.971907248469162e-07,1.00292199833271e-06,9.972339967134758e-07,1.0029321962288245e-06,1.0782081716342873e-07,1.2131411958625197e-07,1.0772503600264827e-07,1.211981590062464e-07,3.341240062404438e-10,5.514015842927942e-10,1.5161425892529223e-08,5.131272434193e-09,1.5471322001303633e-08,5.655405927738893e-09
0.009331194451078773,0.0010908473492355006,0.0017300388606393824,9.971907263698997e-07,1.0029220101748532e-06,9.972339987925736e-07,1.0029322083937586e-06,1.07820827191205e-07,1.2131411608606868e-07,1.0772504603042454e-07,1.2119815551159263e-07,3.3423211828980427e-10,5.510333855873739e-10,1.5161650868468527e-08,5.128492297501452e-09,1.5471672829705845e-08,5.652246226617308e-09
0.009333063644589856,-0.0008822981536528163,0.001584470014364704,9.97194638914454e-07,1.0029839626413634e-06,9.972393399948487e-07,1.0030070697392835e-06,1.0784658854845475e-07,1.2141837101756403e-07,1.0775080738767429e-07,1.21302396243288e-07,6.119719730968143e-10,8.13100012943064e-10,1.573961405654245e-08,9.050236544452345e-09,1.6372950994991697e-08,9.903795471780895e-09
0.009333065099781379,-0.0008820376723413429,0.001584356687119648,9.9719461812026e-07,1.0029840108721665e-06,9.972393080548912e-07,1.0030071280198172e-06,1.0784656878450314e-07,1.214184521813877e-07,1.077507876016647e-07,1.2130247739605693e-07,6.119979554174942e-10,8.133040352298337e-10,1.5740570918002692e-08,9.053289673488507e-09,1.6373910441371673e-08,9.907105358308854e-09
0.009334935020888224,-0.000547319187097988,-0.0003377195038517522,9.971678975808457e-07,1.0030073220039822e-06,9.971982652094873e-07,1.0030257726612035e-06,1.0782117210668413e-07,1.2147465611178632e-07,1.0772536257933919e-07,1.2135866711560084e-07,6.453852374911738e-10,1.3624027461744959e-09,1.6970137894414375e-08,1.0688771645561701e-08,1.760679903963817e-08,1.2019720330158634e-08
0.009334938658867031,-0.0005466679838193045,-0.0003388022200557574,9.971678455953605e-07,1.0030072771857154e-06,9.971981853595935e-07,1.0030257160389653e-06,1.078211226968051e-07,1.2147451499855195e-07,1.0772531311431521e-07,1.2135852594707132e-07,6.454501932928736e-10,1.3600201684412484e-09,1.6972530048064982e-08,1.0678628395724583e-08,1.7609197655588105e-08,1.2007274749924282e-08
0.00933680494199507,0.0020472168100591323,-0.0008942356327104051,9.971959444499118e-07,1.0029842854148567e-06,9.97231771194096e-07,1.0029966688307468e-06,1.0781736414691355e-07,1.2140212390931993e-07,1.0772154747282009e-07,1.2128610649142502e-07,1.660145775714196e-10,1.3775779128533117e-10,1.5296456138052887e-08,5.475141229283054e-09,1.5457449117484838e-08,5.622692089701786e-09
0.009336808579973876,0.0020522731157002205,-0.0008909268770321767,9.971959992235074e-07,1.0029842822458461e-06,9.97231836663559e-07,1.0029966617557199e-06,1.0781735682030558e-07,1.2140203751660923e-07,1.0772154013238833e-07,1.2128602009871432e-07,1.6508000522108546e-10,1.404913776071082e-10,1.5293188937448576e-08,5.486013275879818e-09,1.5453254675890093e-08,5.6362989338635e-09
0.009338675590697676,0.0008908112766425626,0.0008071265370346303,9.972509046709873e-07,1.0029826559096884e-06,9.972987814520072e-07,1.0029930308519397e-06,1.0786070782579113e-07,1.213577007774802e-07,1.0776488404626494e-07,1.212416833595853e-07,9.084382448284429e-10,1.5433678779430693e-09,1.6394225050761662e-08,1.106554758933953e-08,1.731440843986124e-08,1.2619331357655028e-08
0.009338679228676483,0.0008885481008065188,0.0008086600691539787,9.9725101165744e-07,1.002982743311714e-06,9.972989118978148e-07,1.0029931202089095e-06,1.0786079229774259e-07,1.213577706152604e-07,1.0776496850439798e-07,1.2124175319736548e-07,9.098867215229234e-10,1.5406721791934604e-09,1.639637048356235e-08,1.10591917621045e-08,1.731803500604201e-08,1.2610219877386094e-08
0.009340545511804521,-0.0012031610700457829,0.001595362046379667,9.9724506399274e-07,1.0030275805507993e-06,9.972846152250198e-07,1.0030389603343792e-06,1.0786899728307189e-07,1.213935973964908e-07,1.0777316639812371e-07,1.212775799785959e-07,9.618116916830992e-11,1.5777872064415277e-10,1.6118587053063214e-08,7.798652390533789e-09,1.620321010438782e-08,7.936030499422486e-09
0.009340549149783328,-0.0012072384758369178,0.001594149791510585,9.972450523988516e-07,1.0030276739516357e-06,9.97284587356262e-07,1.0030390702183901e-06,1.0786901327719534e-07,1.2139371767194728e-07,1.0777318237842337e-07,1.2127770025405237e-07,9.459499850095199e-11,1.5985901466603238e-10,1.61180455648946e-08,7.800126486887651e-09,1.620103695643138e-08,7.939670115365918e-09
0.009342416160507128,0.0005642898596827245,0.0009720205926977421,9.972331129270649e-07,1.0030756072608282e-06,9.972646173854705e-07,1.0030954626927269e-06,1.078467172586698e-07,1.2145544303621136e-07,1.0775087217667994e-07,1.2133942561831645e-07,6.135832077526017e-10,1.227465906694647e-09,1.585646270441827e-08,8.556632735690073e-09,1.6475884671440798e-08,9.807521017535237e-09
0.009342419798485935,0.0005677417855118744,0.0009696990442802177,9.972330896623108e-07,1.0030756345735107e-06,9.97264578472823e-07,1.0030954850319694e-06,1.0784667381358304e-07,1.2145551992412375e-07,1.0775082870395636e-07,1.2133950247858126e-07,6.145944864144326e-10,1.2265350128760678e-09,1.585595299502529e-08,8.559103140029446e-09,1.6476420228173083e-08,9.808969664185345e-09
0.009344286081613973,0.0015172293962752597,-0.00022125529390981669,9.97272035669859e-07,1.003089645979613e-06,9.973137091023487e-07,1.0031069450633368e-06,1.0786489923475528e-07,1.2149496342317434e-07,1.0776904703352504e-07,1.2137893179442472e-07,5.704296968846422e-10,7.489864839449467e-10,1.5899915618450214e-08,9.826420566128036e-09,1.647143660376499e-08,1.0552125395690837e-08
0.00934428971959278,0.0015190802493176836,-0.00022260566295738814,9.972721115880023e-07,1.0030896046205107e-06,9.973138048735564e-07,1.0031068924428246e-06,1.0786493476189207e-07,1.214948728849401e-07,1.0776908254683804e-07,1.2137884120091682e-07,5.703436056769817e-10,7.485412761994337e-10,1.59000013155719e-08,9.818642087113243e-09,1.647142688909753e-08,1.0543970841689169e-08
0.00934615673031658,-4.948143844967336e-05,-0.0009156150581710598,9.972994920914563e-07,1.0030683791291216e-06,9.973436463640002e-07,1.003079887595959e-06,1.078842097550067e-07,1.2144840866312734e-07,1.0778835753995266e-07,1.2133234861266828e-07,2.245553684008048e-10,5.200606612021375e-10,1.69573495719745e-08,5.826726656721348e-09,1.7178189046949766e-08,6.359053728033359e-09
0.009346160368295386,-5.253787198000737e-05,-0.0009120716246218239,9.972995454439572e-07,1.00306837876877e-06,9.973437045118771e-07,1.003079882951166e-06,1.0788424731345003e-07,1.2144828640554066e-07,1.07788395098396e-07,1.2133222632743402e-07,2.238815799415761e-10,5.221430555542062e-10,1.6959409876449172e-08,5.836981385045954e-09,1.717956621405392e-08,6.371379095737768e-09
0.009348026651423424,0.00017260438578153652,0.000905709786136244,9.973017944156743e-07,1.0030681939083491e-06,9.973373504350795e-07,1.0030775001723669e-06,1.0787692168696329e-07,1.2138556826357672e-07,1.0778106238030569e-07,1.2126949400226295e-07,9.53106853492583e-10,1.590411358165511e-09,1.5423794039624943e-08,1.109765701556853e-08,1.638182109117541e-08,1.2694292728099299e-08
0.009348030289402232,0.00017304325957834266,0.0009084677471954467,9.973017987996348e-07,1.003068311399172e-06,9.973373380489647e-07,1.0030776228798638e-06,1.0787690740698963e-07,1.2138565855307954e-07,1.0778104808650824e-07,1.212695843194026e-07,9.54528345253891e-10,1.5874019966655102e-09,1.542080063643425e-08,1.1089616008320433e-08,1.6380266032456348e-08,1.2683185848821121e-08
0.009349897300126031,0.0007819175647434396,0.0023238533627782942,9.973196501713513e-07,1.0031286076894942e-06,9.973610523892793e-07,1.0031405963673024e-06,1.0789288480194447e-07,1.2143199512593128e-07,1.0779701838985414e-07,1.2131593507547223e-07,1.491861054179114e-10,4.29976748650418e-11,1.6674398532997933e-08,6.962971088597669e-09,1.6817543504564416e-08,6.983135403260121e-09
0.009349900938104838,0.0007831039916825766,0.002320630062866107,9.973196849557856e-07,1.003128716475462e-06,9.973610985980486e-07,1.0031407290240558e-06,1.078929159348263e-07,1.2143219151320006e-07,1.0779704950891755e-07,1.2131613140746737e-07,1.476168492997587e-10,4.725071674737013e-11,1.6676841241292095e-08,6.963444672343897e-09,1.6818395565110222e-08,6.987963372392257e-09
0.009351767948828638,-0.0005006563395512711,0.0006664325479315281,9.973249115808111e-07,1.0031845454340872e-06,9.973696085287834e-07,1.0032088084699353e-06,1.0791381490638952e-07,1.215329774595375e-07,1.0781792720565393e-07,1.2141688898736902e-07,6.935620509073589e-10,2.229911810758267e-09,1.5956902874018597e-08,7.206487850908161e-09,1.6654902066669703e-08,9.465677131004213e-09
0.009351771586807445,-0.0005031578211008303,0.000662767249937788,9.973249217651935e-07,1.003184525385256e-06,9.973696251108777e-07,1.003208776177565e-06,1.0791385562924916e-07,1.215329856155728e-07,1.0781796788705833e-07,1.2141689711575674e-07,6.946258568341079e-10,2.226578850823419e-09,1.595550003230528e-08,7.2136728670008455e-09,1.665458349009441e-08,9.469429249378105e-09
0.009353637869935483,-0.00016897645011297173,-0.0012175306208508374,9.973123899941394e-07,1.0031742403349021e-06,9.973453434602576e-07,1.003192210191628e-06,1.0789673649823367e-07,1.215371696616785e-07,1.0780082748123214e-07,1.214210669786553e-07,4.838742577823577e-10,5.167704042463583e-10,1.5789685930556573e-08,1.0899586122548044e-08,1.6269043143364812e-08,1.1394265975184226e-08
0.00935364150791429,-0.00016832502443853148,-0.0012166128990206222,9.973123655657359e-07,1.0031741689152416e-06,9.973452961276053e-07,1.0031921162264275e-06,1.0789670312760791e-07,1.2153697965851596e-07,1.0780079406913501e-07,1.2142087694785595e-07,4.834634359518475e-10,5.185339628613742e-10,1.5789362706186694e-08,1.0888722778096122e-08,1.6268291602727913e-08,1.1385227330421804e-08
0.00935550851863809,0.0018021190657142479,-0.0007456380557542275,9.973429403600297e-07,1.0031375163455233e-06,9.973797897135175e-07,1.0031438932855963e-06,1.0789497277502513e-07,1.2143947003551148e-07,1.0779903535011646e-07,1.2132335314163356e-07,2.902185880655643e-10,1.4235922440875015e-09,1.6102203716123134e-08,5.313654405370016e-09,1.639742625582612e-08,6.746594838347164e-09
0.009355512156616896,0.0018059585904417474,-0.0007410926310438498,9.973429999367917e-07,1.0031375473205767e-06,9.973798569262726e-07,1.003143934534022e-06,1.0789496940333265e-07,1.2143942026719024e-07,1.0779903192315032e-07,1.2132330337331232e-07,2.8984203925830343e-10,1.4246205602684685e-09,1.6102813304996744e-08,5.323360282656737e-09,1.639767788219615e-08,6.75732087057703e-09
0.009357382805319503,0.0008256473390069047,0.0015961647550323524,9.973922280389688e-07,1.0031534746930277e-06,9.974406793844537e-07,1.003165144474565e-06,1.079346461096975e-07,1.2141382939641477e-07,1.078386873132331e-07,1.2129771250253686e-07,8.507294868564941e-10,1.9533807405216744e-09,1.6519575041229473e-08,1.0314122383488754e-08,1.736880150815523e-08,1.2272646643174242e-08
0.009357383532915264,0.0008248606713862055,0.0015970738399744278,9.973922253379312e-07,1.0031534808880385e-06,9.974406736359943e-07,1.0031651527242502e-06,1.0793465036024098e-07,1.2141381944275054e-07,1.0783869155272184e-07,1.2129770254887262e-07,8.504490926258199e-10,1.9535864037578676e-09,1.651920407836405e-08,1.0316063558946098e-08,1.7368148441721592e-08,1.2274791849620215e-08
0.00935925345402211,-0.0011968751138108028,0.002346382728333375,9.973852836714158e-07,1.003227225866688e-06,9.974259000955499e-07,1.0032431115607496e-06,1.0794557425697349e-07,1.2150408009273544e-07,1.0784958703879965e-07,1.2138796319885753e-07,1.2983591979320863e-10,2.7643259896865327e-10,1.5565829514230245e-08,7.804851116927027e-09,1.568976770727204e-08,8.06533873768267e-09
0.009359254181617871,-0.0011963170780299739,0.002346674288212114,9.973852766934796e-07,1.0032272545612323e-06,9.97425889836761e-07,1.0032431418949272e-06,1.0794556604883687e-07,1.2150411521361093e-07,1.078495788196083e-07,1.2138799831973301e-07,1.3004573043995939e-10,2.7578000993955243e-10,1.556607861183091e-08,7.803873991463206e-09,1.569023336633182e-08,8.063700818183861e-09
0.009361124102724716,0.00023783487870021602,0.0004973017959540805,9.973673433977002e-07,1.0032804212143478e-06,9.973995247491985e-07,1.0033032588402744e-06,1.0792447113772141e-07,1.2157267012340433e-07,1.0782845549783815e-07,1.2145653902419907e-07,6.692590925894137e-10,2.9852092061319036e-09,1.6206259445539217e-08,6.481767750044824e-09,1.6886977149965787e-08,9.485447220886786e-09
0.009361124830320477,0.0002384719749166717,0.0004965821957625405,9.973673587718498e-07,1.0032804419017615e-06,9.973995429302453e-07,1.003303282232082e-06,1.0792447455772672e-07,1.215726967984665e-07,1.0782845891784346e-07,1.2145656569373386e-07,6.691405886257463e-10,2.986263458737426e-09,1.620649150271425e-08,6.481253311818591e-09,1.688708194188671e-08,9.486000429603791e-09
0.009362994023831561,0.001875172154991285,-0.0011965236218022864,9.974068549622123e-07,1.0032673340041122e-06,9.97446250039502e-07,1.0032880600464973e-06,1.0793326055136276e-07,1.2156548330007373e-07,1.078372449114795e-07,1.2144932379574113e-07,3.6470390596399227e-10,3.8746282484373224e-10,1.68026463853721e-08,1.0766807527998045e-08,1.71562923867441e-08,1.1142778955203233e-08
0.009362995479023084,0.001874257744911708,-0.0011978417267595187,9.974068924315046e-07,1.003267323799443e-06,9.974462916052847e-07,1.0032880481958273e-06,1.0793327912330825e-07,1.2156547768427117e-07,1.0783726347237025e-07,1.214493181578291e-07,3.6467531910294937e-10,3.8543962466164317e-10,1.68005735441433e-08,1.0770143887839367e-08,1.715419894571788e-08,1.114406877888996e-08
0.009364864672534168,0.0006996979976952034,-0.0008942782916387421,9.974550217373174e-07,1.0032282224452444e-06,9.974996828532312e-07,1.00323556573508e-06,1.079571347872843e-07,1.2148032148375666e-07,1.0786110493654633e-07,1.213641477575146e-07,3.2795549609332397e-10,2.020048324257558e-09,1.4138008985753459e-08,5.980404473466011e-09,1.4465173947542098e-08,8.001940587993997e-09
0.00936486612772569,0.0006990222193359445,-0.0008940419635460051,9.974550294597701e-07,1.0032281920043302e-06,9.974996863907447e-07,1.0032355248768e-06,1.0795713920917609e-07,1.214802551885441e-07,1.0786110935843811e-07,1.2136408145124733e-07,3.283859858699993e-10,2.0213208884456435e-09,1.413997543212045e-08,5.976675598873271e-09,1.44675809048412e-08,7.999494400223739e-09
0.009366735321236774,-0.00016901508313204618,0.0016391948201725163,9.974649489503736e-07,1.003242157216621e-06,9.9750423032674e-07,1.0032524510383829e-06,1.0796281912917038e-07,1.2143338164879116e-07,1.0786678927843241e-07,1.213172079114944e-07,8.813501040094707e-10,1.7916736247527237e-09,1.6665875790522477e-08,8.964447082742927e-09,1.7559317555537746e-08,1.0761905739700858e-08
0.009366736776428297,-0.00016877705593920759,0.0016411669780422855,9.974649484840398e-07,1.0032421680887208e-06,9.975042288232968e-07,1.0032524642156204e-06,1.0796282589466481e-07,1.2143334515712922e-07,1.078667960328721e-07,1.2131717141983245e-07,8.807122328844338e-10,1.791494841363317e-09,1.6665351685798985e-08,8.966773101803938e-09,1.7558134674612853e-08,1.0764056312950743e-08
0.009368605969939381,0.00013696887326197782,0.0026943993563485454,9.974643494783643e-07,1.0033232235398603e-06,9.975022976504988e-07,1.00334254774673e-06,1.0797151617225609e-07,1.2154462898961752e-07,1.078754721106634e-07,1.2142845525232074e-07,6.136677277446267e-11,4.827231279036115e-10,1.599213916847475e-08,9.002360463030715e-09,1.6038724126588022e-08,9.477569521529606e-09
0.009368607425130904,0.0001369720229279272,0.0026952193114893053,9.974643535236025e-07,1.003323286642586e-06,9.97502302337704e-07,1.0033426178779337e-06,1.0797152127401373e-07,1.2154471562553226e-07,1.0787547720689367e-07,1.2142854188823549e-07,6.218622819461709e-11,4.817042320581777e-10,1.599112065963121e-08,9.002388168255493e-09,1.603854380184114e-08,9.476567974786576e-09
0.009370476618641987,0.0001410177688399017,6.843053742573756e-05,9.974695496318783e-07,1.0033749063814234e-06,9.97508323052898e-07,1.0034002122666758e-06,1.0797807448170715e-07,1.2163389036944275e-07,1.078820233146871e-07,1.21517702432346e-07,1.114776715382959e-09,2.8443574774115697e-09,1.4682846050106946e-08,6.7474230997877546e-09,1.5806916664473647e-08,9.597631919515053e-09
0.00937047807383351,0.0001416350227694868,6.638554811155828e-05,9.974695652826881e-07,1.0033749465680632e-06,9.975083352573193e-07,1.0034002571046585e-06,1.0797806551632156e-07,1.2163395979314373e-07,1.0788201433824679e-07,1.2151777184499224e-07,1.1142808286768716e-09,2.8461968337722965e-09,1.4684402401939006e-08,6.745667580076997e-09,1.5807971074242013e-08,9.59772616937471e-09
0.009372347267344594,0.0009344976953215567,-0.0016186434231880954,9.974896687479548e-07,1.0033459073441882e-06,9.975240118365036e-07,1.003365836789493e-06,1.0796654947853312e-07,1.2158130693479658e-07,1.0787048410065836e-07,1.2146507638724514e-07,4.773143547076586e-10,1.5654714146608532e-10,1.6683536330219795e-08,9.756813709698188e-09,1.716236042170749e-08,9.908808287562449e-09
0.009372348722536117,0.0009352484997700002,-0.0016199552402151873,9.97489709990331e-07,1.0033458847367738e-06,9.975240565860485e-07,1.0033658099928289e-06,1.0796655717262482e-07,1.2158126594385976e-07,1.0787049178922269e-07,1.2146503536314412e-07,4.774849660610453e-10,1.544532141073418e-10,1.668261327412866e-08,9.759157926225726e-09,1.7161598806121646e-08,9.909050469047997e-09
0.0093742179160472,0.0018996568137956867,-0.0001922580895414533,9.975426858225096e-07,1.003312031738535e-06,9.975815373763908e-07,1.0033186666568761e-06,1.079764402334149e-07,1.214895636355518e-07,1.0788036775011278e-07,1.213733188550362e-07,6.96635249486377e-10,2.0824342881812334e-09,1.549694772506882e-08,7.307051709630876e-09,1.6183303586103648e-08,9.39397047431503e-09
0.009374219371238723,0.0018984411863890232,-0.00019114660869234967,9.975427183608362e-07,1.0033120053835344e-06,9.975815771579437e-07,1.0033186299551744e-06,1.079764708596854e-07,1.21489492244109e-07,1.0788039835980762e-07,1.2137324745253864e-07,6.973268687469432e-10,2.083935246588453e-09,1.5495976468124932e-08,7.305142712965562e-09,1.6183041346935993e-08,9.393569477822439e-09
0.009376089292345569,0.0003363599688264163,0.0018272552990304934,9.97584530110607e-07,1.0033426140110726e-06,9.976326964533655e-07,1.003355904734142e-06,1.0801582561725809e-07,1.2148846946053974e-07,1.0791973181767389e-07,1.2137221046364204e-07,1.5860576185744435e-09,1.0551477069663374e-09,1.4247911295228732e-08,9.058328257326232e-09,1.584606401650035e-08,1.0107421802669184e-08
0.00937609001994133,0.00033556803555480266,0.0018280406694226037,9.975845201909993e-07,1.0033426259210445e-06,9.976326834087847e-07,1.003355919237947e-06,1.0801582949470444e-07,1.214884690625695e-07,1.0791973568406552e-07,1.2137221006014443e-07,1.5854793613059993e-09,1.0547474005306867e-09,1.4249172766989008e-08,9.059010430689796e-09,1.5846740297865845e-08,1.0107699566219708e-08
0.009377959941048175,-0.0016997004724922382,0.002002936209795968,9.97559026799163e-07,1.00341426343884e-06,9.975991588362376e-07,1.0034359236415849e-06,1.080257945318408e-07,1.216023673772656e-07,1.0792967231054718e-07,1.214860941695132e-07,9.935818140460739e-11,8.970399672648422e-10,1.749115519089628e-08,7.229359828783923e-09,1.7584783407187388e-08,8.127423663586042e-09
0.009377960668643937,-0.0016990325924474024,0.0020030042625354127,9.975590145589553e-07,1.0034142913133605e-06,9.975991420772677e-07,1.0034359547717031e-06,1.0802578232741948e-07,1.2160241169567598e-07,1.079296600978348e-07,1.214861384823962e-07,1.0012864116535871e-10,8.969786025048165e-10,1.748964636403707e-08,7.228647902479679e-09,1.7584045830801663e-08,8.126653128215366e-09
0.009379830589750782,1.741912278074853e-05,-0.00017161839011624585,9.975275572249206e-07,1.0034485209618743e-06,9.975560715247411e-07,1.0034698202721066e-06,1.0799441696462964e-07,1.2165322415160863e-07,1.0789827342705394e-07,1.2153692252767415e-07,2.0802102262962308e-09,2.2905901336198085e-09,1.3611961335868727e-08,8.218110212914405e-09,1.5688474519492956e-08,1.051560830822554e-08
0.009379831317346543,1.8481972788118076e-05,-0.00017246454679042955,9.97527577360592e-07,1.0034485342808038e-06,9.975560943859217e-07,1.0034698334493442e-06,1.0799441533682072e-07,1.2165324392299226e-07,1.0789827179095397e-07,1.2153694228800305e-07,2.0796048330810922e-09,2.2911323949159623e-09,1.3612742156283319e-08,8.218495217704458e-09,1.5688654534016492e-08,1.0516537862770292e-08
0.009381701238453388,0.002750006491727852,-0.001386629608685257,9.97579326036274e-07,1.0034193627816879e-06,9.976148476198432e-07,1.0034384802814854e-06,1.0799023186791601e-07,1.2160216722698323e-07,1.0789406701405824e-07,1.2148582299258118e-07,5.237442701755413e-10,8.029903933116211e-11,1.561945062178438e-08,9.113034075759953e-09,1.6151291859500816e-08,9.181471376514694e-09
0.009381702693644911,0.0027490620187786917,-0.0013875744842198057,9.975793884042257e-07,1.0034193400801321e-06,9.976149196082414e-07,1.003438455882133e-06,1.079902648552287e-07,1.2160212747858168e-07,1.0789409997926148e-07,1.2148578321102832e-07,5.245025867882945e-10,7.857854644743867e-11,1.561966319179524e-08,9.1137302149491e-09,1.6152252124429457e-08,9.18043241426858e-09
0.009383571887155995,0.001535886515582341,0.00021033277113590527,9.976595000382103e-07,1.0033973584070323e-06,9.977073887057486e-07,1.003404603558967e-06,1.0803263705838617e-07,1.2152774892625635e-07,1.0793644378281897e-07,1.2141139045890298e-07,1.4985602758699201e-09,2.6370549516568043e-09,1.589270937074616e-08,5.90079827137421e-09,1.738571242526632e-08,8.548582139327826e-09
0.009383573342347518,0.0015338409707926148,0.00021157676277105963,9.976595064585507e-07,1.0033973412940132e-06,9.97707392507097e-07,1.003404577204492e-06,1.0803265492693366e-07,1.2152769102158345e-07,1.0793646163479082e-07,1.2141133254317538e-07,1.499102418233409e-09,2.6390467589010314e-09,1.5890948983161366e-08,5.898296961959204e-09,1.7384499897348262e-08,8.548090235649397e-09
0.009385443263454363,-0.0010946840840055927,0.0023128644191046065,9.976677565959427e-07,1.0034445616413828e-06,9.977122772397706e-07,1.0034563982386664e-06,1.0805561601046065e-07,1.2152068779519966e-07,1.0795940141861138e-07,1.2140434352211894e-07,2.1957553553164644e-09,6.374759052882443e-10,1.3628850936697745e-08,1.0321060820723308e-08,1.5826401522645028e-08,1.0954067836990237e-08
0.009385443991050124,-0.0010946664561105005,0.0023136820407607672,9.976677409959486e-07,1.003444580015059e-06,9.977122577392278e-07,1.003456418402493e-06,1.0805561268575077e-07,1.2152068507020886e-07,1.0795939808561045e-07,1.214043408026555e-07,2.1949814362215713e-09,6.366970839444264e-10,1.3629937759623794e-08,1.032278174051271e-08,1.582671315477746e-08,1.0955004015045233e-08
0.00938731391215697,-0.0010493627657236493,0.0021124194477367903,9.976276490113649e-07,1.0035273431566246e-06,9.976621413443354e-07,1.0035527873432387e-06,1.0804706818134946e-07,1.216527519985862e-07,1.0795083227321811e-07,1.215363935257055e-07,2.060093623468262e-10,1.7102289076903375e-09,1.6423072679572215e-08,6.1739103544766195e-09,1.6627607735131278e-08,7.879354432583542e-09
0.00938731463975273,-0.0010487616816587729,0.002112341135443785,9.976276449896715e-07,1.0035273753601816e-06,9.976621374545835e-07,1.003552824840881e-06,1.0804706295173282e-07,1.216528033864961e-07,1.0795082703531366e-07,1.2153644490808801e-07,2.0714433568837606e-10,1.7106466243532736e-09,1.64218243962569e-08,6.172296007633804e-09,1.662749595725557e-08,7.878157681773246e-09
0.009389185288455337,0.0004966254491386435,-0.0007285863052429015,9.976173052162301e-07,1.0035532398814923e-06,9.976521369026159e-07,1.0035745305843561e-06,1.0803361760736152e-07,1.2170894284867823e-07,1.079373603829481e-07,1.2159257016494066e-07,3.12516079681302e-09,2.399430756856571e-09,1.3212487992575461e-08,7.21589497848205e-09,1.6340115038815384e-08,9.624844997035129e-09
0.009389186016051099,0.0004971153430669294,-0.0007296912945236045,9.97617321607276e-07,1.003553249941594e-06,9.976521543690883e-07,1.0035745390268858e-06,1.0803361692749566e-07,1.2170896468433057e-07,1.0793735969479119e-07,1.2159259199506778e-07,3.1241817993646322e-09,2.399698662003402e-09,1.3213620189984022e-08,7.216300890178218e-09,1.634026582601608e-08,9.625524377554484e-09
0.009391055937157944,0.001756142738761568,-0.0015063061591443563,9.976594465951097e-07,1.0035114329026423e-06,9.97697043203516e-07,1.0035253317729437e-06,1.0803186967223155e-07,1.2160026551944474e-07,1.0793559113153606e-07,1.2148386441952725e-07,6.081583570072269e-10,2.942791246650345e-10,1.6123367529985444e-08,9.245512813784828e-09,1.6727788931802934e-08,9.529215809450107e-09
0.009391056664753705,0.0017561885359982105,-0.0015066083439165823,9.976594730070554e-07,1.003511416631421e-06,9.97697071149872e-07,1.0035253126261523e-06,1.0803187837230364e-07,1.2160022322404984e-07,1.0793559982608078e-07,1.2148382211307762e-07,6.087729306353964e-10,2.934598952730738e-10,1.612219531169257e-08,9.2463023904088e-09,1.6727232939712327e-08,9.529178335299093e-09
0.00939292658586055,0.0018738874341692954,0.0008686322916193808,9.977273517074438e-07,1.003499521546863e-06,9.97768893284956e-07,1.0035074776719717e-06,1.0805423755755328e-07,1.2153741748970237e-07,1.0795794480600307e-07,1.2142100217892586e-07,2.188227155031086e-09,3.2211828920259007e-09,1.3109594299010041e-08,4.360371164533136e-09,1.529833326685548e-08,7.585382214174548e-09
0.009392928041052073,0.0018723480845242145,0.0008704807279116267,9.977273774377215e-07,1.0034995122899878e-06,9.97768925287005e-07,1.00350746379263e-06,1.0805426570300192e-07,1.215373686136445e-07,1.0795797293487607e-07,1.2142095329181757e-07,2.188625126819667e-09,3.223461275680961e-09,1.3110669342986465e-08,4.356568883423506e-09,1.5299809868312794e-08,7.583869532368226e-09
0.009394797962158918,-0.00010571620940469373,0.002199914538730304,9.977604408446586e-07,1.0035569359320464e-06,9.978100479202112e-07,1.0035697399477344e-06,1.080904326045129e-07,1.2158784014172073e-07,1.0799411853668062e-07,1.214714248198938e-07,2.7000188751458154e-09,2.5975189232340517e-10,1.4492100852692147e-08,1.0110661792388286e-08,1.7197242740962793e-08,1.0376652870464722e-08
0.00939479868975468,-0.00010649203071621775,0.002200431828150856,9.97760424793394e-07,1.003556958275876e-06,9.978100287292009e-07,1.0035697641797015e-06,1.0809043646261348e-07,1.2158785978044762e-07,1.0799412238096278e-07,1.2147144445862068e-07,2.699100285014244e-09,2.585986980108146e-10,1.4492552681248998e-08,1.0112900739045472e-08,1.719677017131526e-08,1.0377739556588494e-08
0.009396668610861525,-0.0021003528013329442,0.0016142536103780625,9.977191730433306e-07,1.0036282813540352e-06,9.9776070783264e-07,1.003651782249245e-06,1.0810035178110411e-07,1.216925265378239e-07,1.0800400218613504e-07,1.2157611121599696e-07,3.383236468756934e-10,2.513112717755205e-09,1.56537520723532e-08,6.423480965381831e-09,1.5982266177161364e-08,8.927067138731444e-09
0.009396670066053048,-0.00209890207227616,0.001613797440558784,9.977191390636184e-07,1.003628336858376e-06,9.977606628352836e-07,1.0036518460765365e-06,1.0810032084542155e-07,1.2169260799055337e-07,1.0800397124492726e-07,1.2157619266872643e-07,3.407806180410083e-10,2.514867203373683e-09,1.5651565913029818e-08,6.420609821589096e-09,1.5982557868491173e-08,8.925938210779805e-09
0.009398539987159893,-0.00023471523430845798,-0.0005275718425003287,9.976754751335609e-07,1.00364863283959e-06,9.977028412322397e-07,1.0036687788267383e-06,1.080605684933289e-07,1.217266723655398e-07,1.0796421179293247e-07,1.2161022863305818e-07,3.4979885654706777e-09,1.680058402782689e-09,1.284235118248489e-08,7.027268302332683e-09,1.6357381227294354e-08,8.714578920798018e-09
0.009398540714755654,-0.0002334218077539856,-0.0005284050601201962,9.976754959134718e-07,1.003648640736859e-06,9.9770286533155e-07,1.003668785415357e-06,1.08060565516843e-07,1.2172668562016042e-07,1.0796420881091921e-07,1.2161024187662406e-07,3.4968650574465204e-09,1.6797335744556108e-09,1.2844262880995175e-08,7.027504356216241e-09,1.6358155321596992e-08,8.714496679829153e-09
0.0094004106358625,0.003090684437240032,-0.0017278329143208995,9.977289002844023e-07,1.0036064334127818e-06,9.97764800558798e-07,1.003620506080792e-06,1.0805291594806476e-07,1.216410608003288e-07,1.0795654503681362e-07,1.2152458865718387e-07,6.094494353625635e-10,6.616978537157543e-10,1.775732805242569e-08,9.44786854004496e-09,1.8347577679378446e-08,1.0107477067856445e-08
0.009400412091054022,0.003089935112753899,-0.001728766321211328,9.977289762124774e-07,1.0036064005666152e-06,9.977648873709867e-07,1.0036204685093253e-06,1.0805295339797661e-07,1.2164099416622776e-07,1.0795658246462461e-07,1.2152452200098196e-07,6.106392732486348e-10,6.609056080186804e-10,1.7752635930151767e-08,9.44975209193899e-09,1.8344101119056636e-08,1.0108561099286817e-08
0.009402282012160867,0.0021270531480728425,0.0006341174207522703,9.978265437888848e-07,1.0035859486880216e-06,9.978764410334406e-07,1.0035925124250995e-06,1.0810107653469458e-07,1.215657201365976e-07,1.0800467720173401e-07,1.2144923376602445e-07,2.1395809568502955e-09,2.463602655578668e-09,1.1723258808160608e-08,6.404688354928789e-09,1.3876721105532397e-08,8.86797346061857e-09
0.009402282739756629,0.0021257013375412465,0.0006350368307685983,9.9782654944412e-07,1.0035859407300923e-06,9.978764459398322e-07,1.0035925015472458e-06,1.0810108710443217e-07,1.215656908470919e-07,1.0800468776318378e-07,1.214492044709914e-07,2.1397890055659277e-09,2.4643040941185745e-09,1.1725316763142083e-08,6.403503505225672e-09,1.387898076921718e-08,8.867490741693018e-09
0.009404153388459235,-0.0013498035391923402,0.0026801661813944293,9.978410890538445e-07,1.0036479714125026e-06,9.978890602724277e-07,1.0036592097745756e-06,1.0812826189976477e-07,1.2162153199735456e-07,1.0803184125052212e-07,1.2150503141592453e-07,2.6746822534562398e-09,8.678181757315447e-11,1.7016319020513038e-08,9.770426731710114e-09,1.9688576102794286e-08,9.85898545177009e-09
0.009404154116054997,-0.001349906947230646,0.0026809616420520044,9.978410674772167e-07,1.003647995539567e-06,9.97889033873734e-07,1.0036592357209884e-06,1.0812825691684546e-07,1.2162155371697736e-07,1.0803183626483913e-07,1.2150505313002213e-07,2.673757155014636e-09,8.585707145236654e-11,1.7014982045986962e-08,9.771736309005519e-09,1.9686309491158448e-08,9.85937109732049e-09
0.009406024037161842,-0.0016156656056768304,0.0011832579994868729,9.977856155437598e-07,1.0037202316038026e-06,9.97821189230308e-07,1.0037473881059824e-06,1.0811545081423901e-07,1.2175497507802845e-07,1.0801902305956901e-07,1.2163846029126892e-07,2.9625416009260164e-10,1.926638077670391e-09,1.357895751397109e-08,7.341011592976194e-09,1.3861117587055105e-08,9.265777566330365e-09
0.009406025492353365,-0.0016138291029080178,0.001182092471360363,9.977856028895795e-07,1.0037202878186385e-06,9.978211730524765e-07,1.0037474567070603e-06,1.0811543519997952e-07,1.217550789078814e-07,1.0801900744530951e-07,1.2163856411007146e-07,2.985900353002211e-10,1.9280705920721175e-09,1.3579176191647714e-08,7.3391199784111905e-09,1.3863701460381223e-08,9.265315625839321e-09
0.00940789541346021,0.0007460769550160506,-0.0010223690417033421,9.97769342267858e-07,1.0037232584811936e-06,9.978003845390049e-07,1.003741206363026e-06,1.0809537087652643e-07,1.2175188270922753e-07,1.0799894312185643e-07,1.216353395007629e-07,3.3001896770912253e-09,8.672209627452619e-10,1.3860177006108643e-08,8.778479655279264e-09,1.718397868444299e-08,9.647052724229735e-09
0.009407896141055971,0.000746597902106918,-0.0010232268088290475,9.97769362873587e-07,1.0037232596370935e-06,9.978004086289453e-07,1.0037412039309856e-06,1.0809537304517358e-07,1.2175188146557048e-07,1.0799894528497837e-07,1.216353382460511e-07,3.2991106040455158e-09,8.668081807883254e-10,1.3861035130808332e-08,8.779039717410342e-09,1.7183738130365557e-08,9.647201260065685e-09
0.009409766789758578,0.0020859528727270593,-0.0006322511848506581,9.97822340202817e-07,1.003692294304205e-06,9.978623438655632e-07,1.003701656293659e-06,1.0810094863700215e-07,1.2163634952075081e-07,1.0800450667147743e-07,1.2151976368524296e-07,5.248138035263139e-10,5.161208784960836e-10,1.6067273733710863e-08,8.379435808090794e-09,1.6565273597279884e-08,8.891901227076534e-09
0.00940976751735434,0.0020857142367228195,-0.0006320991134294296,9.978223660916488e-07,1.0036922822601236e-06,9.978623713148347e-07,1.0037016409114585e-06,1.0810096014878901e-07,1.2163630458417174e-07,1.0800451817773907e-07,1.2151971873208822e-07,5.254510028873274e-10,5.159844773672262e-10,1.6065844090370914e-08,8.379280380665932e-09,1.6564500625477543e-08,8.891607450323136e-09
0.009411638166056946,0.001472181069822609,0.0011736676775202202,9.978889262780823e-07,1.0037024262441241e-06,9.979329433917883e-07,1.00371777816577e-06,1.0813055695280127e-07,1.2164521132576794e-07,1.0803410077642184e-07,1.2152862547368443e-07,2.1636905600530554e-09,1.4124208957241105e-09,1.2390231063363899e-08,8.915990578982544e-09,1.4577190121656258e-08,1.0339234402796939e-08
0.009411638893652707,0.0014714732455519527,0.0011743700372210952,9.978889344602308e-07,1.0037024301896644e-06,9.97932951616507e-07,1.003717784442415e-06,1.0813056647921437e-07,1.2164521479007817e-07,1.0803411029178022e-07,1.2152862893799465e-07,2.163690965191617e-09,1.4127695679988506e-09,1.2392042566642841e-08,8.916199334407793e-09,1.4578989064344318e-08,1.0339797462677325e-08
0.009413508814759552,-0.00034763513003488455,0.0013358377149514948,9.97909962582115e-07,1.0037493714439118e-06,9.979540891436045e-07,1.003763564611426e-06,1.0815504936090292e-07,1.2171752019349156e-07,1.0805856476281406e-07,1.2160092014160374e-07,2.1647321712947587e-09,6.366731015947097e-11,1.7047605993525394e-08,9.55969364011468e-09,1.9202271772655877e-08,9.60753751792877e-09
0.009413510269951075,-0.00034846251659181117,0.0013359633707318297,9.979099369810853e-07,1.0037494079740707e-06,9.97954061208114e-07,1.0037636002380168e-06,1.0815505377002502e-07,1.2171757646228798e-07,1.0805856914431009e-07,1.2160097639934975e-07,2.163425293801029e-09,6.26174251339151e-11,1.7045112178452164e-08,9.560194413893441e-09,1.9198477755542266e-08,9.60696766583169e-09
0.00941538019105792,-0.0014116542422425438,0.0009693899019525705,9.978770396577825e-07,1.0037925135943311e-06,9.979181641028845e-07,1.0038107619248204e-06,1.0816071949193429e-07,1.2173548938007692e-07,1.0806419936670864e-07,1.2161887511181134e-07,4.840877143585942e-10,1.0110008559453582e-09,1.3840559809352726e-08,7.340144127412242e-09,1.4323165764551504e-08,8.364789030500189e-09
0.009415380918653682,-0.001411069026854092,0.0009692472663616059,9.978770300670917e-07,1.003792530366946e-06,9.979181500467359e-07,1.0038107802756713e-06,1.0816070965152517e-07,1.2173549635008385e-07,1.0806418951524909e-07,1.216188820762909e-07,4.850905849246914e-10,1.0113698767355572e-09,1.3841166406551325e-08,7.339280294615946e-09,1.4324779734956901e-08,8.364305692509788e-09
0.009417251567356288,9.351973685589599e-05,0.00042344384533361725,9.978523724010682e-07,1.0038185787539155e-06,9.97882011688489e-07,1.0038389636493984e-06,1.0813540995968651e-07,1.2176590996054234e-07,1.0803886141275143e-07,1.2164928148141988e-07,3.0634708103605135e-09,4.3959276824756407e-10,1.5400727804149028e-08,1.1070808162032382e-08,1.8474297647230742e-08,1.1504312097735688e-08
0.00941725229495205,9.446074013752267e-05,0.0004232315530656172,9.97852391371672e-07,1.0038185888855324e-06,9.978820326401069e-07,1.0038389746114262e-06,1.0813540634067024e-07,1.217659217900291e-07,1.0803885778268473e-07,1.2164929330538143e-07,3.06238985615153e-09,4.393703734173471e-10,1.5400984574734468e-08,1.1072259553657204e-08,1.847346540540388e-08,1.1505533414890579e-08
0.009419122943654656,0.0025137801771997204,-0.0008760169466599593,9.979011647936872e-07,1.0038101094081644e-06,9.97935899249569e-07,1.0038252238524706e-06,1.0812610184984806e-07,1.217473412190437e-07,1.0802952488120354e-07,1.2163069852906655e-07,2.832565848542856e-10,2.4489991197493286e-10,1.6061141749901253e-08,6.9544674691543695e-09,1.6333771668541885e-08,7.1945714889380615e-09
0.009419123671250418,0.002513565541124501,-0.0008765222941899964,9.979011973573545e-07,1.0038101061100402e-06,9.979359372630529e-07,1.003825218504062e-06,1.0812611912443486e-07,1.217473339920616e-07,1.0802954215579035e-07,1.2163069129655923e-07,2.84009241107661e-10,2.4482427196659273e-10,1.606048630392555e-08,6.952865838627531e-09,1.6333874762159854e-08,7.19289472428386e-09
0.009420994319953024,0.0019617361917346754,0.0003592088720265139,9.979849185462451e-07,1.0038004379843476e-06,9.980336699300096e-07,1.0038128314567383e-06,1.0817053208711513e-07,1.216877426348111e-07,1.0807395511847062e-07,1.2157107152864972e-07,2.2190884685358014e-09,6.402626903686777e-10,1.437533470038943e-08,1.0808996641582166e-08,1.659892845395916e-08,1.1464734284961585e-08
0.009420995047548786,0.0019605241961791206,0.00035968951425374707,9.979849244122664e-07,1.0038004342238942e-06,9.980336743501823e-07,1.0038128266387503e-06,1.0817054449674954e-07,1.2168771945653134e-07,1.0807396751705459e-07,1.2157104833931953e-07,2.2188776396870386e-09,6.404164976103743e-10,1.437564840901305e-08,1.0810496497981603e-08,1.6599029624111423e-08,1.1466395832826493e-08
0.009422865696251392,-0.0011555163771524435,0.001967797008457761,9.98000005952768e-07,1.0038439850208567e-06,9.980450386137818e-07,1.0038581700505127e-06,1.0820244966680548e-07,1.217365999953392e-07,1.0810584427645153e-07,1.216199288781274e-07,1.6768366695174564e-09,3.4249555727901717e-11,1.5182193280338652e-08,8.060695400945127e-09,1.6859138085578707e-08,8.068751805633134e-09
0.009422866423847154,-0.0011556554592424976,0.0019684224878409595,9.979999865350423e-07,1.003844001960101e-06,9.980450152752708e-07,1.0038581876870012e-06,1.0820244180166097e-07,1.2173661900760635e-07,1.081058364057818e-07,1.2161994789039454e-07,1.676381214485723e-09,3.4013784844244555e-11,1.518257401949753e-08,8.059625855594277e-09,1.6859062437088296e-08,8.067430279368182e-09
0.00942473707254976,-0.0015132355127716046,0.0006391415017717209,9.979500635624377e-07,1.0038927706502503e-06,9.979850119634648e-07,1.0039160317887233e-06,1.0818222051511839e-07,1.2181439318661627e-07,1.0808560091390973e-07,1.2169772206940446e-07,5.054063278997489e-10,4.701211252170103e-10,1.6161454396979025e-08,7.861833511142139e-09,1.6664570168245518e-08,8.35968185016052e-09
0.009424737800145522,-0.0015122940176136037,0.0006386244729945645,9.979500591608802e-07,1.0038927896190134e-06,9.979850062172405e-07,1.0039160542874015e-06,1.0818221415835775e-07,1.2181442343717208e-07,1.080855945543865e-07,1.2169775231996027e-07,5.061823329807477e-10,4.702907507869725e-10,1.6160420156029704e-08,7.861756579075063e-09,1.6664311675864744e-08,8.35979552249455e-09
0.009426608448848128,0.0009082900336068178,-0.00019644721443370624,9.979387427561225e-07,1.0039010551262176e-06,9.97970232674561e-07,1.0039194635664815e-06,1.0816587092676855e-07,1.2179470643982673e-07,1.0806924422013253e-07,1.2167800691195594e-07,2.5012913962285666e-09,2.666164565993684e-10,1.350138667532974e-08,1.1997688869348794e-08,1.599972776489267e-08,1.2248058780777115e-08
0.00942660917644389,0.0009087202947959539,-0.00019677201866841187,9.97938764025288e-07,1.0039010583411174e-06,9.979702564992909e-07,1.0039194648925331e-06,1.0816587416178232e-07,1.2179469877082738e-07,1.0806924744409588e-07,1.2167799923190614e-07,2.500356934280405e-09,2.665372367260943e-10,1.3502356285759358e-08,1.199929755557605e-08,1.599976759340986e-08,1.224957113521441e-08
0.009428479825146496,0.002014921812064807,0.00033744186936754796,9.979934470497535e-07,1.003903693666772e-06,9.98031509880093e-07,1.0039157146855453e-06,1.081741913822043e-07,1.2175415676043574e-07,1.0807753625385885e-07,1.2163744301618498e-07,9.785526555727841e-11,1.0582397904551146e-10,1.599522470030479e-08,5.554626775646308e-09,1.6102166711107202e-08,5.657896059042263e-09
0.009428480552742258,0.002014605686849971,0.0003376496538436413,9.979934704548326e-07,1.0039036946917918e-06,9.9803153644533e-07,1.0039157132268883e-06,1.0817420176408455e-07,1.217541409914702e-07,1.080775466329765e-07,1.2163742724169424e-07,9.863542049071916e-11,1.0576146902696593e-10,1.599504802808033e-08,5.552120097007673e-09,1.6102761733324288e-08,5.655332202536556e-09
0.009430351201444864,0.0012018477595062138,0.0005701942735941896,9.98053644913089e-07,1.0039206789544269e-06,9.980998356695636e-07,1.0039410555347156e-06,1.0820089357821416e-07,1.217783894889259e-07,1.0810423134444136e-07,1.2166164732849093e-07,2.104413754366874e-09,4.397909277498065e-10,1.5540823739002008e-08,1.2119402402846398e-08,1.7632563853453576e-08,1.2583070749176865e-08
0.009430351929040626,0.001201072349739058,0.0005702847226878305,9.9805364785759e-07,1.003920685560519e-06,9.980998378745062e-07,1.0039410653917002e-06,1.0820090519826139e-07,1.2177839892046904e-07,1.0810424295622005e-07,1.2166165674898366e-07,2.104117429683266e-09,4.3992084974853185e-10,1.5539624616139113e-08,1.2121956771693476e-08,1.763107658525342e-08,1.2585765318817721e-08
0.009432223305338994,-0.0007932815713855598,0.0007162665164841542,9.980612211142246e-07,1.0039447617754753e-06,9.98105508986737e-07,1.0039601647804375e-06,1.0823079195971769e-07,1.218029410665622e-07,1.0813410845100549e-07,1.216861846842221e-07,1.341970343443275e-09,7.591119399741331e-11,1.2455480612770253e-08,8.759807101910155e-09,1.3805822774450887e-08,8.79992700930643e-09
0.0094322269433178,-0.0007971586202213388,0.0007169564929971141,9.980612358367298e-07,1.0039448268078005e-06,9.981055200114497e-07,1.003960229289875e-06,1.0823085005995381e-07,1.218029214320544e-07,1.0813416650989893e-07,1.216861650497143e-07,1.3404887200252347e-09,7.632359098921195e-11,1.2449484998455773e-08,8.756944425713102e-09,1.3798386433450105e-08,8.797607386210245e-09
0.009434095409233123,-0.0015525486526749301,0.0010713284300533366,9.980173103724824e-07,1.0039782274100806e-06,9.9805432698755e-07,1.0039933613370522e-06,1.0822469214078182e-07,1.217928371488597e-07,1.081279944019731e-07,1.216760807665196e-07,6.149939028742492e-10,2.88130685976995e-10,1.8508391498871018e-08,7.286673930906318e-09,1.9129197029924137e-08,7.60624896400941e-09
0.009434098319616169,-0.0015537252726631756,0.0010706913721680398,9.980172419527562e-07,1.0039782778478524e-06,9.980542472476372e-07,1.0039934256947644e-06,1.0822468254900741e-07,1.217929129769196e-07,1.0812798478809782e-07,1.2167615655037778e-07,6.138638486419268e-10,2.88237292682487e-10,1.8517829047937084e-08,7.295110120962849e-09,1.9137500473220825e-08,7.61471981443452e-09
0.009435966785531491,0.0008574385646874737,0.000661700209807492,9.980043197905743e-07,1.0040106588972908e-06,9.98035638837579e-07,1.0040347433459829e-06,1.0819677702553958e-07,1.2184159459138755e-07,1.0810006508139061e-07,1.2172480978733802e-07,2.422343215679548e-09,3.566787976083674e-10,1.2552753925138647e-08,1.271114413725627e-08,1.4951538985176023e-08,1.3053005787355687e-08
0.009435970423510298,0.0008621331983271752,0.000659226567182623,9.980042946306011e-07,1.0040106607511558e-06,9.98035602606251e-07,1.004034728980422e-06,1.0819672269235525e-07,1.2184161147092145e-07,1.0810001072059094e-07,1.2172482661161974e-07,2.425864398247768e-09,3.5612087832605424e-10,1.2541139682298308e-08,1.2696861065382255e-08,1.494338874863388e-08,1.3038178656990654e-08
0.009437838161829859,0.002486045144323913,-0.0006107415564251539,9.980668889180865e-07,1.004011612525452e-06,9.981054975569732e-07,1.004027353701531e-06,1.0820350936725797e-07,1.2185027742361854e-07,1.081067690290364e-07,1.2173346419785958e-07,2.746804967388519e-11,6.968511878646666e-11,1.552558883528845e-08,5.363931965263191e-09,1.5589461406595124e-08,5.425929927582729e-09
0.009437841799808666,0.0024892081983675374,-0.0006092115813660616,9.980670108391763e-07,1.0040115967197459e-06,9.981056336982874e-07,1.0040273296115906e-06,1.0820352258633648e-07,1.2185013451391512e-07,1.0810678219286274e-07,1.2173332128815616e-07,2.2796455695361928e-11,7.045737467409563e-11,1.553140194232583e-08,5.375327892665204e-09,1.559071982626392e-08,5.438157525124444e-09
0.009439709538128227,0.0007497105572636224,0.00017627761397190356,9.98127442083359e-07,1.004003482070208e-06,9.981771171706171e-07,1.0040149618362193e-06,1.0824507944624239e-07,1.217767646721768e-07,1.0814831068631137e-07,1.2165995144641784e-07,2.2926231663540767e-09,4.669335473828085e-10,1.759886458716266e-08,1.1225997020858358e-08,1.98552886901961e-08,1.1715806103040904e-08
0.009439713176107034,0.00074632236552014,0.00017955507802697396,9.981275597912752e-07,1.004003556229778e-06,9.98177256406052e-07,1.0040150447144545e-06,1.0824516039065202e-07,1.217768326047035e-07,1.0814839157546885e-07,1.2166001935131846e-07,2.2970443325220913e-09,4.662176583264183e-10,1.7602891588808234e-08,1.1220252469661093e-08,1.9863595213109875e-08,1.1709243724959147e-08
0.009441580914426595,-0.0010701428895355364,0.001862205123900118,9.981214455886407e-07,1.0040416297530108e-06,9.981630731774153e-07,1.004057594400365e-06,1.0826186114237188e-07,1.2181170916392148e-07,1.0816504268588849e-07,1.216948817273078e-07,6.521022295026246e-10,9.868021677572614e-11,1.0063080153855752e-08,8.27099988498503e-09,1.0731883903061638e-08,8.340118817784514e-09
0.009441584552405402,-0.0010736809987195173,0.001860163407609059,9.98121433679403e-07,1.004041727023216e-06,9.981630455513368e-07,1.004057698896817e-06,1.0826189367207917e-07,1.2181184414771052e-07,1.081650751189045e-07,1.216950166834815e-07,6.488982129404519e-10,9.914200167524515e-11,1.0048394116779491e-08,8.270763811786645e-09,1.071409716502103e-08,8.340460650836856e-09
0.009443453018320724,-0.0005121978165869656,0.0008115379205211326,9.980918225009198e-07,1.0040916850006643e-06,9.981254883334751e-07,1.0041113682746072e-06,1.0824295904751522e-07,1.2188117182176939e-07,1.0814612631110117e-07,1.21764330174301e-07,1.2001421661321166e-09,3.363147260682098e-10,1.998138647001543e-08,8.149516617095287e-09,2.119073751571481e-08,8.516026106519803e-09
0.009443456656299531,-0.0005111045860921593,0.0008094858613652134,9.980917648467562e-07,1.0040917056460707e-06,9.98125415208051e-07,1.004111389712444e-06,1.0824292218103437e-07,1.2188114466533435e-07,1.0814608941700499e-07,1.2176430299023987e-07,1.2012154604335024e-09,3.36628563012805e-10,2.0000726408397895e-08,8.156241358819534e-09,2.1211135958765226e-08,8.522964036964226e-09
0.009445324394619092,0.0012902930918530116,-0.0002440413092836824,9.981063835835256e-07,1.004102304997741e-06,9.981432293432188e-07,1.0041223958978662e-06,1.0823351160883384e-07,1.2186720255158434e-07,1.0813667175319014e-07,1.2175034669326124e-07,1.626780797939127e-09,4.977524503679831e-10,1.1595012022583013e-08,1.1608723760048179e-08,1.3189098295967726e-08,1.2084897527131488e-08
0.0094453280325979,0.001293801852425558,-0.00024328426209071347,9.981064120578862e-07,1.0041023014086005e-06,9.981432640415733e-07,1.004122378880202e-06,1.0823349327893084e-07,1.21867155200486e-07,1.0813665340947409e-07,1.2175029928691075e-07,1.6276097136724843e-09,4.968549839878917e-10,1.1578639380616096e-08,1.159642600521712e-08,1.3173472979133294e-08,1.207175123643988e-08
0.00944719577091746,0.001991168617195562,0.0001453837667795277,9.981677920801887e-07,1.004100458743874e-06,9.982073722350117e-07,1.0041136420113617e-06,1.0824474767085417e-07,1.2184284514660249e-07,1.0814790780139742e-07,1.2172596086656995e-07,3.0774604754115856e-10,3.609574444896069e-11,1.5341142339195704e-08,5.282758674951538e-09,1.5696009833493516e-08,5.322445595368208e-09
0.009447199408896267,0.0019925269474736496,0.00014546684914481113,9.98167911636134e-07,1.0041004708773235e-06,9.98207497104886e-07,1.0041136588014893e-06,1.0824476959214735e-07,1.218428420260689e-07,1.081479297226906e-07,1.2172595771842102e-07,3.05175218429099e-10,3.7297006718972903e-11,1.534847093864755e-08,5.2966407077551225e-09,1.5700923228223473e-08,5.3375567481860935e-09
0.00944906787481159,0.0005329384736894119,0.00018813795195438132,9.982150459972124e-07,1.0041067026169583e-06,9.982623011418261e-07,1.0041222822110285e-06,1.0827702937010293e-07,1.2184123932001967e-07,1.081801824090265e-07,1.2172434082913242e-07,2.3484924633318813e-09,6.542653085972461e-10,1.8116266277856165e-08,1.242645275567611e-08,2.0420835810256787e-08,1.3098644835451978e-08
0.009449071512790397,0.0005300965958198942,0.0001895969214806094,9.982151377697223e-07,1.0041067436086057e-06,9.982624078475055e-07,1.004122321550564e-06,1.0827709218119708e-07,1.21841260232961e-07,1.0818024520631297e-07,1.2172436171444767e-07,2.3524708847588727e-09,6.53302772887953e-10,1.8121655287473004e-08,1.241644746635399e-08,2.043002567120311e-08,1.3087575652038665e-08
0.009450939251109958,-0.0012994303222897637,0.0009386318762460988,9.982007020711061e-07,1.0041277887204604e-06,9.982444802465086e-07,1.004142518468143e-06,1.0829801953505071e-07,1.2185199693703908e-07,1.0820114419370934e-07,1.217350842352971e-07,1.7980687011777846e-10,1.5913693973690357e-10,9.749070264398382e-09,7.2797319283779416e-09,9.952074211211523e-09,7.404656887644023e-09
0.009450942889088765,-0.0013029938729678114,0.000939719351800868,9.98200673953267e-07,1.00412787737359e-06,9.982444453271455e-07,1.0041426041861628e-06,1.0829806029732936e-07,1.2185203543282507e-07,1.0820118490073583e-07,1.217351227310831e-07,1.7557495735065487e-10,1.5961887250908333e-10,9.732762151770658e-09,7.280388589267616e-09,9.931665267970402e-09,7.405928124505968e-09
0.009452811355004087,-0.0005811119873187042,0.0014982467967303847,9.981654963393688e-07,1.0041734096209925e-06,9.98195541517785e-07,1.004186628961179e-06,1.0827309779603157e-07,1.2187180686851207e-07,1.0817620112457898e-07,1.217548941667701e-07,1.9078129167199725e-09,4.071395443006054e-10,2.0363011417144372e-08,7.61764962220468e-09,2.2275917348395203e-08,8.058835376800744e-09
0.009452814992982894,-0.0005797064540522534,0.001495920828065498,9.9816542784713e-07,1.0041734750036262e-06,9.981954463000875e-07,1.0041867145129497e-06,1.082730491930306e-07,1.218719058979942e-07,1.08176152480155e-07,1.2175499316869047e-07,1.9111856541798034e-09,4.0771341203611094e-10,2.038370894297259e-08,7.62552790087372e-09,2.229995210711877e-08,8.06718668282795e-09
0.009454686369281262,0.0020671008214638853,0.00029944254684777065,9.98193262592785e-07,1.0042071078303948e-06,9.982279607356759e-07,1.0042307223438608e-06,1.0825587537510728e-07,1.2192284666360735e-07,1.0815895024052224e-07,1.2180591975652303e-07,8.754346692008141e-10,7.029109751801696e-10,1.1374005737252446e-08,1.167811444822683e-08,1.2218927203377916e-08,1.2363098503222495e-08
0.009454687096877024,0.002067074944007914,0.00029897735311479323,9.98193292188608e-07,1.0042071209069216e-06,9.98227994625223e-07,1.004230739454215e-06,1.0825588937056234e-07,1.219228664695038e-07,1.0815896422493116e-07,1.218059395569071e-07,8.754868245918449e-10,7.030257487272706e-10,1.1375808741515588e-08,1.1679690103960638e-08,1.2220812563147935e-08,1.2364768764427936e-08
0.009456558473175392,0.002000518127249107,-0.0008918337651834594,9.982694126455222e-07,1.0041960176682515e-06,9.983151585402084e-07,1.0042115338458283e-06,1.082918856809556e-07,1.2191371823592319e-07,1.0819493212466114e-07,1.2179677711799484e-07,1.009630490322877e-09,2.648218673111584e-11,1.601313570631646e-08,5.9402149605041826e-09,1.7069957891635568e-08,5.963218626238121e-09
0.009456559200771153,0.001999449268465414,-0.0008922967555093919,9.982694217545225e-07,1.0041960133512848e-06,9.98315167468957e-07,1.00421152637864e-06,1.0829189850498118e-07,1.219137146790672e-07,1.0819494493763628e-07,1.217967735556158e-07,1.0100637479085517e-09,2.6219144910744063e-11,1.6013756871091514e-08,5.937983438286665e-09,1.7070975815241696e-08,5.960729687615185e-09
0.00945842984947376,-0.0007485866644085792,0.0001104014654841176,9.982928409941896e-07,1.004181394132776e-06,9.983381232814281e-07,1.0041876614250808e-06,1.0832486907474959e-07,1.218318635704909e-07,1.0822788709674569e-07,1.2171490824171002e-07,2.1239690006780165e-09,7.895419637359668e-10,1.7610771507747813e-08,1.0032557799555615e-08,1.968805740659718e-08,1.0837219542356837e-08
0.009458430577069521,-0.0007487774427814853,0.00011079146868170353,9.982928265292506e-07,1.0041813884465766e-06,9.983381057843477e-07,1.0041876521427184e-06,1.0832486618342333e-07,1.218318317341982e-07,1.0822788419713483e-07,1.217148763998921e-07,2.123194835075727e-09,7.898388609817175e-10,1.7607807949083893e-08,1.003415039946276e-08,1.968434814051207e-08,1.08391162711996e-08
0.009460301953367889,-0.0012394594178957163,0.001952671605863337,9.982556227060657e-07,1.004220017006921e-06,9.982931032936904e-07,1.0042354956997053e-06,1.0831742969230618e-07,1.2186352382910245e-07,1.0822042639802021e-07,1.21746582700128e-07,1.3204090598684104e-10,3.1672823736703874e-10,9.985535065482054e-09,8.05248443888811e-09,1.0144115769605833e-08,8.35218353277569e-09
0.00946030268096365,-0.0012387715421673686,0.00195338773344389,9.982556175423006e-07,1.0042200320258014e-06,9.982930958235988e-07,1.0042355143013992e-06,1.0831742382176453e-07,1.2186353615106782e-07,1.0822042052471595e-07,1.2174659502761642e-07,1.329952266446766e-10,3.1654429077931923e-10,9.989401407323521e-09,8.051713962231588e-09,1.0148927086321527e-08,8.351216607138667e-09
0.009462173329666257,0.0005297569554149201,0.001211339043188124,9.982423415023939e-07,1.0042792221479598e-06,9.982738902181154e-07,1.0042966302775216e-06,1.0830233065917128e-07,1.2194704522531868e-07,1.0820532025945795e-07,1.218300899020587e-07,2.5865536379399146e-09,3.501344926520629e-10,1.9929766281734373e-08,9.138660497082815e-09,2.2518822362371793e-08,9.507319759719907e-09
0.00946217478485778,0.0005307481684892418,0.0012107617979992824,9.98242375476889e-07,1.0042792681923955e-06,9.982739285703017e-07,1.0042966778200935e-06,1.0830232920660432e-07,1.2194711018764792e-07,1.0820531879032179e-07,1.218301548533418e-07,2.5848420012130154e-09,3.501606227196419e-10,1.992382531669356e-08,9.139506040867218e-09,2.2511148188772224e-08,9.50821910095101e-09
0.009464045433560386,0.0018049525755297752,-0.0001927069274502923,9.982860496904394e-07,1.0042983022110442e-06,9.983232303056866e-07,1.0043154288550329e-06,1.0830046193177623e-07,1.2193348727665788e-07,1.0820343021578083e-07,1.2181651773702227e-07,3.8453298878415865e-10,9.554669699502616e-10,1.2286714756726269e-08,9.27555758414894e-09,1.2645998026528105e-08,1.0214340283212797e-08
0.009464046161156148,0.0018049223345905931,-0.00019325281182425158,9.982860753898143e-07,1.0042983096143966e-06,9.983232584954272e-07,1.0043154361483175e-06,1.0830047181530693e-07,1.2193348197797604e-07,1.0820344009655e-07,1.2181651243281522e-07,3.850990753127636e-10,9.557024061024322e-10,1.2288053367254561e-08,9.275610501902065e-09,1.2647928306448117e-08,1.021461493166953e-08
0.009465917537454516,0.0017271426390145228,-0.00014897991050006443,9.983521741824951e-07,1.0042919054744734e-06,9.98395762508153e-07,1.0043071402346357e-06,1.0832589225628908e-07,1.2191704640926057e-07,1.0822885343486632e-07,1.218000342481048e-07,1.8410736268847927e-09,5.1880630017244384e-11,1.5730959646020892e-08,7.281002152447238e-09,1.7612608260719753e-08,7.341500486258863e-09
0.009465918265050277,0.00172633426138563,-0.00014896269708586374,9.98352184187941e-07,1.004291902984528e-06,9.983957728513568e-07,1.0043071370091639e-06,1.0832590622679691e-07,1.2191704001907055e-07,1.0822886739984895e-07,1.2180002784134558e-07,1.841138233620168e-09,5.152922186169029e-11,1.5731630944531018e-08,7.2802266437577146e-09,1.7613312133829542e-08,7.340383412213214e-09
0.009467788913752884,-0.00035200462249740383,-0.00017343140604134666,9.98377908189406e-07,1.0042858717673538e-06,9.984223652281798e-07,1.0042965723515813e-06,1.0836182440243647e-07,1.2191205588625947e-07,1.08264771370159e-07,1.217950437085345e-07,2.007242150270372e-09,9.077762959190549e-10,1.745753941406747e-08,1.0575823386015686e-08,1.9422969899096643e-08,1.1485789442315472e-08
0.009467790368944407,-0.0003531090229628897,-0.00017345044043182156,9.98377877269199e-07,1.0042858670756252e-06,9.984223309409718e-07,1.0042965641332557e-06,1.083618258936649e-07,1.2191205200906552e-07,1.0826477285586437e-07,1.2179503983134055e-07,2.0059882368788912e-09,9.084423768790373e-10,1.7452378581732508e-08,1.057838705520453e-08,1.9416608775610502e-08,1.1489014184462576e-08
0.009469661017647013,-0.0017728158213450307,0.0008817708887921517,9.983381293431336e-07,1.0042991249406484e-06,9.983782547351439e-07,1.0043108831053913e-06,1.0836374286782302e-07,1.2188784612759832e-07,1.0826668273011819e-07,1.2177081974454386e-07,3.9408257213047193e-10,5.486800331297633e-10,1.0818128615142086e-08,7.0331478788448955e-09,1.1239384534178498e-08,7.571215382651211e-09
0.009469661745242774,-0.0017720205023860549,0.0008821813210477814,9.983381184344653e-07,1.0042991300973443e-06,9.98378239226368e-07,1.0043108886748087e-06,1.0836373051548079e-07,1.2188783671263081e-07,1.0826667036949136e-07,1.2177081032405113e-07,3.951640903776295e-10,5.48540102229822e-10,1.082165301343052e-08,7.031768944898431e-09,1.1243979497790071e-08,7.569691540254553e-09
0.009471533121541142,0.000273539860099703,0.002007040699033817,9.983100613394794e-07,1.0043532064978645e-06,9.983383506551036e-07,1.0043663462895582e-06,1.0833196029125247e-07,1.2193163175009823e-07,1.0823487883726557e-07,1.218145911561869e-07,3.1768290220668405e-09,3.235351677804158e-10,1.9886405411284613e-08,9.921655447817958e-09,2.3062225906755884e-08,1.0260674989454047e-08
0.009471533849136904,0.0002745260077925866,0.002007478047159006,9.983100837817177e-07,1.0043532275229036e-06,9.98338375531003e-07,1.0043663678516168e-06,1.0833195714310354e-07,1.2193164877771778e-07,1.0823487568083205e-07,1.2181460817828338e-07,3.1756907930515464e-09,3.2344768530201407e-10,1.988327236242691e-08,9.922779042881302e-09,2.3057944675515567e-08,1.0261721250515166e-08
0.009473405225435272,0.0028108978738892176,0.00032940269899280603,9.983678052184094e-07,1.0043969471457031e-06,9.984023563447408e-07,1.0044181889014647e-06,1.083238601040648e-07,1.220041812011069e-07,1.0822675733379583e-07,1.218871121910092e-07,2.481657657149583e-10,1.2912403112777603e-09,1.1825070700410834e-08,7.731889855145138e-09,1.2046617925420833e-08,9.002817237135932e-09
0.009473405953031033,0.0028104645238630687,0.0003287502591218239,9.983678380127473e-07,1.0043969641440012e-06,9.984023958610833e-07,1.0044182090496179e-06,1.0832387855275994e-07,1.220042094018936e-07,1.0822677576867792e-07,1.2188714038074977e-07,2.491918585035415e-10,1.2916165914589328e-09,1.1826336912705689e-08,7.731038031977278e-09,1.2048936967562493e-08,9.002327772122953e-09
0.00947527660173364,0.0016963216066347986,-0.0012243826386328534,9.984521522554833e-07,1.0043801874074556e-06,9.98503992377664e-07,1.0043974205298587e-06,1.0837131014795887e-07,1.2198626084385023e-07,1.082741718505531e-07,1.2186916342308925e-07,2.887276417951057e-09,7.165316947649467e-11,1.5081768722779998e-08,7.597731116529247e-09,1.801119431377174e-08,7.688710580419282e-09
0.009475278056925163,0.0016938053542497522,-0.0012255908322522657,9.984521545180808e-07,1.0043801743567075e-06,9.985039899916984e-07,1.0043974043583148e-06,1.0837133815543818e-07,1.219862468815336e-07,1.08274199824894e-07,1.2186914943868032e-07,2.886695833357398e-09,7.070415086740667e-11,1.5082532913839614e-08,7.597627416089381e-09,1.8011310657205308e-08,7.687688707846974e-09
0.00947714870562777,-0.0015408370867273646,-3.9605903510826334e-05,9.984550630872353e-07,1.0043565242287367e-06,9.985009228330455e-07,1.0043600304621358e-06,1.0840734177008926e-07,1.2190434238565212e-07,1.0831016084011935e-07,1.2178723074299027e-07,2.1403543382092494e-09,1.2165762997667514e-09,1.6064900520973424e-08,1.0623711347781164e-08,1.8160870141059604e-08,1.1830473098290404e-08
0.009477150160819292,-0.0015409808333657024,-3.868331702405747e-05,9.984550155518875e-07,1.0043565058311265e-06,9.985008655698735e-07,1.0043600013887044e-06,1.0840732300822627e-07,1.219042786715363e-07,1.0831014205064102e-07,1.2178716701782832e-07,2.139418012786906e-09,1.2174676822240826e-09,1.6061084975520746e-08,1.0626065360952452e-08,1.8156177141605083e-08,1.1833695801044541e-08
0.009479020809521899,-0.0017257671369488026,0.001894364524650091,9.98393908862358e-07,1.0043912331723356e-06,9.984272537622019e-07,1.004403299233019e-06,1.0838320463335549e-07,1.219072191747427e-07,1.0828598817624879e-07,1.2179010752103471e-07,9.357716823643614e-10,8.078683259771563e-10,1.1156201296103063e-08,5.037713595165016e-09,1.2123326342816654e-08,5.838555780543171e-09
0.00947902153711766,-0.0017245504680035366,0.0018951163907884316,9.983939065264477e-07,1.004391246679664e-06,9.984272509343908e-07,1.0044033160738763e-06,1.0838319441844068e-07,1.2190722031846235e-07,1.0828597795028786e-07,1.2179010866475437e-07,9.369893460679596e-10,8.07709010786084e-10,1.1158590517453945e-08,5.035539984987736e-09,1.2126916244695032e-08,5.836223948563202e-09
0.009480892913416028,0.0014047220592203757,0.0018017225881114397,9.98387898564956e-07,1.0044604277685746e-06,9.984199778045877e-07,1.0044791157235443e-06,1.0835692165755972e-07,1.2200518028549945e-07,1.082596767787436e-07,1.2188804022112817e-07,4.068820391722738e-09,4.1003294316911866e-10,1.730366783192494e-08,1.0550349817949258e-08,2.1360143875881477e-08,1.0981979265338001e-08
0.00948089364101179,0.0014052710785767391,0.0018016862763685637,9.98387929284565e-07,1.004460454666354e-06,9.984200112522893e-07,1.0044791451946367e-06,1.0835692628036788e-07,1.2200521837257838e-07,1.0825968139879022e-07,1.2188807829716097e-07,4.067275138072672e-09,4.098783257244776e-10,1.730138121675602e-08,1.0552493989735012e-08,2.1356313549662473e-08,1.098397994780953e-08
0.009482765017310157,0.00281734886314311,-6.21961691794422e-05,9.984669401191064e-07,1.0044929935104028e-06,9.98506038740743e-07,1.004509828710994e-06,1.0836881614295635e-07,1.2202716560997286e-07,1.0827156415871286e-07,1.2191002553455545e-07,9.288275010232994e-11,1.8660586881366564e-09,1.1420207002288407e-08,7.69519718111318e-09,1.1504714514387615e-08,9.53911216217414e-09
0.009482765744905919,0.002816666239933723,-6.292085131223701e-05,9.984669683375124e-07,1.0044930061615863e-06,9.98506071260569e-07,1.0045098406408215e-06,1.083688309226871e-07,1.2202717414311337e-07,1.0827157893292055e-07,1.2191003406769596e-07,9.438533097340956e-11,1.8666248546850284e-09,1.142193567019464e-08,7.694086257004074e-09,1.150795981304971e-08,9.538550393983769e-09
0.009484637121204287,0.001060959345390522,-0.0007885161349570714,9.985395460781046e-07,1.0044770672922291e-06,9.98589712253306e-07,1.0044944988826429e-06,1.0840684439017423e-07,1.2199178866198091e-07,1.0830957819507603e-07,1.2187460597056857e-07,3.959023331390199e-09,1.004662950297571e-10,1.586806952502684e-08,7.896708444115915e-09,1.98548679719579e-08,8.01211648186505e-09
0.009484637848800048,0.001060027042380387,-0.0007887982482088773,9.985395440634141e-07,1.0044770610951571e-06,9.985897085418042e-07,1.004494492917729e-06,1.0840685631447867e-07,1.219917749040178e-07,1.083095901138574e-07,1.2187459219603625e-07,3.9580297493112995e-09,9.97796081869673e-11,1.5867183203393662e-08,7.896787224126456e-09,1.9852961033214875e-08,8.011523000561738e-09
0.009486509225098416,-0.001337856299686635,-0.0002570892127257211,9.985343622794406e-07,1.0044574924737979e-06,9.985801625589374e-07,1.0044661958970885e-06,1.0843752562550435e-07,1.2196359152603032e-07,1.0834024521955143e-07,1.2184640881804877e-07,1.4025366423808805e-09,1.5499323528993662e-09,1.3587563962857985e-08,9.397432244473439e-09,1.4948314586149536e-08,1.0941916006672429e-08
0.009486509952694178,-0.0013379081054825618,-0.00025688248292965454,9.985343418412109e-07,1.0044574848654693e-06,9.98580137197008e-07,1.0044661848951364e-06,1.0843751757839384e-07,1.2196358056826284e-07,1.0834023717244093e-07,1.2184639786028129e-07,1.4026618116344322e-09,1.5504961758949776e-09,1.3587372573008039e-08,9.398015698991458e-09,1.4948281683505762e-08,1.0943055350765007e-08
0.009488381328992546,-0.001471152612606108,0.0012503469959562594,9.984817747142072e-07,1.0044760872914366e-06,9.985149063140852e-07,1.004484708647604e-06,1.084168204101843e-07,1.2193052476152047e-07,1.0831954000423138e-07,1.2181334205353892e-07,1.724597131769201e-09,9.628355890356488e-10,1.3095117878947349e-08,7.428306188497366e-09,1.4863656083718979e-08,8.39025515299406e-09
0.009488382056588307,-0.0014700516432353077,0.0012509330105281435,9.984817739174096e-07,1.004476094524106e-06,9.985149053862098e-07,1.004484715849685e-06,1.0841680860738736e-07,1.2193051190934057e-07,1.0831952819867292e-07,1.21813329201359e-07,1.7252284078603247e-09,9.62607105137181e-10,1.3096665749903428e-08,7.427540360538387e-09,1.4865806587357339e-08,8.389262617924942e-09
0.009490253432886675,0.0013616415784635238,0.002530611507962013,9.984797245538725e-07,1.0045468707628237e-06,9.98512518890493e-07,1.0045640384216014e-06,1.0838645181365791e-07,1.22000657837013e-07,1.0828916430227764e-07,1.218834609236998e-07,3.3488705142303843e-09,4.666588583795639e-10,1.7077789848940483e-08,9.383676676643855e-09,2.0396901945218815e-08,9.853091857809272e-09
0.009490254160482436,0.001362246965423836,0.0025311090501460853,9.984797557018381e-07,1.0045468982808015e-06,9.985125530009628e-07,1.0045640692624147e-06,1.0838645916210028e-07,1.2200068510992423e-07,1.0828917164519693e-07,1.2188348819108796e-07,3.3476276558587818e-09,4.664660324671388e-10,1.707544512902198e-08,9.384437227311082e-09,2.0393326809263517e-08,9.853660998260239e-09
0.009492125536780804,0.0029193022273465985,0.0004012640311872582,9.985598682695665e-07,1.0046017585189632e-06,9.986002851292142e-07,1.0046235043700253e-06,1.0840535935585649e-07,1.2208963889669718e-07,1.083080576336215e-07,1.2197241356719763e-07,1.5099592409750784e-10,2.017052726187247e-09,1.1044825498629507e-08,7.2760193120341235e-09,1.1198077132235085e-08,9.290882159572008e-09
0.009492126264376566,0.002918426422626735,0.00040043594214411726,9.985598943550307e-07,1.0046017798487603e-06,9.98600315130521e-07,1.0046235274785431e-06,1.0840537689988292e-07,1.2208967348215083e-07,1.0830807516384026e-07,1.2197244814160513e-07,1.5258941497741266e-10,2.017655598152146e-09,1.1046719357366052e-08,7.275199553902212e-09,1.1201573519592294e-08,9.290663349759143e-09
0.009493997640674934,0.0006658566831375667,-0.001714411000456259,9.986269861691403e-07,1.004577175043416e-06,9.986774784920271e-07,1.0045959123138216e-06,1.0845050013585933e-07,1.2204600629266823e-07,1.0835316288648755e-07,1.2192875254145923e-07,4.251047958092613e-09,1.0172147346277044e-10,1.5917724027758595e-08,9.309514468809836e-09,2.0194281802332625e-08,9.412188186332002e-09
0.009493998368270695,0.0006648831631811414,-0.0017152332582099916,9.986269776333252e-07,1.0045771654770063e-06,9.98677467976105e-07,1.0045959015769768e-06,1.0845050769141675e-07,1.220459893147563e-07,1.083531704282373e-07,1.2192873555250117e-07,4.249651055440333e-09,1.0097655350760348e-10,1.591717130497332e-08,9.310305415510811e-09,2.0192306013710656e-08,9.412235435490857e-09
0.009495869744569063,-0.0018390101647450252,-0.0001245209084952694,9.986050235171271e-07,1.004542748327538e-06,9.986504210246494e-07,1.0045477170920304e-06,1.0846994058510973e-07,1.2195534509351738e-07,1.0837256780860116e-07,1.2183807712593058e-07,6.568174337751032e-10,1.591435914083334e-09,1.4495568301242656e-08,7.249904184700092e-09,1.511057767800139e-08,8.837685703866706e-09
0.009495870472164825,-0.0018387326053865474,-0.00012390243557547365,9.986050019522066e-07,1.0045427349460647e-06,9.986503930558315e-07,1.0045476983577828e-06,1.084699303122027e-07,1.219553098508186e-07,1.0837255753017107e-07,1.2183804187770875e-07,6.575759106380581e-10,1.5920154083914895e-09,1.4494545571559185e-08,7.249103095574583e-09,1.5110345407435525e-08,8.837462317501377e-09
0.009497741848463193,-0.0011248499353814778,0.002095423432185256,9.985495369767761e-07,1.0045796618181545e-06,9.985784572563716e-07,1.0045892754098664e-06,1.0844350839533945e-07,1.2195234208992875e-07,1.0834612140797617e-07,1.218350741168189e-07,2.608378402157996e-09,1.1477725987115157e-09,1.1864084825674581e-08,8.258194603674193e-09,1.4512945512024089e-08,9.412647925010218e-09
0.009497743303654715,-0.0011224153134530308,0.002097149191024883,9.985495498179862e-07,1.0045796905326741e-06,9.98578471748903e-07,1.004589307740389e-06,1.08443487816387e-07,1.2195233978218312e-07,1.0834610081797757e-07,1.2183507180907327e-07,2.6085419688610373e-09,1.1474271532918578e-09,1.1867866496768658e-08,8.25897927825281e-09,1.4516837105984847e-08,9.413095192201126e-09
0.009499613952357322,0.0020072911755655287,0.002022324490753649,9.98566057193597e-07,1.0046567503248137e-06,9.98597101897758e-07,1.0046791641290744e-06,1.0841703357300503e-07,1.2205842655207398e-07,1.0831963237478703e-07,1.2194113017934696e-07,2.818806965620979e-09,4.603560196928756e-10,1.6729204688203936e-08,8.997685270081825e-09,1.9519481142538098e-08,9.450013807017497e-09
0.009499615407548845,0.00200808110645088,0.0020222662840634342,9.985661304075334e-07,1.0046568102701986e-06,9.985971843140902e-07,1.0046792340290267e-06,1.0841705637441527e-07,1.220585090777604e-07,1.0831965516515544e-07,1.2194121268294111e-07,2.817011794340078e-09,4.5982154195378655e-10,1.6725114911598843e-08,8.998259914960727e-09,1.9513626962581104e-08,9.450042526282232e-09
0.009501486783847213,0.0030239322250122935,3.729498414049327e-05,9.986602835297699e-07,1.004695337969055e-06,9.987031717173522e-07,1.0047134404676324e-06,1.0844637898799192e-07,1.22106480482732e-07,1.0834896357891921e-07,1.219891414719178e-07,5.084215271011772e-10,2.303562360866124e-09,1.146566219745182e-08,5.986318539031264e-09,1.1985151537885486e-08,8.295886852800857e-09
0.009501487511442974,0.00302283801617989,3.652322235980776e-05,9.986603070490491e-07,1.0046953529487203e-06,9.987031970792818e-07,1.004713453767181e-06,1.0844639659829517e-07,1.2210649913413363e-07,1.0834898117817633e-07,1.219891601067502e-07,5.099490249253928e-10,2.3042792118843636e-09,1.1467103763150951e-08,5.985147488729581e-09,1.198811901516636e-08,8.29543811420308e-09
0.009503358887741342,0.0002085328992370572,-0.0010016937146713272,9.987207986352374e-07,1.004677283422866e-06,9.987684279622044e-07,1.0046942481587943e-06,1.0849169029825134e-07,1.220530728818096e-07,1.083942464674692e-07,1.2193571964909453e-07,4.438673428808215e-09,2.0015320728277539e-10,1.5174810741314104e-08,1.0522799192696998e-08,1.962047058157168e-08,1.0723912361567044e-08
0.009503359615337104,0.00020768784866692706,-0.0010020973759998775,9.987207858495658e-07,1.0046772763973894e-06,9.987684129836433e-07,1.004694240691606e-06,1.0849169357619238e-07,1.2205305210954975e-07,1.0839424973436409e-07,1.2193569887131162e-07,4.437076280680856e-09,1.99335117856414e-10,1.5174286361189343e-08,1.0524563442970702e-08,1.9618338066566747e-08,1.0724856558397278e-08
0.009505230991635472,-0.0019657822177077677,-0.00019056605021740725,9.986879011023166e-07,1.0046549630813794e-06,9.987298881242168e-07,1.0046674210254565e-06,1.0850012444052481e-07,1.220211469346708e-07,1.0840265218803324e-07,1.2190376528576935e-07,3.292112971120531e-10,1.584901511888695e-09,1.3825580680304483e-08,6.46325468595298e-09,1.4133509473879258e-08,8.03844722598809e-09
0.009505231719231233,-0.001965277185027774,-0.0001902505248185804,9.986878819511568e-07,1.0046549544059066e-06,9.987298639110854e-07,1.0046674105979037e-06,1.0850011487733207e-07,1.220211345298594e-07,1.0840264262207896e-07,1.2190375286991184e-07,3.302961406993866e-10,1.5854402235504494e-09,1.3825321033615051e-08,6.461675639002351e-09,1.4134354776374615e-08,8.03740274335496e-09
0.009507103095529601,-0.0006663331320842514,0.0011527307509406406,9.98638625168355e-07,1.0046729855756845e-06,9.986675877371454e-07,1.0046812696152648e-06,1.0847551834558544e-07,1.2199580206369926e-07,1.0837803898766651e-07,1.2187840620393882e-07,3.120513847321149e-09,1.193716531130723e-09,1.3157509748396023e-08,8.158625163525555e-09,1.6308472794435147e-08,9.366032196725074e-09
0.009507104550721124,-0.0006642623010408809,0.0011537750598642482,9.986386445586846e-07,1.0046729995968119e-06,9.986676084074795e-07,1.0046812803921057e-06,1.0847550153437619e-07,1.219957823650475e-07,1.0837802215437357e-07,1.218783864942452e-07,3.119990196613617e-09,1.193411924838017e-09,1.315927908607248e-08,8.159944719920986e-09,1.630966885676401e-08,9.367065345600167e-09
0.009508975927019492,0.001998826420733568,0.002254186110764269,9.986635805222656e-07,1.0047367833809607e-06,9.986941904571722e-07,1.0047551481166697e-06,1.0845388231928155e-07,1.220483562974727e-07,1.0835637453965319e-07,1.2193094622133876e-07,2.4465753867275453e-09,3.797883759867669e-10,1.5434647337997376e-08,9.749941276327033e-09,1.7847805011683704e-08,1.0118280572084344e-08
0.009508976654615253,0.001999164861554144,0.0022546139533190512,9.98663615944982e-07,1.0047368081802547e-06,9.986942305325558e-07,1.0047551768366247e-06,1.0845389298708796e-07,1.2204837673834845e-07,1.0835638520469806e-07,1.2193096665669145e-07,2.4459376445689422e-09,3.7947203712640487e-10,1.5433193103415158e-08,9.750559470944609e-09,1.784573581555001e-08,1.0118572646433677e-08
0.009510848030913621,0.002869634652075348,0.0008314994088875623,9.987547231715939e-07,1.0047945506197349e-06,9.987973044189857e-07,1.0048165438693394e-06,1.0848133058516396e-07,1.2215363824585206e-07,1.0838381570010824e-07,1.220362139588634e-07,8.05664812641993e-10,1.8233474194264853e-09,1.1692901757953678e-08,5.5421296453927505e-09,1.2523763359695295e-08,7.369083651013156e-09
0.009510848758509383,0.002868656589029191,0.0008309460984115002,9.987547466199176e-07,1.004794573070139e-06,9.987973293832545e-07,1.0048165677289944e-06,1.0848134835839773e-07,1.221536791717881e-07,1.0838383346505741e-07,1.2203625487927638e-07,8.070269645800702e-10,1.8239088017679705e-09,1.1694461615003526e-08,5.540493397404589e-09,1.2526672485414472e-08,7.368014642850085e-09
0.00951272013480775,0.0003530784343137583,-0.001403985844269769,9.988150557087808e-07,1.0047838168176147e-06,9.988615374822984e-07,1.0048014591281006e-06,1.0852706111563748e-07,1.2211792404298133e-07,1.0842952491429969e-07,1.22000457151031e-07,4.3104817493144765e-09,8.526968055067055e-11,1.570641394721406e-08,1.106575152117771e-08,2.000894383513696e-08,1.1158329867789581e-08
0.009512721589999273,0.00035114878822755025,-0.001405723738470921,9.988150298456962e-07,1.0047838084534991e-06,9.988615081551578e-07,1.0048014473795774e-06,1.0852706672489482e-07,1.2211789623961522e-07,1.0842953051251518e-07,1.2200042931453936e-07,4.3072464862253626e-09,8.39177061173757e-11,1.570414991141071e-08,1.1070047989392151e-08,2.0003441838971896e-08,1.116127723577165e-08
0.009514592966297641,-0.002130376078635976,-6.470013998808753e-05,9.987817699188288e-07,1.004756301046783e-06,9.988237934521749e-07,1.004765422658521e-06,1.085342802298328e-07,1.220221380989834e-07,1.084367298176403e-07,1.219046569685759e-07,1.466981536246692e-10,1.1775949014765294e-09,1.2792599868305388e-08,7.051827998509032e-09,1.2927874770696235e-08,8.214057126491965e-09
0.009514593693893403,-0.002129834192110742,-6.417874667608015e-05,9.987817490624554e-07,1.0047562903518348e-06,9.98823767339108e-07,1.0047654086520197e-06,1.0853426899867343e-07,1.2202210086798004e-07,1.0843671857543479e-07,1.2190461973204947e-07,1.4799716204892324e-10,1.1780201258915213e-09,1.2793185107464849e-08,7.050265704577896e-09,1.292977422050385e-08,8.212911239979803e-09
0.00951646507019177,-0.0007361020492089865,0.0018418666423522423,9.987281064701731e-07,1.0047895853183843e-06,9.987566045310814e-07,1.0047993746044048e-06,1.0850538245676944e-07,1.2203461090311855e-07,1.084078036228675e-07,1.2191714396700085e-07,3.4890468292303467e-09,4.948340697742486e-10,1.4298420225600239e-08,8.560042614475345e-09,1.7815159125689206e-08,9.072322076872103e-09
0.009516466525383294,-0.0007336454099138804,0.0018433487927325132,9.987281310554982e-07,1.0047896112087161e-06,9.98756629794823e-07,1.0047994010164985e-06,1.0850536599337832e-07,1.2203462063098414e-07,1.0840778714843454e-07,1.2191715370590828e-07,3.4878476358482655e-09,4.94302820897019e-10,1.4298745646719971e-08,8.561216624514145e-09,1.7814237429748538e-08,9.072990359015876e-09
0.009518337901681662,0.002425592723592551,0.0013528537204976886,9.987597477835418e-07,1.0048494206161752e-06,9.987891189666698e-07,1.0048713368159584e-06,1.0848419407238907e-07,1.2212677061737765e-07,1.0838660102763242e-07,1.2200928948697013e-07,1.9456849464916104e-09,4.5330107323339927e-10,1.4717237206696154e-08,1.0036337327391313e-08,1.662893645004715e-08,1.0475741999817861e-08
0.009518338629277423,0.0024257476216828703,0.0013526630147930874,9.987597859804146e-07,1.0048494438702217e-06,9.987891641674607e-07,1.0048713647847762e-06,1.0848420745202201e-07,1.2212680644552165e-07,1.083866144100269e-07,1.2200932530959108e-07,1.9454021810581387e-09,4.5328513165188156e-10,1.4716536327603947e-08,1.0036910857991188e-08,1.662797715832608e-08,1.0476287393146322e-08
0.009520210005575791,0.0028241455099833335,0.0001963400176749233,9.98858028337444e-07,1.0048784231324754e-06,9.98905420601659e-07,1.004895797955209e-06,1.0851861986793665e-07,1.2215832807644615e-07,1.0842103392860736e-07,1.2204083273518391e-07,1.2181294861690617e-09,9.1412473477543e-10,1.2913875302444922e-08,5.833100428724259e-09,1.4160678851737885e-08,6.748861638990801e-09
0.009520210733171552,0.002822899288020791,0.00019589043641632387,9.988580460945328e-07,1.0048784343996846e-06,9.989054392402935e-07,1.0048958074548864e-06,1.085186391028309e-07,1.2215834033213469e-07,1.0842105315245977e-07,1.220408449853494e-07,1.2193593814447302e-09,9.143039103598483e-10,1.2914573234013283e-08,5.831465976768868e-09,1.4162589431521708e-08,6.747412406582498e-09
0.009522082837065682,-0.00038362982160122794,-0.0003852430299419084,9.989037350837717e-07,1.004874885294105e-06,9.989533964471775e-07,1.0048880797533032e-06,1.0856813048576441e-07,1.22109956965237e-07,1.0847051612472569e-07,1.2199244741311793e-07,4.383879925740075e-09,1.105574792432648e-11,1.471035115940822e-08,1.099655730576807e-08,1.9078511215298022e-08,1.1019764206384057e-08
0.009522083564661443,-0.0003844097729854141,-0.0003854688882654056,9.989037148997228e-07,1.0048748839147403e-06,9.989533720131234e-07,1.0048880767499213e-06,1.0856813030902622e-07,1.221099381609747e-07,1.0847051594522598e-07,1.219924286033347e-07,4.382213524072451e-09,1.0704699279773244e-11,1.4709740771302482e-08,1.0998564725639426e-08,1.907624058665027e-08,1.1021424661805668e-08
0.009523954940959811,-0.002390444733112229,0.00032785096542964137,9.988518015260069e-07,1.0048738108566736e-06,9.988905276259175e-07,1.0048884176778808e-06,1.0856767573841353e-07,1.2208773522761058e-07,1.0847005427194745e-07,1.2197022566997058e-07,9.622843494261346e-11,7.935112117137025e-10,1.3139822563346115e-08,7.40213610076557e-09,1.3236183704634641e-08,8.173957942683498e-09
0.009523955668555573,-0.0023895756004321676,0.00032812830596373743,9.988517830178482e-07,1.004873810439466e-06,9.988905059397336e-07,1.0048884178104345e-06,1.0856766438463624e-07,1.2208772659505485e-07,1.0847004292093063e-07,1.2197021703741484e-07,9.769237154265419e-11,7.938155688336224e-10,1.3140392097923604e-08,7.4007378003670965e-09,1.3238222356365019e-08,8.172850840537649e-09
0.009525827772449702,-0.00015329721463441803,0.0012867234906158145,9.98804161525788e-07,1.0049040491175323e-06,9.988347073885961e-07,1.0049142146966018e-06,1.0853845111569171e-07,1.2208930338710583e-07,1.0844083675465299e-07,1.2197179382946582e-07,3.864401243447446e-09,1.6466936727574258e-10,1.4605804565803737e-08,7.400165591765262e-09,1.8483673258629096e-08,7.583808030325882e-09
0.009525828500045463,-0.00015229089433842888,0.001287096049956915,9.988041781343813e-07,1.0049040608698361e-06,9.98834725239153e-07,1.0049142247225973e-06,1.085384460510381e-07,1.2208930399992823e-07,1.084408316844763e-07,1.2197179444228823e-07,3.863709100813701e-09,1.6442484873646634e-10,1.4605440662225309e-08,7.4001653693756e-09,1.8482604500039674e-08,7.583579098024984e-09
0.009527699876343831,0.0024359649069456424,0.0012992768402184268,9.988468954365458e-07,1.004952461816344e-06,9.988806368710357e-07,1.0049712511710834e-06,1.0852541976191787e-07,1.2213092365145035e-07,1.0842779119002444e-07,1.2201342829362322e-07,2.083518246820404e-09,4.388789566917669e-10,1.3669480658506927e-08,1.0681104463296638e-08,1.5733757408042948e-08,1.1112457130772534e-08
0.009527701331535354,0.0024358272850973956,0.0012992863120615539,9.988469637490222e-07,1.004952499453161e-06,9.988807152180114e-07,1.0049712955151335e-06,1.0852544348523232e-07,1.221309560150985e-07,1.084278149078308e-07,1.220134606683132e-07,2.0830348865263225e-09,4.3909237357198094e-10,1.3670150812533945e-08,1.0683655737864228e-08,1.5733974034071002e-08,1.1115201203892866e-08
0.009529573435429484,0.002258776777328043,0.00021460559730623885,9.989348477498528e-07,1.0049808410825493e-06,9.989815086023308e-07,1.0050019909613184e-06,1.0855596352926096e-07,1.221915510996041e-07,1.0845832786571037e-07,1.220740273311094e-07,1.4611918681907755e-09,5.250160306502494e-10,1.4532303968291884e-08,5.761573440565826e-09,1.6012663419163063e-08,6.278907171974879e-09
0.00952957707340829,0.0022584327227074263,0.00021304614089088573,9.989350185310438e-07,1.0049808274911708e-06,9.989817044697702e-07,1.0050019589399675e-06,1.0855602283754706e-07,1.221914583205002e-07,1.0845838716022627e-07,1.2207393452440086e-07,1.4599834674555723e-09,5.242008506749057e-10,1.4533979353359427e-08,5.7704016166045965e-09,1.6013204984233198e-08,6.286976438545532e-09
0.009531446266919374,-3.6981995595293873e-06,-0.0005882025653175527,9.98977081586599e-07,1.0049738442408872e-06,9.990258427440886e-07,1.0049855063698487e-06,1.0859973561436239e-07,1.2214378841690632e-07,1.0850207866216644e-07,1.2202625043755688e-07,4.788426826165042e-09,1.0536137934336054e-10,1.2884979736370358e-08,1.0306318465325148e-08,1.7659633887141224e-08,1.0432965602547029e-08
0.009531449904898182,-8.100945612987687e-06,-0.0005854917856906031,9.989771634531922e-07,1.0049738522118524e-06,9.99025928649644e-07,1.0049855163075095e-06,1.0859982069177931e-07,1.2214368200112364e-07,1.0850216369817645e-07,1.220261440217742e-07,4.794904917559961e-09,1.0652643031852677e-10,1.2881770317108021e-08,1.0303128248521651e-08,1.7662838303067474e-08,1.0430852742025935e-08
0.009533319098409265,-0.002030316042363391,0.0008073067866360972,9.989390026409188e-07,1.0049779476937397e-06,9.989812056704266e-07,1.0049906222775462e-06,1.086085609694436e-07,1.2208900557197921e-07,1.0851089688145952e-07,1.2197146759262978e-07,8.05951291071391e-11,7.051296213589353e-10,1.4650873992251737e-08,8.663994854885004e-09,1.4734668812796427e-08,9.345265006288628e-09
0.009533322008792311,-0.002033464684008779,0.0008086776189893892,9.989389432235388e-07,1.0049780203485852e-06,9.989811360355816e-07,1.0049906980982277e-06,1.0860857457828388e-07,1.2208907706257518e-07,1.0851091047925365e-07,1.2197153908322575e-07,7.325482581643783e-11,7.041174701635013e-10,1.465362853281249e-08,8.66159485526635e-09,1.4730109576532868e-08,9.341915716880389e-09
0.009535191202303395,-0.0006901919067448534,0.0016890946978911359,9.988880816792592e-07,1.0050246829231447e-06,9.989209990551477e-07,1.0050393939309288e-06,1.0857691756405552e-07,1.221349918978376e-07,1.0847923219015013e-07,1.2201745391848817e-07,4.758955570118333e-09,5.406336489599539e-11,1.2698005664127171e-08,7.120195100185356e-09,1.7459019196952664e-08,7.190834594439366e-09
0.009535194840282202,-0.0006875775183110971,0.0016867768832421223,9.988879826883205e-07,1.0050247624121962e-06,9.989208820115891e-07,1.0050394818240162e-06,1.0857685595055955e-07,1.2213508346233857e-07,1.0847917053524725e-07,1.2201754545538452e-07,4.76807526794687e-09,5.535662116902451e-11,1.269419946936523e-08,7.127716727467348e-09,1.7464330426264496e-08,7.1996123523779834e-09
0.009537064033793285,0.0027400977359695027,0.0004958837165789376,9.98926472961142e-07,1.0050656038869381e-06,9.989574180638527e-07,1.005084641292342e-06,1.0855432585777202e-07,1.2218212930292793e-07,1.0845661916758457e-07,1.2206457711272378e-07,1.7557341150742936e-09,7.198316942513827e-10,1.2735264410677085e-08,1.0992328824954711e-08,1.4485183951383329e-08,1.1709624381239792e-08
0.009537067671772093,0.0027467689606761603,0.0004945572183132121,9.989265478740903e-07,1.0050656151241498e-06,9.989574891733355e-07,1.0050846512300027e-06,1.0855428200784445e-07,1.2218214299481594e-07,1.0845657527625008e-07,1.2206459074940255e-07,1.7498712479024903e-09,7.192370215008169e-10,1.2735344334657839e-08,1.0983364216567313e-08,1.447938569043572e-08,1.1700047960602563e-08
0.009538936865283176,0.003060632345381205,-0.00018699759061657772,9.990351085770926e-07,1.005071388803573e-06,9.990835988939203e-07,1.0050897572000395e-06,1.0859201702155903e-07,1.2218917788686667e-07,1.0849429610120222e-07,1.220715972749531e-07,2.2780061394678328e-09,4.1369416226011424e-10,1.5207158884910433e-08,6.377348427122342e-09,1.749440282201915e-08,6.7796830371946726e-09
0.009538939775666222,0.0030611210388568066,-0.00018700103274206723,9.990352776089384e-07,1.0050713778544406e-06,9.990837952500442e-07,1.0050897356379808e-06,1.0859207577595953e-07,1.221891376789295e-07,1.0849435483351044e-07,1.2207155704492365e-07,2.2788284592678565e-09,4.136151586516052e-10,1.5211007564630563e-08,6.383338904399244e-09,1.7499097282325238e-08,6.785645575340235e-09
0.009540808969177306,-0.0007485965441173309,-0.0001892117378377023,9.99078364570018e-07,1.005064345774085e-06,9.991333798924019e-07,1.0050758874058374e-06,1.086507518816328e-07,1.22163314131285e-07,1.0855301675593361e-07,1.220457193085167e-07,4.7872623378198716e-09,3.628750910866785e-10,1.0681716953067187e-08,1.0230722935489212e-08,1.5459235659016626e-08,1.061508569932812e-08
0.009540812607156113,-0.0007560113311608774,-0.00018760945719098726,9.990784484294206e-07,1.0050643620151357e-06,9.991334763981286e-07,1.0050759083853432e-06,1.0865086608191632e-07,1.2216324332545294e-07,1.0855313092861252e-07,1.2204564847508003e-07,4.792144459031533e-09,3.6394851430481396e-10,1.0672901673558499e-08,1.0226133889433336e-08,1.5455265511832295e-08,1.0611476201235318e-08
0.009542681800667197,-0.00286755714260179,0.0006356423390911914,9.990106401050502e-07,1.0050727066669658e-06,9.990467883735032e-07,1.005086687655421e-06,1.086421575663535e-07,1.221268632889405e-07,1.085443940465495e-07,1.220092542553175e-07,1.2963503922444601e-10,9.154733637828372e-10,1.6188809301645243e-08,7.8682820259246e-09,1.632662589221174e-08,8.756916081154031e-09
0.009542685438646004,-0.0028716668074741936,0.0006378736547966899,9.990105081308883e-07,1.0050727947048162e-06,9.990466196541092e-07,1.0050867770943668e-06,1.0864214061712119e-07,1.2212690254270005e-07,1.0854437704210795e-07,1.2200929348147242e-07,1.2056047826725091e-10,9.138089689619158e-10,1.6199544816686284e-08,7.8680777845697e-09,1.6328321805758605e-08,8.755148581944792e-09
0.009544554632157087,0.00040489643346078383,0.0017843236642818283,9.989645186198002e-07,1.0051180285523217e-06,9.989912482457098e-07,1.0051327308246982e-06,1.0859249215013804e-07,1.2214707112434553e-07,1.0849472148349976e-07,1.220294478798678e-07,5.2692176379406155e-09,5.864290997248389e-11,1.1390739576637834e-08,7.76313857642208e-09,1.665386462663821e-08,7.847007488237523e-09
0.009544558270135894,0.00041127355148518063,0.001782325298782822,9.98964429111215e-07,1.0051181209529368e-06,9.98991140477301e-07,1.005132833955532e-06,1.0859239552019062e-07,1.2214720133530453e-07,1.0849462483975003e-07,1.2202957800801295e-07,5.279238379785056e-09,6.103933987690981e-11,1.1381380282671216e-08,7.769670426506634e-09,1.665449822496612e-08,7.855866436518512e-09
0.009546427463646978,0.003316163963315371,0.0007555651053934298,9.990342078106687e-07,1.0051655963890084e-06,9.99072495599888e-07,1.0051858225779142e-06,1.08596884518848e-07,1.2221410372603714e-07,1.0849909965515731e-07,1.2209643784899527e-07,9.61290383476701e-10,1.2923250247709461e-09,1.3744104979043228e-08,1.112573499995051e-08,1.4706150477130156e-08,1.2407594063290617e-08
0.009546431101625785,0.0033218177009795014,0.0007523956857571146,9.990343436197374e-07,1.0051655920057162e-06,9.990726539399475e-07,1.0051858214737297e-06,1.0859689325570798e-07,1.2221415857640296e-07,1.0849910836441268e-07,1.2209649267175647e-07,9.52886436422773e-10,1.2905072574538054e-09,1.374870350900892e-08,1.111560604365641e-08,1.4702358441809338e-08,1.2395649969126584e-08
0.009548300295136869,0.0014183786375038115,-0.0008760521233816543,9.99122891664741e-07,1.0051633398701942e-06,9.9917242931744e-07,1.0051852541437256e-06,1.0864809340498006e-07,1.2224234069435624e-07,1.0855030851368475e-07,1.2212466060645966e-07,3.355077172771133e-09,3.5653840990690355e-10,1.424628035111209e-08,5.9113482997474875e-09,1.760681584964679e-08,6.2587743876463264e-09
0.009548303205519915,0.0014154149332399335,-0.0008753826642443077,9.991230295363566e-07,1.005163301415091e-06,9.991725846703048e-07,1.005185194076088e-06,1.0864817312494779e-07,1.2224222667626318e-07,1.0855038823365248e-07,1.221245465883666e-07,3.358817446397211e-09,3.572851666167261e-10,1.4247055091232141e-08,5.918135857917327e-09,1.7611338165579582e-08,6.266359643215969e-09
0.00955017312662676,-0.001199447948229509,-0.0004452551684991646,9.991269918460672e-07,1.0051385940111537e-06,9.99172698180473e-07,1.0051466006189003e-06,1.0867817528127992e-07,1.2216897005146166e-07,1.0858036910682807e-07,1.2205128996356507e-07,3.833020584519637e-09,8.370763526777125e-10,1.1352280649495872e-08,1.0279141982039164e-08,1.5176706454978715e-08,1.1139886346711592e-08
0.009550176037009805,-0.0012035177737259595,-0.00044220827392455224,9.991269980130862e-07,1.0051386252901073e-06,9.991726983571425e-07,1.005146636928185e-06,1.0867822197724308e-07,1.221688954499825e-07,1.085804157696657e-07,1.2205121531802122e-07,3.833758643878582e-09,8.375291869163808e-10,1.1347775163983442e-08,1.0276702077430062e-08,1.5172917144923304e-08,1.1137823771966656e-08
0.009552048868499696,-0.0014449960869696299,0.001518468384838505,9.99077395811489e-07,1.0051587532967772e-06,9.99112899080501e-07,1.0051700019528287e-06,1.0867058364283366e-07,1.2212088939813556e-07,1.0857276322440157e-07,1.2200318091056188e-07,7.201645391141653e-10,1.1289280194994282e-09,1.5586198998107648e-08,8.706623461472814e-09,1.6315082618234555e-08,9.810556923600967e-09
0.009552050323691219,-0.001443655037573428,0.001519991832125811,9.990773788721633e-07,1.005158768936254e-06,9.991128793818491e-07,1.005170020107471e-06,1.0867056100705109e-07,1.2212085209739598e-07,1.0857274058309808e-07,1.2200314358778996e-07,7.240725236863916e-10,1.1291544366187622e-09,1.5582879245968054e-08,8.705403509168264e-09,1.6315660283405713e-08,9.8095256362285e-09
0.009553921699989587,0.00028093448594224135,0.0021072351247888844,9.990555948992633e-07,1.0052266565473282e-06,9.99087546915689e-07,1.005247380687987e-06,1.086414513906675e-07,1.2221066591379903e-07,1.0854362386680805e-07,1.2209295740419301e-07,5.749740683569371e-09,2.2604861227258823e-10,1.1313677994451155e-08,7.2470707463223845e-09,1.7058537693515063e-08,7.486477075150902e-09
0.00955392315518111,0.00028287044984530554,0.0021076917680957763,9.990556393328746e-07,1.0052267093370725e-06,9.990875931147692e-07,1.0052474408439593e-06,1.0864144675309254e-07,1.2221073575346963e-07,1.0854361922371216e-07,1.2209302724386362e-07,5.7455212469114054e-09,2.253463526891153e-10,1.131585913774269e-08,7.245936739508352e-09,1.7056500165982546e-08,7.484670661028758e-09
0.009555794531479478,0.002772520029185835,0.0001498513825651548,9.99112780956952e-07,1.0052689422193556e-06,9.991470051318174e-07,1.0052889204123682e-06,1.0863548283168711e-07,1.2227244371414382e-07,1.085376482024003e-07,1.221547067938745e-07,3.19325704767337e-10,1.984032609641637e-09,1.4120809410655966e-08,9.42851536431446e-09,1.4436239759163527e-08,1.1413650538922919e-08
0.00955579525907524,0.002772344658614243,0.00014909016935149566,9.991128180180331e-07,1.0052689586396054e-06,9.991470471349965e-07,1.0052889365397277e-06,1.086355014371962e-07,1.2227246770635247e-07,1.0853766680238847e-07,1.2215473077503702e-07,3.21136916474154e-10,1.9847163912345422e-09,1.4120374986166146e-08,9.429363956314774e-09,1.4437623747830959e-08,1.1415178136076065e-08
0.009557667362969369,0.002321116177908006,-0.0010008295432436072,9.99208176179819e-07,1.0052530048268519e-06,9.992551213144907e-07,1.0052718901391766e-06,1.0868337341207734e-07,1.22241400641348e-07,1.0858552457193582e-07,1.2212363529936496e-07,4.98138463811415e-09,1.292020269316282e-10,1.3002600773859285e-08,7.608651230946973e-09,1.7998626589132982e-08,7.726601631149295e-09
0.00955766809056513,0.002319560725407705,-0.0010012764611264657,9.992081808255007e-07,1.0052529986263805e-06,9.992551282929368e-07,1.0052718835140695e-06,1.0868339390022104e-07,1.2224138856709033e-07,1.0858554505455859e-07,1.2212362321406545e-07,4.9804535658353905e-09,1.2848087871386582e-10,1.3002509310460228e-08,7.607943608434198e-09,1.799758992619067e-08,7.72516806080148e-09
0.00955954019445926,-0.0016826185578668884,-0.0001346425445638951,9.992201341643094e-07,1.0052317393480325e-06,9.992730838348507e-07,1.0052409727077368e-06,1.0873610989392546e-07,1.2219240857617337e-07,1.0863824684292922e-07,1.220746432231485e-07,2.58480459258692e-09,1.829306593619509e-09,1.2767173984684632e-08,8.384442666873519e-09,1.533025617561634e-08,1.0229057904257957e-08
0.009559540922055021,-0.0016830051834331014,-0.00013430572609651747,9.992201024381415e-07,1.0052317310855846e-06,9.992730437750365e-07,1.0052409606942092e-06,1.0873609894041506e-07,1.221923895400323e-07,1.0863823588665837e-07,1.2207462418700743e-07,2.584582172990582e-09,1.8299676218802574e-09,1.2767394143204382e-08,8.384744454303927e-09,1.5330269566614053e-08,1.0230031044500265e-08
0.00956141302594915,-0.002677792765299003,0.0014961401850913667,9.991384710079604e-07,1.0052572497676337e-06,9.991699698730372e-07,1.0052659523724074e-06,1.087079155581705e-07,1.2215424883114554e-07,1.086100454017469e-07,1.2203648347812066e-07,2.0122965516122804e-09,1.0823312737097965e-09,1.3333862014519582e-08,7.942105978873192e-09,1.5364724603728064e-08,9.008284988633764e-09
0.009561414481140673,-0.0026742829992892018,0.001497407535197226,9.991384588059369e-07,1.0052572696033757e-06,9.991699511460677e-07,1.005265971798508e-06,1.0870787314092234e-07,1.2215421918426728e-07,1.0861000297345689e-07,1.220364538312424e-07,2.0144886805045715e-09,1.0817501339133173e-09,1.3333179086058326e-08,7.941761914764811e-09,1.5366210627671174e-08,9.007335322053223e-09
0.009563285857439041,0.0018392760893153337,0.0023436435110701153,9.991227670036045e-07,1.005329162436618e-06,9.991458682634402e-07,1.0053492395011779e-06,1.0865332455978205e-07,1.2223059997769525e-07,1.0855544019250374e-07,1.2211283462467037e-07,4.833566435991088e-09,9.024651825287576e-10,1.2454933084882214e-08,8.09219206984517e-09,1.7277237418511504e-08,9.010175284627233e-09
0.009563287312630564,0.001840859260834995,0.002344301548376393,9.991228501837187e-07,1.005329218340843e-06,9.991459692300722e-07,1.005349304250558e-06,1.086533512258381e-07,1.2223065937178035e-07,1.0855546684751794e-07,1.2211289401875547e-07,4.830061848345361e-09,9.023257696583187e-10,1.2455855719379721e-08,8.092309045082402e-09,1.7274664434641166e-08,9.010177492996263e-09
0.009565158688928932,0.003876817835119395,-2.3276128625274953e-05,9.99229819810613e-07,1.0053726190076375e-06,9.99275812318956e-07,1.0053951980457538e-06,1.0868764377391926e-07,1.2233727156680866e-07,1.0858974519578624e-07,1.2221947781415804e-07,3.231621359400805e-10,2.7912086179440393e-09,1.3642363683175063e-08,7.482555768118043e-09,1.3965807177385159e-08,1.0259138896258982e-08
0.009565160144120455,0.003873763221373117,-2.5117168809568602e-05,9.992298754330938e-07,1.005372652756212e-06,9.992758743299583e-07,1.0053952337329974e-06,1.0868769785135591e-07,1.2233735446898208e-07,1.0858979925666012e-07,1.2221956069424778e-07,3.271696644501063e-10,2.792677422647216e-09,1.3641320050067994e-08,7.482081620935332e-09,1.3968779134866273e-08,1.026011009486183e-08
0.009567031520418823,-5.4470056340127915e-05,-0.0019651202826849222,9.993014059434672e-07,1.0053353796935026e-06,9.993556204790366e-07,1.0053520663018725e-06,1.0875724143488696e-07,1.2227866664239017e-07,1.0865932154047186e-07,1.2216084446803014e-07,5.480851328343306e-09,4.244480779646057e-11,1.2299207874377771e-08,6.323282816979278e-09,1.779071645557906e-08,6.3700935463202144e-09
0.009567032975610346,-5.6317640581597975e-05,-0.001966628838761031,9.993013697560405e-07,1.0053353507097836e-06,9.99355572248257e-07,1.0053520327346632e-06,1.0875723868546752e-07,1.2227862100644415e-07,1.0865931878001057e-07,1.2216079881000041e-07,5.477346131347315e-09,4.0306213228147314e-11,1.230065156181621e-08,6.322381729262361e-09,1.778863734790826e-08,6.367068650092733e-09
0.009568904351908714,-0.0024323109751120953,0.0003262882532589981,9.992548327252255e-07,1.0053046871311892e-06,9.992935474656406e-07,1.0053092060990472e-06,1.0875370293206288e-07,1.2215968337384465e-07,1.0865576882679306e-07,1.2204186117740091e-07,9.696627945032787e-10,3.255733128840516e-09,1.4157233607647868e-08,8.628364777735076e-09,1.511490488326217e-08,1.189582702773832e-08
0.009568905807100236,-0.0024305886071656286,0.0003280712370008487,9.992547941927085e-07,1.0053046632870379e-06,9.992935027682513e-07,1.0053091727968422e-06,1.0875367743644241e-07,1.2215959088734962e-07,1.0865574332013075e-07,1.2204176869090588e-07,9.7160729034967e-10,3.258233460812221e-09,1.4157313902565608e-08,8.630157921629689e-09,1.5116947635657793e-08,1.1900126217767593e-08
0.009570777183398604,-0.0002156234280092928,0.0026472924332941643,9.992052413758922e-07,1.0053603772866642e-06,9.992360219257534e-07,1.0053705159884407e-06,1.0872089006852548e-07,1.2217971202218648e-07,1.0862294175240095e-07,1.2206190402555561e-07,3.47222894880872e-09,7.217573303243227e-10,1.4260573166779977e-08,6.38005379926552e-09,1.7743927216429256e-08,7.075039123153006e-09
0.009570778638590127,-0.00021398550695960795,0.002649095871238405,9.992052657878432e-07,1.0053604206101476e-06,9.992360503585004e-07,1.0053705636892118e-06,1.0872088867227451e-07,1.2217972766848106e-07,1.0862294034511242e-07,1.2206191968289204e-07,3.471920075709023e-09,7.19784953862046e-10,1.425836752347444e-08,6.37830410710194e-09,1.7741392769817668e-08,7.071287111415359e-09
0.009572650742484257,0.0018931999234599317,0.0017132072670630895,9.992366717627416e-07,1.0054420806475875e-06,9.992726290874998e-07,1.0054671599590017e-06,1.08719092395404e-07,1.223160278462213e-07,1.0862112986842476e-07,1.2219821986063227e-07,3.0745548329491612e-09,2.082155870171027e-09,1.1420807410900125e-08,6.119244542142619e-09,1.4480827204010893e-08,8.230764188487234e-09
0.009572651470080018,0.001893336598076583,0.0017128435326658198,9.992367018721116e-07,1.0054421123848738e-06,9.99272661506357e-07,1.0054671975012752e-06,1.0871910066574602e-07,1.2231608081947343e-07,1.0862113813600632e-07,1.221982728338844e-07,3.073814376043322e-09,2.08268535750733e-09,1.1422566421000786e-08,6.11914385828527e-09,1.4481858519249576e-08,8.231214820852983e-09
0.009574523573974147,0.002245000386720264,-0.0007363495407500353,9.993141732812653e-07,1.0054603755466974e-06,9.993560752263875e-07,1.0054785617683093e-06,1.0874038025576738e-07,1.2235493240739625e-07,1.0864241062336077e-07,1.2223709601113964e-07,1.1686187573189954e-09,2.5311271032148094e-09,1.5948499410001205e-08,8.512865567263095e-09,1.713543262837902e-08,1.1023946155481701e-08
0.009574524301569909,0.0022444184934854085,-0.0007373014230172004,9.99314195052441e-07,1.0054603826447005e-06,9.993560994742794e-07,1.0054785661850474e-06,1.0874039595727118e-07,1.223549475071195e-07,1.0864242631658321e-07,1.2223711109982105e-07,1.1699481612287517e-09,2.5313013907179993e-09,1.5946809845170245e-08,8.513795890507936e-09,1.7135057386453947e-08,1.102503155436807e-08
0.009576396405464038,0.0007472072002028263,-0.0013635249638417344,9.993702122871961e-07,1.0054210438793512e-06,9.994184893002966e-07,1.0054327859745296e-06,1.0878079592657741e-07,1.222610157166184e-07,1.0868280497788874e-07,1.2214315090968562e-07,4.590504421031483e-09,4.182111238329589e-10,1.1599559535113713e-08,5.6773801944477095e-09,1.6169559913237208e-08,6.10247457019949e-09
0.009576397860655561,0.0007450015061641658,-0.001364011729128034,9.993701927248552e-07,1.0054210133012204e-06,9.994184685416278e-07,1.0054327503894456e-06,1.0878081653066047e-07,1.2226094270317844e-07,1.0868282556540903e-07,1.2214307787417056e-07,4.58732162728092e-09,4.165686129375956e-10,1.1600647775204863e-08,5.675175440700286e-09,1.61674890834997e-08,6.09864825307227e-09
0.009578269236953929,-0.002091521027553167,0.0007429103500873778,9.993450355545145e-07,1.0054094208169758e-06,9.99391772893432e-07,1.0054178689855577e-06,1.0880731338147598e-07,1.2219854872542747e-07,1.0870930111650523e-07,1.220806696966067e-07,4.942488640580223e-10,3.4555685772458502e-09,1.3000124532425161e-08,8.531460255859541e-09,1.3504402041064623e-08,1.1996437136258601e-08
0.009578270692145452,-0.0020908361812753758,0.0007445487031816356,9.993449875142408e-07,1.0054094118026023e-06,9.993917109948122e-07,1.005417857413704e-06,1.0880728131185394e-07,1.2219850020755985e-07,1.0870926903584563e-07,1.2208062116769725e-07,4.97016362305851e-10,3.457931718742202e-09,1.3001063345637876e-08,8.533681317146602e-09,1.350810426742182e-08,1.2001023286245527e-08
0.009580142796039581,-0.001209781444896696,0.002522161210853511,9.99283183702097e-07,1.0054705809399463e-06,9.993120784201892e-07,1.0054797926690399e-06,1.0876602374310096e-07,1.2222972353123604e-07,1.086679972672755e-07,1.2211185869670722e-07,4.057402858137493e-09,1.5703478176145508e-10,1.4208846543795062e-08,7.205551858538476e-09,1.8271018475957135e-08,7.340736694151149e-09
0.009580143523635343,-0.0012081104028337961,0.002522852082407212,9.992831973932618e-07,1.0054706047134159e-06,9.99312092421249e-07,1.0054798167402623e-06,1.0876601287792532e-07,1.2222973566622386e-07,1.086679863993394e-07,1.2211187083721597e-07,4.056347419572665e-09,1.5575188361260928e-10,1.4207999189147248e-08,7.205035679191951e-09,1.8269107146017956e-08,7.338925467337276e-09
0.009582015627529472,0.003091480825007209,0.0016840397766003453,9.993184247606327e-07,1.0055493559965674e-06,9.99348117147747e-07,1.005574367441986e-06,1.0873805678102144e-07,1.2234604893931787e-07,1.0864002319976862e-07,1.222281556996424e-07,1.3407039922697095e-09,3.1869925205414183e-09,1.2027755680321661e-08,5.710607485290341e-09,1.335125521251257e-08,8.922467271453466e-09
0.009582016355125234,0.0030912894689659226,0.0016837137710403738,9.993184661638233e-07,1.0055493866033623e-06,9.993481677193978e-07,1.0055744041892467e-06,1.0873808157272427e-07,1.2234609414463193e-07,1.08640047988711e-07,1.2222820089391462e-07,1.3412284246191082e-09,3.1881706163972012e-09,1.2028576224334264e-08,5.7100266737108996e-09,1.335261587390188e-08,8.923082717160469e-09
0.009583888459019363,0.0025989303747362413,-0.0012160412211827281,9.994249965734857e-07,1.005558099722391e-06,9.994782885769382e-07,1.0055801977146472e-06,1.0880187062412006e-07,1.2240364600357387e-07,1.0870382993743988e-07,1.2228572435322226e-07,2.690592859622143e-09,1.544730260727865e-09,1.4139835968762782e-08,9.352371629841476e-09,1.6853597628596617e-08,1.0879798884292369e-08
0.009583889914210886,0.0025954413895945615,-0.001218295208739839,9.994250068695024e-07,1.0055581064951225e-06,9.994782959970582e-07,1.0055802022179705e-06,1.0880191121946377e-07,1.2240369073879265e-07,1.0870387052174175e-07,1.222857690663659e-07,2.6908650876880117e-09,1.5434528100044531e-09,1.4139109008183506e-08,9.355202834626652e-09,1.6853111870223612e-08,1.0881319845168491e-08
0.009585761290509254,-0.0018913935026059203,-0.0017852128788180969,9.994382475468295e-07,1.0055018913069145e-06,9.994878382713068e-07,1.0055085215626025e-06,1.088541168314805e-07,1.2226853691989555e-07,1.087560619339456e-07,1.2215060104765593e-07,3.040950380395202e-09,1.529333647634067e-09,1.3204237703234867e-08,5.211623777617837e-09,1.6228426602538093e-08,6.7440707984906494e-09
0.009585762745700777,-0.001891234456641885,-0.0017856537168197129,9.994381954798538e-07,1.0055018475937044e-06,9.994877705448567e-07,1.0055084658233682e-06,1.0885408769784864e-07,1.2226843182361335e-07,1.0875603278375741e-07,1.221504959403319e-07,3.0393464977158904e-09,1.5293226685031414e-09,1.3204952673410702e-08,5.208401709921873e-09,1.622755568823733e-08,6.7408536530422225e-09
0.009587634849594906,-0.0016866218239104391,0.0018841284120352168,9.993712113155934e-07,1.0055037178434875e-06,9.994006404667743e-07,1.0055098295354122e-06,1.0881660728045972e-07,1.2218145256480112e-07,1.0871853106664275e-07,1.2206348827085207e-07,9.75951430781663e-10,3.5143990963518637e-09,1.4124761804623631e-08,6.8714085951906846e-09,1.5107124440305597e-08,1.0393026770541989e-08
0.009587635577190667,-0.0016853483391664353,0.0018855546779228405,9.99371210622239e-07,1.0055037185703626e-06,9.99400641350122e-07,1.0055098300654208e-06,1.0881659892178294e-07,1.2218141876019217e-07,1.0871852271072643e-07,1.2206345445520128e-07,9.770475792062168e-10,3.5151705990443816e-09,1.4124549063808422e-08,6.872054925111115e-09,1.5108007407664498e-08,1.0394446192663054e-08
0.009589507681084797,0.0015913279071551462,0.0031736453607567484,9.993694266211125e-07,1.005598450795485e-06,9.994029142035288e-07,1.0056152495080028e-06,1.087950920464209e-07,1.223054683628857e-07,1.086970229380313e-07,1.2218751825771195e-07,3.797437475583365e-09,1.9803260113733694e-10,1.3577166946276975e-08,8.599445820116172e-09,1.7379882422119408e-08,8.78974881781292e-09
0.00958950913627632,0.0015914520308894515,0.0031746465971989046,9.993694752603816e-07,1.005598524431105e-06,9.994029702743187e-07,1.0056153314508265e-06,1.0879511503765226e-07,1.2230556478698418e-07,1.0869704591270631e-07,1.22187614692848e-07,3.794846003088302e-09,1.9545418061817088e-10,1.3578162731909999e-08,8.600788525825465e-09,1.7378273310483672e-08,8.788501482115407e-09
0.009591381240170449,0.0017511372150732507,0.00030570293285574895,9.994320496800948e-07,1.0056636593158738e-06,9.99475105345482e-07,1.0056910174692735e-06,1.0882469325679267e-07,1.2242221898808922e-07,1.0872660283212099e-07,1.2230424048328545e-07,4.609166381897012e-10,4.5376333252347e-09,1.485924094879465e-08,4.892487914927635e-09,1.5308151191106845e-08,9.4356583128728e-09
0.00959138196776621,0.0017507881946961124,0.00030458791394228496,9.994320686259317e-07,1.0056636846306367e-06,9.994751238957818e-07,1.005691046884749e-06,1.0882470152437423e-07,1.2242226432590542e-07,1.0872661109694208e-07,1.223042858100598e-07,4.61946242287442e-10,4.539320919150214e-09,1.4858597364498028e-08,4.891046678778821e-09,1.5308545596844302e-08,9.435909831267963e-09
0.00959325407166034,0.0008527587643194501,-0.001616732971976279,9.994808162639609e-07,1.00563909195301e-06,9.99522853817325e-07,1.0056571945206442e-06,1.0884597401172869e-07,1.2238378282140686e-07,1.0874787648162965e-07,1.2226577590592693e-07,3.1111175857745366e-09,9.517250221139268e-10,1.3202654969290961e-08,7.52481989038521e-09,1.6323351559321964e-08,8.468883645538497e-09
0.009593255526851863,0.0008522468804368032,-0.0016182264200026442,9.994808314957848e-07,1.0056390728370539e-06,9.995228706009297e-07,1.005657168207108e-06,1.0884599273317715e-07,1.2238375290962722e-07,1.0874789519203626e-07,1.2226574597207218e-07,3.1095373327952144e-09,9.48936373923459e-10,1.3203713640010902e-08,7.526867129570292e-09,1.6322820928270476e-08,8.468131973415893e-09
0.00959512690315023,0.00019396420735295905,-0.001073300414584137,9.995004196213862e-07,1.0055887121715243e-06,9.995444543164922e-07,1.0055957114170066e-06,1.0887006851589831e-07,1.2227998067717292e-07,1.0877195677494456e-07,1.22161959539805e-07,1.0773320013868215e-09,2.5966159868047827e-09,1.4565164185853519e-08,6.8596938030568334e-09,1.5640429396057698e-08,9.468286030546267e-09
0.009595128358341753,0.0001928865745369162,-0.001072876677410406,9.995004050764e-07,1.00558867301082e-06,9.995444379809078e-07,1.0055956636279006e-06,1.0887007704792992e-07,1.2227989998336852e-07,1.0877196530145738e-07,1.2216187883495877e-07,1.0776318592168655e-09,2.5978972306717196e-09,1.4566233300876568e-08,6.859175005757834e-09,1.5641798268365545e-08,9.46906375531853e-09
0.009597000462235883,-0.0011934880433022155,0.0014638311200270418,9.994816929517444e-07,1.005596010541143e-06,9.995234222515137e-07,1.0056056641828907e-06,1.0888105350659316e-07,1.2224032392342226e-07,1.0878293466021205e-07,1.2212231698034632e-07,1.4633989575685291e-09,3.58880671429342e-09,1.5941649778028477e-08,6.0008177113385154e-09,1.7402852492409693e-08,9.576305147119222e-09
0.009597001189831644,-0.0011929748134593245,0.0014648170150124429,9.994816851961378e-07,1.0055960133928842e-06,9.995234101938188e-07,1.0056056680696202e-06,1.0888104162832823e-07,1.2224030854213197e-07,1.0878292277366574e-07,1.2212230160457693e-07,1.4634740338773352e-09,3.5891918326314e-09,1.5940376479027923e-08,6.000484109591753e-09,1.7401654579191535e-08,9.576346826634108e-09
0.009598873293725774,0.0001275655722991209,0.0030473664319131018,9.994617300200497e-07,1.0056805091840292e-06,9.994923857448157e-07,1.0056943885272242e-06,1.088504788526734e-07,1.2232499625166311e-07,1.0875233869001022e-07,1.2220700351392524e-07,1.656645376435506e-09,3.1136070359523617e-10,1.2664178150600947e-08,7.1275213787120245e-09,1.4319423868869308e-08,7.446293047708487e-09
0.009598874748917297,0.00012967260045685625,0.0030485965519417846,9.99461773209114e-07,1.005680574862841e-06,9.994924329855599e-07,1.0056944574898807e-06,1.0885048231846632e-07,1.2232506207965343e-07,1.0875234215028436e-07,1.222070693529531e-07,1.6556343572275633e-09,3.088128364137077e-10,1.2666978918977606e-08,7.1283974278912865e-09,1.4321219574546235e-08,7.444637351028405e-09
0.009600746852811426,0.002840364325383371,0.0008140966307075971,9.995173359403036e-07,1.0057528722342047e-06,9.995532082029968e-07,1.005779916777977e-06,1.0885494106105398e-07,1.2244756887828103e-07,1.0875679379296344e-07,1.223295619462469e-07,3.549581462092277e-10,4.927714546810643e-09,1.627016743555032e-08,5.750173303580153e-09,1.663139492791288e-08,1.0678409230500303e-08
0.009600747580407187,0.0028396387456529077,0.0008132281892302418,9.995173636841588e-07,1.005752900332678e-06,9.995532423002147e-07,1.0057799499918474e-06,1.0885496369683655e-07,1.2244761649071734e-07,1.0875681642046462e-07,1.223296095531623e-07,3.555610592171002e-10,4.929509689333145e-09,1.626979212944452e-08,5.749637654872686e-09,1.6631617872428183e-08,1.0679666040402935e-08
0.009602619684301317,0.0009727220991704311,-0.0021216813318847066,9.995887486235994e-07,1.0057283620218868e-06,9.996409744417178e-07,1.0057516639560684e-06,1.089132055653863e-07,1.2244838328084388e-07,1.0881503698101369e-07,1.2233034794365452e-07,1.906856228472975e-09,7.873557970438666e-10,1.5304129519222442e-08,6.582859851009556e-09,1.7205254110308488e-08,7.3623140745478925e-09
0.00960262113949284,0.0009705450499015249,-0.0021239626451541316,9.995887361452341e-07,1.0057283429481901e-06,9.99640953779411e-07,1.0057516419692547e-06,1.0891321634356078e-07,1.2244838387687196e-07,1.0881504773711304e-07,1.223303485176075e-07,1.905452995754172e-09,7.841360893934279e-10,1.5303064261825585e-08,6.583507516921827e-09,1.7202792391540065e-08,7.35973548771085e-09
0.009604493243386969,-0.0018302288345461992,-0.0014005138646635763,9.995726827282488e-07,1.0056623716137674e-06,9.99614371721691e-07,1.0056653070809332e-06,1.089270824650157e-07,1.2229728362249218e-07,1.0882888545893366e-07,1.2217923406341055e-07,1.0019410301431719e-10,2.8025826335382018e-09,1.3932610620770447e-08,7.580580959502207e-09,1.403579119596543e-08,1.0400260243090777e-08
0.009604494698578492,-0.0018285678174865072,-0.0013999515259301987,9.995726605817152e-07,1.0056623203340671e-06,9.996143384324188e-07,1.0056652399725863e-06,1.089270509748654e-07,1.222971661718475e-07,1.0882885395222703e-07,1.221791166017283e-07,1.0127177798623194e-10,2.804151577606717e-09,1.3935277266272488e-08,7.581355987440475e-09,1.4039534798674811e-08,1.0402623651373233e-08
0.009606366802472621,0.0003083306298071742,0.0021854915332201095,9.995441690661596e-07,1.0056770525466653e-06,9.9957151178387e-07,1.005685468367907e-06,1.0888653889651323e-07,1.2224354103678034e-07,1.0878832057414911e-07,1.2212550567199493e-07,1.4877006293545492e-09,3.0077242209386856e-09,1.7365916704648043e-08,5.845014510383922e-09,1.8855679684293136e-08,8.828545706979697e-09
0.009606367530068383,0.00030912540998500395,0.0021868850206119284,9.995441884378541e-07,1.00567705827236e-06,9.995715370476116e-07,1.0056854762297007e-06,1.0888654434014289e-07,1.222435201952976e-07,1.0878832600949738e-07,1.2212548483603314e-07,1.4873132796580717e-09,3.0078033397273884e-09,1.7364444723861623e-08,5.844339678873212e-09,1.8853816458152378e-08,8.827933939414834e-09
0.009608239633962512,0.0023540948075410073,0.0029701617792709765,9.99594031808145e-07,1.0057736149444997e-06,9.996365406550467e-07,1.0057943036284008e-06,1.0890055079926242e-07,1.2240139376246182e-07,1.0880231116061623e-07,1.2228335840319736e-07,4.906625106215756e-10,5.529293534576707e-10,1.3577038160406119e-08,7.089562469944983e-09,1.4059735597982126e-08,7.666249560172981e-09
0.009608241089154035,0.002352408192532452,0.0029707706224568753,9.995940687215925e-07,1.0057736899982674e-06,9.996365822445618e-07,1.005794388220238e-06,1.0890058641745905e-07,1.2240151647802122e-07,1.0880234677881286e-07,1.2228348111875675e-07,4.909638476136121e-10,5.51021173134103e-10,1.3579250678730011e-08,7.0905303850565815e-09,1.4062265444001961e-08,7.665346579699417e-09
0.009610113193048164,0.00018257798402615544,-5.505815351516605e-05,9.996415578717047e-07,1.0058282531491382e-06,9.996900871556136e-07,1.0058514368407492e-06,1.0894640922742838e-07,1.224977007931311e-07,1.0884816958878218e-07,1.2237963702319904e-07,8.78633887868574e-10,4.20499953330682e-09,1.6425655502416703e-08,8.161363515762396e-09,1.731691234851951e-08,1.2355525189343607e-08
0.009610113920643926,0.00018222109540977818,-5.623414604372101e-05,9.996415538446416e-07,1.0058282743551821e-06,9.996900782338026e-07,1.0058514590127743e-06,1.0894640851798983e-07,1.2249773817529785e-07,1.0884816887382272e-07,1.2237967439432396e-07,8.788333313907912e-10,4.206419657037941e-09,1.6425145420929165e-08,8.161779696536087e-09,1.7316590272388743e-08,1.2357348033731341e-08
0.009611986024538055,-0.0007360533145288617,-0.001425471690640823,9.996311922114262e-07,1.0058005153574854e-06,9.996671224143938e-07,1.0058181746413556e-06,1.0894458313259747e-07,1.2242732128201063e-07,1.0884632928309657e-07,1.2230924330121958e-07,1.3920015140556075e-09,2.6611941053173855e-10,1.5112705753494993e-08,5.849832028490391e-09,1.648788838792825e-08,6.1095261078919765e-09
0.009611987479729578,-0.0007349025674808365,-0.0014265360027625462,9.996311923493812e-07,1.0058004937803399e-06,9.99667124357004e-07,1.0058181487693219e-06,1.0894458219440512e-07,1.2242726654676517e-07,1.0884632833386666e-07,1.2230918855493655e-07,1.3910160164281986e-09,2.630566042771676e-10,1.5111496024134078e-08,5.848034945188374e-09,1.6485716436075793e-08,6.104669658668627e-09
0.009613859583623707,0.0007455335098036642,-0.00018291304346521693,9.99631369828486e-07,1.0057703813191673e-06,9.996696235248237e-07,1.0057767989017573e-06,1.0894337520994668e-07,1.2234191144582758e-07,1.0884510714959106e-07,1.2222383345399897e-07,1.2317331876676718e-10,3.21415587558432e-09,1.3555179201318879e-08,8.02254435793756e-09,1.3691500377888133e-08,1.1255216688406898e-08
0.00961386103881523,0.0007451480246335424,-0.00018194637190727114,9.996313843040745e-07,1.0057703579126682e-06,9.996696418030182e-07,1.0057767667603912e-06,1.089433923512728e-07,1.223418450990721e-07,1.0884512429643595e-07,1.2222376710724348e-07,1.244327803740492e-10,3.2164497731912434e-09,1.3557951310678631e-08,8.024234610104486e-09,1.3695519790522575e-08,1.1259220222825661e-08
0.00961573314270936,0.0002492213532718779,0.001686265027764175,9.996500071486032e-07,1.0057985339138317e-06,9.99693156700232e-07,1.0058088139934274e-06,1.0896544466731939e-07,1.2232590671455677e-07,1.0886718371239112e-07,1.2220781451739437e-07,1.7447301381423586e-09,1.6577630860036754e-09,1.712427000200023e-08,6.437977367650499e-09,1.8866494144731405e-08,8.068748420337086e-09
0.009615733870305121,0.00024918547149077597,0.0016869911107022517,9.996500101029849e-07,1.0057985448644733e-06,9.996931564353308e-07,1.0058088264486287e-06,1.0896544088971548e-07,1.2232590052008163e-07,1.0886717993478722e-07,1.222078083173983e-07,1.7441512471403417e-09,1.6571573002721607e-09,1.712286512311171e-08,6.4373608665846405e-09,1.8864507402741497e-08,8.067508439069115e-09
0.009617606701795012,0.00015682576693443195,0.002604035828872357,9.99657614681316e-07,1.005878915240616e-06,9.996924745792057e-07,1.0058964449606861e-06,1.0895571733726683e-07,1.2243030973921616e-07,1.0885745638233857e-07,1.223122033311969e-07,2.54085807949167e-10,1.3003223689602004e-09,1.3506706864063744e-08,6.701845577222053e-09,1.3750633520714928e-08,8.028405588402939e-09
0.009617607429390773,0.00015752600544754038,0.002604392101101638,9.996576300777186e-07,1.0058789464645383e-06,9.99692491318643e-07,1.005896479000512e-06,1.0895571978855645e-07,1.2243035030223837e-07,1.0885745883086773e-07,1.2231224388870032e-07,2.544165917178415e-10,1.3001837384507553e-09,1.350754937203165e-08,6.701948329634888e-09,1.3751817705814039e-08,8.028390396930263e-09
0.009619479533284903,0.0019592396996754857,0.0002665180043770407,9.996972450217213e-07,1.0059326588638741e-06,9.997355618907022e-07,1.0059541870574427e-06,1.0896202695676038e-07,1.2252354370224725e-07,1.0886375889640476e-07,1.2240542308889205e-07,1.1055232285173133e-09,3.386994636686973e-09,1.5675322373454037e-08,8.323564786628947e-09,1.6798725965827543e-08,1.1697228218179354e-08
0.009619480988476425,0.001958022217681423,0.00026470076839046897,9.996972792328569e-07,1.0059327006146704e-06,9.997356050696255e-07,1.0059542319140746e-06,1.0896206717209953e-07,1.2252361614173424e-07,1.0886379910070635e-07,1.2240549551734148e-07,1.1055410845252476e-09,3.38861672055657e-09,1.5675312701794663e-08,8.324825273575698e-09,1.679870714817245e-08,1.1700080015941694e-08
0.009621353092370555,0.00039173163231964736,-0.002014004178653857,9.99741291858713e-07,1.005899935257646e-06,9.99791154754348e-07,1.0059185481155875e-06,1.0901380420591522e-07,1.2247965063364607e-07,1.0891552193470488e-07,1.2236150159858573e-07,1.1285128387328314e-09,1.4706618618994052e-10,1.566287011200984e-08,5.940498173318289e-09,1.6774498234894963e-08,6.082429392060217e-09
0.009621353819966316,0.0003909040621667071,-0.0020148898004754834,9.997412820180145e-07,1.005899922523345e-06,9.997911411436418e-07,1.00591853424703e-06,1.0901380525204555e-07,1.224796335463907e-07,1.0891552297808224e-07,1.223614845002885e-07,1.1281883292210556e-09,1.4580635310235124e-10,1.566195229128061e-08,5.9395715013010886e-09,1.6773264452521696e-08,6.080246084394503e-09
0.009623227379051968,-0.0017400890816544456,-0.00023566616654676492,9.997159422194363e-07,1.0058577570275472e-06,9.997560935750234e-07,1.0058590760309016e-06,1.0901649903765943e-07,1.2235585700182128e-07,1.0891820967478661e-07,1.2223769374486437e-07,2.9257633639846623e-10,3.187001773596876e-09,1.3298563913515415e-08,7.994489514828729e-09,1.3596274841361497e-08,1.1202891947448279e-08
0.009623231017030776,-0.0017442269324191469,-0.0002298856252398631,9.99715893015944e-07,1.0058578481824337e-06,9.997560255214921e-07,1.0058591793424357e-06,1.0901650426831111e-07,1.22355846792081e-07,1.0891821489167341e-07,1.222376835351241e-07,2.9095378883958745e-10,3.1825029757146475e-09,1.3293974809869269e-08,7.994754379981193e-09,1.3590105929495166e-08,1.1198562701964062e-08
0.00962510093813762,0.0010654364147654025,0.002741312606507673,9.997033023837403e-07,1.0059047017940773e-06,9.997312899146175e-07,1.0059122814709553e-06,1.0897852149582832e-07,1.2235059898557665e-07,1.0888019666103857e-07,1.2223243572861975e-07,1.4670074209887225e-09,8.70120864249202e-10,1.614329705856304e-08,8.130895068347854e-09,1.7617773487326486e-08,8.973330523076584e-09
0.009625104576116428,0.0010709026858688742,0.002740447349201349,9.997032778883468e-07,1.0059048850397138e-06,9.997312417908688e-07,1.0059124993523317e-06,1.089784475993838e-07,1.223509257800473e-07,1.0888012269560932e-07,1.222327625230904e-07,1.4692954630746158e-09,8.717994007391549e-10,1.6148840487062444e-08,8.12656788809404e-09,1.7625609416427324e-08,8.970779804001576e-09
0.009626974497223273,0.002576606286497808,0.002295705093750655,9.997715382056732e-07,1.0059990732968464e-06,9.998153201610248e-07,1.0060244903797866e-06,1.0900545961962035e-07,1.225188981379688e-07,1.0890711344095463e-07,1.2240073488101189e-07,2.3103648670572544e-10,1.7345671565749399e-09,1.5177927140362308e-08,5.90239723763375e-09,1.5394997349419092e-08,7.659710199448e-09
0.00962697813520208,0.0025795356709348294,0.0022892442221213094,9.99771671007847e-07,1.0059991192831285e-06,9.998154837376205e-07,1.00602452393396e-06,1.090055121721889e-07,1.225189975863579e-07,1.0890716595213235e-07,1.2240083427421322e-07,2.2862742254936563e-10,1.7363316368304813e-09,1.517603820389013e-08,5.908705386890207e-09,1.5390657637226468e-08,7.667720839280159e-09
0.009628848056308925,-0.00032079327827685186,-0.001031643795362358,9.998138232979144e-07,1.0060227562321505e-06,9.99864747150619e-07,1.0060417707791203e-06,1.0905659884226403e-07,1.2257011405836238e-07,1.0895823843343644e-07,1.2245192237969604e-07,1.158016450192135e-09,2.643274488178804e-09,1.2823171946714762e-08,9.151094104709045e-09,1.3990819205058216e-08,1.1785189713009459e-08
0.00962885096669197,-0.0003253074089371033,-0.0010324398056720805,9.998138889045915e-07,1.0060226812688548e-06,9.998648238251917e-07,1.0060416826552647e-06,1.0905667835459099e-07,1.225699252499113e-07,1.0895831792367972e-07,1.2245173354916984e-07,1.1594629700795167e-09,2.6396220418937953e-09,1.2819509898065462e-08,9.146329829434859e-09,1.398864046819881e-08,1.1776773240485145e-08
0.009630721615394577,-0.0008719947476964996,-0.001544075432246217,9.997914756766364e-07,1.0059744986105407e-06,9.998241871604142e-07,1.0059850410470972e-06,1.090424611974307e-07,1.2244856861798326e-07,1.0894406529457043e-07,1.223303627284622e-07,7.980643337549564e-10,2.920121922045382e-10,1.7680625695338546e-08,6.084091896951804e-09,1.847995410272891e-08,6.3670855254827075e-09
0.009630724525777623,-0.0008728452919808394,-0.0015402194381985903,9.997914408058034e-07,1.0059744809497924e-06,9.998241239372874e-07,1.0059850163133641e-06,1.0904243907816635e-07,1.224484905742217e-07,1.089440431201183e-07,1.2233028466261694e-07,7.975020643868902e-10,2.967407153978419e-10,1.7688188691522555e-08,6.085522532239153e-09,1.8486941755213593e-08,6.373290448960954e-09
0.009632594446884468,0.0011678007429536457,0.0009372567374015262,9.997970304783072e-07,1.0059631339189371e-06,9.998329742920406e-07,1.0059691248898162e-06,1.0903522689003809e-07,1.2239834745741973e-07,1.0893682384035962e-07,1.2228012735704397e-07,4.4703989463826176e-10,3.334816867095469e-09,1.1928246800221352e-08,7.004705704360958e-09,1.2358079066657012e-08,1.0359953783734e-08
0.009632598084863275,0.0011717708714262809,0.0009395753685440715,9.997970413531565e-07,1.0059632455542644e-06,9.998329915106297e-07,1.0059692445369346e-06,1.0903521285854367e-07,1.22398434267806e-07,1.0893680979506826e-07,1.2228021419502414e-07,4.463580616231866e-10,3.329363531146529e-09,1.1917040687592362e-08,7.0071805497165764e-09,1.234615520928628e-08,1.0356889323290237e-08
0.00963446800597012,0.0008244032017837464,0.0021313517758123623,9.998343555963185e-07,1.0060206261125396e-06,9.998803068687336e-07,1.0060307431558613e-06,1.0906176392280349e-07,1.2244305480635376e-07,1.089633183095456e-07,1.223248489168327e-07,1.1831147474877411e-09,5.263488533913119e-10,1.58533361333896e-08,8.279251062504045e-09,1.706532232979827e-08,8.781756655196205e-09
0.009634471643948928,0.0008237273891968933,0.0021305642026575294,9.998344281921224e-07,1.006020766433143e-06,9.998803989219596e-07,1.0060309040834432e-06,1.0906181557857053e-07,1.224432334216209e-07,1.0896336988253097e-07,1.2232502750450595e-07,1.1845481262540147e-09,5.299332916391467e-10,1.586099429573551e-08,8.27403689554177e-09,1.7074503588787593e-08,8.780215472480775e-09
0.009636341565055773,5.9558366461526084e-05,0.0017257516010733553,9.998509171385942e-07,1.0060928912233003e-06,9.99887547285414e-07,1.0061136208605603e-06,1.0906356721128212e-07,1.2253504166892526e-07,1.0896512151524256e-07,1.224168215685495e-07,4.0670871126145806e-10,2.372334551026256e-09,1.642833536608317e-08,5.593955076932389e-09,1.6810684300042525e-08,7.988047556750644e-09
0.00963634520303458,5.8071656300562324e-05,0.0017217496732268417,9.998509492182565e-07,1.0060929418097725e-06,9.99887561192736e-07,1.0061136681013045e-06,1.0906357061912786e-07,1.2253515331381494e-07,1.089651249230883e-07,1.2241693318584527e-07,4.0519540500660867e-10,2.3724078981798497e-09,1.6429439142484625e-08,5.600822304323227e-09,1.68101710329438e-08,7.994925836357798e-09
0.009638215124141425,0.0009724472074168437,-0.0003352412398811566,9.99870252372788e-07,1.0061189432565093e-06,9.999101409439656e-07,1.0061379498438328e-06,1.0907364782594228e-07,1.2259253878710297e-07,1.0897518085501148e-07,1.2247430447587249e-07,9.54779725346469e-10,2.4101083351268926e-09,1.2111098064448341e-08,9.130577183213973e-09,1.3074836436833685e-08,1.1530361554434876e-08
0.009638218762120232,0.0009742261481777703,-0.0003382414366106903,9.998702899275632e-07,1.0061188626540403e-06,9.999101848734426e-07,1.0061378586736115e-06,1.0907366743140301e-07,1.22592400486513e-07,1.0897520041908138e-07,1.2247416612009472e-07,9.558489555416827e-10,2.4064135725080597e-09,1.2102696622662279e-08,9.124774128090162e-09,1.306756924890351e-08,1.1520873954947815e-08
0.009640088683227077,7.745301694594563e-05,-0.001880342555590997,9.998899228738316e-07,1.006077432985009e-06,9.999361686072695e-07,1.0060909971798537e-06,1.0911043044345506e-07,1.2252131398327037e-07,1.0901194924787261e-07,1.2240305125033046e-07,6.624834967552869e-10,5.073055864279752e-10,1.8943853307172995e-08,6.1420037944515116e-09,1.9619158707553417e-08,6.6442478185990694e-09
0.009640092321205884,7.570832213810164e-05,-0.0018757682082007159,9.998899610702252e-07,1.0060773818751828e-06,9.999362191592809e-07,1.0060909278639954e-06,1.0911050196682481e-07,1.2252111966707833e-07,1.0901202074364846e-07,1.2240285693413842e-07,6.619127468354691e-10,5.13153960532285e-10,1.8957162950528073e-08,6.14462503747997e-09,1.96319049905469e-08,6.6527608397393026e-09
0.00964196224231273,-0.0008265845016573825,0.00047544635040375205,9.998758874528366e-07,1.0060511114245128e-06,9.999115970184928e-07,1.0060552995128091e-06,1.0910228985880855e-07,1.2242124114436592e-07,1.090038015440018e-07,1.22302978411426e-07,7.15318374975358e-10,3.51921825014756e-09,1.2465849691012604e-08,7.491943954107683e-09,1.3149454496137922e-08,1.1028453705819175e-08
0.009641965880291536,-0.0008283399351667123,0.00048052146926376075,9.998758600722579e-07,1.0060512411031382e-06,9.999115491154953e-07,1.0060554365992679e-06,1.0910227388194471e-07,1.2242131250217233e-07,1.09003785553341e-07,1.2230304976923241e-07,7.154222769756302e-10,3.5129563930952615e-09,1.2453220676889032e-08,7.493597142157999e-09,1.3136842724748021e-08,1.1023767750635423e-08
0.009643835801398382,0.0016176364378440431,0.003089132563308228,9.998907082782591e-07,1.0061178959166159e-06,9.99923803452846e-07,1.0061258990390343e-06,1.0908001325408372e-07,1.2245799041465943e-07,1.0898151074221918e-07,1.2233972768171952e-07,7.019281785803123e-10,2.943618682138549e-10,1.5853701781785733e-08,8.343335800020668e-09,1.6595182669262717e-08,8.615186786187223e-09
0.009643839439377189,0.0016223951467409514,0.003086579219965896,9.998907371658195e-07,1.0061180728421957e-06,9.999238272939692e-07,1.0061261133883923e-06,1.090799699454692e-07,1.2245829736912128e-07,1.0898146740601078e-07,1.2234003460858747e-07,7.019019254705938e-10,2.9905899806182074e-10,1.5860317503779697e-08,8.337337108509508e-09,1.6601910957092514e-08,8.613963231596245e-09
0.009645709360484034,0.0018659378457398705,0.0017741607420074246,9.999559751007548e-07,1.0062090125901995e-06,1.0000018919615365e-06,1.006236288958462e-06,1.0912432809369173e-07,1.2261607196251134e-07,1.0902582555423331e-07,1.2249779501871672e-07,8.406051855670419e-10,2.713383739916253e-09,1.745462771341342e-08,5.254009671773474e-09,1.826570141568071e-08,7.985056171833094e-09
0.009645712998462841,0.0018664116642204132,0.0017684032790820294,9.999561020228072e-07,1.006209033556567e-06,1.0000020438383217e-06,1.0062362962263149e-06,1.09124414393591e-07,1.2261613261054105e-07,1.0902591185413257e-07,1.2249785561168693e-07,8.408750362676187e-10,2.7118476639875232e-09,1.7457729484249285e-08,5.261343609785014e-09,1.8268938362098197e-08,7.990806397562391e-09
0.009647586557548493,-0.0012401348771469145,-0.0011966901274964399,9.999678356884528e-07,1.0062198312358384e-06,1.0000155725720106e-06,1.0062400391705362e-06,1.0916173920350047e-07,1.22647366345843e-07,1.090632295586147e-07,1.2252906099135082e-07,6.540630259621594e-10,1.9207685606916876e-09,1.1533391131024473e-08,9.038321685728338e-09,1.2193403620130994e-08,1.0952172648150881e-08
0.009647587285144255,-0.0012399721324996052,-0.001197841620081519,9.999678206912324e-07,1.0062198354291118e-06,1.0000155512916006e-06,1.0062400406241068e-06,1.0916172885579073e-07,1.2264737847544893e-07,1.0906321920814556e-07,1.2252907310994487e-07,6.540925659787626e-10,1.9204613455059416e-09,1.1536263802186908e-08,9.039788473330646e-09,1.219631036285238e-08,1.0953322693296741e-08
0.009649460116634145,-0.0008210674103257265,-0.0013578522579089627,9.999292178457221e-07,1.006171970425149e-06,9.999607755162288e-07,1.0061799236424227e-06,1.0913509385090947e-07,1.2250705816706647e-07,1.0903657710059633e-07,1.2238875280156242e-07,7.301285687155712e-10,7.359616716267253e-10,1.8930519374293908e-08,6.384045430376344e-09,1.9678266127698407e-08,7.1134765605879866e-09
0.009649460844229907,-0.0008199924846786018,-0.001357914422103923,9.999292260369858e-07,1.0061719518295764e-06,9.999607842138237e-07,1.006179900286952e-06,1.0913509105564815e-07,1.2250700365257217e-07,1.0903657429981623e-07,1.223886982870681e-07,7.301196400433144e-10,7.355014930432446e-10,1.8927950953736764e-08,6.3830136731724e-09,1.9675667931261553e-08,7.111984778873648e-09
0.009651333675719798,0.0019468661310202418,0.0012958214905049552,9.9995031034994e-07,1.0061708082420706e-06,9.9998317182326e-07,1.0061818322126395e-06,1.0912789605299622e-07,1.2246604966906674e-07,1.0902936509182837e-07,1.2234773009822674e-07,7.07137237654365e-10,3.123977743610692e-09,1.2316836439651979e-08,6.25792991933228e-09,1.2987910302797445e-08,9.393657378857324e-09
0.009651334403315559,0.0019467044740315701,0.0012968524679379811,9.999503356518316e-07,1.0061708077977863e-06,9.999832032140722e-07,1.0061818329631933e-06,1.0912790918217034e-07,1.2246603375842824e-07,1.0902937822100249e-07,1.2234771418206947e-07,7.07085966024489e-10,3.1249056675619613e-09,1.2318291221750433e-08,6.257881324245318e-09,1.298934520211655e-08,9.39454380954885e-09
0.00965320723480545,0.001530599385191067,0.0022930681243975995,1.0000154627210693e-06,1.0062380482095246e-06,1.00006400316488e-06,1.0062516095733142e-06,1.0916170367636369e-07,1.2255270051297787e-07,1.0906317271519583e-07,1.2243440934729097e-07,5.75112790723864e-10,1.7309430552322887e-10,1.606290034317226e-08,8.561565092262868e-09,1.668277604949253e-08,8.724024430499562e-09
0.009653207962401211,0.0015298485024990665,0.0022934551545671644,1.000015470925991e-06,1.0062380743324507e-06,1.0000640090810106e-06,1.0062516366815544e-06,1.0916171367914977e-07,1.2255273418304569e-07,1.0906318271246314e-07,1.2243444302839634e-07,5.7523507435261e-10,1.719475256622971e-10,1.6063361108751135e-08,8.562460074301725e-09,1.6683327292686017e-08,8.723763933460305e-09
0.009655080793891102,-0.0004029235467101211,0.0012115012211501143,1.0000365903941978e-06,1.0063037005146603e-06,1.0000792372011347e-06,1.0063258165487722e-06,1.0918746085053499e-07,1.226288594258011e-07,1.0908891567851242e-07,1.225105398715089e-07,8.899931347450263e-10,2.4887063443205323e-09,1.7249371708771832e-08,6.030037737252801e-09,1.8102227272720484e-08,8.5269322210406e-09
0.009655082249082625,-0.0004027693881734897,0.0012106605421031702,1.0000365815558304e-06,1.0063037515062548e-06,1.0000792227198598e-06,1.0063258741865866e-06,1.0918745776553779e-07,1.2262891857517388e-07,1.0908891257695889e-07,1.225105989988151e-07,8.895854248920925e-10,2.490506467722753e-09,1.724484992379733e-08,6.028070043129219e-09,1.8097337879838545e-08,8.526779282647112e-09
0.009656954352976754,-0.00020444443079720154,-0.0003592880178833703,1.0000252109962718e-06,1.006319667238676e-06,1.0000605925597483e-06,1.0063415507847292e-06,1.0918348891664209e-07,1.2265650881991214e-07,1.0908492242833745e-07,1.2253817504373624e-07,3.6506669909286416e-10,1.4062199668784973e-09,1.14275735541014e-08,8.099274454820067e-09,1.180713393722499e-08,9.500417258240839e-09
0.009656955808168277,-0.00020370972209481504,-0.00036050834323120284,1.0000252188113574e-06,1.0063196796100187e-06,1.0000606049218122e-06,1.0063415629701922e-06,1.091834931826579e-07,1.2265653026588552e-07,1.0908492668883448e-07,1.2253819647867203e-07,3.6553543331366534e-10,1.405377147989384e-09,1.1433868122506204e-08,8.100884407724607e-09,1.1813896598077013e-08,9.501174069725948e-09
0.009658827912062407,0.0007414930235254136,-0.0014973326680847404,1.0000352729189753e-06,1.006284882353128e-06,1.0000765087170294e-06,1.0062974867377333e-06,1.0918898141198952e-07,1.225894645294476e-07,1.0909040781825752e-07,1.2247111654241699e-07,9.68562008374363e-10,6.154438710116095e-10,1.9531830375285608e-08,7.47515703981108e-09,2.051405978420462e-08,8.093429046347811e-09
0.00965882936725393,0.0007413933390101188,-0.0014982163247694302,1.0000352926316141e-06,1.0062848553051242e-06,1.0000765262888202e-06,1.0062974524771562e-06,1.0918898902238511e-07,1.2258941239906562e-07,1.0909041541209678e-07,1.2247106440099742e-07,9.681864933076405e-10,6.148298536956531e-10,1.9526111072627385e-08,7.474670660201355e-09,2.0507926090263514e-08,8.092334802256573e-09
0.009660701471148059,0.0006131492100833746,0.0004718922720351672,1.000060652941621e-06,1.0062656701214198e-06,1.000099132397736e-06,1.0062756415580012e-06,1.0919877979631565e-07,1.2251296058348618e-07,1.0910018488630158e-07,1.2239461258541798e-07,4.850863599692445e-10,2.185094335978367e-09,1.2168228202824594e-08,8.217334409900749e-09,1.261692883502974e-08,1.0405790313386749e-08
0.009660702926339582,0.0006135168980447915,0.0004734236428838301,1.0000606776781381e-06,1.0062656552087236e-06,1.0000991569357335e-06,1.0062756246043136e-06,1.0919877907915296e-07,1.2251290115727898e-07,1.091001841581056e-07,1.2239455315921077e-07,4.853591946054255e-10,2.1863149068934717e-09,1.2171506463165491e-08,8.217911684482715e-09,1.2620545419632273e-08,1.0407588568739357e-08
0.009662575757829472,0.0010867313043882998,0.0026749899275848384,1.0000925135757037e-06,1.0063246357080062e-06,1.0001307373386226e-06,1.00633744622631e-06,1.0919785609075916e-07,1.2257495006465035e-07,1.0909924696989037e-07,1.224566162719181e-07,8.364973713703705e-10,1.354575691528227e-10,1.639062752190057e-08,7.650722806870274e-09,1.727508980309267e-08,7.773650272531099e-09
0.009662576485425234,0.001086720872205284,0.002675845236941754,1.0000925291942724e-06,1.006324658621953e-06,1.000130755616817e-06,1.0063374702440342e-06,1.0919786959521022e-07,1.2257497417067498e-07,1.0909926046882266e-07,1.224566403834615e-07,8.365117217682631e-10,1.3466081028035148e-10,1.6390901914879243e-08,7.650502453770969e-09,1.727534287909942e-08,7.772626986479736e-09
0.009664449316915125,0.0010598684331226682,0.0011749667607744057,1.0001327313901184e-06,1.0063967669213346e-06,1.0001778036894393e-06,1.0064223613315917e-06,1.0923263005224726e-07,1.2269302051230873e-07,1.0913400672052376e-07,1.2257468672509525e-07,8.734496459439356e-10,1.644721341849465e-09,1.7097189441983573e-08,7.446061922470876e-09,1.7926760520481366e-08,9.109419236966742e-09
0.009664450044510886,0.0010591190199225164,0.0011743836689033227,1.0001327327725348e-06,1.006396794935437e-06,1.0001778043075426e-06,1.0064223943118122e-06,1.0923263882986451e-07,1.226930663733583e-07,1.0913401548986285e-07,1.2257473258614482e-07,8.732998991917205e-10,1.6453080009526388e-09,1.7094910459285225e-08,7.4459824972450406e-09,1.7924358172042523e-08,9.1099385812754e-09
0.009666322876000777,-0.0008698705572685039,-0.0008985515864955132,1.000136291112584e-06,1.0064019306403574e-06,1.0001793953051674e-06,1.0064244390861e-06,1.0925523241667179e-07,1.2269944209318617e-07,1.0915658776866621e-07,1.225810799063298e-07,4.878517589901321e-10,1.010007434916428e-09,1.1228808993735129e-08,1.0040086639919856e-08,1.1740713290464555e-08,1.1037174734549267e-08
0.0096663243311923,-0.0008695367791138522,-0.0009001622587996305,1.0001362720495498e-06,1.0064019346308041e-06,1.0001793694331337e-06,1.0064244406748912e-06,1.0925521300160893e-07,1.2269944704712543e-07,1.0915656834256578e-07,1.2258108483820251e-07,4.882916540145301e-10,1.0095138058829889e-09,1.1235479344738067e-08,1.0042102260854335e-08,1.1747805865966654e-08,1.1038672198537824e-08
0.009668196435086429,-0.0004401311831543353,-0.0006829385138524205,1.0001117474559541e-06,1.0063723005006129e-06,1.000146085061715e-06,1.0063811596321932e-06,1.0923023552322775e-07,1.2260287409063292e-07,1.0913157666436746e-07,1.2248449768189284e-07,1.0542166029026134e-09,4.5490819132128603e-10,1.9816885910017845e-08,5.745669351991136e-09,2.087240424941683e-08,6.196711157837425e-09
0.009668197890277952,-0.00043814999543664943,-0.0006827696652360604,1.0001117717795884e-06,1.0063722774659216e-06,1.0001461089818494e-06,1.0063811259897193e-06,1.092302347067656e-07,1.2260279902420734e-07,1.0913157584238867e-07,1.224844226044297e-07,1.0537077720671418e-09,4.5447709484669474e-10,1.9810658433926106e-08,5.742329722835393e-09,2.0865648973299186e-08,6.1929474881594615e-09
0.009670070721767843,0.002111638597225074,0.0009561317711797004,1.000143076296795e-06,1.0063774090021005e-06,1.0001768941947375e-06,1.0063920356877186e-06,1.0922918391997882e-07,1.2258012730805242e-07,1.0913051795569118e-07,1.2246176509361072e-07,3.988424868150986e-10,1.5734043554015021e-09,1.1795896703858944e-08,9.244877700312592e-09,1.2171608609889972e-08,1.0837359876816914e-08
0.009670071449363604,0.0021114082658801833,0.0009567684850244618,1.000143102709787e-06,1.0063774109957044e-06,1.0001769256297e-06,1.0063920399261406e-06,1.0922919769485004e-07,1.2258011850008188e-07,1.09130531727803e-07,1.2246175629115896e-07,3.9900444312107006e-10,1.5738390590769313e-09,1.179785297598274e-08,9.246238441562582e-09,1.2173749598290563e-08,1.0839164232834264e-08
0.009671944280853495,0.001518535384131603,0.0017155431803820968,1.0002110897512478e-06,1.0064274644108947e-06,1.0002578392231953e-06,1.0064434064208876e-06,1.0926465421334797e-07,1.22653219158812e-07,1.0916598114363296e-07,1.2253485694988907e-07,8.15879974691569e-10,1.3237358384189997e-10,1.683329742263595e-08,8.911787124436084e-09,1.768465374141215e-08,9.020252646825072e-09
0.009671945008449256,0.001517645893002367,0.0017158379646460276,1.0002110951837042e-06,1.006427483856666e-06,1.0002578446978236e-06,1.0064434263767907e-06,1.0926466568688853e-07,1.226532475584463e-07,1.0916599260889536e-07,1.225348853495234e-07,8.158858331336716e-10,1.3181357394476123e-10,1.683294654766502e-08,8.911657189969446e-09,1.768428045054252e-08,9.01954599896726e-09
0.009673817839939147,-0.0007719042736509252,0.001090279996118238,1.0002250783262545e-06,1.006480028614412e-06,1.0002719363910728e-06,1.0064971585011306e-06,1.0929419858030087e-07,1.2268986889794756e-07,1.091955041943038e-07,1.2257149248920322e-07,8.309654631055707e-10,1.1629180630997797e-09,1.592979437248232e-08,6.145791563376801e-09,1.6723429752119046e-08,7.32446006399697e-09
0.00967381929513067,-0.0007718749936240507,0.0010897939370906329,1.000225056409462e-06,1.0064800694417296e-06,1.0002719044263076e-06,1.006497200251033e-06,1.0929419114098741e-07,1.2268989735275682e-07,1.0919549674947155e-07,1.2257152093297918e-07,8.305556200076001e-10,1.1637192320890222e-09,1.5927173921226118e-08,6.143642483635858e-09,1.6720449786244123e-08,7.323142980908415e-09
0.0096756913990248,-0.0007342062390500725,0.00014620429739902623,1.0001968604559039e-06,1.0065031948817725e-06,1.0002307817558176e-06,1.0065263950751102e-06,1.0928462046422283e-07,1.2271704740316318e-07,1.0918591897279839e-07,1.225986567835684e-07,3.0329247446836405e-10,8.566231699600748e-10,1.2555963380123103e-08,9.991867038788039e-09,1.2886723688154689e-08,1.0846160217294833e-08
0.009675692854216322,-0.0007330443360840812,0.00014547084256832932,1.0001968608650824e-06,1.0065032128572408e-06,1.0002307849334e-06,1.0065264177683275e-06,1.0928461400975854e-07,1.2271706850697228e-07,1.0918591251281746e-07,1.2259867787633993e-07,3.038289930420662e-10,8.563844633435735e-10,1.2561135021016412e-08,9.994858274353646e-09,1.2892403336072988e-08,1.0848898668314177e-08
0.009677565685706213,0.0007623247811467948,-0.0009522458184559068,1.0001973874779933e-06,1.0064880953344998e-06,1.0002348744819756e-06,1.0065019845905164e-06,1.0927630711421443e-07,1.2270296260838716e-07,1.0917759851736264e-07,1.225845577724189e-07,9.94328397396771e-10,2.2121977938814157e-10,1.921703685070497e-08,7.3505070229870605e-09,2.0202110206923862e-08,7.562925686444226e-09
0.009677566413301975,0.0007625246869046511,-0.000952672281805178,1.0001974023166314e-06,1.0064880894613364e-06,1.0002348912590623e-06,1.0065019750982174e-06,1.0927631439624271e-07,1.2270295712824009e-07,1.0917760578835335e-07,1.2258455228675302e-07,9.941058864335023e-10,2.209730176616631e-10,1.9213968074231475e-08,7.349479691498573e-09,2.019881793923562e-08,7.561649084664168e-09
0.009679439244791865,0.0012770821076266703,4.810172494120932e-05,1.0002355969710514e-06,1.0064711629422778e-06,1.0002780754803098e-06,1.006479936975338e-06,1.0929505833701114e-07,1.2261950477762013e-07,1.0919632131844992e-07,1.2250108573631162e-07,4.213626669802295e-10,1.1382044932166078e-09,1.131493743145029e-08,8.183834131074197e-09,1.1724520909695002e-08,9.337031459938741e-09
0.009679440699983388,0.0012767581110995322,4.887932712205334e-05,1.0002356280664087e-06,1.0064711497903593e-06,1.000278104255084e-06,1.0064799198516994e-06,1.0929506695951344e-07,1.2261943993507884e-07,1.0919632993543558e-07,1.2250102088273707e-07,4.215431357154234e-10,1.1389171827858036e-09,1.131995067799696e-08,8.184482425122042e-09,1.1729744254571022e-08,9.338410933423802e-09
0.009681313531473279,0.0008597745806726564,0.002285539259282752,1.0002756477913611e-06,1.0065148857905942e-06,1.000315137389407e-06,1.006527763423134e-06,1.0930616411997107e-07,1.2265515214962364e-07,1.0920741999598249e-07,1.2253674730261778e-07,6.538063979100173e-10,1.801838007816086e-10,1.7771998983562298e-08,9.907506217891706e-09,1.8452189110007566e-08,1.0074925639734379e-08
0.00968131425906904,0.0008596055049809245,0.0022864082025353394,1.000275657134995e-06,1.0065149027820474e-06,1.0003151486918655e-06,1.0065277820103802e-06,1.0930617191524575e-07,1.2265516602383286e-07,1.0920742779125717e-07,1.225367611823458e-07,6.538443572975384e-10,1.7981133249023173e-10,1.7770635671768745e-08,9.908175613304593e-09,1.845084015911052e-08,1.0075211775983917e-08
0.009683187090558931,0.0004244046744630303,0.0012674832119229564,1.0002997076484718e-06,1.0065814537659187e-06,1.0003442412198638e-06,1.0066006269730634e-06,1.093262369522563e-07,1.2276277144355316e-07,1.0922749282826771e-07,1.226443666020661e-07,7.515518207767968e-10,7.48639150736366e-10,1.4261471115162294e-08,6.883819195963091e-09,1.4978640550111777e-08,7.637870889971716e-09
0.009683187818154693,0.00042405714508469196,0.0012670873591682508,1.0002997073132043e-06,1.0065814796210019e-06,1.0003442398953569e-06,1.0066006552733597e-06,1.0932624338163328e-07,1.2276281324830052e-07,1.0922749925212592e-07,1.2264440840681345e-07,7.513733008379438e-10,7.488601405647444e-10,1.4261273812621215e-08,6.88264423231999e-09,1.497829113727223e-08,7.636923982090593e-09
0.009685060649644583,-0.00047048347475819874,-0.0005007645321906471,1.0002988443349224e-06,1.0065958058305888e-06,1.0003408306147321e-06,1.0066158774819466e-06,1.093427925979995e-07,1.227668459975903e-07,1.0924403426315621e-07,1.2264842695628179e-07,2.918629782300286e-10,8.483814750611476e-10,1.3753417071882268e-08,9.705158271581435e-09,1.4078902488279255e-08,1.0557141224023224e-08
0.009685062104836106,-0.00047030779407184885,-0.0005021381544838555,1.0002988339348108e-06,1.0065958169620648e-06,1.000340814197223e-06,1.0066158893096144e-06,1.0934278043933344e-07,1.2276684913103963e-07,1.0924402209345687e-07,1.2264843007869786e-07,2.9222338261235e-10,8.484588032153795e-10,1.3757403472463884e-08,9.707351367183037e-09,1.4083205884428001e-08,1.0559410235089217e-08
0.009686934936325997,-0.00024420675073955067,-0.00021455402155481375,1.0002854489912125e-06,1.0065823966177563e-06,1.0003196848629159e-06,1.0065923652733034e-06,1.0932713223610335e-07,1.2270808165626963e-07,1.0922835969040534e-07,1.225896483985919e-07,7.560638226600247e-10,1.2273908404199839e-10,1.8887901021003017e-08,8.316315153588353e-09,1.9621676727865633e-08,8.429930052997057e-09
0.009686935663921759,-0.00024349332339258884,-0.00021444229500744427,1.0002854588040195e-06,1.0065823914039473e-06,1.0003196960329236e-06,1.006592356134206e-06,1.0932713131722673e-07,1.2270805882508284e-07,1.0922835877152871e-07,1.2258962556188635e-07,7.558476630293767e-10,1.224571416491571e-10,1.8884701472933164e-08,8.315774735478954e-09,1.961827068021028e-08,8.42910274911901e-09
0.00968880849541165,0.0015928686676871529,0.0003763164884069967,1.0003107169690922e-06,1.006585431631487e-06,1.0003484476328595e-06,1.0065972408727825e-06,1.0932476612879327e-07,1.22688122275777e-07,1.0922599358309526e-07,1.2256966061293763e-07,1.9945277374144865e-10,9.628628268124687e-10,1.0649064741130587e-08,8.336788696236776e-09,1.0851104015330293e-08,9.309112720844523e-09
0.009688809950603172,0.0015925736358285763,0.0003767755084407298,1.000310757797929e-06,1.006585433993746e-06,1.0003484935312722e-06,1.006597244668228e-06,1.0932479241004788e-07,1.226881067850627e-07,1.0922601985883323e-07,1.2256964510015678e-07,1.9969212081233817e-10,9.635158226828366e-10,1.0655616122376231e-08,8.336805024100613e-09,1.0857906207680051e-08,9.309796489276323e-09
0.009690682782093063,0.001212867633840542,0.0012015088425594254,1.0003633045109073e-06,1.0066149986007962e-06,1.0004075647884747e-06,1.0066287236926637e-06,1.0935861638472488e-07,1.2271945796147493e-07,1.0925983673359951e-07,1.22600996276569e-07,5.077318010471288e-10,1.9954863879951954e-10,1.9087243785520513e-08,9.314742965988913e-09,1.961232776181987e-08,9.508059475110955e-09
0.009690683509688824,0.0012121302445327062,0.0012018292517801399,1.0003633083450298e-06,1.0066150100866577e-06,1.0004075686295447e-06,1.006628735922277e-06,1.0935862501885389e-07,1.2271947014141915e-07,1.0925984536496914e-07,1.2260100845651323e-07,5.077037476407133e-10,1.992518372517793e-10,1.9085043543029615e-08,9.315122895259265e-09,1.9610080065766855e-08,9.508136500357978e-09
0.009692556341178715,-0.0006859098338365399,0.0014474340851511212,1.0003731773766467e-06,1.0066646298987025e-06,1.0004174555433565e-06,1.006675765730896e-06,1.0938084926692682e-07,1.2275745466377893e-07,1.0928206251037409e-07,1.22638992978873e-07,4.354942795270489e-10,5.344888209991357e-10,1.3421619371456472e-08,8.451786176374246e-09,1.3824510425308745e-08,8.98974095647523e-09
0.009692557796370238,-0.0006856398722746998,0.0014476249202974856,1.0003731624738968e-06,1.006664668453335e-06,1.0004174351538693e-06,1.0066758022730937e-06,1.093808411298885e-07,1.2275748417778232e-07,1.0928205435678586e-07,1.226390224928764e-07,4.3529202602669686e-10,5.347493003959869e-10,1.3422058766008961e-08,8.451115363072859e-09,1.3824800303850895e-08,8.989338162734839e-09
0.009694430627860129,-0.00033819934218648484,0.00035619320380106596,1.0003539826347573e-06,1.0066984429859725e-06,1.0003911938838428e-06,1.0067185319235912e-06,1.0937036876157435e-07,1.2280242986068594e-07,1.0927156068873956e-07,1.2268393976510814e-07,1.7499177107360708e-10,5.924618625039198e-10,1.3987559555062035e-08,8.495700585577095e-09,1.4197873987598086e-08,9.083394355472032e-09
0.00969443135545589,-0.00033785208727670613,0.0003557691821551856,1.000353984219335e-06,1.0066984561073916e-06,1.0003911953849506e-06,1.006718548524077e-06,1.093703695480003e-07,1.2280244732210122e-07,1.0927156146688732e-07,1.2268395721548586e-07,1.751097682821592e-10,5.924842838567201e-10,1.3989709382821212e-08,8.49571790695336e-09,1.4200120054921586e-08,9.08343089633945e-09
0.009696304186945781,0.0005559820504936752,-0.000583083858557165,1.0003580629224757e-06,1.006694185224441e-06,1.0003950592363253e-06,1.0067073022654943e-06,1.0937239380837127e-07,1.227856915327986e-07,1.092735644192544e-07,1.2266718722636179e-07,4.788345830952778e-10,1.1053637433528489e-10,1.9523366034945866e-08,8.906468154432786e-09,1.9981497345611388e-08,9.024854857909776e-09
0.009696305642137304,0.000556032563347316,-0.000583813348099288,1.0003580800504387e-06,1.0066941819059617e-06,1.0003950797140787e-06,1.0067072935271426e-06,1.0937240415758068e-07,1.2278567851353728e-07,1.0927357474639726e-07,1.226671741960672e-07,4.785447139378739e-10,1.1016190043511287e-10,1.9516653714805162e-08,8.90678730769423e-09,1.997451197611668e-08,9.024809344282403e-09
0.009698178473627195,0.0006210426059829466,0.00016644800065655676,1.000380123738849e-06,1.0066863708151766e-06,1.0004214345826767e-06,1.006691724478956e-06,1.0938572359009413e-07,1.227092253955261e-07,1.0928686577926783e-07,1.225907068727201e-07,1.0548310835911678e-10,5.461852884613552e-10,1.0877897693717387e-08,9.546369240740439e-09,1.0984341436426348e-08,1.008399825639448e-08
0.009698179201222956,0.0006211530821753786,0.00016673947748202522,1.0003801348460452e-06,1.0066863677805648e-06,1.0004214446047786e-06,1.0066917184303747e-06,1.0938572713590933e-07,1.2270919569346006e-07,1.0928686931680486e-07,1.2259067716513528e-07,1.0559121251581112e-10,5.463546837169986e-10,1.0881401148158722e-08,9.546617718569905e-09,1.0987959987408395e-08,1.0084409751698331e-08
0.009700052032712847,0.0009055188014954751,0.0015296626157649761,1.0004087247687968e-06,1.006718158366304e-06,1.0004472414948395e-06,1.006732727514702e-06,1.0939485406424865e-07,1.2274928178939338e-07,1.0929597493714027e-07,1.2263077746089005e-07,3.838513118470388e-10,1.174036625659811e-10,1.9899292880154462e-08,6.90621772054701e-09,2.03021102151979e-08,7.0239994476375535e-09
0.00970005348790437,0.0009051349895735956,0.0015307216081024144,1.0004087439291268e-06,1.006718183067614e-06,1.0004472632083195e-06,1.0067327593787923e-06,1.0939487082378926e-07,1.2274931293632108e-07,1.0929599165806443e-07,1.22630808618851e-07,3.8377006765691937e-10,1.1707036728925146e-10,1.9894607292832595e-08,6.9041661276969535e-09,2.0297303481856662e-08,7.021621506453357e-09
0.00970192631939426,0.00041116904611460114,0.0007582995767737291,1.0004334032737603e-06,1.0067610469570646e-06,1.000475208456919e-06,1.0067757163146647e-06,1.0941644035256104e-07,1.2283440289858173e-07,1.0931751148746116e-07,1.2271588437577574e-07,2.7920879497322915e-10,3.4554869917431525e-10,1.3864256409590325e-08,9.916429808905616e-09,1.4111037671682425e-08,1.027032678949345e-08
0.009701927046990022,0.0004108391717627003,0.0007579994905144716,1.0004334030766666e-06,1.0067610636097023e-06,1.000475208456919e-06,1.006775733003451e-06,1.094164438073164e-07,1.2283443595606514e-07,1.0931751492841958e-07,1.2271591742774035e-07,2.791666484873593e-10,3.4563746309501653e-10,1.3864502130444992e-08,9.917600074516031e-09,1.4111266332957884e-08,1.0271588912758034e-08
0.009703799878479913,-0.0004382574100301184,-0.00017517655247187693,1.000432895757257e-06,1.0067719653217176e-06,1.000475208456919e-06,1.0067851616848891e-06,1.0942533634761276e-07,1.2280889047728935e-07,1.0932637195537609e-07,1.2269035774914312e-07,1.7068159385846826e-10,1.8793048818952715e-10,1.4496987610357337e-08,7.773191852094337e-09,1.4699840455989488e-08,7.945781521358556e-09
0.009703801333671436,-0.00043772628367892415,-0.00017590163098235578,1.000432892957118e-06,1.0067719737923562e-06,1.0004751985711071e-06,1.006785169010982e-06,1.0942532892773714e-07,1.228088706284325e-07,1.0932636451343392e-07,1.22690337889253e-07,1.7085064081873194e-10,1.8780794974748716e-10,1.4500260389920223e-08,7.771525645239308e-09,1.4703239322408994e-08,7.943974367208284e-09
0.009705674165161327,0.0002458333303081428,0.0005749885840303687,1.000429289178359e-06,1.0067794534819303e-06,1.0004624755310942e-06,1.006791419358794e-06,1.0941577954781678e-07,1.2277872690557486e-07,1.0931678673387069e-07,1.2266017996105944e-07,3.8841407867806765e-10,8.591826335073262e-11,1.8712327687353536e-08,8.488421894787844e-09,1.9077580404314176e-08,8.59162759456701e-09
0.009705674892757088,0.0002462919798060377,0.0005752803051706223,1.000429301348774e-06,1.0067794563877927e-06,1.0004624898357682e-06,1.0067914217870566e-06,1.0941578083921096e-07,1.2277871519472683e-07,1.0931678802250548e-07,1.2266016824469261e-07,3.882818616602588e-10,8.587867916798331e-11,1.8709382699152014e-08,8.488700409259309e-09,1.9074515793483698e-08,8.591879208097453e-09
0.009707547724246979,0.0014268557873875487,0.0005504069138906994,1.0004606279972983e-06,1.0068005382505533e-06,1.000499310066516e-06,1.0068118695299343e-06,1.0941910488782014e-07,1.2280133551028538e-07,1.0932010496844669e-07,1.226827743604297e-07,4.795525782030907e-11,1.4093361949124962e-10,1.1128983068431353e-08,9.23161110495355e-09,1.1186207515834212e-08,9.355917463121059e-09
0.009707549179438502,0.001426371181563168,0.0005503875872463482,1.0004606604413647e-06,1.0068005546311771e-06,1.0004993477561741e-06,1.0068118854178465e-06,1.0941912889622065e-07,1.2280135308628815e-07,1.093201289768472e-07,1.2268279192539921e-07,4.8187732482457454e-11,1.4097639722265853e-10,1.1136110786446886e-08,9.232188347141346e-09,1.1193565194137962e-08,9.35651112143887e-09
0.009709422010928392,0.0008026834855850984,0.0003835605413733365,1.0005024159549485e-06,1.006818043478176e-06,1.0005478543462232e-06,1.0068334691464397e-06,1.0945002770768042e-07,1.2281886146612724e-07,1.0935102778830696e-07,1.227003003052383e-07,3.473826226674248e-10,7.264746658796483e-11,2.030948387243825e-08,6.970865894869471e-09,2.0662897171064287e-08,7.056601985629155e-09
0.009709423466119915,0.0008017176290008863,0.00038343091662906836,1.0005024212131912e-06,1.0068180570670238e-06,1.000547854787554e-06,1.0068334859170136e-06,1.0945003805688983e-07,1.22818875070152e-07,1.0935103813199974e-07,1.2270031390926306e-07,3.4729119046788037e-10,7.259437495577004e-11,2.0302946597920815e-08,6.969108845567007e-09,2.065624812811935e-08,7.0548149544436e-09
0.009711296297609806,-0.00044133979488014674,0.0007324993476125944,1.0005091885716175e-06,1.0068389591002248e-06,1.0005484227804118e-06,1.0068506459628252e-06,1.0946335748940328e-07,1.228342878596433e-07,1.0936435046460247e-07,1.227157124934184e-07,2.296179496541484e-10,9.050785153164905e-11,1.1889474293980129e-08,1.147924973545055e-08,1.209892985798433e-08,1.156915130151269e-08
0.009711297025205567,-0.0004411351090322683,0.0007326349608336447,1.0005091859841885e-06,1.0068389672206729e-06,1.0005484196457455e-06,1.0068506526295096e-06,1.0946335306886168e-07,1.2283429384751798e-07,1.0936434604130147e-07,1.2271571847577434e-07,2.29575316119905e-10,9.051481092425817e-11,1.1891677284822736e-08,1.1481001926938461e-08,1.2101110257707024e-08,1.1570905122937347e-08
0.009713169856695458,8.572626340686007e-05,0.00035913155009575806,1.0005025259419889e-06,1.0068594087324956e-06,1.0005403510149335e-06,1.0068732587452467e-06,1.094519745947764e-07,1.2283815619895045e-07,1.0935296046454823e-07,1.227195808272068e-07,1.198365989774075e-10,8.544767259072093e-11,1.756217571369234e-08,6.163345406848764e-09,1.7713459143919863e-08,6.230822647345098e-09
0.009713171311886981,8.62499168478269e-05,0.00035884133765540227,1.0005025382517182e-06,1.0068594246155662e-06,1.0005403644313927e-06,1.0068732763102162e-06,1.094519854459997e-07,1.2283815920000052e-07,1.0935297130473826e-07,1.2271958382825687e-07,1.200462037294408e-10,8.54437354202986e-11,1.7561006022709208e-08,6.159213583600831e-09,1.7712445315836957e-08,6.226673399112315e-09
0.009715044143376872,0.0007601918953721309,0.0005165807618930105,1.0005183808733746e-06,1.0068758220917267e-06,1.0005576314142672e-06,1.0068904296945191e-06,1.094659509703888e-07,1.2282989490392075e-07,1.0936692262930592e-07,1.227112911325342e-07,3.898075195962747e-10,8.721844269390605e-11,1.605561372741704e-08,8.974540294490064e-09,1.6407648573135702e-08,9.089841083420384e-09
0.009715045598568395,0.0007600350076419859,0.0005167033255482067,1.0005184000573448e-06,1.0068758348325784e-06,1.0005576503914956e-06,1.0068904430227121e-06,1.09465957623452e-07,1.2282988848255627e-07,1.0936692928236911e-07,1.227112846891032e-07,3.895394340430572e-10,8.721982164283659e-11,1.605282494647863e-08,8.976727805531937e-09,1.6404644939906748e-08,9.092065766935775e-09
0.009716918430058286,0.0005581204989453248,0.0008772955559260254,1.0005430898270007e-06,1.0069019447062532e-06,1.0005820740843774e-06,1.0069121487760233e-06,1.0947452011578207e-07,1.2283947708431352e-07,1.0937549177469919e-07,1.2272085908552452e-07,4.45133270521314e-11,8.369139792458604e-11,1.2463663878747866e-08,1.0095342077034593e-08,1.253896897424056e-08,1.0154529896814752e-08
0.009716919157654047,0.00055822442258958,0.0008774356461476174,1.0005430998957938e-06,1.0069019548499492e-06,1.0005820849453335e-06,1.006912157208717e-06,1.0947452362020644e-07,1.2283948080948903e-07,1.0937549527360478e-07,1.2272086280518124e-07,4.463242201660419e-11,8.36900271306007e-11,1.2466477163024385e-08,1.0095776659113653e-08,1.2541884321427522e-08,1.0154942664541977e-08
0.009718791989143938,0.0008257238829026958,0.00047765403533274003,1.000569016969148e-06,1.0069273275786323e-06,1.000610041046457e-06,1.0069454415901791e-06,1.0948354400852622e-07,1.2287049321952034e-07,1.0938450145658862e-07,1.2275187521521255e-07,3.511828605695655e-10,1.6561968264003995e-10,1.9707870890783852e-08,5.9673791470661515e-09,2.0045987980665814e-08,6.145462444656946e-09
0.00971879344433546,0.0008253704228424138,0.0004773434047105063,1.0005690343605905e-06,1.0069273472932621e-06,1.00061005945122e-06,1.0069454674521694e-06,1.0948356256739613e-07,1.2287051731618703e-07,1.093845200044509e-07,1.2275189931187924e-07,3.5105687352924543e-10,1.656833420460302e-10,1.9701614600522202e-08,5.964171378991523e-09,2.003961162877075e-08,6.142347075410726e-09
0.009720667731016874,0.00037011386519915157,3.3514958816572476e-05,1.000591434538525e-06,1.0069369222435306e-06,1.0006337647860147e-06,1.0069522886624327e-06,1.0950746639183624e-07,1.2288305129004584e-07,1.0940840965105919e-07,1.2276440486402862e-07,1.8878556559702225e-10,4.6409934922886364e-11,1.1643512743515979e-08,1.142778138785161e-08,1.1826870387929219e-08,1.1476772421303849e-08
0.00972067064139992,0.0003694069450785875,3.37324657910069e-05,1.00059146932141e-06,1.0069369282694797e-06,1.0006338015955407e-06,1.0069522865432217e-06,1.0950750350957605e-07,1.2288298824351992e-07,1.0940844674678374e-07,1.2276434177335246e-07,1.8853359151638216e-10,4.654731475531547e-11,1.1631000162992677e-08,1.1419774918491403e-08,1.1814117684139092e-08,1.1468872047011648e-08
0.009722541290102527,-0.0003896684434696846,0.00017353507360873266,1.0005910626849515e-06,1.006940801448225e-06,1.0006313053397506e-06,1.00695092442038e-06,1.0950789354954325e-07,1.2284246508897922e-07,1.0940882969511517e-07,1.2272379024125257e-07,1.143174971066439e-10,1.348482020491204e-10,1.8088234150669478e-08,6.273616737217935e-09,1.821954018090049e-08,6.390906470699065e-09
0.009722544928081334,-0.00039114466942952175,0.00017511952010069887,1.0005910618941376e-06,1.006940843771633e-06,1.0006313004851108e-06,1.006950979807407e-06,1.0950789430808072e-07,1.2284248447995528e-07,1.0940883043986105e-07,1.2272380957706227e-07,1.1417316397865918e-10,1.34706459665999e-10,1.8100791976394248e-08,6.280239495977555e-09,1.823199724526603e-08,6.397478573809237e-09
0.00972441557678394,0.0006549360673261874,0.0009898419062697172,1.0005960345606954e-06,1.0069626064680134e-06,1.000632548613006e-06,1.0069794598166482e-06,1.0950320673683858e-07,1.22852455319844e-07,1.0940412868534737e-07,1.2273375205040793e-07,2.7388273654644577e-10,6.18225262649652e-11,1.5100191460925218e-08,9.68566205017396e-09,1.5357058742683427e-08,9.776853993059831e-09
0.009724419214762747,0.0006569704522673692,0.0009894229382352382,1.000596044231381e-06,1.0069626706358288e-06,1.0006325510403258e-06,1.006979521161642e-06,1.0950319762059735e-07,1.228525564122014e-07,1.0940411954152296e-07,1.2273385308759897e-07,2.741933347039094e-10,6.186826607442073e-11,1.5094355987343988e-08,9.686447341605565e-09,1.535146765263562e-08,9.777573653760772e-09
0.009726289863465354,0.0013610268185201572,0.0007739895749061532,1.000633819484567e-06,1.0069956657265477e-06,1.0006736257946896e-06,1.0070110647575348e-06,1.0951494136942788e-07,1.2290453810237523e-07,1.0941585619871773e-07,1.2278580641122971e-07,3.038427172341173e-11,8.538767609644893e-11,1.536881647480744e-08,1.0090244195737341e-08,1.5410732452742385e-08,1.0147623186185228e-08
0.009726293501444161,0.0013623960452145423,0.0007726938797634811,1.0006338929486923e-06,1.0069956977566596e-06,1.000673705675581e-06,1.0070110989606788e-06,1.0951496420830154e-07,1.2290451060194404e-07,1.0941587902379979e-07,1.2278577888321535e-07,2.991011952002687e-11,8.536845230301966e-11,1.5369350236937862e-08,1.0082810676788578e-08,1.541084770906309e-08,1.0140255279003692e-08
0.009728164150146767,0.0003231292507492839,0.00010644743740151341,1.0006653929591287e-06,1.0070121676402077e-06,1.0007107100127806e-06,1.0070286862173816e-06,1.0953878716925175e-07,1.2289036988022417e-07,1.094396807015806e-07,1.2277162397822394e-07,2.3365939766103775e-10,7.548357772169112e-11,1.643944139048966e-08,6.2604952333344954e-09,1.6665371714259547e-08,6.35167740625775e-09
0.009728167060529813,0.00032151234402899576,0.00010689563982432697,1.000665441967313e-06,1.0070121822336013e-06,1.0007107675846783e-06,1.0070287010518584e-06,1.0953882423336836e-07,1.2289036416276962e-07,1.0943971773258454e-07,1.2277161821661915e-07,2.339763938152828e-10,7.53985930217234e-11,1.6441106254205806e-08,6.269839481514463e-09,1.666732352134659e-08,6.360917465417846e-09
0.00973003770923242,-0.0001049991148020756,0.0003949777470877436,1.0006694766528301e-06,1.0070215621373095e-06,1.0007080443965437e-06,1.0070382359117502e-06,1.0954305084828563e-07,1.2288668926885293e-07,1.0944393725586604e-07,1.2276791494514327e-07,1.949254704119479e-10,2.0774677117474383e-11,1.43599708876829e-08,1.2275854999188596e-08,1.4560218584644075e-08,1.2299965490569775e-08
0.009730041347211227,-0.00010582858088303837,0.0003948556801933113,1.0006694844993597e-06,1.0070215885878394e-06,1.000708039100573e-06,1.007038255109644e-06,1.0954305906807349e-07,1.2288670397068826e-07,1.0944394546186231e-07,1.2276792959181224e-07,1.948495254033844e-10,2.083793960715054e-11,1.4355923561026884e-08,1.2264916054476506e-08,1.4556120753184132e-08,1.2289044200817305e-08
0.009731911995913833,0.00046738447158944625,0.0003320888830762314,1.0006762687933077e-06,1.0070351894503237e-06,1.0007140528077035e-06,1.007048126666632e-06,1.0954001675632934e-07,1.2289426365441614e-07,1.094408747835751e-07,1.2277546090899705e-07,4.350980400918287e-11,5.336751179862986e-11,1.7271982027151315e-08,6.640110683520106e-09,1.7310897692872268e-08,6.673317010097435e-09
0.00973191563389264,0.0004684992383192643,0.000332555402663742,1.0006762819871894e-06,1.0070352223568845e-06,1.0007140645029722e-06,1.0070481674897396e-06,1.0954001083973708e-07,1.2289425361413836e-07,1.0944086881181647e-07,1.2277545086871927e-07,4.32154832752385e-11,5.336162340908682e-11,1.7277653086011924e-08,6.646442492303399e-09,1.731625509648893e-08,6.679738998642246e-09
0.009733786282595247,0.0003764237977890172,0.0005724397745616727,1.0006920841793174e-06,1.0070521429104834e-06,1.0007358500080492e-06,1.0070691587316105e-06,1.0956195945243666e-07,1.228890909032998e-07,1.0946279614960876e-07,1.2277028815788071e-07,2.560153369751024e-10,5.0333813506053815e-11,1.3263354651976251e-08,9.90225856867255e-09,1.3518939442023287e-08,9.981925508384393e-09
0.009733789920574054,0.0003762447323659712,0.0005731042449347205,1.000692114910924e-06,1.0070521970150384e-06,1.0007358923758147e-06,1.007069209484663e-06,1.0956200213740885e-07,1.228891471729885e-07,1.0946283879320617e-07,1.2277034439998623e-07,2.5642918344281895e-10,5.0294281784364546e-11,1.3255547770540943e-08,9.90196764541743e-09,1.3511554541878468e-08,9.981479824521906e-09
0.00973566056927666,0.00019032561229049866,0.0009147749107558667,1.0007027066880274e-06,1.0070800175772543e-06,1.000740090624189e-06,1.0070953067042865e-06,1.095643920186624e-07,1.2291808104691881e-07,1.0946520739955243e-07,1.22799264090645e-07,8.617746493065617e-11,2.9967070491743186e-11,1.693972169506721e-08,9.752374907634476e-09,1.7032294628513082e-08,9.752309182431418e-09
0.009735664207255468,0.00018996404262874161,0.0009136185500432081,1.0007027272865826e-06,1.0070800624623743e-06,1.0007400987888104e-06,1.0070953532646955e-06,1.0956439666642837e-07,1.2291809373518196e-07,1.0946521200594361e-07,1.2279927677890816e-07,8.584636473907281e-11,3.000670348195587e-11,1.69468865607314e-08,9.747025530723406e-09,1.7039141653185652e-08,9.747101911481579e-09
0.009737534855958074,0.0010372216508862432,0.00031901787159416273,1.0007257082782788e-06,1.0071031423910502e-06,1.0007635954078298e-06,1.0071192946270457e-06,1.095608849434771e-07,1.229246180400878e-07,1.0946167190543314e-07,1.22805801083814e-07,1.2830044729433022e-10,5.0385987049317293e-11,1.5295199104928727e-08,6.996375923051801e-09,1.541526597899855e-08,7.069523189073834e-09
0.00973753776634112,0.0010385398268617507,0.00031915359792418453,1.000725744032447e-06,1.0071031635042347e-06,1.0007636319642188e-06,1.0071193172231874e-06,1.0956087947988635e-07,1.2292460023238632e-07,1.0946166639769217e-07,1.2280578327611252e-07,1.2836649798675381e-10,5.03686524748065e-11,1.5292629385044165e-08,7.00418622618068e-09,1.5412739529097053e-08,7.077267126380283e-09
0.009739409142639488,0.0009979009141970275,0.00040642562812820415,1.0007638523190576e-06,1.0071167392819467e-06,1.0008086955554487e-06,1.0071338465422741e-06,1.0958413490369799e-07,1.2291314988033264e-07,1.0948488634953337e-07,1.2279433292405884e-07,2.2723770128772893e-10,3.9222521064363747e-11,1.5268433954016227e-08,1.2026211138049803e-08,1.5506500814926985e-08,1.2056618814426656e-08
0.009739412053022534,0.0009978377121555582,0.0004068240090420606,1.0007639115854443e-06,1.0071167704029337e-06,1.0008087656387943e-06,1.0071338705599984e-06,1.0958417107076457e-07,1.2291315601721438e-07,1.094849224614336e-07,1.2279433906094057e-07,2.2739146676720168e-10,3.9202125432039397e-11,1.5268396325041067e-08,1.201676023947474e-08,1.5506646633411947e-08,1.2047146293277312e-08
0.00974128270172514,-0.0004670487521016237,0.0006628833414232815,1.0007737874899799e-06,1.0071367734172994e-06,1.0008151197444417e-06,1.0071493079522043e-06,1.0959948900402179e-07,1.2291710049794347e-07,1.0950022621141929e-07,1.2279828354166966e-07,1.2319722043329997e-10,2.6092832755564288e-11,1.7837307696451322e-08,5.942195180352883e-09,1.7953250335653676e-08,5.958683324536196e-09
0.009741286339703947,-0.00046989761725965,0.0006623281888829564,1.0007738066963287e-06,1.0071368112432603e-06,1.0008151321017067e-06,1.0071493562779369e-06,1.0959951879385699e-07,1.229171316393545e-07,1.095002559736713e-07,1.2279831465549753e-07,1.2299458673759034e-10,2.612935574888316e-11,1.784230363455208e-08,5.95085410279323e-09,1.7958008413643256e-08,5.967440827540545e-09
0.009743156988406554,-0.00011922379077415293,0.0003768687526477521,1.000762799061792e-06,1.0071562613523184e-06,1.0007991333714158e-06,1.0071742053696653e-06,1.0959273919006351e-07,1.2293314455291693e-07,1.0949345509497052e-07,1.228143133857884e-07,1.9509017817154264e-10,4.490947891344632e-11,1.3725262467975208e-08,1.0403272021619614e-08,1.3920653298819368e-08,1.047054887237664e-08
0.009743160626385361,-0.00011854181133719166,0.0003771285972220636,1.0007627776544903e-06,1.0071562936433614e-06,1.000799102257588e-06,1.0071742320701843e-06,1.0959272600530312e-07,1.2293317649424021e-07,1.0949344186883536e-07,1.228143453271117e-07,1.9523038741198206e-10,4.4855214820308283e-11,1.3717255775702597e-08,1.0401033187932506e-08,1.3912801577475875e-08,1.0468164116767642e-08
0.009745031275087968,0.0012813070087961639,0.0005107406773330325,1.0007845798327743e-06,1.0071728976976476e-06,1.0008219089582154e-06,1.0071879614770296e-06,1.0959352736014482e-07,1.2294960072267713e-07,1.0949423613204129e-07,1.2283076955554861e-07,1.938112707600223e-10,1.695261812872939e-11,1.7806180379371332e-08,9.249824906021331e-09,1.80061380650463e-08,9.241922782621259e-09
0.009745034913066775,0.0012840293907878664,0.0005112173772131222,1.0007846222329655e-06,1.007172943814456e-06,1.00082195331197e-06,1.0071880017649678e-06,1.0959352891859453e-07,1.2294955922389922e-07,1.0949423767669941e-07,1.2283072802925164e-07,1.9380851090655682e-10,1.6999606046712926e-11,1.7814132391436033e-08,9.245642370818394e-09,1.801409865720416e-08,9.237867206710012e-09
0.009746909199748188,0.0007402522240400056,0.0007568131554353057,1.0008225630736665e-06,1.0071967031940676e-06,1.0008650406234665e-06,1.007208758110745e-06,1.0961512941776164e-07,1.229281790535222e-07,1.0951583817586652e-07,1.2280933368104277e-07,1.6443306438684857e-10,4.120778139183116e-11,1.4223221711517908e-08,7.090800234265401e-09,1.4370858281154142e-08,7.148434497235575e-09
0.00974690992734395,0.0007400035473580706,0.0007569084954113237,1.0008225691848402e-06,1.0071967124174293e-06,1.000865046272502e-06,1.0072087661683327e-06,1.0961513268085192e-07,1.229281707537666e-07,1.0951584143344017e-07,1.2280932537578337e-07,1.6450916298308775e-10,4.121717897542787e-11,1.4223480734479717e-08,7.089963727224813e-09,1.4371208019335966e-08,7.147623382053325e-09
0.009748783486429602,9.966109137560242e-05,0.0007650763880639638,1.0008383054570727e-06,1.0072252277629251e-06,1.0008795925386949e-06,1.0072446772629966e-06,1.0962353513832568e-07,1.2294582798899887e-07,1.0952422968557585e-07,1.2282695420033948e-07,3.604630482989535e-10,8.32483570855695e-11,1.4890464861139208e-08,1.0337458051231534e-08,1.5271783837533803e-08,1.041326768895693e-08
0.009748784214025363,9.975132751672563e-05,0.0007650795600611104,1.0008383085986165e-06,1.0072252388368456e-06,1.0008795942157523e-06,1.0072446912090527e-06,1.0962353739187154e-07,1.229458348461776e-07,1.095242319363634e-07,1.2282696104648494e-07,3.603716125707013e-10,8.326467987318509e-11,1.4891407767003016e-08,1.0338719214075809e-08,1.527262036162052e-08,1.0414535900338251e-08
0.009750657773111016,0.0003321093909089967,0.0002204918096768339,1.0008463980737164e-06,1.0072437001363916e-06,1.0008839126385283e-06,1.00725787376279e-06,1.0962934027247684e-07,1.229750694319443e-07,1.0953002771429965e-07,1.2285619563225164e-07,1.2492461232138652e-10,6.567580783042542e-11,1.7319390366310472e-08,6.519138636613093e-09,1.742666988491237e-08,6.582714760619539e-09
0.009750658500706777,0.00033205533122769923,0.00022028031928833514,1.0008464018933107e-06,1.0072437073058284e-06,1.000883917890366e-06,1.0072578788822284e-06,1.096293447244022e-07,1.229750807851815e-07,1.095300321634667e-07,1.2285620698548883e-07,1.2501602584302324e-10,6.566897720050591e-11,1.731744130117758e-08,6.517655304350001e-09,1.7424821258070704e-08,6.581226674740037e-09
0.00975253205979243,0.00019285165188664966,0.0001587479843472747,1.0008562373486241e-06,1.0072508081773417e-06,1.0008974413722171e-06,1.0072632200893462e-06,1.09640808432232e-07,1.229464570289522e-07,1.0954148876862746e-07,1.2282755481858338e-07,3.6040584405760967e-10,7.193391278438194e-11,1.2298598583981857e-08,1.0579780487675388e-08,1.2664607140777662e-08,1.066536569291981e-08
0.00975253278738819,0.00019295584528321893,0.0001587240882948704,1.000856242107868e-06,1.0072508109349617e-06,1.000897444814598e-06,1.0072632221636013e-06,1.0964080817295011e-07,1.2294644591293036e-07,1.0954148850107061e-07,1.2282754369152826e-07,3.6038030885262055e-10,7.19363457690747e-11,1.230067141691545e-08,1.0581358012018427e-08,1.2666655436748041e-08,1.0666951766324928e-08
0.009754406346473843,0.0004612538414491274,0.000907973494189099,1.0008684971607681e-06,1.0072708015959416e-06,1.0009063089455594e-06,1.0072859507045278e-06,1.0964014052206039e-07,1.229641173535007e-07,1.0954079954217377e-07,1.2284520092676053e-07,2.946271560055891e-10,6.6666331810551e-11,1.7638216220916547e-08,7.782845149924166e-09,1.7941017560474393e-08,7.827574585745376e-09
0.009754407074069604,0.00046161452221928176,0.0009082644648321647,1.0008685106330865e-06,1.0072708093593052e-06,1.0009063217441553e-06,1.0072859595311456e-06,1.096401407206593e-07,1.2296412421619607e-07,1.0954079973249772e-07,1.2284520778393926e-07,2.9458098398600837e-10,6.666428520318846e-11,1.7636893691528954e-08,7.781758348812673e-09,1.7939638933792978e-08,7.826471914995636e-09
0.009756280633155257,0.0013903675053668074,0.0005803663278500127,1.0009032018530618e-06,1.0072986973510004e-06,1.0009392781284987e-06,1.0073110745688695e-06,1.0964065211283014e-07,1.2298000578416846e-07,1.0954128981666145e-07,1.2286107514657356e-07,1.7568803356571294e-10,6.245999066580461e-11,1.4231380518481274e-08,8.362273694751326e-09,1.4389675229153909e-08,8.4495127161412e-09
0.009756281360751018,0.0013902093259270277,0.0005802389887676895,1.0009032191208358e-06,1.0072987081812884e-06,1.0009392993565146e-06,1.0073110843222821e-06,1.0964066168143554e-07,1.2298001195176766e-07,1.0954129938250853e-07,1.2286108130865614e-07,1.7581230206040516e-10,6.245835793006194e-11,1.4231642786949087e-08,8.362499137604118e-09,1.4390076985077124e-08,8.449754673733878e-09
0.00975815491983667,0.0009828972684942927,0.0004516009576798249,1.0009476836386329e-06,1.0073180393763897e-06,1.0009939614974428e-06,1.007333131006981e-06,1.0966530084033366e-07,1.22964798034685e-07,1.0956593143873761e-07,1.2284586739157347e-07,4.958036758928586e-10,1.1203326764830516e-10,1.490698409156721e-08,1.0633564245488554e-08,1.542459848735689e-08,1.0726022486689769e-08
0.009758155647432432,0.000982281429875995,0.0004515510011628976,1.0009476863990893e-06,1.0073180468836499e-06,1.0009939629538346e-06,1.0073331395688001e-06,1.0966530901598843e-07,1.2296479212636768e-07,1.0956593960611742e-07,1.2284586148325616e-07,4.956746500806537e-10,1.1205252004042876e-10,1.490779824431519e-08,1.0634446212520743e-08,1.542526708710802e-08,1.0726906474189946e-08
0.009760029206518084,-0.0006035030122404361,0.0006492861610569137,1.0009547945746478e-06,1.0073386731570336e-06,1.0009977131630876e-06,1.0073524588285875e-06,1.0968636132702159e-07,1.2299431081889595e-07,1.0958697060914346e-07,1.228753517651083e-07,1.6343318365308335e-10,1.0370046099756746e-10,1.7004241570361955e-08,5.508312352481178e-09,1.7146911446275226e-08,5.616861935192171e-09
0.009760029934113845,-0.0006033782330513983,0.0006493629514102706,1.0009547881312428e-06,1.0073386811672368e-06,1.0009977033655418e-06,1.0073524663312128e-06,1.0968635623516642e-07,1.2299432228246587e-07,1.0958696551177166e-07,1.2287536321764492e-07,1.6349605503130424e-10,1.0369721747949256e-10,1.7002703790106855e-08,5.506321620885046e-09,1.714545032036897e-08,5.614877451876055e-09
0.009761903493199497,-0.0002820718212790396,-6.032582707386552e-05,1.0009381963634892e-06,1.0073497119621321e-06,1.0009724746851134e-06,1.0073628078173342e-06,1.0967324470811946e-07,1.2300213521840934e-07,1.0957383977938662e-07,1.2288316194825032e-07,3.253898539501421e-10,9.356315842593586e-11,1.3042919633221572e-08,1.1817859869444686e-08,1.3383051111759414e-08,1.1926242572877856e-08
0.009761904220795259,-0.00028142595251134386,-6.060143436648069e-05,1.0009382043642364e-06,1.007349716245936e-06,1.000972484394393e-06,1.0073628118334454e-06,1.0967324325172751e-07,1.2300213825255923e-07,1.0957383831747804e-07,1.2288316497688356e-07,3.2542856830191475e-10,9.355922286902185e-11,1.3044538091522008e-08,1.182031095225966e-08,1.3384699717786816e-08,1.1928693588458827e-08
0.009763777779880911,0.0013816861243052259,0.00045780848650494774,1.0009588062879178e-06,1.0073571619266788e-06,1.0009974857894122e-06,1.0073695167530187e-06,1.0966949304247464e-07,1.2297527595825175e-07,1.0957007390288709e-07,1.22856288477238e-07,4.251180241165997e-10,2.1733007691241765e-10,1.7212068215144427e-08,7.2155347516453405e-09,1.762986023834401e-08,7.403545854363463e-09
0.009763778507476673,0.0013816108229614736,0.00045800981074606284,1.0009588249827341e-06,1.0073571648182054e-06,1.0009975060906332e-06,1.007369519356871e-06,1.0966950142224495e-07,1.229752655262928e-07,1.0957008227714076e-07,1.228562780397624e-07,4.250155222263425e-10,2.1737814326350247e-10,1.7210646227013317e-08,7.21374648904316e-09,1.7628337504713997e-08,7.401788515437602e-09
0.009765652066562325,0.0011877098627997018,0.0012902031676847521,1.001006964134697e-06,1.0073899246763028e-06,1.0010497817347641e-06,1.007399521030894e-06,1.0969107933078703e-07,1.2298010954657774e-07,1.0959164598034477e-07,1.2286112206004735e-07,1.6107315481406204e-10,4.255539889645435e-11,1.3549026789405616e-08,7.335731278462524e-09,1.3707298407439339e-08,7.405630171554356e-09
0.009765652794158086,0.0011873603386264987,0.0012905263495709418,1.0010069748670652e-06,1.0073899373985778e-06,1.0010497921501732e-06,1.0073995326820295e-06,1.0969108250285281e-07,1.2298011142775067e-07,1.0959164914689391e-07,1.2286112394122028e-07,1.6126739225420371e-10,4.248750656854483e-11,1.354986078204592e-08,7.335778651196279e-09,1.3708332385725354e-08,7.405631663459644e-09
0.009767526353243738,0.0002873355926285015,0.0005710252070402927,1.0010346107152128e-06,1.0074248094318409e-06,1.0010766118284664e-06,1.0074428305524944e-06,1.0969925057224827e-07,1.2302740099821584e-07,1.0959980301095129e-07,1.229083851010093e-07,6.61428800619035e-10,3.5892079695840693e-10,1.5697391830826746e-08,1.088537878796389e-08,1.6370826472211775e-08,1.123175601869184e-08
0.0097675270808395,0.0002873016626401876,0.0005707457891208634,1.0010346142605507e-06,1.0074248229743781e-06,1.0010766151825811e-06,1.0074428473672015e-06,1.0969925485591625e-07,1.2302741936309758e-07,1.0959980729186094e-07,1.2290840345485776e-07,6.613176239154084e-10,3.5904368367312145e-10,1.569718956060409e-08,1.0886757273453895e-08,1.6370501307885668e-08,1.1233241892227852e-08
0.009769400639925152,0.0001999319427319346,-0.00016973012987888314,1.001043743505731e-06,1.0074323308520252e-06,1.0010852520281333e-06,1.0074470521472729e-06,1.0971028530093463e-07,1.2304635507875696e-07,1.0961083063421029e-07,1.2292731075984098e-07,3.750376120770227e-10,8.641156830959162e-11,1.5176343737266507e-08,6.309136352244948e-09,1.553320316816098e-08,6.390975966522929e-09
0.009769401367520913,0.00019967396128972193,-0.00017001769334257233,1.0010437415798118e-06,1.007432333767706e-06,1.0010852500862774e-06,1.0074470537801972e-06,1.0971029014454117e-07,1.2304636243243294e-07,1.0961083547781683e-07,1.229273181024837e-07,3.7505710606979535e-10,8.630569175993585e-11,1.5175758260809682e-08,6.307358635382343e-09,1.5532651839681904e-08,6.389095474901296e-09
0.009771274926606566,-0.0004646282524078671,0.0001700569471392727,1.0010387823380524e-06,1.0074323394518863e-06,1.0010802498072735e-06,1.007439442673609e-06,1.0972276243137458e-07,1.2299522885999957e-07,1.0962330776465024e-07,1.2287617033022458e-07,4.2525413745941876e-10,2.579702068796029e-10,1.3668156384483154e-08,9.235285044446e-09,1.4112981006064729e-08,9.506676975062116e-09
0.009771276381798089,-0.0004643710925874623,0.00017032108278236535,1.0010387736355027e-06,1.0074323394563013e-06,1.00108023718521e-06,1.0074394367620698e-06,1.0972275345580757e-07,1.229951891446035e-07,1.0962329877253331e-07,1.2287613060379954e-07,4.255056003670238e-10,2.5810353854183177e-10,1.367080567589742e-08,9.237559162045272e-09,1.4115854910078047e-08,9.509098397586513e-09
0.00977314921328798,-0.00013340640372649926,0.0012333215588778792,1.0010275734541422e-06,1.0074586427863926e-06,1.0010639925894793e-06,1.0074722667492458e-06,1.0971120190106376e-07,1.2299064520174178e-07,1.0961172591805735e-07,1.2287157246111637e-07,7.491383624547154e-10,3.391165151484552e-10,1.7080443726058547e-08,8.78634386089776e-09,1.7814569375218525e-08,9.114846567646064e-09
0.009773150668479502,-0.00013184929419319413,0.0012341475110737576,1.0010275987562016e-06,1.0074586632241005e-06,1.0010640165096137e-06,1.0074722922581714e-06,1.097111969305746e-07,1.2299064167109464e-07,1.0961172092550164e-07,1.2287156891943596e-07,7.487936589360536e-10,3.391794622942257e-10,1.707665667188243e-08,8.785993266258174e-09,1.781045343436606e-08,9.114540233667867e-09
0.009775023499969393,0.001872150675170492,0.0012753864557737222,1.0010601625064458e-06,1.0075056631665868e-06,1.0010948017225019e-06,1.0075189812710756e-06,1.0970479991101456e-07,1.2304157643061034e-07,1.0960529550629872e-07,1.2292250367895167e-07,3.0516023041826656e-10,8.449275452645596e-11,1.2202717947218389e-08,7.875137732403305e-09,1.2513237557243428e-08,7.962254010707642e-09
0.009775024955160916,0.0018719223994101634,0.0012754184984657968,1.0010602127146594e-06,1.0075056996855786e-06,1.0010948617435032e-06,1.007519017548475e-06,1.0970482531512401e-07,1.2304161600695807e-07,1.0960532089385827e-07,1.229225432552994e-07,3.056326410037271e-10,8.429486275662867e-11,1.220700082010151e-08,7.874429996945764e-09,1.2517996917161333e-08,7.961358683417075e-09
0.009776897786650807,0.0015781314958673853,0.00034385843992236953,1.0011248306856487e-06,1.0075360124580062e-06,1.0011721087721526e-06,1.007550825148507e-06,1.0973752040399631e-07,1.23051328684825e-07,1.096379946829984e-07,1.2293222753352346e-07,9.136250644914412e-10,5.75143182917543e-10,1.7719058220677653e-08,8.31750968789533e-09,1.8643293131503924e-08,8.894539886535556e-09
0.00977689924184233,0.001576074394393919,0.0003431346170330585,1.0011248380443739e-06,1.007536036011054e-06,1.001172116624794e-06,1.007550849863037e-06,1.097375447780661e-07,1.2305133623158326e-07,1.096380190350102e-07,1.2293223505821516e-07,9.134693265672675e-10,5.755245724436975e-10,1.771576926117925e-08,8.317853961159472e-09,1.863982066545189e-08,8.89526496905546e-09
0.009778772800927982,-0.0010724437526938857,0.00011666947308060726,1.0011343124030312e-06,1.0075446490646097e-06,1.0011822269007098e-06,1.0075602822075214e-06,1.0976892639291691e-07,1.2305395001378982e-07,1.0966937225020956e-07,1.2293483463508361e-07,7.129567491936939e-10,7.666252246868515e-11,1.3481233906986745e-08,8.658650675679556e-09,1.4169020623455708e-08,8.732937907325212e-09
0.009778773528523743,-0.0010724229144777973,0.00011658152545188788,1.0011342971874885e-06,1.0075446524094848e-06,1.0011822056726938e-06,1.007560285870568e-06,1.0976891731805045e-07,1.2305395102885086e-07,1.0966936316430983e-07,1.2293483564462804e-07,7.128694193565778e-10,7.646878963374348e-11,1.3481663158858887e-08,8.658783023918204e-09,1.416938502795952e-08,8.732874867689588e-09
0.009780647087609395,-0.0010187645080500518,0.00014016525976479164,1.0010951171651193e-06,1.0075494628838007e-06,1.0011275435317657e-06,1.007558694872703e-06,1.097455495369104e-07,1.2303895019183938e-07,1.0964596697249362e-07,1.2291979219160232e-07,4.879950887826112e-10,5.611752202129776e-10,1.458698672962555e-08,7.67082573202795e-09,1.5107726625274154e-08,8.231698110589715e-09
0.009780647815205157,-0.001017779795280791,0.00014017441849656365,1.001095120796485e-06,1.007549464751946e-06,1.0011275478126753e-06,1.0075586942548398e-06,1.0974554340516932e-07,1.230389443662716e-07,1.0964596083523591e-07,1.2291978634948464e-07,4.883078527019295e-10,5.613634557199987e-10,1.458789010051641e-08,7.670442059293237e-09,1.5108918475895112e-08,8.231503478839386e-09
0.009782521374290809,0.0015178555855657194,0.0009725388340416446,1.0011044715627133e-06,1.0075703181484345e-06,1.0011385711550247e-06,1.0075823319374034e-06,1.0972975417189446e-07,1.2300732328370764e-07,1.0963015739662296e-07,1.2288816526692067e-07,1.2936749449465879e-09,3.6382937913924325e-10,1.691407014448032e-08,8.258183483145979e-09,1.8177933824858883e-08,8.624930083108737e-09
0.00978252210188657,0.0015179837698488339,0.0009728620823583611,1.00110449605296e-06,1.0075703262468409e-06,1.0011385992678026e-06,1.0075823411170859e-06,1.0972976365775031e-07,1.2300731100367557e-07,1.0963016687696218e-07,1.228881529868886e-07,1.2933495907813946e-09,3.6375266687649344e-10,1.6911956591531377e-08,8.258411732242621e-09,1.817551239465278e-08,8.625082870139522e-09
0.009784395660972223,0.0018480582988686933,0.0017582494439391458,1.001167558438357e-06,1.0076215066638714e-06,1.0012109896706534e-06,1.0076361868562326e-06,1.0975418973657725e-07,1.2305114586568663e-07,1.0965457875045104e-07,1.229320020487254e-07,4.55562615409022e-10,3.0520961428653704e-10,1.1469557748000625e-08,8.758520719363084e-09,1.1940329613935319e-08,9.061959145820355e-09
0.009784397116163746,0.001847093417123696,0.0017588594535403734,1.0011675941392823e-06,1.0076215464156517e-06,1.0012110239179306e-06,1.007636228678166e-06,1.0975420151459542e-07,1.230511799121814e-07,1.0965459052295258e-07,1.2293203610624914e-07,4.56127686410572e-10,3.0516414395442837e-10,1.1474570240836882e-08,8.758909153527838e-09,1.1945899089802702e-08,9.062298467199525e-09
0.009786269947653636,0.0006052906113120926,0.0001747915310260314,1.0012135412302292e-06,1.0076577373889732e-06,1.0012551001636893e-06,1.007676783368207e-06,1.0976935982398572e-07,1.2311107475902757e-07,1.0966974173243216e-07,1.22991888353631e-07,1.1833740654054736e-09,1.034656868139935e-09,1.7925648521099902e-08,7.477270544622288e-09,1.9113814531124262e-08,8.512876313464024e-09
0.00978627140284516,0.0006049535952107443,0.00017356070901941578,1.0012135525298567e-06,1.0076577655093875e-06,1.0012551114617602e-06,1.0076768148792326e-06,1.0976936796654068e-07,1.2311112129737012e-07,1.0966974987498712e-07,1.2299193485887372e-07,1.1834071009190668e-09,1.0352236845534435e-09,1.7922087242843484e-08,7.476274710427333e-09,1.911027028410279e-08,8.51244941202367e-09
0.00978814423433505,0.0001712138727754109,-0.0010047475582118397,1.0012280951503551e-06,1.0076421816336938e-06,1.0012696520789177e-06,1.0076594342977864e-06,1.0977984743476554e-07,1.2309445070699613e-07,1.0968022934321198e-07,1.2297523586885686e-07,1.2259238069134426e-09,4.850716121206427e-11,1.3338722126832181e-08,9.246736847571937e-09,1.4548824367466295e-08,9.296517402681338e-09
0.009788145689526573,0.00017055569870398675,-0.0010056631046510248,1.0012280877924768e-06,1.0076421695250104e-06,1.0012696449321316e-06,1.0076594207930611e-06,1.0977985975414833e-07,1.2309443775393447e-07,1.0968024165156578e-07,1.2297522289372864e-07,1.225326279237848e-09,4.7740481706748383e-11,1.334015199138042e-08,9.24811249802815e-09,1.4549682369188395e-08,9.2971266241193e-09
0.009790019248612225,-0.0006768434182545802,0.0002447483083710283,1.0012186145241878e-06,1.0076279224346509e-06,1.0012604434450623e-06,1.0076332829709957e-06,1.0979572095948242e-07,1.2302473215998055e-07,1.0969608865707414e-07,1.2290551729977472e-07,4.5600939690970677e-10,1.1339589790810204e-09,1.518110259723926e-08,7.081231115282761e-09,1.5654359586392275e-08,8.209027025773492e-09
0.009790019976207986,-0.0006767456702495809,0.0002452339050362795,1.0012186065068975e-06,1.0076279169018003e-06,1.0012604323235237e-06,1.0076332728203852e-06,1.097957144857099e-07,1.2302470508984698e-07,1.0969608217778499e-07,1.2290549022964115e-07,4.564311261373336e-10,1.1343808115071852e-09,1.5181165278638322e-08,7.080389607949655e-09,1.565483177320918e-08,8.208604462822677e-09
0.009791893535293639,-0.00042504455737635283,0.0018296167891511748,1.0011979619846165e-06,1.0076668019833977e-06,1.0012317943619564e-06,1.0076795254011705e-06,1.0977904452147413e-07,1.2301971901618123e-07,1.0967939800821114e-07,1.2290048995063733e-07,1.542383887276344e-09,5.264826233058845e-10,1.5342569881227064e-08,7.863070886261266e-09,1.687071282674424e-08,8.396271184185071e-09
0.0097918942628894,-0.0004240690008428059,0.001830232083475103,1.0011979740841302e-06,1.0076668170844002e-06,1.0012318060572251e-06,1.0076795433633379e-06,1.0977903849179082e-07,1.2301971707984194e-07,1.0967939197025287e-07,1.229004880087814e-07,1.5419645391883436e-09,5.262465463395927e-10,1.534225901671143e-08,7.863374840155757e-09,1.6869992739538364e-08,8.396344064465211e-09
0.009793767821975052,0.0020879890730405304,0.001670730916493969,1.0012291303321928e-06,1.007732407373724e-06,1.0012619213739526e-06,1.0077527008654697e-06,1.0976351205727042e-07,1.231114337541955e-07,1.0966384422772535e-07,1.2299219048330924e-07,4.6214321258730706e-10,5.268457678915463e-10,1.4541782888954913e-08,8.799327065635609e-09,1.501576818441208e-08,9.3235988966889e-09
0.009793769277166575,0.0020879612675080827,0.0016706070320924304,1.0012291905795173e-06,1.007732458317638e-06,1.001261991810363e-06,1.0077527576868306e-06,1.097635443792416e-07,1.2311150499044743e-07,1.0966387654969653e-07,1.2299226170853217e-07,4.625994781337007e-10,5.268462333063439e-10,1.4542591386461262e-08,8.800054018820447e-09,1.5017014137373315e-08,9.32431909461684e-09
0.009795642108656466,0.002052175547247709,-6.137884615720719e-05,1.0013067288862596e-06,1.007762571246137e-06,1.0013526434704545e-06,1.0077791125554287e-06,1.098051427561586e-07,1.231382006547601e-07,1.0970547492661353e-07,1.2301892897320195e-07,1.0498132363423451e-09,1.5805430959884616e-09,1.5583127677132325e-08,6.162995860025256e-09,1.662055559847886e-08,7.738662308618637e-09
0.009795643563847989,0.0020499054483601007,-6.272460053036166e-05,1.0013067460477506e-06,1.0077625946439057e-06,1.0013526619991592e-06,1.007779133033182e-06,1.0980516798497518e-07,1.23138221397312e-07,1.0970550013888663e-07,1.2301894969368732e-07,1.049892471197559e-09,1.581361819269489e-09,1.558144939490478e-08,6.160946863786876e-09,1.6618974957285968e-08,7.73743025206386e-09
0.009797517122933641,-0.0008728468694352287,-0.0006855392475040973,1.0013288414673434e-06,1.0077485709470234e-06,1.001376517706376e-06,1.00776583683674e-06,1.0983765008631963e-07,1.230986169147476e-07,1.0973796094049248e-07,1.229793025951087e-07,1.1519073472854302e-09,4.5621353111428614e-11,1.3420661026941616e-08,8.694460475766815e-09,1.4583899421438673e-08,8.751085000539122e-09
0.009797517850529402,-0.0008729836627935293,-0.0006857811172699124,1.00132882620185e-06,1.0077485655009274e-06,1.0013764970079573e-06,1.0077658316731686e-06,1.0983764161828314e-07,1.2309860153436603e-07,1.0973795246969769e-07,1.229792871981772e-07,1.151574096163339e-09,4.502494904690124e-11,1.3422177372651758e-08,8.695444364548166e-09,1.4585075503789573e-08,8.751478652868627e-09
0.009799391409615055,-0.0012252265604175694,0.00011712278632111303,1.0012895175564814e-06,1.0077379171929964e-06,1.0013231985794846e-06,1.0077478761258366e-06,1.0981583642433179e-07,1.2306676737173087e-07,1.0971614017307729e-07,1.2294745303554203e-07,2.934524567788088e-10,1.754812213788042e-09,1.73267675762645e-08,7.683556404996486e-09,1.7613487557355256e-08,9.42742901135689e-09
0.009799392137210816,-0.0012243919449847081,0.00011743459366231335,1.0012895153701742e-06,1.0077379130577311e-06,1.0013231962404309e-06,1.0077478691528086e-06,1.0981583187586529e-07,1.2306675500894926e-07,1.0971613561633584e-07,1.2294744067276042e-07,2.938355011018633e-10,1.7554762088423104e-09,1.7324583160745086e-08,7.683163438798601e-09,1.7611685902601645e-08,9.427691516350478e-09
0.009801265696296468,0.00092474279463306,0.0014264708069314533,1.0012838856292796e-06,1.0077668580866218e-06,1.0013171731770854e-06,1.007776382402863e-06,1.0980411957461911e-07,1.230345924036836e-07,1.0970440200708254e-07,1.2291527806749478e-07,1.280174632967146e-09,6.477899043504618e-10,1.1699713198254358e-08,6.766743517347145e-09,1.2972424912049973e-08,7.420960163882644e-09
0.009801267151487991,0.0009252833450305255,0.0014274875340873905,1.001283922674301e-06,1.0077668805681976e-06,1.001317216604045e-06,1.0077764045490767e-06,1.0980413208634988e-07,1.2303456742301933e-07,1.0970441451881331e-07,1.229152530868305e-07,1.2794824315812189e-09,6.469295654731866e-10,1.1703561635351307e-08,6.766031734883882e-09,1.2975603077855037e-08,7.419401537589465e-09
0.009803139982977882,0.0016209717065686635,0.002242059592053763,1.0013315996171224e-06,1.0078356168558958e-06,1.0013731071012444e-06,1.0078553555562993e-06,1.0982023468386615e-07,1.2310308156148135e-07,1.0972051711632957e-07,1.2298375302547106e-07,3.886192478930184e-10,9.069006175346214e-10,1.6656500179124123e-08,9.242863545961505e-09,1.7065902468971217e-08,1.015073053596644e-08
0.009803141438169405,0.00162039119531078,0.002242692515175726,1.0013316359089391e-06,1.0078356702640449e-06,1.0013731435410302e-06,1.0078554169012932e-06,1.0982024882303243e-07,1.2310313479702018e-07,1.0972053124998135e-07,1.2298380624997662e-07,3.888777608470876e-10,9.071026152440709e-10,1.6654395449936224e-08,9.244788046203212e-09,1.7064016392973556e-08,1.0152852780720423e-08
